// General information: 
//  MT Manager version: 2022.2.0 
//  XDA version: 2022.2.0 build 7381 rev 124627 built on 2023-07-19
// Device information: 
//  DeviceId: 00B4C223
//  ProductCode: MTW2-3A7G6
//  Firmware Version: 4.6.0
//  Hardware Version: 2.0.0
// Device settings: 
//  Filter Profile: human(46.1)
//  Option Flags: Orientation Smoother Disabled, Position/Velocity Smoother Disabled, Continuous Zero Rotation Update Disabled, AHS Disabled, ICC Disabled
// Coordinate system: ENU
PacketCounter	SampleTimeFine	Acc_X	Acc_Y	Acc_Z	Gyr_X	Gyr_Y	Gyr_Z	Mag_X	Mag_Y	Mag_Z	Roll	Pitch	Yaw
36211		9.479513	-0.036174	2.283176	-0.003166	0.005063	0.002231	-1.270996	0.155273	0.639648	6.010033	-77.610757	149.380037
36212		9.479440	-0.036458	2.283473	-0.001999	0.001231	0.002515	-1.269043	0.147217	0.635498	6.012684	-77.610163	149.378342
36213		9.497041	-0.015393	2.263215	-0.002888	0.004123	0.004093	-1.273682	0.149170	0.645752	5.990879	-77.604174	149.398848
36214		9.498616	-0.049917	2.258211	-0.003110	-0.000430	0.003452	-1.270752	0.152344	0.646240	5.990917	-77.604583	149.399177
36215		9.434702	0.003299	2.230241	-0.002860	0.001376	0.004703	-1.274170	0.142822	0.641602	5.968325	-77.600220	149.420531
36216		9.512115	-0.044181	2.218984	-0.004277	0.003402	0.003168	-1.276611	0.155762	0.651611	5.967391	-77.598427	149.421170
36217		9.502625	-0.036521	2.277545	-0.000304	-0.001736	0.005911	-1.285400	0.149902	0.643555	5.943993	-77.595903	149.444799
36218		9.496912	-0.017752	2.263740	-0.005388	0.001742	0.004104	-1.275391	0.144043	0.647705	5.940447	-77.595113	149.447460
36219		9.459569	-0.030480	2.218878	-0.000889	0.002892	0.001578	-1.278076	0.152100	0.644531	5.926690	-77.589692	149.460834
36220		9.492700	-0.033134	2.245217	-0.003138	0.002317	0.002841	-1.273682	0.149902	0.645020	5.927552	-77.588499	149.460301
36221		9.492641	-0.033389	2.245463	-0.000889	0.002892	0.001578	-1.270752	0.144043	0.642090	5.913762	-77.583101	149.473710
36222		9.459416	-0.031297	2.219520	-0.001722	0.000290	0.004376	-1.271484	0.146240	0.643555	5.912006	-77.583153	149.476689
36223		9.459382	-0.031692	2.219659	-0.005666	0.002683	0.002242	-1.281982	0.141602	0.635498	5.893859	-77.577925	149.491578
36224		9.445794	-0.038681	2.259206	-0.001972	-0.001516	0.003124	-1.280029	0.152588	0.646729	5.895682	-77.578932	149.490746
36225		9.482739	-0.030249	2.213051	-0.003139	0.002317	0.002840	-1.281250	0.147461	0.639893	5.877478	-77.573935	149.507426
36226		9.474827	-0.056412	2.266522	-0.003667	0.001452	-0.000273	-1.274414	0.145020	0.645508	5.886323	-77.573052	149.498408
36227		9.469097	-0.037353	2.252819	-0.004250	0.000656	0.003776	-1.273682	0.154785	0.644043	5.865507	-77.569085	149.517002
36228		9.488356	-0.050383	2.227216	-0.002000	0.001231	0.002514	-1.277344	0.147461	0.649170	5.868159	-77.568492	149.515305
36229		9.492436	-0.035857	2.246291	-0.003389	0.000511	0.001589	-1.271729	0.145996	0.640381	5.853482	-77.564505	149.528231
36230		9.473168	-0.023366	2.271928	-0.001111	-0.001661	0.000936	-1.279297	0.146484	0.640381	5.861487	-77.565468	149.521573
36231		9.463384	-0.018972	2.239045	-0.004778	-0.000209	0.000663	-1.279785	0.142822	0.639893	5.848635	-77.561821	149.531592
36232		9.463372	-0.019198	2.239093	-0.002000	0.001231	0.002514	-1.271729	0.152832	0.648682	5.851287	-77.561228	149.529895
36233		9.473136	-0.024048	2.272053	-0.003139	0.002317	0.002840	-1.277344	0.150635	0.648926	5.833061	-77.556292	149.546519
36234		9.439891	-0.021881	2.246203	-0.000889	0.002892	0.001578	-1.270752	0.145020	0.645264	5.838328	-77.554698	149.542796
36235		9.445585	-0.041426	2.260030	-0.003362	-0.002236	0.002198	-1.283936	0.141846	0.639893	5.822840	-77.552337	149.556465
36236		9.496459	-0.022811	2.265593	-0.002861	0.001376	0.004701	-1.279785	0.139160	0.639160	5.819311	-77.551788	149.560592
36237		9.449704	-0.027442	2.278944	-0.003362	-0.002235	0.002198	-1.277832	0.143799	0.648682	5.803847	-77.549391	149.574152
36238		9.478805	-0.044901	2.285960	-0.003389	0.000511	0.001588	-1.270752	0.150635	0.648682	5.808281	-77.549154	149.569814
36239		9.478801	-0.045101	2.285972	-0.004778	-0.000208	0.000663	-1.281250	0.153809	0.637207	5.795371	-77.545567	149.580067
36240		9.457628	-0.002027	2.225469	-0.002501	-0.002380	0.000010	-1.281250	0.145264	0.642822	5.805143	-77.546888	149.570784
36241		9.492465	-0.038723	2.246122	-0.000834	-0.002602	0.002797	-1.268066	0.147461	0.646484	5.789583	-77.544762	149.586154
36242		9.469132	-0.041123	2.252606	-0.005890	-0.001869	0.001598	-1.277100	0.138428	0.640869	5.793179	-77.545883	149.581207
36243		9.486834	-0.019940	2.232034	-0.000861	0.000145	0.002187	-1.276611	0.141602	0.643555	5.778518	-77.542194	149.595316
36244		9.463434	-0.022197	2.238807	-0.003667	0.001453	-0.000273	-1.275146	0.144287	0.638672	5.787346	-77.541315	149.586316
36245		9.470725	-0.075813	2.247384	-0.001973	-0.001516	0.003123	-1.272461	0.143311	0.641846	5.770042	-77.538621	149.602632
36246		9.473259	-0.027090	2.271505	-0.003917	-0.000353	-0.001525	-1.275391	0.149170	0.646729	5.782424	-77.538699	149.589844
36247		9.482729	-0.035275	2.213022	-0.003390	0.000512	0.001588	-1.278809	0.151855	0.640137	5.767693	-77.534787	149.602798
36248		9.486856	-0.020647	2.231934	-0.002501	-0.002380	0.000010	-1.270508	0.145508	0.643066	5.777455	-77.536108	149.593526
36249		9.506179	-0.033385	2.206025	0.001417	-0.002027	0.001535	-1.275391	0.153320	0.646240	5.766244	-77.533644	149.605786
36250		9.463582	-0.022990	2.238170	-0.008669	-0.003307	-0.000254	-1.275391	0.141846	0.639404	5.773391	-77.535479	149.595571
36251		9.459498	-0.037983	2.219068	-0.002000	0.001231	0.002513	-1.285889	0.144531	0.642334	5.756871	-77.531227	149.611216
36252		9.491106	-0.006617	2.250327	-0.003363	-0.002235	0.002196	-1.277100	0.153076	0.636963	5.760458	-77.532593	149.607761
36253		9.469364	-0.043110	2.251595	-0.003363	-0.002235	0.002196	-1.272705	0.148682	0.649902	5.744841	-77.530275	149.621912
36254		9.473504	-0.028572	2.270465	-0.002251	-0.000574	0.001261	-1.279053	0.143555	0.643799	5.751043	-77.530641	149.616431
36255		9.465267	-0.058243	2.232531	-0.002278	0.002172	0.000653	-1.271240	0.147461	0.640381	5.738968	-77.525788	149.627230
36256		9.473536	-0.028772	2.270331	-0.005253	-0.006565	-0.001234	-1.281738	0.141602	0.648926	5.751432	-77.529425	149.613573
36257		9.491298	-0.007527	2.249516	-0.003112	-0.000430	0.003448	-1.272461	0.145020	0.645020	5.732336	-77.526207	149.630992
36258		9.492918	-0.041960	2.244148	-0.000834	-0.002602	0.002795	-1.265625	0.141357	0.645996	5.735918	-77.527817	149.629025
36259		9.492930	-0.042130	2.244092	-0.003667	0.001453	-0.000273	-1.274658	0.156494	0.646240	5.725633	-77.523352	149.636831
36260		9.467941	-0.010294	2.256110	-0.003390	0.000512	0.001587	-1.284668	0.138428	0.639160	5.730057	-77.523117	149.632502
36261		9.492896	-0.042498	2.244231	-0.003390	0.000512	0.001587	-1.277100	0.152832	0.639404	5.715285	-77.519255	149.645701
36262		9.463787	-0.025451	2.237278	-0.002278	0.002173	0.000653	-1.279541	0.144531	0.646240	5.722324	-77.518021	149.639347
36263		9.463781	-0.025564	2.237302	-0.001112	-0.001661	0.000935	-1.271729	0.140869	0.641846	5.711115	-77.515388	149.650105
36264		9.491285	-0.008974	2.249562	-0.004251	0.000656	0.003774	-1.279541	0.142578	0.647949	5.709374	-77.515196	149.651584
36265		9.469478	-0.045519	2.251069	-0.000862	0.000145	0.002187	-1.282227	0.144531	0.641602	5.694705	-77.511624	149.665685
36266		9.487115	-0.024185	2.230796	-0.003694	0.004201	-0.000881	-1.278564	0.133789	0.638916	5.704356	-77.509146	149.655823
36267		9.467869	-0.011796	2.256405	-0.000531	-0.006291	0.005263	-1.281494	0.147705	0.648682	5.683590	-77.509407	149.676469
36268		9.469502	-0.046284	2.250950	-0.004529	0.001598	0.001913	-1.281006	0.140137	0.639160	5.686239	-77.508572	149.673290
36269		9.491302	-0.010392	2.249487	-0.001974	-0.001516	0.003121	-1.277344	0.148193	0.635254	5.668894	-77.506015	149.689845
36270		9.483084	-0.040187	2.211418	-0.003390	0.000512	0.001587	-1.277100	0.140625	0.640137	5.673312	-77.505781	149.685522
36271		9.450229	-0.034350	2.276671	-0.005057	0.000735	-0.001199	-1.277344	0.144287	0.643066	5.664750	-77.501709	149.691090
36272		9.491277	-0.010931	2.249590	-0.002001	0.001231	0.002513	-1.272705	0.150146	0.640381	5.667397	-77.501117	149.689396
36273		9.469457	-0.047388	2.251117	-0.000862	0.000144	0.002187	-1.280762	0.151611	0.640137	5.652680	-77.497601	149.703851
36274		9.487112	-0.026138	2.230787	-0.000888	0.002891	0.001579	-1.283691	0.150635	0.650146	5.657944	-77.496010	149.700130
36275		9.465299	-0.062566	2.232278	-0.003364	-0.002235	0.002194	-1.274902	0.141357	0.647705	5.642335	-77.493845	149.714510
36276		9.467860	-0.013978	2.256430	-0.000862	0.000144	0.002186	-1.280762	0.152588	0.636963	5.646750	-77.493855	149.711674
36277		9.469434	-0.048379	2.251192	-0.005642	-0.000062	0.002847	-1.278809	0.147949	0.648438	5.627678	-77.490504	149.727694
36278		9.496938	-0.031802	2.263475	-0.002252	-0.000574	0.001260	-1.278076	0.136963	0.642578	5.633858	-77.490872	149.722234
36279		9.459664	-0.044300	2.218241	-0.003364	-0.002235	0.002194	-1.277588	0.148926	0.635498	5.618372	-77.488734	149.735750
36280		9.469467	-0.049088	2.251039	-0.004807	0.002541	0.000053	-1.279053	0.144531	0.643555	5.625401	-77.487258	149.727921
36281		9.487129	-0.027807	2.230696	-0.000862	0.000144	0.002186	-1.270020	0.148682	0.643555	5.610686	-77.483763	149.742347
36282		9.487056	-0.027976	2.231004	-0.005972	0.006375	-0.000229	-1.278076	0.139160	0.645264	5.616799	-77.480086	149.734772
36283		9.487007	-0.028287	2.231206	-0.004226	-0.002090	0.004380	-1.281738	0.147949	0.638428	5.595171	-77.478033	149.754005
36284		9.463621	-0.030820	2.237913	-0.003140	0.002317	0.002839	-1.280518	0.143799	0.646484	5.596054	-77.476841	149.753449
36285		9.465149	-0.065333	2.232836	-0.002863	0.001375	0.004698	-1.279053	0.145264	0.645020	5.573466	-77.472799	149.774977
36286		9.492615	-0.048763	2.245290	-0.003668	0.001455	-0.000274	-1.267578	0.148926	0.639648	5.582253	-77.471926	149.766015
36287		9.463483	-0.031781	2.238482	-0.002890	0.004122	0.004091	-1.278320	0.148193	0.638428	5.560545	-77.466340	149.786262
36288		9.514353	-0.013162	2.244165	-0.004755	-0.002953	0.001266	-1.273438	0.144043	0.636719	5.565856	-77.468067	149.780222
36289		9.463469	-0.032318	2.238533	-0.000888	0.002891	0.001579	-1.272217	0.141357	0.642090	5.552053	-77.463019	149.793548
36290		9.463441	-0.032600	2.238649	-0.003114	-0.000430	0.003445	-1.280029	0.154785	0.643555	5.552083	-77.463428	149.793882
36291		9.467536	-0.018000	2.257761	-0.003945	0.002398	-0.002134	-1.278076	0.141846	0.634277	5.546173	-77.458492	149.797656
36292		9.473199	-0.037375	2.271610	-0.002252	-0.000574	0.001259	-1.274414	0.149658	0.645264	5.552337	-77.458861	149.792211
36293		9.473197	-0.037688	2.271613	-0.004254	0.000657	0.003771	-1.276855	0.147217	0.643799	5.531586	-77.455236	149.810696
36294		9.494981	-0.001890	2.270319	-0.003141	0.002318	0.002838	-1.271240	0.144287	0.641602	5.532474	-77.454044	149.810134
36295		9.469003	-0.053135	2.252897	-0.002001	0.001231	0.002512	-1.279541	0.144287	0.648926	5.516146	-77.450060	149.825333
36296		9.444027	-0.021436	2.264967	-0.002002	0.001231	0.002512	-1.275391	0.145508	0.643311	5.518793	-77.449470	149.823639
36297		9.490771	-0.017480	2.251681	-0.005921	0.000882	0.000984	-1.279053	0.149658	0.642578	5.504237	-77.445596	149.835010
36298		9.490766	-0.017792	2.251701	-0.003115	-0.000430	0.003445	-1.277832	0.152832	0.648438	5.504266	-77.446005	149.835343
36299		9.496425	-0.037398	2.265543	-0.002278	0.002174	0.000652	-1.275391	0.152100	0.647217	5.492210	-77.441388	149.847169
36300		9.463194	-0.035000	2.239656	-0.002278	0.002174	0.000652	-1.281250	0.143555	0.640381	5.499226	-77.440159	149.840836
36301		9.463176	-0.035142	2.239731	-0.002252	-0.000574	0.001259	-1.277344	0.140381	0.642578	5.486393	-77.437139	149.852874
36302		9.509966	-0.031073	2.226258	-0.003642	-0.001292	0.000332	-1.283691	0.148682	0.638916	5.494298	-77.437868	149.844829
36303		9.463205	-0.035452	2.239603	-0.003392	0.000513	0.001585	-1.273193	0.148193	0.640381	5.479763	-77.434221	149.857541
36304		9.467272	-0.020945	2.258842	-0.002028	0.003978	0.001905	-1.280273	0.151367	0.648926	5.483271	-77.432031	149.854948
36305		9.486492	-0.033800	2.233319	-0.000863	0.000144	0.002185	-1.269775	0.154297	0.646729	5.468694	-77.428708	149.869741
36306		9.513973	-0.017332	2.245745	-0.005394	0.001744	0.004096	-1.271484	0.147461	0.643311	5.465218	-77.427912	149.872328
36307		9.467115	-0.021851	2.259491	-0.003444	0.006008	0.000371	-1.280518	0.146729	0.641113	5.452433	-77.421211	149.883253
36308		9.462901	-0.036920	2.240862	-0.004004	0.002462	0.005022	-1.272949	0.147461	0.639160	5.447212	-77.420056	149.888443
36309		9.476765	-0.027128	2.292861	-0.003669	0.001456	-0.000275	-1.277100	0.147461	0.647949	5.437090	-77.415830	149.896382
36310		9.462816	-0.037315	2.241217	-0.002279	0.002174	0.000652	-1.275146	0.153320	0.641846	5.444097	-77.414602	149.890057
36311		9.466843	-0.022813	2.260624	-0.001777	0.005783	0.003157	-1.274658	0.148926	0.642822	5.425217	-77.408144	149.908737
36312		9.486039	-0.035834	2.235211	-0.004255	0.000657	0.003769	-1.273926	0.149414	0.645996	5.423498	-77.407950	149.910193
36313		9.480358	-0.016815	2.221495	-0.000863	0.000144	0.002185	-1.273682	0.142090	0.644043	5.409064	-77.404677	149.924390
36314		9.462593	-0.038388	2.242138	-0.003694	0.004204	-0.000882	-1.276367	0.147217	0.647461	5.418681	-77.402208	149.914559
36315		9.490073	-0.021815	2.254585	-0.004230	-0.002090	0.004375	-1.268555	0.150146	0.641357	5.397390	-77.400330	149.933236
36316		9.468255	-0.058369	2.255912	-0.003392	0.000514	0.001583	-1.270264	0.148926	0.641357	5.401777	-77.400100	149.928941
36317		9.466670	-0.024568	2.261327	-0.003142	0.002318	0.002836	-1.272949	0.150635	0.653564	5.383893	-77.395673	149.944770
36318		9.485920	-0.037446	2.235691	-0.002253	-0.000573	0.001258	-1.273926	0.143066	0.638428	5.390024	-77.396046	149.939357
36319		9.490005	-0.023005	2.254859	-0.004281	0.003405	0.003162	-1.270020	0.147217	0.647461	5.370467	-77.391002	149.956525
36320		9.466574	-0.025304	2.261720	-0.002529	0.000370	-0.000602	-1.279541	0.139160	0.641846	5.380952	-77.390737	149.946488
36321		9.456779	-0.020550	2.228980	-0.004196	0.000596	-0.003389	-1.274658	0.147461	0.647461	5.378890	-77.386924	149.945352
36322		9.489943	-0.023090	2.255117	-0.000863	0.000144	0.002185	-1.272949	0.144531	0.647461	5.383277	-77.386938	149.942542
36323		9.458303	-0.055000	2.223797	-0.002866	0.001375	0.004695	-1.277100	0.144531	0.645020	5.361150	-77.383156	149.963301
36324		9.484225	-0.004491	2.241582	-0.004532	0.001601	0.001908	-1.272461	0.147217	0.643311	5.363790	-77.382324	149.960127
36325		9.480084	-0.019465	2.222644	-0.003393	0.000514	0.001583	-1.272949	0.146973	0.638428	5.349495	-77.378852	149.972563
36326		9.489857	-0.024224	2.255469	-0.002530	0.000370	-0.000602	-1.281738	0.144531	0.643066	5.359970	-77.378588	149.962535
36327		9.489859	-0.024309	2.255459	-0.002254	-0.000573	0.001257	-1.281250	0.142334	0.649414	5.347402	-77.375695	149.974055
36328		9.460795	-0.007495	2.248440	-0.003730	0.001518	0.006879	-1.278076	0.143066	0.643799	5.337859	-77.375175	149.983837
36329		9.485678	-0.039932	2.236672	-0.000889	0.002891	0.001579	-1.265381	0.150879	0.652100	5.324536	-77.370340	149.996905
36330		9.466334	-0.027484	2.262700	-0.005948	0.003632	0.000374	-1.274902	0.146240	0.640381	5.329787	-77.368268	149.990224
36331		9.466250	-0.027795	2.263049	-0.000363	0.003752	0.004691	-1.284180	0.138184	0.648438	5.308625	-77.363217	150.011474
36332		9.485460	-0.040780	2.237582	-0.004533	0.001601	0.001907	-1.275879	0.144043	0.643311	5.311263	-77.362385	150.008300
36333		9.460493	-0.008964	2.249703	-0.003669	0.001458	-0.000277	-1.279785	0.138428	0.639893	5.301464	-77.358285	150.015944
36334		9.485385	-0.041033	2.237897	-0.002279	0.002175	0.000651	-1.276611	0.147705	0.642578	5.308454	-77.357060	150.009635
36335		9.479713	-0.022116	2.224199	-0.003706	-0.001230	0.007484	-1.283203	0.147949	0.646484	5.279503	-77.354929	150.036887
36336		9.461960	-0.043950	2.244705	-0.002555	0.003118	-0.001208	-1.276855	0.146973	0.646240	5.290840	-77.353068	150.025960
36337		9.479676	-0.022737	2.224352	-0.000313	-0.001744	0.005902	-1.271973	0.136719	0.637939	5.267948	-77.351180	150.049897
36338		9.464542	0.004334	2.269035	-0.006449	0.000025	-0.002133	-1.278809	0.146484	0.644775	5.280129	-77.351036	150.035819
36339		9.489427	-0.027850	2.257232	-0.000363	0.003752	0.004690	-1.276367	0.148682	0.651367	5.259141	-77.345969	150.056310
36340		9.457744	-0.059732	2.226054	-0.002004	0.001231	0.002509	-1.281982	0.148682	0.641357	5.261783	-77.345381	150.054617
36341		9.489298	-0.028502	2.257767	-0.003168	0.005066	0.002229	-1.283447	0.139648	0.637207	5.245051	-77.339451	150.070625
36342		9.489223	-0.028785	2.258082	-0.004533	0.001602	0.001906	-1.276855	0.150879	0.643799	5.247689	-77.338620	150.067452
36343		9.489180	-0.028983	2.258260	-0.002279	0.002175	0.000650	-1.278809	0.143555	0.644043	5.236208	-77.334239	150.077930
36344		9.455908	-0.026692	2.232610	-0.001528	0.007587	0.004409	-1.273682	0.139648	0.646729	5.232821	-77.330124	150.082697
36345		9.479249	-0.025051	2.226146	-0.003094	-0.003177	0.004045	-1.273682	0.142334	0.640137	5.213633	-77.329029	150.099927
36346		9.461480	-0.046801	2.246671	-0.000914	0.005640	0.000972	-1.279785	0.140625	0.653076	5.219777	-77.325846	150.095284
36347		9.479172	-0.025446	2.226468	-0.003645	-0.001289	0.000328	-1.288086	0.146973	0.642334	5.209286	-77.323492	150.103431
36348		9.493026	-0.015581	2.278429	-0.002029	0.003979	0.001903	-1.277832	0.137939	0.644775	5.212814	-77.321305	150.100816
36349		9.459835	-0.013284	2.252448	-0.004509	-0.001146	0.002511	-1.274170	0.146484	0.641357	5.196210	-77.318946	150.115398
36350		9.474991	-0.040911	2.207681	-0.002004	0.001231	0.002509	-1.273682	0.146729	0.638672	5.198852	-77.318359	150.113705
36351		9.484722	-0.045754	2.240610	-0.006199	0.001830	-0.000882	-1.273926	0.148682	0.646484	5.189221	-77.314202	150.119678
36352		9.479060	-0.026714	2.226930	-0.001454	-0.000657	0.006226	-1.276367	0.135010	0.641357	5.183190	-77.314885	150.127199
36353		9.479055	-0.027280	2.226946	-0.000339	0.001003	0.005295	-1.276123	0.146240	0.641602	5.161545	-77.311526	150.148623
36354		9.469517	-0.019630	2.285568	-0.003670	0.001459	-0.000278	-1.273682	0.146729	0.643311	5.170244	-77.310665	150.139743
36355		9.483101	-0.013173	2.246299	-0.004009	0.002462	0.005017	-1.276611	0.147217	0.641113	5.146835	-77.306473	150.161416
36356		9.507988	-0.045674	2.234441	-0.001729	0.000287	0.004367	-1.270264	0.143555	0.646973	5.145143	-77.306521	150.164328
36357		9.451408	-0.045563	2.215113	-0.003144	0.002319	0.002833	-1.273926	0.145264	0.628662	5.127865	-77.302322	150.179979
36358		9.502257	-0.027028	2.221068	-0.005674	0.002691	0.002229	-1.277344	0.150879	0.649414	5.128779	-77.300888	150.177901
36359		9.459531	-0.016956	2.253699	-0.004009	0.002463	0.005016	-1.272705	0.147949	0.640625	5.105408	-77.296706	150.199733
36360		9.488533	-0.034536	2.260897	-0.002530	0.000372	-0.000604	-1.278809	0.150879	0.640381	5.115822	-77.296451	150.189764
36361		9.455329	-0.031934	2.234993	-0.003694	0.004208	-0.000884	-1.275146	0.143066	0.651367	5.107201	-77.290990	150.196875
36362		9.455317	-0.032159	2.235040	-0.003096	-0.003177	0.004043	-1.271484	0.146240	0.641846	5.106331	-77.292997	150.198141
36363		9.465065	-0.037188	2.267863	-0.002029	0.003979	0.001903	-1.279541	0.146729	0.644287	5.091808	-77.287851	150.211538
36364		9.469137	-0.022721	2.287114	-0.000865	0.000143	0.002183	-1.284912	0.143555	0.638916	5.096170	-77.287869	150.208751
36365		9.459340	-0.018227	2.254490	-0.003419	0.003264	0.000974	-1.277344	0.148926	0.645020	5.083290	-77.283010	150.220521
36366		9.478581	-0.031003	2.228912	-0.004785	-0.000200	0.000651	-1.272949	0.147461	0.641602	5.089358	-77.283146	150.213682
36367		9.460858	-0.052588	2.249162	0.000024	-0.002748	0.000605	-1.281006	0.151367	0.646240	5.080795	-77.281783	150.222735
36368		9.486890	-0.002072	2.266727	-0.001456	-0.000658	0.006224	-1.268066	0.144043	0.651611	5.074778	-77.282463	150.230241
36369		9.464989	-0.038490	2.268158	-0.006475	0.002777	-0.002741	-1.280029	0.147217	0.633789	5.069781	-77.277810	150.231937
36370		9.482714	-0.017074	2.247906	-0.000865	0.000143	0.002183	-1.273438	0.147217	0.645264	5.074140	-77.277828	150.229152
36371		9.482694	-0.017328	2.247989	-0.004535	0.001603	0.001903	-1.275635	0.147705	0.642334	5.058747	-77.274038	150.242303
36372		9.478550	-0.032271	2.229028	-0.003395	0.000516	0.001579	-1.269287	0.145264	0.636719	5.063099	-77.273813	150.238039
36373		9.477045	0.001525	2.234318	-0.001981	-0.001517	0.003112	-1.279541	0.143799	0.639893	5.046899	-77.271913	150.252869
36374		9.464920	-0.039650	2.268429	-0.004535	0.001604	0.001903	-1.275635	0.149414	0.637939	5.049534	-77.271084	150.249696
36375		9.482665	-0.018289	2.248103	-0.003920	-0.000343	-0.001533	-1.266846	0.145752	0.646729	5.043680	-77.268248	150.253510
36376		9.511654	-0.035680	2.255334	-0.002029	0.003980	0.001903	-1.282715	0.140381	0.637939	5.047222	-77.266062	150.250879
36377		9.464864	-0.040047	2.268654	-0.003622	-0.004036	0.000930	-1.280029	0.148926	0.641113	5.036269	-77.265503	150.259299
36378		9.464872	-0.040443	2.268613	-0.002620	0.003178	0.005943	-1.275391	0.144043	0.639893	5.029447	-77.263978	150.266946
36379		9.482624	-0.019307	2.248268	-0.002506	-0.002376	0.000000	-1.284180	0.148926	0.640625	5.021041	-77.262410	150.274385
36380		9.500398	0.002000	2.227832	-0.002005	0.001231	0.002507	-1.278320	0.144043	0.646484	5.023682	-77.261823	150.272692
36381		9.455110	-0.036581	2.235848	-0.003121	-0.000429	0.003436	-1.279297	0.153076	0.641113	5.005845	-77.259313	150.290067
36382		9.511644	-0.037468	2.255345	-0.002005	0.001231	0.002507	-1.280273	0.145020	0.649170	5.008486	-77.258727	150.288373
36383		9.455090	-0.037257	2.235922	-0.003121	-0.000429	0.003436	-1.277588	0.147705	0.642334	4.990664	-77.256256	150.306063
36384		9.460690	-0.056821	2.249765	-0.002554	0.003121	-0.001209	-1.270996	0.152344	0.636963	5.001950	-77.254406	150.295183
36385		9.476931	-0.001523	2.234801	-0.000317	-0.001747	0.005898	-1.273926	0.152832	0.645996	4.979854	-77.252855	150.317814
36386		9.482574	-0.021088	2.248463	-0.004195	0.000603	-0.003391	-1.277832	0.142578	0.643311	4.996260	-77.252334	150.300721
36387		9.482563	-0.020974	2.248509	-0.002530	0.000373	-0.000604	-1.272705	0.135986	0.639160	4.988925	-77.249262	150.307071
36388		9.501846	-0.033628	2.222736	-0.003646	-0.001287	0.000324	-1.278320	0.145508	0.641113	4.996686	-77.250004	150.299166
36389		9.455055	-0.037988	2.236054	-0.002006	0.001231	0.002507	-1.277588	0.145752	0.642822	4.981739	-77.246583	150.311770
36390		9.464821	-0.042877	2.268782	-0.002507	-0.002376	-0.000000	-1.274170	0.145020	0.638672	4.991208	-77.247931	150.302781
36391		9.472864	-0.016903	2.215491	-0.003122	-0.000429	0.003436	-1.276123	0.137451	0.645264	4.973582	-77.245525	150.318722
36392		9.488217	-0.041192	2.262113	-0.002554	0.003122	-0.001209	-1.277832	0.139648	0.644775	4.984861	-77.243675	150.307850
36393		9.488217	-0.041390	2.262109	-0.003098	-0.003178	0.004039	-1.273926	0.142822	0.645020	4.966495	-77.242873	150.323575
36394		9.472853	-0.017521	2.215533	-0.003670	0.001461	-0.000280	-1.281982	0.147949	0.637451	4.975156	-77.242018	150.314731
36395		9.468933	-0.029220	2.287884	-0.002006	0.001231	0.002507	-1.269043	0.145752	0.640625	4.960182	-77.238628	150.329152
36396		9.455017	-0.039367	2.236192	-0.002280	0.002176	0.000649	-1.269287	0.144043	0.644043	4.967139	-77.237411	150.322872
36397		9.472765	-0.018140	2.215903	-0.003122	-0.000429	0.003435	-1.269287	0.149170	0.647217	4.949693	-77.235122	150.337603
36398		9.455005	-0.039789	2.236236	-0.003921	-0.000342	-0.001534	-1.275879	0.156494	0.639893	4.961759	-77.235235	150.325120
36399		9.463244	-0.010556	2.274421	-0.002006	0.001231	0.002507	-1.274658	0.144287	0.643555	4.946776	-77.231954	150.340568
36400		9.501809	-0.035769	2.222861	-0.003032	-0.003233	-0.003113	-1.275146	0.145508	0.643799	4.963957	-77.233639	150.323363
36401		9.478444	-0.037621	2.229395	-0.004195	0.000604	-0.003392	-1.280762	0.138428	0.639648	4.962877	-77.230387	150.321781
36402		9.455071	-0.039730	2.235960	-0.000842	-0.002606	0.002786	-1.285400	0.146973	0.646973	4.966318	-77.232006	150.319951
36403		9.482603	-0.023147	2.248318	-0.003671	0.001462	-0.000280	-1.268311	0.145752	0.636475	4.957483	-77.228337	150.327618
36404		9.488230	-0.042635	2.262032	-0.003647	-0.001287	0.000323	-1.273926	0.147949	0.640381	4.965229	-77.229081	150.319726
36405		9.459226	-0.025454	2.254897	-0.002256	-0.000572	0.001253	-1.276855	0.137695	0.648193	4.953842	-77.226788	150.329257
36406		9.482636	-0.023429	2.248175	-0.001391	-0.000715	-0.000929	-1.278076	0.151123	0.645508	4.965908	-77.227143	150.318260
36407		9.455103	-0.040179	2.235812	-0.006202	0.001835	-0.000885	-1.267578	0.142822	0.653320	4.957177	-77.223341	150.323993
36408		9.496253	-0.016947	2.208842	-0.001457	-0.000660	0.006222	-1.279297	0.145508	0.646973	4.951189	-77.224020	150.331470
36409		9.482586	-0.024021	2.248382	-0.006476	0.002781	-0.002743	-1.280762	0.149414	0.651611	4.946869	-77.219658	150.331948
36410		9.478418	-0.038885	2.229483	-0.000341	0.001000	0.005294	-1.279297	0.153320	0.645508	4.943496	-77.219342	150.337400
36411		9.496178	-0.017735	2.209159	-0.004788	-0.000198	0.000647	-1.279785	0.148682	0.644043	4.932075	-77.216799	150.348817
36412		9.459115	-0.026780	2.255349	-0.002280	0.002177	0.000649	-1.268311	0.153320	0.643555	4.939022	-77.215583	150.342548
36413		9.483981	-0.058941	2.243440	-0.003397	0.000516	0.001577	-1.274414	0.144775	0.643555	4.926006	-77.212730	150.354641
36414		9.482467	-0.025207	2.248872	-0.004263	0.000659	0.003758	-1.274658	0.144775	0.644287	4.924323	-77.212533	150.356054
36415		9.459036	-0.027683	2.255670	-0.003146	0.002319	0.002831	-1.275879	0.150146	0.643799	4.908040	-77.208704	150.370336
36416		9.487994	-0.045154	2.262969	-0.002554	0.003123	-0.001208	-1.270264	0.145020	0.645020	4.919292	-77.206857	150.359489
36417		9.487994	-0.045352	2.262965	-0.003100	-0.003178	0.004037	-1.274414	0.151855	0.648682	4.901190	-77.206255	150.376147
36418		9.463126	-0.013700	2.274895	-0.005928	0.000890	0.000971	-1.280029	0.147461	0.652100	4.905512	-77.205790	150.370425
36419		9.482400	-0.026450	2.249137	-0.003648	-0.001286	0.000322	-1.276855	0.154053	0.638428	4.896016	-77.203921	150.379415
36420		9.459004	-0.028727	2.255790	-0.002006	0.001231	0.002506	-1.272461	0.147217	0.639404	4.898651	-77.203337	150.377727
36421		9.482372	-0.026930	2.249249	-0.002006	0.001231	0.002506	-1.277100	0.146484	0.641602	4.884056	-77.200133	150.391718
36422		9.482364	-0.027156	2.249280	-0.002257	-0.000572	0.001252	-1.271484	0.138184	0.647705	4.890086	-77.200517	150.386400
36423		9.457495	0.004469	2.261232	-0.002849	-0.001376	0.005290	-1.281982	0.145508	0.646973	4.868769	-77.198957	150.405554
36424		9.482382	-0.027721	2.249201	-0.005336	0.001695	-0.003068	-1.274414	0.143066	0.644531	4.883402	-77.197837	150.389606
36425		9.472673	-0.023046	2.216249	-0.000820	-0.005355	0.003387	-1.274170	0.155273	0.645020	4.868855	-77.198443	150.404189
36426		9.478331	-0.042574	2.229784	-0.001414	0.002035	-0.001533	-1.277588	0.144287	0.639648	4.881804	-77.197203	150.392273
36427		9.435646	-0.032104	2.262269	-0.004788	-0.000198	0.000646	-1.280518	0.144043	0.645020	4.870718	-77.194767	150.401474
36428		9.476824	-0.008586	2.235237	-0.003922	-0.000340	-0.001536	-1.271973	0.150391	0.644043	4.882743	-77.194882	150.389031
36429		9.486573	-0.013320	2.268015	-0.002531	0.000374	-0.000606	-1.273682	0.143555	0.647217	4.876055	-77.192071	150.394719
36430		9.482441	-0.027973	2.248946	0.000000	0.000000	-0.000000	-1.282959	0.147949	0.641846	4.886395	-77.192067	150.386309
36431		9.476813	-0.008442	2.235284	-0.004196	0.000607	-0.003393	-1.274902	0.137939	0.644287	4.885739	-77.188980	150.384870
36432		9.500250	-0.006446	2.228453	-0.001960	-0.004267	0.003711	-1.272217	0.145508	0.638916	4.886553	-77.191593	150.385076
36433		9.454976	-0.044817	2.236264	-0.001414	0.002035	-0.001533	-1.273926	0.150635	0.641357	4.882647	-77.187821	150.386762
36434		9.459121	-0.030108	2.255283	-0.001368	-0.003463	-0.000328	-1.279785	0.145020	0.637695	4.893767	-77.189778	150.376747
36435		9.476940	-0.008694	2.234745	-0.002257	-0.000572	0.001251	-1.280762	0.142334	0.642578	4.882830	-77.187618	150.387018
36436		9.492347	-0.032992	2.281070	-0.002508	-0.002374	-0.000004	-1.284668	0.141846	0.639893	4.892248	-77.188969	150.378078
36437		9.488259	-0.047728	2.261807	-0.003648	-0.001286	0.000321	-1.274170	0.136963	0.651611	4.883086	-77.187124	150.385572
36438		9.482657	-0.028450	2.248030	-0.002257	-0.000572	0.001251	-1.273438	0.139648	0.639648	4.889110	-77.187507	150.380260
36439		9.472955	-0.023849	2.215036	-0.003625	-0.004035	0.000923	-1.269531	0.146240	0.644043	4.879239	-77.187370	150.386408
36440		9.449610	-0.025872	2.221481	-0.003056	-0.000481	-0.003718	-1.284668	0.144775	0.644287	4.897259	-77.187459	150.368325
36441		9.492545	-0.033107	2.280245	-0.004174	-0.002142	-0.002791	-1.273682	0.152100	0.645264	4.895850	-77.186053	150.367724
36442		9.477243	-0.008914	2.233458	0.001438	-0.004784	0.002134	-1.277100	0.153809	0.644287	4.902682	-77.188884	150.363755
36443		9.455423	-0.045064	2.234367	-0.001642	-0.002516	-0.002185	-1.268799	0.145264	0.648438	4.901209	-77.187769	150.366164
36444		9.488660	-0.047612	2.260127	-0.004151	-0.004891	-0.002190	-1.278076	0.147461	0.639404	4.915718	-77.190449	150.351038
36445		9.463876	-0.015430	2.271760	-0.001894	-0.004318	-0.003441	-1.273926	0.151367	0.645508	4.917797	-77.190311	150.347614
36446		9.458338	0.004245	2.257703	-0.000502	-0.003604	-0.002511	-1.275635	0.146973	0.653564	4.934930	-77.192240	150.331941
36447		9.459945	-0.029737	2.251830	-0.001345	-0.006211	0.000272	-1.281982	0.145508	0.648193	4.928414	-77.193389	150.339060
36448		9.487604	-0.012863	2.263703	-0.000754	-0.005407	-0.003766	-1.277588	0.145264	0.648682	4.948953	-77.196284	150.319747
36449		9.477907	-0.007890	2.230642	-0.001392	-0.000714	-0.000930	-1.277100	0.146240	0.640137	4.944275	-77.194180	150.324893
36450		9.477979	-0.007662	2.230336	-0.004677	-0.005746	-0.005303	-1.276123	0.148438	0.643799	4.966504	-77.197191	150.301542
36451		9.478061	-0.007293	2.229989	-0.001918	-0.001569	-0.004043	-1.272217	0.142334	0.636230	4.969526	-77.195447	150.297713
36452		9.479637	-0.041132	2.224252	-0.001620	-0.005265	-0.001585	-1.273193	0.148682	0.645508	4.984070	-77.198367	150.284038
36453		9.464612	-0.013762	2.268702	-0.003035	-0.003230	-0.003117	-1.270752	0.146729	0.638916	4.984589	-77.197662	150.280809
36454		9.482453	0.008006	2.247996	-0.001895	-0.004318	-0.003442	-1.273193	0.152832	0.648193	5.003439	-77.199948	150.262558
36455		9.472731	0.012955	2.215007	-0.003924	-0.000340	-0.001536	-1.282715	0.145508	0.643066	4.998822	-77.197709	150.265386
36456		9.478433	-0.006268	2.228411	-0.000754	-0.005406	-0.003768	-1.264404	0.145752	0.645020	5.019386	-77.200599	150.246048
36457		9.501876	-0.004034	2.221516	0.001392	0.000714	0.000931	-1.274902	0.144775	0.634277	5.011489	-77.197870	150.254697
36458		9.468749	-0.001235	2.195251	-0.001895	-0.004318	-0.003443	-1.277588	0.144531	0.640137	5.030344	-77.200154	150.236440
36459		9.488355	-0.010622	2.260564	-0.003924	-0.000340	-0.001536	-1.276123	0.145752	0.647217	5.025816	-77.197859	150.238258
36460		9.507631	-0.023198	2.234702	-0.001117	-0.001661	0.000926	-1.275146	0.148438	0.639404	5.033557	-77.198845	150.231856
36461		9.478647	-0.005841	2.227504	-0.001643	-0.002516	-0.002187	-1.273193	0.143799	0.646729	5.032483	-77.197812	150.232595
36462		9.482827	0.008831	2.246417	-0.003649	-0.001286	0.000321	-1.280762	0.145996	0.651123	5.040211	-77.198554	150.224719
36463		9.478765	-0.005923	2.227002	0.000047	-0.005497	0.001201	-1.275391	0.143311	0.636963	5.032359	-77.199411	150.233600
36464		9.484488	-0.025347	2.240329	-0.000252	-0.001802	-0.001256	-1.275146	0.145020	0.637939	5.046110	-77.200367	150.221543
36465		9.492467	0.001126	2.187158	-0.004199	0.000607	-0.003393	-1.270752	0.146484	0.639648	5.046005	-77.197487	150.218349
36466		9.461135	-0.027299	2.246853	-0.000842	-0.002608	0.002783	-1.275391	0.147217	0.653320	5.049451	-77.199106	150.216513
36467		9.478937	-0.005948	2.226268	-0.002509	-0.002374	-0.000005	-1.280518	0.147949	0.640381	5.042529	-77.198185	150.222488
36468		9.469187	-0.001276	2.193364	-0.002257	-0.000573	0.001251	-1.275635	0.147705	0.645996	5.048558	-77.198566	150.217171
36469		9.507996	-0.023503	2.233145	-0.001140	0.001088	0.000326	-1.273438	0.141602	0.646973	5.040767	-77.195631	150.225892
36470		9.484644	-0.025711	2.239665	-0.001094	-0.004409	0.001526	-1.274170	0.147949	0.640625	5.047623	-77.198215	150.220411
36471		9.455677	-0.008408	2.232397	-0.002784	-0.001427	-0.001862	-1.273926	0.142090	0.638428	5.045088	-77.196662	150.221002
36472		9.479113	-0.006510	2.225516	0.000825	-0.002841	0.005570	-1.268799	0.145752	0.644775	5.042540	-77.198555	150.226293
36473		9.484780	-0.026220	2.239084	0.001392	0.000714	0.000931	-1.274902	0.145752	0.640869	5.034978	-77.195946	150.233532
36474		9.479128	-0.006793	2.225451	-0.006457	0.000035	-0.002141	-1.273682	0.142822	0.638184	5.046984	-77.195810	150.219618
36475		9.465520	-0.013647	2.264912	-0.002532	0.000374	-0.000605	-1.278320	0.136963	0.645996	5.041083	-77.193286	150.223553
36476		9.484780	-0.026358	2.239083	-0.001982	-0.001520	0.003108	-1.269043	0.139648	0.641846	5.042815	-77.194301	150.222804
36477		9.498410	-0.019728	2.199523	0.000275	-0.000947	0.001856	-1.276611	0.153809	0.641846	5.032832	-77.192678	150.231158
36478		9.484830	-0.026867	2.238866	-0.004515	-0.001145	0.002502	-1.279297	0.147705	0.643066	5.034550	-77.193449	150.228936
36479		9.473540	0.011680	2.211555	-0.004538	0.001604	0.001902	-1.273926	0.154053	0.643799	5.020825	-77.190365	150.242904
36480		9.498429	-0.020374	2.199434	-0.000252	-0.001802	-0.001257	-1.273926	0.149414	0.645752	5.034565	-77.191322	150.230858
36481		9.488964	-0.012740	2.257997	-0.003146	0.002317	0.002833	-1.277100	0.146484	0.640381	5.019228	-77.187955	150.246777
36482		9.484812	-0.027827	2.238926	-0.000315	-0.001753	0.005895	-1.275391	0.146240	0.642578	5.014969	-77.189243	150.253152
36483		9.451643	-0.025547	2.212819	-0.002005	0.001229	0.002507	-1.265137	0.143799	0.645752	5.001460	-77.186429	150.266390
36484		9.477673	0.024903	2.230709	-0.003123	-0.000431	0.003433	-1.276367	0.149414	0.649414	5.001480	-77.186839	150.266727
36485		9.508197	-0.026924	2.232251	-0.001731	0.000282	0.004364	-1.275635	0.148193	0.641113	4.983834	-77.184771	150.283742
36486		9.450143	0.007334	2.218276	-0.003123	-0.000431	0.003432	-1.275146	0.143066	0.646973	4.983852	-77.185181	150.284080
36487		9.512336	-0.013284	2.251375	-0.001204	0.001136	0.007476	-1.268066	0.146729	0.633789	4.958495	-77.182708	150.309779
36488		9.479111	-0.011137	2.225508	-0.004286	0.003406	0.003158	-1.274902	0.150146	0.640869	4.957699	-77.180915	150.310270
36489		9.474905	-0.026218	2.206651	-0.005404	0.001746	0.004083	-1.270264	0.141113	0.649658	4.938297	-77.177956	150.326490
36490		9.479001	-0.011927	2.225971	-0.000888	0.002890	0.001582	-1.268066	0.156006	0.645264	4.943515	-77.176379	150.322810
36491		9.512132	-0.014958	2.252224	-0.004264	0.000657	0.003757	-1.278320	0.148926	0.647705	4.925962	-77.174125	150.338439
36492		9.478942	-0.012718	2.226217	-0.000339	0.000995	0.005294	-1.283203	0.155273	0.649170	4.922598	-77.173812	150.343882
36493		9.507894	-0.030578	2.233494	-0.004034	0.005208	0.004414	-1.278809	0.144287	0.642090	4.902373	-77.168867	150.366597
36494		9.469001	-0.008981	2.194145	-0.002620	0.003172	0.005944	-1.274170	0.142334	0.645264	4.895607	-77.167343	150.374189
36495		9.478725	-0.014243	2.227133	-0.004539	0.001605	0.001901	-1.274414	0.152100	0.643555	4.882465	-77.164351	150.384608
36496		9.460888	-0.036158	2.247769	-0.001502	0.004832	0.005019	-1.271729	0.145996	0.634521	4.878307	-77.161834	150.390183
36497		9.478566	-0.014978	2.227804	-0.000888	0.002890	0.001582	-1.271484	0.147217	0.642822	4.867689	-77.158137	150.400538
36498		9.505965	0.001700	2.240835	-0.003739	0.009711	-0.002079	-1.274658	0.139160	0.647705	4.878984	-77.152488	150.388948
36499		9.483928	-0.034529	2.242577	-0.002006	0.001230	0.002506	-1.275391	0.145996	0.647461	4.866006	-77.149817	150.400075
36500		9.474090	-0.029882	2.210104	-0.002303	0.004926	0.000051	-1.270508	0.147705	0.641113	4.873810	-77.147004	150.392910
36501		9.482278	-0.000664	2.248749	-0.003695	0.004213	-0.000881	-1.279053	0.144287	0.640381	4.867633	-77.142482	150.397168
36502		9.473890	-0.029823	2.210961	-0.001437	0.004785	-0.002130	-1.283203	0.145996	0.644775	4.881413	-77.139644	150.384383
36503		9.495697	0.006379	2.210206	-0.002303	0.004926	0.000050	-1.277344	0.150391	0.647461	4.873527	-77.134661	150.392568
36504		9.481915	-0.000466	2.250279	-0.002600	0.008623	-0.002405	-1.278076	0.153564	0.640869	4.886498	-77.129617	150.379928
36505		9.506600	-0.032388	2.238972	-0.000934	0.008388	0.000382	-1.273682	0.145508	0.645020	4.877765	-77.122760	150.391221
36506		9.510549	-0.017824	2.258878	-0.000934	0.008388	0.000381	-1.269287	0.140137	0.642822	4.884769	-77.117987	150.385679
36507		9.486654	-0.022690	2.175303	-0.002646	0.014122	-0.003607	-1.272217	0.144287	0.645996	4.884133	-77.107729	150.383021
36508		9.517981	0.008834	2.208330	-0.001004	0.016637	-0.001420	-1.274658	0.153564	0.645752	4.893819	-77.098158	150.374687
36509		9.528789	-0.030078	2.237455	-0.001644	0.021329	0.001415	-1.273926	0.145020	0.637939	4.879584	-77.084051	150.389410
36510		9.471752	-0.029457	2.220108	0.001731	0.023563	-0.000761	-1.275879	0.147949	0.652588	4.887711	-77.070560	150.384282
36511		9.498700	-0.012556	2.235025	0.002824	0.027974	-0.002289	-1.279785	0.144287	0.647949	4.883941	-77.052468	150.390404
36512		9.474678	-0.014446	2.244286	0.000562	0.027404	-0.001045	-1.272949	0.149414	0.634521	4.891271	-77.036770	150.385407
36513		9.454778	-0.001771	2.272572	0.001701	0.026316	-0.001371	-1.276855	0.143555	0.640137	4.884938	-77.019650	150.393452
36514		9.428175	-0.052230	2.257073	0.001177	0.025463	-0.004487	-1.278320	0.147705	0.650391	4.901531	-77.004891	150.379309
36515		9.422019	-0.032087	2.245759	0.001521	0.024470	-0.009782	-1.273682	0.149414	0.644287	4.916355	-76.988437	150.366037
36516		9.396593	0.001064	2.259979	-0.003174	0.021477	-0.015695	-1.281494	0.145508	0.641602	4.958896	-76.975398	150.322701
36517		9.421051	-0.029329	2.249854	-0.002556	0.019536	-0.019133	-1.274414	0.145752	0.643311	4.995361	-76.961302	150.285151
36518		9.519814	-0.038508	2.239166	-0.005389	0.023611	-0.022210	-1.275146	0.144043	0.640869	5.052040	-76.946704	150.225996
36519		9.499884	-0.024197	2.267400	-0.000727	0.029358	-0.016906	-1.270996	0.142578	0.637207	5.081858	-76.927147	150.194752
36520		9.489541	-0.017283	2.237496	-0.003735	0.031587	-0.028395	-1.276367	0.141846	0.649658	5.152649	-76.907659	150.122072
36521		9.475033	-0.021743	2.280023	0.005740	0.034785	-0.023123	-1.281006	0.145508	0.636475	5.200066	-76.884710	150.075780
36522		9.494642	0.050875	2.287251	0.000232	0.026429	-0.025656	-1.265869	0.145996	0.637451	5.267183	-76.868275	150.009193
36523		9.459371	0.089825	2.269123	0.002381	0.029802	-0.020359	-1.274658	0.141357	0.645508	5.306620	-76.848289	149.969552
36524		9.501473	0.083907	2.330468	-0.001509	0.018501	-0.012332	-1.280029	0.151855	0.643066	5.341744	-76.837061	149.934789
36525		9.491476	0.089448	2.299176	-0.004064	0.013417	-0.004580	-1.272705	0.145752	0.648926	5.342636	-76.827271	149.933431
36526		9.489639	0.123421	2.305695	-0.005230	0.009046	0.004108	-1.266846	0.148438	0.644775	5.337655	-76.822312	149.937664
36527		9.533901	0.077867	2.268654	-0.009527	0.004239	0.016222	-1.277344	0.148438	0.636963	5.287007	-76.818979	149.984552
36528		9.533790	0.075449	2.269201	-0.009718	0.007079	0.029923	-1.283447	0.147461	0.638428	5.217046	-76.816495	150.052883
36529		9.533636	0.071893	2.269963	-0.014351	0.008727	0.038956	-1.280029	0.138428	0.649414	5.107211	-76.811564	150.159387
36530		9.525462	0.038426	2.232309	-0.013785	0.004081	0.043272	-1.278564	0.150146	0.637695	5.003123	-76.811411	150.260378
36531		9.529277	0.048322	2.252455	-0.013739	0.016938	0.049243	-1.274658	0.145264	0.638428	4.867240	-76.802260	150.393028
36532		9.515057	0.036099	2.293506	-0.012717	0.018649	0.055453	-1.275879	0.141113	0.647217	4.731246	-76.794271	150.527425
36533		9.529971	0.003322	2.250564	-0.008563	0.020794	0.058238	-1.283203	0.148438	0.646973	4.576201	-76.783237	150.681083
36534		9.533513	0.011750	2.271852	-0.012097	0.024116	0.066318	-1.281494	0.143311	0.641113	4.413495	-76.772449	150.843296
36535		9.534351	-0.029103	2.268962	-0.009991	0.030246	0.070983	-1.280518	0.138672	0.635498	4.225454	-76.756306	151.032276
36536		9.496229	-0.044903	2.317976	-0.007792	0.036330	0.068502	-1.285889	0.145020	0.642090	4.058431	-76.738401	151.201478
36537		9.485785	-0.046693	2.288781	-0.008977	0.040185	0.068184	-1.279053	0.147217	0.640381	3.877166	-76.716177	151.382063
36538		9.516406	-0.022435	2.324390	-0.005691	0.039718	0.073733	-1.281738	0.146973	0.637451	3.699146	-76.696294	151.563831
36539		9.460389	-0.062330	2.302977	-0.010690	0.043200	0.064726	-1.286133	0.145508	0.643555	3.525950	-76.672021	151.735637
36540		9.496759	-0.059580	2.261430	-0.014032	0.046442	0.058513	-1.278076	0.147705	0.643799	3.380012	-76.647523	151.879557
36541		9.365725	-0.116083	2.331768	-0.014539	0.042845	0.055990	-1.276123	0.151855	0.640381	3.226974	-76.622979	152.028860
36542		9.402132	-0.112662	2.290109	-0.015080	0.044753	0.052256	-1.275635	0.151611	0.637939	3.096752	-76.599081	152.156035
36543		9.409287	-0.088308	2.332198	-0.012019	0.035068	0.042280	-1.279053	0.140869	0.648193	2.979990	-76.578469	152.268801
36544		9.477531	-0.052554	2.321825	-0.017611	0.037746	0.037315	-1.276367	0.159424	0.637451	2.885786	-76.558026	152.357478
36545		9.465143	-0.131197	2.353499	-0.017484	0.034949	0.030786	-1.282715	0.149414	0.638672	2.794147	-76.537074	152.441426
36546		9.546238	-0.053882	2.309454	-0.011946	0.037786	0.034510	-1.287109	0.144531	0.644287	2.710427	-76.516466	152.522675
36547		9.517719	-0.074007	2.300641	-0.015160	0.045636	0.036071	-1.283936	0.149170	0.635010	2.606950	-76.489415	152.620562
36548		9.478908	-0.086411	2.351074	-0.018008	0.055245	0.031751	-1.289551	0.151123	0.634766	2.525060	-76.458681	152.696373
36549		9.591284	0.021284	2.341086	-0.016266	0.056862	0.042881	-1.279541	0.142090	0.630615	2.404411	-76.425280	152.811575
36550		9.469564	-0.041853	2.354069	-0.011296	0.066258	0.057752	-1.280518	0.150879	0.631104	2.264633	-76.388777	152.950921
36551		9.771003	0.043250	2.289149	-0.008618	0.071491	0.090522	-1.283936	0.147217	0.635498	2.036146	-76.347933	153.179388
36552		9.671631	0.127457	2.339034	-0.003031	0.090980	0.123914	-1.277832	0.141602	0.638428	1.745520	-76.298271	153.478908
36553		9.782329	-0.039344	2.348275	-0.004963	0.117134	0.147018	-1.273682	0.145996	0.639160	1.387476	-76.231661	153.843230
36554		9.607721	-0.129282	2.360144	-0.002345	0.126877	0.146880	-1.291992	0.150146	0.628174	1.047095	-76.160887	154.194550
36555		10.610606	-0.292807	2.307872	0.003433	0.162682	0.121783	-1.286621	0.150635	0.630371	0.757847	-76.066951	154.493918
36556		10.523625	-0.085852	2.367993	0.008279	0.252029	0.104342	-1.285889	0.149658	0.628906	0.526005	-75.923363	154.739953
36557		10.764062	-0.367931	2.396158	0.008256	0.293437	0.080502	-1.298096	0.151367	0.631592	0.339981	-75.753772	154.936612
36558		12.223587	-0.154359	2.311462	0.015944	0.423903	0.058728	-1.286133	0.146973	0.617188	0.222480	-75.511209	155.069543
36559		11.430928	-0.233365	2.457210	0.025271	0.569180	0.065077	-1.294189	0.150146	0.617676	0.088221	-75.183435	155.223469
36560		11.262369	-0.292783	2.504339	0.025038	0.660912	0.052191	-1.298828	0.149658	0.619873	-0.001009	-74.804938	155.332912
36561		11.390788	-0.422812	2.527967	0.040675	0.745680	0.025567	-1.305176	0.156494	0.613037	-0.032924	-74.375996	155.390483
36562		11.562656	-0.362274	2.599633	0.059514	0.837650	0.015588	-1.312744	0.147461	0.608398	-0.020799	-73.896211	155.415549
36563		11.333560	-0.365297	2.677003	0.070694	0.927520	0.017056	-1.302002	0.155273	0.599121	-0.015321	-73.363141	155.452323
36564		11.486583	-0.609761	2.728150	0.084663	1.007027	-0.021388	-1.321045	0.148926	0.592285	0.080608	-72.786305	155.404991
36565		11.468857	-0.624480	2.771884	0.100744	1.087496	-0.069234	-1.321777	0.149902	0.590088	0.256003	-72.161537	155.281783
36566		11.800524	-0.688000	2.819385	0.113153	1.179230	-0.125084	-1.329346	0.148926	0.586670	0.532737	-71.485553	155.061006
36567		12.361830	-0.605880	2.847275	0.128744	1.294325	-0.169903	-1.341309	0.149902	0.572510	0.862607	-70.741365	154.790425
36568		13.235194	-0.148658	2.870840	0.132548	1.449430	-0.178826	-1.338623	0.142334	0.554932	1.190783	-69.909321	154.524834
36569		13.227054	-0.069345	2.847266	0.126656	1.635376	-0.155650	-1.346680	0.139893	0.549316	1.441855	-68.969213	154.334184
36570		13.493241	-0.202010	2.957617	0.112906	1.827701	-0.165319	-1.353760	0.143311	0.527344	1.680853	-67.919930	154.149076
36571		14.250122	-0.059239	2.874892	0.090345	2.040716	-0.188347	-1.358643	0.135742	0.528809	1.901870	-66.746787	153.965547
36572		15.158444	0.324688	2.824080	0.071307	2.301692	-0.134031	-1.375732	0.140381	0.500244	2.020366	-65.426252	153.882961
36573		15.803842	0.566503	2.807281	0.027044	2.602509	-0.052467	-1.389893	0.133301	0.486816	1.987995	-63.934194	153.935673
36574		16.269489	0.850091	2.734767	-0.015850	2.929197	0.073336	-1.395996	0.131836	0.458496	1.792823	-62.258280	154.146722
36575		16.920285	1.348207	2.518477	-0.070742	3.303371	0.201984	-1.407715	0.132324	0.432617	1.442514	-60.369229	154.499453
36576		17.298552	2.201674	2.374792	-0.158179	3.703869	0.370195	-1.416748	0.135498	0.408936	0.925890	-58.252005	154.997212
36577		17.642651	3.396713	2.563002	-0.268797	4.120935	0.640566	-1.430908	0.132568	0.372314	0.170075	-55.894664	155.713650
36578		18.451755	3.366429	3.274930	-0.424113	4.536331	0.862129	-1.443848	0.129150	0.332520	-0.744913	-53.293200	156.540461
36579		19.554053	1.100320	3.540111	-0.507393	4.946137	0.996148	-1.455078	0.136719	0.287598	-1.685674	-50.448653	157.366299
36580		20.941034	0.139672	5.443600	-0.474847	5.309588	1.002334	-1.466553	0.141357	0.246826	-2.485017	-47.387778	158.068308
36581		20.332077	1.401224	7.807638	-0.440793	5.500327	0.896767	-1.468750	0.145752	0.206787	-3.106753	-44.216770	158.582639
36582		18.669073	2.575967	6.848042	-0.514517	5.548099	0.719663	-1.466309	0.151855	0.152588	-3.605373	-41.019516	158.886584
36583		18.335497	1.900753	5.577693	-0.537938	5.684235	0.289639	-1.472656	0.146240	0.101074	-3.874272	-37.761413	158.824380
36584		17.537492	3.050127	4.851341	-0.640510	5.703119	-0.170920	-1.465088	0.135498	0.056152	-4.002606	-34.508483	158.423292
36585		18.647125	1.307006	2.180355	-0.820209	5.659847	0.126863	-1.454834	0.141846	0.011963	-4.365305	-31.272637	158.225964
36586		18.816127	0.343735	-0.768617	-0.877870	5.716305	0.510692	-1.449219	0.149658	-0.029785	-4.880983	-27.984824	158.255677
36587		18.590763	0.069363	-2.366889	-0.873009	5.848379	0.567458	-1.439453	0.146973	-0.083984	-5.391922	-24.623470	158.280129
36588		12.841019	2.357949	-6.401841	-0.820728	5.854149	0.296744	-1.425781	0.143555	-0.132813	-5.792625	-21.269028	158.106973
36589		6.189305	6.505546	-7.196040	-0.938517	5.464075	0.158096	-1.400879	0.144287	-0.170410	-6.244012	-18.152820	157.851713
36590		-8.356630	6.159999	-7.055711	-1.177146	4.924705	0.254442	-1.390869	0.158691	-0.217773	-6.862600	-15.333351	157.664788
36591		-25.822786	2.913773	-3.718094	-1.282906	2.875734	-0.416562	-1.384277	0.153564	-0.227539	-7.481394	-13.735259	157.205320
36592		-9.436421	0.938263	-6.318107	-1.149967	0.582980	-1.112023	-1.385254	0.154297	-0.231689	-7.973940	-13.490345	156.507639
36593		-2.622908	0.062454	-3.460044	-0.989263	-0.853637	-1.332200	-1.383057	0.141357	-0.226563	-8.370628	-14.088426	155.799000
36594		2.468396	-0.640377	-3.103537	-0.835892	-1.765794	-1.088123	-1.396484	0.138184	-0.215820	-8.725235	-15.182015	155.315363
36595		4.379786	-1.510039	-3.261638	-0.653075	-2.245078	-0.754119	-1.393311	0.133789	-0.197998	-9.032775	-16.525171	155.075705
36596		4.806633	-1.891656	-3.347856	-0.431640	-2.484168	-0.533731	-1.399902	0.127441	-0.176025	-9.253877	-17.979452	154.994502
36597		4.961732	-1.725743	-3.107437	-0.217615	-2.625361	-0.489082	-1.415039	0.125732	-0.163086	-9.365626	-19.515254	154.957150
36598		5.168791	-1.273828	-2.946791	-0.039271	-2.715748	-0.499645	-1.416016	0.130615	-0.143066	-9.374547	-21.097568	154.924177
36599		4.824970	-1.101808	-2.834423	0.102249	-2.821049	-0.484327	-1.431396	0.121582	-0.117188	-9.309799	-22.744117	154.909543
36600		4.414649	-1.143328	-2.865690	0.232573	-2.958863	-0.466766	-1.440430	0.112061	-0.092285	-9.177259	-24.460818	154.916690
36601		4.248287	-0.950464	-2.834698	0.338397	-3.147691	-0.451929	-1.440674	0.122803	-0.069336	-8.995702	-26.289656	154.946642
36602		4.531562	-0.610282	-2.636962	0.423059	-3.338587	-0.448349	-1.451416	0.108643	-0.046387	-8.771647	-28.219689	154.991400
36603		5.038822	-0.348947	-2.449111	0.480526	-3.541319	-0.476109	-1.460205	0.102051	-0.022217	-8.514607	-30.274203	155.029529
36604		5.666498	-0.088745	-2.210343	0.527789	-3.730817	-0.550244	-1.463623	0.101563	0.015137	-8.208277	-32.435349	155.026153
36605		6.259191	0.075082	-1.834298	0.558349	-3.917245	-0.646804	-1.484131	0.102295	0.044678	-7.851390	-34.717571	154.959806
36606		6.825532	-0.030481	-1.619944	0.596753	-4.098593	-0.739282	-1.489258	0.098633	0.087891	-7.428028	-37.101758	154.824695
36607		7.493831	0.093304	-1.408848	0.635276	-4.273441	-0.828652	-1.484619	0.085938	0.122070	-6.931801	-39.599002	154.612057
36608		8.382922	0.294599	-1.106386	0.656894	-4.424315	-0.901798	-1.484131	0.089844	0.166992	-6.361287	-42.177088	154.318906
36609		9.044983	0.093831	-0.674753	0.687537	-4.558397	-0.946549	-1.490479	0.088135	0.203369	-5.714208	-44.840622	153.951792
36610		9.709701	-0.167202	-0.280917	0.738327	-4.678861	-1.020278	-1.489014	0.078125	0.252197	-4.939521	-47.564448	153.467804
36611		10.520348	-0.344122	0.091138	0.822362	-4.783341	-1.133082	-1.482910	0.075439	0.296387	-3.966803	-50.357059	152.803645
36612		11.294420	-0.240297	0.675256	0.910101	-4.885078	-1.288527	-1.476563	0.065430	0.347412	-2.711840	-53.194591	151.873097
36613		11.993369	0.136351	1.440386	0.979838	-4.996041	-1.434923	-1.460205	0.066650	0.393555	-1.123964	-56.093490	150.615684
36614		13.037596	0.316927	2.102306	1.021699	-5.108215	-1.515570	-1.449951	0.059570	0.439453	0.820895	-59.022978	149.008073
36615		14.254376	0.126348	2.686587	1.066765	-5.186973	-1.523991	-1.430420	0.063232	0.483154	3.162243	-61.973839	147.021950
36616		15.386814	-0.259556	3.118639	1.120420	-5.230592	-1.509914	-1.401367	0.059570	0.533691	6.014911	-64.892558	144.553702
36617		16.365562	-0.767375	3.668001	1.207789	-5.240663	-1.508783	-1.383789	0.050293	0.579590	9.599874	-67.761817	141.397404
36618		17.039215	-1.279506	4.448340	1.318056	-5.225392	-1.478048	-1.365723	0.053223	0.623047	14.155795	-70.518750	137.333959
36619		17.465177	-1.951145	5.706094	1.455470	-5.224780	-1.353860	-1.330566	0.058350	0.661865	19.944355	-73.166476	132.122973
36620		18.126171	-2.147649	7.446830	1.615337	-5.228883	-1.106807	-1.305664	0.069092	0.711426	27.267343	-75.661229	125.485828
36621		19.100970	-1.270642	9.518984	1.741770	-5.200938	-0.685586	-1.261719	0.078613	0.757324	36.449408	-78.000349	117.084892
36622		19.660817	0.242974	11.233583	1.764710	-5.107764	-0.106803	-1.235107	0.099854	0.785400	47.894295	-80.136125	106.463604
36623		19.125628	1.653958	12.487988	1.665375	-4.958848	0.440450	-1.187988	0.103760	0.820313	62.889138	-81.977757	92.255408
36624		17.906204	3.321654	13.210314	1.473274	-4.784121	0.794556	-1.154541	0.138672	0.847168	82.998250	-83.233127	72.835386
36625		16.517585	5.348470	13.916027	1.195764	-4.593116	0.977534	-1.111084	0.145752	0.881104	107.010958	-83.568465	49.358251
36626		15.094366	6.376964	14.725390	0.841189	-4.346788	0.931450	-1.072021	0.161865	0.895264	128.249282	-82.873082	28.461566
36627		14.023574	6.376640	16.451366	0.520292	-4.031819	0.574549	-1.040771	0.169922	0.915771	142.145418	-81.450945	14.739288
36628		13.417954	6.097845	18.601721	0.233450	-3.581151	0.085556	-1.000000	0.178711	0.930908	149.496619	-79.776466	7.427123
36629		12.821835	4.825711	20.326678	-0.011403	-2.984517	-0.374762	-0.975342	0.174072	0.943848	152.777527	-78.169731	4.080132
36630		12.103144	2.333039	21.482430	-0.161993	-2.273476	-0.804463	-0.950684	0.177246	0.958984	153.479843	-76.798430	3.267888
36631		11.921497	-0.474606	22.108862	-0.216139	-1.536315	-1.144824	-0.933594	0.174561	0.971680	152.604428	-75.713381	4.043660
36632		37.419352	-8.858854	30.180128	-0.067090	0.687509	-0.295734	-0.938477	0.171875	0.979736	151.233749	-75.980170	5.419800
36633		24.056419	-4.448435	23.983651	0.086477	2.639580	0.509112	-0.959473	0.170410	0.960693	149.177671	-77.437731	7.585009
36634		16.319609	-0.638474	23.673660	-0.013878	4.345377	1.863753	-0.999023	0.182373	0.950684	147.112903	-80.115376	9.683523
36635		4.372970	-4.063953	-3.060573	-0.058194	4.273857	1.605372	-1.030029	0.187988	0.937012	142.759731	-82.652278	14.052999
36636		14.995831	4.109737	-6.002566	-0.015481	4.403502	1.410369	-1.062012	0.195801	0.917480	132.460943	-85.068952	24.401811
36637		14.376292	-1.065297	-6.120457	-0.224085	5.822510	1.617004	-1.109131	0.194336	0.893799	89.721179	-87.287284	67.093543
36638		7.764286	-4.270964	2.725548	-0.088343	5.999394	0.997428	-1.156006	0.194580	0.863525	31.848189	-85.938315	124.999509
36639		7.162046	-1.623658	6.059217	0.159385	5.004407	0.324089	-1.187012	0.194336	0.846191	17.308501	-83.385950	139.690805
36640		6.845290	0.381921	7.050086	0.053529	3.695286	0.176887	-1.209229	0.193848	0.810547	12.547418	-81.364157	144.526662
36641		7.785787	1.256520	5.061992	-0.168538	2.765126	0.232805	-1.223389	0.196777	0.793701	9.798273	-79.833229	147.215735
36642		7.393821	-0.027411	4.255565	-0.237465	2.003798	0.219654	-1.238770	0.194336	0.788330	8.075859	-78.718387	148.832382
36643		7.823288	-0.685978	3.690955	-0.141586	1.483221	0.152107	-1.258301	0.195557	0.780518	7.032698	-77.884891	149.815388
36644		6.156930	0.053729	4.824068	-0.141130	1.008436	0.066505	-1.252930	0.207031	0.764404	6.481118	-77.315530	150.299529
36645		7.252459	-0.146827	3.788747	-0.134338	0.520425	0.051731	-1.262207	0.193848	0.773438	6.126406	-77.019666	150.584924
36646		8.433331	-0.168316	2.995595	-0.040410	0.220024	0.073670	-1.255127	0.192627	0.773193	5.875284	-76.898669	150.821121
36647		9.232390	-0.267968	2.403953	-0.021446	0.120415	0.042883	-1.267090	0.199707	0.769531	5.723778	-76.829631	150.964609
36648		9.248952	-0.048537	2.454134	-0.011407	0.093513	0.003187	-1.266602	0.191895	0.772949	5.696832	-76.776474	150.987768
36649		9.252906	0.044276	2.416925	-0.003274	0.058422	0.007357	-1.257568	0.198486	0.778320	5.658432	-76.740689	151.025809
36650		9.308706	0.038479	2.350046	-0.005145	0.035634	-0.000527	-1.262207	0.202393	0.763672	5.658251	-76.720317	151.025161
36651		9.349020	0.066271	2.416594	-0.001002	0.016643	-0.001669	-1.262695	0.198730	0.764160	5.653112	-76.707835	151.030373
36652		9.427869	0.097010	2.344309	0.001136	-0.001092	-0.000313	-1.265625	0.194824	0.764893	5.664794	-76.708415	151.021234
36653		9.474937	0.100709	2.330808	-0.004063	-0.010420	-0.000808	-1.269043	0.201172	0.774658	5.662298	-76.711410	151.021934
36654		9.496034	0.053043	2.299762	-0.004414	-0.012108	0.005102	-1.260742	0.198730	0.762939	5.660365	-76.718576	151.023516
36655		9.501678	0.033530	2.312935	-0.006335	-0.008235	-0.000181	-1.266357	0.194336	0.776367	5.654535	-76.720366	151.026311
36656		9.470316	0.001292	2.281165	-0.004217	-0.004796	0.005043	-1.264648	0.197266	0.771484	5.651103	-76.723361	151.029551
36657		9.478433	0.030763	2.318533	-0.005373	-0.000958	0.004716	-1.260498	0.206055	0.771729	5.632232	-76.721285	151.046313
36658		9.448265	-0.035440	2.282836	-0.009193	0.004043	-0.005207	-1.261719	0.198730	0.772461	5.648600	-76.718663	151.026280
36659		9.475665	-0.017760	2.295548	-0.003449	0.003944	-0.015192	-1.262451	0.195557	0.769043	5.677711	-76.712676	150.994875
36660		9.545946	-0.010489	2.276576	-0.000851	0.006196	-0.022372	-1.258301	0.197754	0.771240	5.739741	-76.707842	150.932832
36661		9.596998	0.122821	2.225375	-0.001070	0.020058	-0.018444	-1.268311	0.194824	0.768799	5.774030	-76.692482	150.897503
36662		9.487098	0.144570	2.297849	-0.004504	0.030905	-0.003293	-1.259766	0.196045	0.767334	5.781844	-76.674646	150.889017
36663		9.426874	0.100438	2.348163	-0.010710	0.024618	0.004880	-1.260254	0.198486	0.768311	5.753333	-76.658040	150.912553
36664		9.412945	0.088653	2.298522	-0.015189	0.020748	0.008054	-1.266846	0.202148	0.769287	5.730245	-76.646646	150.929534
36665		9.470302	0.052807	2.315495	-0.016261	0.013601	0.010288	-1.253662	0.203125	0.771240	5.688341	-76.636628	150.963575
36666		9.484082	0.057606	2.277331	-0.016763	0.012710	0.007195	-1.262451	0.197998	0.770264	5.668405	-76.629764	150.976390
36667		9.515138	0.088299	2.310276	-0.013580	0.023297	0.010182	-1.262695	0.209717	0.769775	5.626085	-76.614213	151.012444
36668		9.491137	0.084741	2.318948	-0.018461	0.023229	0.017978	-1.267578	0.207275	0.765869	5.576943	-76.601950	151.054282
36669		9.493354	0.014036	2.311880	-0.016352	0.026667	0.023198	-1.263916	0.207031	0.765869	5.501322	-76.585189	151.122947
36670		9.441788	-0.007021	2.308446	-0.013229	0.027067	0.019750	-1.259766	0.204834	0.765381	5.450272	-76.570812	151.169835
36671		9.443763	0.040059	2.334614	-0.010980	0.027631	0.018479	-1.265137	0.195068	0.768311	5.389064	-76.553223	151.226854
36672		9.465288	0.073775	2.335339	-0.017720	0.023201	0.022906	-1.262451	0.197266	0.758789	5.329008	-76.541198	151.280362
36673		9.441313	0.069222	2.343821	-0.016069	0.020252	0.026320	-1.258301	0.198975	0.765625	5.248118	-76.528209	151.354635
36674		9.413347	0.049137	2.333451	-0.019609	0.023661	0.034373	-1.268799	0.202393	0.769287	5.159815	-76.516484	151.436082
36675		9.441684	0.028088	2.343181	-0.019832	0.019097	0.033782	-1.268799	0.194336	0.770752	5.059571	-76.504486	151.528052
36676		9.490842	-0.040201	2.322895	-0.021254	0.023872	0.031576	-1.260742	0.195557	0.769775	4.977235	-76.492439	151.602403
36677		9.465392	-0.010926	2.336567	-0.021172	0.029248	0.023157	-1.260742	0.202881	0.770020	4.899688	-76.474066	151.670253
36678		9.463339	0.020446	2.344299	-0.023215	0.033259	0.024989	-1.269043	0.199219	0.762939	4.830273	-76.456294	151.730167
36679		9.480693	0.038693	2.327281	-0.023518	0.039691	0.021830	-1.270020	0.201172	0.773926	4.752834	-76.431863	151.796536
36680		9.529435	0.087980	2.342082	-0.032212	0.041221	0.036417	-1.263428	0.190430	0.770264	4.650106	-76.410041	151.885429
36681		9.482653	0.045575	2.354485	-0.034203	0.052678	0.045293	-1.266113	0.196533	0.767578	4.509355	-76.379219	152.010660
36682		9.453890	0.023657	2.347174	-0.043800	0.057817	0.045275	-1.266357	0.200195	0.763184	4.376877	-76.348216	152.123356
36683		9.537540	-0.000114	2.380666	-0.036917	0.055942	0.051101	-1.260254	0.198975	0.768311	4.221556	-76.315643	152.262018
36684		9.499536	-0.017995	2.340427	-0.036306	0.056721	0.047036	-1.263428	0.198486	0.769775	4.090593	-76.285207	152.377603
36685		9.470731	-0.069427	2.419472	-0.030902	0.054929	0.042975	-1.263672	0.200439	0.770264	3.959168	-76.252741	152.495254
36686		9.472216	0.004555	2.361860	-0.024740	0.050338	0.044511	-1.264648	0.200928	0.769287	3.842816	-76.225733	152.602651
36687		9.503701	-0.002864	2.393279	-0.018592	0.048495	0.045409	-1.267822	0.199951	0.763428	3.714819	-76.196925	152.724065
36688		9.477786	0.024586	2.409074	-0.025411	0.049589	0.048490	-1.260986	0.197510	0.762451	3.589854	-76.170380	152.839960
36689		9.491074	0.025296	2.374441	-0.021046	0.048074	0.053720	-1.266357	0.196045	0.770020	3.442263	-76.141979	152.980141
36690		9.585607	0.108722	2.383300	-0.027761	0.058554	0.072151	-1.264893	0.197266	0.764893	3.260989	-76.110954	153.152680
36691		9.593189	0.095349	2.422567	-0.034433	0.070984	0.098871	-1.263916	0.202148	0.759521	3.000007	-76.070644	153.401825
36692		9.555965	0.037921	2.379463	-0.041229	0.086997	0.115936	-1.271484	0.201660	0.763672	2.708977	-76.024234	153.679564
36693		9.515650	0.017590	2.433688	-0.043076	0.097571	0.126522	-1.274170	0.201416	0.760498	2.380277	-75.968809	153.993511
36694		9.441751	-0.118210	2.427490	-0.033718	0.094497	0.141837	-1.270508	0.197510	0.760254	2.037842	-75.917925	154.328803
36695		9.440491	-0.166186	2.430559	-0.021727	0.076016	0.136656	-1.273682	0.196533	0.765625	1.704768	-75.874150	154.660018
36696		9.470094	-0.148074	2.468921	-0.013380	0.061763	0.130540	-1.272705	0.201904	0.760742	1.406066	-75.840913	154.962354
36697		9.919092	0.164941	2.345919	-0.001706	0.076056	0.166913	-1.274658	0.201904	0.756592	1.019692	-75.796562	155.360493
36698		9.504876	-0.021044	2.476609	-0.003539	0.084246	0.204160	-1.271729	0.206299	0.758057	0.563152	-75.750045	155.831591
36699		10.162656	0.620792	2.456641	0.001192	0.094569	0.270749	-1.272217	0.199463	0.753906	-0.049737	-75.693743	156.465371
36700		11.132677	0.176363	2.426242	-0.026122	0.152158	0.376261	-1.270752	0.211426	0.764404	-0.895149	-75.604960	157.324768
36701		13.137444	-0.012826	2.201274	-0.001529	0.375646	0.474429	-1.273438	0.210693	0.758789	-1.928163	-75.380285	158.391595
36702		13.395524	-0.964403	2.571940	0.015583	0.548122	0.625926	-1.278076	0.219238	0.747559	-3.214242	-75.050681	159.733145
36703		22.421950	-1.093267	2.055249	0.019746	0.931373	0.393170	-1.282227	0.216309	0.737793	-3.909148	-74.501345	160.465720
36704		21.770738	-1.283319	2.023907	0.109573	1.640721	0.299311	-1.292969	0.217529	0.731689	-4.203136	-73.551789	160.839028
36705		18.091067	-1.078984	2.028927	0.147817	2.146120	0.123642	-1.297363	0.217041	0.717773	-4.061529	-72.317930	160.780031
36706		16.894364	-0.787689	2.082379	0.180532	2.455335	0.054776	-1.318359	0.209961	0.706787	-3.756079	-70.912541	160.569425
36707		17.175650	-0.844759	2.001194	0.161248	2.756247	-0.078814	-1.330811	0.217285	0.684326	-3.272510	-69.337103	160.153856
36708		18.292955	-1.252509	1.606891	0.124512	3.100243	-0.169019	-1.344971	0.214111	0.659668	-2.714480	-67.568513	159.632964
36709		20.379236	0.315660	1.354032	0.082950	3.540733	-0.097883	-1.359131	0.212158	0.637939	-2.332840	-65.542791	159.268933
36710		21.223170	1.683920	0.842975	-0.030495	4.074128	0.071610	-1.367188	0.209229	0.612549	-2.235808	-63.208938	159.144333
36711		21.408945	2.831317	0.303999	-0.134188	4.642674	0.378697	-1.390869	0.206543	0.572998	-2.512604	-60.541511	159.370859
36712		23.534144	4.020221	-0.174979	-0.260949	5.251216	0.694159	-1.404053	0.206543	0.526855	-3.074614	-57.517202	159.854226
36713		26.810712	6.063210	-0.595343	-0.430637	6.037646	1.122877	-1.420898	0.203125	0.490967	-3.953368	-54.025357	160.618148
36714		27.743590	6.107952	0.202308	-0.668070	6.872075	1.528070	-1.437256	0.204102	0.423584	-5.054268	-50.031556	161.531055
36715		24.978126	0.953024	2.874095	-0.760858	7.448238	1.507539	-1.447266	0.215576	0.368652	-5.985841	-45.702829	162.198969
36716		19.639752	-2.423759	5.830251	-0.603740	7.566842	0.786740	-1.460938	0.219727	0.314209	-6.312628	-41.344370	162.174068
36717		16.572557	-4.037204	3.446829	-0.328507	7.378849	-0.122363	-1.472168	0.203613	0.254639	-6.070005	-37.152190	161.493568
36718		20.970764	0.665863	3.081252	-0.319690	7.224174	-0.737703	-1.467285	0.204102	0.200439	-5.656558	-33.078096	160.460621
36719		22.617556	0.848155	-0.334227	-0.594416	7.165549	-0.312297	-1.453369	0.185303	0.135742	-5.645465	-29.014814	159.778861
36720		20.726056	-0.459105	-4.344735	-0.742630	7.109445	0.143937	-1.453857	0.181885	0.088867	-5.901141	-24.954105	159.409150
36721		18.307277	0.646074	-7.786174	-0.727547	7.055435	0.044623	-1.429688	0.170166	0.040771	-6.148199	-20.938033	158.973493
36722		12.427936	6.114513	-11.971053	-0.802935	6.858097	-0.277963	-1.416504	0.162598	-0.009033	-6.403243	-17.049920	158.349994
36723		6.647319	10.098927	-10.276839	-1.170749	6.467883	-0.289134	-1.395508	0.163086	-0.050781	-6.911320	-13.396808	157.731345
36724		-17.519171	8.067931	-7.909251	-1.657265	5.759609	-0.031688	-1.375977	0.155273	-0.078125	-7.767064	-10.126564	157.280568
36725		-24.095029	1.163215	-7.103841	-1.730435	2.820550	-1.252557	-1.367676	0.149902	-0.095947	-8.601262	-8.637322	156.324543
36726		-8.933764	0.388386	-7.224096	-1.559604	0.600622	-2.358723	-1.357422	0.135254	-0.089355	-9.283162	-8.507880	154.918530
36727		-3.532106	-0.189702	-5.379869	-1.405522	-1.030604	-2.352918	-1.352295	0.111816	-0.072510	-9.893288	-9.321365	153.669820
36728		1.375327	-1.862617	-5.716151	-1.185957	-2.071892	-1.775696	-1.353516	0.100830	-0.059814	-10.430786	-10.669849	152.863819
36729		3.272812	-2.962890	-5.232507	-0.892148	-2.673032	-1.174134	-1.352539	0.103271	-0.031982	-10.862991	-12.305932	152.475124
36730		3.689917	-3.417687	-4.784663	-0.574469	-3.025553	-0.727066	-1.357422	0.090820	-0.001953	-11.171407	-14.087615	152.393565
36731		3.954885	-3.221860	-4.503878	-0.247994	-3.280306	-0.432683	-1.345459	0.082275	0.033203	-11.344987	-15.986348	152.518861
36732		4.131850	-2.558450	-4.356355	0.052718	-3.462274	-0.292402	-1.344971	0.081787	0.071045	-11.381277	-17.964732	152.753905
36733		4.231195	-1.317987	-4.170413	0.300055	-3.619324	-0.290952	-1.342773	0.086670	0.109375	-11.292039	-20.038223	153.009249
36734		4.177622	-0.380406	-3.845278	0.477590	-3.783945	-0.322337	-1.329834	0.076660	0.138672	-11.108234	-22.201363	153.264541
36735		4.603879	0.042184	-3.483331	0.606417	-3.945060	-0.407568	-1.313965	0.068115	0.182861	-10.846324	-24.472727	153.480750
36736		5.341753	0.153818	-3.210317	0.726016	-4.084693	-0.566113	-1.302490	0.075684	0.228516	-10.482209	-26.833181	153.605591
36737		5.757418	0.170006	-2.941895	0.826619	-4.226616	-0.780470	-1.290039	0.066406	0.265381	-10.002286	-29.304179	153.592043
36738		5.735300	0.070342	-2.764027	0.919942	-4.413816	-0.992518	-1.259766	0.063477	0.303467	-9.392316	-31.893225	153.433633
36739		6.282633	0.097314	-2.737599	1.000266	-4.654251	-1.170366	-1.228271	0.066162	0.354004	-8.657738	-34.641053	153.139046
36740		7.403997	0.138518	-2.555888	1.061495	-4.890313	-1.253890	-1.190674	0.057373	0.394531	-7.820407	-37.517452	152.753922
36741		8.794052	0.079679	-2.200428	1.099713	-5.105866	-1.268059	-1.150146	0.060791	0.424316	-6.908597	-40.521500	152.306267
36742		9.996718	-0.075844	-1.699142	1.117975	-5.280025	-1.227571	-1.111328	0.059082	0.467285	-5.938726	-43.606801	151.818322
36743		11.188900	0.119890	-1.138504	1.113858	-5.425702	-1.162519	-1.054199	0.059326	0.491455	-4.927255	-46.774978	151.292037
36744		12.281966	0.367154	-0.416946	1.065564	-5.527885	-1.076125	-0.995850	0.061035	0.512207	-3.894538	-49.980581	150.730556
36745		13.211068	0.487412	0.216718	1.003078	-5.599986	-0.991767	-0.936279	0.066162	0.510986	-2.839152	-53.228160	150.117189
36746		13.951947	0.523376	0.796234	0.930508	-5.661711	-0.931361	-0.876221	0.079590	0.505859	-1.727003	-56.491041	149.412216
36747		14.736458	0.331972	1.190172	0.886674	-5.723303	-0.930048	-0.825684	0.081055	0.477051	-0.458640	-59.791768	148.517162
36748		15.533455	0.027751	1.592908	0.867721	-5.799343	-1.004079	-0.784668	0.084473	0.443359	1.138173	-63.111397	147.268439
36749		16.495372	-0.429092	2.127015	0.891550	-5.883978	-1.112135	-0.772705	0.086670	0.406982	3.283641	-66.468370	145.462426
36750		17.300712	-1.238965	3.022929	0.963033	-5.969540	-1.229059	-0.775391	0.091797	0.372803	6.305478	-69.818688	142.804754
36751		18.368519	-2.223653	4.460300	1.082172	-6.050549	-1.356989	-0.796143	0.086914	0.347900	10.770000	-73.146162	138.752404
36752		19.453880	-2.977265	6.542720	1.262603	-6.125219	-1.417604	-0.809326	0.078613	0.351318	17.544678	-76.354772	132.485647
36753		20.485862	-2.708213	9.956996	1.461084	-6.228720	-1.310619	-0.826660	0.061279	0.359619	28.077505	-79.376181	122.573398
36754		21.810497	-0.837998	14.332451	1.579911	-6.293007	-0.894146	-0.839355	0.062256	0.369141	44.595155	-82.000890	106.761694
36755		22.884173	1.694702	18.452306	1.522053	-6.189279	-0.211326	-0.849854	0.056885	0.396973	70.382754	-83.855563	81.665209
36756		22.330285	4.379508	21.365255	1.291762	-5.852165	0.543444	-0.843018	0.052490	0.427002	103.859310	-84.353416	48.766752
36757		20.573724	6.453629	23.011670	0.926576	-5.329160	1.066949	-0.840332	0.052002	0.445801	132.575887	-83.415742	20.428149
36758		17.821128	6.181635	23.940562	0.535565	-4.568087	1.033700	-0.825928	0.052734	0.463623	149.142137	-81.741317	4.037192
36759		15.326043	5.920995	25.998645	0.290756	-3.644463	0.351323	-0.826904	0.052246	0.479004	156.384796	-79.966979	-3.127623
36760		13.716160	5.787492	27.701573	0.019085	-2.591785	-0.687209	-0.814697	0.048340	0.492920	157.537133	-78.445396	-4.287305
36761		11.351758	3.544564	28.212608	-0.216644	-1.616850	-1.677834	-0.817139	0.054199	0.496094	155.066242	-77.206442	-1.884954
36762		9.641054	0.961561	27.747414	-0.404756	-0.855118	-2.298953	-0.812500	0.046387	0.508789	150.813294	-76.169251	2.249034
36763		48.095767	-7.595567	27.443965	-0.318394	-0.188387	-1.946476	-0.826172	0.044922	0.510742	147.067718	-75.499816	5.925859
36764		8.466193	-17.795206	30.537552	0.184573	3.924364	1.679192	-0.834229	0.042236	0.502197	145.252607	-77.902366	7.901421
36765		9.697865	-0.983874	11.069706	0.272982	4.422592	3.053604	-0.848633	0.056396	0.503662	145.391811	-80.984260	7.920810
36766		9.400031	-3.875801	-4.412494	0.484612	3.756855	2.679016	-0.871094	0.054932	0.495605	146.080751	-83.626247	7.508111
36767		17.281864	-3.804292	-14.659175	0.747618	5.573921	1.840460	-0.895996	0.062012	0.482910	130.585368	-86.746279	23.483459
36768		11.794275	-3.098758	-3.563770	0.873883	7.312881	1.020649	-0.923828	0.078613	0.464600	42.614006	-87.211838	112.037061
36769		7.461425	-0.484744	7.167183	0.660104	6.791440	0.572834	-0.944092	0.073486	0.443359	14.983190	-83.858874	140.117646
36770		5.476626	-0.245720	9.904241	0.360216	4.962360	0.308317	-0.962158	0.075195	0.431641	9.349939	-81.112904	146.008286
36771		4.926912	0.948373	8.760544	-0.090973	3.389465	0.354412	-0.964600	0.082764	0.433350	6.575790	-79.214401	148.771380
36772		5.474382	0.241643	5.842640	-0.190027	2.040217	0.234729	-0.982666	0.074463	0.427246	5.214772	-78.065338	150.050649
36773		6.488472	-0.406105	4.477379	-0.070547	1.244304	0.142697	-0.978271	0.081543	0.413330	4.515741	-77.358321	150.725543
36774		5.877121	-0.140101	4.854896	-0.035630	0.580834	0.101102	-0.992188	0.076172	0.415771	4.141008	-77.030868	151.091087
36775		8.239690	-0.218368	3.090128	-0.001983	0.253853	0.089981	-0.988525	0.073975	0.414063	3.867425	-76.885428	151.371599
36776		9.315262	0.119858	2.432129	-0.006856	0.151713	0.038640	-0.989746	0.078857	0.403564	3.754371	-76.800204	151.485860
36777		9.121315	0.052144	2.471221	-0.013962	0.121623	0.038049	-0.996338	0.085938	0.413574	3.628357	-76.728038	151.607948
36778		9.134627	-0.011260	2.521553	-0.006721	0.085691	0.060118	-0.991211	0.082520	0.411133	3.476150	-76.681215	151.762586
36779		9.267000	-0.068134	2.445679	-0.010471	0.053195	0.049703	-0.983643	0.082764	0.415039	3.336249	-76.648414	151.901059
36780		9.267258	-0.106048	2.443595	-0.005860	0.023036	0.029464	-0.988281	0.076172	0.412354	3.268674	-76.636263	151.969257
36781		9.355693	-0.081082	2.405709	-0.001419	0.001180	0.014537	-0.991943	0.084717	0.415527	3.226359	-76.631968	152.012779
36782		9.438152	-0.001250	2.358038	-0.010036	-0.014966	0.001128	-0.991211	0.079102	0.411621	3.229883	-76.640622	152.005442
36783		9.457997	-0.014442	2.330902	-0.009271	-0.017825	0.006685	-0.985596	0.081299	0.415771	3.204492	-76.646934	152.026948
36784		9.496156	-0.006180	2.283473	-0.015314	-0.021494	-0.000166	-0.991699	0.073730	0.411133	3.208989	-76.659281	152.015504
36785		9.530533	-0.044090	2.302766	-0.012720	-0.011775	0.007003	-0.981689	0.075439	0.414063	3.179968	-76.662144	152.038712
36786		9.507201	-0.046842	2.308427	-0.017824	-0.002722	0.003931	-0.987061	0.078125	0.417236	3.170609	-76.663884	152.040030
36787		9.578820	-0.075944	2.283989	-0.013963	0.008614	0.003074	-0.994873	0.074951	0.419678	3.147587	-76.654960	152.056343
36788		9.552624	-0.010297	2.302871	-0.012618	0.017586	0.002195	-0.991943	0.071777	0.421387	3.142700	-76.645026	152.056131
36789		9.524539	-0.027165	2.292214	-0.012179	0.029460	0.002871	-0.988281	0.076660	0.410645	3.118452	-76.624176	152.074758
36790		9.452128	0.000371	2.319823	-0.012334	0.032256	0.009374	-0.996582	0.079102	0.410889	3.094582	-76.606073	152.094225
36791		9.405572	-0.038905	2.329873	-0.016394	0.031986	0.014912	-0.991943	0.072266	0.404297	3.038813	-76.584146	152.142777
36792		9.412985	-0.011735	2.370987	-0.019384	0.023264	0.012994	-0.984863	0.075684	0.415039	3.003531	-76.571290	152.169829
36793		9.406085	0.040268	2.364993	-0.020999	0.018003	0.011409	-0.994873	0.078857	0.409424	2.955474	-76.557242	152.207748
36794		9.397679	0.009004	2.327875	-0.023538	0.012004	0.028058	-0.990234	0.080078	0.415039	2.883273	-76.551258	152.270313
36795		9.469309	-0.054222	2.389890	-0.024277	0.009357	0.023706	-0.979492	0.084229	0.412598	2.805128	-76.542486	152.337250
36796		9.502838	-0.062886	2.325948	-0.023280	0.008296	0.030502	-0.988770	0.073975	0.407959	2.727791	-76.538653	152.405252
36797		9.499639	-0.114725	2.302188	-0.024469	0.017669	0.028987	-0.990723	0.075439	0.416016	2.636120	-76.525222	152.485992
36798		9.554218	-0.085392	2.330125	-0.020834	0.024448	0.027491	-0.986572	0.078857	0.411621	2.565778	-76.512020	152.548247
36799		9.515665	-0.065467	2.292541	-0.018333	0.029569	0.026906	-1.000732	0.075684	0.408447	2.481615	-76.491682	152.624891
36800		9.472999	-0.092230	2.321885	-0.017782	0.037770	0.037134	-0.989746	0.077637	0.411377	2.389045	-76.471047	152.711818
36801		9.515807	0.009594	2.329872	-0.016634	0.033917	0.037419	-0.995850	0.071533	0.414307	2.280920	-76.448415	152.814124
36802		9.496546	-0.016260	2.353301	-0.017477	0.041419	0.046698	-0.987061	0.076416	0.412109	2.166094	-76.425828	152.924140
36803		9.538570	-0.032580	2.325480	-0.021484	0.042994	0.060546	-0.993164	0.081543	0.411133	2.000395	-76.398381	153.082848
36804		9.443401	-0.046441	2.354641	-0.018894	0.044441	0.069495	-0.993652	0.079834	0.411621	1.831528	-76.374362	153.247655
36805		9.449490	-0.140986	2.360994	-0.019413	0.046366	0.065763	-0.995117	0.085205	0.414307	1.655741	-76.344860	153.418006
36806		9.466779	-0.125896	2.345552	-0.019268	0.046344	0.058638	-0.991455	0.079346	0.402588	1.513341	-76.319355	153.555394
36807		9.376549	-0.158335	2.388117	-0.017717	0.041501	0.053672	-0.991699	0.072266	0.411377	1.368505	-76.292259	153.694929
36808		9.422572	-0.160074	2.379555	-0.015930	0.041217	0.049348	-0.995850	0.077393	0.406738	1.251111	-76.269414	153.808574
36809		9.443116	-0.095145	2.388626	-0.010219	0.038467	0.047214	-0.987549	0.074219	0.402344	1.126779	-76.243835	153.931453
36810		9.413682	-0.081536	2.384530	-0.016724	0.031229	0.037862	-0.994141	0.085205	0.403320	1.036984	-76.226481	154.016236
36811		9.403881	-0.080504	2.354559	-0.016912	0.031268	0.044934	-0.988281	0.086426	0.411377	0.915169	-76.204899	154.132603
36812		9.388643	-0.092065	2.396226	-0.018776	0.024211	0.042102	-0.993896	0.081787	0.408936	0.815054	-76.191525	154.226816
36813		9.445106	-0.132472	2.413163	-0.023840	0.022270	0.041413	-0.989502	0.073730	0.410889	0.698346	-76.174970	154.333857
36814		9.436429	-0.165451	2.376624	-0.024331	0.024190	0.037707	-0.990234	0.076416	0.411133	0.605683	-76.161496	154.417130
36815		9.464252	-0.187403	2.386479	-0.024825	0.028871	0.033396	-0.990234	0.071289	0.409180	0.507340	-76.141030	154.504693
36816		9.486059	-0.155482	2.389230	-0.025749	0.037306	0.033711	-0.992432	0.082764	0.415039	0.423297	-76.119958	154.578263
36817		9.522319	-0.116872	2.353701	-0.023190	0.044259	0.041444	-0.991211	0.083496	0.417236	0.307546	-76.090643	154.684741
36818		9.515257	-0.067711	2.350886	-0.030093	0.059190	0.041391	-0.999023	0.083252	0.412354	0.203656	-76.056988	154.776214
36819		9.569672	-0.075371	2.378093	-0.033012	0.078083	0.059536	-0.995361	0.081787	0.416748	0.041491	-76.008223	154.924758
36820		9.513924	0.001498	2.396247	-0.034330	0.085675	0.082862	-0.996094	0.089111	0.410156	-0.158617	-75.959248	155.112935
36821		9.630574	-0.034518	2.368512	-0.023474	0.092204	0.114612	-0.993896	0.086670	0.411133	-0.438507	-75.901977	155.388554
36822		9.619109	-0.108509	2.424047	-0.008525	0.092538	0.150963	-0.990967	0.080811	0.416504	-0.775378	-75.848223	155.733093
36823		10.166786	0.256286	2.316076	0.003671	0.131103	0.220105	-1.001465	0.093750	0.411377	-1.271757	-75.766758	156.248223
36824		9.819887	-0.116856	2.382749	0.002835	0.187558	0.271938	-0.993408	0.088135	0.404053	-1.860747	-75.655286	156.859895
36825		9.645265	-0.302320	2.491845	0.007783	0.201627	0.279773	-0.995361	0.082031	0.408203	-2.467492	-75.529685	157.491925
36826		9.812329	-0.257232	2.515372	0.005593	0.213223	0.281007	-1.004883	0.084717	0.402588	-3.052638	-75.400153	158.101935
36827		10.214433	-0.300887	2.556471	-0.003488	0.231551	0.283894	-0.994873	0.093018	0.406738	-3.649390	-75.254076	158.717728
36828		13.188085	-0.662352	2.459842	-0.008523	0.295337	0.231729	-0.995117	0.088623	0.403320	-4.102166	-75.076557	159.183274
36829		18.687075	-0.887042	2.105249	0.027208	0.699737	0.201663	-1.003662	0.089355	0.403320	-4.406585	-74.664111	159.515740
36830		15.659343	-1.070332	2.478502	0.064660	1.141163	0.207629	-1.009033	0.083252	0.406494	-4.600677	-74.003253	159.758012
36831		16.369490	-1.026216	2.432475	0.098983	1.385650	0.094535	-1.021973	0.084717	0.398193	-4.516520	-73.203806	159.730249
36832		17.985748	-0.891450	2.281306	0.133082	1.743376	-0.000200	-1.016602	0.094482	0.386719	-4.188394	-72.208112	159.468697
36833		18.268915	-0.675443	2.037040	0.173727	2.161606	-0.029956	-1.024902	0.091309	0.386719	-3.782003	-70.970441	159.145969
36834		17.818988	-0.344830	2.071614	0.186655	2.560009	-0.033870	-1.032471	0.083984	0.373535	-3.359583	-69.507989	158.813058
36835		17.637269	-0.154406	2.074040	0.164361	2.904865	-0.026684	-1.034180	0.076172	0.360107	-2.992699	-67.844226	158.520764
36836		18.663561	-0.317898	1.705295	0.110337	3.274292	-0.033158	-1.052490	0.082031	0.352783	-2.661480	-65.971661	158.231786
36837		20.719272	0.748283	1.454744	0.056400	3.734674	0.113370	-1.061279	0.071289	0.333496	-2.561585	-63.828998	158.157317
36838		22.384318	2.966526	0.985568	-0.068029	4.306986	0.325954	-1.074463	0.079102	0.328369	-2.734805	-61.355527	158.310896
36839		23.311011	3.288181	0.365287	-0.228392	4.944249	0.705241	-1.073975	0.075928	0.300781	-3.305875	-58.504270	158.819347
36840		24.360535	2.348129	-0.254526	-0.383115	5.644457	0.922972	-1.104736	0.077637	0.276123	-4.013053	-55.243318	159.403902
36841		26.480011	2.414500	0.274268	-0.461266	6.369798	1.156823	-1.109131	0.081299	0.242676	-4.790276	-51.554074	160.042218
36842		25.964037	3.644422	2.239233	-0.536558	6.969724	1.442114	-1.119629	0.077881	0.210693	-5.633046	-47.502437	160.748139
36843		20.834874	1.658636	5.908562	-0.586167	7.203953	1.317110	-1.140869	0.082275	0.166992	-6.294904	-43.321252	161.205145
36844		18.927595	-2.047530	6.134765	-0.462262	7.090249	0.648018	-1.155029	0.079102	0.140869	-6.483165	-39.243120	161.092190
36845		19.607634	0.299401	4.501560	-0.348606	6.969562	-0.268680	-1.152100	0.076904	0.093994	-6.229250	-35.295161	160.342890
36846		25.795373	1.563689	1.398381	-0.541854	6.926252	-0.165790	-1.153564	0.073975	0.050049	-6.191955	-31.360597	159.713989
36847		22.521985	0.652535	-3.212291	-0.686632	7.030172	0.148956	-1.147705	0.067383	0.015137	-6.384091	-27.353353	159.302943
36848		18.961372	1.969164	-6.153778	-0.744572	6.903967	-0.020470	-1.145752	0.064941	-0.023193	-6.590147	-23.424673	158.793439
36849		15.402099	6.710607	-11.444510	-0.850883	6.748175	-0.289514	-1.138916	0.060547	-0.056641	-6.833657	-19.612441	158.127844
36850		7.876373	11.113330	-11.355378	-1.185770	6.492664	-0.265399	-1.128906	0.070068	-0.107178	-7.315239	-15.939835	157.486455
36851		-16.702174	9.622933	-7.673960	-1.683648	5.846712	-0.096496	-1.109375	0.067627	-0.142822	-8.149549	-12.637870	156.961571
36852		-25.740876	2.333756	-6.264334	-1.855658	3.034942	-1.548717	-1.100342	0.055420	-0.153564	-8.972025	-11.050841	155.798747
36853		-8.259403	0.373928	-6.827376	-1.695860	0.848649	-3.125193	-1.103271	0.052979	-0.164307	-9.583792	-10.867240	153.915934
36854		-2.758996	0.871890	-4.764960	-1.551293	-0.675266	-3.326301	-1.099854	0.045410	-0.181152	-10.110784	-11.574909	152.067242
36855		1.081270	-1.294398	-5.049371	-1.374836	-1.695125	-2.743445	-1.093994	0.034668	-0.174072	-10.599159	-12.819882	150.660935
36856		3.481680	-2.682680	-5.119610	-1.099603	-2.271149	-2.038420	-1.107422	0.027100	-0.169434	-11.008641	-14.317546	149.729886
36857		4.778299	-3.232110	-4.565489	-0.797874	-2.548999	-1.422755	-1.103516	0.024170	-0.166260	-11.323421	-15.915501	149.191359
36858		5.465823	-3.532167	-3.972836	-0.489554	-2.643503	-1.006866	-1.120850	0.015137	-0.162109	-11.521524	-17.514892	148.912286
36859		5.538767	-3.653708	-3.483382	-0.188755	-2.684361	-0.749707	-1.120850	0.019287	-0.151611	-11.590034	-19.115688	148.790317
36860		4.559007	-3.660931	-3.224278	0.127034	-2.756038	-0.620755	-1.126465	0.028320	-0.143311	-11.502719	-20.734544	148.753965
36861		3.804577	-2.889468	-3.286046	0.418960	-2.905108	-0.565750	-1.135498	0.019531	-0.132080	-11.265113	-22.438772	148.762301
36862		3.358793	-2.147623	-3.245138	0.665960	-3.116708	-0.499554	-1.141846	0.015381	-0.115234	-10.907580	-24.246737	148.828420
36863		3.470024	-2.033835	-3.206555	0.875639	-3.372635	-0.457570	-1.137939	0.012939	-0.107422	-10.451778	-26.203122	148.936287
36864		4.069509	-1.933455	-3.119698	1.084931	-3.633324	-0.496187	-1.153320	0.007568	-0.098389	-9.872079	-28.302840	149.032633
36865		4.952662	-1.598931	-2.951260	1.264122	-3.865370	-0.545036	-1.167725	0.002197	-0.080322	-9.179693	-30.547986	149.096748
36866		5.890448	-1.080338	-2.678750	1.413164	-4.061660	-0.567170	-1.167969	0.004883	-0.060303	-8.387800	-32.897898	149.134851
36867		6.887778	-0.666909	-2.271221	1.515232	-4.227502	-0.552819	-1.178955	0.001221	-0.039307	-7.533481	-35.350496	149.158157
36868		7.803930	-0.140442	-1.808834	1.580307	-4.359774	-0.548043	-1.181396	-0.009033	-0.022217	-6.621552	-37.868479	149.151120
36869		8.575330	0.565359	-1.177325	1.599248	-4.476866	-0.554342	-1.190918	-0.004395	-0.006104	-5.670869	-40.463428	149.095114
36870		9.130856	1.351452	-0.558087	1.564457	-4.602021	-0.590531	-1.201172	-0.009766	0.006592	-4.681999	-43.120267	148.959794
36871		9.523507	2.224239	0.091157	1.485900	-4.757963	-0.674824	-1.210449	-0.025391	0.029053	-3.645053	-45.878686	148.693632
36872		9.538681	2.833712	0.733202	1.362261	-4.967118	-0.813633	-1.220947	-0.027100	0.051270	-2.521450	-48.745848	148.230165
36873		9.717794	2.991814	1.198199	1.234112	-5.223184	-1.009664	-1.230713	-0.043213	0.075439	-1.234858	-51.768051	147.475782
36874		10.842179	3.108582	1.353881	1.114558	-5.484662	-1.199449	-1.244385	-0.050293	0.099854	0.297610	-54.916337	146.364830
36875		12.426538	2.993643	1.540834	1.008637	-5.673934	-1.351922	-1.243896	-0.060303	0.139648	2.156732	-58.162889	144.829316
36876		14.260114	2.527722	2.045074	0.944605	-5.805638	-1.446879	-1.261475	-0.064209	0.168701	4.455605	-61.436442	142.799174
36877		15.649945	1.981050	3.022996	0.922054	-5.884070	-1.507813	-1.257813	-0.083008	0.215576	7.367650	-64.714891	140.126941
36878		16.842985	1.204088	4.309813	0.949322	-5.941444	-1.534197	-1.271729	-0.093018	0.263184	11.147281	-67.934633	136.597967
36879		18.036019	0.254243	5.754725	1.042640	-5.984079	-1.539055	-1.271973	-0.108887	0.314453	16.223424	-71.073092	131.819254
36880		19.248064	-0.857560	7.724966	1.201628	-6.016141	-1.467110	-1.254639	-0.125244	0.364746	23.138466	-74.039797	125.297833
36881		20.521994	-1.830816	10.335952	1.451945	-6.047258	-1.249523	-1.239990	-0.124023	0.413574	32.673953	-76.786761	116.309131
36882		20.780568	-1.660648	13.338562	1.755460	-6.069231	-0.721695	-1.222412	-0.122070	0.461426	45.556562	-79.236395	104.174722
36883		19.780814	0.486408	16.060727	1.961317	-6.096540	0.025165	-1.194336	-0.123779	0.509766	63.336167	-81.309039	87.283431
36884		18.469285	2.615697	18.238173	1.961035	-6.055933	0.645877	-1.163330	-0.106201	0.556152	87.685075	-82.559627	63.836329
36885		18.181880	3.991032	20.330443	1.800720	-5.789946	0.930826	-1.137695	-0.096924	0.589111	114.530231	-82.439289	37.809162
36886		18.144073	4.857863	21.863903	1.549531	-5.204541	0.820302	-1.098145	-0.080078	0.628662	134.366793	-81.120225	18.670941
36887		17.304977	4.235639	23.155640	1.269430	-4.368746	0.347181	-1.064941	-0.073242	0.648926	145.385369	-79.321286	8.231683
36888		15.804163	2.947249	24.420923	1.031065	-3.356044	-0.307986	-1.040527	-0.073730	0.663574	150.256221	-77.597465	3.866088
36889		14.338769	2.267400	25.566788	0.807594	-2.310376	-0.762140	-1.030029	-0.068848	0.670166	151.844221	-76.223863	2.712817
36890		12.926496	0.924778	25.727025	0.521580	-1.321845	-0.919893	-1.008301	-0.064209	0.683594	151.719969	-75.306278	3.151510
36891		14.534862	0.044397	23.705282	0.290572	-0.547778	-0.799901	-1.008057	-0.067383	0.681885	150.948230	-74.810371	4.124760
36892		44.404383	-12.424125	32.946523	0.427779	2.969201	1.377123	-1.023682	-0.053955	0.664307	150.632400	-76.679301	4.705659
36893		13.007350	-2.242244	18.771351	0.321169	4.549916	2.431313	-1.048340	-0.046387	0.648682	150.491092	-79.637956	5.040242
36894		4.413462	-2.316566	-3.257265	0.375852	4.317503	2.329945	-1.077148	-0.032471	0.641602	150.311284	-82.447220	5.442362
36895		17.117466	0.038957	-10.437664	0.516823	5.002574	1.735823	-1.111572	-0.018311	0.602539	143.785113	-85.403467	12.303044
36896		13.905700	-3.002056	-6.383884	0.396363	6.867345	1.419999	-1.139160	-0.019531	0.572021	83.528741	-88.092240	72.855402
36897		6.789593	-3.318076	5.294445	0.410449	6.743550	0.636462	-1.171387	-0.012695	0.543213	20.701307	-85.644712	135.984446
36898		6.398539	-0.681278	9.440559	0.236917	5.241189	0.214042	-1.186035	-0.004639	0.524902	11.470319	-82.783310	145.398183
36899		7.467547	1.699893	5.887119	-0.044325	3.848913	0.155502	-1.204102	-0.016602	0.498291	8.236716	-80.620750	148.641057
36900		6.005452	1.182824	6.390230	-0.311507	2.669130	0.255841	-1.213379	-0.006348	0.474854	6.182180	-79.121662	150.548803
36901		6.076534	-0.117259	5.157612	-0.337252	1.711218	0.215858	-1.212646	-0.007324	0.464355	4.894854	-78.152588	151.666036
36902		4.634176	-1.618941	5.396788	-0.184920	0.822314	0.133763	-1.216309	-0.011719	0.464844	4.266886	-77.689072	152.202049
36903		8.025221	0.162022	3.252652	-0.054026	0.370678	0.130226	-1.213623	-0.012207	0.463867	3.820015	-77.476795	152.629210
36904		9.158836	-0.142024	2.392797	-0.050300	0.221350	0.111662	-1.222656	0.002441	0.474365	3.479478	-77.354344	152.950788
36905		8.933157	-0.157836	2.529291	-0.040370	0.188255	0.082012	-1.219238	-0.004639	0.458740	3.210903	-77.243584	153.203685
36906		9.001570	-0.233191	2.421786	-0.024929	0.114148	0.073157	-1.219727	-0.007080	0.461426	3.006901	-77.180613	153.400418
36907		9.328567	-0.250167	2.333817	-0.021216	0.078982	0.026256	-1.218750	-0.001221	0.462158	2.909356	-77.130311	153.489291
36908		9.364202	-0.058567	2.337987	-0.007525	0.052644	0.002438	-1.218750	-0.002441	0.461670	2.902506	-77.100326	153.494086
36909		9.441468	0.005869	2.274526	-0.004260	0.041925	-0.005591	-1.225586	-0.009277	0.460938	2.899420	-77.070274	153.496034
36910		9.533591	0.046365	2.257127	-0.009430	0.034576	0.002156	-1.222656	-0.009521	0.451172	2.894501	-77.050620	153.497728
36911		9.579724	0.048438	2.247645	-0.013349	0.039041	0.015418	-1.221436	-0.004150	0.461182	2.834425	-77.022822	153.552815
36912		9.554459	0.078774	2.262917	-0.014375	0.039325	0.024659	-1.215576	-0.005859	0.453125	2.770410	-77.001080	153.612250
36913		9.551092	-0.007567	2.237920	-0.018554	0.044726	0.036059	-1.221191	-0.008545	0.459717	2.656128	-76.970566	153.719930
36914		9.532512	-0.066341	2.258016	-0.021324	0.054300	0.031721	-1.225586	-0.007568	0.452637	2.569564	-76.940393	153.798437
36915		9.507760	-0.071153	2.269675	-0.009508	0.055162	0.029172	-1.215820	-0.004639	0.462402	2.477233	-76.903663	153.888931
36916		9.455335	-0.091736	2.268530	-0.006863	0.049168	0.023922	-1.221924	-0.010254	0.458252	2.419433	-76.876186	153.946432
36917		9.434091	-0.046576	2.303433	-0.003966	0.044987	0.019903	-1.226074	-0.005127	0.458740	2.354793	-76.845018	154.011772
36918		9.391197	-0.070833	2.334148	-0.003582	0.038446	0.015909	-1.230225	-0.005615	0.453125	2.320028	-76.823467	154.047560
36919		9.389578	-0.038190	2.342176	-0.006846	0.025150	0.013496	-1.218262	-0.009766	0.463379	2.271747	-76.803486	154.094417
36920		9.403254	-0.033779	2.305021	-0.005870	0.021412	0.020889	-1.228027	-0.000488	0.453369	2.225391	-76.791786	154.140769
36921		9.407103	-0.021077	2.325450	-0.010266	0.009217	0.018789	-1.224365	-0.006104	0.461914	2.163956	-76.781024	154.199135
36922		9.425355	-0.002411	2.305898	-0.017076	0.007589	0.022512	-1.214844	-0.003418	0.460205	2.108644	-76.777253	154.248096
36923		9.426074	-0.039603	2.301321	-0.014237	0.002691	0.034516	-1.228760	-0.002686	0.460205	2.007346	-76.770523	154.345083
36924		9.426848	-0.077357	2.296409	-0.019272	0.000730	0.033919	-1.218506	-0.002441	0.468994	1.923643	-76.770870	154.421918
36925		9.470395	-0.126820	2.259704	-0.016759	0.003089	0.033895	-1.223633	-0.003906	0.453125	1.822490	-76.763835	154.517280
36926		9.460214	-0.121749	2.318482	-0.017002	0.006776	0.031417	-1.219971	0.000732	0.458984	1.745764	-76.760620	154.588287
36927		9.455013	-0.105560	2.305102	-0.012468	0.005111	0.029556	-1.230957	-0.004639	0.458252	1.657588	-76.752298	154.672849
36928		9.474128	-0.121478	2.280260	-0.013686	0.007041	0.020938	-1.225342	-0.014893	0.463623	1.608332	-76.748717	154.717588
36929		9.472421	-0.055719	2.290928	-0.014344	0.003526	0.025560	-1.228027	0.007568	0.452148	1.529006	-76.741206	154.791961
36930		9.448802	-0.060317	2.297666	-0.010615	0.003952	0.034152	-1.221680	-0.009766	0.462646	1.449660	-76.739565	154.869424
36931		9.468675	-0.111273	2.267717	-0.012637	0.007978	0.035985	-1.223877	0.001709	0.457764	1.345860	-76.729609	154.969955
36932		9.481919	-0.104811	2.320495	-0.013123	0.009852	0.032286	-1.228516	-0.006836	0.456055	1.269382	-76.724508	155.043000
36933		9.477394	-0.122909	2.302447	-0.014260	0.010960	0.032587	-1.224365	-0.004150	0.458252	1.172957	-76.712743	155.135008
36934		9.491393	-0.120133	2.264155	-0.014264	0.010962	0.032580	-1.223389	0.001465	0.452148	1.095218	-76.706958	155.208682
36935		9.454003	-0.165104	2.305750	-0.014995	0.011023	0.027660	-1.220459	-0.000244	0.449951	1.010535	-76.695057	155.288199
36936		9.499269	-0.096984	2.304532	-0.009468	0.016605	0.030698	-1.222412	0.000000	0.453613	0.940046	-76.685974	155.357253
36937		9.452547	-0.136906	2.313554	-0.011586	0.013209	0.025485	-1.225342	-0.013672	0.457764	0.862718	-76.672764	155.431228
36938		9.521446	-0.067214	2.305759	-0.016149	0.009386	0.028572	-1.218018	0.002930	0.455566	0.793997	-76.667758	155.494537
36939		9.469795	-0.087891	2.300754	-0.013124	0.018116	0.030379	-1.223389	-0.007568	0.452393	0.704046	-76.651741	155.580589
36940		9.445847	-0.092631	2.308714	-0.016547	0.015939	0.032534	-1.228760	-0.006348	0.457764	0.625521	-76.642966	155.653746
36941		9.450336	-0.115630	2.324236	-0.017437	0.018862	0.034055	-1.224854	-0.005127	0.451904	0.524573	-76.626495	155.748576
36942		9.487043	-0.077620	2.285718	-0.021974	0.023295	0.035269	-1.222900	-0.006592	0.458740	0.436473	-76.613464	155.828387
36943		9.486420	-0.081717	2.288161	-0.026029	0.028606	0.039545	-1.224121	-0.004395	0.462402	0.317701	-76.591369	155.936497
36944		9.490554	-0.105819	2.305004	-0.026194	0.034223	0.045344	-1.226318	0.004639	0.451904	0.203307	-76.572032	156.040866
36945		9.517515	-0.095034	2.320960	-0.026388	0.034339	0.052380	-1.224365	-0.001465	0.463135	0.054272	-76.546579	156.179903
36946		9.521434	-0.119891	2.338467	-0.031871	0.042533	0.046204	-1.228516	-0.001709	0.450928	-0.064687	-76.522368	156.285643
36947		9.539040	-0.104712	2.322447	-0.033860	0.045745	0.056902	-1.226318	-0.003662	0.451416	-0.227675	-76.490235	156.434664
36948		9.523920	-0.086620	2.280279	-0.035886	0.052540	0.058076	-1.231689	-0.001709	0.460938	-0.376098	-76.460128	156.568368
36949		9.583511	-0.115263	2.320056	-0.038750	0.064185	0.069033	-1.223633	0.004150	0.453613	-0.568825	-76.417197	156.745147
36950		9.608123	-0.005444	2.354961	-0.036830	0.069624	0.089489	-1.233887	-0.000977	0.456787	-0.790086	-76.376884	156.953279
36951		9.858433	0.188064	2.305559	-0.029637	0.075234	0.121252	-1.229736	0.001709	0.441650	-1.097726	-76.326812	157.253760
36952		9.843694	0.029453	2.333073	-0.027195	0.113322	0.188001	-1.225830	-0.004395	0.452637	-1.539016	-76.259626	157.694145
36953		10.128342	0.002016	2.285409	-0.014887	0.147081	0.257626	-1.228271	0.004639	0.444336	-2.144577	-76.164830	158.310296
36954		9.706425	-0.304271	2.389687	-0.011712	0.178160	0.272940	-1.229736	-0.003662	0.449951	-2.755908	-76.056398	158.935326
36955		9.884908	-0.503748	2.404864	-0.005900	0.199368	0.266564	-1.231201	0.004395	0.452148	-3.352423	-75.928367	159.548065
36956		9.811271	-0.313067	2.494001	-0.006073	0.209463	0.246509	-1.233398	0.011475	0.447510	-3.876145	-75.799965	160.086754
36957		12.152390	-0.437081	2.411784	-0.019548	0.240963	0.202214	-1.232910	-0.001709	0.445801	-4.308478	-75.648154	160.522738
36958		16.504634	-0.795323	2.032382	0.023397	0.578225	0.208837	-1.240479	0.014404	0.443359	-4.646567	-75.308829	160.888036
36959		15.582219	-0.705565	2.380682	0.036180	0.912146	0.199846	-1.234863	0.005127	0.437988	-4.895378	-74.772914	161.168396
36960		17.114619	-1.270956	2.384180	0.082680	1.227693	0.208836	-1.243408	0.014648	0.428467	-5.048171	-74.062094	161.378412
36961		19.510101	-0.938801	2.147204	0.109195	1.635143	0.065391	-1.248779	0.006592	0.422852	-4.842786	-73.120275	161.230751
36962		19.142862	-0.731409	1.918890	0.172976	2.138632	0.013152	-1.254150	0.009277	0.398438	-4.444744	-71.898648	160.919585
36963		17.045396	-0.341460	1.918258	0.187211	2.541224	-0.009315	-1.266357	0.012451	0.380859	-4.011190	-70.442448	160.575841
36964		16.184532	-0.372600	2.101598	0.174715	2.823186	-0.021459	-1.266846	0.009033	0.359619	-3.582364	-68.829522	160.227524
36965		17.090706	-0.733238	1.761974	0.137439	3.107178	-0.079016	-1.265625	0.009521	0.342773	-3.137982	-67.051059	159.833736
36966		18.966391	0.540780	1.690028	0.088321	3.478860	-0.011021	-1.277100	0.009033	0.321777	-2.833086	-65.061105	159.557883
36967		20.554114	2.009145	1.213274	-0.018995	3.952913	0.165303	-1.281250	0.001709	0.292969	-2.812025	-62.791369	159.522657
36968		21.085916	2.440776	0.649285	-0.130377	4.492201	0.476279	-1.291260	0.002441	0.262695	-3.137178	-60.207083	159.809989
36969		22.488874	2.358065	0.039778	-0.245579	5.098571	0.720598	-1.289795	0.006836	0.224121	-3.672347	-57.264859	160.271415
36970		24.866595	4.208834	-0.328232	-0.361346	5.810921	0.961083	-1.297607	0.008545	0.182373	-4.337173	-53.905374	160.828608
36971		27.019763	5.105198	0.292488	-0.528401	6.577716	1.353834	-1.301514	0.016113	0.135742	-5.227431	-50.085462	161.573664
36972		24.421604	2.637237	2.051775	-0.673074	7.209077	1.475385	-1.301514	0.018555	0.096680	-6.091009	-45.892031	162.219108
36973		19.650344	-2.833339	6.145326	-0.565356	7.394753	0.980199	-1.294434	0.021484	0.042236	-6.503761	-41.622028	162.347325
36974		16.627886	-4.346450	5.984305	-0.305957	7.197977	0.154573	-1.286621	0.013672	-0.007080	-6.366144	-37.514287	161.859634
36975		19.373833	-0.714331	4.536850	-0.176065	6.990036	-0.692355	-1.270752	0.013672	-0.049072	-5.879391	-33.578713	160.848588
36976		22.557563	0.839791	0.780212	-0.397819	6.959538	-0.548087	-1.254395	0.006348	-0.096436	-5.664860	-29.643261	160.008836
36977		21.237825	-0.129919	-3.513576	-0.580618	6.947061	-0.034183	-1.233154	-0.007813	-0.141113	-5.778758	-25.691469	159.536654
36978		19.908920	0.467788	-6.467886	-0.621038	6.953720	0.069968	-1.205566	-0.009766	-0.187256	-5.970172	-21.724439	159.132936
36979		14.964447	4.535206	-11.157968	-0.662257	6.927109	-0.154339	-1.177734	-0.003662	-0.223877	-6.166921	-17.796879	158.590841
36980		9.983613	10.339666	-10.914399	-0.974533	6.677546	-0.370690	-1.160400	-0.012207	-0.264893	-6.541932	-14.018276	157.929270
36981		-7.157850	11.253902	-9.843527	-1.509975	6.184261	-0.124295	-1.140137	-0.013916	-0.295898	-7.297768	-10.521264	157.416571
36982		-33.560767	2.751440	-5.684901	-1.818160	3.835253	-1.008132	-1.116455	-0.013916	-0.317383	-8.192286	-8.422110	156.534310
36983		-14.130969	0.227319	-7.987691	-1.655546	0.900906	-2.789669	-1.099609	-0.024902	-0.323975	-8.897093	-8.158065	154.856344
36984		-5.706998	1.590656	-5.392218	-1.567967	-0.865394	-3.230173	-1.106934	-0.030762	-0.322754	-9.530369	-8.944351	153.087429
36985		-0.402534	-0.321918	-5.401115	-1.447841	-2.161923	-2.635886	-1.105469	-0.031006	-0.315430	-10.139448	-10.430274	151.789545
36986		2.664041	-1.877175	-5.168645	-1.237739	-2.895535	-1.868465	-1.123535	-0.039551	-0.308594	-10.695143	-12.256030	151.019830
36987		4.163699	-2.208805	-4.579116	-0.997254	-3.275841	-1.201714	-1.132324	-0.050781	-0.291748	-11.188793	-14.237081	150.688311
36988		4.837823	-2.144309	-4.124541	-0.758881	-3.483738	-0.671907	-1.147949	-0.052002	-0.274658	-11.625774	-16.270347	150.704512
36989		5.245233	-2.315104	-3.761489	-0.526816	-3.595393	-0.294697	-1.157471	-0.057617	-0.254150	-12.005494	-18.329504	150.970098
36990		5.217429	-2.142431	-3.236531	-0.294653	-3.656949	-0.128919	-1.174072	-0.056396	-0.247070	-12.301229	-20.393927	151.359220
36991		5.159987	-1.021234	-2.861441	-0.093121	-3.724220	-0.139158	-1.177734	-0.052246	-0.223633	-12.502549	-22.504048	151.764859
36992		5.205017	-0.391847	-2.535068	0.069255	-3.807407	-0.260902	-1.199219	-0.061035	-0.197266	-12.603267	-24.666441	152.121038
36993		5.179345	-0.419348	-2.301395	0.220215	-3.923867	-0.449962	-1.209717	-0.060059	-0.173584	-12.591275	-26.926424	152.383191
36994		5.491179	-0.577450	-2.244128	0.391046	-4.071347	-0.710501	-1.209717	-0.072754	-0.154785	-12.421658	-29.292494	152.503303
36995		6.362904	-0.537813	-2.077594	0.556991	-4.219722	-0.935252	-1.228516	-0.080322	-0.123291	-12.095391	-31.779226	152.488443
36996		7.255625	-0.262647	-1.794621	0.700900	-4.362115	-1.091255	-1.235107	-0.088135	-0.091309	-11.626506	-34.354217	152.369166
36997		7.937438	-0.222008	-1.242233	0.799983	-4.503809	-1.152955	-1.247070	-0.108887	-0.060791	-11.066560	-37.025465	152.193955
36998		8.579649	-0.356383	-0.716946	0.879627	-4.653259	-1.118205	-1.245850	-0.116699	-0.033936	-10.454588	-39.764822	152.023734
36999		9.185185	-0.036313	0.034341	0.919312	-4.812686	-1.040799	-1.249512	-0.132568	-0.001709	-9.838212	-42.596383	151.886364
37000		9.850173	0.642860	0.734515	0.899160	-4.979548	-0.944237	-1.247803	-0.123047	0.032227	-9.260817	-45.500127	151.800139
37001		10.464722	1.194381	1.285741	0.818599	-5.138607	-0.883331	-1.246582	-0.146729	0.073975	-8.748656	-48.500341	151.739928
37002		10.857316	1.364456	1.725794	0.713193	-5.295412	-0.911003	-1.249023	-0.141846	0.114014	-8.254853	-51.578644	151.631759
37003		11.456094	1.382853	2.134511	0.603611	-5.449629	-1.055180	-1.234375	-0.160400	0.154785	-7.685777	-54.768647	151.351925
37004		12.423136	1.221752	2.666662	0.501039	-5.569392	-1.277026	-1.218262	-0.167969	0.193115	-6.911483	-58.027202	150.769852
37005		13.863283	0.521581	3.134049	0.432806	-5.630453	-1.537043	-1.204834	-0.186035	0.238770	-5.772673	-61.345502	149.737614
37006		15.381511	-0.432405	3.767581	0.416598	-5.623427	-1.810629	-1.175537	-0.195068	0.290527	-4.040288	-64.645057	148.064326
37007		16.723236	-1.790881	4.678747	0.459701	-5.554942	-2.034382	-1.154053	-0.211426	0.321289	-1.469500	-67.896042	145.544526
37008		17.820990	-3.584786	5.592005	0.575405	-5.446234	-2.199300	-1.114746	-0.224609	0.352051	2.290190	-71.009067	141.885368
37009		18.377513	-4.857033	7.083782	0.780208	-5.351973	-2.238408	-1.077148	-0.234375	0.384277	7.644654	-73.970948	136.741540
37010		18.126286	-5.657200	9.048794	1.015314	-5.304754	-2.040524	-1.030029	-0.250000	0.412354	14.899781	-76.727853	129.848766
37011		17.701362	-6.200844	11.340410	1.278933	-5.327191	-1.527646	-0.997803	-0.250488	0.434082	24.402810	-79.329542	120.887031
37012		17.389223	-5.505866	13.709652	1.500415	-5.376112	-0.776145	-0.963135	-0.245361	0.457275	37.044965	-81.762530	108.948531
37013		17.080964	-3.706286	15.668192	1.596403	-5.375715	0.117572	-0.925537	-0.247070	0.486328	55.535200	-83.975343	91.242041
37014		16.965304	-1.671443	17.122069	1.560083	-5.217996	0.871003	-0.893066	-0.240723	0.492676	85.526683	-85.489411	62.031073
37015		16.696913	0.391237	18.266068	1.432040	-4.812099	1.246475	-0.862061	-0.242920	0.497314	123.255794	-85.494625	25.016566
37016		15.953721	1.780107	18.718080	1.251728	-4.189369	1.141579	-0.824951	-0.226807	0.495117	147.961623	-84.207316	0.937291
37017		14.352453	1.631577	18.860760	1.061504	-3.436220	0.537906	-0.812256	-0.221680	0.486572	158.638512	-82.574022	-9.196221
37018		12.468822	0.097375	19.570112	0.973634	-2.693381	-0.345866	-0.795410	-0.211426	0.492920	161.544888	-81.054473	-11.566514
37019		11.937564	-0.561276	20.477143	0.944650	-1.999791	-0.975770	-0.776367	-0.216064	0.472900	161.138575	-79.785990	-10.603862
37020		11.723344	-1.839316	20.808072	0.889600	-1.363910	-1.088751	-0.760010	-0.193115	0.467773	159.905759	-78.840366	-8.828466
37021		11.988893	-3.457220	20.017440	0.884642	-0.804094	-0.814338	-0.751953	-0.192383	0.460693	159.065102	-78.244891	-7.451278
37022		37.875080	-9.798530	29.156126	1.157117	2.445605	0.333128	-0.766357	-0.184570	0.460693	158.008725	-79.618111	-5.697255
37023		15.664291	-1.654503	19.472768	1.147427	4.081104	0.799501	-0.781982	-0.179443	0.460205	155.592588	-81.952874	-2.581489
37024		6.874411	-2.908976	4.897261	1.270076	5.334859	0.819492	-0.800293	-0.172607	0.452148	147.196363	-84.869496	6.602204
37025		11.732169	2.605170	-0.505993	1.358238	4.954285	0.297083	-0.829590	-0.166260	0.445557	120.429109	-87.025826	34.211908
37026		16.307952	3.390685	-7.597410	0.792527	6.102114	0.916098	-0.843750	-0.158447	0.434326	46.056040	-87.161887	109.112477
37027		10.147728	-0.463237	3.388256	0.281069	6.688587	1.043641	-0.870361	-0.161865	0.413086	14.106304	-84.019334	141.304128
37028		4.562039	-2.856506	10.676858	0.214295	5.202219	0.578228	-0.894287	-0.153076	0.404785	7.456238	-81.148012	148.134019
37029		6.046052	0.507662	7.450093	0.052667	3.442639	0.441268	-0.906738	-0.153564	0.390137	4.799597	-79.207434	150.862001
37030		4.094170	0.343692	7.210636	-0.041338	1.979787	0.392245	-0.914307	-0.148926	0.387939	3.272643	-78.091665	152.397359
37031		4.466343	-0.354975	5.836682	-0.022588	0.914921	0.254605	-0.924072	-0.137695	0.387207	2.450054	-77.568352	153.227240
37032		8.262797	-0.057434	3.041111	-0.010306	0.343950	0.137098	-0.925537	-0.149414	0.392334	2.066456	-77.374621	153.616332
37033		9.045224	-0.152949	2.514799	-0.026133	0.265759	0.125880	-0.919678	-0.156250	0.382813	1.697714	-77.217246	153.980652
37034		9.112099	-0.078912	2.457202	-0.037000	0.243519	0.093376	-0.922363	-0.150635	0.383789	1.435623	-77.079348	154.229922
37035		8.624716	-0.226081	2.718718	-0.031612	0.167365	0.091201	-0.928711	-0.146973	0.379639	1.169976	-76.977040	154.485615
37036		8.990116	-0.273549	2.491471	-0.030027	0.079591	0.049797	-0.926514	-0.145752	0.382813	1.035985	-76.932123	154.607686
37037		9.390770	-0.136631	2.332939	-0.025025	0.048274	0.017361	-0.920898	-0.149658	0.385498	0.965625	-76.896934	154.666879
37038		9.367022	-0.173976	2.337650	-0.023363	0.035083	0.007153	-0.925537	-0.150879	0.376465	0.943284	-76.877036	154.678266
37039		9.436932	-0.169730	2.321010	-0.015103	0.018958	-0.007345	-0.917480	-0.151611	0.386230	0.940756	-76.858402	154.673651
37040		9.543311	-0.087729	2.269188	-0.011766	0.019282	-0.017789	-0.924316	-0.146240	0.380615	0.986900	-76.847316	154.621533
37041		9.560628	-0.031386	2.256574	-0.011931	0.019346	-0.010721	-0.919922	-0.144043	0.382568	0.994325	-76.828445	154.608557
37042		9.557853	0.070546	2.275294	-0.008504	0.022581	0.011438	-0.916748	-0.149658	0.379883	0.970552	-76.815753	154.630162
37043		9.544501	-0.006456	2.305892	-0.020713	0.030153	0.026177	-0.917969	-0.148682	0.373291	0.882496	-76.791063	154.710092
37044		9.536048	-0.072939	2.264915	-0.021287	0.033985	0.037860	-0.923340	-0.150635	0.384277	0.786755	-76.772045	154.798102
37045		9.466142	-0.149762	2.276063	-0.020152	0.035638	0.036935	-0.934326	-0.144043	0.379639	0.673323	-76.744254	154.904451
37046		9.446017	-0.140528	2.304823	-0.017474	0.032419	0.031083	-0.927002	-0.145996	0.376221	0.596872	-76.726021	154.974905
37047		9.510113	-0.085292	2.280968	-0.015676	0.034865	0.026173	-0.932617	-0.145996	0.381592	0.512820	-76.698562	155.053722
37048		9.443698	-0.112780	2.316598	-0.015872	0.029420	0.034437	-0.925049	-0.152588	0.383057	0.429682	-76.682016	155.132002
37049		9.442190	-0.082086	2.325306	-0.020251	0.036547	0.027979	-0.927734	-0.139160	0.377686	0.339225	-76.653571	155.214725
37050		9.484942	-0.130680	2.290971	-0.015226	0.030220	0.030430	-0.922363	-0.152100	0.379883	0.266591	-76.636502	155.282604
37051		9.492611	-0.104988	2.332481	-0.012938	0.033519	0.028602	-0.927246	-0.145508	0.377441	0.179467	-76.609762	155.366224
37052		9.510445	-0.087148	2.315705	-0.014511	0.032887	0.034721	-0.933350	-0.151611	0.375732	0.097340	-76.591126	155.444296
37053		9.458339	-0.108415	2.312129	-0.016324	0.033206	0.038997	-0.935547	-0.156982	0.376465	-0.016025	-76.564532	155.552919
37054		9.433983	-0.114171	2.321502	-0.019525	0.032830	0.042338	-0.933105	-0.148193	0.377197	-0.118734	-76.545859	155.649215
37055		9.461603	-0.136856	2.331858	-0.020684	0.031188	0.043230	-0.930908	-0.152588	0.375000	-0.243941	-76.520341	155.767471
37056		9.428278	-0.137421	2.307818	-0.017767	0.024256	0.039840	-0.925781	-0.143066	0.379639	-0.339174	-76.506499	155.857131
37057		9.381823	-0.212467	2.311170	-0.017115	0.022298	0.036453	-0.925537	-0.152832	0.380615	-0.445599	-76.486026	155.958196
37058		9.445223	-0.155646	2.377841	-0.015311	0.021985	0.032162	-0.932861	-0.142578	0.381104	-0.520757	-76.473453	156.028668
37059		9.477970	-0.131193	2.320646	-0.015340	0.016475	0.033363	-0.929932	-0.139648	0.378906	-0.618481	-76.456282	156.121844
37060		9.496256	-0.113657	2.302479	-0.016240	0.019393	0.034891	-0.927002	-0.145996	0.375732	-0.700417	-76.445125	156.198750
37061		9.486000	-0.144006	2.357164	-0.015523	0.022054	0.039187	-0.928955	-0.145264	0.383057	-0.811440	-76.424674	156.305515
37062		9.480620	-0.128645	2.345656	-0.013438	0.022653	0.045018	-0.931885	-0.147461	0.372070	-0.915317	-76.411498	156.406655
37063		9.452742	-0.183048	2.329221	-0.017095	0.026944	0.044069	-0.925781	-0.144043	0.381592	-1.037980	-76.388128	156.524491
37064		9.475118	-0.152572	2.330960	-0.010906	0.021352	0.054505	-0.930664	-0.143555	0.381592	-1.162403	-76.375494	156.648281
37065		9.502753	-0.176100	2.340801	-0.017532	0.030727	0.048641	-0.929443	-0.147461	0.384277	-1.295167	-76.349809	156.776277
37066		9.478363	-0.183110	2.349886	-0.010618	0.030548	0.062768	-0.930176	-0.145996	0.370361	-1.437764	-76.331659	156.918960
37067		9.449266	-0.170740	2.345228	-0.017780	0.028047	0.056247	-0.933105	-0.149658	0.376953	-1.587797	-76.307274	157.064612
37068		9.448970	-0.210435	2.342178	-0.018021	0.029007	0.054391	-0.928467	-0.150879	0.374512	-1.714250	-76.289979	157.186337
37069		9.447720	-0.181642	2.350632	-0.016437	0.029645	0.048270	-0.931885	-0.145020	0.376465	-1.843771	-76.264690	157.311698
37070		9.437419	-0.247045	2.400233	-0.018076	0.027155	0.046091	-0.931152	-0.150146	0.369141	-1.950283	-76.248490	157.412884
37071		9.479595	-0.263249	2.371071	-0.013736	0.026414	0.042447	-0.924805	-0.151611	0.375244	-2.064132	-76.225076	157.523728
37072		9.460578	-0.222424	2.313762	-0.015539	0.033150	0.036623	-0.933105	-0.146484	0.372314	-2.146035	-76.205554	157.601089
37073		9.416828	-0.214499	2.348335	-0.012131	0.029810	0.035721	-0.945801	-0.147217	0.384766	-2.242345	-76.180292	157.694839
37074		9.495302	-0.185548	2.371381	-0.009840	0.030342	0.034512	-0.932129	-0.147705	0.377930	-2.315843	-76.162370	157.766923
37075		9.494088	-0.155434	2.380150	-0.013489	0.033754	0.042417	-0.933105	-0.136475	0.376953	-2.427460	-76.134653	157.875658
37076		9.540330	-0.157591	2.371391	-0.019645	0.040354	0.049072	-0.937256	-0.149170	0.369385	-2.538790	-76.110577	157.980939
37077		9.534577	-0.143254	2.362114	-0.026007	0.050672	0.053277	-0.938232	-0.145020	0.371582	-2.679933	-76.072821	158.112736
37078		9.538080	-0.203058	2.375220	-0.028472	0.061256	0.059041	-0.933838	-0.141846	0.377930	-2.816018	-76.036392	158.238344
37079		9.673784	-0.216231	2.325734	-0.031386	0.073754	0.061126	-0.930420	-0.143311	0.383545	-2.974022	-75.985083	158.384393
37080		9.703561	-0.159309	2.371773	-0.029045	0.084445	0.066311	-0.939453	-0.143555	0.382324	-3.122625	-75.935008	158.522617
37081		9.846817	-0.113189	2.369923	-0.012273	0.106629	0.119274	-0.935303	-0.135498	0.375488	-3.395313	-75.862830	158.798279
37082		10.050960	0.038808	2.337778	-0.005808	0.144444	0.173522	-0.934326	-0.145996	0.373535	-3.761495	-75.774302	159.174739
37083		9.542147	-0.404782	2.467794	0.001939	0.169998	0.196841	-0.939209	-0.147461	0.371826	-4.183065	-75.662065	159.612673
37084		9.731079	-0.535437	2.432981	0.006054	0.174833	0.172854	-0.934814	-0.147217	0.370850	-4.525553	-75.554964	159.972039
37085		9.820196	-0.444557	2.444496	0.009380	0.188106	0.149189	-0.943359	-0.143066	0.367920	-4.822322	-75.433334	160.285903
37086		10.162926	-0.454725	2.448669	0.011267	0.217345	0.127897	-0.945068	-0.144287	0.368408	-5.045368	-75.303283	160.525302
37087		12.757938	-0.742601	2.369258	0.011576	0.294859	0.079576	-0.943359	-0.142090	0.366699	-5.160335	-75.123760	160.652823
37088		14.726800	-0.303528	2.481181	0.043313	0.573261	0.061207	-0.950928	-0.143799	0.365479	-5.146784	-74.793810	160.666697
37089		15.128639	-0.548538	2.302817	0.041517	0.852052	0.134094	-0.952881	-0.148438	0.363281	-5.245904	-74.293764	160.795894
37090		16.237760	-0.690930	2.355291	0.070221	1.154112	0.156329	-0.959717	-0.139893	0.363770	-5.296135	-73.627405	160.892242
37091		17.937216	-0.246121	2.352352	0.103957	1.532815	0.075704	-0.970703	-0.142822	0.355225	-5.121169	-72.742409	160.773220
37092		17.788376	-0.963285	2.104611	0.134756	1.957609	0.012943	-0.973389	-0.132568	0.350342	-4.758600	-71.624625	160.475744
37093		17.634946	-0.666752	2.072613	0.163612	2.314636	0.004332	-0.994141	-0.135498	0.341309	-4.371016	-70.296702	160.166201
37094		19.213514	0.477848	2.158650	0.175204	2.705203	0.045653	-1.004150	-0.143311	0.317383	-4.029437	-68.749275	159.911047
37095		21.024382	0.576844	1.779366	0.130668	3.170039	0.126918	-1.017578	-0.138672	0.303955	-3.830921	-66.927418	159.778539
37096		22.637536	0.345726	1.403876	0.083220	3.723045	0.247186	-1.033203	-0.142822	0.293213	-3.776578	-64.789858	159.773584
37097		23.891638	0.173137	0.445866	-0.000636	4.376520	0.309297	-1.050537	-0.146729	0.260742	-3.801949	-62.272638	159.802126
37098		25.277559	-0.621935	-0.460559	-0.050184	5.127549	0.423754	-1.069580	-0.140381	0.238281	-3.905460	-59.325378	159.890177
37099		25.266111	0.166376	-0.518536	-0.093522	5.891457	0.521728	-1.088623	-0.132568	0.200684	-4.061547	-55.935944	160.011444
37100		21.795367	-0.880595	0.075602	-0.126645	6.491471	0.510207	-1.108887	-0.127441	0.171387	-4.163755	-52.205511	160.050640
37101		18.761598	-4.225036	2.672718	0.020308	6.738828	0.310080	-1.115479	-0.138184	0.119873	-4.034667	-48.342803	159.897176
37102		17.115154	-5.068322	6.647434	0.296764	6.621627	-0.257875	-1.130859	-0.135010	0.074951	-3.444881	-44.566849	159.321419
37103		15.938144	-1.478764	5.096342	0.437902	6.351694	-0.829311	-1.134766	-0.145264	0.037354	-2.580083	-40.960257	158.415453
37104		18.857928	0.813711	4.098585	0.254679	6.086258	-0.841797	-1.129150	-0.147949	-0.004883	-1.924981	-37.494906	157.614120
37105		20.361428	0.815803	0.346426	0.041453	6.132644	-0.381722	-1.130615	-0.158203	-0.043945	-1.666323	-33.994350	157.208892
37106		18.290800	1.110463	-3.288792	-0.078520	6.114374	-0.093300	-1.126465	-0.151855	-0.081787	-1.611096	-30.494244	157.025117
37107		16.060525	2.116606	-6.090466	-0.134128	6.105804	-0.001784	-1.124756	-0.152832	-0.129150	-1.634473	-27.004836	156.909581
37108		10.073458	6.002981	-8.619502	-0.264882	6.111303	0.134116	-1.109375	-0.159424	-0.167236	-1.770442	-23.502797	156.877459
37109		-11.624305	13.147127	-11.971822	-0.654301	5.490829	0.914130	-1.104492	-0.157715	-0.206787	-2.311873	-20.350048	157.318457
37110		-32.345587	7.033621	-6.557497	-1.245774	3.403015	1.029093	-1.091064	-0.142334	-0.233643	-3.197000	-18.374430	157.841421
37111		-14.322849	-0.098280	-4.917887	-1.303859	0.771959	-0.036741	-1.100830	-0.138916	-0.240479	-3.935889	-17.940674	158.117385
37112		-4.326116	0.998128	-3.627104	-1.188397	-0.633565	-1.126787	-1.093506	-0.147705	-0.256592	-4.411704	-18.350004	157.465685
37113		-2.643316	1.710146	-4.184911	-1.166085	-1.674123	-1.448827	-1.106445	-0.146484	-0.252930	-4.822817	-19.377945	156.670721
37114		0.106348	0.203518	-5.087797	-1.114810	-2.275744	-1.253535	-1.104248	-0.152588	-0.260742	-5.239292	-20.740143	156.028872
37115		1.662420	-1.069377	-4.464787	-0.985824	-2.583917	-1.047010	-1.116211	-0.143555	-0.252686	-5.623162	-22.275668	155.535468
37116		2.670602	-1.683021	-3.722211	-0.815479	-2.753260	-0.917303	-1.121826	-0.155762	-0.240723	-5.932306	-23.898415	155.137708
37117		3.055140	-1.882206	-3.262017	-0.632000	-2.876812	-0.760689	-1.134766	-0.146484	-0.233154	-6.174203	-25.588845	154.849858
37118		2.211587	-2.095805	-2.753325	-0.443150	-3.029161	-0.546558	-1.150879	-0.146973	-0.218994	-6.364465	-27.348607	154.711827
37119		1.378311	-2.129209	-2.485911	-0.239774	-3.271977	-0.298156	-1.158203	-0.152588	-0.214600	-6.523595	-29.236470	154.756194
37120		1.653775	-1.955305	-2.325442	-0.041493	-3.541534	-0.102717	-1.171875	-0.146973	-0.201416	-6.645784	-31.259358	154.955765
37121		2.233818	-1.541766	-1.982054	0.145038	-3.791562	0.013394	-1.181641	-0.149170	-0.186523	-6.728096	-33.422147	155.262772
37122		3.018845	-0.920462	-1.571682	0.329116	-4.020755	0.010861	-1.190674	-0.144775	-0.164551	-6.726331	-35.709664	155.595769
37123		3.905739	-0.817888	-0.964964	0.492291	-4.212090	-0.091613	-1.208252	-0.148193	-0.154541	-6.616571	-38.119156	155.880239
37124		4.247569	-1.042113	-0.513465	0.675236	-4.367332	-0.269399	-1.213867	-0.150391	-0.129395	-6.331690	-40.623267	156.044461
37125		4.272868	-0.710169	-0.059620	0.855153	-4.519663	-0.482477	-1.232178	-0.154297	-0.109863	-5.842638	-43.234374	156.043574
37126		5.133546	-0.059366	0.361080	0.990419	-4.640017	-0.671316	-1.242432	-0.157471	-0.079590	-5.144647	-45.917851	155.860847
37127		6.383568	0.409817	0.919348	1.080814	-4.718277	-0.836702	-1.254150	-0.166504	-0.065186	-4.248897	-48.658652	155.482749
37128		7.465318	0.502307	1.798201	1.130639	-4.756701	-0.983442	-1.257324	-0.160400	-0.035645	-3.134972	-51.414967	154.877733
37129		8.749933	0.500232	2.570626	1.157812	-4.756964	-1.090464	-1.264404	-0.177246	-0.005371	-1.805146	-54.172736	154.039822
37130		9.939805	0.334166	3.249710	1.174396	-4.724594	-1.105240	-1.271484	-0.182617	0.024902	-0.276436	-56.891065	153.004800
37131		10.741368	0.074557	3.744942	1.180303	-4.674196	-1.070366	-1.280762	-0.192383	0.049072	1.433245	-59.571274	151.788708
37132		11.501939	0.219538	4.271882	1.182562	-4.625242	-0.993267	-1.286865	-0.200684	0.078369	3.335465	-62.195623	150.389874
37133		12.286812	0.825925	4.904884	1.148525	-4.590873	-0.880943	-1.300537	-0.204590	0.115234	5.404702	-64.788777	148.812839
37134		12.701974	1.195882	5.729146	1.069714	-4.596656	-0.752986	-1.302979	-0.208984	0.144287	7.665933	-67.356490	147.012468
37135		12.895671	1.202815	6.733359	0.983108	-4.652293	-0.612129	-1.315918	-0.221191	0.170898	10.175021	-69.944573	144.923808
37136		13.619132	1.613637	8.305064	0.888672	-4.726450	-0.462214	-1.328857	-0.212158	0.216064	13.062554	-72.544184	142.415113
37137		15.391702	2.053745	10.763393	0.764941	-4.714213	-0.320429	-1.323730	-0.213379	0.241699	16.494731	-75.118191	139.299146
37138		17.849453	2.217595	13.331800	0.613705	-4.481132	-0.232124	-1.328369	-0.218018	0.287354	20.740980	-77.509867	135.293934
37139		19.407574	2.289285	15.652601	0.470404	-3.998758	-0.267587	-1.321289	-0.217529	0.310303	26.216521	-79.559162	129.983716
37140		18.987130	2.037427	17.257485	0.330094	-3.373131	-0.383764	-1.329102	-0.214355	0.344727	33.172710	-81.131118	123.122489
37141		17.002710	1.590345	17.774451	0.232470	-2.756291	-0.489988	-1.324463	-0.226563	0.367676	41.395364	-82.224670	114.948815
37142		15.017717	1.563923	17.480353	0.166769	-2.247322	-0.455436	-1.325928	-0.221191	0.399658	49.988383	-82.938141	106.382206
37143		13.432266	1.404767	16.715841	0.093997	-1.835381	-0.284388	-1.321045	-0.231689	0.408447	57.975088	-83.427849	98.394668
37144		12.014569	0.610411	15.994269	0.065635	-1.464997	-0.201066	-1.320068	-0.221436	0.425781	65.070344	-83.725838	91.294722
37145		48.610994	2.309149	20.912936	0.144778	-0.593600	0.138786	-1.325928	-0.231934	0.429443	67.733212	-83.935517	88.701544
37146		-1.897122	-5.573085	21.512356	0.036181	1.599276	0.670983	-1.333984	-0.216553	0.425537	58.482597	-83.862115	98.027617
37147		9.665105	-0.247285	20.670408	0.155600	2.104536	1.225771	-1.343994	-0.208740	0.410645	45.840176	-83.674566	110.836053
37148		7.859591	-3.449418	18.482034	0.109823	2.534319	1.908809	-1.358154	-0.197021	0.400635	30.588893	-83.204999	126.252010
37149		8.799673	-1.326942	0.788273	0.222997	2.238439	1.651540	-1.375000	-0.190186	0.386475	19.542846	-82.434387	137.515379
37150		12.355916	-1.762853	-0.666878	0.374500	2.109096	1.242625	-1.384521	-0.178467	0.368652	12.565747	-81.467706	144.780322
37151		12.603444	0.246846	1.712931	0.160026	2.574950	0.886279	-1.390625	-0.171631	0.350342	7.937935	-80.098259	149.563102
37152		8.830930	0.985454	4.685516	-0.444964	2.488203	0.738364	-1.400879	-0.165527	0.336670	4.611143	-78.726857	152.690058
37153		2.820999	-2.467748	6.954452	-0.463875	1.528502	0.437751	-1.401855	-0.156982	0.316895	2.850803	-77.861812	154.218247
37154		6.567393	-1.028969	3.800423	-0.152369	0.504679	0.165789	-1.409180	-0.155029	0.314941	2.278739	-77.577271	154.716546
37155		9.030896	-0.599519	2.353007	-0.050886	0.173284	0.059670	-1.408936	-0.154785	0.317627	2.066625	-77.471161	154.905851
37156		9.643395	-0.041211	2.067477	-0.036317	0.174108	0.020320	-1.408691	-0.158936	0.316650	1.988269	-77.371977	154.967001
37157		9.383450	-0.123596	2.237781	-0.026408	0.162299	0.009008	-1.410400	-0.154785	0.313232	1.924680	-77.271049	155.018565
37158		9.317720	-0.069081	2.223744	-0.017866	0.147026	-0.002562	-1.410889	-0.156006	0.311279	1.918737	-77.186908	155.016352
37159		9.330193	0.091310	2.327184	-0.017431	0.119666	0.015480	-1.408691	-0.166992	0.315186	1.848784	-77.110537	155.079737
37160		9.281554	0.051983	2.344815	-0.019873	0.086196	0.024061	-1.410889	-0.153320	0.314697	1.780671	-77.061717	155.140126
37161		9.346546	0.004572	2.308350	-0.028899	0.067463	0.025635	-1.409912	-0.156250	0.309570	1.684331	-77.015400	155.223877
37162		9.360671	-0.060750	2.264228	-0.026724	0.048781	0.028687	-1.410156	-0.155518	0.305908	1.604505	-76.988044	155.292279
37163		9.477041	-0.056633	2.236150	-0.028869	0.045388	0.023462	-1.409668	-0.159668	0.310791	1.516114	-76.954314	155.367913
37164		9.448876	-0.109393	2.222730	-0.028981	0.043467	0.015155	-1.407227	-0.157227	0.314941	1.469380	-76.929760	155.401034
37165		9.485086	-0.099736	2.272210	-0.026323	0.042960	0.008679	-1.416748	-0.155273	0.316895	1.419642	-76.897225	155.438493
37166		9.493244	-0.075170	2.223077	-0.018624	0.044405	0.002795	-1.414551	-0.154541	0.302979	1.409461	-76.871948	155.440181
37167		9.538588	-0.038957	2.219469	-0.014494	0.043781	0.006146	-1.406738	-0.158936	0.306152	1.372957	-76.838952	155.471011
37168		9.517735	0.007389	2.254264	-0.014009	0.044662	0.009204	-1.415283	-0.161621	0.316650	1.349829	-76.813614	155.488714
37169		9.474698	-0.016537	2.285245	-0.016450	0.044240	0.017495	-1.412598	-0.149170	0.313232	1.284848	-76.780552	155.547646
37170		9.473689	-0.018655	2.289408	-0.018732	0.043708	0.018720	-1.407715	-0.156738	0.313477	1.236150	-76.755874	155.588839
37171		9.486988	-0.014965	2.254009	-0.019166	0.039261	0.025166	-1.410400	-0.152344	0.306152	1.151833	-76.725773	155.666054
37172		9.467535	-0.038749	2.278007	-0.023962	0.039129	0.025781	-1.413818	-0.166016	0.310547	1.083651	-76.703773	155.724196
37173		9.467363	-0.075900	2.276214	-0.020348	0.032127	0.027309	-1.416992	-0.161621	0.310303	0.994473	-76.677787	155.805725
37174		9.462342	-0.093556	2.260111	-0.020604	0.030318	0.026075	-1.415527	-0.159912	0.311768	0.928316	-76.660801	155.863776
37175		9.461681	-0.096267	2.262763	-0.017699	0.026123	0.022080	-1.422852	-0.164795	0.311035	0.854058	-76.638212	155.931543
37176		9.465399	-0.084217	2.284076	-0.014966	0.022036	0.025145	-1.412842	-0.150146	0.310791	0.793995	-76.625931	155.986658
37177		9.451343	-0.096448	2.234396	-0.017048	0.026896	0.018075	-1.415039	-0.163330	0.303467	0.730139	-76.602887	156.044124
37178		9.455054	-0.083923	2.255777	-0.007010	0.022536	0.021133	-1.416504	-0.151367	0.302002	0.684519	-76.590265	156.089086
37179		9.459487	-0.105482	2.271508	-0.012550	0.016968	0.018079	-1.412842	-0.157471	0.305908	0.623851	-76.572941	156.145928
37180		9.430657	-0.089180	2.265598	-0.009377	0.017333	0.014697	-1.416992	-0.155029	0.302490	0.592633	-76.563244	156.174695
37181		9.443737	-0.081104	2.319047	-0.009157	0.013645	0.017156	-1.412109	-0.151367	0.298340	0.536448	-76.547852	156.228929
37182		9.415624	-0.098758	2.307478	-0.009890	0.010958	0.012866	-1.412598	-0.148926	0.302002	0.509570	-76.541787	156.252934
37183		9.457583	-0.078091	2.281831	-0.010802	0.008379	0.015631	-1.418457	-0.157959	0.302734	0.456403	-76.529433	156.303100
37184		9.438702	-0.100406	2.302881	-0.007861	0.009681	0.010411	-1.417480	-0.156494	0.315186	0.436650	-76.524081	156.320976
37185		9.429414	-0.096901	2.270452	-0.006288	0.001194	0.015028	-1.410156	-0.161377	0.310791	0.387796	-76.515879	156.369368
37186		9.466282	-0.087138	2.316483	-0.011770	0.006632	0.009498	-1.411865	-0.156494	0.304932	0.368075	-76.512265	156.384908
37187		9.456991	-0.083406	2.284096	-0.008125	0.005118	0.009805	-1.412109	-0.160400	0.309814	0.330705	-76.501835	156.420410
37188		9.508201	-0.067219	2.291088	-0.010391	0.007336	0.010413	-1.407227	-0.152832	0.302979	0.309612	-76.497817	156.438175
37189		9.488735	-0.055498	2.317322	-0.010561	0.010194	0.016845	-1.421143	-0.161133	0.306885	0.254144	-76.484543	156.490856
37190		9.484760	-0.106110	2.294032	-0.011695	0.011305	0.017147	-1.403564	-0.162598	0.306641	0.216268	-76.478261	156.525114
37191		9.474786	-0.069097	2.267392	-0.012596	0.011476	0.019290	-1.419434	-0.154053	0.298584	0.154025	-76.464289	156.583569
37192		9.483598	-0.076335	2.301568	-0.010489	0.014867	0.024490	-1.416504	-0.150146	0.304932	0.099454	-76.455960	156.635714
37193		9.474121	-0.073963	2.270018	-0.014386	0.014573	0.022953	-1.409180	-0.159668	0.301025	0.027753	-76.440243	156.702848
37194		9.525622	-0.093462	2.272885	-0.016159	0.020419	0.026000	-1.418701	-0.153564	0.302246	-0.033474	-76.428706	156.758505
37195		9.552922	-0.080706	2.287769	-0.014956	0.023981	0.033340	-1.414551	-0.158447	0.312744	-0.129733	-76.407610	156.850576
37196		9.552233	-0.084312	2.290518	-0.013054	0.033816	0.035454	-1.412598	-0.157959	0.304932	-0.211184	-76.388342	156.928879
37197		9.527300	-0.055590	2.305542	-0.011612	0.039193	0.044007	-1.409180	-0.156250	0.306885	-0.329911	-76.358492	157.046059
37198		9.546094	-0.107783	2.278795	-0.010422	0.042759	0.051331	-1.415283	-0.153076	0.309082	-0.446557	-76.333969	157.162149
37199		9.524781	-0.031618	2.318949	-0.010846	0.046565	0.055891	-1.417480	-0.150635	0.302979	-0.591561	-76.299774	157.306857
37200		9.579761	-0.040090	2.344098	-0.012838	0.052531	0.065945	-1.419189	-0.150879	0.310303	-0.742612	-76.269422	157.456967
37201		9.570260	-0.110587	2.306085	-0.014348	0.062130	0.078422	-1.415039	-0.151611	0.308594	-0.940187	-76.225985	157.653782
37202		9.502705	-0.141866	2.344596	-0.013908	0.063022	0.081431	-1.418945	-0.149658	0.306152	-1.125910	-76.189236	157.839011
37203		9.458641	-0.171589	2.376803	-0.015107	0.062232	0.073432	-1.413574	-0.149414	0.298828	-1.309935	-76.145554	158.021495
37204		9.444689	-0.256092	2.319543	-0.007233	0.052525	0.063059	-1.412354	-0.146973	0.305664	-1.447856	-76.114804	158.161488
37205		9.404474	-0.200795	2.379930	-0.000726	0.042111	0.051786	-1.414795	-0.151611	0.310791	-1.572963	-76.082802	158.291817
37206		9.586455	-0.073484	2.336380	-0.005562	0.040917	0.035257	-1.417969	-0.156494	0.304443	-1.645377	-76.059014	158.365340
37207		9.482068	-0.209626	2.401900	-0.004016	0.036003	0.030383	-1.428711	-0.145264	0.305664	-1.722490	-76.030830	158.444305
37208		9.877139	-0.138841	2.292676	-0.003441	0.050653	0.030311	-1.413574	-0.148682	0.296631	-1.781100	-76.001510	158.504873
37209		10.086513	0.004808	2.265824	-0.017002	0.097217	0.033375	-1.417236	-0.150879	0.302979	-1.867295	-75.938237	158.585551
37210		10.528722	0.227963	2.284866	-0.006184	0.144910	0.097232	-1.420166	-0.142822	0.292725	-2.071637	-75.853570	158.794791
37211		12.240208	0.677789	2.194784	0.011442	0.253053	0.228878	-1.412598	-0.146729	0.288330	-2.565237	-75.696503	159.312652
37212		18.273233	0.665583	2.213069	0.022424	0.559524	0.311099	-1.428467	-0.147217	0.293701	-3.170952	-75.367651	159.953675
37213		28.514866	-1.069021	1.684458	0.013083	1.240751	0.361459	-1.423828	-0.143799	0.289307	-3.778937	-74.638983	160.592742
37214		32.852683	-1.690015	1.080764	0.116184	2.405637	0.182341	-1.430908	-0.142578	0.264160	-3.751619	-73.257051	160.635806
37215		26.847896	-1.564385	0.595466	0.182497	3.402257	0.046782	-1.437744	-0.145508	0.241455	-3.356419	-71.304765	160.332267
37216		24.274709	-0.670618	0.458587	0.223034	4.056588	-0.060555	-1.436279	-0.151611	0.213623	-2.780839	-68.985943	159.858561
37217		25.526408	-1.797257	-0.502267	0.170527	4.676790	-0.196743	-1.438232	-0.149170	0.187256	-2.132919	-66.310198	159.264804
37218		25.796029	-1.374082	-1.345738	0.174336	5.379233	-0.102217	-1.435059	-0.151611	0.146484	-1.684784	-63.231993	158.882359
37219		23.063959	-1.858606	-1.051922	0.144564	6.034564	-0.152518	-1.440918	-0.157227	0.100586	-1.278884	-59.776672	158.515117
37220		20.066283	-3.168737	0.713550	0.232220	6.362081	-0.312489	-1.441162	-0.172363	0.059326	-0.751412	-56.135381	158.052608
37221		15.191042	-4.201130	3.041568	0.421006	6.404081	-0.645955	-1.426758	-0.177734	0.010742	0.034492	-52.469422	157.381433
37222		13.225446	-1.163006	3.872400	0.524408	6.000569	-1.076602	-1.413086	-0.189209	-0.020020	1.054561	-49.025693	156.455453
37223		12.794958	2.186429	3.820283	0.355365	5.620326	-0.994344	-1.397461	-0.200195	-0.061035	1.788315	-45.794446	155.733664
37224		16.493492	2.308188	0.907485	0.125812	5.433730	-0.922317	-1.394775	-0.204590	-0.089355	2.271211	-42.664447	155.148022
37225		13.338732	1.766219	-1.711904	0.000685	5.397578	-0.721654	-1.374756	-0.218750	-0.126709	2.517700	-39.561045	154.771526
37226		8.381262	3.108658	-4.576197	-0.122836	5.233607	-0.484234	-1.353760	-0.225098	-0.167969	2.563837	-36.553135	154.586013
37227		-3.995734	5.664652	-6.497009	-0.290341	4.852195	0.129728	-1.348633	-0.222168	-0.191162	2.261611	-33.784219	154.819204
37228		-19.751755	6.959761	-8.151427	-0.532274	3.579534	0.837653	-1.343262	-0.221924	-0.218262	1.606597	-31.750741	155.469731
37229		-20.654925	4.022503	-2.959549	-0.768281	1.528650	1.023306	-1.338623	-0.212891	-0.223145	0.798639	-30.891613	156.176053
37230		-3.987219	0.843942	-3.021751	-0.702146	-0.143408	0.867319	-1.348877	-0.204102	-0.223633	0.102149	-30.977832	156.752481
37231		0.369506	-0.193993	-2.371169	-0.554073	-0.976614	0.249087	-1.350342	-0.199463	-0.230469	-0.302051	-31.539515	156.919325
37232		0.779231	0.453742	-2.623703	-0.387628	-1.486576	-0.191193	-1.354492	-0.202637	-0.216309	-0.456023	-32.392141	156.794677
37233		1.728038	1.213213	-2.648809	-0.271127	-1.775671	-0.355031	-1.356201	-0.195801	-0.198975	-0.484701	-33.413772	156.561147
37234		3.387770	1.107233	-1.983078	-0.218077	-1.893297	-0.383732	-1.373047	-0.203857	-0.173828	-0.464271	-34.500514	156.304704
37235		4.260900	0.514762	-1.282143	-0.182126	-1.902907	-0.397384	-1.372803	-0.208740	-0.163574	-0.414065	-35.595671	156.035482
37236		3.581002	0.040326	-1.000867	-0.138861	-1.921763	-0.388514	-1.381592	-0.206543	-0.157959	-0.332787	-36.698364	155.766434
37237		2.327222	-0.345162	-1.070893	-0.095429	-2.022386	-0.325886	-1.391846	-0.213135	-0.137207	-0.249016	-37.861834	155.537786
37238		1.626433	-0.546276	-1.115205	-0.053461	-2.219916	-0.211178	-1.390137	-0.215576	-0.119385	-0.183628	-39.134370	155.386973
37239		1.844605	-0.717276	-0.941016	-0.016338	-2.463725	-0.080972	-1.396729	-0.212402	-0.105225	-0.157113	-40.550226	155.330747
37240		2.299945	-0.614982	-0.540058	0.018387	-2.703984	0.006671	-1.392578	-0.204102	-0.081055	-0.149835	-42.099646	155.338912
37241		2.913802	-0.382642	0.008174	0.049058	-2.936991	0.041824	-1.406982	-0.221680	-0.049561	-0.147636	-43.786745	155.376550
37242		3.171836	-0.167592	0.451829	0.070046	-3.146164	0.031560	-1.414795	-0.201416	-0.034912	-0.125686	-45.589483	155.405442
37243		3.332817	-0.111486	0.919812	0.092955	-3.348908	-0.042998	-1.412842	-0.204346	-0.002441	-0.049168	-47.512982	155.373007
37244		4.350339	0.143155	1.457423	0.116569	-3.509867	-0.151328	-1.426514	-0.206299	0.031006	0.121353	-49.524095	155.237423
37245		5.924190	0.285459	2.133834	0.129628	-3.580885	-0.249963	-1.420654	-0.201660	0.060303	0.380958	-51.580067	154.997157
37246		7.340613	0.233476	3.021182	0.146359	-3.558997	-0.341291	-1.412842	-0.208984	0.083496	0.751494	-53.617343	154.639040
37247		8.285748	0.168240	3.802657	0.159052	-3.485862	-0.419593	-1.416748	-0.198242	0.112793	1.230205	-55.615414	154.163597
37248		8.686863	0.097389	4.427457	0.182765	-3.404247	-0.513390	-1.401855	-0.203613	0.139404	1.865488	-57.557385	153.530636
37249		8.665152	0.170232	4.949566	0.210867	-3.355460	-0.644791	-1.400879	-0.206543	0.181885	2.715221	-59.469161	152.676045
37250		8.657814	0.069276	5.344169	0.244367	-3.346622	-0.859147	-1.397705	-0.208252	0.198975	3.921737	-61.355079	151.452261
37251		8.965392	-0.291771	5.813664	0.282890	-3.366070	-1.065481	-1.385010	-0.211914	0.214355	5.546778	-63.232377	149.800389
37252		9.682579	-0.932076	6.318938	0.341587	-3.408425	-1.156558	-1.372314	-0.219238	0.255859	7.569048	-65.097026	147.773700
37253		10.413940	-1.814628	6.975632	0.422038	-3.462621	-1.063223	-1.357666	-0.214111	0.280518	9.842960	-66.971467	145.550728
37254		11.024425	-2.739088	7.965464	0.524942	-3.513545	-0.752019	-1.348145	-0.229248	0.295166	12.139467	-68.865626	143.399685
37255		11.985113	-3.001063	8.834011	0.637188	-3.522407	-0.260611	-1.328857	-0.212402	0.331787	14.151282	-70.802012	141.646231
37256		13.334706	-2.392196	9.578984	0.718536	-3.429653	0.323564	-1.325684	-0.205811	0.343506	15.556499	-72.748676	140.602678
37257		13.954620	-0.992911	10.158811	0.751092	-3.209470	0.804822	-1.322266	-0.200195	0.369629	16.188100	-74.647712	140.393578
37258		13.794043	0.071510	10.556856	0.735200	-2.913353	1.024498	-1.311523	-0.188721	0.394287	16.240477	-76.414100	140.776715
37259		13.378874	1.406043	10.681514	0.694273	-2.572831	0.965707	-1.294678	-0.175293	0.409912	16.100835	-77.987036	141.328516
37260		12.728381	2.445535	10.575018	0.618582	-2.236234	0.709289	-1.290527	-0.169678	0.427490	16.303168	-79.330452	141.485816
37261		11.913525	2.724844	10.199708	0.522915	-1.933963	0.373222	-1.285400	-0.158936	0.447510	17.239851	-80.454675	140.839800
37262		11.376945	2.409181	9.611616	0.438876	-1.690680	0.069766	-1.286133	-0.141602	0.446533	19.160528	-81.387065	139.151628
37263		11.115123	1.870536	8.886921	0.385008	-1.501446	-0.113341	-1.276367	-0.145264	0.454834	21.878926	-82.170308	136.629383
37264		10.571211	1.309313	8.163638	0.354648	-1.373399	-0.132943	-1.272949	-0.148193	0.461182	25.013244	-82.861575	133.675299
37265		10.059336	0.983529	7.473172	0.346326	-1.282703	-0.053149	-1.268555	-0.143799	0.469971	28.176072	-83.504377	130.691538
37266		10.220922	0.966328	6.817714	0.341807	-1.191844	0.075441	-1.263672	-0.145508	0.475098	31.160711	-84.118540	127.888589
37267		10.475535	1.144835	6.348630	0.339786	-1.056115	0.159411	-1.259766	-0.138672	0.480225	33.859850	-84.676296	125.374035
37268		10.234082	1.290592	5.957763	0.331832	-0.882168	0.149246	-1.256348	-0.127686	0.478516	36.556040	-85.137761	122.860204
37269		9.822531	1.415534	5.601589	0.322110	-0.719388	0.052562	-1.249512	-0.118408	0.489990	39.507239	-85.478715	120.086343
37270		9.401788	1.434472	5.368352	0.312951	-0.603283	-0.066880	-1.248047	-0.119141	0.490723	43.042733	-85.712224	116.722370
37271		9.042180	1.561161	5.025470	0.293362	-0.581209	-0.138411	-1.246826	-0.117432	0.493896	47.132180	-85.888558	112.792673
37272		8.557187	1.659857	4.376074	0.260072	-0.651737	-0.130444	-1.248779	-0.111572	0.492432	52.039150	-86.072608	108.025141
37273		8.449147	1.849054	3.191737	0.194173	-0.749763	-0.092858	-1.249268	-0.112305	0.509033	57.792756	-86.273595	102.372541
37274		46.602864	-4.042163	1.117581	0.303516	-0.534412	0.020877	-1.241943	-0.107666	0.495850	62.051371	-86.435997	98.281698
37275		-8.193276	-5.798420	10.006219	0.478960	2.167502	1.095129	-1.245850	-0.098877	0.489746	41.097525	-86.148070	119.555760
37276		9.903296	0.806358	-4.060428	0.687998	2.238442	0.492622	-1.257568	-0.084473	0.469482	28.656474	-85.250737	132.428708
37277		9.409797	-1.210274	0.219234	0.882915	2.641298	0.549363	-1.266602	-0.088623	0.453125	19.504639	-83.987889	142.130649
37278		11.389514	0.665552	-1.067358	0.946488	2.900714	0.415644	-1.282227	-0.083496	0.444824	14.097944	-82.463239	148.123051
37279		11.484529	2.868761	3.824452	0.668391	3.078929	0.778414	-1.289063	-0.069092	0.435791	9.078247	-80.817264	153.585198
37280		7.114313	-0.690643	6.941166	0.219747	2.320055	0.599113	-1.299805	-0.065430	0.405762	6.227866	-79.545003	156.607696
37281		8.140499	1.013857	4.130078	-0.171077	1.570023	0.467525	-1.302979	-0.069336	0.407471	4.307234	-78.667199	158.465855
37282		7.263760	-0.967546	4.015219	-0.289304	1.022619	0.222297	-1.313721	-0.063721	0.397461	3.344512	-78.091111	159.281662
37283		7.983219	-0.607176	3.126882	-0.208344	0.655941	0.049745	-1.315430	-0.067383	0.385986	2.989870	-77.710445	159.524465
37284		8.278335	-0.393576	2.944262	-0.148654	0.410584	-0.021200	-1.313477	-0.068848	0.381592	2.915282	-77.474952	159.515813
37285		8.610598	-0.363613	2.745462	-0.093795	0.206104	-0.048843	-1.318848	-0.062500	0.385742	2.953812	-77.348429	159.423430
37286		9.325889	0.012793	2.284326	-0.050235	0.129377	-0.032176	-1.312744	-0.063721	0.383057	3.000032	-77.273511	159.348737
37287		9.688098	0.115293	2.070745	-0.051909	0.126782	-0.034209	-1.320068	-0.075928	0.379883	3.033859	-77.192762	159.285698
37288		9.394385	0.158959	2.223314	-0.053638	0.132426	-0.006678	-1.312744	-0.063477	0.383789	3.012566	-77.116856	159.278206
37289		9.541646	0.179995	2.139936	-0.049762	0.123115	0.032209	-1.316406	-0.071533	0.388184	2.882216	-77.040249	159.384825
37290		9.590870	0.088570	2.150520	-0.055695	0.135471	0.053225	-1.322266	-0.067627	0.382080	2.712067	-76.964282	159.528888
37291		9.507997	0.025033	2.237532	-0.064733	0.153449	0.067384	-1.321533	-0.071289	0.378418	2.486546	-76.871159	159.724476
37292		9.457725	-0.052492	2.260859	-0.061802	0.148284	0.065199	-1.322754	-0.072021	0.378662	2.286537	-76.787913	159.895714
37293		9.656579	0.014502	2.187198	-0.058458	0.152728	0.070807	-1.323730	-0.072266	0.374268	2.061914	-76.695012	160.094209
37294		9.464939	-0.065783	2.250199	-0.055732	0.162434	0.070102	-1.319580	-0.069580	0.379639	1.857335	-76.603471	160.273844
37295		9.395276	-0.092645	2.300124	-0.046619	0.154985	0.061672	-1.325928	-0.073486	0.371094	1.666779	-76.508864	160.444433
37296		9.368313	-0.099633	2.320191	-0.039874	0.136165	0.057555	-1.323730	-0.072998	0.372070	1.507755	-76.431902	160.586692
37297		9.356198	-0.137721	2.296617	-0.031548	0.117645	0.047314	-1.326172	-0.066650	0.376221	1.366252	-76.358307	160.715803
37298		9.386235	-0.143768	2.333647	-0.020285	0.100179	0.031772	-1.323242	-0.073975	0.360352	1.284059	-76.301464	160.790627
37299		9.384179	-0.043712	2.348946	-0.014073	0.086176	0.030305	-1.331787	-0.063477	0.370117	1.196187	-76.245636	160.874892
37300		9.363201	-0.031035	2.380632	-0.016023	0.076256	0.028683	-1.318604	-0.070557	0.372559	1.126030	-76.202411	160.939872
37301		9.380729	-0.015607	2.365057	-0.016541	0.058070	0.031970	-1.325684	-0.062256	0.367188	1.035328	-76.162695	161.025624
37302		9.417560	-0.050563	2.322144	-0.018189	0.052735	0.030745	-1.317627	-0.072266	0.374023	0.960951	-76.132921	161.093693
37303		9.444294	-0.106260	2.333838	-0.014952	0.046662	0.030589	-1.322998	-0.067383	0.378418	0.875696	-76.099727	161.174795
37304		9.424204	-0.093435	2.361795	-0.011316	0.036578	0.026053	-1.323242	-0.069824	0.363525	0.817270	-76.079126	161.230505
37305		9.362797	-0.110566	2.326534	-0.008483	0.032204	0.022193	-1.323730	-0.064453	0.369385	0.756167	-76.054163	161.290552
37306		9.379965	-0.082508	2.398098	-0.004550	0.026708	0.018046	-1.322754	-0.068359	0.364502	0.720703	-76.039133	161.326607
37307		9.394338	-0.047257	2.362531	-0.005672	0.011063	0.015794	-1.323242	-0.063965	0.368896	0.676855	-76.026269	161.370538
37308		9.318587	-0.134666	2.359951	-0.005274	0.007054	0.011410	-1.329102	-0.060547	0.364502	0.656912	-76.022444	161.390175
37309		9.342122	-0.135175	2.353873	-0.003176	-0.002935	0.004211	-1.327637	-0.069824	0.369385	0.641616	-76.017569	161.406154
37310		9.370535	-0.084466	2.366835	-0.003315	-0.013406	-0.001666	-1.324463	-0.072510	0.366699	0.653431	-76.025380	161.394219
37311		9.418134	-0.083549	2.352669	-0.001865	-0.021256	-0.005602	-1.318604	-0.068848	0.372559	0.661957	-76.030991	161.386417
37312		9.442212	-0.082574	2.344471	-0.002273	-0.019552	-0.009318	-1.329590	-0.063965	0.377686	0.692197	-76.042269	161.356114
37313		9.442691	-0.081720	2.342570	-0.001178	-0.020671	-0.009612	-1.323730	-0.066406	0.371094	0.710398	-76.047574	161.338744
37314		9.466962	-0.045907	2.336285	0.000518	-0.026650	-0.012435	-1.328857	-0.071045	0.369385	0.749719	-76.062890	161.300733
37315		9.495472	-0.062937	2.343405	0.000412	-0.018050	-0.007673	-1.325928	-0.062988	0.371826	0.764361	-76.066764	161.287965
37316		9.506172	-0.041360	2.286587	0.000411	-0.018049	-0.007675	-1.317139	-0.064941	0.373535	0.792453	-76.077181	161.261463
37317		9.487350	-0.059400	2.306925	-0.000190	-0.013189	-0.005147	-1.323242	-0.070801	0.374023	0.800829	-76.078355	161.254793
37318		9.473001	-0.061433	2.345240	0.002251	-0.013559	-0.004615	-1.319336	-0.061523	0.372070	0.822798	-76.086221	161.235686
37319		9.464354	-0.058837	2.310834	-0.001038	-0.010200	-0.003736	-1.319824	-0.068115	0.367676	0.827375	-76.085756	161.232423
37320		9.468932	-0.076889	2.325681	0.001944	-0.004109	-0.001705	-1.318848	-0.060791	0.374756	0.842140	-76.088230	161.220558
37321		9.464629	-0.058118	2.309726	-0.000060	-0.005025	-0.007363	-1.321045	-0.070557	0.368164	0.855523	-76.084831	161.208795
37322		9.445537	-0.076179	2.331259	0.000437	-0.001286	-0.005126	-1.322510	-0.061279	0.376465	0.877239	-76.085656	161.188879
37323		9.417630	-0.057577	2.321694	0.001036	-0.006144	-0.007657	-1.314697	-0.069336	0.373535	0.891994	-76.082955	161.176343
37324		9.445786	-0.074787	2.330293	-0.000309	-0.006894	-0.008483	-1.324219	-0.071533	0.368652	0.921252	-76.086960	161.148216
37325		9.465106	-0.055466	2.307838	0.002586	-0.006245	-0.004975	-1.319092	-0.062744	0.375732	0.930726	-76.084398	161.142030
37326		9.488741	-0.088825	2.298696	0.001926	-0.006411	-0.009809	-1.320801	-0.062256	0.370850	0.964326	-76.088109	161.110749
37327		9.512598	-0.018747	2.296503	0.002672	-0.000802	-0.006452	-1.316650	-0.059814	0.363037	0.977074	-76.082477	161.101236
37328		9.516895	-0.070750	2.309960	-0.001029	0.004258	-0.009285	-1.332520	-0.064209	0.373291	1.007344	-76.080075	161.071640
37329		9.493329	-0.001593	2.321418	-0.001174	0.010135	-0.003778	-1.321533	-0.059082	0.363770	1.011292	-76.068269	161.068916
37330		9.445814	-0.070852	2.330304	0.000976	0.005175	-0.003627	-1.322754	-0.066162	0.371582	1.029572	-76.065395	161.052856
37331		9.441195	-0.052127	2.315578	-0.000035	0.011737	-0.004810	-1.328125	-0.057861	0.372803	1.036521	-76.052720	161.047707
37332		9.473502	-0.053460	2.343408	-0.001672	0.006396	-0.006017	-1.318848	-0.068848	0.369385	1.058721	-76.049120	161.026044
37333		9.440788	-0.085507	2.314701	0.000522	0.004158	-0.006604	-1.321289	-0.063721	0.376221	1.070456	-76.040825	161.016285
37334		9.487978	-0.015354	2.307125	0.001018	0.007897	-0.004366	-1.325439	-0.059570	0.371338	1.090300	-76.036380	160.998637
37335		9.496618	-0.051599	2.339032	-0.001176	0.010135	-0.003781	-1.319580	-0.063721	0.368164	1.094314	-76.024752	160.995825
37336		9.440292	-0.049913	2.319304	0.000374	0.010034	-0.001097	-1.320313	-0.061279	0.365723	1.106145	-76.019117	160.986054
37337		9.487264	-0.014844	2.310062	0.002420	0.013673	0.003823	-1.321289	-0.065674	0.372070	1.094608	-76.005605	161.001386
37338		9.444152	-0.034145	2.339636	-0.002422	0.017131	0.002017	-1.329346	-0.066406	0.368896	1.097355	-75.995939	160.999323
37339		9.443767	-0.068861	2.338643	0.002129	0.009082	0.003442	-1.330566	-0.059570	0.373535	1.086821	-75.985112	161.013447
37340		9.467083	-0.068910	2.333444	0.001526	0.013941	0.005971	-1.321533	-0.067871	0.366699	1.082901	-75.977317	161.020589
37341		9.434345	-0.033162	2.309989	0.001525	0.013941	0.005970	-1.326904	-0.061768	0.375732	1.066080	-75.963789	161.040833
37342		9.509175	-0.051005	2.308084	0.001772	0.015812	0.007087	-1.325439	-0.066162	0.375488	1.059687	-75.954933	161.050668
37343		9.485181	-0.052062	2.316006	0.000921	0.018801	0.008496	-1.325684	-0.061768	0.368896	1.036647	-75.938708	161.076964
37344		9.560162	0.033304	2.321251	0.004500	0.020036	0.007996	-1.320801	-0.065186	0.366211	1.029603	-75.927440	161.089083
37345		9.512336	-0.003122	2.333826	0.003011	0.027469	0.020769	-1.329834	-0.073486	0.366455	0.979568	-75.906432	161.144445
37346		9.587097	0.080472	2.340143	-0.004956	0.033021	0.030524	-1.327393	-0.061035	0.366699	0.915345	-75.887935	161.209935
37347		9.530256	0.078072	2.322727	-0.003405	0.037534	0.049391	-1.327881	-0.071289	0.367676	0.796632	-75.861433	161.332338
37348		9.561528	0.001812	2.349209	-0.008496	0.043745	0.062632	-1.324707	-0.070313	0.370850	0.657618	-75.836964	161.472883
37349		9.584215	0.029964	2.349559	-0.009611	0.047182	0.070986	-1.335938	-0.057373	0.371826	0.487269	-75.804974	161.644910
37350		9.554748	-0.028466	2.340704	-0.013779	0.055858	0.081310	-1.324463	-0.062988	0.369141	0.303942	-75.773441	161.828082
37351		9.652151	-0.019266	2.339818	-0.023092	0.072849	0.076517	-1.322754	-0.063965	0.372070	0.114940	-75.726556	162.011444
37352		9.812440	0.164982	2.300064	-0.035348	0.088791	0.077024	-1.317383	-0.063232	0.368652	-0.069194	-75.675860	162.182766
37353		10.285809	0.254891	2.300847	-0.051726	0.133137	0.125982	-1.326904	-0.062744	0.364258	-0.381703	-75.594061	162.476786
37354		10.666308	0.109737	2.333982	-0.065235	0.179858	0.224544	-1.326660	-0.058838	0.357178	-0.904280	-75.489753	162.980058
37355		11.313976	0.528113	2.454065	-0.085578	0.262025	0.387649	-1.327637	-0.055908	0.366699	-1.794251	-75.329302	163.851060
37356		13.825190	-0.400997	1.989670	-0.125574	0.408065	0.810993	-1.334473	-0.058350	0.356201	-3.572756	-75.074216	165.618355
37357		12.433197	0.816301	2.839375	-0.098218	0.576775	1.082850	-1.340576	-0.050781	0.357422	-5.817846	-74.689081	167.887703
37358		17.522876	-0.380518	2.297851	-0.145831	0.809453	0.824988	-1.343262	-0.046875	0.354492	-7.386777	-74.174352	169.431842
37359		17.069957	1.110242	2.706094	-0.152929	1.171171	1.129068	-1.356934	-0.031250	0.337646	-9.339070	-73.411679	171.375783
37360		16.064245	2.152886	3.225946	-0.207926	1.349595	1.410183	-1.356934	-0.029297	0.331299	-11.584480	-72.504886	173.601844
37361		18.238064	2.092091	3.138759	-0.336067	1.541230	1.711015	-1.375977	-0.017822	0.313965	-14.105560	-71.421671	176.052923
37362		17.806788	3.213946	3.180480	-0.462256	1.796452	2.142926	-1.385254	-0.001465	0.303223	-16.963493	-70.101433	178.801381
37363		14.943787	3.981003	3.216895	-0.659306	1.964035	2.560114	-1.387451	0.015625	0.277100	-20.074912	-68.564796	-178.274578
37364		13.050945	5.074723	3.530173	-0.866909	2.034318	2.901190	-1.407715	0.032227	0.268799	-23.284676	-66.867901	-175.340710
37365		12.007627	4.918363	3.898755	-1.111991	2.025559	3.310096	-1.418213	0.045898	0.245605	-26.666467	-65.012261	-172.332045
37366		10.368160	4.060923	4.561459	-1.325586	1.911848	3.886812	-1.428467	0.075684	0.225830	-30.361495	-62.986887	-169.064402
37367		6.690187	1.706074	6.426038	-1.473526	1.477500	4.700517	-1.441162	0.116699	0.216064	-34.600716	-60.824194	-165.212732
37368		5.400287	1.250043	5.377377	-1.525675	0.637164	6.282314	-1.442139	0.163330	0.203125	-39.975356	-58.352009	-159.994216
37369		1.315979	-3.920065	4.758326	-1.366169	-0.318992	7.556408	-1.445557	0.221191	0.219971	-45.816089	-55.535074	-153.957533
37370		8.887649	-22.102482	5.509340	-0.218895	-1.093331	8.196745	-1.437500	0.290771	0.221680	-50.880247	-52.439870	-147.853615
37371		9.758748	-17.837245	3.570727	2.723635	-1.123370	6.396611	-1.439941	0.342041	0.222900	-52.758639	-49.954420	-143.435939
37372		3.342614	1.726084	5.015475	3.985130	-1.630013	3.940237	-1.419678	0.380615	0.221680	-52.926035	-48.720499	-140.202490
37373		4.823123	0.914030	2.358497	4.556648	-2.155587	3.010201	-1.426514	0.406738	0.226807	-52.590456	-48.093802	-137.153824
37374		12.150925	0.802811	1.386005	5.007333	-2.236862	2.195809	-1.423096	0.425781	0.241211	-51.698741	-47.888472	-134.489799
37375		15.018911	1.771162	1.717080	5.245589	-1.886511	1.727318	-1.416016	0.447266	0.237793	-50.299762	-47.799894	-132.315548
37376		13.817152	3.468790	1.592790	5.270577	-1.439296	1.550806	-1.413574	0.469238	0.229980	-48.601350	-47.662352	-130.526888
37377		11.947957	4.910779	1.085114	5.127424	-1.078463	1.400595	-1.407959	0.485352	0.215820	-46.744682	-47.487543	-129.054547
37378		10.863988	5.781647	0.766258	4.880304	-0.829022	1.152082	-1.413086	0.489746	0.202637	-44.816322	-47.347174	-127.872948
37379		9.959725	5.817296	0.596152	4.596930	-0.660626	0.858678	-1.406738	0.506104	0.196289	-42.840603	-47.283840	-126.969156
37380		8.661230	5.631960	0.297562	4.290361	-0.618596	0.635322	-1.409668	0.516113	0.180908	-40.928873	-47.306027	-126.222598
37381		8.385357	5.175119	-0.216588	3.989314	-0.635263	0.502103	-1.418457	0.519775	0.178711	-39.124572	-47.405622	-125.558867
37382		8.288753	4.937987	-0.577770	3.706023	-0.660851	0.403726	-1.415527	0.522705	0.165039	-37.451451	-47.560749	-124.945072
37383		7.513050	5.088983	-0.683092	3.431522	-0.722668	0.269356	-1.426025	0.524414	0.158203	-35.880045	-47.808065	-124.401484
37384		6.748833	5.314040	-0.787786	3.165185	-0.829203	0.126431	-1.422119	0.527832	0.150879	-34.432172	-48.155966	-123.906439
37385		6.664146	5.489864	-0.834316	2.893259	-0.966345	0.003458	-1.433105	0.527100	0.137695	-33.109002	-48.623746	-123.448756
37386		6.831467	5.434108	-0.784968	2.628481	-1.075290	-0.102696	-1.429443	0.521484	0.134766	-31.921907	-49.176006	-123.022702
37387		6.943038	5.227919	-0.697449	2.391099	-1.173022	-0.201502	-1.435303	0.527344	0.132324	-30.831139	-49.819779	-122.644859
37388		6.958184	4.814409	-0.738100	2.180194	-1.255856	-0.306836	-1.445557	0.524414	0.142334	-29.831810	-50.530674	-122.316768
37389		6.880651	4.214523	-0.809932	2.023839	-1.342899	-0.457923	-1.449219	0.513672	0.143066	-28.838462	-51.340981	-122.091820
37390		6.555696	3.438398	-0.871484	1.921216	-1.454415	-0.629333	-1.447754	0.513916	0.148682	-27.832853	-52.246598	-121.967969
37391		6.449000	2.534450	-1.080034	1.880224	-1.602365	-0.792456	-1.456055	0.506104	0.152344	-26.760861	-53.282646	-121.950463
37392		6.585088	1.667718	-1.222543	1.903575	-1.765949	-0.903292	-1.463379	0.494385	0.162842	-25.641730	-54.419945	-121.983022
37393		6.670123	0.762406	-1.366186	1.972531	-1.963929	-0.969531	-1.469238	0.482422	0.171875	-24.453976	-55.687300	-122.042766
37394		6.885560	0.071000	-1.461139	2.102423	-2.198062	-0.994687	-1.475830	0.481445	0.182373	-23.226318	-57.070456	-122.067821
37395		7.390390	0.135081	-1.493639	2.242887	-2.438710	-0.987853	-1.476807	0.469238	0.193604	-21.943120	-58.591377	-122.055783
37396		7.835728	0.576802	-1.338436	2.346208	-2.676796	-0.957728	-1.473877	0.460693	0.220703	-20.671742	-60.220408	-121.968518
37397		8.554240	1.028215	-1.134383	2.400930	-2.879794	-0.979847	-1.479736	0.457520	0.236084	-19.340882	-61.977067	-121.908307
37398		9.394633	1.377225	-0.792129	2.408138	-3.027024	-1.042880	-1.483398	0.454834	0.248291	-17.932200	-63.812125	-121.938263
37399		10.210483	1.486584	-0.460279	2.379478	-3.119732	-1.140701	-1.493652	0.449951	0.276367	-16.335597	-65.727701	-122.187632
37400		11.004161	1.479541	-0.151335	2.331241	-3.160846	-1.232642	-1.494141	0.447998	0.302979	-14.532031	-67.661993	-122.694523
37401		11.717703	1.538269	0.152087	2.275992	-3.164790	-1.327129	-1.490234	0.432617	0.316162	-12.385422	-69.617905	-123.591133
37402		12.349878	1.827849	0.608353	2.193234	-3.133814	-1.417104	-1.499512	0.438232	0.339355	-9.843472	-71.536891	-124.951419
37403		12.909945	2.318792	1.322164	2.077092	-3.092916	-1.507571	-1.505371	0.425293	0.373291	-6.713026	-73.430598	-126.978221
37404		12.854453	2.347985	1.988339	1.932631	-3.078573	-1.621796	-1.503906	0.419678	0.396973	-2.814148	-75.266420	-129.874529
37405		12.682045	1.633111	2.522120	1.798078	-3.121451	-1.772607	-1.516602	0.411133	0.428955	2.373476	-77.074347	-134.147977
37406		12.396980	-0.017956	2.988382	1.741261	-3.229103	-1.889232	-1.508789	0.403320	0.461182	9.306964	-78.807081	-140.214504
37407		12.370465	-1.861218	3.476293	1.798933	-3.384461	-1.911515	-1.517090	0.388916	0.495117	18.812448	-80.437579	-148.821628
37408		12.956957	-3.064021	4.141131	1.941933	-3.523303	-1.728047	-1.500000	0.380859	0.524902	31.196230	-81.854881	-160.224625
37409		13.661351	-3.781216	5.213474	2.126012	-3.604804	-1.412000	-1.495605	0.368652	0.556152	47.084840	-82.958979	-175.016104
37410		13.807428	-3.776918	6.610682	2.306933	-3.628483	-1.070708	-1.489258	0.376709	0.591553	66.081180	-83.598062	167.191540
37411		13.900743	-3.197519	8.377339	2.439167	-3.597822	-0.792044	-1.475342	0.374512	0.627441	86.582199	-83.637971	147.977110
37412		14.230364	-2.068632	10.479557	2.499319	-3.482911	-0.561125	-1.458252	0.384277	0.657715	104.895706	-83.110942	130.986231
37413		14.478265	-0.988171	12.708215	2.475329	-3.268705	-0.356129	-1.448486	0.390137	0.686035	119.276888	-82.198746	117.922528
37414		14.508931	-0.084187	14.377125	2.384049	-2.944656	-0.188606	-1.435303	0.405762	0.714355	129.730888	-81.149051	108.740731
37415		13.898595	0.709119	15.581168	2.232934	-2.542510	-0.072033	-1.417480	0.407715	0.737305	137.256382	-80.102029	102.414764
37416		13.107351	0.928939	16.249756	2.062032	-2.104713	-0.052121	-1.404541	0.421387	0.753662	142.553390	-79.158390	98.233292
37417		11.975826	0.977441	16.658696	1.876187	-1.685425	-0.106493	-1.399414	0.433838	0.768066	146.197533	-78.327391	95.617244
37418		11.063797	0.963771	16.836563	1.682438	-1.288268	-0.166652	-1.377686	0.439453	0.782715	148.646799	-77.652815	94.100932
37419		10.662428	0.959291	16.724647	1.468501	-0.896526	-0.186785	-1.374512	0.449219	0.786133	150.227082	-77.148853	93.346511
37420		12.700348	0.888906	15.947286	1.234446	-0.513306	-0.191906	-1.366211	0.455078	0.790527	151.138274	-76.837541	93.139429
37421		36.201625	-8.134360	23.228349	1.319879	1.905950	0.903126	-1.383545	0.477295	0.778076	151.557364	-78.039719	93.486952
37422		18.255157	-5.345101	17.059327	1.247959	3.134115	1.642638	-1.393555	0.493652	0.746094	152.180346	-80.066037	93.582939
37423		9.610306	-7.261629	12.146894	1.456689	4.324592	2.022857	-1.413574	0.521973	0.711182	152.086773	-82.798701	94.523234
37424		6.919771	-3.044634	-1.569390	1.739645	4.181741	1.132129	-1.431641	0.539307	0.670654	146.795563	-85.194206	100.846718
37425		10.680961	-1.611030	-2.648645	1.868297	3.917760	0.357058	-1.448486	0.547363	0.631348	127.455785	-87.007166	121.302818
37426		13.765995	1.862148	-3.351596	1.583431	4.657503	0.362495	-1.468750	0.566895	0.593262	69.435037	-87.691266	-179.715215
37427		9.679408	1.081897	3.497544	0.981583	4.856755	0.390344	-1.488525	0.572754	0.554932	28.798590	-85.919446	-138.459823
37428		7.851138	0.780075	6.659881	0.372587	4.145082	0.324430	-1.508301	0.574219	0.521973	16.870871	-83.790183	-126.269792
37429		7.218812	0.974056	6.075554	-0.172892	3.043548	0.158754	-1.514160	0.572754	0.492432	12.511337	-82.119632	-121.974975
37430		8.156768	1.288623	4.175779	-0.431023	2.411538	0.151476	-1.520752	0.570313	0.466797	9.924262	-80.780719	-119.606583
37431		6.910193	0.003026	4.309293	-0.504842	1.698173	0.114389	-1.523682	0.578613	0.452148	8.377179	-79.824477	-118.328005
37432		7.875561	-0.791591	3.405324	-0.388509	1.148853	0.008260	-1.533203	0.576904	0.450684	7.646425	-79.173212	-117.809035
37433		8.721997	-0.628075	3.108484	-0.232418	0.833852	0.009918	-1.535156	0.572266	0.450439	7.192116	-78.693874	-117.479245
37434		6.794860	-0.911657	3.963978	-0.147125	0.526583	0.001006	-1.535645	0.577881	0.440674	6.933185	-78.394455	-117.298883
37435		7.861481	-0.158961	3.150798	-0.043142	0.239142	0.040875	-1.528809	0.576416	0.441895	6.738099	-78.254625	-117.122418
37436		9.607689	-0.285149	2.224095	-0.030134	0.116124	0.070185	-1.534668	0.580322	0.447754	6.503425	-78.193117	-116.898155
37437		9.195015	-0.187642	2.330035	-0.020099	0.143724	0.033185	-1.534912	0.577637	0.434814	6.378293	-78.106764	-116.779601
37438		9.060468	-0.190506	2.452302	-0.012566	0.090292	0.022657	-1.530273	0.576172	0.441406	6.293799	-78.056735	-116.698422
37439		9.416947	-0.097961	2.305471	-0.009728	0.062270	0.006954	-1.531494	0.573242	0.435791	6.271000	-78.015023	-116.678381
37440		9.332422	-0.085152	2.346060	-0.006816	0.051560	0.001577	-1.534668	0.575195	0.433838	6.258526	-77.985714	-116.667439
37441		9.390655	-0.032004	2.334882	-0.004303	0.039364	-0.008826	-1.532471	0.575195	0.437988	6.287504	-77.956046	-116.697184
37442		9.490774	-0.069062	2.286670	-0.005933	0.033404	-0.014267	-1.529541	0.575439	0.435059	6.323095	-77.936081	-116.734870
37443		9.560857	0.002099	2.261234	-0.004204	0.031206	-0.012310	-1.529541	0.572998	0.429932	6.363193	-77.910825	-116.775962
37444		9.537027	-0.031186	2.290814	-0.003370	0.038509	-0.007018	-1.541504	0.572998	0.442627	6.379230	-77.888405	-116.792156
37445		9.499885	-0.049591	2.283618	-0.003106	0.039499	-0.003669	-1.538574	0.580322	0.433594	6.394039	-77.858976	-116.806771
37446		9.523675	-0.047461	2.311516	-0.004830	0.041693	-0.005636	-1.541504	0.570313	0.432861	6.404519	-77.834829	-116.818139
37447		9.480177	-0.024268	2.308114	0.000166	0.047088	-0.002723	-1.537598	0.580322	0.444092	6.416009	-77.801141	-116.827469
37448		9.452584	-0.071067	2.318415	-0.001702	0.044461	-0.008945	-1.529785	0.578857	0.438232	6.436059	-77.775205	-116.846797
37449		9.439143	0.012746	2.328961	0.000106	0.038431	-0.000539	-1.531250	0.579590	0.432373	6.443899	-77.746584	-116.852455
37450		9.477315	-0.023285	2.319845	-0.003276	0.034665	-0.000601	-1.534180	0.571533	0.431641	6.443970	-77.726761	-116.852264
37451		9.462077	0.014205	2.360062	-0.005149	0.040684	0.005670	-1.533447	0.573242	0.435303	6.431603	-77.697253	-116.840347
37452		9.451538	0.041616	2.346620	-0.011953	0.033150	0.012893	-1.541016	0.579834	0.429199	6.391995	-77.679155	-116.804632
37453		9.407774	-0.005338	2.297929	-0.014835	0.027044	0.016965	-1.538818	0.575439	0.426025	6.348566	-77.658121	-116.766617
37454		9.456515	-0.003903	2.348397	-0.017846	0.020443	0.019360	-1.545410	0.568848	0.435547	6.292654	-77.647656	-116.717664
37455		9.482031	-0.026936	2.300454	-0.017603	0.017110	0.020137	-1.534912	0.578857	0.430908	6.242210	-77.632462	-116.674108
37456		9.494601	-0.044702	2.339592	-0.019179	0.024122	0.022417	-1.527588	0.576416	0.430176	6.176757	-77.620070	-116.616163
37457		9.490592	-0.060227	2.321686	-0.017528	0.025758	0.017934	-1.541504	0.571777	0.435303	6.129587	-77.599799	-116.575933
37458		9.483798	-0.020522	2.327410	-0.015507	0.024556	0.015910	-1.537354	0.581055	0.443359	6.083225	-77.586741	-116.535374
37459		9.522103	-0.058685	2.317724	-0.014918	0.035182	0.020416	-1.541748	0.569336	0.430908	6.028523	-77.561239	-116.485915
37460		9.518517	-0.006029	2.344606	-0.014248	0.033340	0.018881	-1.536621	0.571045	0.430664	5.973074	-77.543338	-116.435305
37461		9.486925	0.031137	2.327099	-0.015927	0.036008	0.033264	-1.534180	0.578125	0.429932	5.884606	-77.518104	-116.351868
37462		9.501126	0.057290	2.337794	-0.017067	0.036341	0.044436	-1.531982	0.585938	0.428467	5.761427	-77.499945	-116.233533
37463		9.444245	0.012326	2.376135	-0.019878	0.030713	0.057506	-1.537109	0.580566	0.438477	5.610302	-77.479033	-116.088230
37464		9.457928	-0.031718	2.342237	-0.018332	0.028001	0.065122	-1.536377	0.580566	0.424072	5.436145	-77.466637	-115.918400
37465		9.455083	-0.084116	2.374721	-0.022255	0.026569	0.068245	-1.537598	0.575439	0.429688	5.257803	-77.448473	-115.746605
37466		9.454407	-0.090977	2.377157	-0.020229	0.025362	0.066213	-1.529053	0.578125	0.430420	5.081132	-77.437412	-115.575293
37467		9.450300	-0.110771	2.359362	-0.018309	0.027979	0.065078	-1.545166	0.582275	0.427979	4.913448	-77.418054	-115.412098
37468		9.464711	-0.086923	2.369266	-0.017334	0.027137	0.059553	-1.541260	0.587402	0.422119	4.755798	-77.405440	-115.258555
37469		9.442900	-0.081396	2.367812	-0.020162	0.025364	0.058838	-1.537109	0.578857	0.430420	4.604128	-77.387087	-115.112853
37470		9.463409	-0.099011	2.373987	-0.018575	0.022664	0.059119	-1.534668	0.579346	0.426025	4.448449	-77.376828	-114.962040
37471		9.471153	-0.101250	2.342808	-0.023421	0.022095	0.060416	-1.535645	0.577393	0.435547	4.292015	-77.360238	-114.813369
37472		9.462215	-0.111746	2.378178	-0.022112	0.022702	0.067243	-1.540039	0.579590	0.428711	4.114192	-77.350114	-114.641922
37473		9.407638	-0.111467	2.385303	-0.026014	0.020862	0.046708	-1.540039	0.581787	0.425537	3.991820	-77.333495	-114.529685
37474		9.430687	-0.182930	2.367143	-0.022853	0.015464	0.047287	-1.533203	0.586426	0.430176	3.866138	-77.326544	-114.412100
37475		9.447829	-0.212167	2.352455	-0.023374	0.021666	0.036726	-1.535400	0.589355	0.431885	3.770707	-77.308981	-114.325935
37476		9.558578	-0.215188	2.365006	-0.018912	0.028918	0.026538	-1.533447	0.584473	0.437012	3.698075	-77.293476	-114.260401
37477		9.497900	-0.170049	2.376713	-0.017304	0.038691	0.025535	-1.533447	0.589355	0.422119	3.631822	-77.265724	-114.200594
37478		9.491069	-0.131109	2.384012	-0.013897	0.042433	0.025605	-1.539307	0.583984	0.429443	3.562683	-77.242424	-114.135685
37479		9.453634	-0.152500	2.376832	-0.015085	0.046591	0.030319	-1.531494	0.590820	0.431641	3.484670	-77.210291	-114.062522
37480		9.602727	-0.091651	2.373725	-0.019294	0.056632	0.036111	-1.534912	0.590820	0.427734	3.384452	-77.179190	-113.968896
37481		9.552924	-0.131162	2.381471	-0.026993	0.074909	0.038850	-1.538330	0.587646	0.425293	3.274710	-77.131096	-113.870184
37482		9.479340	-0.104457	2.410223	-0.027164	0.082540	0.040613	-1.539307	0.591797	0.422119	3.156246	-77.085239	-113.762434
37483		9.675224	0.023122	2.359674	-0.032616	0.096277	0.042105	-1.532471	0.586426	0.427002	3.033683	-77.024935	-113.653845
37484		10.636536	0.785047	2.246301	-0.028209	0.159140	0.131060	-1.539063	0.590576	0.428711	2.683596	-76.937679	-113.308921
37485		10.411195	-0.112011	2.339534	-0.019393	0.257385	0.213605	-1.538086	0.590332	0.414795	2.136221	-76.789043	-112.756200
37486		10.489517	0.017061	2.375722	-0.010046	0.343270	0.253305	-1.533203	0.592773	0.420410	1.500686	-76.597166	-112.106854
37487		10.414267	-0.053610	2.482079	-0.014138	0.405608	0.272669	-1.535889	0.592285	0.413818	0.837651	-76.361692	-111.431169
37488		10.797217	-0.664317	2.458126	-0.013353	0.468775	0.212419	-1.528809	0.593750	0.413330	0.331932	-76.094497	-110.916162
37489		11.020357	-0.875708	2.627953	0.012442	0.538982	0.126457	-1.531494	0.597168	0.406738	0.059598	-75.779744	-110.625964
37490		11.532687	-0.783158	2.637049	0.014856	0.610931	0.019875	-1.533203	0.593018	0.400391	0.031952	-75.429873	-110.586432
37491		11.530041	-0.818494	2.677505	0.049365	0.716453	-0.050178	-1.535645	0.602539	0.392822	0.179170	-75.013239	-110.707363
37492		12.208089	-0.737693	2.657789	0.063095	0.814610	-0.103416	-1.535645	0.597900	0.376465	0.432838	-74.546340	-110.930574
37493		12.189861	-0.675517	2.735703	0.088069	0.938787	-0.133924	-1.539551	0.598389	0.376953	0.747555	-74.001742	-111.203070
37494		12.669254	-0.809269	2.784268	0.107381	1.072862	-0.168577	-1.548096	0.593506	0.367920	1.113512	-73.385677	-111.518033
37495		13.472394	-0.599524	2.790758	0.123635	1.229344	-0.233287	-1.552979	0.601074	0.349854	1.578012	-72.672600	-111.927614
37496		14.463095	-0.602205	2.736066	0.140464	1.447759	-0.260597	-1.554688	0.591553	0.339111	2.050698	-71.838879	-112.337156
37497		15.521950	-0.295020	2.605400	0.167238	1.727456	-0.231833	-1.556885	0.591309	0.333252	2.433513	-70.839246	-112.638083
37498		16.159857	-0.080501	2.608563	0.184436	2.051043	-0.205093	-1.562012	0.592529	0.311035	2.726100	-69.660062	-112.834396
37499		15.925759	-0.377248	2.574485	0.191779	2.381748	-0.175174	-1.567871	0.586914	0.285400	2.929261	-68.287291	-112.932280
37500		16.392131	-0.678810	2.530744	0.201407	2.698425	-0.218144	-1.566895	0.589355	0.262207	3.154570	-66.736814	-113.048909
37501		17.803060	-0.696945	2.338358	0.193262	3.054349	-0.297266	-1.580322	0.583496	0.236572	3.427077	-64.975829	-113.224074
37502		20.458429	-0.064905	1.945406	0.195224	3.515753	-0.260271	-1.581055	0.583496	0.197998	3.596958	-62.956145	-113.286255
37503		22.446038	2.031406	1.654698	0.143648	4.116894	-0.082168	-1.575928	0.574219	0.154785	3.500395	-60.596138	-113.081059
37504		23.058227	1.843772	1.221668	0.014519	4.740127	0.129226	-1.570557	0.585205	0.114014	3.125920	-57.889097	-112.633249
37505		24.818749	-0.434462	0.840240	-0.063486	5.432462	0.235850	-1.572754	0.586182	0.062744	2.656670	-54.786476	-112.110543
37506		27.284077	0.564951	0.988340	-0.042096	6.186684	0.352943	-1.562256	0.593994	0.010254	2.170425	-51.253469	-111.529667
37507		25.586022	1.511608	3.234003	-0.060835	6.847457	0.424100	-1.553223	0.595947	-0.040283	1.703794	-47.342657	-110.957100
37508		19.753343	0.220189	6.321979	-0.058924	7.055706	0.018245	-1.526855	0.605225	-0.100342	1.547417	-43.302062	-110.781789
37509		19.041202	-3.195606	5.683792	0.068486	6.912070	-0.608656	-1.518799	0.596680	-0.164063	1.796113	-39.337653	-111.094539
37510		23.402887	0.445050	4.328949	0.123984	6.915356	-0.910763	-1.501953	0.598389	-0.220947	2.164348	-35.359848	-111.580566
37511		25.249787	2.479177	2.169821	-0.156396	6.968797	-0.715345	-1.472168	0.583740	-0.272217	2.247005	-31.361160	-111.888710
37512		23.673530	1.826995	-1.738167	-0.382044	7.090545	-0.181071	-1.445801	0.588379	-0.324463	2.004755	-27.297617	-111.836894
37513		20.569196	3.415791	-6.188991	-0.512769	7.086658	-0.064686	-1.412354	0.590088	-0.366699	1.670679	-23.249066	-111.735326
37514		15.238611	6.699557	-11.015333	-0.640141	6.978889	-0.112381	-1.377197	0.603760	-0.410645	1.291443	-19.250247	-111.695485
37515		5.885353	11.918935	-12.582032	-0.980660	6.576775	-0.184970	-1.342773	0.613037	-0.444336	0.746093	-15.495286	-111.737410
37516		-13.394101	10.766864	-10.633232	-1.574654	5.698891	0.161830	-1.311768	0.628418	-0.466797	-0.180639	-12.230741	-111.627223
37517		-32.228084	2.021124	-6.748027	-1.786465	2.975547	-0.700387	-1.304443	0.635254	-0.475586	-1.113069	-10.544705	-112.057218
37518		-12.704557	-0.058895	-7.998158	-1.613888	0.195983	-2.040246	-1.314941	0.636719	-0.455078	-1.818117	-10.462554	-113.250501
37519		-5.264418	1.057487	-5.450448	-1.481114	-1.590562	-2.378805	-1.329346	0.626953	-0.436768	-2.402821	-11.433314	-114.605004
37520		1.573649	-0.750205	-5.490908	-1.306582	-2.692288	-1.937716	-1.359863	0.626953	-0.404785	-2.924110	-13.026087	-115.668271
37521		4.507338	-1.914130	-4.854242	-1.081591	-3.205752	-1.407221	-1.381592	0.630615	-0.378174	-3.361238	-14.913656	-116.395872
37522		5.267944	-2.396915	-4.289118	-0.835562	-3.454977	-1.000783	-1.409424	0.631348	-0.334717	-3.708940	-16.925080	-116.865959
37523		5.475896	-1.955060	-3.847737	-0.594692	-3.577112	-0.748845	-1.430908	0.628906	-0.296875	-3.948002	-19.008949	-117.174201
37524		5.648804	-0.855785	-3.327506	-0.407995	-3.646932	-0.604052	-1.440430	0.633301	-0.264160	-4.106490	-21.117923	-117.387446
37525		5.114344	-0.314288	-2.971595	-0.265430	-3.734287	-0.517094	-1.469482	0.620361	-0.227051	-4.193974	-23.284655	-117.541699
37526		4.294503	-0.218282	-2.954106	-0.138901	-3.879407	-0.521400	-1.483398	0.627930	-0.188477	-4.209310	-25.523599	-117.692029
37527		3.997598	-0.081613	-2.917485	-0.013205	-4.085167	-0.591334	-1.498291	0.622314	-0.144043	-4.124980	-27.894849	-117.882614
37528		4.154019	-0.039246	-2.666765	0.111117	-4.332788	-0.685890	-1.506348	0.615967	-0.107178	-3.936837	-30.399129	-118.133725
37529		4.943730	-0.123836	-2.422524	0.234733	-4.564339	-0.800554	-1.526611	0.603027	-0.053955	-3.617972	-33.051770	-118.472477
37530		5.856224	-0.455993	-1.917122	0.362252	-4.769223	-0.909638	-1.544678	0.608643	-0.010254	-3.161037	-35.810649	-118.909557
37531		6.720796	-0.806928	-1.281781	0.505764	-4.945270	-1.020618	-1.543213	0.597168	0.050293	-2.525369	-38.683401	-119.470611
37532		7.585245	-0.781073	-0.735100	0.632837	-5.104939	-1.111981	-1.556641	0.598633	0.096680	-1.712959	-41.630140	-120.164463
37533		7.667002	-0.322232	-0.034936	0.716435	-5.265190	-1.156299	-1.561035	0.586670	0.154297	-0.732103	-44.675070	-120.989045
37534		7.795272	0.486104	0.616015	0.732498	-5.446730	-1.142652	-1.561279	0.583984	0.198242	0.365068	-47.798142	-121.923657
37535		8.144276	1.512273	1.248370	0.657535	-5.625809	-1.159042	-1.552002	0.572510	0.263916	1.592778	-51.025179	-123.035451
37536		8.769687	2.185586	2.010470	0.516394	-5.777615	-1.269034	-1.548584	0.571045	0.321045	3.020777	-54.303862	-124.455933
37537		9.461877	2.512585	3.000382	0.330501	-5.889753	-1.457433	-1.536621	0.562012	0.381836	4.800145	-57.629727	-126.365702
37538		10.731645	2.600818	4.107957	0.116913	-5.937898	-1.698612	-1.527344	0.545166	0.434814	7.094730	-60.913468	-128.953455
37539		12.017365	1.673845	5.116335	-0.093475	-5.904373	-1.970615	-1.501465	0.533936	0.491943	10.186476	-64.105048	-132.489610
37540		13.364708	0.154344	6.055397	-0.243189	-5.798700	-2.264368	-1.482178	0.530518	0.553223	14.408329	-67.077107	-137.274488
37541		14.556732	-1.548294	7.070411	-0.309534	-5.664304	-2.404804	-1.460449	0.510742	0.596680	20.028914	-69.786514	-143.498654
37542		15.425403	-3.468412	8.203079	-0.288175	-5.527939	-2.279932	-1.431641	0.492432	0.648193	27.019589	-72.173592	-151.062660
37543		16.613453	-5.174414	9.283703	-0.174483	-5.365340	-1.867535	-1.409424	0.478516	0.683594	35.290343	-74.266701	-159.795495
37544		17.384962	-5.474500	10.524455	0.006569	-5.160886	-1.197122	-1.360596	0.487305	0.729004	44.471685	-76.101108	-169.283871
37545		17.156038	-4.977856	11.571180	0.180170	-4.940522	-0.402982	-1.326172	0.479492	0.764160	54.582936	-77.774879	-179.548825
37546		16.709038	-4.688673	12.146452	0.365246	-4.718837	0.198210	-1.294922	0.492188	0.794922	66.087056	-79.217362	168.929441
37547		16.827414	-3.801299	12.560715	0.562827	-4.422753	0.491542	-1.259277	0.500000	0.820313	79.412049	-80.244723	155.722953
37548		16.741879	-2.716381	12.784874	0.738368	-4.037995	0.492734	-1.215332	0.523682	0.833252	93.506241	-80.670642	141.864171
37549		15.979600	-1.795280	12.773888	0.896052	-3.621565	0.297257	-1.193848	0.530029	0.852295	106.588625	-80.470934	129.128876
37550		15.020359	-1.163925	12.405046	1.032294	-3.238890	0.044609	-1.165527	0.544922	0.853760	117.150756	-79.799038	119.011731
37551		14.219711	-0.324668	11.764282	1.146993	-2.925788	-0.076841	-1.134033	0.556396	0.869141	125.340487	-78.884615	111.351354
37552		13.125703	0.502541	10.937687	1.204245	-2.720666	-0.013476	-1.111328	0.566650	0.881836	131.935439	-77.902386	105.325789
37553		12.221762	1.213076	10.204268	1.225392	-2.586432	0.121498	-1.089844	0.574707	0.887207	137.582150	-76.903177	100.262825
37554		12.276982	1.950519	9.953377	1.212184	-2.400497	0.196663	-1.065430	0.593018	0.883301	142.293693	-75.921126	96.132622
37555		13.129450	2.494665	10.017250	1.158620	-2.075186	0.129426	-1.043701	0.606689	0.897217	145.883265	-74.998716	93.113015
37556		13.565871	2.379316	10.006615	1.085438	-1.613474	-0.074802	-1.034668	0.617188	0.885986	148.197345	-74.198512	91.360095
37557		12.918005	1.487463	9.557728	1.039422	-1.108259	-0.329894	-1.022705	0.622314	0.890381	149.370931	-73.556958	90.760668
37558		11.979314	0.427395	8.981871	1.041932	-0.659361	-0.495551	-1.015625	0.631348	0.877441	149.786299	-73.086347	90.952490
37559		11.408430	-0.886681	8.265624	1.092505	-0.291951	-0.482641	-1.015869	0.642334	0.886475	149.901803	-72.804409	91.488195
37560		28.931228	-9.200064	17.202824	1.361598	2.412311	0.380954	-1.030762	0.659424	0.860352	148.944794	-74.104479	93.302516
37561		18.916079	4.598147	7.092818	1.659724	3.611843	0.335891	-1.050537	0.666992	0.831055	146.351856	-75.961759	96.971561
37562		10.110696	2.033327	5.692624	1.428484	4.881888	1.737221	-1.078369	0.690186	0.803223	143.635812	-78.824047	100.594578
37563		9.417689	-0.930573	-1.921809	1.604289	4.675342	1.039090	-1.104004	0.705078	0.782471	137.434300	-81.281164	107.822950
37564		13.346203	3.257201	-6.303538	1.633615	5.271173	1.401045	-1.128662	0.718994	0.738281	124.923418	-83.890488	121.381050
37565		11.980535	-0.776844	-2.863021	1.498216	6.083743	1.512072	-1.160889	0.743896	0.699951	91.110509	-85.885246	156.178716
37566		9.276805	-1.701318	3.178924	1.542499	5.865214	1.068994	-1.186279	0.750488	0.660889	47.660894	-85.224700	-159.365401
37567		7.479210	-0.873402	7.338509	1.210980	4.897679	0.800362	-1.209717	0.761230	0.629150	27.628004	-83.244368	-138.537643
37568		7.532605	1.836826	6.202283	0.623844	3.706883	0.538302	-1.221436	0.768799	0.602051	19.578599	-81.416092	-130.054069
37569		6.860356	2.102705	5.614678	-0.135403	2.938961	0.362994	-1.229980	0.775879	0.588623	15.229847	-79.862214	-125.725016
37570		6.359277	0.869970	5.195610	-0.472317	2.125087	0.188106	-1.237549	0.768311	0.580566	12.856945	-78.706682	-123.583377
37571		3.837494	-0.633623	6.200682	-0.375696	1.160071	0.139995	-1.243896	0.772705	0.563477	11.571571	-78.064829	-122.490252
37572		6.832287	-0.781578	3.964113	-0.062984	0.397616	0.200127	-1.246094	0.765625	0.564209	10.811272	-77.863393	-121.747581
37573		9.105334	0.075857	2.585858	0.002017	0.156449	0.129818	-1.247314	0.774414	0.573730	10.392629	-77.779050	-121.317585
37574		9.007204	-0.075413	2.557005	-0.023709	0.112420	0.100911	-1.245850	0.762207	0.570557	10.074826	-77.725764	-121.004097
37575		9.157064	-0.137954	2.487608	-0.011584	0.070339	0.066140	-1.250488	0.765381	0.560059	9.860524	-77.682639	-120.791035
37576		9.380551	0.245449	2.383374	-0.008667	0.046664	0.067612	-1.245361	0.770752	0.567139	9.670666	-77.662705	-120.599595
37577		9.370143	0.120665	2.405289	-0.023080	0.032339	0.072764	-1.241211	0.764404	0.565918	9.451252	-77.641339	-120.388006
37578		9.541328	0.147179	2.329342	-0.027960	0.031680	0.081414	-1.245117	0.771729	0.565430	9.222353	-77.630854	-120.167887
37579		9.484751	0.030190	2.323420	-0.039750	0.048424	0.087404	-1.236084	0.770996	0.564697	8.950298	-77.601339	-119.912147
37580		9.529418	-0.055618	2.311257	-0.037367	0.048293	0.074001	-1.235107	0.772705	0.568604	8.729663	-77.580387	-119.705971
37581		9.791884	0.030197	2.214946	-0.038560	0.073616	0.068005	-1.245850	0.774170	0.574219	8.500333	-77.534508	-119.493230
37582		9.568748	0.052616	2.298634	-0.038742	0.107126	0.078061	-1.245361	0.769043	0.575439	8.248530	-77.480186	-119.255870
37583		9.459424	-0.045049	2.324714	-0.039460	0.112802	0.073113	-1.239746	0.776367	0.564453	7.994912	-77.412143	-119.018681
37584		9.492780	-0.034203	2.347150	-0.032994	0.119301	0.077244	-1.244629	0.771484	0.569336	7.748734	-77.350399	-118.783594
37585		9.486603	-0.055077	2.338315	-0.029957	0.125896	0.074838	-1.246094	0.771729	0.561279	7.496687	-77.274626	-118.542313
37586		9.403322	-0.036867	2.404563	-0.021358	0.114486	0.068250	-1.244385	0.768311	0.559570	7.286152	-77.214526	-118.336810
37587		9.341522	-0.029550	2.473037	-0.023332	0.094571	0.066265	-1.238037	0.773438	0.566406	7.073944	-77.155557	-118.132376
37588		9.303199	-0.054639	2.469689	-0.020509	0.083434	0.059174	-1.244873	0.780518	0.558350	6.899616	-77.112166	-117.963422
37589		9.294919	-0.086170	2.435531	-0.021396	0.063215	0.053376	-1.244385	0.770264	0.565674	6.732712	-77.069867	-117.804260
37590		9.321105	-0.077015	2.485632	-0.017000	0.049401	0.046602	-1.244141	0.774414	0.561035	6.603439	-77.044799	-117.679422
37591		9.316824	-0.094141	2.469024	-0.016466	0.034197	0.035599	-1.241699	0.770508	0.562256	6.492871	-77.017692	-117.575143
37592		9.369891	-0.170485	2.422279	-0.012895	0.029907	0.024858	-1.243408	0.778809	0.564453	6.425914	-77.002218	-117.511820
37593		9.374737	-0.113829	2.415949	-0.006710	0.022551	0.017921	-1.243652	0.777100	0.574951	6.368056	-76.980562	-117.455902
37594		9.382948	-0.043744	2.429617	-0.005365	0.018899	0.014854	-1.243164	0.768311	0.562988	6.333354	-76.970696	-117.421248
37595		9.370763	-0.062674	2.443928	-0.010774	0.016317	0.016746	-1.239990	0.777100	0.560059	6.277791	-76.952512	-117.370082
37596		9.415027	-0.041804	2.424041	-0.010975	0.015771	0.022404	-1.237549	0.769775	0.563721	6.222313	-76.944885	-117.317397
37597		9.415511	-0.077504	2.475086	-0.015594	0.011846	0.024441	-1.250488	0.770508	0.558838	6.146336	-76.929715	-117.248114
37598		9.412021	-0.092852	2.455606	-0.013688	0.010184	0.020754	-1.239502	0.772705	0.567871	6.094980	-76.925143	-117.201253
37599		9.402436	-0.066264	2.439733	-0.015051	0.005243	0.018634	-1.247070	0.778076	0.563721	6.035267	-76.913363	-117.148354
37600		9.402305	-0.068342	2.440184	-0.012907	0.004543	0.018307	-1.240479	0.779297	0.565674	5.991905	-76.911838	-117.109236
37601		9.426267	-0.136237	2.420164	-0.008968	0.005996	0.015208	-1.235596	0.779785	0.556152	5.943802	-76.899423	-117.064685
37602		9.390000	-0.156076	2.408827	-0.011709	0.004295	0.007137	-1.249512	0.774170	0.561523	5.928591	-76.897366	-117.053765
37603		9.408131	-0.113812	2.437399	-0.004729	-0.000109	0.002949	-1.246338	0.782227	0.563232	5.914279	-76.887722	-117.041430
37604		9.413765	-0.055113	2.428672	-0.003616	-0.000425	-0.000882	-1.236816	0.778076	0.563721	5.924532	-76.887881	-117.051893
37605		9.402054	-0.072284	2.441035	-0.004980	-0.005363	-0.003001	-1.244873	0.770752	0.560547	5.925750	-76.880901	-117.055665
37606		9.435110	-0.066432	2.431822	-0.004980	-0.005363	-0.003001	-1.243896	0.780029	0.562744	5.941656	-76.883748	-117.072736
37607		9.375545	-0.119114	2.444827	-0.004657	-0.004334	-0.006980	-1.238525	0.778320	0.567871	5.952306	-76.875967	-117.086015
37608		9.443948	-0.060884	2.397665	-0.004226	-0.007118	-0.011871	-1.246338	0.775635	0.566650	5.990776	-76.879282	-117.125812
37609		9.417617	-0.039806	2.446732	-0.000730	-0.007173	-0.012670	-1.233643	0.781250	0.560059	6.018052	-76.872800	-117.153868
37610		9.465439	-0.070472	2.400284	-0.007482	-0.006105	-0.007715	-1.244141	0.769287	0.566650	6.044243	-76.875779	-117.182973
37611		9.468769	-0.056696	2.420337	-0.003221	-0.003620	-0.014790	-1.244629	0.778809	0.566162	6.074124	-76.867164	-117.215182
37612		9.424153	-0.078506	2.441453	-0.003772	-0.001316	-0.011578	-1.244141	0.777832	0.553955	6.110625	-76.867173	-117.252691
37613		9.391347	-0.082984	2.449785	-0.001759	-0.006789	-0.016178	-1.244629	0.770264	0.560303	6.145296	-76.860295	-117.288975
37614		9.379845	-0.098571	2.461497	-0.001097	-0.012907	-0.020307	-1.242676	0.774658	0.564209	6.207683	-76.866356	-117.351493
37615		9.436627	-0.056233	2.426184	-0.002808	-0.014994	-0.024876	-1.250000	0.776611	0.560303	6.264890	-76.863614	-117.411553
37616		9.428415	-0.058465	2.458096	-0.000654	-0.011399	-0.022609	-1.243164	0.770508	0.565430	6.332814	-76.868640	-117.479495
37617		9.455420	-0.009465	2.452149	-0.002529	-0.013625	-0.012500	-1.245361	0.773438	0.567383	6.359392	-76.865899	-117.507954
37618		9.413266	-0.052303	2.397955	-0.003007	-0.015546	-0.019222	-1.243652	0.775146	0.565918	6.418883	-76.873479	-117.568621
37619		9.452941	-0.019559	2.428845	-0.007375	-0.014220	-0.011229	-1.241211	0.764160	0.564453	6.439568	-76.871176	-117.593890
37620		9.384129	-0.110188	2.379377	-0.003207	-0.016096	-0.013565	-1.244873	0.770264	0.568604	6.485352	-76.879415	-117.640598
37621		9.376047	-0.113041	2.410895	0.004216	-0.018983	-0.020063	-1.243408	0.779053	0.565186	6.535374	-76.879272	-117.689186
37622		9.462805	-0.010383	2.390432	0.004442	-0.026613	-0.021898	-1.241699	0.771729	0.559326	6.608968	-76.892932	-117.759946
37623		9.511162	0.027184	2.387388	0.004259	-0.018574	-0.011045	-1.238037	0.771729	0.564697	6.636708	-76.893161	-117.785640
37624		9.496689	-0.001947	2.377726	0.001677	-0.019387	-0.008419	-1.237549	0.771484	0.565430	6.673847	-76.903580	-117.820595
37625		9.491621	-0.060306	2.384904	0.004748	-0.012358	-0.001727	-1.244629	0.773193	0.567139	6.677191	-76.900924	-117.820960
37626		9.473914	-0.035917	2.400520	0.007932	-0.009142	0.004049	-1.244873	0.775635	0.568359	6.684516	-76.906340	-117.821624
37627		9.428569	-0.025986	2.371298	0.007374	-0.011133	0.004667	-1.249512	0.774414	0.565674	6.673195	-76.903448	-117.805396
37628		9.453185	-0.024914	2.394845	0.008612	-0.006672	0.005110	-1.240723	0.770752	0.562988	6.677604	-76.907529	-117.802666
37629		9.489445	-0.006840	2.405969	0.007623	-0.005876	0.010625	-1.239990	0.771240	0.562012	6.650199	-76.902074	-117.769784
37630		9.501239	0.009256	2.392950	0.008786	-0.001483	0.018408	-1.243164	0.772949	0.563965	6.620687	-76.904082	-117.732125
37631		9.480080	0.018835	2.389006	0.002159	0.000062	0.025055	-1.244141	0.779053	0.568604	6.553100	-76.896217	-117.661205
37632		9.537228	0.023306	2.405210	0.005682	0.012896	0.032039	-1.240723	0.768311	0.558838	6.484477	-76.890909	-117.585212
37633		9.536774	0.019468	2.407045	0.000913	0.025601	0.050118	-1.242432	0.771484	0.564453	6.348041	-76.870094	-117.444323
37634		9.481714	-0.046288	2.369847	-0.003439	0.034760	0.037920	-1.233643	0.772705	0.568604	6.254227	-76.852639	-117.347819
37635		9.562118	-0.109047	2.368805	-0.004675	0.047064	0.038831	-1.245850	0.773682	0.561035	6.137108	-76.818814	-117.230031
37636		9.468226	-0.170669	2.396300	-0.004991	0.062043	0.018787	-1.236572	0.767578	0.567139	6.082479	-76.784576	-117.174665
37637		9.513965	-0.036121	2.396929	-0.000474	0.069776	0.017650	-1.239746	0.763184	0.558838	6.014051	-76.736507	-117.104399
37638		9.515414	-0.025327	2.424354	-0.000095	0.075503	0.025264	-1.243896	0.769531	0.555664	5.943885	-76.694957	-117.030167
37639		9.681336	0.012511	2.409064	-0.001586	0.083297	0.045569	-1.255371	0.777588	0.557861	5.805316	-76.640808	-116.888451
37640		9.993883	0.167473	2.414278	-0.013055	0.114224	0.078888	-1.246338	0.774414	0.559082	5.591481	-76.580149	-116.674137
37641		10.081477	0.067685	2.439106	-0.009726	0.140824	0.149907	-1.241455	0.780518	0.560303	5.189950	-76.498584	-116.266734
37642		11.462209	0.905828	2.432700	-0.039461	0.204755	0.262916	-1.238281	0.774658	0.561523	4.513316	-76.394431	-115.591781
37643		12.874059	0.694085	2.463531	-0.096677	0.356816	0.620108	-1.238770	0.777344	0.563232	2.943665	-76.204265	-114.032829
37644		13.356954	-0.299855	2.409883	-0.117402	0.480770	1.073204	-1.243652	0.786133	0.545654	0.374455	-75.946764	-111.452971
37645		13.178528	1.188947	2.797149	-0.154004	0.645851	1.260982	-1.233643	0.789551	0.551758	-2.532772	-75.553983	-108.543987
37646		16.945910	0.730338	2.745085	-0.201383	0.834630	1.239818	-1.219727	0.799805	0.546631	-5.216169	-75.029013	-105.886824
37647		17.092211	0.914953	2.996197	-0.232006	1.092676	1.631905	-1.217285	0.804932	0.537598	-8.458802	-74.287106	-102.661437
37648		16.625983	3.583532	3.662456	-0.321303	1.235581	2.009323	-1.214355	0.820801	0.534668	-12.107492	-73.385076	-99.052237
37649		17.419786	4.109321	3.677198	-0.506383	1.397987	2.343155	-1.203125	0.816895	0.527344	-15.976232	-72.273716	-95.305511
37650		16.795681	4.189796	3.551290	-0.714271	1.606281	2.739299	-1.196533	0.836426	0.533203	-20.010548	-70.913556	-91.483186
37651		15.501382	5.073763	3.652667	-0.929713	1.774933	3.124821	-1.174316	0.846436	0.527100	-24.061879	-69.291579	-87.739291
37652		15.377370	6.867236	3.817635	-1.233183	1.859796	3.605700	-1.153564	0.858643	0.512451	-28.252998	-67.424400	-83.988953
37653		13.513724	7.212477	4.382417	-1.539810	1.964410	4.142337	-1.127686	0.882324	0.510742	-32.493340	-65.247359	-80.319701
37654		11.887810	6.692928	5.613817	-1.865310	1.930676	4.850883	-1.103760	0.887207	0.512451	-36.950567	-62.754996	-76.548755
37655		5.655395	1.899528	6.623717	-2.066646	1.456597	5.578338	-1.070557	0.908691	0.525146	-41.685147	-60.079964	-72.501389
37656		2.418979	-3.776499	5.215813	-1.977200	0.526057	6.959086	-1.019287	0.927979	0.524414	-47.133859	-57.073222	-67.444437
37657		7.745174	-14.998443	8.947806	-1.305589	-0.284634	8.581757	-0.947021	0.950928	0.544189	-52.614675	-53.412878	-61.680859
37658		16.555198	-41.826635	8.383847	1.901659	-0.563752	9.596170	-0.877930	0.981445	0.520508	-55.859454	-49.137463	-56.126891
37659		2.929866	-12.958510	5.217209	5.367080	-0.714384	6.313972	-0.822266	1.018066	0.473389	-55.392285	-46.378757	-52.595934
37660		-0.814755	2.224177	1.421064	6.534478	-1.598939	4.929765	-0.773438	1.044189	0.409668	-54.064778	-44.603001	-49.204159
37661		7.059538	0.307088	-0.881154	7.126896	-2.308826	3.718659	-0.729980	1.063477	0.349365	-52.235254	-43.688042	-45.957884
37662		13.868227	1.861080	-0.693534	7.427926	-2.336800	2.753783	-0.706299	1.080811	0.273682	-49.904593	-43.303492	-43.157351
37663		14.874048	4.109762	-0.542529	7.345700	-1.984116	2.310673	-0.681885	1.085693	0.214600	-47.303691	-43.061284	-40.796824
37664		13.390441	5.386578	-0.661963	7.064372	-1.609845	2.062654	-0.660889	1.078369	0.137451	-44.634816	-42.854138	-38.770292
37665		13.273784	6.756467	-0.883138	6.637253	-1.237756	1.803658	-0.648682	1.092529	0.080566	-41.962466	-42.663993	-37.093259
37666		13.508156	8.133586	-0.378068	6.052987	-0.818069	1.693841	-0.624756	1.083740	0.027344	-39.445967	-42.387751	-35.682132
37667		12.562495	9.414749	0.315674	5.336999	-0.493821	1.733372	-0.619141	1.080566	-0.037354	-37.237574	-41.999198	-34.404060
37668		10.356386	9.977479	0.548531	4.542196	-0.344733	1.803098	-0.604248	1.063477	-0.068604	-35.479371	-41.547039	-33.133441
37669		7.967574	9.570084	0.479515	3.745343	-0.385708	1.706957	-0.587158	1.047852	-0.108887	-34.134053	-41.178748	-31.906522
37670		6.560587	9.470930	0.242881	2.980935	-0.539253	1.360048	-0.576660	1.037354	-0.132568	-33.137741	-41.005501	-30.820536
37671		6.136650	9.473774	0.000298	2.263368	-0.733950	0.929237	-0.579590	1.030518	-0.149414	-32.409536	-41.081535	-29.937335
37672		5.597251	8.996407	-0.192395	1.600181	-0.935829	0.495318	-0.570801	1.022949	-0.167969	-31.950082	-41.385327	-29.240173
37673		4.907052	8.241352	-0.401190	1.019747	-1.173829	0.068374	-0.572998	1.022949	-0.176758	-31.689561	-41.948620	-28.734603
37674		4.382611	7.044565	-0.458499	0.547392	-1.453559	-0.301763	-0.585205	1.021973	-0.195801	-31.636787	-42.749341	-28.344204
37675		4.877764	5.746467	-0.723333	0.191388	-1.737488	-0.571228	-0.595215	1.030029	-0.195313	-31.733490	-43.782260	-28.024140
37676		5.968840	4.086596	-0.917977	-0.016494	-1.951540	-0.734101	-0.611328	1.020264	-0.202881	-31.967069	-44.955114	-27.700591
37677		7.021037	2.492865	-0.980336	-0.081979	-2.076998	-0.829449	-0.617188	1.018066	-0.197021	-32.222987	-46.231017	-27.389768
37678		7.477408	1.037488	-1.019654	-0.026574	-2.141944	-0.892680	-0.649902	1.009521	-0.207520	-32.474393	-47.542595	-27.063336
37679		7.454090	0.011215	-0.998984	0.129004	-2.206839	-0.948886	-0.656494	1.016357	-0.212158	-32.622208	-48.917559	-26.749032
37680		7.111372	-0.811415	-1.027602	0.366816	-2.306446	-1.006510	-0.672363	1.016846	-0.222656	-32.675627	-50.342495	-26.400271
37681		6.845047	-1.450365	-1.056000	0.682352	-2.458798	-1.084724	-0.689209	1.013672	-0.230225	-32.549224	-51.881922	-26.045047
37682		7.133179	-1.848351	-1.202920	1.048167	-2.633256	-1.179288	-0.709229	1.009277	-0.245850	-32.257036	-53.518952	-25.654702
37683		7.558519	-2.135765	-1.292168	1.454345	-2.797990	-1.307514	-0.737061	1.004639	-0.252930	-31.693254	-55.294303	-25.309768
37684		8.100603	-1.738747	-1.144463	1.858126	-2.948117	-1.483410	-0.763672	0.994141	-0.267090	-30.849114	-57.180307	-25.041903
37685		8.925592	-0.783519	-0.893978	2.187057	-3.059187	-1.652327	-0.791260	0.988037	-0.286865	-29.671298	-59.190932	-24.941503
37686		9.486568	0.032765	-0.484421	2.410910	-3.134567	-1.802392	-0.828613	0.968994	-0.303711	-28.224873	-61.263335	-25.013831
37687		10.113755	0.547563	-0.122945	2.555971	-3.186454	-1.973429	-0.849854	0.946777	-0.326904	-26.407896	-63.424720	-25.401247
37688		10.917244	0.691732	0.396286	2.623303	-3.219917	-2.156318	-0.893066	0.934326	-0.342041	-24.210306	-65.621596	-26.167893
37689		11.593354	0.479797	0.922654	2.651864	-3.236761	-2.310768	-0.924072	0.913086	-0.348389	-21.485626	-67.865599	-27.469992
37690		12.171547	0.358828	1.281381	2.643102	-3.265478	-2.423215	-0.969238	0.888916	-0.370605	-18.219216	-70.097881	-29.344007
37691		13.033614	0.649507	1.730901	2.554077	-3.277953	-2.458700	-0.993652	0.866455	-0.373047	-14.269458	-72.315913	-31.961159
37692		13.416176	0.945717	2.554194	2.369771	-3.285218	-2.420224	-1.028564	0.840088	-0.379883	-9.665339	-74.446220	-35.345928
37693		13.115850	0.686495	3.320836	2.132597	-3.357153	-2.360387	-1.065918	0.832275	-0.377441	-4.060673	-76.537472	-39.864155
37694		12.065090	-0.654544	3.575117	1.919067	-3.536503	-2.288899	-1.094727	0.806641	-0.381348	2.904140	-78.579775	-45.866912
37695		11.507294	-2.508202	3.690999	1.805640	-3.837266	-2.168437	-1.125732	0.792480	-0.388184	12.376224	-80.612700	-54.436393
37696		12.377076	-4.283143	4.142855	1.806978	-4.125602	-1.932503	-1.170898	0.768311	-0.379395	25.693277	-82.496613	-66.847714
37697		14.304756	-5.367167	5.232616	1.906709	-4.291772	-1.547860	-1.211670	0.753174	-0.391602	45.249885	-84.006340	-85.430738
37698		15.934410	-5.272474	6.791481	2.028434	-4.279253	-1.061364	-1.250977	0.731445	-0.363037	71.152047	-84.798480	-110.282650
37699		16.372957	-4.167176	8.539007	2.116477	-4.117114	-0.605064	-1.276855	0.710693	-0.353271	98.553888	-84.644940	-136.574683
37700		15.806547	-2.328328	10.375547	2.131679	-3.887069	-0.267012	-1.316895	0.698486	-0.347656	120.063424	-83.748267	-156.962278
37701		15.326361	-0.549045	12.292142	2.079974	-3.623764	-0.095580	-1.335693	0.682617	-0.343750	134.633649	-82.414956	-170.433713
37702		15.079212	0.908683	14.054779	1.985675	-3.296770	-0.076017	-1.366211	0.675293	-0.329346	143.971104	-80.949362	-178.717395
37703		14.687430	1.509339	15.823617	1.843533	-2.881832	-0.200037	-1.387939	0.659668	-0.307373	149.679625	-79.485717	176.564091
37704		14.371996	1.066980	17.484201	1.707035	-2.355139	-0.457880	-1.403320	0.645752	-0.307861	152.777032	-78.175403	174.406196
37705		13.717989	-0.136959	18.470620	1.579665	-1.746583	-0.757256	-1.438965	0.629883	-0.288818	153.919426	-77.073059	174.163837
37706		12.584482	-1.389783	18.912505	1.470817	-1.124054	-0.939202	-1.440674	0.608887	-0.281738	153.913232	-76.257048	175.038455
37707		11.637360	-2.222981	19.021997	1.367665	-0.567054	-0.902873	-1.459717	0.602783	-0.285400	153.374881	-75.727087	176.400496
37708		11.478979	-2.559100	18.307408	1.239957	-0.119229	-0.636437	-1.469482	0.591309	-0.289795	152.933178	-75.500481	177.592140
37709		40.659969	-13.884515	24.468622	1.568806	2.220296	0.860107	-1.452881	0.592773	-0.310059	153.229826	-76.852856	178.211239
37710		16.546915	-7.405634	18.429167	1.635909	3.535897	1.711958	-1.432129	0.599854	-0.349609	154.066573	-79.102667	178.316338
37711		9.505552	-4.968705	10.430922	1.876934	4.625668	2.246633	-1.405029	0.614258	-0.382568	155.247524	-82.050454	178.209031
37712		6.058168	-5.395834	-1.192217	2.170254	4.330458	1.089637	-1.371094	0.599121	-0.429688	151.822379	-84.550927	-177.089062
37713		11.838660	-1.117675	-4.722419	2.424773	4.230305	0.240940	-1.352295	0.589355	-0.464111	135.947211	-86.614387	-159.776251
37714		14.216631	2.205500	-3.142760	2.148257	5.186392	0.091941	-1.325928	0.577148	-0.509277	77.955595	-87.667018	-100.492100
37715		9.777092	2.928034	4.035297	1.388730	5.350809	0.564431	-1.274170	0.566650	-0.543945	29.512172	-85.946552	-51.189118
37716		6.915313	0.485372	9.450181	0.670729	4.477876	0.511237	-1.243896	0.572021	-0.578125	15.981803	-83.676360	-37.218272
37717		8.111462	2.848548	5.103484	0.030652	3.191759	0.387543	-1.229492	0.579590	-0.595459	10.971065	-81.938566	-32.149029
37718		4.444762	0.325275	7.013625	-0.384200	2.248927	0.339781	-1.212158	0.580566	-0.600098	8.108601	-80.699627	-29.474094
37719		7.475658	-0.028584	3.992351	-0.336101	1.242254	0.112796	-1.195313	0.581787	-0.600586	7.040695	-79.992747	-28.584197
37720		6.470852	-0.784258	4.599976	-0.178184	0.784408	0.058569	-1.201660	0.584717	-0.611816	6.473207	-79.550321	-28.109122
37721		7.881344	-0.464443	3.199230	-0.085607	0.400284	0.037026	-1.196289	0.580322	-0.604736	6.223436	-79.314430	-27.902866
37722		8.573556	-0.023923	2.806951	-0.037896	0.202404	0.071928	-1.190430	0.587158	-0.607422	5.932813	-79.203438	-27.626989
37723		9.254386	-0.226792	2.390651	-0.034048	0.173990	0.030088	-1.184326	0.588135	-0.609375	5.817201	-79.095542	-27.527058
37724		8.879159	0.118943	2.630339	-0.013952	0.129308	0.020512	-1.193848	0.586182	-0.608154	5.721861	-79.022982	-27.435923
37725		9.163833	-0.014710	2.449396	-0.016118	0.068667	0.012093	-1.191650	0.591553	-0.603027	5.702576	-78.973942	-27.423608
37726		9.360943	0.106133	2.419824	-0.013195	0.050390	-0.004378	-1.180908	0.587646	-0.611084	5.704686	-78.944938	-27.431288
37727		9.390573	0.164765	2.392100	-0.010067	0.036480	-0.006476	-1.185547	0.597900	-0.609619	5.751931	-78.913107	-27.483241
37728		9.453401	0.099619	2.392672	-0.011836	0.030858	-0.006158	-1.189697	0.591797	-0.606445	5.765539	-78.895135	-27.501845
37729		9.546913	0.167069	2.328655	-0.010078	0.033686	-0.008602	-1.191162	0.592041	-0.615234	5.818994	-78.864702	-27.560156
37730		9.574634	0.185868	2.337798	-0.006748	0.043524	-0.001419	-1.187744	0.584473	-0.609131	5.817890	-78.839782	-27.560798
37731		9.548828	0.214730	2.372287	-0.009817	0.047126	0.008304	-1.186768	0.588867	-0.613037	5.818111	-78.802627	-27.564710
37732		9.480163	0.156896	2.376706	-0.009462	0.052890	0.014902	-1.188965	0.588379	-0.613281	5.765842	-78.773311	-27.514776
37733		9.429797	0.097724	2.397329	-0.009939	0.052005	0.016499	-1.179199	0.588379	-0.610840	5.740992	-78.733799	-27.493202
37734		9.455137	0.148641	2.411965	-0.007539	0.046114	0.016176	-1.181152	0.587402	-0.616699	5.688617	-78.708406	-27.442025
37735		9.437807	0.114028	2.395793	-0.007816	0.046635	0.009971	-1.179688	0.588867	-0.606689	5.685121	-78.671525	-27.440987
37736		9.496080	0.115668	2.406751	-0.005790	0.046148	0.011611	-1.190674	0.597656	-0.616455	5.647106	-78.645846	-27.403422
37737		9.468592	0.135992	2.368433	-0.003662	0.046363	0.009352	-1.182129	0.588867	-0.605225	5.647604	-78.609038	-27.404037
37738		9.409795	0.214205	2.406419	-0.009046	0.048181	0.009091	-1.185791	0.594727	-0.608154	5.614566	-78.582053	-27.373445
37739		9.400529	0.159093	2.416790	-0.011390	0.043765	0.017023	-1.185303	0.590576	-0.612793	5.589599	-78.547109	-27.352601
37740		9.440625	0.160883	2.411186	-0.013622	0.037262	0.018911	-1.189453	0.583252	-0.611816	5.529637	-78.526889	-27.297206
37741		9.420853	0.201456	2.475708	-0.015969	0.032845	0.026839	-1.183838	0.580811	-0.624756	5.477552	-78.498654	-27.251365
37742		9.381883	0.118409	2.406104	-0.018201	0.026342	0.028724	-1.180664	0.588135	-0.608887	5.390821	-78.485170	-27.171321
37743		9.481703	0.121634	2.405930	-0.020349	0.026125	0.030996	-1.180176	0.587158	-0.609619	5.326578	-78.460912	-27.115631
37744		9.454585	0.066018	2.398118	-0.014391	0.023100	0.023643	-1.183350	0.591553	-0.618652	5.257480	-78.448971	-27.051345
37745		9.427106	0.126606	2.434981	-0.021194	0.025062	0.030277	-1.174072	0.595459	-0.611328	5.195123	-78.425216	-26.998071
37746		9.449385	0.128153	2.411589	-0.012108	0.019290	0.029360	-1.180420	0.595215	-0.612549	5.112702	-78.415711	-26.918843
37747		9.475514	0.177301	2.423816	-0.013079	0.023101	0.036830	-1.172607	0.598633	-0.610596	5.037400	-78.393333	-26.847607
37748		9.435968	0.135316	2.430907	-0.015715	0.024789	0.042837	-1.179443	0.589355	-0.612061	4.914522	-78.381310	-26.729176
37749		9.458261	0.135292	2.407665	-0.016783	0.022314	0.049918	-1.177979	0.592041	-0.609863	4.801337	-78.359917	-26.621421
37750		9.476044	0.128769	2.426037	-0.019427	0.024001	0.055932	-1.182373	0.596680	-0.609131	4.640829	-78.348855	-26.466726
37751		9.459206	0.089826	2.407810	-0.016123	0.028239	0.058884	-1.182861	0.589600	-0.617676	4.502461	-78.324339	-26.332855
37752		9.466427	0.062943	2.437044	-0.016377	0.026820	0.066710	-1.177246	0.597412	-0.617432	4.314098	-78.311972	-26.147912
37753		9.418845	0.039221	2.417725	-0.016278	0.027526	0.062824	-1.179443	0.600098	-0.612549	4.165705	-78.287833	-26.003872
37754		9.446908	0.051472	2.426082	-0.011998	0.027952	0.058305	-1.177979	0.590576	-0.604492	4.003715	-78.274265	-25.843275
37755		9.433873	0.060173	2.443740	-0.013812	0.027911	0.062910	-1.177979	0.594971	-0.613525	3.857184	-78.249714	-25.699672
37756		9.435139	0.019914	2.441706	-0.013339	0.026005	0.059186	-1.176270	0.601074	-0.611084	3.693229	-78.237116	-25.537831
37757		9.438513	0.061666	2.479910	-0.013834	0.025119	0.060787	-1.175781	0.593994	-0.612061	3.553746	-78.213886	-25.401418
37758		9.500078	0.097934	2.452252	-0.015877	0.025615	0.059164	-1.175537	0.600586	-0.615723	3.389279	-78.201336	-25.240519
37759		9.449622	0.034981	2.469951	-0.019481	0.030280	0.056473	-1.177490	0.597656	-0.614990	3.258285	-78.174821	-25.116061
37760		9.455431	0.001191	2.426468	-0.017676	0.027531	0.049735	-1.169189	0.591797	-0.611816	3.119087	-78.160712	-24.982010
37761		9.472888	-0.005081	2.445626	-0.021639	0.034812	0.046877	-1.174561	0.604004	-0.622559	3.013034	-78.131157	-24.884279
37762		9.520787	-0.027403	2.466426	-0.017971	0.036422	0.050010	-1.179932	0.604736	-0.615967	2.872489	-78.111850	-24.749001
37763		9.433382	-0.086525	2.452877	-0.013316	0.047334	0.040238	-1.170898	0.599609	-0.615967	2.788193	-78.074823	-24.668612
37764		9.510970	-0.015539	2.448272	-0.011655	0.046658	0.039569	-1.175293	0.597900	-0.611572	2.679219	-78.049272	-24.561875
37765		9.435007	-0.046608	2.497843	-0.010100	0.052807	0.033078	-1.178223	0.595459	-0.611328	2.616028	-78.008837	-24.501158
37766		9.521380	0.078422	2.488203	-0.011448	0.053650	0.036103	-1.173096	0.599854	-0.611084	2.516620	-77.979131	-24.404053
37767		9.551258	0.016428	2.417587	-0.014884	0.063348	0.043987	-1.170166	0.600342	-0.622559	2.420868	-77.932853	-24.312827
37768		9.571602	0.057621	2.477159	-0.020200	0.091679	0.055422	-1.170166	0.599854	-0.616211	2.261915	-77.881749	-24.159922
37769		9.517394	0.029085	2.505656	-0.025527	0.099809	0.055614	-1.166992	0.598633	-0.613281	2.127019	-77.814737	-24.034843
37770		9.579065	0.030889	2.481389	-0.023004	0.109245	0.058326	-1.167236	0.607910	-0.618408	1.959903	-77.753469	-23.875159
37771		10.137061	0.417296	2.487745	-0.015739	0.132891	0.098460	-1.161377	0.604492	-0.616943	1.718258	-77.668110	-23.635004
37772		10.458808	0.057706	2.480058	-0.007920	0.185852	0.134777	-1.164307	0.605713	-0.625244	1.359643	-77.563845	-23.270309
37773		12.317644	-0.178890	2.363545	0.020290	0.313248	0.102746	-1.160889	0.604736	-0.622803	1.126196	-77.374727	-23.017129
37774		12.896369	0.147528	2.453177	0.011015	0.526556	0.063818	-1.157227	0.601074	-0.624023	0.957327	-77.073871	-22.835316
37775		12.481947	-0.821453	2.557273	0.025791	0.706687	0.022406	-1.151123	0.607178	-0.622559	0.924151	-76.658525	-22.783860
37776		13.286790	-0.571866	2.549637	0.048645	0.855216	-0.065528	-1.146729	0.601563	-0.630127	1.081602	-76.168066	-22.914975
37777		13.444116	-0.850611	2.604940	0.083598	1.048163	-0.155548	-1.138428	0.606934	-0.632324	1.462275	-75.555165	-23.255844
37778		13.206838	-0.749339	2.662345	0.108569	1.231082	-0.254844	-1.131836	0.599854	-0.645996	2.005222	-74.845808	-23.750865
37779		13.290489	-0.474459	2.702564	0.132111	1.399609	-0.320660	-1.115723	0.599609	-0.645752	2.650644	-74.026750	-24.339887
37780		13.711149	-0.620505	2.615275	0.148296	1.588929	-0.364486	-1.098877	0.600586	-0.645752	3.291123	-73.106812	-24.916813
37781		14.097763	-0.484078	2.586706	0.178991	1.804105	-0.389565	-1.095947	0.602051	-0.666260	3.919892	-72.051071	-25.465808
37782		14.926148	-0.202882	2.608482	0.192557	2.037755	-0.412644	-1.082031	0.587402	-0.660645	4.485809	-70.869350	-25.944057
37783		16.062251	0.110099	2.566285	0.203791	2.336183	-0.391718	-1.060547	0.592285	-0.672119	4.938107	-69.507345	-26.297992
37784		16.737425	0.635990	2.413344	0.187219	2.687733	-0.344639	-1.046631	0.599609	-0.679443	5.207742	-67.955953	-26.469914
37785		16.585934	0.512081	2.233853	0.170114	3.054887	-0.263799	-1.014648	0.586182	-0.693115	5.299347	-66.190514	-26.460496
37786		16.804375	0.116011	2.089184	0.149964	3.421089	-0.209807	-0.985107	0.588623	-0.701416	5.260039	-64.227616	-26.320214
37787		18.247939	-0.066175	1.822519	0.147396	3.823377	-0.196147	-0.949463	0.594727	-0.706543	5.186719	-62.028518	-26.139783
37788		19.716539	0.416454	1.486886	0.126554	4.296221	-0.119695	-0.916504	0.596680	-0.713867	4.995993	-59.570577	-25.835838
37789		21.094915	1.976197	1.316172	0.083086	4.840688	0.102296	-0.880615	0.603271	-0.725830	4.588754	-56.806313	-25.296393
37790		21.874029	1.753262	1.162617	-0.007551	5.433974	0.307584	-0.834717	0.598145	-0.731934	3.999469	-53.714778	-24.582217
37791		22.214117	-0.392321	1.655013	-0.035987	6.013841	0.372579	-0.775879	0.604736	-0.728516	3.432032	-50.287658	-23.882878
37792		24.587972	-0.187426	4.385544	0.032606	6.511807	0.503875	-0.718262	0.601074	-0.734863	2.897415	-46.578286	-23.140886
37793		22.216389	3.143065	7.798932	0.024761	6.736189	0.642237	-0.664307	0.595459	-0.732422	2.382503	-42.740610	-22.381359
37794		19.925539	4.083535	6.784729	-0.086042	6.746791	0.363866	-0.603027	0.597412	-0.725342	2.028419	-38.885931	-21.912069
37795		20.595252	0.776261	4.336921	-0.136858	6.809499	-0.179750	-0.547119	0.604736	-0.715088	1.935618	-34.986774	-21.878051
37796		23.825531	0.870696	3.354235	-0.263232	6.869559	-0.228783	-0.492920	0.598633	-0.703613	1.790061	-31.048725	-21.883902
37797		24.136684	-0.314444	-0.526353	-0.367999	7.021502	0.328698	-0.443359	0.607422	-0.685059	1.420816	-27.040130	-21.544251
37798		21.790207	0.393756	-3.773935	-0.358556	7.041735	0.565494	-0.385742	0.609131	-0.656982	1.026740	-23.013451	-21.093781
37799		17.883925	3.973637	-8.581336	-0.339357	7.025028	0.572044	-0.333008	0.606445	-0.639893	0.691153	-19.006564	-20.681197
37800		12.566231	10.343022	-10.266869	-0.503272	6.749563	0.416366	-0.281982	0.607910	-0.601074	0.321588	-15.141747	-20.397870
37801		9.358348	14.136074	-9.186410	-1.186895	6.434707	0.054710	-0.241943	0.616455	-0.573730	-0.356532	-11.471819	-20.369219
37802		-21.324414	7.626325	-6.142250	-1.776050	5.659068	-0.259324	-0.217285	0.628174	-0.543701	-1.337819	-8.232187	-20.570498
37803		-24.983187	2.671545	-7.833125	-1.867328	2.470050	-1.742256	-0.202393	0.649902	-0.529785	-2.257741	-6.864376	-21.624071
37804		-11.738301	1.454318	-7.540801	-1.823037	0.018477	-2.781055	-0.219238	0.670898	-0.509277	-3.107393	-6.928625	-23.229670
37805		-3.518788	0.987754	-5.319503	-1.730272	-1.772762	-2.558345	-0.259033	0.703613	-0.513672	-3.901701	-8.042510	-24.645579
37806		2.653339	-0.028994	-4.949666	-1.622670	-2.806692	-1.784576	-0.289063	0.708740	-0.520020	-4.688550	-9.723000	-25.557470
37807		5.398946	-0.773736	-4.613194	-1.490475	-3.332196	-0.988608	-0.318359	0.724609	-0.513428	-5.454231	-11.684739	-25.963513
37808		5.867233	-1.349015	-4.365448	-1.325386	-3.584037	-0.348244	-0.348145	0.742676	-0.520020	-6.213471	-13.748215	-25.954882
37809		5.418866	-1.355265	-4.091219	-1.150333	-3.725242	0.043058	-0.389648	0.748779	-0.525635	-6.930135	-15.877086	-25.681101
37810		4.533697	-0.934412	-3.770645	-0.968214	-3.860946	0.143326	-0.414551	0.754883	-0.534424	-7.592458	-18.061513	-25.305506
37811		4.029147	-0.286997	-3.519217	-0.786602	-4.043107	-0.062693	-0.445557	0.760742	-0.541260	-8.127803	-20.373869	-25.012555
37812		4.534117	0.791144	-3.363734	-0.633867	-4.214139	-0.411362	-0.484131	0.765625	-0.541748	-8.534349	-22.797483	-24.889055
37813		5.772720	1.379458	-3.125319	-0.510156	-4.330740	-0.794522	-0.522949	0.781250	-0.539063	-8.778619	-25.332856	-24.978650
37814		6.805853	1.265644	-2.795493	-0.384485	-4.383987	-1.221654	-0.569092	0.776611	-0.552246	-8.841985	-27.922710	-25.324020
37815		7.590786	0.892588	-2.497990	-0.241872	-4.408045	-1.621943	-0.626465	0.786377	-0.542480	-8.666428	-30.575556	-25.943138
37816		7.983106	0.385068	-2.261139	-0.086047	-4.451464	-1.943218	-0.661377	0.787598	-0.532227	-8.260241	-33.262629	-26.800367
37817		7.997576	0.026528	-2.081331	0.082798	-4.569087	-2.176239	-0.715576	0.793945	-0.538818	-7.591937	-36.044142	-27.871443
37818		7.924978	-0.264283	-1.888969	0.249310	-4.783406	-2.293970	-0.777832	0.784180	-0.528809	-6.706781	-38.927614	-29.087241
37819		7.922950	-0.493150	-1.832827	0.407721	-5.093032	-2.307002	-0.821045	0.788574	-0.504395	-5.600131	-41.988485	-30.414202
37820		8.610553	-0.631142	-1.775482	0.574628	-5.448686	-2.268285	-0.882813	0.771240	-0.498535	-4.289893	-45.211275	-31.832897
37821		10.065852	-0.609284	-1.616176	0.734009	-5.759682	-2.168598	-0.923828	0.764893	-0.481689	-2.737632	-48.600210	-33.366206
37822		11.746977	-0.580157	-1.124242	0.873411	-5.973727	-2.014951	-0.979492	0.757813	-0.457275	-0.974620	-52.059012	-35.002724
37823		13.582894	-0.394144	-0.348736	0.984545	-6.078191	-1.841532	-1.025391	0.754395	-0.437500	1.062672	-55.560836	-36.813290
37824		15.338073	-0.090848	0.565445	1.037770	-6.079811	-1.676622	-1.068115	0.740967	-0.409668	3.366892	-59.005143	-38.841539
37825		16.562221	0.190350	1.532296	1.036705	-6.006539	-1.521389	-1.098389	0.736084	-0.373535	6.047396	-62.384635	-41.220735
37826		17.186130	0.281113	2.141305	1.022074	-5.915388	-1.414376	-1.133301	0.727783	-0.354492	9.210691	-65.637166	-44.084569
37827		17.227421	0.276921	2.619478	1.000096	-5.858130	-1.347902	-1.164795	0.715332	-0.325928	13.190381	-68.801405	-47.766647
37828		16.789223	-0.413956	3.490528	1.046915	-5.906546	-1.274462	-1.193848	0.711182	-0.312012	18.338664	-71.862178	-52.592398
37829		16.686470	-1.298424	4.665000	1.191093	-6.042759	-1.203369	-1.219727	0.700439	-0.280273	25.569267	-74.838215	-59.413933
37830		17.173949	-2.223115	6.489381	1.424494	-6.192294	-1.071422	-1.233643	0.690430	-0.261719	35.951371	-77.582130	-69.257110
37831		18.649164	-2.248101	9.158497	1.697126	-6.251257	-0.934655	-1.260498	0.689941	-0.230469	51.423262	-79.829921	-84.027878
37832		20.331221	-1.430432	13.285207	1.867852	-6.202765	-0.746365	-1.285400	0.684814	-0.210693	72.526821	-81.141039	-104.331074
37833		21.826034	-1.149027	17.788034	1.975134	-5.960254	-0.466207	-1.299561	0.672119	-0.189453	96.015695	-81.209988	-126.941508
37834		22.354581	-0.046820	21.900530	1.989335	-5.506575	-0.194634	-1.313965	0.670410	-0.162842	115.628945	-80.227711	-145.652566
37835		20.934217	1.028746	25.053604	1.909117	-4.887683	0.020535	-1.327637	0.665039	-0.153076	129.532516	-78.704022	-158.673139
37836		18.136007	2.521919	26.970049	1.729502	-4.213080	0.222319	-1.341797	0.662598	-0.143555	139.009542	-77.104269	-167.348016
37837		15.689643	4.278152	28.168465	1.419777	-3.550705	0.437332	-1.356201	0.662109	-0.133789	145.767471	-75.631154	-173.460620
37838		13.276784	3.948206	28.340853	1.007647	-2.870320	0.474978	-1.352539	0.668701	-0.116455	150.448698	-74.376674	-177.706566
37839		46.380961	1.893879	31.052982	0.764019	-2.084701	0.206440	-1.364746	0.657227	-0.116943	153.179665	-73.373824	179.907301
37840		12.930934	-4.526967	34.652490	0.635781	1.538421	0.758801	-1.361084	0.668457	-0.140625	153.517080	-74.355674	179.937491
37841		23.819648	-5.100101	32.422682	0.684925	3.205209	1.272224	-1.354248	0.678711	-0.158691	153.218499	-76.327754	-179.349120
37842		13.425807	-6.208556	24.406447	0.763894	5.586649	2.613270	-1.312500	0.693848	-0.196045	153.138211	-79.858960	-178.817695
37843		8.065779	-2.565744	-0.946889	1.038266	4.738330	1.559831	-1.299561	0.697266	-0.239502	150.424245	-82.686076	-175.472042
37844		19.945645	-0.216668	-15.375404	0.965666	6.222322	1.287472	-1.262207	0.697021	-0.285156	135.040346	-86.000900	-159.462166
37845		12.346529	0.154492	-1.549598	0.747328	7.989963	1.315850	-1.219971	0.716309	-0.333984	49.968985	-87.293973	-73.868075
37846		1.753151	-3.234108	14.587037	0.479816	6.379067	0.845456	-1.183594	0.707275	-0.373535	16.643131	-84.379719	-40.191483
37847		4.006938	0.319953	9.805235	0.197395	3.848907	0.477831	-1.163818	0.708740	-0.393799	10.120549	-82.278522	-33.511275
37848		4.502939	0.090070	7.105379	0.070033	2.248157	0.285824	-1.158447	0.712158	-0.405518	7.711223	-81.030949	-31.033608
37849		6.300650	0.689844	4.729886	-0.083216	1.347995	0.169340	-1.141357	0.712402	-0.413330	6.515582	-80.259160	-29.869675
37850		7.988383	0.372282	3.486067	-0.058522	0.887902	0.129590	-1.130859	0.712158	-0.417480	5.766557	-79.761242	-29.141008
37851		7.539412	-0.119214	3.767618	-0.089101	0.523927	0.091447	-1.130859	0.714600	-0.416504	5.291787	-79.449566	-28.709653
37852		8.149830	-0.053782	3.223343	-0.051829	0.287476	0.105462	-1.131104	0.714844	-0.414063	4.875589	-79.290850	-28.314233
37853		9.171953	-0.078266	2.490582	-0.046522	0.163997	0.097269	-1.133057	0.712402	-0.416504	4.534628	-79.183490	-27.993733
37854		9.157708	-0.107304	2.514403	-0.048990	0.138926	0.080034	-1.131836	0.712402	-0.422119	4.248064	-79.107652	-27.728358
37855		9.135565	-0.188671	2.539309	-0.043940	0.095555	0.067583	-1.134521	0.711182	-0.420166	4.021045	-79.037528	-27.522204
37856		9.216931	-0.260526	2.442093	-0.021736	0.047139	0.040039	-1.126953	0.717529	-0.424805	3.892602	-79.012198	-27.401882
37857		9.363159	-0.096807	2.330556	-0.014639	0.020621	0.015861	-1.121582	0.708496	-0.416992	3.851821	-78.982685	-27.368305
37858		9.394465	0.000011	2.381224	-0.010911	0.016683	0.014550	-1.123291	0.712891	-0.412842	3.811175	-78.973739	-27.331092
37859		9.474561	0.039820	2.368642	-0.014102	0.003600	0.011262	-1.128174	0.713135	-0.419434	3.787451	-78.953779	-27.314583
37860		9.550210	0.032907	2.318313	-0.018800	0.005717	0.015749	-1.133301	0.711914	-0.420410	3.741028	-78.951139	-27.276086
37861		9.498530	0.007274	2.338707	-0.017558	0.012405	0.023194	-1.131592	0.726563	-0.419922	3.678721	-78.926598	-27.222282
37862		9.442153	-0.065307	2.322139	-0.021790	0.012679	0.023905	-1.118652	0.711914	-0.418213	3.605598	-78.920258	-27.158320
37863		9.413000	-0.085604	2.317139	-0.018313	0.009380	0.016364	-1.129639	0.717773	-0.423340	3.563438	-78.897198	-27.125484
37864		9.453774	-0.083917	2.308485	-0.019521	0.010951	0.015504	-1.121094	0.710938	-0.414551	3.516629	-78.891528	-27.087007
37865		9.450159	-0.017257	2.321101	-0.012036	0.013522	0.005412	-1.137451	0.720703	-0.410156	3.509049	-78.865730	-27.085751
37866		9.455266	-0.081079	2.383744	-0.013974	0.009879	0.011755	-1.128418	0.717773	-0.423096	3.476632	-78.860537	-27.058698
37867		9.449613	-0.019723	2.323301	-0.013846	0.013406	0.010045	-1.124268	0.720947	-0.416016	3.454385	-78.834983	-27.043556
37868		9.467697	-0.023088	2.340531	-0.017346	0.013951	0.015399	-1.121094	0.716309	-0.422363	3.408877	-78.827579	-27.005127
37869		9.465664	0.008891	2.347821	-0.022773	0.018550	0.017444	-1.127441	0.718506	-0.416504	3.359180	-78.799353	-26.967218
37870		9.480627	-0.075591	2.322542	-0.023132	0.021166	0.017324	-1.125244	0.729736	-0.408691	3.303783	-78.787873	-26.922082
37871		9.458370	-0.008263	2.320447	-0.026497	0.027988	0.023171	-1.126221	0.718750	-0.424805	3.234026	-78.754446	-26.865894
37872		9.447174	-0.030862	2.333080	-0.031092	0.030881	0.023763	-1.125977	0.725098	-0.416748	3.154326	-78.737594	-26.800622
37873		9.448012	-0.067483	2.330443	-0.030362	0.036100	0.016571	-1.117920	0.717285	-0.407959	3.100407	-78.699321	-26.762830
37874		9.424569	-0.075350	2.358967	-0.030636	0.029040	0.019995	-1.126709	0.715332	-0.409912	3.032539	-78.683378	-26.709343
37875		9.452833	-0.059862	2.367586	-0.028119	0.023924	0.015615	-1.124023	0.717773	-0.419189	2.984684	-78.652055	-26.676421
37876		9.446042	-0.074339	2.338208	-0.023890	0.023645	0.014912	-1.128662	0.715576	-0.422363	2.936322	-78.639029	-26.638881
37877		9.468217	-0.070763	2.314791	-0.020155	0.019705	0.013590	-1.127441	0.716064	-0.418945	2.899449	-78.610079	-26.612504
37878		9.504421	-0.076207	2.348822	-0.019176	0.024278	0.012629	-1.119629	0.724854	-0.415527	2.860411	-78.596615	-26.581714
37879		9.502199	-0.044184	2.357096	-0.018451	0.027287	0.019485	-1.118408	0.714111	-0.414551	2.806746	-78.563524	-26.537209
37880		9.463135	-0.008571	2.333984	-0.021088	0.036581	0.015948	-1.118408	0.710938	-0.426514	2.755790	-78.543101	-26.495371
37881		9.488384	-0.034742	2.379296	-0.025225	0.038169	0.029011	-1.128418	0.712891	-0.425537	2.670253	-78.504059	-26.422294
37882		9.452389	-0.068388	2.344977	-0.028271	0.036873	0.030589	-1.113281	0.720215	-0.413330	2.574474	-78.483830	-26.338906
37883		9.459248	-0.093459	2.374224	-0.021500	0.036973	0.029910	-1.128174	0.719238	-0.418213	2.489402	-78.445484	-26.264105
37884		9.427859	-0.080550	2.377285	-0.019816	0.036310	0.029195	-1.123535	0.722412	-0.425049	2.403162	-78.425492	-26.185491
37885		9.481581	-0.019524	2.325951	-0.025540	0.033848	0.034662	-1.118164	0.722900	-0.419434	2.303522	-78.389033	-26.098163
37886		9.456593	-0.104186	2.384333	-0.022514	0.037886	0.035319	-1.122559	0.721680	-0.423828	2.199236	-78.368223	-26.002688
37887		9.455701	-0.108091	2.387695	-0.020968	0.033692	0.036304	-1.118408	0.724854	-0.424805	2.098474	-78.331869	-25.911515
37888		9.424332	-0.095836	2.390665	-0.019637	0.038390	0.037688	-1.119141	0.719971	-0.422363	1.990060	-78.310750	-25.810122
37889		9.562018	-0.023415	2.393988	-0.014698	0.032870	0.037222	-1.122070	0.718018	-0.416748	1.891222	-78.274852	-25.717221
37890		9.491027	-0.049123	2.400597	-0.014005	0.044098	0.050746	-1.117188	0.723633	-0.424561	1.750449	-78.250622	-25.579460
37891		9.489946	-0.054791	2.404744	-0.020249	0.043468	0.060017	-1.119629	0.725098	-0.427246	1.586058	-78.208987	-25.422813
37892		9.534486	-0.050324	2.358593	-0.018934	0.050906	0.063635	-1.116455	0.722656	-0.427246	1.408104	-78.180892	-25.249918
37893		9.572783	-0.020159	2.360724	-0.024570	0.062950	0.076295	-1.114502	0.719482	-0.426514	1.197649	-78.128153	-25.048669
37894		9.519096	-0.051675	2.386822	-0.034045	0.088617	0.086817	-1.122070	0.716553	-0.419678	0.948415	-78.078443	-24.811721
37895		9.568588	-0.038449	2.377448	-0.044549	0.109711	0.098321	-1.110107	0.732422	-0.422119	0.669115	-77.998792	-24.551684
37896		9.513776	-0.072787	2.407397	-0.044511	0.125476	0.118012	-1.116699	0.716064	-0.422607	0.334310	-77.927636	-24.233249
37897		9.421471	-0.213462	2.429060	-0.039021	0.125656	0.126766	-1.111816	0.728271	-0.423828	-0.010451	-77.838346	-23.902827
37898		9.472421	-0.089104	2.471397	-0.027877	0.113786	0.122848	-1.109375	0.716553	-0.428711	-0.340584	-77.773099	-23.579233
37899		9.484239	-0.184102	2.454409	-0.020843	0.109757	0.132566	-1.112061	0.726074	-0.420898	-0.681885	-77.692118	-23.241464
37900		9.764895	-0.183058	2.443815	-0.012459	0.109138	0.131287	-1.117188	0.729004	-0.416504	-1.018092	-77.628662	-22.902432
37901		10.045515	-0.040832	2.418029	0.004507	0.139410	0.168016	-1.113037	0.728516	-0.421875	-1.426827	-77.529437	-22.480494
37902		10.065255	0.126512	2.469730	0.023622	0.159338	0.234932	-1.109619	0.730713	-0.424072	-1.996633	-77.434374	-21.880765
37903		9.769418	0.181824	2.565032	0.022550	0.166106	0.313871	-1.099854	0.732666	-0.424805	-2.748924	-77.314704	-21.095732
37904		10.645797	-0.017149	2.464320	0.026699	0.196568	0.386912	-1.092529	0.735107	-0.416504	-3.673912	-77.190093	-20.129500
37905		11.719879	0.095407	2.531296	-0.010279	0.292361	0.481558	-1.105713	0.726318	-0.424072	-4.804339	-76.985751	-18.974772
37906		17.769461	-1.483724	2.425469	-0.004275	0.468876	0.497610	-1.087646	0.737305	-0.435303	-5.903696	-76.691988	-17.846091
37907		27.276428	-2.022071	1.875137	0.057924	1.225069	0.285621	-1.077393	0.730713	-0.438721	-6.212681	-75.960462	-17.492731
37908		22.703254	-0.811609	1.914274	0.139462	2.090966	0.181329	-1.074463	0.732666	-0.447021	-6.030117	-74.758531	-17.596622
37909		17.221961	-1.342993	1.787661	0.170228	2.568172	0.080033	-1.054443	0.732178	-0.455811	-5.555468	-73.275197	-17.987457
37910		16.234008	-0.998078	1.966542	0.182068	2.835511	-0.086225	-1.037598	0.729004	-0.466797	-4.822363	-71.661992	-18.644564
37911		17.537024	-0.738721	1.738264	0.137203	3.115498	-0.212984	-1.017578	0.727295	-0.483154	-3.988443	-69.877737	-19.442895
37912		20.956720	-0.157989	1.496790	0.095110	3.512587	-0.117867	-1.000732	0.726563	-0.491211	-3.416241	-67.873987	-19.995521
37913		23.543573	1.602267	0.742894	-0.008446	4.090743	0.066447	-0.973389	0.719971	-0.507080	-3.185516	-65.519622	-20.250217
37914		23.592184	2.213965	0.183983	-0.102077	4.736299	0.377734	-0.946777	0.718018	-0.524414	-3.364196	-62.798251	-20.114350
37915		25.216250	4.082383	-0.506595	-0.241434	5.440735	0.727970	-0.900635	0.719482	-0.535400	-3.891557	-59.651396	-19.668148
37916		26.900096	5.667413	-0.855572	-0.411381	6.208397	1.098503	-0.845947	0.721680	-0.545898	-4.697386	-56.057343	-18.992705
37917		28.079520	6.429712	-0.321541	-0.604115	6.981178	1.547433	-0.798828	0.722656	-0.559326	-5.748050	-51.988005	-18.118362
37918		26.102260	2.584881	2.070196	-0.774403	7.600101	1.705455	-0.730957	0.728027	-0.565430	-6.774798	-47.553154	-17.352755
37919		19.590815	-2.146720	5.467641	-0.643144	7.718258	1.190575	-0.666748	0.733887	-0.563232	-7.270737	-43.080226	-17.166573
37920		15.984013	-3.286919	2.863635	-0.372257	7.528234	0.255031	-0.624023	0.724609	-0.565918	-7.136925	-38.782943	-17.692896
37921		19.489634	0.686319	2.201293	-0.357355	7.261341	-0.627520	-0.569092	0.726074	-0.563721	-6.692519	-34.698084	-18.768495
37922		24.474782	-0.054136	-1.947911	-0.584672	7.304745	-0.239149	-0.524170	0.724854	-0.550049	-6.626334	-30.557211	-19.508381
37923		20.500201	-0.826894	-6.170404	-0.658515	7.349097	0.042998	-0.471680	0.729492	-0.544189	-6.743197	-26.379061	-20.041961
37924		17.568705	2.546206	-9.930256	-0.670701	7.282680	-0.066677	-0.425781	0.727783	-0.523682	-6.883839	-22.240737	-20.628638
37925		13.531542	7.492558	-12.192397	-0.859335	7.069924	-0.248436	-0.375732	0.739014	-0.507324	-7.134390	-18.249533	-21.308551
37926		7.845781	10.611114	-11.575470	-1.298905	6.826863	-0.245188	-0.331787	0.743408	-0.485352	-7.687658	-14.389199	-21.981163
37927		-25.744098	7.964221	-6.691161	-1.800657	5.847078	0.102655	-0.295654	0.747803	-0.455566	-8.616089	-11.079748	-22.410591
37928		-25.127698	-0.281632	-7.195682	-1.827446	2.409386	-1.463528	-0.292236	0.764893	-0.433105	-9.467719	-9.848633	-23.475120
37929		-8.061991	0.542205	-7.135406	-1.609505	0.187571	-2.683892	-0.312012	0.781006	-0.435059	-10.111221	-10.012383	-25.034732
37930		-2.856493	0.088499	-5.577988	-1.450220	-1.391624	-2.499791	-0.328369	0.802490	-0.427490	-10.704545	-11.055874	-26.322856
37931		1.898186	-2.312456	-5.788192	-1.200285	-2.379457	-1.826269	-0.354980	0.808594	-0.432617	-11.221173	-12.599704	-27.110556
37932		4.471560	-3.473835	-5.249578	-0.849663	-2.873227	-1.229874	-0.377930	0.817627	-0.439697	-11.618055	-14.353390	-27.487459
37933		5.163511	-3.893506	-4.541562	-0.465306	-3.115539	-0.811992	-0.405762	0.826172	-0.443604	-11.849995	-16.202850	-27.586480
37934		4.831258	-3.859590	-4.081147	-0.088404	-3.285997	-0.548751	-0.417725	0.833496	-0.449219	-11.922713	-18.110510	-27.504478
37935		4.467852	-3.786249	-3.870711	0.289143	-3.430169	-0.401283	-0.439697	0.832275	-0.467773	-11.810823	-20.089458	-27.317933
37936		4.767557	-2.619646	-3.814227	0.619702	-3.543325	-0.404829	-0.463623	0.822998	-0.482910	-11.523711	-22.125119	-27.123246
37937		5.074207	-1.308147	-3.485992	0.861401	-3.619487	-0.478109	-0.488037	0.831543	-0.497803	-11.081861	-24.221873	-26.976171
37938		5.338336	-0.426276	-2.836593	1.005483	-3.694310	-0.551532	-0.520020	0.822998	-0.504395	-10.543695	-26.360749	-26.882250
37939		5.289289	0.005724	-2.208585	1.089625	-3.795447	-0.659913	-0.542480	0.814697	-0.537842	-9.919670	-28.578687	-26.869144
37940		5.544711	0.388628	-1.544195	1.108737	-3.918814	-0.842709	-0.578125	0.816406	-0.544189	-9.222478	-30.873479	-26.989550
37941		5.938630	0.798792	-0.774004	1.070991	-4.060656	-1.052255	-0.619629	0.795898	-0.550781	-8.452055	-33.276960	-27.273968
37942		6.612446	1.044365	-0.081819	0.978219	-4.212278	-1.207684	-0.649658	0.795654	-0.564941	-7.649325	-35.763955	-27.697425
37943		7.320230	1.079277	0.374350	0.848841	-4.355344	-1.303257	-0.689209	0.789307	-0.573242	-6.832771	-38.346629	-28.235369
37944		8.052417	1.078483	0.975615	0.699825	-4.507915	-1.337187	-0.726074	0.782471	-0.571045	-6.036651	-40.999454	-28.850709
37945		8.775017	1.010669	1.520513	0.535923	-4.666780	-1.314496	-0.758545	0.788086	-0.574219	-5.276511	-43.748734	-29.513463
37946		9.448252	0.859942	2.127952	0.366477	-4.830990	-1.274328	-0.801514	0.782227	-0.573242	-4.569804	-46.569492	-30.210720
37947		9.930360	0.441143	2.503013	0.217700	-5.007163	-1.266942	-0.842041	0.785400	-0.576172	-3.862996	-49.499291	-30.984532
37948		9.901782	-0.016670	2.777870	0.097838	-5.199790	-1.300603	-0.886963	0.769287	-0.563965	-3.107266	-52.518690	-31.881649
37949		10.386620	-0.161740	2.983624	0.011094	-5.403858	-1.397815	-0.927734	0.775879	-0.560303	-2.179049	-55.664691	-33.011232
37950		11.511957	-0.481875	3.269087	-0.044618	-5.569287	-1.492353	-0.965576	0.778564	-0.542725	-1.007411	-58.878629	-34.431261
37951		13.241751	-1.110032	3.536176	-0.060604	-5.647090	-1.560850	-1.018311	0.777588	-0.527100	0.533640	-62.134701	-36.233307
37952		14.971618	-1.956767	3.916768	-0.000778	-5.609738	-1.572003	-1.065430	0.770020	-0.525635	2.538386	-65.324220	-38.466163
37953		16.270293	-3.030001	4.594568	0.134591	-5.494194	-1.462981	-1.106689	0.768311	-0.515381	5.089447	-68.426895	-41.148124
37954		17.076924	-3.879463	5.620699	0.369174	-5.360095	-1.267975	-1.161865	0.758301	-0.495605	8.258004	-71.393779	-44.293258
37955		17.657605	-4.406920	6.967425	0.645984	-5.242247	-0.978315	-1.202881	0.759033	-0.493408	12.173612	-74.267879	-47.996328
37956		17.707324	-4.809265	8.350100	0.974571	-5.165168	-0.567242	-1.240479	0.752930	-0.466064	16.877507	-77.052772	-52.271429
37957		17.391243	-5.038842	9.619059	1.383411	-5.166758	-0.027726	-1.286377	0.744873	-0.456543	22.704686	-79.849855	-57.402530
37958		16.534336	-3.984332	10.892482	1.833960	-5.230267	0.609549	-1.321289	0.740967	-0.437256	30.475667	-82.690175	-64.196828
37959		16.167062	-1.226807	12.443151	2.208852	-5.319715	1.161608	-1.350342	0.740234	-0.415039	44.838257	-85.538563	-77.353627
37960		15.600774	0.813838	14.251950	2.473504	-5.298057	1.453786	-1.378906	0.735596	-0.384521	88.501091	-87.645760	-119.658455
37961		14.384953	1.350385	15.263683	2.676577	-5.051509	0.814459	-1.417480	0.727051	-0.369385	147.436244	-86.559704	-177.115540
37962		15.856503	4.509968	18.224207	2.595820	-4.603599	-0.315032	-1.444336	0.712891	-0.337891	160.979403	-84.091700	170.793851
37963		16.604022	3.908976	19.917502	2.393606	-3.921392	-1.010882	-1.474609	0.699707	-0.319580	163.441189	-81.767973	169.698617
37964		15.094528	3.083445	21.116983	2.155289	-3.149698	-1.327037	-1.508789	0.668213	-0.306885	163.353421	-79.820542	171.040620
37965		13.550202	3.105441	22.282386	1.807174	-2.387447	-1.387286	-1.534424	0.648438	-0.290771	162.524621	-78.277554	172.941396
37966		12.898905	4.229565	23.793053	1.292878	-1.669480	-1.072784	-1.540039	0.641357	-0.273193	161.911886	-77.178215	174.328688
37967		55.700661	0.813322	28.341882	0.737869	-0.678362	-0.407583	-1.556152	0.631592	-0.271729	161.875964	-76.740341	174.800190
37968		-0.554578	1.412940	27.199308	0.239088	2.399427	0.958463	-1.542236	0.638184	-0.290527	162.466125	-78.216527	174.338205
37969		21.110093	-6.703815	27.547482	-0.031963	3.816273	2.069520	-1.517578	0.648926	-0.326904	165.258509	-80.659769	171.479280
37970		7.045421	-6.529933	7.495267	0.174105	5.107403	2.414497	-1.476074	0.662109	-0.367188	170.831588	-83.812288	165.959661
37971		7.048019	-8.738190	-1.009115	0.841247	4.671842	0.935677	-1.443359	0.664307	-0.411865	173.128888	-86.556725	164.138458
37972		14.073200	-8.780787	-11.491564	1.278799	5.772983	-0.827144	-1.417236	0.652832	-0.460205	97.860824	-89.127316	-119.832986
37973		10.865479	0.906678	1.880849	1.290468	6.687686	-1.279329	-1.386719	0.648682	-0.520996	23.588483	-85.947993	-44.791184
37974		8.288971	7.362495	13.444626	0.400010	5.399401	-0.662237	-1.341309	0.639648	-0.550537	16.592814	-82.905708	-37.532456
37975		7.114855	3.302413	8.552063	-0.357883	3.770814	0.211818	-1.318604	0.631348	-0.569580	11.831083	-80.820489	-32.930796
37976		3.020945	1.225316	6.890420	-0.534016	2.073644	0.274980	-1.302002	0.645020	-0.578857	9.364589	-79.681233	-30.736576
37977		3.243435	-2.416223	6.514693	-0.311633	0.946826	0.123426	-1.289063	0.642334	-0.588379	8.359183	-79.135137	-29.895992
37978		8.853361	-0.406391	2.775576	0.004014	0.294672	0.096641	-1.291016	0.643799	-0.586182	7.965724	-78.975769	-29.490730
37979		9.317577	0.281230	2.341362	-0.023728	0.257825	0.069343	-1.284668	0.643311	-0.587646	7.642624	-78.813110	-29.176038
37980		8.557985	-0.215172	2.749759	-0.037527	0.198635	0.052167	-1.285889	0.645996	-0.588623	7.408433	-78.704112	-28.957013
37981		9.164624	0.037934	2.488943	-0.026809	0.133440	0.054399	-1.286865	0.644531	-0.590820	7.184591	-78.610513	-28.745087
37982		9.144841	-0.000706	2.479478	-0.021715	0.109388	0.057670	-1.288574	0.642090	-0.594971	6.982777	-78.552321	-28.549715
37983		9.206388	0.002556	2.451927	-0.023867	0.061252	0.029674	-1.289551	0.640625	-0.596680	6.859685	-78.497833	-28.438762
37984		9.396602	0.065139	2.428010	-0.017045	0.038497	0.018102	-1.292969	0.642578	-0.593994	6.797653	-78.477104	-28.383247
37985		9.372943	0.016996	2.378740	-0.021552	0.015075	0.009376	-1.287354	0.646973	-0.589111	6.748822	-78.447519	-28.346704
37986		9.496787	0.100002	2.318724	-0.015597	0.012029	0.001962	-1.291748	0.647217	-0.595215	6.741603	-78.440748	-28.346281
37987		9.487601	0.045513	2.325769	-0.018699	0.012838	0.009591	-1.281738	0.646240	-0.589844	6.694617	-78.412537	-28.309945
37988		9.543435	0.114409	2.342978	-0.021070	0.018744	0.009943	-1.281982	0.641846	-0.594727	6.659980	-78.402476	-28.284734
37989		9.569889	0.122846	2.277883	-0.025347	0.026683	0.020983	-1.286133	0.646973	-0.589111	6.573427	-78.367229	-28.211879
37990		9.512979	0.049618	2.265184	-0.026160	0.036768	0.028882	-1.290771	0.647461	-0.596924	6.478091	-78.348127	-28.127667
37991		9.476146	-0.017895	2.341909	-0.027834	0.040228	0.031742	-1.280762	0.655273	-0.593994	6.357105	-78.305930	-28.021073
37992		9.436930	0.015705	2.318180	-0.017340	0.037054	0.026006	-1.282227	0.649658	-0.585205	6.275426	-78.286422	-27.945629
37993		9.472729	0.010170	2.353965	-0.018888	0.041230	0.024945	-1.281738	0.647217	-0.588867	6.178930	-78.243267	-27.858776
37994		9.486750	0.032655	2.305666	-0.018548	0.038613	0.025122	-1.283447	0.650146	-0.586426	6.099213	-78.222770	-27.786026
37995		9.469325	0.038842	2.366065	-0.012704	0.037636	0.023788	-1.289063	0.652344	-0.598389	6.011370	-78.181649	-27.704362
37996		9.437912	0.052233	2.368886	-0.018563	0.041395	0.027300	-1.286621	0.651855	-0.587646	5.925607	-78.159653	-27.625427
37997		9.418697	0.050485	2.356424	-0.020869	0.034900	0.029192	-1.283203	0.653809	-0.596436	5.820101	-78.120456	-27.530462
37998		9.384521	0.023315	2.395618	-0.024227	0.033470	0.028423	-1.283203	0.651123	-0.597168	5.730968	-78.102987	-27.451382
37999		9.403688	-0.015303	2.409677	-0.020194	0.024101	0.025213	-1.279297	0.646484	-0.594971	5.640395	-78.069754	-27.371252
38000		9.425913	-0.013527	2.386311	-0.026411	0.022131	0.022067	-1.282959	0.652832	-0.593506	5.570721	-78.058348	-27.313326
38001		9.419262	-0.029490	2.357052	-0.023908	0.019723	0.019951	-1.276611	0.650635	-0.591064	5.493827	-78.027373	-27.249332
38002		9.447775	-0.013841	2.364447	-0.022241	0.016264	0.017097	-1.284180	0.645996	-0.590576	5.441742	-78.019013	-27.206936
38003		9.457996	0.003307	2.355749	-0.019732	0.019419	0.019311	-1.284668	0.650391	-0.589600	5.369358	-77.988258	-27.145089
38004		9.446862	-0.018399	2.368060	-0.018061	0.021522	0.020789	-1.276611	0.651367	-0.593994	5.308689	-77.977075	-27.091462
38005		9.475287	-0.002897	2.375874	-0.017229	0.022573	0.021531	-1.280762	0.650635	-0.591309	5.231409	-77.944717	-27.023122
38006		9.454955	0.030003	2.366731	-0.018210	0.023580	0.026889	-1.278076	0.652344	-0.585938	5.154197	-77.932648	-26.952656
38007		9.443709	0.007483	2.379411	-0.018705	0.025473	0.030657	-1.275635	0.648682	-0.599854	5.051612	-77.899170	-26.859279
38008		9.490288	0.020410	2.403931	-0.017039	0.030354	0.034310	-1.272949	0.650879	-0.597656	4.954213	-77.883556	-26.767469
38009		9.483455	0.003233	2.375521	-0.017191	0.029630	0.038243	-1.285889	0.651123	-0.584473	4.832243	-77.848111	-26.653340
38010		9.482776	-0.000753	2.378231	-0.018875	0.027527	0.036775	-1.273438	0.661133	-0.590332	4.728553	-77.834154	-26.556153
38011		9.472775	-0.058488	2.386654	-0.016030	0.033620	0.043506	-1.275391	0.654541	-0.604248	4.593480	-77.796693	-26.427898
38012		9.469123	0.005324	2.399327	-0.015695	0.031002	0.043677	-1.271973	0.649902	-0.591064	4.473366	-77.780976	-26.312024
38013		9.509492	0.003668	2.393063	-0.013689	0.033263	0.047501	-1.267334	0.647217	-0.596191	4.330380	-77.743882	-26.174253
38014		9.490399	0.000039	2.380281	-0.016717	0.037561	0.053412	-1.272461	0.660889	-0.589111	4.183682	-77.724714	-26.031749
38015		9.455825	-0.029394	2.419587	-0.016392	0.037720	0.055762	-1.275146	0.653076	-0.584229	4.018097	-77.685374	-25.872378
38016		9.479149	-0.064711	2.393020	-0.016758	0.040334	0.055623	-1.281494	0.655273	-0.592773	3.866266	-77.664541	-25.724613
38017		9.443104	-0.059980	2.437230	-0.012239	0.037403	0.055151	-1.272705	0.657715	-0.595459	3.706339	-77.625284	-25.568537
38018		9.469892	-0.055141	2.373539	-0.010885	0.032491	0.060151	-1.280273	0.652832	-0.596680	3.548596	-77.608927	-25.411239
38019		9.462977	-0.032845	2.423237	-0.010255	0.036879	0.056826	-1.273438	0.654053	-0.590088	3.387096	-77.569955	-25.252331
38020		9.449948	-0.023871	2.441769	-0.015463	0.035418	0.060675	-1.271973	0.654297	-0.588379	3.226064	-77.551753	-25.094318
38021		9.438117	-0.049419	2.455735	-0.018695	0.043060	0.062518	-1.281738	0.651123	-0.600586	3.045817	-77.509333	-24.921098
38022		9.483009	-0.046798	2.409099	-0.018219	0.043944	0.060947	-1.268555	0.649414	-0.595703	2.882662	-77.486057	-24.762490
38023		9.475831	-0.025003	2.459774	-0.023617	0.045831	0.060715	-1.272949	0.653564	-0.589111	2.705849	-77.441889	-24.595604
38024		9.517022	-0.062992	2.450410	-0.025341	0.052062	0.065807	-1.270996	0.654297	-0.595947	2.526715	-77.413886	-24.424762
38025		9.588319	-0.118245	2.442722	-0.025562	0.056880	0.074144	-1.266357	0.659424	-0.586182	2.315431	-77.363593	-24.223617
38026		9.697531	0.215219	2.397410	-0.009911	0.067855	0.108352	-1.268311	0.660645	-0.598389	2.037202	-77.327188	-23.942096
38027		9.993094	0.307220	2.341995	-0.000188	0.102917	0.180178	-1.271484	0.659424	-0.603271	1.571629	-77.252103	-23.465234
38028		9.742822	-0.049121	2.447431	0.014191	0.144783	0.250408	-1.258789	0.653076	-0.593018	0.949969	-77.172441	-22.817240
38029		9.907660	-0.159732	2.485358	0.011691	0.170240	0.268861	-1.260986	0.661133	-0.598145	0.281014	-77.057321	-22.124318
38030		10.020462	-0.192325	2.445754	0.012408	0.198960	0.271685	-1.255859	0.662109	-0.600342	-0.375668	-76.943354	-21.440880
38031		10.180786	0.047771	2.570699	0.005154	0.232913	0.295223	-1.248291	0.675537	-0.596924	-1.086108	-76.788685	-20.708397
38032		11.154029	0.120866	2.482392	-0.028355	0.288955	0.352264	-1.254150	0.669189	-0.600342	-1.927806	-76.618077	-19.858019
38033		14.609348	-0.821407	2.555517	-0.026826	0.403367	0.340426	-1.243408	0.678223	-0.605957	-2.708768	-76.360429	-19.070556
38034		20.997470	-1.208411	1.959816	0.037468	0.920968	0.272651	-1.234131	0.684570	-0.610596	-3.198083	-75.825652	-18.542158
38035		17.329490	-1.519051	2.330024	0.094452	1.457314	0.194341	-1.220703	0.671143	-0.616455	-3.380041	-74.967753	-18.298002
38036		15.940672	-1.263851	2.402002	0.139807	1.741313	-0.005796	-1.207275	0.674805	-0.628662	-3.077106	-73.972083	-18.527055
38037		17.807125	-0.348817	2.113938	0.174506	2.070737	-0.089972	-1.187988	0.667480	-0.643555	-2.603115	-72.772594	-18.917181
38038		18.433708	0.156082	1.978847	0.190335	2.500237	-0.028855	-1.156738	0.663330	-0.651367	-2.248031	-71.342279	-19.173521
38039		17.338700	-0.239719	2.165802	0.181165	2.877943	-0.026558	-1.136963	0.662109	-0.669922	-1.927599	-69.679193	-19.403050
38040		17.039961	-0.768338	1.771679	0.130932	3.198943	-0.162519	-1.099121	0.655518	-0.676758	-1.466492	-67.850096	-19.814917
38041		19.080653	-0.505881	1.607476	0.102762	3.553978	-0.035510	-1.077148	0.657959	-0.691650	-1.244635	-65.800479	-19.991915
38042		20.622189	1.054453	1.298591	0.018956	4.055580	0.015001	-1.036621	0.652100	-0.709717	-1.143728	-63.477324	-20.089184
38043		21.770398	1.735729	0.471983	-0.062173	4.631685	0.226989	-0.987061	0.647461	-0.718750	-1.314824	-60.809156	-19.935529
38044		23.523495	2.107724	-0.073716	-0.152117	5.285017	0.440295	-0.933594	0.649170	-0.727783	-1.687875	-57.775689	-19.600672
38045		26.633903	1.850762	-0.338000	-0.244802	6.060176	0.613182	-0.880859	0.661865	-0.746582	-2.172144	-54.284613	-19.184904
38046		29.012304	2.710463	0.413784	-0.292895	6.864943	0.882165	-0.805420	0.659180	-0.751221	-2.769796	-50.333356	-18.639431
38047		26.121781	-0.460500	2.707043	-0.305783	7.532372	0.819186	-0.722656	0.662842	-0.753906	-3.212867	-45.994748	-18.277783
38048		21.392543	-4.651136	5.165192	-0.125521	7.674050	0.217564	-0.656006	0.658936	-0.750244	-3.165670	-41.597973	-18.446736
38049		19.313155	-3.867130	3.711174	0.176866	7.578661	-0.539326	-0.588379	0.657471	-0.729492	-2.626774	-37.276417	-19.132288
38050		22.821317	-0.046624	2.876648	0.070377	7.474319	-0.916418	-0.522461	0.649902	-0.729980	-2.089355	-33.019318	-19.991427
38051		25.523017	-0.945856	-1.381268	-0.129331	7.545196	-0.374548	-0.453125	0.657715	-0.703613	-1.942149	-28.710040	-20.419575
38052		22.229747	-1.057072	-5.340502	-0.211082	7.579160	0.040150	-0.386963	0.666016	-0.691162	-1.997013	-24.369495	-20.562713
38053		19.480478	0.760743	-9.350246	-0.210618	7.543510	0.071592	-0.320801	0.657227	-0.666992	-2.070199	-20.058082	-20.684626
38054		13.702551	6.904215	-12.268906	-0.297736	7.362804	-0.178710	-0.264648	0.664551	-0.626953	-2.154571	-15.846366	-20.957499
38055		9.206492	12.817680	-10.342828	-0.880996	6.989332	-0.496648	-0.217529	0.668213	-0.594482	-2.546447	-11.870885	-21.419825
38056		-17.541092	9.069788	-7.917379	-1.576730	6.276831	-0.583149	-0.177246	0.685547	-0.552002	-3.355396	-8.296758	-21.948546
38057		-31.198667	1.310728	-6.710423	-1.773893	3.005471	-2.015511	-0.153809	0.710449	-0.537354	-4.200384	-6.667464	-23.226032
38058		-11.472154	1.478548	-8.351205	-1.700811	0.179628	-3.145018	-0.180908	0.738281	-0.525391	-4.961001	-6.709091	-25.044630
38059		-2.801258	0.417271	-5.831984	-1.667526	-1.615546	-2.739014	-0.205811	0.759766	-0.528320	-5.723010	-7.783800	-26.534393
38060		3.060118	-1.331905	-5.506395	-1.528882	-2.604142	-1.816054	-0.228760	0.777832	-0.532227	-6.464430	-9.378258	-27.422356
38061		4.768246	-1.688792	-4.684023	-1.337472	-3.137253	-0.977116	-0.255615	0.796631	-0.539063	-7.162824	-11.236200	-27.772327
38062		4.197311	-1.841196	-4.156806	-1.142309	-3.453783	-0.320072	-0.275146	0.802002	-0.543457	-7.831419	-13.222468	-27.696022
38063		3.793341	-1.616711	-4.079649	-0.936585	-3.711802	0.131872	-0.304199	0.819580	-0.552979	-8.458722	-15.324789	-27.309645
38064		4.012854	-1.374590	-4.242968	-0.720044	-3.913999	0.412704	-0.326172	0.827881	-0.561279	-9.038030	-17.505741	-26.712329
38065		4.213633	-1.029550	-4.112575	-0.501851	-4.072816	0.518504	-0.352295	0.833008	-0.574951	-9.547206	-19.769476	-26.006848
38066		4.261184	-0.440018	-3.802242	-0.287600	-4.218550	0.419627	-0.364258	0.845703	-0.581787	-9.956581	-22.111373	-25.316733
38067		4.738961	0.091620	-3.634618	-0.073641	-4.342933	0.158480	-0.394531	0.851563	-0.600098	-10.221519	-24.555158	-24.746045
38068		5.051462	0.452907	-3.530732	0.127679	-4.451472	-0.180089	-0.437256	0.863525	-0.615479	-10.316253	-27.083697	-24.355745
38069		5.267631	0.693915	-3.381911	0.312735	-4.570231	-0.560059	-0.472168	0.878906	-0.632813	-10.214898	-29.728572	-24.185444
38070		5.901269	0.933444	-3.037574	0.472399	-4.705625	-0.904647	-0.515869	0.880859	-0.646729	-9.917382	-32.474263	-24.233185
38071		6.957434	1.293785	-2.681686	0.592654	-4.842603	-1.170165	-0.558594	0.889404	-0.657959	-9.443044	-35.334499	-24.468647
38072		7.741709	1.314274	-2.103493	0.663845	-4.982804	-1.357549	-0.606689	0.923584	-0.671387	-8.823542	-38.277159	-24.863988
38073		8.476579	0.914034	-1.595065	0.706254	-5.151527	-1.453581	-0.665527	0.935303	-0.676758	-8.089084	-41.333172	-25.372955
38074		9.279614	0.736266	-1.131519	0.733242	-5.341468	-1.496299	-0.704834	0.944824	-0.704834	-7.254986	-44.481096	-25.977505
38075		10.312620	0.726076	-0.767581	0.727818	-5.536536	-1.488088	-0.777344	0.967041	-0.710205	-6.341960	-47.747623	-26.659425
38076		11.149748	0.756222	-0.254890	0.675611	-5.727888	-1.440839	-0.840820	0.990723	-0.715088	-5.382848	-51.097017	-27.409267
38077		11.946777	0.614976	0.202046	0.596812	-5.919287	-1.405272	-0.913574	1.009766	-0.719971	-4.354399	-54.562028	-28.264349
38078		12.946499	0.530051	0.572366	0.504876	-6.105209	-1.434234	-0.995117	1.022705	-0.715088	-3.173519	-58.106867	-29.332424
38079		14.450865	0.490569	0.920044	0.399850	-6.266939	-1.505316	-1.074951	1.059082	-0.713867	-1.709007	-61.750089	-30.753160
38080		15.968547	0.096912	1.481507	0.312680	-6.383513	-1.590725	-1.181885	1.078125	-0.701172	0.215433	-65.419815	-32.698419
38081		17.511068	-0.741353	2.301819	0.262182	-6.451191	-1.657054	-1.294678	1.085938	-0.679443	2.888108	-69.109910	-35.425669
38082		18.715259	-2.364299	3.246724	0.337165	-6.482463	-1.693442	-1.430664	1.098633	-0.628906	6.792113	-72.731023	-39.347739
38083		19.779637	-3.965007	4.638619	0.541094	-6.488761	-1.742821	-1.552734	1.080322	-0.550537	12.986223	-76.246773	-45.444614
38084		20.876566	-4.469162	6.803603	0.823726	-6.489186	-1.672232	-1.648926	1.050049	-0.447021	23.079096	-79.496940	-55.277801
38085		21.670012	-4.609193	9.769149	1.106787	-6.490252	-1.420916	-1.716064	1.018311	-0.333496	40.376824	-82.277365	-72.140066
38086		22.571303	-3.758245	13.653475	1.348982	-6.458446	-1.005015	-1.742920	0.974365	-0.219482	69.329301	-83.987236	-100.509635
38087		23.694735	-1.763405	17.682211	1.446874	-6.269837	-0.436907	-1.729736	0.947266	-0.123047	104.853077	-83.915526	-135.380810
38088		23.531953	0.555443	20.888311	1.367768	-5.846039	0.170686	-1.694580	0.922607	-0.061035	130.896043	-82.397192	-160.810960
38089		21.829619	2.799049	22.781476	1.163402	-5.227898	0.653053	-1.667480	0.911865	0.001953	146.557173	-80.364704	-175.967423
38090		19.206785	4.027896	23.440679	0.881540	-4.463591	0.836873	-1.644775	0.888916	0.022217	155.856501	-78.347306	175.088627
38091		16.166078	3.429448	24.024323	0.665446	-3.598617	0.472423	-1.631104	0.873779	0.045410	160.793588	-76.523156	170.425284
38092		14.114454	3.387095	25.382919	0.512103	-2.684981	-0.347715	-1.607422	0.854004	0.063965	162.258956	-75.000108	169.218514
38093		12.138681	2.189234	26.057638	0.315476	-1.827862	-1.208029	-1.621826	0.831787	0.071777	161.255312	-73.788720	170.450274
38094		10.804601	-0.336570	25.827106	0.154795	-1.122007	-1.759110	-1.627930	0.791748	0.075928	158.909517	-72.839953	172.993878
38095		10.584831	-3.262142	24.456691	0.032831	-0.567767	-1.798678	-1.631348	0.770264	0.080078	156.286448	-72.152938	175.764359
38096		33.787894	-20.292239	30.745350	0.370800	1.926682	0.317316	-1.625732	0.772217	0.049805	155.583947	-73.234179	176.724894
38097		20.686445	-1.698949	18.586372	0.633125	4.395032	1.848444	-1.610352	0.783936	-0.004150	155.657515	-75.980501	177.024316
38098		2.919296	-0.035359	-2.604245	0.349961	4.170824	2.409246	-1.577393	0.800049	-0.046387	157.236781	-78.722049	175.613901
38099		17.567993	-0.555831	-12.657057	0.479549	4.965896	1.762980	-1.553711	0.810303	-0.100098	156.361229	-81.753451	176.780259
38100		15.352992	-3.984510	-10.393939	0.242745	7.479756	1.260814	-1.542480	0.815674	-0.168457	141.933988	-85.835145	-168.575471
38101		7.807074	-2.513746	3.456248	0.310736	7.834596	0.376882	-1.495361	0.813477	-0.241943	62.597928	-87.358568	-88.967011
38102		5.916304	0.318977	9.435258	0.145057	6.274543	0.309297	-1.467773	0.812744	-0.287598	24.370972	-84.724722	-50.579269
38103		5.852625	0.390245	8.680295	0.042646	4.285200	0.299765	-1.454590	0.805176	-0.332275	15.434494	-82.451852	-41.564826
38104		4.877220	-1.213188	6.921713	0.031403	2.875009	0.345257	-1.432617	0.809814	-0.363037	11.527849	-80.894897	-37.596620
38105		6.803473	-0.445486	4.608662	0.216005	1.900550	0.239372	-1.419434	0.806641	-0.361572	9.643224	-79.830867	-35.560852
38106		7.486800	0.873864	3.936317	0.092799	1.330929	0.203423	-1.414551	0.806885	-0.373779	8.445046	-79.095926	-34.285902
38107		7.206648	0.730271	4.246811	-0.000844	0.946356	0.125738	-1.410400	0.810059	-0.383789	7.672096	-78.549584	-33.499905
38108		7.192304	-0.073798	4.053973	-0.048722	0.499171	0.081096	-1.404297	0.800049	-0.390625	7.249533	-78.271952	-33.094869
38109		8.536343	-0.082383	2.979171	0.019718	0.234575	0.102328	-1.398193	0.809326	-0.400635	6.879608	-78.125590	-32.706870
38110		9.208348	0.221838	2.550691	0.005918	0.146616	0.090985	-1.396973	0.809570	-0.397705	6.601727	-78.048226	-32.417228
38111		8.965444	-0.102034	2.569589	-0.009098	0.084176	0.066499	-1.398682	0.812744	-0.407715	6.370242	-77.984325	-32.187350
38112		9.318345	-0.056302	2.433767	-0.001412	0.045014	0.048993	-1.395752	0.810059	-0.401367	6.235952	-77.961727	-32.048693
38113		9.297022	-0.024131	2.428530	0.000733	0.029089	0.033204	-1.401123	0.811035	-0.391846	6.117688	-77.926951	-31.928753
38114		9.339790	0.020571	2.386818	-0.000289	0.005547	0.018374	-1.398682	0.810059	-0.400146	6.077744	-77.924871	-31.885895
38115		9.485415	0.038895	2.333255	-0.002629	-0.009154	0.013349	-1.390381	0.809082	-0.393555	6.021812	-77.910724	-31.831639
38116		9.487831	0.080024	2.298497	-0.008271	-0.008200	0.017197	-1.396484	0.816895	-0.391113	5.984333	-77.916392	-31.795978
38117		9.510344	0.008213	2.299279	-0.013915	-0.007247	0.021046	-1.395508	0.807373	-0.402344	5.901166	-77.901722	-31.720456
38118		9.533023	0.012544	2.273640	-0.013799	-0.000978	0.021663	-1.399658	0.807373	-0.396240	5.846641	-77.903519	-31.670599
38119		9.522687	-0.010089	2.282734	-0.015894	0.002272	0.022362	-1.393066	0.812988	-0.395752	5.756555	-77.883601	-31.589131
38120		9.491833	0.003532	2.283835	-0.012977	0.013364	0.017451	-1.400635	0.814697	-0.402100	5.709933	-77.876955	-31.546871
38121		9.538643	0.017081	2.307979	-0.012488	0.017015	0.018134	-1.393799	0.809082	-0.393311	5.629554	-77.848493	-31.473306
38122		9.478731	0.012737	2.303551	-0.016291	0.026309	0.024093	-1.399414	0.809570	-0.393799	5.560307	-77.834815	-31.409838
38123		9.435218	0.039678	2.322544	-0.013235	0.024952	0.020264	-1.395752	0.811035	-0.389893	5.472504	-77.802038	-31.329081
38124		9.426238	-0.016581	2.326563	-0.015074	0.022021	0.022660	-1.392090	0.813721	-0.399414	5.409218	-77.790692	-31.270987
38125		9.423850	0.014854	2.335718	-0.015461	0.019229	0.018101	-1.403076	0.811035	-0.393066	5.327955	-77.761146	-31.198193
38126		9.405089	0.015148	2.321338	-0.018168	0.012560	0.017499	-1.388428	0.810791	-0.393555	5.279086	-77.754894	-31.156657
38127		9.433577	0.030550	2.329339	-0.023074	0.010985	0.023728	-1.395264	0.815186	-0.391602	5.181222	-77.730434	-31.071308
38128		9.429090	-0.016880	2.291033	-0.019149	0.010663	0.020641	-1.395264	0.816162	-0.405029	5.124173	-77.725403	-31.021972
38129		9.484027	-0.026508	2.339576	-0.023088	0.008281	0.021483	-1.397217	0.823486	-0.390137	5.033334	-77.702456	-30.943788
38130		9.483747	-0.029189	2.340675	-0.020011	0.015033	0.024410	-1.395752	0.819336	-0.389404	4.965106	-77.695092	-30.883510
38131		9.504188	0.008278	2.324085	-0.018407	0.013535	0.027535	-1.398926	0.817627	-0.403076	4.860444	-77.669524	-30.788401
38132		9.505702	-0.028473	2.318239	-0.018783	0.016151	0.027480	-1.405518	0.816406	-0.402832	4.784925	-77.661630	-30.719933
38133		9.474652	-0.015874	2.320253	-0.015451	0.019421	0.034354	-1.393066	0.815186	-0.391846	4.663590	-77.633093	-30.605984
38134		9.474147	-0.019812	2.322282	-0.018528	0.023476	0.040457	-1.391602	0.817871	-0.394775	4.553243	-77.621558	-30.501700
38135		9.504174	-0.040005	2.324325	-0.016323	0.026489	0.040393	-1.390869	0.815430	-0.388916	4.415235	-77.589285	-30.371145
38136		9.528731	0.004863	2.267928	-0.016940	0.027375	0.048113	-1.388916	0.817383	-0.394775	4.285780	-77.575755	-30.246345
38137		9.500980	-0.016217	2.337122	-0.019537	0.035078	0.054917	-1.392090	0.810303	-0.388672	4.107972	-77.539187	-30.076862
38138		9.483560	-0.053170	2.317340	-0.017831	0.037139	0.056432	-1.394043	0.817383	-0.390137	3.955604	-77.520263	-29.929092
38139		9.558537	-0.026553	2.351206	-0.019206	0.045954	0.066315	-1.390625	0.822998	-0.404053	3.748540	-77.477832	-29.729376
38140		9.487517	-0.055306	2.357842	-0.019729	0.047700	0.070171	-1.387939	0.816162	-0.399414	3.559339	-77.453160	-29.544953
38141		9.428662	-0.097590	2.348340	-0.016678	0.049038	0.068618	-1.385986	0.819580	-0.402344	3.349798	-77.408879	-29.341124
38142		9.396898	-0.088293	2.353177	-0.019664	0.048558	0.066338	-1.387695	0.823486	-0.392090	3.172101	-77.383317	-29.168400
38143		9.391321	-0.103833	2.398310	-0.018454	0.038872	0.060370	-1.392334	0.826904	-0.403564	2.986371	-77.344436	-28.989930
38144		9.373745	-0.140934	2.378482	-0.024015	0.035308	0.055825	-1.382080	0.818848	-0.389648	2.836204	-77.325921	-28.847937
38145		9.378958	-0.135292	2.413631	-0.018347	0.028942	0.047446	-1.390625	0.817383	-0.402100	2.686294	-77.292269	-28.706055
38146		9.457256	-0.100300	2.332307	-0.020451	0.029499	0.045900	-1.385254	0.821045	-0.402588	2.565000	-77.276664	-28.591539
38147		9.473104	-0.074355	2.358644	-0.027383	0.034751	0.051240	-1.381348	0.825195	-0.395508	2.400940	-77.239758	-28.440404
38148		9.501017	-0.062431	2.369507	-0.029369	0.044268	0.052623	-1.382324	0.820801	-0.400635	2.256913	-77.215723	-28.307791
38149		9.473905	-0.043514	2.333444	-0.039428	0.056270	0.066374	-1.387451	0.823486	-0.403076	2.047575	-77.166767	-28.117226
38150		9.446507	-0.100177	2.397826	-0.044384	0.065319	0.065467	-1.387207	0.823486	-0.402832	1.862413	-77.130738	-27.951204
38151		9.487484	-0.137542	2.387914	-0.045317	0.072369	0.071582	-1.383789	0.827393	-0.406250	1.638317	-77.072496	-27.748856
38152		9.516039	-0.161500	2.394844	-0.045953	0.078469	0.067642	-1.384766	0.822266	-0.403564	1.448355	-77.028705	-27.578767
38153		9.506542	-0.146247	2.377478	-0.045147	0.079487	0.068448	-1.384277	0.833740	-0.399170	1.235113	-76.966162	-27.387343
38154		9.460040	-0.200404	2.427618	-0.037283	0.084197	0.066865	-1.392090	0.829346	-0.401855	1.054494	-76.918816	-27.221672
38155		9.426148	-0.157123	2.442289	-0.027538	0.067745	0.058643	-1.370117	0.823486	-0.400879	0.879236	-76.862761	-27.058778
38156		9.415171	-0.217286	2.449624	-0.015054	0.061638	0.065765	-1.368652	0.833984	-0.395508	0.717281	-76.828105	-26.899128
38157		9.454849	-0.219961	2.446077	-0.007561	0.050259	0.064426	-1.376709	0.827637	-0.403320	0.542265	-76.782012	-26.724643
38158		9.569692	-0.192378	2.399897	0.000519	0.054160	0.069060	-1.371582	0.825684	-0.396973	0.383176	-76.751444	-26.558720
38159		9.416692	-0.225621	2.496829	0.004688	0.047633	0.067639	-1.363525	0.835449	-0.409180	0.209554	-76.706771	-26.378370
38160		9.530440	-0.164258	2.457285	0.017715	0.037079	0.068621	-1.372314	0.820068	-0.403564	0.063105	-76.685773	-26.215263
38161		9.849933	0.058376	2.362844	0.021955	0.043197	0.084885	-1.369141	0.827637	-0.398193	-0.140287	-76.643516	-25.994070
38162		9.761445	-0.111961	2.438346	0.027489	0.077379	0.129529	-1.375244	0.830811	-0.402588	-0.425808	-76.598981	-25.682206
38163		10.168257	0.155570	2.444701	0.021925	0.100153	0.172847	-1.365967	0.828613	-0.404053	-0.834768	-76.523181	-25.249510
38164		10.535545	-0.124090	2.330496	0.026510	0.171889	0.247542	-1.374023	0.836182	-0.414063	-1.391310	-76.422151	-24.659276
38165		11.233173	0.085541	2.423776	0.030385	0.250562	0.314686	-1.369629	0.830811	-0.410645	-2.105140	-76.255998	-23.907332
38166		12.518782	-0.759811	2.350722	0.033862	0.395985	0.472092	-1.363037	0.836670	-0.416016	-3.129109	-76.017232	-22.830465
38167		18.190770	-0.201705	2.479333	0.034035	0.624704	0.324080	-1.353760	0.841553	-0.421387	-3.763531	-75.631931	-22.156458
38168		22.578624	-2.220671	1.921201	0.093693	1.266404	0.133019	-1.341553	0.839355	-0.430664	-3.807820	-74.903164	-22.052955
38169		18.316204	-0.596512	2.174469	0.138946	1.852069	0.040732	-1.325439	0.839111	-0.446777	-3.572256	-73.827022	-22.215331
38170		15.296259	-0.597101	2.063775	0.161369	2.164158	-0.008697	-1.315918	0.826904	-0.461426	-3.211997	-72.589780	-22.492814
38171		15.878974	-0.641466	2.108078	0.176555	2.407525	-0.034648	-1.296631	0.826416	-0.483154	-2.832287	-71.198671	-22.786394
38172		16.165441	-0.200748	2.141045	0.162394	2.696327	-0.067563	-1.284668	0.815186	-0.498535	-2.423943	-69.657425	-23.118729
38173		16.435039	-0.630910	1.949655	0.118980	2.986060	-0.122954	-1.262939	0.815186	-0.525635	-2.007863	-67.937004	-23.492542
38174		17.541448	-0.683575	1.704612	0.090181	3.314483	-0.120024	-1.230713	0.808594	-0.547363	-1.645353	-66.041310	-23.827887
38175		19.253243	0.436035	1.376689	0.033850	3.741712	-0.043780	-1.197021	0.792969	-0.580811	-1.451972	-63.886920	-24.020771
38176		20.270272	1.242811	0.924412	-0.028637	4.244188	0.139038	-1.153320	0.795898	-0.600830	-1.495784	-61.454139	-23.987535
38177		20.984890	2.926949	0.630343	-0.113484	4.808801	0.444340	-1.118408	0.792236	-0.625000	-1.864867	-58.682886	-23.637605
38178		22.834010	3.126558	0.153834	-0.245435	5.427942	0.668458	-1.054688	0.792725	-0.645020	-2.413201	-55.560977	-23.149824
38179		25.647607	2.413645	0.466402	-0.330470	6.133290	0.942688	-0.994873	0.784424	-0.671875	-3.108549	-52.018288	-22.523232
38180		26.760883	3.163168	2.167495	-0.387982	6.796715	1.232937	-0.932129	0.785889	-0.693115	-3.885150	-48.088423	-21.797970
38181		24.071703	1.199704	4.491521	-0.461601	7.246962	1.307632	-0.846680	0.771484	-0.706055	-4.603946	-43.889715	-21.166058
38182		19.722537	-1.755797	6.082445	-0.390551	7.316360	0.760426	-0.768799	0.769043	-0.712891	-4.901711	-39.676373	-21.052033
38183		19.463581	-3.207283	3.737225	-0.186535	7.300619	0.089710	-0.697021	0.760986	-0.719971	-4.775041	-35.504896	-21.433521
38184		21.685512	-0.206218	2.569061	-0.157661	7.238900	-0.422683	-0.622803	0.750977	-0.715820	-4.481386	-31.390624	-22.125943
38185		23.760070	-0.014570	-1.237085	-0.401568	7.296857	0.134685	-0.559814	0.742432	-0.706299	-4.568708	-27.221545	-22.416539
38186		21.229187	-1.495838	-4.212005	-0.452341	7.207948	0.888177	-0.484863	0.730957	-0.693604	-4.903040	-23.064087	-22.235010
38187		19.276631	0.317979	-8.256833	-0.372558	7.147113	1.021344	-0.397705	0.725586	-0.671143	-5.201611	-18.943443	-21.997224
38188		12.894966	7.603361	-10.799656	-0.375591	6.909846	0.795277	-0.334717	0.727051	-0.643311	-5.440602	-14.959525	-21.908660
38189		8.825104	13.184186	-10.204009	-0.816637	6.534941	0.647135	-0.274658	0.715088	-0.608643	-5.907535	-11.211087	-21.910191
38190		-21.293023	9.066409	-7.683454	-1.347733	5.889277	0.478248	-0.228271	0.713867	-0.573486	-6.661250	-7.827444	-22.010355
38191		-29.378254	2.681519	-7.168975	-1.457183	2.663386	-1.525778	-0.221924	0.723145	-0.563965	-7.361113	-6.431965	-23.073251
38192		-9.349754	3.066086	-7.091898	-1.377589	0.160085	-2.869704	-0.224854	0.735352	-0.543457	-7.961172	-6.560668	-24.727427
38193		-2.748244	0.914691	-4.727280	-1.363104	-1.423913	-2.771057	-0.247559	0.746094	-0.549805	-8.557585	-7.603399	-26.193923
38194		1.745749	-0.907326	-4.824031	-1.212637	-2.411535	-2.106155	-0.272461	0.754883	-0.543457	-9.105639	-9.154464	-27.186567
38195		3.513329	-1.071111	-4.371971	-1.008687	-2.999586	-1.303749	-0.294434	0.767090	-0.545898	-9.598367	-10.978449	-27.652932
38196		3.716502	-0.771277	-3.866815	-0.847355	-3.383247	-0.573747	-0.321777	0.770508	-0.558594	-10.082973	-12.945032	-27.647184
38197		3.114420	-0.602566	-3.581486	-0.707400	-3.730432	-0.116403	-0.348145	0.768311	-0.561035	-10.563943	-15.067279	-27.321468
38198		2.936031	-0.851775	-3.538896	-0.545711	-4.057681	-0.024816	-0.369873	0.776123	-0.568359	-10.996389	-17.354296	-26.885035
38199		3.804267	-0.281684	-3.561803	-0.368837	-4.320035	-0.181768	-0.390625	0.771729	-0.579102	-11.331403	-19.810943	-26.488573
38200		5.263637	0.707890	-3.324036	-0.218186	-4.461046	-0.478566	-0.429932	0.760742	-0.578369	-11.545486	-22.371067	-26.235249
38201		6.785781	1.188637	-2.828849	-0.105732	-4.467836	-0.875084	-0.463379	0.764648	-0.593506	-11.613013	-24.988596	-26.211732
38202		7.654891	0.895452	-2.362095	-0.012047	-4.390067	-1.339586	-0.505859	0.761475	-0.599854	-11.494238	-27.607204	-26.490522
38203		7.674256	0.467425	-2.078304	0.092680	-4.318405	-1.793380	-0.543213	0.763184	-0.605469	-11.149369	-30.245752	-27.087880
38204		7.162798	0.005907	-1.862987	0.182116	-4.331810	-2.170222	-0.580078	0.759033	-0.612549	-10.578543	-32.918135	-27.974229
38205		6.858026	-0.434959	-1.726902	0.263730	-4.462360	-2.394389	-0.634277	0.738525	-0.611328	-9.810958	-35.689595	-29.062277
38206		7.268039	-0.827941	-1.596253	0.329959	-4.682464	-2.454579	-0.677246	0.738281	-0.617676	-8.897795	-38.565939	-30.257932
38207		8.208858	-1.217638	-1.455990	0.393161	-4.945295	-2.416086	-0.716797	0.733887	-0.615234	-7.862995	-41.584469	-31.509672
38208		9.390187	-1.466757	-1.111954	0.458625	-5.211611	-2.316310	-0.766113	0.726318	-0.607178	-6.717246	-44.715319	-32.797014
38209		10.596690	-1.300028	-0.710634	0.495948	-5.452350	-2.168137	-0.805908	0.712891	-0.595947	-5.480879	-47.968654	-34.107608
38210		11.739548	-0.680963	-0.186025	0.520539	-5.655196	-1.995687	-0.853271	0.686523	-0.599121	-4.157899	-51.293957	-35.449085
38211		12.647994	0.393558	0.561527	0.475721	-5.818922	-1.837711	-0.895752	0.693115	-0.576172	-2.750133	-54.702031	-36.864892
38212		13.721596	1.292814	1.333191	0.369270	-5.928456	-1.720201	-0.923340	0.679688	-0.565918	-1.227191	-58.131451	-38.435631
38213		14.914131	1.821713	2.107991	0.237510	-5.971273	-1.718175	-0.969482	0.670410	-0.549561	0.581590	-61.576493	-40.363699
38214		16.121780	2.045016	3.094824	0.099201	-5.964633	-1.818811	-0.993652	0.663818	-0.535400	2.920709	-64.961419	-42.915472
38215		17.143966	1.601921	3.975246	0.000027	-5.913377	-1.950527	-1.039551	0.656250	-0.541992	6.135343	-68.270680	-46.410289
38216		18.011958	0.759839	4.667546	-0.020426	-5.844605	-2.087265	-1.070801	0.661133	-0.523682	10.690498	-71.410988	-51.270740
38217		18.784041	0.168705	5.404649	0.056128	-5.764369	-2.181642	-1.119385	0.659668	-0.513672	17.291440	-74.336243	-58.135098
38218		19.203621	-0.197922	6.575231	0.175561	-5.698127	-2.229175	-1.177246	0.654297	-0.506836	26.808070	-76.891199	-67.849887
38219		19.443575	-0.702961	8.105816	0.348209	-5.661041	-2.253204	-1.229980	0.637939	-0.491943	40.511358	-78.902881	-81.649035
38220		19.412101	-1.344591	9.617905	0.565820	-5.628512	-2.202499	-1.291748	0.628662	-0.472168	58.534685	-80.049039	-99.642927
38221		19.226014	-1.894799	10.933498	0.821874	-5.558576	-2.076120	-1.358887	0.606689	-0.450195	78.648395	-80.107316	-119.571402
38222		18.928801	-2.334851	12.033467	1.104005	-5.416556	-1.866454	-1.402100	0.592773	-0.417236	96.546764	-79.156116	-137.116472
38223		18.869144	-2.170708	13.056786	1.380856	-5.149932	-1.569110	-1.455811	0.557861	-0.381836	110.364279	-77.578211	-150.405969
38224		19.321391	-1.851745	14.094217	1.600272	-4.712286	-1.273373	-1.494873	0.526611	-0.346436	120.273355	-75.756546	-159.642627
38225		19.149402	-1.835589	14.774527	1.767699	-4.101583	-1.126182	-1.533447	0.501709	-0.309082	127.211087	-73.904476	-165.774568
38226		17.286525	-1.863208	14.975540	1.880927	-3.466175	-1.162567	-1.558105	0.480225	-0.281982	131.911989	-72.123641	-169.560117
38227		14.788675	-2.038457	14.700857	1.956715	-2.968684	-1.167344	-1.576660	0.462402	-0.252930	135.325716	-70.460878	-171.975522
38228		12.856397	-2.214248	14.223396	1.999883	-2.624107	-0.995474	-1.593018	0.434814	-0.230225	138.135347	-68.973658	-173.746772
38229		12.264547	-2.308926	13.840610	2.014549	-2.293402	-0.646419	-1.605469	0.415039	-0.204102	140.743576	-67.733346	-175.307087
38230		12.682709	-2.225773	13.860422	1.999175	-1.868298	-0.242844	-1.617432	0.408691	-0.190430	143.200426	-66.803115	-176.726532
38231		12.824652	-2.084621	13.798545	1.960089	-1.354375	0.104904	-1.619873	0.404053	-0.171387	145.481566	-66.210503	-177.986355
38232		11.655587	-2.403554	13.064867	1.923185	-0.892312	0.398445	-1.619873	0.392822	-0.163330	147.645954	-65.908498	-179.146500
38233		10.379327	-2.685793	11.654279	1.916128	-0.576461	0.650872	-1.631836	0.390625	-0.163330	149.839820	-65.826613	179.654583
38234		10.031524	-2.661949	9.920489	1.942972	-0.339548	0.839583	-1.624023	0.397705	-0.170410	152.100864	-65.888915	178.399114
38235		10.486586	-1.847242	8.506945	1.997884	-0.071604	0.883185	-1.625488	0.408203	-0.165771	154.301953	-66.090956	177.244228
38236		11.225669	-0.259725	7.251479	1.989764	0.290422	0.871888	-1.631104	0.401855	-0.178223	156.314895	-66.449919	176.293067
38237		53.863251	16.883091	4.522705	1.905836	0.878661	0.738588	-1.610352	0.412354	-0.189697	157.858458	-67.091725	175.802822
38238		-12.442698	-3.998291	7.223466	1.247506	5.829383	0.893043	-1.601318	0.403809	-0.248779	156.450870	-70.368110	178.081858
38239		5.403834	5.636288	-9.887765	1.404991	5.453781	0.778317	-1.576172	0.408936	-0.302002	154.521047	-73.412719	-179.041765
38240		13.815817	5.172092	-7.416325	0.919417	6.527104	1.813451	-1.547119	0.428467	-0.361572	152.186042	-77.221533	-176.082627
38241		12.411028	1.115971	-6.770619	0.545427	7.832046	2.276781	-1.493408	0.434326	-0.433105	146.086945	-81.762910	-169.566875
38242		8.502491	-4.869818	0.340188	0.916212	8.056335	1.500525	-1.430176	0.440674	-0.490967	121.544352	-85.671448	-144.364448
38243		7.521150	0.175959	6.086144	1.094569	6.993482	0.870928	-1.399658	0.439697	-0.559326	61.715708	-86.383499	-83.789453
38244		5.976656	-0.474079	9.178731	0.573130	5.277258	0.910374	-1.345947	0.445313	-0.586426	29.666589	-84.571322	-51.317779
38245		5.787286	-0.157335	7.529284	0.346678	3.679606	0.490823	-1.330811	0.444336	-0.606934	19.572243	-82.751088	-40.963555
38246		7.510231	1.058997	4.673441	-0.089791	2.734006	0.261009	-1.296387	0.445557	-0.626709	15.176634	-81.299292	-36.575215
38247		7.508463	-0.352998	3.969654	-0.338837	2.175764	0.075697	-1.284668	0.447510	-0.642334	12.850991	-80.084246	-34.416089
38248		7.299449	0.408055	3.515702	-0.344773	1.646001	-0.058232	-1.267334	0.455322	-0.652588	11.746779	-79.155428	-33.492201
38249		7.934737	0.638820	3.540771	-0.321496	1.270709	0.023762	-1.258545	0.451904	-0.663086	10.754110	-78.427493	-32.668898
38250		7.490166	0.295088	3.929775	-0.257623	0.915023	0.097034	-1.250977	0.449951	-0.663818	9.907113	-77.921509	-31.952174
38251		7.473836	-0.193988	3.856158	-0.153640	0.527833	0.202206	-1.251709	0.458496	-0.663818	9.041937	-77.625244	-31.157906
38252		8.464489	-0.331956	3.050444	-0.032131	0.245895	0.204406	-1.250977	0.459473	-0.665039	8.412090	-77.503634	-30.529598
38253		9.165159	-0.022290	2.543796	-0.027037	0.129731	0.122258	-1.244141	0.456543	-0.668701	8.018517	-77.422691	-30.143206
38254		9.082065	-0.073200	2.567543	-0.027340	0.083901	0.075323	-1.243164	0.470215	-0.662354	7.792356	-77.380916	-29.925334
38255		9.221123	-0.002788	2.456109	-0.016272	0.033948	0.057424	-1.245605	0.459473	-0.663330	7.608056	-77.348666	-29.746922
38256		9.447730	0.123165	2.359185	-0.009706	0.016675	0.047680	-1.241943	0.464600	-0.669434	7.486605	-77.342698	-29.625963
38257		9.479957	0.250559	2.298625	-0.011652	0.013802	0.070274	-1.242676	0.464600	-0.664551	7.280283	-77.322713	-29.422218
38258		9.683961	0.144415	2.206306	-0.012879	0.021615	0.089994	-1.250977	0.469482	-0.661621	7.048960	-77.316783	-29.190492
38259		9.496380	0.156488	2.351105	-0.017580	0.048714	0.114044	-1.238770	0.462646	-0.660889	6.719648	-77.279694	-28.864069
38260		9.492365	0.063703	2.314592	-0.019675	0.057533	0.119011	-1.241455	0.461914	-0.671143	6.402184	-77.254684	-28.547974
38261		9.418039	-0.009667	2.360586	-0.022705	0.069399	0.115270	-1.237305	0.462158	-0.660645	6.064896	-77.205189	-28.216241
38262		9.361789	-0.083386	2.422611	-0.025729	0.059110	0.094081	-1.239990	0.462891	-0.672363	5.809150	-77.177046	-27.966901
38263		9.276720	-0.064056	2.451341	-0.015407	0.045475	0.073337	-1.240723	0.469727	-0.662354	5.590712	-77.138224	-27.752649
38264		9.397504	-0.067630	2.353971	-0.022016	0.032292	0.059154	-1.236572	0.464600	-0.671875	5.432843	-77.123043	-27.601465
38265		9.370893	-0.009745	2.392827	-0.014531	0.034745	0.049112	-1.234863	0.468994	-0.662842	5.279558	-77.088859	-27.453470
38266		9.440241	0.006315	2.392391	-0.015527	0.027416	0.047934	-1.242676	0.468018	-0.670410	5.155338	-77.075703	-27.332966
38267		9.412127	-0.050015	2.383541	-0.014548	0.020901	0.038206	-1.243408	0.471436	-0.664795	5.033369	-77.048820	-27.217061
38268		9.358435	-0.042071	2.409663	-0.012866	0.011921	0.030949	-1.241943	0.465576	-0.667969	4.956745	-77.043556	-27.143814
38269		9.420757	-0.002912	2.381100	-0.011038	0.009223	0.024140	-1.236084	0.463135	-0.669922	4.874712	-77.022673	-27.066797
38270		9.435610	-0.047536	2.434368	-0.010545	0.007350	0.020365	-1.238525	0.474365	-0.668701	4.826796	-77.019465	-27.021638
38271		9.431153	0.012119	2.372320	-0.010545	0.004582	0.018178	-1.240967	0.458984	-0.664795	4.761059	-77.001016	-26.961032
38272		9.429230	-0.064255	2.403915	-0.007032	0.003977	0.012849	-1.234619	0.469238	-0.666992	4.734534	-76.999360	-26.935758
38273		9.496312	-0.017230	2.333512	-0.004859	0.009732	0.014934	-1.239258	0.462891	-0.665283	4.679223	-76.977909	-26.882487
38274		9.451657	-0.062337	2.380240	-0.009267	0.013398	0.011535	-1.240479	0.463867	-0.664063	4.652826	-76.970803	-26.858656
38275		9.472793	-0.024452	2.361442	-0.002735	0.016826	0.006843	-1.237549	0.468750	-0.668213	4.617472	-76.945035	-26.824603
38276		9.394730	-0.024863	2.340143	-0.005609	0.019072	0.006662	-1.244141	0.464600	-0.669922	4.604132	-76.934458	-26.812021
38277		9.481257	0.027444	2.360125	-0.003585	0.021314	0.010483	-1.231689	0.468750	-0.667969	4.558651	-76.906408	-26.768054
38278		9.498906	0.024180	2.378652	-0.008303	0.029023	0.019312	-1.233398	0.470459	-0.663086	4.510887	-76.890718	-26.721711
38279		9.449517	0.039982	2.364753	-0.013714	0.036432	0.023478	-1.235352	0.477295	-0.668701	4.425326	-76.854714	-26.642520
38280		9.428468	-0.035476	2.383235	-0.013226	0.037326	0.021896	-1.231445	0.462646	-0.664795	4.367219	-76.834368	-26.588441
38281		9.505151	-0.038454	2.409942	-0.020814	0.038982	0.023975	-1.229736	0.471436	-0.671875	4.276663	-76.797002	-26.508261
38282		9.403751	-0.044846	2.415488	-0.018808	0.031501	0.008852	-1.231689	0.475586	-0.675781	4.248597	-76.779400	-26.488313
38283		9.444206	-0.043013	2.409067	-0.017618	0.027163	0.007548	-1.242432	0.467529	-0.674316	4.202449	-76.748177	-26.451843
38284		9.471222	0.007810	2.422841	-0.019642	0.024924	0.003727	-1.234863	0.467773	-0.669189	4.187663	-76.734113	-26.446025
38285		9.452460	0.008405	2.408856	-0.021638	0.021339	0.010086	-1.243164	0.467285	-0.669922	4.134353	-76.706430	-26.404546
38286		9.534205	0.012748	2.392956	-0.019982	0.028957	0.015974	-1.236084	0.477051	-0.674805	4.089173	-76.690562	-26.367695
38287		9.474104	0.009423	2.388816	-0.022024	0.032248	0.016545	-1.239502	0.474609	-0.672607	4.018585	-76.657009	-26.308660
38288		9.382843	-0.086746	2.409651	-0.018986	0.032162	0.025188	-1.231445	0.477295	-0.668213	3.951535	-76.639658	-26.248738
38289		9.391619	-0.035573	2.407557	-0.013411	0.025503	0.017097	-1.231445	0.477539	-0.665771	3.886200	-76.610069	-26.190004
38290		9.397090	-0.024584	2.441073	-0.014393	0.018181	0.015880	-1.230957	0.463379	-0.664551	3.846739	-76.600322	-26.155726
38291		9.319246	-0.025745	2.418909	-0.014174	0.006523	0.013346	-1.229492	0.468506	-0.671875	3.793361	-76.581527	-26.109711
38292		9.378503	-0.026175	2.426422	-0.015165	0.001965	0.014325	-1.238770	0.472412	-0.671875	3.759875	-76.580979	-26.082028
38293		9.421023	-0.058935	2.412037	-0.016495	-0.002739	0.012968	-1.233398	0.477539	-0.673828	3.707697	-76.567557	-26.038595
38294		9.451440	-0.076898	2.412632	-0.013121	-0.004091	0.011559	-1.228516	0.472656	-0.673096	3.682969	-76.570361	-26.018710
38295		9.393481	-0.113219	2.399863	-0.009082	-0.003794	0.004637	-1.237305	0.469482	-0.668457	3.655199	-76.557344	-25.995992
38296		9.405699	-0.127878	2.384379	-0.001014	-0.000438	-0.007008	-1.232178	0.469238	-0.668701	3.681276	-76.557377	-26.021210
38297		9.334223	-0.113189	2.392386	-0.001856	-0.002887	-0.020140	-1.233154	0.470703	-0.668701	3.716659	-76.543048	-26.059164
38298		9.457221	0.080738	2.422816	0.000497	-0.000508	-0.013972	-1.232910	0.479492	-0.671875	3.760224	-76.542853	-26.101477
38299		9.459918	0.013636	2.412093	-0.001005	-0.003201	-0.009207	-1.246826	0.466553	-0.665527	3.769955	-76.529219	-26.112546
38300		9.447847	0.028480	2.426980	-0.005705	-0.005148	0.003227	-1.238281	0.474365	-0.662598	3.769603	-76.532319	-26.113355
38301		9.442010	0.014845	2.394837	-0.003152	-0.008900	0.011253	-1.236084	0.482666	-0.678711	3.730244	-76.522826	-26.075195
38302		9.472557	-0.003111	2.394962	-0.003826	-0.007787	0.018967	-1.236572	0.467773	-0.669922	3.693806	-76.528019	-26.037789
38303		9.445036	-0.057139	2.382735	-0.003313	-0.008247	0.027565	-1.236572	0.468262	-0.673096	3.615472	-76.518853	-25.959624
38304		9.412657	-0.117840	2.412022	-0.000965	-0.007274	0.021349	-1.230713	0.471924	-0.669189	3.574881	-76.523821	-25.916261
38305		9.394616	-0.117604	2.395204	0.003574	-0.006080	0.012836	-1.232422	0.473389	-0.659912	3.535371	-76.512978	-25.873946
38306		9.444207	-0.027954	2.386039	0.004923	-0.006902	0.009795	-1.238770	0.475098	-0.670166	3.525649	-76.517314	-25.858857
38307		9.451689	-0.050074	2.411621	0.003234	-0.006225	0.010501	-1.229492	0.467041	-0.669189	3.491581	-76.506582	-25.822326
38308		9.470001	-0.052803	2.427290	0.006600	-0.004816	0.011291	-1.237793	0.473877	-0.661133	3.478945	-76.509774	-25.803252
38309		9.473568	-0.013386	2.390921	0.005232	0.001532	0.018735	-1.233643	0.464600	-0.670166	3.425379	-76.494993	-25.745476
38310		9.473483	-0.015165	2.391248	0.006061	0.005338	0.021684	-1.238770	0.474365	-0.668701	3.386248	-76.492726	-25.699470
38311		9.515737	-0.048631	2.377659	0.002164	0.011320	0.029089	-1.232910	0.469482	-0.675049	3.305191	-76.472788	-25.615203
38312		9.480214	-0.041080	2.419686	0.002637	0.019100	0.021713	-1.227783	0.470215	-0.667969	3.262262	-76.462626	-25.567303
38313		9.457947	-0.082061	2.441633	0.000097	0.021497	0.023876	-1.233154	0.474854	-0.673096	3.191448	-76.436777	-25.494762
38314		9.494858	-0.019184	2.372421	0.003782	0.027169	0.019017	-1.232910	0.468994	-0.670898	3.154722	-76.421892	-25.452561
38315		9.558302	0.026723	2.419117	-0.000961	0.032110	0.025678	-1.228271	0.477051	-0.659912	3.078144	-76.390112	-25.374684
38316		9.573164	0.049691	2.371344	-0.003551	0.045558	0.036657	-1.228516	0.477051	-0.672607	2.993576	-76.365217	-25.287570
38317		9.568228	0.005047	2.412658	-0.009694	0.060967	0.042790	-1.231934	0.478271	-0.670410	2.869149	-76.317495	-25.165554
38318		9.644390	0.101547	2.343837	-0.008945	0.071697	0.062580	-1.229736	0.466309	-0.671631	2.718594	-76.278279	-25.013671
38319		9.587833	-0.003036	2.401264	-0.012630	0.084748	0.089191	-1.228271	0.476074	-0.670410	2.483556	-76.218121	-24.779428
38320		9.959311	0.126829	2.376757	-0.016524	0.094281	0.117561	-1.236084	0.472168	-0.674072	2.200865	-76.166982	-24.495881
38321		10.077619	0.405226	2.435154	-0.028313	0.131736	0.180379	-1.234863	0.473877	-0.675537	1.746697	-76.081259	-24.044998
38322		10.500197	0.616335	2.483057	-0.056508	0.164650	0.275200	-1.231689	0.472900	-0.672363	1.080552	-75.990950	-23.389736
38323		12.184412	0.791259	2.423256	-0.109552	0.247908	0.465297	-1.220703	0.486572	-0.677979	-0.056805	-75.837566	-22.281925
38324		13.209803	0.598375	2.596441	-0.162063	0.396775	0.930269	-1.215820	0.496582	-0.673828	-2.216265	-75.599856	-20.147240
38325		13.260260	0.675992	2.418127	-0.154708	0.533844	1.594458	-1.209717	0.500000	-0.678955	-5.726780	-75.217825	-16.611146
38326		14.736156	0.892952	3.070056	-0.232670	0.628827	1.457321	-1.192627	0.509277	-0.675049	-8.770527	-74.755288	-13.595719
38327		19.274986	0.671369	2.840971	-0.259752	1.000829	1.518906	-1.175293	0.518555	-0.682373	-11.617110	-74.023746	-10.793950
38328		17.055822	1.835150	3.315975	-0.318658	1.261902	1.926079	-1.164795	0.531494	-0.688721	-14.868472	-73.067363	-7.592082
38329		17.276725	1.897851	3.173261	-0.419685	1.467239	2.132885	-1.150146	0.533447	-0.700195	-18.057575	-71.902644	-4.498847
38330		17.345230	2.251094	3.185403	-0.522500	1.678179	2.422693	-1.115723	0.554688	-0.696045	-21.243415	-70.530619	-1.448072
38331		16.885939	3.098387	3.163575	-0.650285	1.922295	2.642580	-1.087402	0.572754	-0.701172	-24.229626	-68.918876	1.340250
38332		16.435332	4.744876	3.375485	-0.858898	2.108706	2.892714	-1.055176	0.591553	-0.712891	-27.119628	-67.112378	3.928030
38333		15.318552	5.141962	3.922820	-1.123261	2.229799	3.324664	-1.026611	0.612549	-0.717773	-30.136978	-65.069485	6.527856
38334		13.193312	6.648076	4.812052	-1.396707	2.299203	4.018792	-0.986572	0.631348	-0.706543	-33.508966	-62.736444	9.393045
38335		6.550719	5.205748	6.722167	-1.682071	2.056907	4.594259	-0.938232	0.656006	-0.710693	-37.152672	-60.245869	12.447677
38336		-1.321308	0.923279	6.380677	-1.828038	1.153295	5.407901	-0.916016	0.689209	-0.703125	-41.490764	-57.771293	16.287275
38337		-0.600943	-7.336455	5.246898	-1.677817	0.060976	6.472997	-0.861816	0.710205	-0.684570	-46.425012	-55.164664	21.059560
38338		7.357498	-24.079775	10.978665	-0.549436	-0.698567	7.802850	-0.829590	0.728760	-0.684814	-51.145764	-52.063672	26.531493
38339		9.782178	-35.460953	8.369209	3.256319	-0.847271	7.645601	-0.797119	0.717041	-0.700195	-52.991315	-48.898707	31.350861
38340		2.125912	-0.443678	6.814217	5.252942	-1.365735	5.165915	-0.788086	0.677246	-0.729248	-52.653038	-47.014248	34.950910
38341		3.830516	1.502666	3.406425	5.708330	-1.915625	4.553321	-0.777344	0.636963	-0.758057	-51.944536	-45.613940	38.505241
38342		11.804091	2.066485	3.067568	5.831440	-2.111870	3.760535	-0.778809	0.583740	-0.775146	-50.901375	-44.685390	41.749856
38343		14.216158	3.731862	3.779216	5.597075	-1.905222	3.269574	-0.784424	0.543213	-0.801514	-49.663598	-43.937252	44.582629
38344		13.308072	5.714173	3.711759	5.105632	-1.610194	2.991728	-0.779053	0.492188	-0.808350	-48.467665	-43.248181	47.093932
38345		11.989397	6.169793	2.997452	4.547074	-1.319949	2.698775	-0.790527	0.454834	-0.822266	-47.327624	-42.606934	49.261886
38346		11.159073	6.056389	2.237796	4.012093	-1.006439	2.180997	-0.797119	0.414307	-0.825439	-46.188832	-42.093102	50.987017
38347		10.468144	5.594024	1.569572	3.527296	-0.707898	1.591799	-0.797852	0.393799	-0.830566	-44.978284	-41.727735	52.219237
38348		9.320481	4.273713	0.877178	3.138197	-0.509587	1.126939	-0.793701	0.350586	-0.833252	-43.768197	-41.486284	53.107937
38349		7.872800	3.164596	0.138481	2.847300	-0.461589	0.814453	-0.803955	0.340332	-0.830811	-42.573199	-41.364614	53.787963
38350		6.986262	2.493810	-0.487809	2.645539	-0.561881	0.705546	-0.804688	0.296387	-0.835938	-41.508100	-41.334340	54.473379
38351		6.802655	1.962097	-0.957672	2.521176	-0.705470	0.712165	-0.811768	0.283936	-0.842041	-40.544008	-41.377985	55.221611
38352		6.737050	1.758354	-1.130671	2.455875	-0.848740	0.693478	-0.828613	0.254395	-0.838867	-39.678419	-41.495208	56.043111
38353		6.619239	2.078637	-1.300918	2.433764	-0.973574	0.606804	-0.833496	0.238037	-0.851074	-38.812226	-41.715551	56.859801
38354		6.486243	2.443466	-1.369587	2.415586	-1.088072	0.460019	-0.847656	0.220459	-0.848633	-37.957150	-42.041821	57.655378
38355		6.335937	2.521598	-1.380561	2.414300	-1.206156	0.260003	-0.857666	0.197754	-0.846680	-37.039232	-42.509460	58.368057
38356		6.121856	2.326324	-1.343506	2.424823	-1.352118	0.057839	-0.879883	0.170654	-0.840088	-36.098715	-43.113124	59.031618
38357		6.112881	1.822946	-1.503724	2.450036	-1.521894	-0.088136	-0.899170	0.144775	-0.835938	-35.112406	-43.863135	59.658541
38358		6.118029	1.440373	-1.742442	2.492355	-1.705876	-0.183560	-0.907227	0.118896	-0.821777	-34.138274	-44.728337	60.311544
38359		6.621462	1.167667	-1.795980	2.549866	-1.888405	-0.232773	-0.932617	0.097656	-0.820801	-33.143726	-45.716155	60.987918
38360		7.085309	0.886718	-1.786041	2.610086	-2.049840	-0.268284	-0.949951	0.069580	-0.807373	-32.171453	-46.789010	61.715157
38361		7.348480	0.689193	-1.806925	2.683930	-2.198897	-0.349541	-0.984863	0.043701	-0.795898	-31.140745	-47.981294	62.422134
38362		7.319207	0.906769	-1.868676	2.749458	-2.367508	-0.475753	-1.006592	0.018799	-0.788330	-30.079515	-49.288598	63.110014
38363		7.102385	1.246138	-1.862369	2.776258	-2.579266	-0.636413	-1.030029	-0.002930	-0.764404	-28.951723	-50.770595	63.730460
38364		7.516488	1.380714	-1.793682	2.764075	-2.823722	-0.795345	-1.054443	-0.044678	-0.752197	-27.828467	-52.411535	64.320863
38365		8.773686	1.359527	-1.616073	2.726617	-3.034354	-0.926728	-1.073242	-0.063965	-0.718506	-26.672412	-54.218089	64.842321
38366		9.722518	1.509794	-1.334805	2.661459	-3.191291	-0.972062	-1.108887	-0.087646	-0.698730	-25.581427	-56.105900	65.373688
38367		10.006138	2.030865	-1.006036	2.546877	-3.330143	-0.976208	-1.145996	-0.114502	-0.681396	-24.557579	-58.090654	65.905717
38368		10.310506	2.617975	-0.636933	2.378423	-3.476531	-1.000972	-1.166016	-0.136963	-0.656494	-23.675511	-60.143898	66.468357
38369		11.121072	2.914904	-0.225666	2.179543	-3.601543	-1.067733	-1.192383	-0.159912	-0.614746	-22.852455	-62.302375	66.966154
38370		11.926591	2.747953	0.046656	1.971482	-3.662939	-1.180603	-1.218994	-0.189697	-0.592285	-22.070299	-64.501131	67.357161
38371		12.283250	2.122512	0.215916	1.794395	-3.709513	-1.341829	-1.244385	-0.200439	-0.561523	-21.151316	-66.782793	67.487860
38372		12.704806	1.348982	0.229924	1.675796	-3.767253	-1.483055	-1.270996	-0.227539	-0.526611	-20.098539	-69.103005	67.390391
38373		13.589632	0.443048	0.299907	1.616796	-3.792139	-1.547208	-1.294434	-0.239990	-0.493164	-18.807890	-71.470391	67.013231
38374		14.051698	-0.372842	0.343096	1.620103	-3.799997	-1.573558	-1.313965	-0.260498	-0.449463	-17.287247	-73.820547	66.395084
38375		13.852184	-0.853231	0.307143	1.660684	-3.837119	-1.622157	-1.331055	-0.279785	-0.407227	-15.234432	-76.215225	65.263830
38376		13.420428	-1.204940	0.144245	1.723879	-3.942279	-1.700781	-1.342041	-0.297363	-0.373535	-12.413196	-78.642277	63.388034
38377		13.254092	-1.613387	0.056816	1.789545	-4.116736	-1.800216	-1.355469	-0.326904	-0.321045	-7.915994	-81.170054	59.869986
38378		13.703066	-1.838359	0.266342	1.834130	-4.292469	-1.839976	-1.366699	-0.338623	-0.271240	-0.242463	-83.702744	53.193308
38379		14.612533	-1.834132	0.880289	1.837690	-4.407986	-1.772475	-1.366211	-0.365479	-0.221680	16.364796	-86.100299	37.587852
38380		15.427688	-1.910632	1.458032	1.814097	-4.427591	-1.611000	-1.369873	-0.379883	-0.178711	60.340947	-87.621622	-5.401765
38381		16.055609	-1.632879	2.249915	1.753890	-4.353156	-1.391456	-1.369141	-0.397705	-0.133545	115.591369	-86.805100	-59.695590
38382		16.124710	-0.877829	2.922223	1.644720	-4.225459	-1.093495	-1.374268	-0.406982	-0.090332	137.997547	-84.816910	-81.210116
38383		15.798946	-0.034654	3.374866	1.492030	-4.086618	-0.811668	-1.376465	-0.414307	-0.043701	148.243215	-82.630512	-90.651092
38384		15.377317	0.736620	3.861101	1.328150	-3.947777	-0.608828	-1.390137	-0.422607	-0.004150	154.264504	-80.476296	-95.965813
38385		14.994353	1.331029	4.208241	1.172330	-3.806960	-0.542886	-1.382324	-0.426270	0.038086	158.086876	-78.329872	-99.167261
38386		14.453884	1.507517	4.915437	1.045842	-3.644378	-0.614929	-1.370361	-0.426514	0.077148	160.493993	-76.251074	-101.017997
38387		14.070010	0.952753	5.825464	0.970949	-3.472094	-0.744931	-1.362793	-0.424316	0.111328	161.913548	-74.208006	-101.908484
38388		14.069378	0.046442	6.906135	0.977182	-3.222090	-0.865908	-1.347656	-0.426514	0.137207	162.760460	-72.297679	-102.205905
38389		13.710805	-0.527960	8.275158	1.039766	-2.898849	-0.963063	-1.331787	-0.437744	0.161133	163.202723	-70.528341	-102.042952
38390		12.662794	-0.794151	9.697082	1.101941	-2.552933	-0.990446	-1.324951	-0.424072	0.185059	163.494086	-68.963672	-101.678261
38391		11.898623	-0.897137	10.647377	1.145714	-2.217630	-0.960825	-1.311768	-0.438477	0.213867	163.699785	-67.572716	-101.192988
38392		11.505273	-1.079156	11.421642	1.133295	-1.861927	-0.920024	-1.303223	-0.436279	0.232910	163.857192	-66.400459	-100.656217
38393		11.834522	-1.023899	12.084660	1.061471	-1.433221	-0.856055	-1.292236	-0.434082	0.241211	163.897003	-65.462164	-100.034644
38394		12.242586	-0.601383	12.403998	0.906044	-0.935116	-0.684579	-1.281006	-0.433838	0.265381	163.921435	-64.837999	-99.487129
38395		11.752431	-0.049521	12.220600	0.691010	-0.454182	-0.456107	-1.274414	-0.442627	0.259521	163.915325	-64.506041	-99.044188
38396		10.207437	0.245137	11.518063	0.447267	-0.073782	-0.253424	-1.274414	-0.433838	0.262939	163.902609	-64.424522	-98.743729
38397		9.225323	0.194628	10.442472	0.221801	0.161804	-0.095976	-1.280029	-0.441895	0.256836	163.839891	-64.492283	-98.536113
38398		9.856654	0.166265	9.313292	0.037255	0.355960	0.058342	-1.265625	-0.440186	0.256348	163.807713	-64.696812	-98.474500
38399		11.279288	0.199864	7.737545	-0.082114	0.625803	0.246503	-1.275879	-0.427734	0.244385	163.809200	-65.077510	-98.531519
38400		10.945941	-0.141246	5.801305	-0.119139	0.959826	0.384288	-1.280029	-0.429443	0.249756	163.866714	-65.666346	-98.667537
38401		9.245102	0.187074	4.094472	-0.046047	1.191293	0.458287	-1.275635	-0.426270	0.229492	163.952378	-66.394478	-98.793856
38402		32.281415	-3.449581	7.594758	-0.038366	4.875301	1.468344	-1.298096	-0.424072	0.197021	164.021936	-69.310859	-98.890362
38403		5.076418	1.993055	-8.613673	0.584749	5.674281	1.033813	-1.304688	-0.408936	0.167236	163.318202	-72.600146	-97.794724
38404		10.438533	-1.235873	-3.641196	0.655263	7.439459	1.029919	-1.316895	-0.404297	0.123779	160.958626	-76.838737	-94.959062
38405		11.921125	2.334245	-6.173358	0.942111	7.976872	1.225325	-1.320801	-0.401855	0.070801	156.145906	-81.354888	-89.513353
38406		10.489339	-0.539990	-0.478896	0.980618	8.268928	1.302162	-1.319092	-0.390869	0.024902	139.959512	-85.816627	-72.671232
38407		6.426055	-1.638217	5.862859	1.032572	7.353622	0.887719	-1.325928	-0.384766	-0.023926	65.649371	-87.605297	2.315902
38408		6.673349	0.325241	8.027292	0.750332	5.787009	0.707637	-1.306396	-0.375000	-0.053955	22.779019	-85.351002	45.685136
38409		5.397221	-0.339614	8.620983	0.282603	4.146675	0.422413	-1.300293	-0.375000	-0.078613	13.406955	-83.150955	55.266896
38410		5.817234	0.915253	6.438196	-0.017024	2.941945	0.241922	-1.296143	-0.380127	-0.098877	9.874363	-81.526986	58.823233
38411		6.489997	0.553175	4.923390	-0.279210	1.970917	0.104409	-1.295898	-0.374756	-0.107422	8.287705	-80.412014	60.269642
38412		7.560437	-0.023531	3.714388	-0.366460	1.347180	-0.034552	-1.283203	-0.380859	-0.124023	7.595265	-79.644697	60.761664
38413		8.571869	-0.090008	2.997142	-0.389777	1.015263	-0.075491	-1.288818	-0.365723	-0.126465	7.257443	-79.052586	60.880217
38414		8.511471	-0.241010	3.260679	-0.279583	0.841459	-0.018500	-1.285400	-0.372803	-0.134277	6.862256	-78.572745	61.121935
38415		7.930801	-0.552976	3.970398	-0.153097	0.595116	0.008652	-1.281494	-0.377686	-0.143799	6.607837	-78.224795	61.294243
38416		7.778482	0.089403	3.720762	-0.014411	0.274951	0.085101	-1.272461	-0.375488	-0.144775	6.295223	-78.073682	61.607406
38417		8.915501	-0.045346	2.778051	0.009818	0.106641	0.125345	-1.279541	-0.376465	-0.148682	5.982893	-78.010343	61.934507
38418		9.491026	-0.225569	2.391482	-0.002280	0.099717	0.052703	-1.279297	-0.368408	-0.147949	5.823644	-77.956583	62.098167
38419		9.165074	0.037517	2.565847	0.003160	0.094010	0.030220	-1.286621	-0.372559	-0.142578	5.768562	-77.894455	62.158421
38420		9.301011	0.115093	2.546807	0.002604	0.063493	0.038843	-1.284668	-0.378174	-0.148193	5.660786	-77.860444	62.272360
38421		9.323131	0.145568	2.509264	-0.004154	0.047291	0.050934	-1.284668	-0.372559	-0.151611	5.559636	-77.826004	62.375449
38422		9.323881	0.080881	2.521478	-0.008196	0.027476	0.064724	-1.276123	-0.373779	-0.137695	5.387612	-77.813849	62.548810
38423		9.263855	-0.019298	2.511680	-0.010884	0.007295	0.063349	-1.283691	-0.369629	-0.151367	5.260261	-77.802723	62.674754
38424		9.458384	-0.069884	2.442764	-0.012967	-0.003345	0.041505	-1.284912	-0.377197	-0.140869	5.154701	-77.806777	62.777329
38425		9.403523	-0.025429	2.437411	-0.012306	-0.000751	0.031663	-1.283691	-0.370361	-0.144043	5.111657	-77.798490	62.816155
38426		9.362770	-0.033321	2.480594	-0.015469	-0.004921	0.028505	-1.284912	-0.361084	-0.152100	5.039342	-77.802734	62.883253
38427		9.399064	0.004558	2.477276	-0.018986	-0.006908	0.024961	-1.286377	-0.372559	-0.146484	5.011027	-77.797574	62.903061
38428		9.367742	-0.074728	2.438579	-0.023340	-0.008953	0.015048	-1.282471	-0.373291	-0.148926	4.970632	-77.803429	62.932887
38429		9.440242	-0.013348	2.375353	-0.021490	-0.008485	0.011955	-1.278076	-0.366211	-0.146240	4.974961	-77.798486	62.917793
38430		9.492059	-0.086324	2.429187	-0.015291	-0.004566	0.012682	-1.282227	-0.371826	-0.146729	4.944404	-77.801715	62.942273
38431		9.474897	-0.057529	2.429807	-0.002869	0.000530	0.006464	-1.288574	-0.370605	-0.147217	4.971180	-77.791342	62.915095
38432		9.432627	-0.021701	2.407586	-0.004349	-0.003450	-0.003821	-1.279785	-0.367432	-0.141602	4.990196	-77.793115	62.895269
38433		9.404448	-0.019948	2.490775	-0.003361	-0.000303	-0.005616	-1.281494	-0.370361	-0.149902	5.048050	-77.782590	62.835969
38434		9.387304	-0.007951	2.434265	0.000572	-0.008784	-0.004831	-1.284180	-0.373047	-0.140625	5.073793	-77.787351	62.812144
38435		9.420603	0.010409	2.479773	-0.002916	-0.014914	-0.009950	-1.277344	-0.371094	-0.147217	5.146098	-77.784896	62.738282
38436		9.388019	-0.006431	2.431513	-0.004224	-0.020020	-0.010110	-1.284668	-0.365234	-0.151123	5.185745	-77.795787	62.697420
38437		9.492036	-0.025128	2.414934	-0.002375	-0.019552	-0.013204	-1.280273	-0.370605	-0.150879	5.267523	-77.795750	62.614145
38438		9.569320	0.021738	2.367292	0.000751	-0.009834	-0.014566	-1.282227	-0.370850	-0.146973	5.319424	-77.800575	62.563664
38439		9.553615	-0.006171	2.376666	-0.001909	0.007896	-0.013618	-1.291504	-0.375244	-0.145020	5.395174	-77.784818	62.486794
38440		9.487445	-0.003638	2.398371	0.005440	0.015238	-0.010665	-1.285156	-0.364502	-0.143555	5.433200	-77.775530	62.453255
38441		9.410115	-0.047651	2.446224	0.001206	0.019023	-0.021072	-1.292236	-0.366211	-0.150879	5.526627	-77.752985	62.360083
38442		9.450444	-0.040791	2.404555	0.003730	0.019272	-0.021823	-1.286377	-0.366455	-0.144531	5.591741	-77.740759	62.297819
38443		9.415539	0.039855	2.464893	0.000879	0.018474	-0.029117	-1.281982	-0.379639	-0.143555	5.705031	-77.718005	62.184079
38444		9.344550	0.061182	2.470654	-0.001758	0.010993	-0.021773	-1.277588	-0.367920	-0.148193	5.768707	-77.710461	62.120061
38445		9.363254	0.133470	2.469247	-0.007394	-0.000385	-0.013568	-1.280029	-0.369873	-0.143555	5.840582	-77.699269	62.043812
38446		9.388479	0.109402	2.434756	-0.014559	-0.010274	-0.000314	-1.276855	-0.369141	-0.142090	5.846377	-77.705073	62.031523
38447		9.467249	0.113327	2.453009	-0.017067	-0.013341	0.012625	-1.280762	-0.375732	-0.147949	5.847199	-77.702759	62.022294
38448		9.517786	0.062391	2.383670	-0.020092	-0.014500	0.021157	-1.283691	-0.370605	-0.144531	5.794782	-77.712221	62.066339
38449		9.507055	0.012497	2.408272	-0.018138	-0.006879	0.031331	-1.292725	-0.375488	-0.150146	5.743874	-77.707297	62.109400
38450		9.461718	0.021539	2.435011	-0.022699	-0.005135	0.038827	-1.280762	-0.371338	-0.151855	5.641171	-77.712403	62.203382
38451		9.391310	0.036291	2.438754	-0.021991	-0.009494	0.039601	-1.285400	-0.372314	-0.143555	5.566592	-77.709400	62.268386
38452		9.371181	0.019948	2.430941	-0.026000	-0.013795	0.049938	-1.289063	-0.365234	-0.143066	5.434966	-77.719987	62.390030
38453		9.432851	0.048906	2.449759	-0.028512	-0.015441	0.056801	-1.278564	-0.366455	-0.148193	5.312522	-77.721227	62.500173
38454		9.447031	-0.047085	2.382928	-0.030036	-0.013938	0.061873	-1.279053	-0.362305	-0.144775	5.146965	-77.732397	62.654170
38455		9.380039	0.006814	2.393870	-0.031401	-0.010748	0.064880	-1.279541	-0.372314	-0.147217	4.999899	-77.731234	62.787791
38456		9.360021	0.005995	2.442966	-0.034410	-0.013297	0.079542	-1.286621	-0.376953	-0.147705	4.784858	-77.742709	62.989857
38457		9.448715	0.107678	2.427274	-0.044030	-0.007867	0.090170	-1.283203	-0.367432	-0.145264	4.562886	-77.740867	63.192708
38458		9.679807	0.109575	2.411143	-0.051238	-0.010826	0.112753	-1.292480	-0.361816	-0.144287	4.249747	-77.752028	63.485285
38459		9.674032	-0.062913	2.346880	-0.052314	0.004043	0.114824	-1.291260	-0.359863	-0.152100	3.955490	-77.743954	63.757243
38460		9.523665	-0.200908	2.398998	-0.045120	0.013930	0.101585	-1.298340	-0.359131	-0.154053	3.670494	-77.739892	64.024613
38461		9.522007	-0.151982	2.392276	-0.034210	0.021908	0.094338	-1.286133	-0.368652	-0.137939	3.437698	-77.720330	64.244301
38462		9.500081	-0.095310	2.436250	-0.030677	0.022574	0.084119	-1.282715	-0.359619	-0.147461	3.206292	-77.710258	64.465322
38463		9.392497	-0.124854	2.445424	-0.030673	0.022596	0.084148	-1.283936	-0.360352	-0.143555	3.002843	-77.689617	64.657065
38464		9.358128	-0.073320	2.449115	-0.026776	0.014111	0.084933	-1.289063	-0.361084	-0.149414	2.773528	-77.684055	64.878256
38465		9.451989	-0.067164	2.403717	-0.031663	0.019499	0.086000	-1.289795	-0.369629	-0.146729	2.565642	-77.664906	65.073968
38466		9.439860	-0.123160	2.430785	-0.034348	0.017610	0.088863	-1.298340	-0.359375	-0.154785	2.321983	-77.657071	65.305424
38467		9.472127	-0.133643	2.422643	-0.035198	0.028608	0.093400	-1.289063	-0.361572	-0.150391	2.092506	-77.632525	65.521182
38468		9.842412	-0.190539	2.345157	-0.030156	0.042923	0.090582	-1.295410	-0.368408	-0.152344	1.845549	-77.609820	65.758508
38469		9.478824	-0.247623	2.472345	-0.027807	0.085754	0.095670	-1.288818	-0.363037	-0.147217	1.611427	-77.552217	65.983413
38470		9.595068	-0.207823	2.391903	-0.027790	0.096901	0.086685	-1.290283	-0.362549	-0.158447	1.374970	-77.498115	66.211460
38471		9.448815	-0.258881	2.466958	-0.020209	0.093461	0.082863	-1.294678	-0.354492	-0.154541	1.181292	-77.435555	66.399492
38472		9.499794	-0.256736	2.472775	-0.019001	0.099729	0.072932	-1.290283	-0.358154	-0.156250	0.988883	-77.379335	66.587671
38473		9.641038	-0.203812	2.474237	-0.019130	0.113346	0.067630	-1.290771	-0.352051	-0.149658	0.836950	-77.304977	66.733640
38474		9.889176	-0.131397	2.471246	-0.012718	0.129977	0.077330	-1.291504	-0.360352	-0.154785	0.639587	-77.231213	66.930692
38475		10.272215	0.093940	2.423490	-0.014687	0.173592	0.100336	-1.296143	-0.356201	-0.156982	0.410149	-77.122314	67.158864
38476		10.675498	0.144916	2.415303	0.000146	0.260363	0.212014	-1.288086	-0.362305	-0.161377	-0.109551	-76.973604	67.694402
38477		11.423099	-0.159338	2.539719	0.014214	0.359442	0.254427	-1.285889	-0.357422	-0.152100	-0.684729	-76.756895	68.294963
38478		11.953895	-0.161645	2.408930	0.015831	0.509295	0.207891	-1.284912	-0.346191	-0.155273	-1.146566	-76.463405	68.781217
38479		13.932793	-0.169056	2.470350	0.015861	0.670629	0.200329	-1.295410	-0.349609	-0.159668	-1.536144	-76.067137	69.193296
38480		12.521598	-0.669410	2.626810	0.028548	0.908821	0.189459	-1.280273	-0.346680	-0.176514	-1.878079	-75.543624	69.565065
38481		12.690091	-0.427946	2.630238	0.039384	1.039669	0.168650	-1.286621	-0.354248	-0.191406	-2.111860	-74.935896	69.831992
38482		12.793718	-0.335404	2.648516	0.057922	1.199390	0.152878	-1.282227	-0.350830	-0.187500	-2.291705	-74.246060	70.055173
38483		12.498619	-0.256225	2.746337	0.065377	1.350760	0.143960	-1.277344	-0.343506	-0.202637	-2.400872	-73.460734	70.209842
38484		12.234063	-0.509407	2.774097	0.086450	1.482894	0.145979	-1.272705	-0.349609	-0.193359	-2.498118	-72.608531	70.365522
38485		12.194398	-0.795926	2.810179	0.110092	1.616700	0.116504	-1.265137	-0.342529	-0.213379	-2.491203	-71.671897	70.426777
38486		12.008411	-0.761840	2.935388	0.144504	1.736984	0.092138	-1.259033	-0.354736	-0.216064	-2.430294	-70.675561	70.452151
38487		12.317344	-0.775618	3.028296	0.158764	1.850609	0.062977	-1.253662	-0.342529	-0.234131	-2.295500	-69.606719	70.408029
38488		13.850259	-1.196612	3.093014	0.168795	1.999828	-0.020701	-1.249512	-0.344482	-0.243408	-2.047643	-68.462396	70.248460
38489		15.774848	-0.557010	3.020029	0.179292	2.246854	-0.076487	-1.236816	-0.339844	-0.252930	-1.714313	-67.169729	70.002154
38490		15.832023	0.401753	2.867235	0.156767	2.593139	-0.026116	-1.221191	-0.347900	-0.268799	-1.488711	-65.685173	69.856353
38491		13.984175	-0.104077	2.869664	0.116958	2.876418	0.067375	-1.212402	-0.349609	-0.290283	-1.398337	-64.030175	69.833713
38492		14.157060	-1.771642	2.879055	0.095361	3.105955	0.015022	-1.196533	-0.354980	-0.295410	-1.273029	-62.251072	69.756899
38493		14.736854	-1.501853	2.826970	0.100762	3.378107	-0.070852	-1.178955	-0.358887	-0.327148	-1.054866	-60.311268	69.577605
38494		14.721744	-1.291117	2.633773	0.101907	3.650211	-0.090782	-1.162842	-0.363525	-0.338623	-0.845443	-58.221184	69.404407
38495		15.375762	-0.201113	2.672308	0.087974	3.936891	-0.027866	-1.142334	-0.352783	-0.345947	-0.710852	-55.961700	69.308258
38496		16.935225	0.263854	2.697338	0.037846	4.297739	0.053196	-1.118896	-0.356934	-0.378662	-0.685124	-53.499264	69.305920
38497		18.807284	0.588385	2.728311	0.017393	4.740463	0.269124	-1.093994	-0.365967	-0.405762	-0.817028	-50.778935	69.490578
38498		18.677687	1.433382	3.081239	0.000166	5.210513	0.427579	-1.070313	-0.360840	-0.421143	-1.041109	-47.790125	69.789049
38499		17.443233	0.602772	5.012004	-0.034683	5.558625	0.574526	-1.025146	-0.355713	-0.444336	-1.325888	-44.599194	70.162467
38500		16.615260	-0.855614	6.990114	0.028381	5.685052	0.620207	-1.003174	-0.359863	-0.457031	-1.560331	-41.334168	70.533280
38501		15.100907	-0.597217	7.192247	0.095969	5.731385	0.473536	-0.969727	-0.357178	-0.474854	-1.645662	-38.046166	70.760971
38502		14.258453	0.821636	5.429124	0.085164	5.733679	0.153012	-0.932861	-0.355469	-0.490479	-1.589611	-34.760049	70.752361
38503		13.584898	2.050583	5.286483	0.074155	5.754957	-0.140182	-0.895752	-0.357910	-0.514893	-1.430247	-31.470007	70.548681
38504		17.044604	4.337169	6.374338	-0.146212	5.798768	-0.353363	-0.854248	-0.361572	-0.512207	-1.348686	-28.153632	70.220495
38505		14.239020	1.679375	4.256170	-0.319443	5.849376	-0.169076	-0.812500	-0.362305	-0.522705	-1.434857	-24.811983	70.018019
38506		12.572900	1.199892	1.627255	-0.372501	5.712269	-0.377990	-0.766846	-0.368408	-0.540771	-1.516607	-21.545949	69.688874
38507		10.180457	2.018841	0.019104	-0.409417	5.542256	-0.658658	-0.730469	-0.365967	-0.536865	-1.574962	-18.390732	69.194069
38508		6.222361	4.584224	-2.463465	-0.588793	5.308579	-0.836749	-0.691406	-0.370361	-0.541748	-1.737604	-15.364450	68.599567
38509		-1.491541	4.823622	-4.091188	-0.829288	4.781817	-0.682708	-0.649902	-0.358398	-0.540527	-2.083766	-12.649795	68.100850
38510		-7.687472	3.537956	-6.074592	-1.032230	3.942284	-0.453901	-0.624023	-0.357666	-0.548828	-2.600936	-10.403780	67.739598
38511		-13.386113	-3.648367	-5.946166	-0.601382	2.893490	-0.295284	-0.599365	-0.353760	-0.543701	-2.893809	-8.765241	67.485997
38512		-16.693488	-2.055166	4.048912	-0.165224	0.584636	-0.940816	-0.594482	-0.353027	-0.547852	-2.901973	-8.458193	66.922529
38513		-3.664019	-0.344214	0.043394	0.131009	-1.201670	-0.860609	-0.598877	-0.359131	-0.539795	-2.746538	-9.175475	66.456328
38514		-3.074371	-0.191851	-1.127219	0.316175	-2.397975	-0.505822	-0.619873	-0.368408	-0.540771	-2.523550	-10.561524	66.224740
38515		-0.294580	0.319184	-1.327991	0.396775	-3.162408	-0.378805	-0.626465	-0.370117	-0.537842	-2.258088	-12.385115	66.077915
38516		2.057346	1.337259	-0.555944	0.402528	-3.621263	-0.424868	-0.651123	-0.370850	-0.537109	-1.985125	-14.467757	65.904918
38517		4.114194	2.784718	-0.020617	0.307805	-3.817233	-0.628118	-0.678955	-0.384033	-0.535156	-1.718228	-16.669485	65.601594
38518		5.253486	4.198201	0.752080	0.102132	-3.834204	-0.899075	-0.705078	-0.377197	-0.530518	-1.511741	-18.880185	65.123981
38519		5.223578	4.535244	1.277588	-0.201037	-3.777586	-1.198419	-0.726807	-0.380127	-0.524658	-1.386009	-21.066109	64.447747
38520		4.546592	3.847061	1.407262	-0.524473	-3.730384	-1.489826	-0.732422	-0.378174	-0.524902	-1.357160	-23.223520	63.579734
38521		3.872461	2.830243	1.413787	-0.830049	-3.763067	-1.635876	-0.764648	-0.382080	-0.516113	-1.419954	-25.407094	62.603597
38522		4.049789	1.479152	1.262591	-1.095858	-3.838970	-1.557162	-0.769775	-0.373535	-0.522949	-1.628992	-27.629864	61.670274
38523		4.424388	-0.252500	1.333052	-1.293139	-3.941571	-1.309916	-0.791992	-0.369873	-0.525879	-1.982722	-29.916374	60.889157
38524		4.521436	-2.173276	1.425881	-1.412576	-4.064929	-1.034978	-0.812012	-0.368896	-0.523926	-2.486345	-32.266985	60.301163
38525		4.581113	-3.925485	1.664238	-1.433008	-4.201587	-0.844183	-0.839844	-0.359131	-0.521973	-3.049916	-34.700864	59.853855
38526		4.860710	-4.862005	1.850826	-1.372407	-4.330791	-0.728800	-0.861816	-0.362549	-0.518799	-3.635493	-37.202599	59.515411
38527		5.109963	-5.609787	2.203122	-1.250758	-4.439294	-0.644586	-0.892822	-0.355225	-0.510498	-4.182540	-39.771799	59.258243
38528		5.678603	-6.383364	2.434495	-1.069800	-4.523621	-0.595432	-0.926758	-0.355225	-0.496338	-4.669729	-42.382526	59.069976
38529		6.677781	-6.693996	2.741256	-0.845720	-4.504193	-0.546264	-0.945313	-0.343994	-0.477539	-5.051542	-44.987301	58.933032
38530		7.549497	-6.779398	3.277765	-0.589197	-4.422437	-0.505225	-0.971191	-0.349609	-0.460693	-5.323292	-47.537281	58.844805
38531		7.911111	-6.856707	3.869177	-0.328433	-4.273669	-0.497785	-0.992188	-0.355469	-0.453857	-5.436779	-50.009185	58.754598
38532		7.909684	-6.517741	4.337271	-0.068363	-4.129819	-0.514852	-1.021240	-0.349365	-0.443115	-5.383783	-52.392995	58.639090
38533		7.547491	-5.888868	4.704152	0.161439	-4.033811	-0.562962	-1.035156	-0.353271	-0.410156	-5.131700	-54.731606	58.447858
38534		7.425970	-4.768765	4.987025	0.336797	-4.005518	-0.604884	-1.057617	-0.365234	-0.389404	-4.714860	-57.048189	58.180132
38535		7.330928	-3.720041	5.293581	0.440231	-4.051613	-0.622674	-1.064697	-0.375977	-0.373047	-4.168070	-59.397690	57.839475
38536		7.665111	-2.763453	5.651180	0.492223	-4.141033	-0.584641	-1.094238	-0.381104	-0.342529	-3.571757	-61.787810	57.481269
38537		8.370203	-2.051293	5.895198	0.494181	-4.231142	-0.492940	-1.103271	-0.386230	-0.324219	-2.997008	-64.231303	57.159046
38538		9.110536	-1.656182	6.163834	0.481339	-4.291806	-0.374843	-1.116943	-0.396973	-0.291016	-2.503548	-66.698043	56.922212
38539		9.737099	-1.381814	6.782001	0.475491	-4.316838	-0.298566	-1.124512	-0.403320	-0.268555	-2.039547	-69.182748	56.719953
38540		11.390759	-1.200030	7.608016	0.488790	-4.237291	-0.236760	-1.143311	-0.408447	-0.237793	-1.587157	-71.613825	56.539365
38541		12.318918	-1.075217	8.448188	0.536337	-4.056663	-0.257710	-1.154785	-0.413818	-0.209229	-0.956415	-73.946544	56.204733
38542		12.365966	-0.541653	8.777354	0.613088	-3.843868	-0.330912	-1.171387	-0.418701	-0.185059	0.048615	-76.150553	55.530443
38543		12.749028	-0.136322	8.944154	0.684163	-3.621803	-0.451312	-1.177002	-0.424072	-0.163086	1.737062	-78.225998	54.204604
38544		13.460733	0.414492	8.969691	0.748628	-3.359806	-0.598544	-1.182129	-0.438232	-0.136230	4.519014	-80.129902	51.811532
38545		13.783560	0.932761	8.917163	0.781179	-3.053392	-0.729030	-1.180908	-0.437988	-0.094727	8.890794	-81.822334	47.841725
38546		13.563964	1.576303	8.555537	0.791452	-2.767603	-0.784332	-1.173096	-0.448730	-0.078613	15.262247	-83.280667	41.876131
38547		13.333097	2.079397	8.196392	0.760015	-2.506881	-0.791757	-1.175049	-0.465332	-0.053467	24.255932	-84.482758	33.272223
38548		13.644758	2.621928	8.062997	0.686976	-2.242379	-0.726544	-1.184326	-0.467041	-0.036621	36.031971	-85.388451	21.847989
38549		13.762571	3.140061	8.195639	0.567112	-1.955779	-0.655373	-1.167236	-0.474121	-0.003174	50.162145	-85.951610	8.006022
38550		12.906410	3.382480	8.088585	0.421510	-1.709266	-0.650690	-1.159424	-0.482910	0.014404	65.361431	-86.158984	-6.984708
38551		11.912749	3.355777	7.921505	0.262668	-1.548931	-0.702265	-1.148682	-0.490479	0.027344	79.724438	-86.035706	-21.228192
38552		12.093256	2.409768	7.864046	0.124571	-1.401898	-0.723356	-1.143555	-0.488525	0.039551	91.327709	-85.681560	-32.787883
38553		12.935413	1.038416	7.738178	0.040108	-1.195290	-0.718378	-1.131592	-0.487793	0.044434	99.379819	-85.202155	-40.841240
38554		13.129922	-0.079180	7.542002	0.004077	-0.937069	-0.663868	-1.123779	-0.504150	0.069824	104.449171	-84.716835	-45.925717
38555		11.854449	-1.198392	7.203981	0.028723	-0.767547	-0.628922	-1.110352	-0.505127	0.062744	107.739795	-84.245496	-49.214642
38556		10.288934	-1.563446	7.456805	0.102639	-0.777765	-0.594463	-1.119141	-0.505127	0.074707	110.737093	-83.775144	-52.167089
38557		25.599407	-5.253411	14.505611	0.203007	0.414177	0.469055	-1.106201	-0.505615	0.076904	109.550821	-84.107839	-50.857331
38558		16.421129	-4.886482	11.545736	0.469795	0.769364	0.289186	-1.102051	-0.495361	0.074707	106.152624	-84.399045	-47.169321
38559		11.331662	-4.563261	18.037076	0.588825	1.559468	0.982562	-1.106934	-0.504150	0.066406	98.119913	-85.139092	-38.765433
38560		8.578503	-5.636651	9.563804	0.800832	1.654384	0.585523	-1.110352	-0.496826	0.068848	87.164016	-85.517956	-27.310814
38561		8.090524	-1.167548	1.602456	1.039515	1.332237	0.180844	-1.111328	-0.491943	0.058105	77.751577	-85.517528	-17.273947
38562		9.900778	0.029894	-0.080095	1.153857	1.079766	-0.100086	-1.115479	-0.498535	0.071777	71.190761	-85.294478	-10.026675
38563		11.172719	2.686566	-1.814015	1.029919	1.363007	0.069375	-1.103516	-0.495605	0.071533	62.958601	-85.019653	-1.174709
38564		10.793999	2.440062	-0.489575	0.745304	1.704782	0.355249	-1.108887	-0.495605	0.065430	53.008039	-84.671479	9.246886
38565		10.283039	1.425261	0.472319	0.399751	1.856152	0.490510	-1.114502	-0.493896	0.060791	43.127081	-84.157745	19.403242
38566		9.561176	0.751027	1.809521	0.104288	1.818786	0.427594	-1.115479	-0.495361	0.054932	35.343733	-83.502966	27.293906
38567		8.946607	0.699961	2.696573	-0.172139	1.608156	0.357929	-1.115479	-0.485840	0.040283	29.629037	-82.822978	32.948631
38568		8.815697	-0.040584	2.864961	-0.340577	1.302949	0.246468	-1.113037	-0.494141	0.035400	25.847557	-82.226946	36.567790
38569		9.082941	-0.422970	2.338217	-0.279489	1.062161	0.141589	-1.109863	-0.493896	0.030762	23.345399	-81.694282	38.931596
38570		9.262091	0.000044	2.067921	-0.150061	0.888583	0.109264	-1.106689	-0.485107	0.026855	21.590075	-81.247124	40.621748
38571		8.979340	-0.072789	2.358656	-0.074855	0.769642	0.111455	-1.108887	-0.497070	0.019775	20.151877	-80.844581	42.032803
38572		8.853994	0.298737	2.433917	-0.037067	0.604417	0.109556	-1.110352	-0.489990	0.021729	19.073637	-80.538953	43.106062
38573		9.153260	0.339697	2.239652	-0.075990	0.466029	0.101893	-1.116943	-0.483887	0.010986	18.181560	-80.291123	43.965124
38574		9.380031	0.133244	1.994514	-0.091038	0.394491	0.088505	-1.112305	-0.482910	0.019531	17.462529	-80.091044	44.644047
38575		9.437643	0.099504	2.053019	-0.076777	0.361756	0.073682	-1.117676	-0.486816	0.012695	16.830070	-79.891916	45.240120
38576		9.363767	0.188237	2.118240	-0.052658	0.326975	0.068841	-1.107910	-0.488770	0.017822	16.304649	-79.723220	45.745475
38577		9.417956	0.271882	2.074294	-0.065302	0.290562	0.061718	-1.112549	-0.486572	0.006836	15.817130	-79.559497	46.201544
38578		9.424511	0.226753	2.128541	-0.067581	0.259299	0.060617	-1.110596	-0.479248	0.007324	15.394440	-79.425403	46.594227
38579		9.326165	0.182871	2.142073	-0.065935	0.227552	0.063084	-1.108643	-0.482422	0.010010	14.978081	-79.295527	46.977942
38580		9.309529	0.185538	2.180333	-0.057310	0.191196	0.064850	-1.111084	-0.482910	0.007324	14.620401	-79.198784	47.310761
38581		9.350278	0.142080	2.213188	-0.052952	0.153404	0.060884	-1.116943	-0.484375	0.003174	14.288908	-79.108867	47.615905
38582		9.410741	0.126250	2.145082	-0.043381	0.127765	0.058569	-1.114990	-0.480713	0.003174	14.014226	-79.045789	47.872509
38583		9.430518	0.172120	2.175414	-0.043214	0.113987	0.055458	-1.112793	-0.492676	0.000000	13.740048	-78.976517	48.125098
38584		9.491334	0.128619	2.151211	-0.038322	0.101182	0.056288	-1.111084	-0.490234	-0.001709	13.499079	-78.927485	48.350416
38585		9.489986	0.150629	2.113701	-0.031021	0.092655	0.057969	-1.113770	-0.483887	0.000732	13.244539	-78.870066	48.590212
38586		9.533024	0.136506	2.092763	-0.033864	0.094133	0.048935	-1.111084	-0.483643	0.001221	13.035816	-78.823651	48.785348
38587		9.545510	0.161390	2.095311	-0.034612	0.100793	0.056124	-1.113281	-0.478027	-0.000977	12.783516	-78.761154	49.020860
38588		9.471587	0.143009	2.160293	-0.039099	0.105689	0.055932	-1.117188	-0.477783	-0.005127	12.548753	-78.708847	49.239564
38589		9.305537	0.101177	2.272065	-0.035973	0.085948	0.050433	-1.113037	-0.485840	-0.010254	12.325386	-78.653649	49.444875
38590		9.426615	0.080805	2.208349	-0.029878	0.060259	0.042587	-1.115479	-0.488037	-0.003174	12.164346	-78.624844	49.593845
38591		9.509726	0.078567	2.140527	-0.029695	0.058050	0.038893	-1.102539	-0.477295	-0.008789	11.996015	-78.583686	49.746735
38592		9.530868	0.126515	2.165463	-0.028997	0.061255	0.033248	-1.118164	-0.484375	-0.005371	11.862504	-78.553056	49.868171
38593		9.470952	0.128509	2.161226	-0.028555	0.067144	0.040996	-1.110840	-0.470703	-0.004883	11.685566	-78.506958	50.030554
38594		9.435830	0.094458	2.225070	-0.028290	0.060917	0.035558	-1.120850	-0.479980	-0.003906	11.547919	-78.476653	50.156657
38595		9.459456	0.070741	2.193450	-0.028129	0.052892	0.032089	-1.114014	-0.479736	-0.014648	11.405607	-78.437439	50.283993
38596		9.505612	0.099300	2.180810	-0.025131	0.052775	0.029539	-1.114502	-0.481201	-0.005127	11.292193	-78.410912	50.387237
38597		9.471838	0.094563	2.196724	-0.026249	0.049529	0.027245	-1.113037	-0.475342	-0.003174	11.167296	-78.373010	50.497926
38598		9.470746	0.091480	2.201556	-0.024137	0.052000	0.026143	-1.114258	-0.484863	-0.008301	11.065234	-78.346460	50.590186
38599		9.522572	0.101266	2.202961	-0.025440	0.050976	0.027569	-1.114258	-0.479492	-0.011719	10.940236	-78.307762	50.701478
38600		9.470732	0.125724	2.223241	-0.025439	0.050985	0.027582	-1.113037	-0.474609	-0.001465	10.835077	-78.281865	50.796159
38601		9.467436	0.081874	2.216123	-0.027242	0.050358	0.030720	-1.118164	-0.482422	-0.001953	10.701975	-78.243830	50.914703
38602		9.473269	0.087662	2.188384	-0.024739	0.050634	0.029883	-1.119141	-0.477295	-0.012939	10.592216	-78.218294	51.014516
38603		9.392144	0.050908	2.221125	-0.022687	0.041466	0.029223	-1.120850	-0.478760	-0.004395	10.471347	-78.185085	51.123258
38604		9.463097	0.043630	2.275423	-0.018832	0.032929	0.025433	-1.124756	-0.477295	-0.010254	10.386650	-78.168986	51.200943
38605		9.410892	0.056675	2.235104	-0.015752	0.028780	0.021120	-1.111816	-0.477295	-0.014893	10.298419	-78.142085	51.280414
38606		9.461828	0.038752	2.280785	-0.015287	0.022566	0.019626	-1.114502	-0.480957	-0.010986	10.236857	-78.131191	51.336546
38607		9.462865	0.065151	2.236110	-0.013514	0.017382	0.016720	-1.107422	-0.479736	-0.016113	10.167476	-78.110294	51.398072
38608		9.449980	0.073403	2.256268	-0.014906	0.018123	0.012173	-1.118896	-0.479248	-0.006592	10.128474	-78.101130	51.431378
38609		9.474640	0.052102	2.220791	-0.012439	0.012568	0.011539	-1.108398	-0.476563	-0.002686	10.075948	-78.082474	51.476314
38610		9.436105	0.068512	2.218949	-0.010821	0.015428	0.012147	-1.121094	-0.476563	-0.008545	10.040777	-78.074816	51.508100
38611		9.467036	0.040321	2.255873	-0.009745	0.010612	0.006961	-1.114990	-0.483643	-0.010498	10.002924	-78.056871	51.539619
38612		9.420864	0.036044	2.227510	-0.008859	0.008019	0.005505	-1.110596	-0.481201	-0.008301	9.990177	-78.052726	51.549637
38613		9.466678	0.039065	2.257397	-0.008169	0.005399	0.000061	-1.117432	-0.484863	-0.006104	9.973919	-78.037104	51.560004
38614		9.468871	0.079408	2.269682	-0.005702	-0.000158	-0.000578	-1.114990	-0.480957	-0.012451	9.983034	-78.036969	51.549523
38615		9.468121	0.067344	2.211260	-0.005279	0.003467	-0.000531	-1.116943	-0.483643	-0.008789	9.970697	-78.022445	51.557570
38616		9.479053	0.028948	2.239478	-0.005202	-0.000555	-0.002291	-1.117676	-0.476807	-0.006104	9.984830	-78.022364	51.542253
38617		9.448544	0.068002	2.262444	-0.002890	0.001932	0.000592	-1.110596	-0.481934	-0.012695	9.971372	-78.008896	51.552842
38618		9.475047	0.076646	2.179172	-0.006783	0.002410	-0.003109	-1.116211	-0.476318	-0.006348	9.985367	-78.007061	51.536739
38619		9.468033	0.067654	2.211628	-0.003817	-0.003545	-0.005462	-1.110352	-0.483887	-0.005859	9.989816	-77.996160	51.528478
38620		9.496066	0.100583	2.245035	-0.002313	-0.002487	-0.002883	-1.114258	-0.478027	-0.012939	10.008045	-77.997109	51.510664
38621		9.488406	0.079479	2.218642	-0.005625	-0.004180	-0.002338	-1.116699	-0.481445	-0.004395	10.003261	-77.986953	51.510783
38622		9.481468	0.070183	2.250804	-0.004121	-0.003122	0.000241	-1.107666	-0.478271	-0.006836	10.012454	-77.988571	51.501146
38623		9.455811	0.077821	2.228882	-0.001422	-0.002832	0.003380	-1.113281	-0.479004	-0.002930	9.994098	-77.978299	51.517602
38624		9.455899	0.077680	2.228516	-0.004430	-0.004947	-0.001777	-1.112061	-0.478027	-0.007324	10.009307	-77.980747	51.501633
38625		9.449037	0.068543	2.260367	-0.004353	-0.008969	-0.003538	-1.114258	-0.480469	-0.009033	10.010289	-77.973324	51.496600
38626		9.429098	0.057410	2.251501	-0.002808	-0.017754	-0.002511	-1.119629	-0.479736	0.003174	10.034370	-77.982923	51.472511
38627		9.477013	0.089719	2.232385	-0.001423	-0.020743	-0.005681	-1.119385	-0.470459	-0.005371	10.048009	-77.981996	51.456249
38628		9.462739	0.059593	2.236799	-0.002731	-0.021774	-0.004269	-1.116699	-0.477539	-0.013184	10.078739	-77.993683	51.425408
38629		9.477933	0.090477	2.228445	-0.001113	-0.018916	-0.003661	-1.115967	-0.475830	-0.010986	10.086158	-77.991999	51.415687
38630		9.531336	0.103209	2.223319	-0.002723	-0.019526	0.003454	-1.116455	-0.477051	-0.011475	10.095392	-78.003190	51.406829
38631		9.471795	0.080799	2.257399	-0.006309	-0.017223	0.001774	-1.112061	-0.481689	-0.006348	10.084456	-78.001174	51.412832
38632		9.484737	0.070432	2.236980	-0.002448	-0.023520	0.005684	-1.115967	-0.476563	-0.008057	10.089815	-78.014841	51.408096
38633		9.452644	0.068658	2.245232	-0.000602	-0.032723	0.001013	-1.117676	-0.483154	-0.015137	10.091309	-78.021561	51.404734
38634		9.445564	0.047589	2.216187	-0.001885	-0.030178	-0.005503	-1.118896	-0.479248	-0.009521	10.129949	-78.037859	51.366308
38635		9.466452	0.059395	2.221038	-0.000267	-0.027320	-0.004896	-1.117920	-0.476807	-0.007568	10.144626	-78.041006	51.349666
38636		9.494250	0.080512	2.193462	-0.002271	-0.027979	-0.005755	-1.119141	-0.478516	-0.013428	10.182796	-78.056030	51.311497
38637		9.482337	0.090844	2.209615	-0.002733	-0.021763	-0.004252	-1.114746	-0.467285	-0.012451	10.191536	-78.056183	51.299480
38638		9.522368	0.101757	2.164384	-0.003693	-0.015152	-0.001036	-1.116211	-0.488037	-0.010254	10.210236	-78.064448	51.280379
38639		9.561757	0.095787	2.224928	-0.005848	-0.007775	0.001619	-1.115723	-0.480225	-0.010010	10.194681	-78.057390	51.291375
38640		9.522727	0.101135	2.162834	-0.002410	-0.002040	0.006814	-1.116943	-0.480225	-0.007324	10.186890	-78.059057	51.300102
38641		9.521255	0.071616	2.209806	-0.007529	0.011286	0.011824	-1.117676	-0.473145	-0.012451	10.133975	-78.042359	51.348306
38642		9.502140	0.087584	2.156818	-0.005027	0.011551	0.010971	-1.113037	-0.478760	-0.007813	10.107159	-78.036776	51.374949
38643		9.527663	0.078553	2.179586	-0.005413	0.013747	0.010715	-1.112061	-0.474854	-0.012695	10.057296	-78.018646	51.421281
38644		9.505702	0.037554	2.219860	-0.005413	0.013748	0.010716	-1.112549	-0.483887	-0.004395	10.029994	-78.011792	51.448197
38645		9.481933	0.084678	2.211590	-0.005524	0.011949	0.012689	-1.122803	-0.485596	-0.009521	9.975713	-77.994938	51.498989
38646		9.487169	0.064136	2.226834	-0.005910	0.014146	0.012433	-1.115967	-0.479492	-0.014404	9.943486	-77.988021	51.530651
38647		9.468892	0.091914	2.232712	-0.000705	0.014698	0.014717	-1.116455	-0.472656	-0.003174	9.885397	-77.969873	51.588167
38648		9.486559	0.061418	2.229508	-0.006720	0.012720	0.012132	-1.111816	-0.479004	-0.009033	9.854275	-77.963721	51.618229
38649		9.486333	0.060070	2.230504	-0.002748	0.008220	0.014069	-1.129150	-0.485596	-0.006348	9.799799	-77.949217	51.670862
38650		9.447870	0.076618	2.228503	-0.003407	0.014412	0.011585	-1.118164	-0.477295	-0.009033	9.771347	-77.942047	51.700137
38651		9.460054	0.065255	2.211211	-0.004130	0.011210	0.017244	-1.113037	-0.479736	-0.012207	9.706396	-77.926215	51.762680
38652		9.459820	0.063806	2.212254	-0.003831	0.010790	0.011540	-1.117188	-0.481201	-0.008301	9.679559	-77.921076	51.790057
38653		9.465109	0.043307	2.227127	-0.004754	0.007564	0.013210	-1.118652	-0.478271	-0.013672	9.626607	-77.906971	51.839973
38654		9.447010	0.071192	2.232328	-0.004256	0.007168	0.011495	-1.114014	-0.474609	-0.003906	9.601338	-77.903866	51.865499
38655		9.464837	0.040820	2.228329	-0.001481	0.003434	0.012871	-1.111816	-0.480469	-0.006104	9.552998	-77.892118	51.912623
38656		9.485051	0.051019	2.236173	-0.008193	0.001832	0.008007	-1.114746	-0.473633	-0.010254	9.537069	-77.891691	51.926291
38657		9.479610	0.069240	2.222063	-0.001835	-0.004209	0.011062	-1.113281	-0.478760	-0.006348	9.496607	-77.884152	51.965155
38658		9.446976	0.066915	2.232602	-0.005731	-0.003726	0.007364	-1.107178	-0.478027	-0.014404	9.486236	-77.886802	51.974581
38659		9.497707	0.038190	2.216881	-0.004224	-0.002671	0.009943	-1.121338	-0.475830	-0.016846	9.446596	-77.878352	52.011209
38660		9.472867	0.057084	2.253623	-0.003726	-0.003067	0.008228	-1.113037	-0.472168	-0.021729	9.434806	-77.880709	52.023261
38661		9.490037	0.015173	2.190153	-0.004537	-0.004494	0.007925	-1.119873	-0.472412	-0.003662	9.401001	-77.873166	52.053743
38662		9.492493	0.054838	2.201844	-0.002034	-0.004233	0.007072	-1.111084	-0.477295	-0.007813	9.393725	-77.876072	52.062169
38663		9.474657	0.083316	2.206032	-0.004423	-0.002694	0.005954	-1.118652	-0.477539	-0.005371	9.364279	-77.867403	52.088264
38664		9.512906	0.064746	2.208886	-0.002418	-0.002036	0.006817	-1.109863	-0.481201	-0.013672	9.356499	-77.869043	52.096982
38665		9.505883	0.054585	2.241585	-0.005759	0.006116	0.008922	-1.113037	-0.482666	-0.007324	9.314628	-77.855742	52.135011
38666		9.485520	0.042318	2.234367	-0.004991	0.001723	0.009434	-1.114502	-0.481201	-0.009521	9.296880	-77.855496	52.152417
38667		9.466666	0.058689	2.180734	-0.002445	0.007804	0.008373	-1.116211	-0.482178	-0.006592	9.257601	-77.841252	52.189741
38668		9.467369	0.069639	2.239964	-0.004564	0.005347	0.009483	-1.127930	-0.475586	-0.014160	9.238445	-77.838958	52.208840
38669		9.492140	0.048870	2.203504	-0.003255	0.006377	0.008070	-1.117920	-0.474854	-0.013428	9.200119	-77.825559	52.244723
38670		9.487401	0.079068	2.248679	-0.004564	0.005348	0.009483	-1.116455	-0.477295	-0.005859	9.180996	-77.823261	52.263788
38671		9.484894	0.037637	2.237107	-0.005758	0.006118	0.008924	-1.122559	-0.478760	-0.013184	9.139118	-77.810152	52.301845
38672		9.499570	0.067065	2.231420	-0.003440	0.008599	0.011809	-1.118652	-0.481201	-0.006104	9.113219	-77.806221	52.328503
38673		9.466707	0.064419	2.242915	-0.001978	0.003833	0.014596	-1.116699	-0.478271	-0.010742	9.059641	-77.794978	52.380755
38674		9.479030	0.053080	2.224981	-0.002743	0.008227	0.014087	-1.117432	-0.476318	-0.014404	9.028398	-77.791455	52.413290
38675		9.458631	0.040608	2.217878	-0.002987	0.002383	0.010301	-1.114990	-0.475342	-0.011475	8.986111	-77.780702	52.453406
38676		9.478866	0.050731	2.225732	-0.003485	0.002781	0.012018	-1.122559	-0.476074	-0.007813	8.962151	-77.780068	52.478056
38677		9.466348	0.059440	2.244571	-0.002674	0.004207	0.012323	-1.114746	-0.479980	-0.007568	8.914006	-77.768525	52.524357
38678		9.478730	0.048305	2.226366	-0.005491	0.002125	0.011155	-1.113770	-0.476318	-0.004395	8.891446	-77.768178	52.546400
38679		9.491138	0.037280	2.208045	-0.004993	0.001728	0.009438	-1.111084	-0.477295	-0.005615	8.850523	-77.757842	52.583960
38680		9.484083	0.026912	2.240697	-0.001794	0.001614	0.010862	-1.113770	-0.474365	-0.020752	8.831073	-77.757754	52.604989
38681		9.466133	0.055086	2.245587	-0.005756	0.006123	0.008929	-1.113525	-0.476318	-0.012695	8.789238	-77.744951	52.643041
38682		9.478488	0.044299	2.227478	0.000014	0.002245	0.007733	-1.118652	-0.476074	-0.010986	8.778750	-77.744227	52.655961
38683		9.458126	0.032272	2.220168	-0.002871	0.004185	0.008332	-1.113037	-0.470215	-0.010254	8.740908	-77.732531	52.691626
38684		9.490791	0.032722	2.209608	-0.003683	0.002759	0.008027	-1.123047	-0.479248	-0.014893	8.727346	-77.731540	52.705523
38685		9.505586	0.062485	2.203627	-0.004760	0.005329	0.005496	-1.116943	-0.477051	-0.013428	8.695330	-77.719018	52.734127
38686		9.483562	0.022015	2.242952	-0.003567	0.004558	0.006056	-1.114746	-0.484863	-0.014648	8.686268	-77.716835	52.743488
38687		9.478052	0.040629	2.229403	-0.003567	0.004559	0.006056	-1.120850	-0.472168	-0.005127	8.653773	-77.704868	52.773289
38688		9.490391	0.030021	2.211361	-0.001561	0.005214	0.006921	-1.113281	-0.477051	-0.010498	8.643371	-77.702387	52.785198
38689		9.484871	0.048632	2.197881	-0.004760	0.005330	0.005497	-1.123047	-0.482910	-0.010986	8.611327	-77.690005	52.813845
38690		9.483146	0.019479	2.244733	-0.003881	0.002735	0.004034	-1.116699	-0.472656	-0.010010	8.608086	-77.688678	52.817065
38691		9.437097	0.015855	2.215730	-0.005886	0.002080	0.003169	-1.119141	-0.478027	-0.009277	8.582682	-77.678009	52.838262
38692		9.465176	0.047779	2.249784	-0.003069	0.004162	0.004339	-1.110107	-0.467773	-0.012207	8.578561	-77.675900	52.842858
38693		9.477522	0.037377	2.231712	-0.004262	0.004933	0.003780	-1.119873	-0.474121	-0.010010	8.551350	-77.663734	52.866864
38694		9.472035	0.056103	2.218117	-0.004379	0.003133	0.005752	-1.118164	-0.477783	-0.013184	8.543230	-77.662327	52.874786
38695		9.464898	0.046215	2.250984	-0.004262	0.004933	0.003780	-1.112305	-0.469482	-0.007568	8.516009	-77.650230	52.898809
38696		9.510022	0.037108	2.221904	-0.004693	0.001310	0.003729	-1.118164	-0.478760	-0.017090	8.513663	-77.649684	52.900637
38697		9.497523	0.046403	2.240641	-0.004877	0.003531	0.007470	-1.120850	-0.478760	-0.007568	8.477067	-77.638762	52.933903
38698		9.489553	0.024695	2.215022	-0.002138	0.007388	0.002674	-1.122070	-0.478271	-0.016113	8.476573	-77.634682	52.935333
38699		9.438869	0.052130	2.230845	-0.001993	0.001591	0.006872	-1.115723	-0.469727	-0.010254	8.443918	-77.624879	52.966265
38700		9.497239	0.044479	2.241883	-0.003370	0.004584	0.010054	-1.116211	-0.476563	-0.006592	8.424746	-77.623008	52.986095
38701		9.476828	0.032353	2.234736	-0.005258	0.005730	0.007218	-1.118652	-0.475830	-0.003174	8.387764	-77.610950	53.019550
38702		9.489139	0.021699	2.216826	-0.003947	0.006758	0.005806	-1.116211	-0.472412	-0.003662	8.378427	-77.607488	53.028973
38703		9.489006	0.021066	2.217400	-0.004759	0.005333	0.005500	-1.106934	-0.482422	-0.014648	8.346316	-77.595580	53.057741
38704		9.463184	0.028338	2.196396	-0.004943	0.007554	0.009243	-1.120361	-0.479004	-0.010254	8.327275	-77.591951	53.076517
38705		9.484105	0.050243	2.263363	-0.004249	0.007180	0.011521	-1.117920	-0.471924	-0.010986	8.279275	-77.579563	53.121863
38706		9.466594	-0.021491	2.257985	-0.003881	0.002738	0.004036	-1.125977	-0.472412	-0.010010	8.276089	-77.578232	53.125028
38707		9.463577	0.037586	2.256695	-0.005638	0.007930	0.006966	-1.114258	-0.476074	-0.002197	8.238740	-77.565102	53.158659
38708		9.468798	0.017660	2.271308	-0.002255	0.005590	0.004649	-1.114990	-0.480957	-0.018311	8.233857	-77.562203	53.164516
38709		9.475772	0.026458	2.239286	-0.005572	0.003908	0.005195	-1.119629	-0.472168	-0.016602	8.202600	-77.551268	53.191954
38710		9.475658	0.025917	2.239774	-0.003448	0.006362	0.004090	-1.116455	-0.471680	-0.013916	8.198198	-77.547884	53.196618
38711		9.470171	0.044647	2.226322	-0.003567	0.004562	0.006062	-1.112305	-0.462646	-0.006348	8.165624	-77.536715	53.226590
38712		9.487897	0.014787	2.222194	-0.005572	0.003909	0.005196	-1.116455	-0.477051	-0.009766	8.158085	-77.534812	53.233220
38713		9.487832	0.014419	2.222472	-0.002884	0.001943	0.000600	-1.120117	-0.478027	-0.012939	8.140873	-77.524754	53.247867
38714		9.455016	0.012694	2.233575	-0.004878	0.003534	0.007474	-1.127930	-0.480469	-0.010742	8.128039	-77.523247	53.260329
38715		9.442519	0.022134	2.252262	-0.000499	0.000398	0.001719	-1.121826	-0.478760	-0.014160	8.109857	-77.514227	53.277375
38716		9.482373	0.032422	2.208929	-0.004315	-0.000885	0.003983	-1.114746	-0.473145	-0.009766	8.107914	-77.514944	53.279013
38717		9.475279	0.022752	2.241412	-0.001691	0.001170	0.001159	-1.104004	-0.478027	-0.006836	8.090171	-77.505510	53.294918
38718		9.503414	0.054809	2.275327	-0.000997	0.000796	0.003437	-1.117432	-0.474365	-0.008545	8.090915	-77.505229	53.295751
38719		9.487691	0.012255	2.223085	-0.004195	0.000915	0.002012	-1.119629	-0.478516	-0.014160	8.069631	-77.496073	53.313820
38720		9.442455	0.020634	2.252546	-0.002190	0.001568	0.002878	-1.124512	-0.479736	-0.009277	8.070842	-77.495309	53.313473
38721		9.469810	0.040716	2.227933	-0.006385	0.002484	0.004890	-1.122559	-0.471924	-0.006348	8.040346	-77.485561	53.339700
38722		9.482205	0.030247	2.209680	-0.003881	0.002739	0.004038	-1.114502	-0.476807	-0.008057	8.037203	-77.484225	53.342822
38723		9.457262	0.049890	2.246852	-0.001192	0.000773	-0.000559	-1.114258	-0.476563	-0.003174	8.024226	-77.475083	53.354159
38724		9.507802	0.021762	2.231587	-0.002190	0.001568	0.002878	-1.119141	-0.472412	-0.009033	8.025439	-77.474319	53.353812
38725		9.476738	0.048849	2.196213	-0.001377	0.002994	0.003185	-1.114990	-0.472412	-0.018066	8.001984	-77.464283	53.375782
38726		9.487403	0.009945	2.224325	-0.004195	0.000916	0.002012	-1.114014	-0.472168	-0.006836	8.004493	-77.463821	53.372930
38727		9.454609	0.008409	2.235316	-0.003382	0.002342	0.002319	-1.120361	-0.471436	-0.008545	7.982329	-77.454160	53.392411
38728		9.457077	0.048614	2.247660	-0.003697	0.000518	0.000293	-1.117188	-0.479004	-0.010010	7.989646	-77.453786	53.384925
38729		9.487297	0.009231	2.224783	-0.001376	0.002994	0.003186	-1.114014	-0.476807	-0.009521	7.966176	-77.443889	53.406927
38730		9.481859	0.028294	2.211191	-0.001257	0.004795	0.001215	-1.120605	-0.472168	-0.012695	7.971013	-77.441162	53.403415
38731		9.461500	0.016891	2.203757	-0.003003	0.000143	0.002572	-1.119141	-0.474609	-0.007080	7.949181	-77.432907	53.422793
38732		9.474690	0.018399	2.243940	-0.004195	0.000916	0.002012	-1.123291	-0.484863	-0.012939	7.951683	-77.432444	53.419947
38733		9.487112	0.008266	2.225573	-0.002883	0.001944	0.000601	-1.112061	-0.473633	-0.015625	7.934275	-77.423080	53.434871
38734		9.477130	0.058399	2.256427	-0.004195	0.000916	0.002013	-1.125244	-0.472900	-0.013916	7.936775	-77.422618	53.432027
38735		9.469259	0.037166	2.230334	-0.001192	0.000773	-0.000559	-1.117920	-0.469971	-0.007324	7.923690	-77.413893	53.443522
38736		9.474585	0.017647	2.244392	-0.004694	0.001314	0.003732	-1.127441	-0.479980	-0.006836	7.921392	-77.413341	53.445301
38737		9.474557	0.017531	2.244509	-0.001885	0.001149	-0.002837	-1.114990	-0.471191	-0.005615	7.913550	-77.404291	53.451024
38738		9.482347	0.038535	2.270944	-0.006265	0.004286	0.002921	-1.113770	-0.474854	-0.010498	7.911363	-77.401988	53.451767
38739		9.448822	0.025470	2.223224	-0.002320	-0.002475	-0.002893	-1.119141	-0.482178	-0.021973	7.904668	-77.395054	53.456066
38740		9.474502	0.017480	2.244743	-0.003198	0.000121	-0.001425	-1.118896	-0.479248	-0.008789	7.916740	-77.394772	53.443999
38741		9.474474	0.017364	2.244860	-0.003382	0.002342	0.002320	-1.112793	-0.482422	-0.012451	7.894482	-77.385582	53.463629
38742		9.469099	0.036554	2.231023	-0.003198	0.000121	-0.001425	-1.122070	-0.476318	-0.013916	7.906544	-77.385300	53.451571
38743		9.461968	0.027142	2.263580	-0.002883	0.001944	0.000601	-1.120605	-0.473145	-0.017090	7.889061	-77.376266	53.466608
38744		9.489386	0.047592	2.238782	-0.005323	-0.002332	-0.000321	-1.117920	-0.480713	-0.013672	7.897960	-77.377464	53.456543
38745		9.461235	0.015222	2.204906	-0.002883	0.001944	0.000601	-1.113770	-0.478271	-0.010986	7.880473	-77.368494	53.471592
38746		9.501806	0.037375	2.220434	-0.005388	0.001690	0.001454	-1.121582	-0.479248	-0.011475	7.883421	-77.367549	53.467588
38747		9.500057	0.008560	2.266787	-0.001627	-0.002851	-0.000615	-1.113770	-0.480469	-0.011475	7.871408	-77.361277	53.477773
38748		9.456616	0.045966	2.249654	-0.002384	0.001547	-0.001118	-1.129395	-0.479248	-0.009033	7.882635	-77.360211	53.467049
38749		9.461933	0.026609	2.263733	-0.001691	0.001171	0.001160	-1.114258	-0.479004	-0.008545	7.864669	-77.351857	53.483304
38750		9.481479	0.025949	2.212851	-0.003697	0.000519	0.000294	-1.112061	-0.481689	-0.015869	7.871925	-77.351486	53.475877
38751		9.469007	0.035671	2.231427	-0.004195	0.000916	0.002013	-1.116455	-0.481934	-0.006104	7.850452	-77.343408	53.494263
38752		9.489305	0.046817	2.239139	-0.002699	-0.000276	-0.003144	-1.120605	-0.478516	-0.010742	7.867243	-77.343219	53.477650
38753		9.468981	0.035706	2.231539	-0.002883	0.001944	0.000602	-1.122559	-0.474854	-0.010254	7.849738	-77.334513	53.492749
38754		9.496353	0.056148	2.206951	-0.002883	0.001944	0.000602	-1.114014	-0.476318	-0.008057	7.856176	-77.333357	53.486638
38755		9.455684	0.033530	2.191847	-0.005073	0.003513	0.003482	-1.117432	-0.478271	-0.009766	7.829625	-77.324054	53.509733
38756		9.468789	0.034941	2.232366	-0.003761	0.004541	0.002071	-1.117188	-0.477783	-0.015869	7.830949	-77.321540	53.508348
38757		9.468704	0.034667	2.232730	-0.004574	0.003115	0.001763	-1.125488	-0.481445	-0.013916	7.809188	-77.312396	53.526836
38758		9.499639	0.007008	2.268546	-0.002883	0.001945	0.000602	-1.120605	-0.481201	-0.019775	7.815618	-77.311241	53.520733
38759		9.461483	0.024894	2.265633	-0.006580	0.002464	0.000897	-1.123291	-0.476807	-0.012207	7.795118	-77.302461	53.536758
38760		9.488839	0.045278	2.241147	-0.002070	0.003370	0.000910	-1.125000	-0.478271	-0.012939	7.800742	-77.300522	53.531958
38761		9.460681	0.012824	2.207295	-0.004630	-0.002708	0.001956	-1.109619	-0.479980	-0.007568	7.780484	-77.294820	53.548888
38762		9.480986	0.023985	2.214984	-0.004269	0.002698	-0.003953	-1.122314	-0.483887	-0.010498	7.797323	-77.292884	53.531300
38763		9.480917	0.023903	2.215280	-0.005073	0.003513	0.003483	-1.112793	-0.485352	-0.007813	7.770826	-77.283840	53.554373
38764		9.468413	0.033538	2.233981	-0.003696	0.000520	0.000294	-1.118408	-0.478760	-0.014404	7.778043	-77.283471	53.546985
38765		9.460525	0.012343	2.207965	-0.002070	0.003370	0.000911	-1.115479	-0.470459	-0.013428	7.759804	-77.274373	53.563366
38766		9.493987	0.025144	2.255915	-0.004510	-0.000906	-0.000014	-1.119141	-0.474365	-0.007324	7.767813	-77.274790	53.554688
38767		9.468315	0.032998	2.234402	-0.001876	0.003390	0.004908	-1.113770	-0.476563	-0.015869	7.739636	-77.266054	53.581380
38768		9.488577	0.043850	2.242282	-0.003696	0.000520	0.000295	-1.121094	-0.477783	-0.019287	7.746843	-77.265686	53.574001
38769		9.460401	0.011503	2.208503	-0.002883	0.001945	0.000603	-1.115967	-0.486572	-0.006104	7.729428	-77.257500	53.589077
38770		9.486004	0.003154	2.230307	-0.005388	0.001691	0.001456	-1.121826	-0.479980	-0.015137	7.732346	-77.256557	53.585101
38771		9.488481	0.043272	2.242700	-0.004196	0.000917	0.002014	-1.112061	-0.469971	-0.016357	7.710983	-77.249130	53.603462
38772		9.460999	0.022432	2.267679	-0.005766	0.003890	0.001206	-1.117920	-0.473633	-0.008789	7.713562	-77.246919	53.599612
38773		9.468018	0.031668	2.235683	-0.002448	0.005570	0.000662	-1.112305	-0.479492	-0.006348	7.695038	-77.236804	53.616097
38774		9.493576	0.023314	2.257661	-0.005388	0.001691	0.001456	-1.118408	-0.480225	-0.007813	7.697951	-77.235861	53.612126
38775		9.488202	0.042260	2.243902	-0.002690	0.001965	0.004601	-1.114502	-0.479492	-0.007324	7.670661	-77.228154	53.637464
38776		9.447536	0.019565	2.228742	-0.004574	0.003116	0.001765	-1.116943	-0.472900	-0.006348	7.672785	-77.226427	53.634780
38777		9.467814	0.030605	2.236561	-0.002005	-0.000651	-0.000867	-1.117920	-0.485352	-0.005859	7.660490	-77.219847	53.645154
38778		9.500538	0.031734	2.225939	-0.003761	0.004542	0.002074	-1.116455	-0.481934	-0.014160	7.661827	-77.217334	53.643755
38779		9.474861	0.039716	2.204479	-0.004510	-0.000905	-0.000014	-1.116455	-0.476074	0.001221	7.646066	-77.211027	53.656220
38780		9.473067	0.010860	2.250833	-0.003696	0.000520	0.000295	-1.118408	-0.476807	-0.009521	7.653242	-77.210661	53.648872
38781		9.480203	0.020149	2.218369	-0.001313	-0.001028	0.001411	-1.125732	-0.470459	-0.014893	7.635802	-77.204596	53.664946
38782		9.495877	0.062118	2.270844	-0.002883	0.001946	0.000604	-1.121826	-0.479980	-0.018311	7.642190	-77.203445	53.658883
38783		9.473017	0.010490	2.251044	-0.006080	0.002069	-0.000821	-1.117432	-0.478027	-0.004395	7.626590	-77.195511	53.670278
38784		9.462293	0.049053	2.223446	-0.002069	0.003371	0.000913	-1.122559	-0.481445	-0.008545	7.632192	-77.193575	53.665499
38785		9.480130	0.019597	2.218686	-0.003875	-0.007106	0.002454	-1.118408	-0.483154	-0.014893	7.612761	-77.191160	53.682128
38786		9.488038	0.040603	2.244623	-0.001884	0.001152	-0.002836	-1.115967	-0.474609	-0.014160	7.628573	-77.190199	53.666988
38787		9.473050	0.010078	2.250905	-0.003004	0.000143	0.002573	-1.113770	-0.464600	-0.007080	7.606938	-77.183738	53.686396
38788		9.474844	0.038631	2.204573	-0.003696	0.000521	0.000295	-1.112305	-0.481201	-0.016602	7.614098	-77.183374	53.679063
38789		9.449904	0.058199	2.241662	-0.000999	0.000793	0.003440	-1.119873	-0.479492	-0.015137	7.591254	-77.176671	53.700900
38790		9.533245	0.031236	2.215421	-0.003318	-0.001679	0.000544	-1.116943	-0.473145	-0.010986	7.598737	-77.177575	53.693457
38791		9.473063	0.009387	2.250854	-0.005202	-0.000526	-0.002291	-1.118408	-0.470947	-0.013672	7.588259	-77.171248	53.700151
38792		9.470251	0.068963	2.249205	0.000193	0.000018	0.003998	-1.119629	-0.477295	-0.014893	7.588574	-77.171450	53.702124
38793		9.485472	-0.000775	2.232568	-0.005145	0.005298	-0.002480	-1.117920	-0.480225	-0.010254	7.576695	-77.161857	53.710297
38794		9.454447	0.026649	2.197271	-0.003004	0.000143	0.002573	-1.112793	-0.473877	-0.014160	7.578687	-77.161881	53.708670
38795		9.480075	0.018253	2.218935	-0.003696	0.000521	0.000295	-1.116943	-0.472656	-0.003662	7.562316	-77.155274	53.722309
38796		9.467611	0.028144	2.237451	-0.005202	-0.000526	-0.002291	-1.116943	-0.479736	-0.004639	7.575386	-77.155310	53.708029
38797		9.455169	0.038094	2.255875	-0.000814	-0.001425	-0.000309	-1.111328	-0.481689	-0.010010	7.562829	-77.149824	53.719460
38798		9.500418	0.029423	2.226482	-0.005702	-0.000129	-0.000571	-1.115479	-0.476563	-0.015137	7.571192	-77.149764	53.709712
38799		9.474788	0.037320	2.204836	-0.002312	-0.000236	0.004851	-1.118164	-0.468506	-0.008545	7.544565	-77.144049	53.734702
38800		9.447317	0.016339	2.229696	-0.004574	0.003117	0.001767	-1.122803	-0.477783	-0.015137	7.546681	-77.142322	53.732026
38801		9.480108	0.017462	2.218801	-0.001249	-0.005049	-0.000369	-1.114014	-0.483643	-0.006592	7.535270	-77.139007	53.742043
38802		9.455217	0.037189	2.255688	-0.002883	0.001946	0.000605	-1.117920	-0.477295	-0.006348	7.541631	-77.137859	53.736006
38803		9.487248	0.026737	2.186338	-0.003696	0.000521	0.000296	-1.114258	-0.480713	-0.005127	7.525352	-77.131487	53.749585
38804		9.480817	0.028667	2.277468	-0.003004	0.000143	0.002574	-1.113525	-0.473389	-0.011475	7.527339	-77.131510	53.747963
38805		9.474785	0.036282	2.204864	-0.002005	-0.000650	-0.000867	-1.111084	-0.476807	-0.010498	7.515330	-77.125774	53.758166
38806		9.487963	0.037841	2.244988	-0.003004	0.000143	0.002574	-1.114990	-0.484131	-0.008545	7.517316	-77.125798	53.756545
38807		9.487972	0.037635	2.244953	-0.004510	-0.000903	-0.000013	-1.124512	-0.471924	-0.016602	7.501868	-77.120329	53.768811
38808		9.482641	0.056696	2.231061	-0.004695	0.001314	0.003737	-1.116455	-0.474365	-0.010254	7.499613	-77.119774	53.770548
38809		9.480134	0.016086	2.218699	0.000378	-0.002200	0.000248	-1.121338	-0.473877	-0.011963	7.486786	-77.115116	53.783010
38810		9.488017	0.036991	2.244775	-0.007015	-0.001157	0.000841	-1.117920	-0.476807	-0.008301	7.491200	-77.115748	53.776541
38811		9.474875	0.035124	2.204496	-0.003318	-0.001678	0.000545	-1.122559	-0.476074	-0.004395	7.475375	-77.110874	53.789914
38812		9.467779	0.025542	2.236770	-0.003318	-0.001678	0.000545	-1.118408	-0.474365	-0.010986	7.482809	-77.111780	53.782520
38813		9.474934	0.034868	2.204248	-0.002505	-0.000253	0.000854	-1.113770	-0.474365	-0.014648	7.466248	-77.106177	53.797136
38814		9.480259	0.015401	2.218171	-0.003696	0.000522	0.000297	-1.115723	-0.480225	-0.010742	7.473362	-77.105816	53.789847
38815		9.474911	0.034649	2.204349	-0.004888	0.001297	-0.000261	-1.120117	-0.474121	-0.015137	7.457727	-77.099309	53.802117
38816		9.488057	0.036057	2.244621	-0.004695	0.001314	0.003737	-1.122314	-0.476074	-0.010742	7.455474	-77.098754	53.803851
38817		9.480251	0.014808	2.218205	-0.001249	-0.005049	-0.000370	-1.111816	-0.477051	-0.006348	7.444291	-77.095900	53.813707
38818		9.467797	0.024555	2.236705	-0.003760	0.004542	0.002078	-1.113281	-0.481201	-0.011475	7.445642	-77.093388	53.812294
38819		9.508357	0.046635	2.252382	-0.003696	0.000522	0.000297	-1.122070	-0.476807	-0.013428	7.429629	-77.087475	53.825672
38820		9.449932	0.053373	2.241664	-0.002190	0.001567	0.002884	-1.116211	-0.481689	-0.011475	7.430847	-77.086712	53.825317
38821		9.467700	0.023826	2.237127	-0.003004	0.000143	0.002574	-1.117676	-0.479248	-0.008057	7.409760	-77.081233	53.844315
38822		9.495141	0.044117	2.212433	-0.003004	0.000143	0.002575	-1.124756	-0.474121	-0.010498	7.411738	-77.081257	53.842702
38823		9.467707	0.023278	2.237100	-0.001313	-0.001028	0.001411	-1.122559	-0.470947	-0.011230	7.394925	-77.076412	53.858328
38824		9.475526	0.043904	2.263481	-0.005572	0.003910	0.005211	-1.121338	-0.478516	-0.011230	7.387692	-77.074490	53.864655
38825		9.455222	0.032290	2.255746	-0.002248	-0.004257	0.003070	-1.122314	-0.471436	-0.012939	7.367315	-77.071650	53.883392
38826		9.493339	0.013959	2.258735	-0.002882	0.001947	0.000606	-1.114990	-0.479980	-0.007813	7.373654	-77.070504	53.877376
38827		9.495131	0.042563	2.212507	-0.003004	0.000143	0.002575	-1.119385	-0.471436	-0.006836	7.352695	-77.065176	53.896270
38828		9.462344	0.040996	2.223393	-0.002190	0.001567	0.002884	-1.117676	-0.476074	-0.016602	7.353915	-77.064414	53.895913
38829		9.462302	0.040687	2.223579	-0.003382	0.002343	0.002327	-1.121582	-0.475098	-0.008789	7.332707	-77.057871	53.914855
38830		9.480041	0.011077	2.219128	-0.004695	0.001315	0.003739	-1.125977	-0.470459	-0.012695	7.330460	-77.057315	53.916582
38831		9.487897	0.031794	2.245361	-0.003319	-0.001677	0.000545	-1.121826	-0.488281	-0.008789	7.315014	-77.052979	53.929661
38832		9.467579	0.020267	2.237670	-0.003188	0.002359	0.006326	-1.115479	-0.478516	-0.010254	7.306905	-77.052018	53.938290
38833		9.462203	0.039120	2.224026	-0.001376	0.002992	0.003194	-1.123535	-0.473633	-0.016113	7.284595	-77.045271	53.959538
38834		9.500288	0.020700	2.227137	-0.004632	-0.002705	0.001956	-1.122559	-0.481934	-0.012451	7.288062	-77.046870	53.955440
38835		9.455081	0.029046	2.256381	-0.004195	0.000919	0.002018	-1.113037	-0.468994	-0.012207	7.267739	-77.041267	53.973027
38836		9.500301	0.020202	2.227085	-0.002505	-0.000253	0.000854	-1.114502	-0.483887	-0.014648	7.274369	-77.041392	53.966933
38837		9.469362	0.047655	2.191545	-0.002505	-0.000253	0.000854	-1.113281	-0.481201	-0.014404	7.258308	-77.036423	53.981149
38838		9.487846	0.029820	2.245603	-0.003696	0.000523	0.000298	-1.120361	-0.479248	-0.010010	7.265384	-77.036067	53.973897
38839		9.455061	0.028375	2.256474	-0.004195	0.000919	0.002019	-1.121826	-0.473633	-0.015137	7.245154	-77.030567	53.991384
38840		9.482488	0.048676	2.231898	-0.002190	0.001567	0.002885	-1.117432	-0.473633	-0.016602	7.246377	-77.029805	53.991025
38841		9.470024	0.058341	2.250460	-0.004510	-0.000901	-0.000012	-1.119873	-0.477295	-0.013672	7.231596	-77.025239	54.002799
38842		9.479972	0.007738	2.219434	-0.005630	-0.001913	0.005398	-1.119629	-0.473877	-0.005371	7.225737	-77.026637	54.007683
38843		9.449716	0.046392	2.242728	-0.003758	0.004543	0.002082	-1.120850	-0.479248	-0.018555	7.204583	-77.019179	54.026441
38844		9.474550	0.026266	2.206014	-0.003880	0.002739	0.004050	-1.120605	-0.471191	-0.010498	7.201602	-77.017834	54.029402
38845		9.482401	0.046862	2.232308	-0.002627	-0.002057	0.002823	-1.122314	-0.484375	-0.011719	7.181376	-77.014226	54.047813
38846		9.454960	0.025851	2.256926	-0.003503	0.000539	0.004297	-1.123779	-0.473145	-0.006836	7.178688	-77.014150	54.050694
38847		9.520482	0.027862	2.235417	-0.004694	0.001315	0.003740	-1.112305	-0.471924	-0.010986	7.154029	-77.008737	54.072473
38848		9.469946	0.055478	2.250862	-0.003818	-0.001280	0.002266	-1.114746	-0.480225	-0.003174	7.156730	-77.009550	54.069639
38849		9.474535	0.024404	2.206100	-0.002882	0.001948	0.000608	-1.122070	-0.474854	-0.015625	7.140708	-77.003605	54.083661
38850		9.474544	0.024200	2.206066	-0.004632	-0.002704	0.001956	-1.116943	-0.479492	-0.003906	7.144143	-77.005205	54.079594
38851		9.487686	0.025517	2.246335	-0.001752	0.005192	0.002949	-1.118408	-0.482422	-0.016602	7.122032	-76.997631	54.100505
38852		9.500069	0.015255	2.228113	-0.004694	0.001316	0.003741	-1.114990	-0.480225	-0.014160	7.119796	-76.997073	54.102223
38853		9.461959	0.032992	2.225162	-0.002190	0.001568	0.002886	-1.121582	-0.478516	-0.009033	7.098765	-76.991603	54.121742
38854		9.489411	0.053369	2.200545	-0.002505	-0.000252	0.000855	-1.114990	-0.475098	-0.006104	7.105368	-76.991731	54.115674
38855		9.467240	0.013096	2.239160	-0.004694	0.001316	0.003741	-1.117920	-0.476563	-0.013428	7.080945	-76.986517	54.137318
38856		9.482231	0.043290	2.233102	-0.003696	0.000525	0.000298	-1.121094	-0.478516	-0.011719	7.087994	-76.986165	54.130092
38857		9.461907	0.031970	2.225398	-0.003004	0.000144	0.002576	-1.123291	-0.479004	-0.008057	7.067807	-76.981578	54.148300
38858		9.482222	0.042768	2.233150	-0.003004	0.000144	0.002576	-1.122314	-0.473633	-0.009766	7.069764	-76.981604	54.146707
38859		9.514960	0.043526	2.222512	-0.004379	0.003136	0.005773	-1.116943	-0.477051	-0.012695	7.040081	-76.975587	54.173929
38860		9.456524	0.050090	2.211882	-0.004195	0.000921	0.002020	-1.114746	-0.478760	-0.012695	7.042487	-76.975133	54.171176
38861		9.461803	0.030502	2.225862	-0.001690	0.001172	0.001165	-1.115967	-0.478271	-0.004639	7.026370	-76.969961	54.185966
38862		9.494526	0.031409	2.215285	-0.001874	0.003387	0.004919	-1.117432	-0.477783	-0.013672	7.022235	-76.968307	54.191290
38863		9.476721	0.060169	2.220164	-0.004694	0.001316	0.003742	-1.117432	-0.480713	-0.010498	6.998072	-76.963279	54.212666
38864		9.474126	0.019432	2.207906	-0.002190	0.001568	0.002887	-1.116943	-0.475830	-0.009766	6.999302	-76.962517	54.212299
38865		9.481968	0.040156	2.234275	-0.000499	0.000396	0.001722	-1.118896	-0.478516	-0.010498	6.982842	-76.957918	54.228213
38866		9.456324	0.047970	2.212781	-0.008890	0.002238	0.005762	-1.120361	-0.478271	-0.010986	6.972973	-76.956976	54.235298
38867		9.466942	0.008677	2.240441	-0.002251	-0.004256	0.003068	-1.121582	-0.481689	-0.014648	6.953655	-76.955159	54.253121
38868		9.481999	0.038752	2.234170	-0.004694	0.001317	0.003742	-1.118652	-0.474854	-0.010986	6.951427	-76.954599	54.254831
38869		9.474821	0.028770	2.266670	-0.003503	0.000540	0.004299	-1.118408	-0.475342	-0.010742	6.926986	-76.950183	54.277152
38870		9.481973	0.037881	2.234293	-0.003004	0.000144	0.002577	-1.117676	-0.476074	-0.010254	6.928937	-76.950209	54.275565
38871		9.481975	0.037657	2.234289	-0.002505	-0.000251	0.000855	-1.112549	-0.475098	-0.011719	6.913848	-76.946054	54.289077
38872		9.487255	0.018047	2.248226	-0.002189	0.001568	0.002888	-1.117920	-0.478271	-0.006348	6.915079	-76.945292	54.288708
38873		9.481943	0.037110	2.234435	-0.003004	0.000145	0.002577	-1.117676	-0.479980	-0.006592	6.895437	-76.941076	54.306538
38874		9.461660	0.025515	2.226533	-0.003250	-0.003465	0.006512	-1.118164	-0.476563	-0.011963	6.888664	-76.943426	54.313762
38875		9.487279	0.016560	2.248136	-0.004379	0.003136	0.005776	-1.117188	-0.472412	-0.007813	6.859518	-76.937760	54.340437
38876		9.494404	0.025595	2.215884	-0.003004	0.000145	0.002577	-1.111572	-0.478760	-0.002686	6.861466	-76.937787	54.338853
38877		9.494395	0.025265	2.215929	-0.000998	0.000791	0.003444	-1.123535	-0.477051	-0.011963	6.840758	-76.933346	54.359030
38878		9.469484	0.044483	2.253050	-0.002812	0.000159	0.006578	-1.113525	-0.475830	-0.011963	6.833006	-76.933638	54.367517
38879		9.466851	0.003372	2.240840	-0.002872	0.004179	0.008365	-1.117676	-0.476807	-0.014648	6.798193	-76.927634	54.400862
38880		9.461562	0.022258	2.226985	-0.002944	-0.003874	0.000790	-1.114990	-0.480469	-0.009766	6.805728	-76.929826	54.393578
38881		9.481889	0.032932	2.234731	-0.002373	0.003783	0.006643	-1.117188	-0.475342	-0.007813	6.775616	-76.923975	54.422375
38882		9.481818	0.032355	2.235041	-0.003879	0.002742	0.004055	-1.116943	-0.476074	-0.009766	6.772686	-76.922624	54.425284
38883		9.481807	0.031869	2.235093	-0.003128	-0.001660	0.004545	-1.126465	-0.478027	-0.012451	6.748944	-76.919771	54.447357
38884		9.461450	0.020209	2.227481	-0.003563	0.004561	0.006088	-1.121826	-0.478760	-0.004883	6.740694	-76.917521	54.455915
38885		9.469272	0.040587	2.254014	-0.003503	0.000541	0.004300	-1.127686	-0.472900	-0.016357	6.716706	-76.913427	54.477863
38886		9.468537	0.028668	2.195438	-0.002688	0.001965	0.004611	-1.118652	-0.476807	-0.011475	6.713329	-76.912556	54.481933
38887		9.494101	0.019861	2.217243	-0.002688	0.001965	0.004611	-1.114014	-0.475830	-0.006836	6.688740	-76.907718	54.504999
38888		9.481634	0.029225	2.235865	-0.002313	-0.000236	0.004856	-1.109863	-0.482178	-0.010742	6.685612	-76.908115	54.509034
38889		9.486912	0.009422	2.249725	-0.003004	0.000146	0.002578	-1.112061	-0.483398	-0.005127	6.666494	-76.904235	54.526280
38890		9.461304	0.017426	2.228121	-0.003004	0.000146	0.002578	-1.120850	-0.472412	-0.005615	6.668435	-76.904262	54.524704
38891		9.486880	0.008649	2.249865	-0.006384	0.002493	0.004911	-1.115723	-0.477783	-0.019531	6.640988	-76.899230	54.548610
38892		9.448790	0.026389	2.246950	-0.004195	0.000924	0.002022	-1.125732	-0.476318	-0.012207	6.643383	-76.898778	54.545866
38893		9.476263	0.046596	2.222442	-0.002688	0.001965	0.004612	-1.121094	-0.475586	-0.013428	6.618963	-76.894056	54.568690
38894		9.461188	0.015628	2.228629	-0.002313	-0.000236	0.004857	-1.116455	-0.479248	-0.005127	6.615836	-76.894451	54.572723
38895		9.481520	0.026286	2.236383	-0.003004	0.000146	0.002578	-1.119629	-0.477051	-0.015137	6.596832	-76.890678	54.589981
38896		9.486804	0.006585	2.250190	-0.003820	-0.001277	0.002267	-1.124268	-0.470215	-0.017090	6.599466	-76.891495	54.587214
38897		9.481515	0.025663	2.236412	-0.001373	0.002992	0.003201	-1.123535	-0.477295	-0.015869	6.579083	-76.886174	54.606791
38898		9.458513	0.073973	2.227310	-0.000623	-0.001409	0.003690	-1.120850	-0.479004	-0.016357	6.580107	-76.887160	54.607557
38899		9.466417	-0.005467	2.242669	-0.004570	0.003125	0.001778	-1.125000	-0.480225	-0.019531	6.561417	-76.881707	54.623305
38900		9.493883	0.014820	2.218214	-0.000998	0.000791	0.003446	-1.121826	-0.473633	-0.013916	6.562203	-76.881424	54.624094
38901		9.481431	0.024443	2.236782	-0.002505	-0.000249	0.000856	-1.120361	-0.481934	-0.005615	6.547936	-76.877871	54.636634
38902		9.481448	0.024225	2.236710	-0.003820	-0.001276	0.002267	-1.113525	-0.479248	-0.013672	6.550563	-76.878688	54.633873
38903		9.493903	0.014153	2.218133	-0.003695	0.000529	0.000300	-1.123291	-0.471191	-0.007324	6.536931	-76.874717	54.645168
38904		9.461102	0.012738	2.229015	-0.002189	0.001569	0.002890	-1.116943	-0.475342	-0.012451	6.538174	-76.873955	54.644787
38905		9.475450	0.031665	2.164262	-0.002006	-0.000645	-0.000867	-1.123535	-0.480713	-0.014160	6.528681	-76.870609	54.653341
38906		9.463767	0.052772	2.241276	-0.002254	-0.004255	0.003068	-1.122803	-0.473389	-0.014648	6.531081	-76.873175	54.651734
38907		9.481492	0.023013	2.236536	-0.004377	0.003139	0.005780	-1.121582	-0.472656	-0.015381	6.502934	-76.868131	54.677376
38908		9.481457	0.022535	2.236693	-0.003004	0.000147	0.002579	-1.115234	-0.468994	-0.014404	6.504866	-76.868159	54.675808
38909		9.461129	0.011150	2.228908	-0.001814	-0.000632	0.003135	-1.119873	-0.479004	-0.006348	6.485870	-76.865149	54.694090
38910		9.481460	0.021898	2.236685	-0.004195	0.000925	0.002023	-1.112305	-0.471680	-0.015137	6.488260	-76.864698	54.691353
38911		9.476166	0.040909	2.222971	-0.002688	0.001965	0.004614	-1.115479	-0.472900	-0.006836	6.464536	-76.860348	54.713756
38912		9.493834	0.011232	2.218446	-0.002189	0.001570	0.002891	-1.127197	-0.478516	-0.012939	6.465781	-76.859586	54.713373
38913		9.468250	0.019274	2.196778	-0.004636	-0.002699	0.001956	-1.113525	-0.477539	-0.005127	6.448658	-76.857740	54.727891
38914		9.474209	0.011137	2.269384	-0.002755	0.003758	-0.001355	-1.119385	-0.473389	-0.011230	6.459327	-76.855458	54.717497
38915		9.481352	0.020644	2.237156	-0.002505	-0.000249	0.000856	-1.118408	-0.476563	-0.004639	6.445585	-76.852201	54.729853
38916		9.514144	0.021531	2.226323	-0.004319	-0.000880	0.003991	-1.118652	-0.480225	-0.007568	6.443603	-76.852904	54.731531
38917		9.455782	0.028383	2.215436	-0.002505	-0.000249	0.000856	-1.115723	-0.479980	-0.009521	6.429854	-76.849673	54.743731
38918		9.461023	0.008661	2.229365	-0.002688	0.001965	0.004614	-1.119385	-0.475098	-0.009521	6.426506	-76.848797	54.747771
38919		9.481352	0.019315	2.237165	-0.003820	-0.001276	0.002268	-1.109863	-0.477295	-0.009766	6.408894	-76.846276	54.763035
38920		9.486608	-0.000404	2.251027	-0.002188	0.001570	0.002891	-1.113770	-0.471924	-0.014893	6.410141	-76.845514	54.762651
38921		9.481363	0.018697	2.237127	-0.004636	-0.002698	0.001956	-1.117432	-0.479492	-0.012207	6.393326	-76.843829	54.776697
38922		9.455794	0.026824	2.215405	-0.000499	0.000396	0.001723	-1.118164	-0.474854	-0.007080	6.398706	-76.843662	54.773062
38923		9.501723	0.029203	2.244801	-0.005509	-0.000101	0.003436	-1.121582	-0.480225	-0.015625	6.377031	-76.840611	54.791602
38924		9.481381	0.017873	2.237054	-0.003695	0.000530	0.000301	-1.117920	-0.479004	-0.006348	6.384006	-76.840277	54.784448
38925		9.488575	0.027219	2.204627	-0.003820	-0.001275	0.002268	-1.111816	-0.472900	-0.012939	6.366482	-76.837848	54.799459
38926		9.461069	0.006401	2.229179	-0.002505	-0.000248	0.000856	-1.120361	-0.480469	-0.012207	6.372998	-76.837992	54.793477
38927		9.493858	0.007352	2.218357	-0.001814	-0.000632	0.003135	-1.116211	-0.478271	-0.009766	6.354473	-76.835303	54.810912
38928		9.476905	0.047830	2.281647	-0.002822	-0.002066	-0.001179	-1.119629	-0.481689	-0.010742	6.366254	-76.836354	54.799337
38929		9.473571	-0.003970	2.210369	-0.003004	0.000147	0.002580	-1.114502	-0.477051	-0.006348	6.348214	-76.833213	54.815454
38930		9.496578	0.047162	2.230508	-0.002131	-0.002449	0.001100	-1.123047	-0.477783	-0.017822	6.354944	-76.834626	54.809471
38931		9.461153	0.005346	2.228824	-0.003877	0.002744	0.004060	-1.127197	-0.479980	-0.012207	6.332142	-76.830135	54.830161
38932		9.481461	0.015999	2.236732	-0.003004	0.000147	0.002580	-1.121826	-0.474854	-0.007080	6.334065	-76.830164	54.828602
38933		9.488639	0.025346	2.204374	-0.003695	0.000531	0.000302	-1.111572	-0.476074	-0.011719	6.321077	-76.826715	54.839601
38934		9.476188	0.034904	2.222978	-0.003503	0.000543	0.004304	-1.117188	-0.477295	-0.009766	6.318414	-76.826628	54.842459
38935		9.488645	0.024642	2.204355	-0.002630	-0.002054	0.002824	-1.117676	-0.474365	-0.009766	6.300907	-76.824886	54.858557
38936		9.481465	0.014758	2.236722	-0.002188	0.001570	0.002892	-1.119629	-0.476563	-0.010986	6.302156	-76.824125	54.858170
38937		9.476226	0.033868	2.222833	-0.004636	-0.002697	0.001957	-1.113770	-0.468018	-0.015625	6.285727	-76.822713	54.872205
38938		9.481475	0.014140	2.236683	-0.001372	0.002992	0.003204	-1.117676	-0.479980	-0.010010	6.286304	-76.821161	54.872989
38939		9.483396	0.042890	2.190523	-0.003321	-0.001670	0.000545	-1.122559	-0.475830	-0.009033	6.273902	-76.819118	54.883521
38940		9.473570	-0.007103	2.210366	-0.003695	0.000531	0.000302	-1.116211	-0.479980	-0.009521	6.280865	-76.818786	54.876379
38941		9.496557	0.044036	2.230665	-0.003004	0.000147	0.002581	-1.115723	-0.488525	-0.006592	6.263177	-76.815859	54.892421
38942		9.448697	0.012158	2.247464	-0.001315	-0.001027	0.001412	-1.111816	-0.470459	-0.004395	6.269220	-76.816483	54.887624
38943		9.469056	0.022977	2.255167	-0.005010	-0.000496	0.001714	-1.123047	-0.486816	-0.010498	6.252883	-76.813924	54.901199
38944		9.488686	0.022364	2.204203	0.000192	0.000012	0.004003	-1.122314	-0.475098	-0.011719	6.253213	-76.814119	54.903157
38945		9.481518	0.012360	2.236512	-0.003129	-0.001658	0.004548	-1.120361	-0.478760	-0.007568	6.231190	-76.812392	54.923217
38946		9.463839	0.041497	2.241212	-0.001881	0.001163	-0.002834	-1.124268	-0.479248	-0.006104	6.246643	-76.811505	54.908422
38947		9.476256	0.031514	2.222739	-0.003503	0.000543	0.004305	-1.116455	-0.472168	-0.003662	6.224576	-76.808557	54.928883
38948		9.455901	0.020182	2.215016	-0.003695	0.000532	0.000302	-1.122314	-0.480225	-0.016602	6.231533	-76.808225	54.921746
38949		9.496590	0.042025	2.230562	-0.001814	-0.000632	0.003136	-1.113281	-0.473145	-0.010498	6.213685	-76.805912	54.938763
38950		9.455920	0.019740	2.214940	-0.004511	-0.000890	-0.000010	-1.110107	-0.478516	-0.008545	6.221308	-76.806371	54.930463
38951		9.476268	0.030668	2.222700	-0.003695	0.000532	0.000302	-1.117432	-0.472168	-0.010254	6.209110	-76.803265	54.940530
38952		9.443486	0.029176	2.233495	-0.002313	-0.000236	0.004860	-1.118896	-0.477051	-0.009033	6.205988	-76.803654	54.944559
38953		9.509072	0.031273	2.211819	0.000374	-0.002201	0.000243	-1.115723	-0.467041	-0.010010	6.196940	-76.802115	54.953909
38954		9.484237	0.050918	2.248788	-0.004511	-0.000890	-0.000009	-1.119873	-0.478271	-0.012451	6.204559	-76.802575	54.945613
38955		9.461227	-0.000543	2.228518	-0.001689	0.001175	0.001169	-1.118896	-0.478027	-0.007568	6.191264	-76.799202	54.958121
38956		9.468420	0.008895	2.196110	-0.003321	-0.001669	0.000545	-1.119629	-0.480469	-0.017090	6.198420	-76.800141	54.950999
38957		9.488777	0.019808	2.203834	-0.003695	0.000532	0.000303	-1.118652	-0.480957	-0.004150	6.186241	-76.797104	54.960529
38958		9.481578	0.010120	2.236269	-0.003695	0.000532	0.000303	-1.116943	-0.480225	-0.016113	6.193191	-76.796774	54.953400
38959		9.448773	0.008791	2.247161	0.000317	0.001817	0.002036	-1.110596	-0.474121	-0.008057	6.178865	-76.793152	54.967605
38960		9.488717	0.019333	2.204097	-0.006200	0.000285	0.001160	-1.120117	-0.478760	-0.009766	6.182361	-76.793016	54.962548
38961		9.476278	0.028902	2.222678	-0.003004	0.000148	0.002582	-1.118164	-0.468994	-0.017334	6.165381	-76.790423	54.978116
38962		9.476227	0.028605	2.222902	-0.003751	0.004551	0.002097	-1.118896	-0.477539	-0.016113	6.166888	-76.787915	54.976544
38963		9.476171	0.028409	2.223144	-0.003695	0.000532	0.000303	-1.113770	-0.474609	-0.009521	6.154875	-76.784974	54.986266
38964		9.470911	0.047641	2.209393	-0.004194	0.000927	0.002027	-1.114746	-0.475830	-0.011963	6.157247	-76.784525	54.983545
38965		9.468932	0.018422	2.255732	-0.002879	0.001954	0.000615	-1.117432	-0.475830	-0.013672	6.144800	-76.780848	54.994526
38966		9.476092	0.027803	2.223489	-0.004194	0.000927	0.002027	-1.115967	-0.473389	-0.012207	6.147171	-76.780400	54.991806
38967		9.468899	0.018023	2.255872	-0.004511	-0.000889	-0.000009	-1.123291	-0.480713	-0.010986	6.136014	-76.778319	55.000377
38968		9.463620	0.037164	2.242209	-0.003060	0.004166	0.004376	-1.120850	-0.481201	-0.004150	6.132495	-76.776169	55.004375
38969		9.488455	0.017185	2.205244	-0.004511	-0.000889	-0.000009	-1.125000	-0.473389	-0.007813	6.121281	-76.774093	55.012847
38970		9.476068	0.027009	2.223598	-0.003639	-0.003486	-0.001491	-1.118164	-0.480225	-0.011963	6.133647	-76.775944	55.000186
38971		9.468163	0.006007	2.197229	-0.001371	0.002991	0.003207	-1.121826	-0.467773	-0.007568	6.115507	-76.771892	55.017991
38972		9.476044	0.026636	2.223706	-0.002505	-0.000247	0.000858	-1.120605	-0.470703	-0.006836	6.121984	-76.772041	55.012047
38973		9.488471	0.016583	2.205177	-0.004194	0.000928	0.002028	-1.115967	-0.473145	-0.009521	6.105788	-76.769146	55.027768
38974		9.476001	0.026134	2.223896	-0.003378	0.002349	0.002340	-1.118164	-0.476318	-0.014648	6.107498	-76.767907	55.026208
38975		9.483886	0.046847	2.250357	0.000000	0.000000	-0.000000	-1.114746	-0.477783	-0.009277	6.098939	-76.765444	55.034565
38976		9.483164	0.035525	2.191656	-0.003695	0.000533	0.000303	-1.115479	-0.475098	-0.010254	6.105871	-76.765116	55.027453
38977		9.475982	0.025624	2.223981	-0.003130	-0.001659	0.004548	-1.122803	-0.472900	-0.009766	6.085077	-76.763915	55.046597
38978		9.496335	0.036506	2.231746	-0.001881	0.001165	-0.002833	-1.112793	-0.469482	-0.013428	6.100480	-76.763036	55.031850
38979		9.475942	0.025433	2.224155	-0.001371	0.002991	0.003207	-1.121826	-0.478271	-0.006104	6.082716	-76.759123	55.049635
38980		9.467983	0.004366	2.198007	-0.004885	0.001313	-0.000251	-1.118896	-0.472900	-0.014648	6.090104	-76.758317	55.041355
38981		9.468665	0.015420	2.256872	-0.002188	0.001570	0.002895	-1.123779	-0.475586	-0.015869	6.072954	-76.755209	55.057472
38982		9.488275	0.014964	2.206034	-0.003695	0.000533	0.000304	-1.121582	-0.474365	-0.008057	6.079881	-76.754881	55.050365
38983		9.460729	-0.005809	2.230625	0.000691	-0.000385	0.002279	-1.121826	-0.485596	-0.008545	6.066341	-76.752864	55.064401
38984		9.475837	0.024491	2.224612	-0.003695	0.000533	0.000304	-1.122559	-0.472412	-0.012695	6.073266	-76.752537	55.057296
38985		9.475833	0.024211	2.224634	-0.005509	-0.000099	0.003440	-1.121338	-0.479004	-0.010986	6.053366	-76.750456	55.073683
38986		9.455437	0.012831	2.217054	-0.003751	0.004551	0.002100	-1.120361	-0.475830	-0.009521	6.054881	-76.747947	55.072103
38987		9.475719	0.023662	2.225125	-0.004885	0.001314	-0.000250	-1.115967	-0.481934	-0.009033	6.044048	-76.744879	55.079948
38988		9.482883	0.033165	2.192909	-0.002878	0.001955	0.000617	-1.117432	-0.470215	-0.018066	6.050316	-76.743761	55.073999
38989		9.463199	0.033185	2.244050	-0.003377	0.002350	0.002341	-1.124512	-0.472412	-0.007813	6.033991	-76.740304	55.087964
38990		9.508386	0.024322	2.214854	-0.003695	0.000533	0.000304	-1.128662	-0.474121	-0.008057	6.040909	-76.739978	55.080865
38991		9.440118	-0.018508	2.223943	-0.005384	0.001708	0.001475	-1.115234	-0.464844	-0.010742	6.025516	-76.736832	55.094713
38992		9.468397	0.013218	2.258011	-0.000443	-0.003623	-0.000072	-1.119385	-0.478027	-0.012207	6.036266	-76.738851	55.085592
38993		9.480843	0.003146	2.239404	-0.003876	0.002744	0.004066	-1.112549	-0.472656	-0.020752	6.015549	-76.735336	55.104953
38994		9.480822	0.002860	2.239492	-0.004511	-0.000888	-0.000009	-1.123047	-0.476807	-0.006592	6.023115	-76.735801	55.096708
38995		9.457906	0.051386	2.230522	-0.003377	0.002350	0.002342	-1.121338	-0.481445	-0.019287	6.006902	-76.732415	55.110705
38996		9.475526	0.021897	2.225963	-0.002878	0.001955	0.000617	-1.123779	-0.474365	-0.012207	6.013165	-76.731297	55.104760
38997		9.475503	0.021680	2.226063	-0.003004	0.000148	0.002583	-1.110840	-0.471436	-0.014893	5.997034	-76.729179	55.118408
38998		9.475480	0.021463	2.226163	-0.002878	0.001955	0.000617	-1.114502	-0.477539	-0.008545	6.003296	-76.728062	55.112464
38999		9.462295	0.019762	2.186181	-0.002687	0.001964	0.004621	-1.112305	-0.469971	-0.008301	5.982389	-76.725110	55.132261
39000		9.495737	0.031950	2.234356	-0.003569	0.002341	-0.001661	-1.121338	-0.484375	-0.006104	5.993660	-76.723637	55.120764
39001		9.454994	0.009914	2.218956	-0.002878	0.001956	0.000617	-1.117188	-0.477051	-0.007324	5.982262	-76.720461	55.130947
39002		9.492984	-0.008576	2.222091	-0.003004	0.000148	0.002583	-1.117676	-0.475098	-0.015625	5.984161	-76.720492	55.129412
39003		9.470067	0.039937	2.213160	-0.002878	0.001956	0.000617	-1.116455	-0.471191	-0.017578	5.972728	-76.717333	55.139215
39004		9.457592	0.049544	2.231895	-0.002188	0.001570	0.002896	-1.114746	-0.477295	-0.015381	5.973979	-76.716572	55.138826
39005		9.475217	0.020041	2.227294	-0.002878	0.001956	0.000617	-1.123047	-0.480713	-0.010498	5.962614	-76.713437	55.148189
39006		9.490307	0.050292	2.221439	-0.004194	0.000929	0.002029	-1.121338	-0.478027	-0.012451	5.964969	-76.712990	55.145484
39007		9.495522	0.030729	2.235288	-0.003196	0.000140	-0.001421	-1.115234	-0.482666	-0.002930	5.958742	-76.710776	55.149554
39008		9.462717	0.029423	2.246132	-0.002188	0.001569	0.002896	-1.110596	-0.480225	-0.015137	5.959993	-76.710015	55.149165
39009		9.461989	0.017795	2.187524	-0.001497	0.001183	0.005175	-1.117920	-0.470459	-0.010498	5.938886	-76.707654	55.169340
39010		9.507908	0.020035	2.216948	-0.004511	-0.000887	-0.000009	-1.122803	-0.482910	-0.009277	5.946431	-76.708121	55.161115
39011		9.475106	0.018662	2.227780	-0.003377	0.002350	0.002343	-1.120605	-0.473389	-0.015869	5.930656	-76.704934	55.175578
39012		9.462617	0.028192	2.246572	-0.003377	0.002350	0.002343	-1.116943	-0.473145	-0.004639	5.932366	-76.703696	55.174018
39013		9.490137	0.048509	2.222205	-0.002188	0.001570	0.002897	-1.116699	-0.472900	-0.010742	5.916253	-76.701019	55.189898
39014		9.480201	-0.001605	2.242120	-0.004884	0.001316	-0.000249	-1.118164	-0.479004	-0.006348	5.923608	-76.700217	55.181650
39015		9.482183	0.027370	2.196016	-0.002505	-0.000246	0.000858	-1.122070	-0.475098	-0.007568	5.912780	-76.698482	55.191609
39016		9.482835	0.038252	2.254944	-0.003060	0.004166	0.004382	-1.113770	-0.475342	-0.007813	5.909305	-76.696329	55.195563
39017		9.490016	0.047592	2.222740	-0.004512	-0.000886	-0.000009	-1.125488	-0.472168	-0.010498	5.899637	-76.694932	55.203364
39018		9.474885	0.016826	2.228735	-0.001498	0.001183	0.005176	-1.120605	-0.474121	-0.010742	5.895889	-76.694526	55.208518
39019		9.495229	0.027578	2.236573	-0.002006	-0.000640	-0.000867	-1.122314	-0.482910	-0.015137	5.889549	-76.692940	55.214364
39020		9.469641	0.035911	2.215052	-0.003377	0.002351	0.002344	-1.125977	-0.478271	-0.007568	5.891259	-76.691702	55.212803
39021		9.469614	0.035607	2.215172	-0.003005	0.000148	0.002583	-1.117432	-0.477783	-0.011719	5.875835	-76.689880	55.226083
39022		9.489937	0.046297	2.223105	-0.003377	0.002351	0.002344	-1.121094	-0.473877	-0.011230	5.877545	-76.688642	55.224522
39023		9.431539	0.053284	2.212445	-0.002188	0.001570	0.002897	-1.114014	-0.480957	-0.003662	5.861741	-76.686079	55.239335
39024		9.502282	0.035866	2.204947	-0.004567	0.003132	0.001790	-1.119629	-0.471680	-0.011475	5.863910	-76.684363	55.236602
39025		9.469437	0.034500	2.215944	-0.002878	0.001957	0.000619	-1.118408	-0.473633	-0.012695	5.853310	-76.681489	55.246165
39026		9.494969	0.025707	2.237697	-0.001498	0.001183	0.005176	-1.127441	-0.480469	-0.008057	5.849566	-76.681082	55.251314
39027		9.454270	0.003313	2.222059	-0.003822	-0.001272	0.002270	-1.116943	-0.481445	-0.005127	5.835057	-76.680134	55.263938
39028		9.469419	0.033461	2.216038	-0.003005	0.000149	0.002584	-1.123291	-0.475586	-0.009521	5.836947	-76.680165	55.262411
39029		9.454949	0.013960	2.280851	-0.002878	0.001957	0.000619	-1.123291	-0.478760	-0.009277	5.826356	-76.677321	55.271727
39030		9.481811	0.023206	2.197668	-0.003005	0.000149	0.002584	-1.114502	-0.476807	-0.003906	5.828245	-76.677353	55.270201
39031		9.481780	0.022815	2.197806	-0.003876	0.002745	0.004070	-1.123779	-0.482422	-0.013672	5.808690	-76.674287	55.288353
39032		9.456866	0.042234	2.235117	-0.001189	0.000781	-0.000553	-1.119873	-0.480469	-0.004639	5.819013	-76.673776	55.279229
39033		9.469305	0.032376	2.216541	-0.004512	-0.000885	-0.000009	-1.119873	-0.481934	-0.015869	5.809697	-76.672543	55.285418
39034		9.502103	0.033338	2.205756	-0.003005	0.000149	0.002584	-1.115479	-0.479248	-0.008789	5.811585	-76.672574	55.283893
39035		9.474514	0.012406	2.230341	-0.004194	0.000930	0.002031	-1.118164	-0.478271	-0.011475	5.797260	-76.670461	55.294862
39036		9.469295	0.031662	2.216593	-0.002505	-0.000245	0.000858	-1.117188	-0.469727	-0.011475	5.803682	-76.670617	55.288971
39037		9.481734	0.021619	2.198016	-0.003005	0.000149	0.002584	-1.115723	-0.480713	-0.002686	5.789003	-76.669017	55.302644
39038		9.481736	0.021208	2.198013	-0.002315	-0.000239	0.004863	-1.118896	-0.481445	-0.005615	5.785898	-76.669401	55.306657
39039		9.502075	0.031773	2.205899	-0.002188	0.001570	0.002898	-1.115723	-0.481934	-0.014404	5.770739	-76.667040	55.321217
39040		9.456815	0.040105	2.235372	-0.002188	0.001570	0.002898	-1.112549	-0.473877	-0.016113	5.771993	-76.666279	55.320824
39041		9.494797	0.021411	2.238472	-0.005510	-0.000096	0.003443	-1.108887	-0.477783	-0.010742	5.754003	-76.664909	55.334600
39042		9.454119	-0.000850	2.222705	-0.002133	-0.002448	0.001098	-1.111328	-0.479492	-0.003418	5.760593	-76.666335	55.328755
39043		9.469254	0.029302	2.216803	-0.005065	0.003527	0.003518	-1.119385	-0.480469	-0.014893	5.742117	-76.662959	55.344724
39044		9.479626	-0.010020	2.244531	-0.003005	0.000149	0.002584	-1.123291	-0.484375	-0.009521	5.744003	-76.662991	55.343201
39045		9.469216	0.028700	2.216974	-0.002505	-0.000245	0.000859	-1.121582	-0.479004	-0.011230	5.733813	-76.661563	55.350930
39046		9.507232	0.010257	2.219910	-0.003323	-0.001666	0.000545	-1.114990	-0.475830	-0.007324	5.740859	-76.662512	55.343916
39047		9.474437	0.008853	2.230686	-0.000181	0.002209	0.003766	-1.114746	-0.467773	-0.009521	5.724681	-76.659907	55.360814
39048		9.482346	0.029314	2.257132	-0.003822	-0.001272	0.002270	-1.117188	-0.470947	-0.009277	5.727195	-76.660731	55.358164
39049		9.456783	0.037532	2.235554	-0.005383	0.001713	0.001479	-1.110107	-0.478516	-0.008301	5.713825	-76.658320	55.370623
39050		9.494739	0.018956	2.238742	-0.005383	0.001713	0.001479	-1.119629	-0.483398	-0.011719	5.716628	-76.657397	55.366757
39051		9.486782	-0.002124	2.212494	-0.002188	0.001570	0.002899	-1.117432	-0.480957	-0.008301	5.701717	-76.655144	55.379875
39052		9.456691	0.036663	2.235957	-0.003005	0.000149	0.002585	-1.121338	-0.472412	-0.015869	5.703600	-76.655175	55.378355
39053		9.482271	0.027839	2.257468	-0.002633	-0.002053	0.002823	-1.117432	-0.472168	-0.007813	5.689360	-76.654989	55.391322
39054		9.481599	0.016498	2.198642	-0.003695	0.000537	0.000306	-1.124512	-0.474121	-0.005615	5.696231	-76.654669	55.384269
39055		9.494695	0.017500	2.238939	-0.002687	0.001964	0.004625	-1.114746	-0.474121	-0.013916	5.676794	-76.652330	55.404441
39056		9.456685	0.035691	2.235999	-0.002696	-0.000251	-0.003146	-1.120850	-0.474121	-0.012207	5.692720	-76.652264	55.388670
39057		9.481557	0.015960	2.198827	-0.005510	-0.000095	0.003444	-1.118164	-0.475830	-0.006592	5.675041	-76.651042	55.403492
39058		9.509816	0.047426	2.233158	-0.002877	0.001958	0.000621	-1.125488	-0.489258	-0.005371	5.681282	-76.649932	55.397567
39059		9.482163	0.026690	2.257934	-0.005255	0.003522	-0.000485	-1.114258	-0.480469	-0.007324	5.672346	-76.646437	55.403603
39060		9.444132	0.044820	2.255088	-0.003005	0.000149	0.002585	-1.118896	-0.477295	-0.008301	5.674227	-76.646468	55.402085
39061		9.486633	-0.004403	2.213132	-0.003005	0.000149	0.002585	-1.118652	-0.473633	-0.011963	5.660240	-76.645107	55.414727
39062		9.484150	0.055126	2.212047	-0.003694	0.000538	0.000306	-1.120117	-0.476074	-0.010010	5.667106	-76.644788	55.407680
39063		9.481428	0.014831	2.199395	-0.002006	-0.000638	-0.000867	-1.117920	-0.481689	-0.004150	5.662079	-76.643690	55.412008
39064		9.468983	0.024498	2.218019	-0.002187	0.001570	0.002900	-1.118408	-0.473145	-0.012939	5.663333	-76.642929	55.411615
39065		9.468944	0.024275	2.218187	-0.002877	0.001958	0.000621	-1.118408	-0.477295	-0.006592	5.653748	-76.640463	55.420023
39066		9.499670	-0.003875	2.253661	-0.000499	0.000394	0.001726	-1.124023	-0.472900	-0.014893	5.659067	-76.640307	55.416447
39067		9.451267	0.053288	2.223197	-0.004883	0.001320	-0.000246	-1.112305	-0.478271	-0.010010	5.650471	-76.638160	55.422826
39068		9.481325	0.014010	2.199840	-0.005011	-0.000489	0.001718	-1.115479	-0.480469	-0.016113	5.653433	-76.638506	55.419015
39069		9.456460	0.033331	2.236987	-0.003005	0.000149	0.002585	-1.124756	-0.480225	-0.011475	5.639661	-76.637221	55.429960
39070		9.509586	0.045234	2.234182	-0.002877	0.001959	0.000621	-1.120605	-0.470703	-0.009033	5.645897	-76.636111	55.424040
39071		9.474040	0.003704	2.232386	-0.003694	0.000538	0.000307	-1.114502	-0.474854	-0.006104	5.636918	-76.634474	55.431802
39072		9.468864	0.023091	2.218543	-0.005329	-0.002303	-0.000323	-1.125000	-0.472656	-0.013672	5.645024	-76.635741	55.422516
39073		9.509571	0.044804	2.234254	-0.001370	0.002990	0.003215	-1.110352	-0.477295	-0.007568	5.629990	-76.632905	55.438110
39074		9.476093	0.032252	2.186250	-0.004640	-0.002691	0.001956	-1.114502	-0.475098	-0.000488	5.633113	-76.634521	55.434352
39075		9.474045	0.002956	2.232363	-0.001560	0.002985	-0.000790	-1.122559	-0.473877	-0.012207	5.628024	-76.631524	55.439904
39076		9.483983	0.052845	2.212819	-0.002506	-0.000244	0.000859	-1.126221	-0.474365	-0.002441	5.634421	-76.631683	55.434037
39077		9.489204	0.033125	2.226468	-0.002633	-0.002054	0.002823	-1.112549	-0.482422	-0.012939	5.620759	-76.631726	55.448113
39078		9.481282	0.012137	2.200040	-0.002877	0.001959	0.000622	-1.113525	-0.474854	-0.005127	5.626992	-76.630616	55.442196
39079		9.496388	0.042270	2.194379	-0.001869	0.003384	0.004942	-1.121826	-0.476318	-0.005859	5.607839	-76.627726	55.460118
39080		9.443226	0.029858	2.197332	-0.005329	-0.002302	-0.000323	-1.124268	-0.475830	-0.012207	5.615937	-76.628993	55.450840
39081		9.461539	0.011531	2.251252	-0.002877	0.001959	0.000622	-1.122803	-0.465576	-0.010010	5.606597	-76.626662	55.459341
39082		9.521930	0.033022	2.216030	-0.003133	-0.001660	0.004550	-1.122314	-0.481201	0.001709	5.604113	-76.627836	55.462234
39083		9.473956	0.001187	2.232745	-0.001560	0.002986	-0.000790	-1.124023	-0.479004	-0.008301	5.598857	-76.624879	55.468717
39084		9.481179	0.010748	2.200489	-0.003822	-0.001271	0.002271	-1.122070	-0.474609	-0.012207	5.601352	-76.625703	55.466086
39085		9.461504	0.010632	2.251407	-0.001688	0.001176	0.001174	-1.111572	-0.476807	-0.021240	5.591671	-76.623885	55.474854
39086		9.483896	0.050643	2.213244	-0.003694	0.000539	0.000307	-1.121094	-0.476318	-0.015381	5.598522	-76.623568	55.467821
39087		9.465979	-0.020096	2.206536	-0.001189	0.000783	-0.000552	-1.112061	-0.480225	-0.010742	5.593517	-76.621897	55.470352
39088		9.476609	0.040827	2.245767	0.000318	0.001814	0.002042	-1.116455	-0.480469	-0.008545	5.598208	-76.620949	55.467902
39089		9.471377	0.060166	2.232195	-0.002877	0.001959	0.000622	-1.109863	-0.476318	-0.009277	5.589360	-76.618712	55.474673
39090		9.488990	0.030761	2.227414	-0.004512	-0.000881	-0.000008	-1.115967	-0.477295	-0.005371	5.596829	-76.619187	55.466523
39091		9.473817	0.000188	2.233333	-0.001688	0.001176	0.001175	-1.115234	-0.470947	-0.020020	5.587629	-76.617454	55.475356
39092		9.483750	0.049921	2.213885	-0.004565	0.003135	0.001797	-1.119141	-0.478516	-0.006104	5.589799	-76.615739	55.472622
39093		9.468537	0.019162	2.219974	-0.000999	0.000787	0.003453	-1.127930	-0.478271	-0.005615	5.575464	-76.614349	55.486696
39094		9.481615	0.020092	2.260305	-0.003376	0.002353	0.002349	-1.121094	-0.475342	-0.007813	5.577175	-76.613112	55.485133
39095		9.501233	0.019621	2.209666	-0.005064	0.003529	0.003524	-1.122559	-0.475342	-0.015137	5.559666	-76.610170	55.501163
39096		9.463228	0.037592	2.206762	-0.003823	-0.001270	0.002271	-1.118652	-0.474365	-0.012695	5.562154	-76.610994	55.498538
39097		9.468406	0.017883	2.220543	-0.002877	0.001959	0.000623	-1.119385	-0.479248	-0.011475	5.553285	-76.608803	55.505781
39098		9.496041	0.038303	2.195953	-0.002263	-0.004257	0.003060	-1.111816	-0.479248	-0.010986	5.555472	-76.611374	55.504384
39099		9.488814	0.028280	2.228196	-0.003376	0.002353	0.002350	-1.120361	-0.478516	-0.009033	5.542310	-76.609085	55.515319
39100		9.488782	0.028076	2.228334	-0.003694	0.000539	0.000308	-1.103516	-0.470215	-0.002686	5.549153	-76.608769	55.508294
39101		9.455984	0.026799	2.239084	-0.002506	-0.000244	0.000860	-1.117676	-0.479248	-0.009277	5.540881	-76.607921	55.516269
39102		9.488773	0.027895	2.228375	-0.001189	0.000783	-0.000552	-1.113281	-0.478271	-0.003906	5.551160	-76.607418	55.507186
39103		9.481499	0.017971	2.260807	-0.004693	0.001326	0.003762	-1.119629	-0.476563	-0.007813	5.534238	-76.605831	55.522058
39104		9.483536	0.046787	2.214871	-0.002187	0.001570	0.002902	-1.121094	-0.479248	-0.005371	5.535491	-76.605071	55.521667
39105		9.468345	0.016265	2.220817	0.000499	-0.000393	-0.001727	-1.109619	-0.479980	-0.005859	5.535006	-76.604164	55.523088
39106		9.455945	0.026002	2.239259	-0.004640	-0.002690	0.001956	-1.115967	-0.474609	-0.009277	5.538107	-76.605782	55.519351
39107		9.483537	0.046370	2.214873	-0.003747	0.004556	0.002114	-1.119141	-0.479736	-0.010742	5.525073	-76.602294	55.530634
39108		9.488659	0.026581	2.228876	-0.004194	0.000933	0.002035	-1.121094	-0.481689	-0.010010	5.527399	-76.601850	55.527957
39109		9.468270	0.015333	2.221140	-0.002187	0.001570	0.002902	-1.124023	-0.475830	-0.008545	5.513873	-76.600096	55.540043
39110		9.450625	0.044394	2.226119	-0.001688	0.001177	0.001175	-1.112305	-0.481445	-0.005859	5.519637	-76.599465	55.535308
39111		9.516204	0.046463	2.204718	-0.003005	0.000150	0.002587	-1.125488	-0.475098	-0.014160	5.506889	-76.598535	55.546985
39112		9.485821	-0.014748	2.216565	-0.002187	0.001570	0.002902	-1.118896	-0.479248	-0.009277	5.508141	-76.597775	55.546594
39113		9.483403	0.044690	2.215481	-0.004641	-0.002690	0.001956	-1.114014	-0.470459	-0.007568	5.496480	-76.598428	55.555813
39114		9.476146	0.034663	2.247824	-0.001369	0.002990	0.003218	-1.118652	-0.475342	-0.005859	5.497119	-76.596876	55.556535
39115		9.468215	0.013776	2.221384	-0.001636	-0.002840	-0.000631	-1.117676	-0.475586	-0.006104	5.493723	-76.597521	55.560430
39116		9.488592	0.024753	2.229182	-0.002377	0.001567	-0.001103	-1.122070	-0.468262	-0.010742	5.504455	-76.596543	55.550182
39117		9.468206	0.013784	2.221424	-0.003694	0.000540	0.000308	-1.120117	-0.474854	-0.017578	5.496753	-76.595314	55.557257
39118		9.488554	0.024680	2.229346	-0.001189	0.000783	-0.000552	-1.119141	-0.476807	-0.011963	5.507024	-76.594813	55.548182
39119		9.478203	0.063559	2.201853	-0.003823	-0.001270	0.002271	-1.123779	-0.474365	-0.009521	5.494912	-76.594716	55.557546
39120		9.476134	0.034125	2.247881	-0.003694	0.000540	0.000308	-1.122070	-0.482666	-0.001221	5.501745	-76.594401	55.550531
39121		9.488618	0.024285	2.229077	-0.001265	-0.005043	-0.000395	-1.122559	-0.477783	-0.006592	5.498487	-76.596340	55.554201
39122		9.471041	0.053525	2.233790	-0.002876	0.001960	0.000624	-1.111572	-0.473877	-0.015137	5.504706	-76.595232	55.548298
39123		9.483467	0.043526	2.215232	-0.003823	-0.001270	0.002272	-1.121094	-0.477539	-0.002686	5.492868	-76.595182	55.558064
39124		9.476214	0.033578	2.247554	-0.001688	0.001177	0.001176	-1.114258	-0.477539	-0.007080	5.498628	-76.594552	55.553332
39125		9.476204	0.033434	2.247599	-0.002506	-0.000243	0.000860	-1.119141	-0.487793	-0.008057	5.490835	-76.593866	55.560861
39126		9.483480	0.043027	2.215185	-0.003324	-0.001663	0.000544	-1.117920	-0.473877	-0.006348	5.497822	-76.594821	55.553905
39127		9.473507	-0.007025	2.234637	-0.006518	-0.001515	-0.000874	-1.117188	-0.469727	-0.005859	5.492149	-76.594764	55.555722
39128		9.503873	0.053813	2.222923	0.002824	0.002056	0.001183	-1.120117	-0.477051	-0.006592	5.500274	-76.593633	55.551216
39129		9.468270	0.012170	2.221159	-0.003875	0.002746	0.004079	-1.117432	-0.477783	-0.007324	5.483325	-76.591445	55.567952
39130		9.483446	0.042506	2.215343	-0.003513	-0.001665	-0.003462	-1.125244	-0.470215	-0.004150	5.499787	-76.592181	55.551144
39131		9.476182	0.032753	2.247701	-0.003376	0.002353	0.002352	-1.124023	-0.479736	-0.017334	5.487308	-76.590131	55.563701
39132		9.488603	0.022669	2.229159	-0.003823	-0.001270	0.002272	-1.111816	-0.477783	-0.007813	5.489783	-76.590956	55.561089
39133		9.475508	0.021162	2.188921	-0.003005	0.000150	0.002588	-1.117676	-0.474854	-0.010010	5.477507	-76.590166	55.570595
39134		9.455817	0.020902	2.239853	-0.003005	0.000150	0.002588	-1.121582	-0.479492	-0.011230	5.479369	-76.590198	55.569095
39135		9.476154	0.031528	2.247836	-0.003376	0.002354	0.002352	-1.114014	-0.477539	-0.012451	5.466959	-76.588158	55.579604
39136		9.476169	0.031377	2.247777	-0.000447	-0.003623	-0.000080	-1.114990	-0.480469	-0.006104	5.477533	-76.590197	55.570654
39137		9.488622	0.021463	2.229091	-0.005382	0.001718	0.001485	-1.112061	-0.484863	-0.009033	5.466457	-76.588498	55.578169
39138		9.463059	0.029832	2.207602	-0.000499	0.000393	0.001728	-1.119873	-0.478760	-0.009521	5.471756	-76.588346	55.574611
39139		9.476191	0.030863	2.247691	-0.002135	-0.002446	0.001096	-1.116699	-0.480957	-0.009033	5.464416	-76.589005	55.579760
39140		9.468273	0.009934	2.221159	-0.004193	0.000934	0.002037	-1.124268	-0.468262	-0.009521	5.466735	-76.588561	55.577090
39141		9.503808	0.051090	2.223267	-0.001688	0.001177	0.001176	-1.124268	-0.478760	-0.004883	5.458482	-76.587171	55.585563
39142		9.468244	0.009473	2.221285	-0.001817	-0.000634	0.003139	-1.118652	-0.476318	-0.008301	5.459884	-76.587681	55.585236
39143		9.470322	0.038519	2.175276	-0.004883	0.001325	-0.000242	-1.116211	-0.481201	-0.007813	5.453243	-76.586144	55.590252
39144		9.501681	0.021101	2.269497	-0.004693	0.001327	0.003765	-1.122803	-0.477539	-0.010254	5.451053	-76.585570	55.591923
39145		9.470284	0.038106	2.175448	0.000499	-0.000393	-0.001728	-1.115967	-0.478027	-0.000488	5.451516	-76.584938	55.591506
39146		9.483384	0.039116	2.215672	-0.001498	0.001178	0.005183	-1.115723	-0.475586	-0.010986	5.447799	-76.584526	55.596629
39147		9.488552	0.019283	2.229408	-0.004512	-0.000878	-0.000007	-1.119629	-0.471436	-0.001953	5.441643	-76.584310	55.601281
39148		9.483358	0.038587	2.215789	-0.001369	0.002989	0.003220	-1.123535	-0.474854	-0.005371	5.442281	-76.582758	55.602003
39149		9.470874	0.048136	2.234622	-0.002876	0.001961	0.000626	-1.114990	-0.478027	-0.009766	5.434752	-76.580968	55.611051
39150		9.468075	0.007708	2.222012	-0.004193	0.000935	0.002037	-1.117432	-0.480225	-0.009766	5.437068	-76.580524	55.608384
39151		9.483237	0.037861	2.216320	-0.003375	0.002354	0.002353	-1.111084	-0.482422	-0.009033	5.425178	-76.578593	55.617726
39152		9.462830	0.026560	2.208625	-0.004693	0.001327	0.003765	-1.118164	-0.484619	-0.007568	5.422988	-76.578019	55.619397
39153		9.483185	0.037026	2.216557	-0.005511	-0.000092	0.003449	-1.118652	-0.478760	-0.009521	5.407980	-76.577558	55.629964
39154		9.501435	0.018386	2.270551	-0.002876	0.001961	0.000626	-1.114502	-0.482666	-0.015625	5.414192	-76.576452	55.624068
39155		9.462771	0.025516	2.208894	-0.003504	0.000543	0.004316	-1.126709	-0.476318	-0.013916	5.397950	-76.575667	55.636728
39156		9.503487	0.046878	2.224731	-0.004693	0.001328	0.003766	-1.113525	-0.473389	-0.008789	5.395762	-76.575092	55.638399
39157		9.455478	0.014893	2.241331	-0.001817	-0.000634	0.003140	-1.120850	-0.477051	-0.009033	5.383470	-76.574936	55.650441
39158		9.483070	0.035250	2.217078	-0.003745	0.004558	0.002120	-1.121338	-0.472900	-0.005615	5.385031	-76.572429	55.648815
39159		9.490962	0.055542	2.243760	-0.002316	-0.000241	0.004868	-1.124268	-0.484619	-0.017334	5.368352	-76.572168	55.666395
39160		9.475062	0.013944	2.190908	-0.003564	0.002354	-0.001653	-1.114014	-0.476318	-0.010254	5.379525	-76.570717	55.654993
39161		9.500536	0.005132	2.212740	-0.003874	0.002747	0.004082	-1.116943	-0.472900	0.000000	5.363158	-76.568685	55.667460
39162		9.462593	0.023117	2.209680	-0.002266	-0.004257	0.003058	-1.125488	-0.481934	-0.008057	5.365305	-76.571257	55.666102
39163		9.488142	0.014249	2.231190	-0.000869	0.002597	0.001494	-1.118652	-0.471924	-0.013184	5.357078	-76.569234	55.676330
39164		9.474988	0.012864	2.191236	-0.003375	0.002355	0.002355	-1.121582	-0.477783	-0.003906	5.358786	-76.567997	55.674770
39165		9.470470	0.043018	2.236436	-0.003005	0.000151	0.002589	-1.112549	-0.478760	-0.010010	5.347210	-76.567428	55.686213
39166		9.462516	0.022103	2.210019	-0.001687	0.001177	0.001177	-1.114746	-0.478027	-0.007813	5.352960	-76.566800	55.681491
39167		9.495317	0.023204	2.199293	-0.004013	-0.001269	-0.001735	-1.117432	-0.471436	-0.007568	5.351799	-76.566830	55.679711
39168		9.462563	0.021929	2.209822	-0.001447	-0.002838	0.003374	-1.124268	-0.475098	-0.010498	5.353339	-76.568610	55.679459
39169		9.470506	0.042199	2.236300	-0.003874	0.002747	0.004083	-1.119141	-0.475098	-0.010254	5.337131	-76.566662	55.695546
39170		9.475611	0.022367	2.250232	-0.002876	0.001962	0.000627	-1.114014	-0.484619	-0.005371	5.343340	-76.565557	55.689653
39171		9.482836	0.031917	2.218128	-0.003375	0.002355	0.002355	-1.116455	-0.475586	-0.008057	5.331962	-76.563754	55.699047
39172		9.457946	0.051068	2.255472	-0.003505	0.000544	0.004318	-1.125732	-0.475098	-0.016113	5.329313	-76.563655	55.701890
39173		9.482803	0.031212	2.218282	-0.002506	-0.000242	0.000861	-1.117432	-0.468750	-0.008545	5.322269	-76.563237	55.707735
39174		9.477634	0.050517	2.204640	-0.002187	0.001570	0.002906	-1.122070	-0.478760	-0.012451	5.323517	-76.562478	55.707347
39175		9.482766	0.030576	2.218447	-0.003505	0.000544	0.004318	-1.120361	-0.479980	-0.017090	5.307624	-76.561824	55.722561
39176		9.472716	-0.019551	2.237913	-0.000319	-0.001812	-0.002045	-1.121338	-0.478027	-0.010986	5.322516	-76.562731	55.709246
39177		9.482802	0.030295	2.218298	-0.005511	-0.000090	0.003451	-1.114990	-0.476318	-0.009033	5.307618	-76.562370	55.719601
39178		9.490757	0.050693	2.244742	-0.004512	-0.000875	-0.000006	-1.116699	-0.471191	-0.011963	5.315031	-76.562852	55.711505
39179		9.482790	0.029802	2.218355	-0.001368	0.002989	0.003223	-1.120361	-0.476074	-0.015381	5.302704	-76.560780	55.723943
39180		9.487895	0.010053	2.232262	-0.004882	0.001329	-0.000240	-1.115723	-0.471924	-0.003906	5.309973	-76.559992	55.715778
39181		9.482711	0.029387	2.218699	-0.002187	0.001570	0.002906	-1.116211	-0.475342	-0.010254	5.298210	-76.558720	55.727668
39182		9.449891	0.027937	2.229500	-0.003005	0.000151	0.002590	-1.119141	-0.480713	-0.005371	5.300059	-76.558754	55.726180
39183		9.487877	0.009315	2.232343	-0.004143	-0.003079	0.000227	-1.119873	-0.482422	-0.007813	5.294752	-76.560004	55.729661
39184		9.495188	0.018843	2.199892	0.000189	-0.000000	0.004008	-1.123291	-0.473145	-0.008545	5.295079	-76.560199	55.731620
