// General information: 
//  MT Manager version: 2022.2.0 
//  XDA version: 2022.2.0 build 7381 rev 124627 built on 2023-07-19
// Device information: 
//  DeviceId: 00B4BCF6
//  ProductCode: MTW2-3A7G6
//  Firmware Version: 4.6.0
//  Hardware Version: 2.0.0
// Device settings: 
//  Filter Profile: human(46.1)
//  Option Flags: Orientation Smoother Disabled, Position/Velocity Smoother Disabled, Continuous Zero Rotation Update Disabled, AHS Disabled, ICC Disabled
// Coordinate system: ENU
PacketCounter	SampleTimeFine	Acc_X	Acc_Y	Acc_Z	Gyr_X	Gyr_Y	Gyr_Z	Mag_X	Mag_Y	Mag_Z	Roll	Pitch	Yaw
04041		-4.063907	1.083895	8.934674	-0.006309	0.004238	-0.007408	-0.652832	-0.413574	-0.410156	7.357299	24.321085	127.356025
04042		-4.064481	1.118790	8.911435	-0.000931	0.007201	-0.004233	-0.657227	-0.408936	-0.416992	7.358700	24.321968	127.356962
04043		-4.065192	1.118366	8.911164	-0.004104	0.007523	-0.005568	-0.656250	-0.410889	-0.413818	7.357036	24.323336	127.356566
04044		-4.099395	1.122058	8.917637	-0.004105	0.004356	-0.007945	-0.653320	-0.411865	-0.418701	7.355570	24.322875	127.354960
04045		-4.076268	1.135051	8.938534	-0.003603	0.005932	-0.009380	-0.655029	-0.408936	-0.418457	7.353166	24.323629	127.352092
04046		-4.052442	1.120693	8.891474	-0.004841	0.005372	-0.006975	-0.654785	-0.412598	-0.422607	7.351561	24.323674	127.351172
04047		-4.048438	1.106829	8.922933	-0.005809	0.005812	-0.008846	-0.653809	-0.415039	-0.415527	7.348028	24.324333	127.348693
04048		-4.087444	1.087924	8.920735	-0.005309	0.010555	-0.007906	-0.652832	-0.411865	-0.416504	7.346088	24.327391	127.347610
04049		-4.088107	1.087119	8.920529	-0.004841	0.002204	-0.009354	-0.652344	-0.418701	-0.416016	7.342876	24.326029	127.344402
04050		-4.093118	1.064051	8.911821	-0.002637	0.005490	-0.007513	-0.652588	-0.411377	-0.412842	7.342400	24.326180	127.343157
04051		-4.065395	1.135221	8.918268	-0.000701	0.004609	-0.003771	-0.654297	-0.412354	-0.423828	7.343082	24.325775	127.343565
04052		-4.070403	1.076759	8.932579	-0.006545	0.003660	-0.010256	-0.658447	-0.413086	-0.413086	7.339601	24.325088	127.340461
04053		-4.042648	1.147535	8.939105	-0.003875	0.004930	-0.005108	-0.648926	-0.410889	-0.412109	7.338111	24.324949	127.340180
04054		-4.076057	1.088416	8.900639	-0.004342	0.006946	-0.008415	-0.654785	-0.413574	-0.406494	7.336474	24.325993	127.338489
04055		-4.057642	1.079078	8.912894	-0.003374	0.006506	-0.006544	-0.651611	-0.409180	-0.422119	7.334961	24.326851	127.337371
04056		-4.091862	1.082804	8.919332	-0.004612	0.005945	-0.004139	-0.659180	-0.410400	-0.410645	7.334235	24.327014	127.338266
04057		-4.096996	1.095472	8.887505	-0.001438	0.005624	-0.002802	-0.655273	-0.413818	-0.405762	7.334741	24.327099	127.339578
04058		-4.054679	1.100113	8.920930	-0.002404	0.002898	-0.007051	-0.658203	-0.416504	-0.413330	7.334431	24.325743	127.338413
04059		-4.074227	1.108279	8.908297	-0.002639	0.005490	-0.007516	-0.650391	-0.408447	-0.406738	7.333066	24.326054	127.336477
04060		-4.089276	1.103337	8.927254	-0.003877	0.004929	-0.005110	-0.656494	-0.411377	-0.411377	7.332478	24.325710	127.336684
04061		-4.079718	1.120280	8.876392	-0.003642	0.002337	-0.004646	-0.656494	-0.408203	-0.419189	7.331144	24.324052	127.336521
04062		-4.022975	1.128977	8.890702	-0.007287	0.007840	-0.006914	-0.660400	-0.408936	-0.414307	7.328235	24.325495	127.335837
04063		-4.071996	1.127914	8.916183	-0.007524	0.010432	-0.007381	-0.653564	-0.419922	-0.409180	7.324230	24.328628	127.334751
04064		-4.043905	1.064642	8.923642	-0.009963	0.009736	-0.009691	-0.648193	-0.405273	-0.416504	7.319137	24.331351	127.332487
04065		-4.059363	1.094595	8.919478	-0.008026	0.008855	-0.005947	-0.658203	-0.407715	-0.410889	7.315209	24.333529	127.331980
04066		-4.075058	1.124830	8.915174	-0.004824	0.015294	-0.006975	-0.656982	-0.411865	-0.409180	7.313941	24.339212	127.331854
04067		-4.061936	1.128520	8.895503	-0.006062	0.014732	-0.004571	-0.657471	-0.411377	-0.420898	7.311650	24.344554	127.332727
04068		-4.077768	1.123240	8.914135	-0.007764	0.013021	-0.007852	-0.645020	-0.411621	-0.421143	7.308397	24.349009	127.331871
04069		-4.069054	1.104175	8.885952	-0.008734	0.013461	-0.009727	-0.651123	-0.408447	-0.411133	7.303246	24.354113	127.329541
04070		-4.099365	1.129659	8.900767	-0.009236	0.011884	-0.008293	-0.653809	-0.412598	-0.412598	7.298998	24.357955	127.328319
04071		-4.037954	1.097492	8.878493	-0.010443	0.014916	-0.010634	-0.652100	-0.416748	-0.415771	7.292672	24.363892	127.325436
04072		-4.078359	1.105264	8.944012	-0.010207	0.012324	-0.010170	-0.655029	-0.402100	-0.412842	7.287398	24.368120	127.323078
04073		-4.069698	1.085791	8.915844	-0.013622	0.015233	-0.011981	-0.659180	-0.415283	-0.416016	7.278907	24.374333	127.319455
04074		-4.033119	1.102526	8.917342	-0.009487	0.017638	-0.006389	-0.655762	-0.409180	-0.412598	7.275194	24.381306	127.319878
04075		-4.049427	1.132330	8.912833	-0.010188	0.019081	-0.012546	-0.650391	-0.406982	-0.420654	7.268662	24.389705	127.316061
04076		-4.079264	1.059241	8.905401	-0.012897	0.017381	-0.010582	-0.657715	-0.411865	-0.414795	7.261905	24.396835	127.313845
04077		-4.091233	1.111151	8.909480	-0.011170	0.022685	-0.012049	-0.650635	-0.405273	-0.413086	7.255048	24.407292	127.310813
04078		-4.059638	1.105455	8.902159	-0.010933	0.020093	-0.011586	-0.660400	-0.409668	-0.415283	7.249244	24.416036	127.308184
04079		-4.090618	1.059680	8.962604	-0.009967	0.019651	-0.009714	-0.654785	-0.402832	-0.415527	7.243563	24.424565	127.306383
04080		-4.120536	1.093267	8.886182	-0.009459	0.018064	-0.013531	-0.652100	-0.413086	-0.414551	7.238034	24.432296	127.302376
04081		-4.098783	1.105720	8.906685	-0.007764	0.019773	-0.010249	-0.657227	-0.407715	-0.419189	7.233490	24.440956	127.300238
04082		-4.119535	1.077624	8.916476	-0.011201	0.015921	-0.009694	-0.656494	-0.407715	-0.402588	7.227882	24.447191	127.298455
04083		-4.091860	1.049976	8.900718	-0.004850	0.015287	-0.007001	-0.657227	-0.417480	-0.411377	7.225691	24.453014	127.297912
04084		-4.084297	1.093708	8.917526	-0.009724	0.013894	-0.011636	-0.646973	-0.410156	-0.424561	7.220360	24.458236	127.294755
04085		-4.070990	1.097012	8.898018	-0.007048	0.011999	-0.008853	-0.651123	-0.407715	-0.419189	7.216385	24.462401	127.292640
04086		-4.105824	1.064670	8.927058	-0.007968	0.013093	-0.008231	-0.654785	-0.414551	-0.419678	7.212914	24.466922	127.291545
04087		-4.107011	1.098975	8.903729	-0.011149	0.010930	-0.009589	-0.650879	-0.417969	-0.417725	7.206340	24.470527	127.289038
04088		-4.078946	1.035768	8.911083	-0.004964	0.012177	-0.009619	-0.658447	-0.410156	-0.420166	7.204200	24.474628	127.287003
04089		-4.137178	1.061036	8.873057	-0.005521	0.009498	-0.003487	-0.658936	-0.413574	-0.412842	7.202397	24.476957	127.288040
04090		-4.086430	1.110100	8.923912	-0.006172	0.006637	-0.007154	-0.658447	-0.411865	-0.414063	7.200022	24.477731	127.287107
04091		-4.081826	1.068834	8.887132	-0.007958	0.014888	-0.010611	-0.648682	-0.410645	-0.411377	7.195134	24.483574	127.284091
04092		-4.121183	1.085292	8.861572	-0.004780	0.010963	-0.004452	-0.648682	-0.410400	-0.420166	7.194397	24.486613	127.285186
04093		-4.056191	1.138687	8.893277	-0.009438	0.011951	-0.008673	-0.651367	-0.411621	-0.420166	7.189078	24.490758	127.283349
04094		-4.076591	1.110484	8.903193	-0.011691	0.016129	-0.010633	-0.661133	-0.405762	-0.417969	7.182949	24.497177	127.280989
04095		-4.082622	1.086551	8.893972	-0.012658	0.016567	-0.012507	-0.649170	-0.412109	-0.427002	7.174918	24.504157	127.277215
04096		-4.107793	1.071341	8.872137	-0.010995	0.018288	-0.009277	-0.645752	-0.410156	-0.424805	7.169609	24.511707	127.275870
04097		-4.071369	1.052739	8.896628	-0.010027	0.017847	-0.007398	-0.649902	-0.408447	-0.420654	7.164497	24.519159	127.275405
04098		-4.102308	1.042544	8.934054	-0.009286	0.019312	-0.008362	-0.653320	-0.418701	-0.412598	7.160437	24.527225	127.274711
04099		-4.089478	1.010587	8.937202	-0.007445	0.019823	0.000027	-0.650879	-0.413818	-0.410400	7.158793	24.535173	127.278746
04100		-4.110101	1.018863	8.923958	-0.000669	0.015174	-0.001268	-0.648926	-0.402344	-0.412842	7.161375	24.540379	127.282160
04101		-4.121795	1.072188	8.928112	-0.000988	0.018471	0.000527	-0.645752	-0.406738	-0.424805	7.163472	24.547513	127.286594
04102		-4.165905	1.067238	8.893511	0.000945	0.017591	0.004281	-0.651123	-0.405273	-0.416992	7.168500	24.553697	127.293667
04103		-4.148281	1.058908	8.905384	0.002972	0.015320	0.003399	-0.645996	-0.414795	-0.413574	7.173507	24.558890	127.299873
04104		-4.096906	1.117634	8.865041	0.002925	0.016014	0.005719	-0.651123	-0.406006	-0.418701	7.179994	24.564073	127.307722
04105		-4.089267	1.126825	8.904800	-0.004822	0.011648	-0.002121	-0.647217	-0.406982	-0.420166	7.179014	24.567543	127.309897
04106		-4.128628	1.143549	8.879114	-0.005318	0.016155	-0.005484	-0.646729	-0.415771	-0.415771	7.177872	24.573608	127.310756
04107		-4.105163	1.093922	8.854727	-0.006801	0.013221	-0.003554	-0.647217	-0.405762	-0.418457	7.175457	24.578089	127.312158
04108		-4.087660	1.084220	8.866735	-0.010240	0.019739	-0.010226	-0.654541	-0.407959	-0.419434	7.170379	24.586532	127.310334
04109		-4.065938	1.061151	8.910296	-0.009002	0.016697	-0.007825	-0.645752	-0.410889	-0.416260	7.165671	24.593265	127.309527
04110		-4.078124	1.113341	8.914379	-0.009026	0.025269	-0.012668	-0.647705	-0.409424	-0.415039	7.160833	24.605025	127.306608
04111		-4.070389	1.094274	8.885660	-0.008381	0.028122	-0.008991	-0.649902	-0.412598	-0.419434	7.156583	24.618345	127.305781
04112		-4.149337	1.021070	8.902752	-0.009665	0.031852	-0.009065	-0.640381	-0.408203	-0.415771	7.152531	24.633590	127.305631
04113		-4.128652	1.033996	8.922904	-0.000217	0.027797	-0.007568	-0.651855	-0.398926	-0.414307	7.153322	24.646638	127.305689
04114		-4.145920	1.100233	8.894942	-0.002294	0.030755	-0.004361	-0.655273	-0.404785	-0.414307	7.154684	24.660923	127.308394
04115		-4.114976	1.059966	8.910267	-0.005705	0.028696	-0.006185	-0.653320	-0.412842	-0.419922	7.152649	24.674303	127.309667
04116		-4.127872	1.112833	8.913944	-0.001278	0.029615	-0.004794	-0.651611	-0.410889	-0.420654	7.154444	24.687972	127.312012
04117		-4.158146	1.076269	8.882744	-0.004417	0.024958	-0.006101	-0.649902	-0.401855	-0.420898	7.153121	24.699248	127.312687
04118		-4.160310	1.075645	8.881806	-0.004145	0.022358	-0.005579	-0.646729	-0.411377	-0.415771	7.152830	24.708846	127.313971
04119		-4.162207	1.110684	8.858084	-0.002116	0.020091	-0.006461	-0.642334	-0.406250	-0.416992	7.152550	24.717411	127.314254
04120		-4.163877	1.074706	8.880248	-0.001574	0.014893	-0.005424	-0.652832	-0.405518	-0.423584	7.153528	24.722755	127.315050
04121		-4.179751	1.105037	8.875846	-0.006637	0.011116	-0.010488	-0.649414	-0.411377	-0.424072	7.149311	24.726520	127.312163
04122		-4.185099	1.081658	8.866766	-0.008176	0.008878	-0.006250	-0.645264	-0.407715	-0.420898	7.146093	24.728504	127.311969
04123		-4.147843	1.063565	8.891804	-0.003427	0.006509	-0.006661	-0.657227	-0.406250	-0.421631	7.144597	24.729389	127.310977
04124		-4.120755	1.098766	8.921753	-0.008813	0.006023	-0.009925	-0.651123	-0.409180	-0.412354	7.139957	24.730011	127.308259
04125		-4.168169	1.034821	8.901639	-0.003374	0.005814	-0.008977	-0.647217	-0.405762	-0.423096	7.137834	24.730583	127.305736
04126		-4.173068	1.047302	8.869838	-0.005132	0.005480	-0.007575	-0.658936	-0.406006	-0.416016	7.135902	24.730728	127.304446
04127		-4.131250	1.051858	8.903695	-0.001504	0.005632	-0.002908	-0.651123	-0.406494	-0.412842	7.136424	24.730793	127.305835
04128		-4.150675	1.060147	8.890891	-0.003952	0.003139	-0.002865	-0.652100	-0.401367	-0.415527	7.136324	24.729273	127.307310
04129		-4.150942	1.095257	8.867944	-0.002141	0.002778	-0.006584	-0.642822	-0.413818	-0.420410	7.135416	24.727968	127.306179
04130		-4.151183	1.094911	8.867874	-0.000165	0.001209	-0.005152	-0.649414	-0.412354	-0.417236	7.136824	24.725513	127.306071
04131		-4.146992	1.081378	8.899467	-0.003681	0.000541	-0.002348	-0.646973	-0.412598	-0.422119	7.136156	24.722704	127.307064
04132		-4.136587	1.063118	8.871841	-0.003356	-0.002750	-0.004150	-0.648193	-0.409668	-0.410645	7.135868	24.717926	127.307273
04133		-4.146888	1.080532	8.899619	-0.001923	0.000875	-0.003750	-0.644287	-0.404785	-0.416504	7.135833	24.715383	127.307481
04134		-4.151268	1.057775	8.890896	-0.002612	-0.001285	-0.005108	-0.651123	-0.406738	-0.422119	7.135768	24.711507	127.307204
04135		-4.117520	1.053422	8.884646	0.000054	-0.000694	-0.002318	-0.647705	-0.412109	-0.428223	7.137152	24.707988	127.308518
04136		-4.132029	1.084242	8.880843	-0.002394	-0.003188	-0.002275	-0.652588	-0.411865	-0.422119	7.137891	24.702828	127.309865
04137		-4.146497	1.043791	8.922808	-0.002394	-0.003188	-0.002275	-0.650879	-0.412109	-0.407227	7.137846	24.697888	127.310771
04138		-4.165133	1.087828	8.887489	-0.000418	-0.004757	-0.000843	-0.655518	-0.406006	-0.419678	7.140040	24.691734	127.312892
04139		-4.130932	1.083615	8.881430	-0.001107	-0.006917	-0.002201	-0.652344	-0.413330	-0.419434	7.140594	24.684586	127.313492
04140		-4.153631	1.069688	8.860359	-0.001850	-0.008383	-0.001242	-0.656250	-0.411133	-0.416748	7.141743	24.676399	127.315078
04141		-4.153039	1.033998	8.883511	0.000597	-0.005889	-0.001285	-0.648193	-0.403076	-0.420166	7.143573	24.669788	127.316249
04142		-4.124787	1.070176	8.913908	0.001559	-0.006327	0.000590	-0.642578	-0.408691	-0.416748	7.147221	24.662640	127.319141
04143		-4.090609	1.066316	8.907785	0.002249	-0.004166	0.001948	-0.645020	-0.408691	-0.418213	7.150872	24.656876	127.322882
04144		-4.113734	1.088267	8.863625	0.000053	-0.000694	-0.002317	-0.644531	-0.408447	-0.410645	7.153082	24.653136	127.324397
04145		-4.185259	1.074283	8.867587	0.004968	-0.004270	0.002421	-0.645996	-0.409424	-0.425049	7.158435	24.647259	127.328198
04146		-4.146810	1.057489	8.893010	0.005021	-0.004964	0.000103	-0.647217	-0.405518	-0.423340	7.163981	24.640919	127.330890
04147		-4.146389	1.093479	8.870293	0.002196	-0.003472	0.004266	-0.651855	-0.413574	-0.416504	7.168243	24.635400	127.336144
04148		-4.145932	1.058122	8.893345	0.001612	-0.007022	-0.001727	-0.645508	-0.410400	-0.412109	7.171291	24.628021	127.337529
04149		-4.122016	1.072062	8.914964	0.003264	-0.005299	0.001506	-0.650146	-0.413330	-0.414795	7.175410	24.621585	127.340453
04150		-4.121479	1.072452	8.915165	0.004279	-0.006431	0.001064	-0.646729	-0.408203	-0.414307	7.180732	24.614342	127.343627
04151		-4.125084	1.086184	8.883834	0.005513	-0.009466	0.003456	-0.654785	-0.408691	-0.412354	7.186500	24.605403	127.347537
04152		-4.101001	1.100491	8.905475	0.006036	-0.006098	-0.000338	-0.652344	-0.412354	-0.415039	7.192473	24.598450	127.349860
04153		-4.109059	1.091602	8.865384	0.000869	-0.008489	-0.000765	-0.651611	-0.407471	-0.421875	7.194498	24.590313	127.351191
04154		-4.099681	1.100835	8.906040	0.001612	-0.007023	-0.001724	-0.652100	-0.404541	-0.408936	7.197544	24.582933	127.352573
04155		-4.118432	1.073991	8.916388	0.001757	0.000334	-0.001403	-0.650635	-0.414063	-0.422852	7.200175	24.579891	127.354530
04156		-4.107944	1.091808	8.865875	0.001340	-0.004425	-0.002242	-0.649902	-0.411133	-0.419434	7.203014	24.574024	127.355792
04157		-4.136927	1.082591	8.904003	-0.001380	-0.004322	-0.002714	-0.650391	-0.411377	-0.414795	7.203420	24.568476	127.356279
04158		-4.102864	1.078534	8.897829	0.004060	-0.004529	-0.001770	-0.654785	-0.408936	-0.416260	7.207937	24.562517	127.357828
04159		-4.106816	1.056398	8.889245	0.002302	-0.004863	-0.000367	-0.647705	-0.409668	-0.421631	7.211014	24.556439	127.359774
04160		-4.135762	1.083141	8.904477	0.004007	-0.003834	0.000548	-0.648193	-0.407227	-0.418457	7.216125	24.550707	127.362824
04161		-4.101612	1.079328	8.898310	0.001560	-0.006329	0.000594	-0.648193	-0.411865	-0.415039	7.218979	24.543809	127.365493
04162		-4.139006	1.097018	8.873304	0.006258	-0.008002	0.002499	-0.658447	-0.403564	-0.419678	7.225747	24.535567	127.369432
04163		-4.091563	1.124858	8.916302	0.001612	-0.007025	-0.001722	-0.654297	-0.413818	-0.410889	7.227983	24.528366	127.370556
04164		-4.110064	1.133759	8.903883	0.005022	-0.004967	0.000106	-0.651123	-0.415039	-0.408936	7.233522	24.522022	127.373238
04165		-4.099205	1.080711	8.899251	0.002575	-0.007462	0.000153	-0.652588	-0.402100	-0.416748	7.236847	24.514396	127.374901
04166		-4.113187	1.111916	8.895653	0.002627	-0.008158	-0.002163	-0.652588	-0.413086	-0.420166	7.240319	24.506401	127.375912
04167		-4.083177	1.085643	8.880850	0.002576	-0.007463	0.000154	-0.651123	-0.406006	-0.412354	7.243588	24.498837	127.378248
04168		-4.111689	1.076750	8.919167	0.001092	-0.010395	0.002076	-0.656738	-0.410400	-0.413086	7.247203	24.489264	127.381727
04169		-4.110806	1.112469	8.896684	0.003694	-0.009987	-0.004921	-0.650391	-0.405762	-0.416260	7.249715	24.480583	127.380516
04170		-4.105655	1.099415	8.928632	0.000819	-0.007797	0.001558	-0.657471	-0.412109	-0.413086	7.253124	24.472524	127.383877
04171		-4.113355	1.090477	8.888745	0.003395	-0.015261	0.001713	-0.646729	-0.416748	-0.414307	7.257020	24.460381	127.386389
04172		-4.088837	1.104597	8.910558	0.004606	-0.009730	-0.000728	-0.654053	-0.410645	-0.418213	7.261942	24.451389	127.388166
04173		-4.096671	1.095638	8.870617	0.001144	-0.011093	-0.000237	-0.644043	-0.409912	-0.408203	7.264243	24.441811	127.389515
04174		-4.101519	1.100544	8.930394	0.004880	-0.012330	-0.000207	-0.648438	-0.406494	-0.414307	7.269370	24.431303	127.391409
04175		-4.071181	1.110030	8.892832	0.003865	-0.011198	0.000235	-0.653076	-0.410400	-0.418457	7.273305	24.421659	127.393386
04176		-4.089202	1.083326	8.903534	0.001145	-0.011094	-0.000235	-0.657227	-0.406738	-0.412354	7.276324	24.411855	127.395360
04177		-4.007842	1.142623	8.917274	0.006312	-0.008703	0.000187	-0.654785	-0.414063	-0.422119	7.281707	24.403547	127.397508
04178		-4.087846	1.119523	8.881208	0.000274	-0.002600	0.000521	-0.647705	-0.410400	-0.416992	7.284700	24.398515	127.400629
04179		-4.073036	1.088623	8.885141	0.004578	-0.001163	-0.005565	-0.652344	-0.410400	-0.415527	7.287916	24.394985	127.399645
04180		-4.059836	1.120379	8.934192	0.000964	-0.000437	0.001875	-0.655762	-0.413818	-0.415527	7.291725	24.391084	127.403782
04181		-4.083266	1.106810	8.912838	0.003512	0.000666	-0.002808	-0.657471	-0.414307	-0.417969	7.295088	24.388327	127.404562
04182		-4.093596	1.160257	8.917652	0.000051	-0.000696	-0.002316	-0.649902	-0.407471	-0.416992	7.297284	24.384582	127.406063
04183		-4.087609	1.084348	8.904141	0.000101	-0.001393	-0.004632	-0.666016	-0.406494	-0.416504	7.298150	24.380809	127.405700
04184		-4.083262	1.106477	8.912881	-0.001929	0.000874	-0.003749	-0.657959	-0.409424	-0.416504	7.298895	24.378061	127.406432
04185		-4.068689	1.110865	8.893868	0.001807	-0.000363	-0.003720	-0.650391	-0.406006	-0.412598	7.300944	24.374688	127.406867
04186		-4.098057	1.101532	8.931861	-0.002893	0.001310	-0.005623	-0.656006	-0.412109	-0.417236	7.300667	24.372325	127.406465
04187		-4.083539	1.105755	8.912844	-0.000964	0.000437	-0.001874	-0.654785	-0.403809	-0.413330	7.301679	24.369387	127.408063
04188		-4.049812	1.136874	8.883643	-0.003309	-0.003452	-0.006456	-0.653076	-0.412842	-0.415283	7.300793	24.364378	127.406761
04189		-4.097980	1.100438	8.932031	-0.000914	-0.000260	-0.004190	-0.663086	-0.408936	-0.414307	7.301208	24.361199	127.406901
04190		-4.106756	1.090930	8.891740	-0.002670	-0.000593	-0.002786	-0.653320	-0.410889	-0.411865	7.301727	24.357547	127.408116
04191		-4.083345	1.104384	8.913102	-0.000914	-0.000260	-0.004190	-0.654541	-0.415527	-0.417969	7.302144	24.354298	127.408052
04192		-4.059984	1.117804	8.934448	-0.003685	0.000540	-0.002345	-0.650146	-0.410645	-0.410645	7.302232	24.351258	127.409633
04193		-4.073176	1.085750	8.885429	-0.003634	-0.000157	-0.004660	-0.654541	-0.409912	-0.414063	7.301039	24.348197	127.409094
04194		-4.064555	1.130144	8.902875	-0.000173	0.001207	-0.005152	-0.656006	-0.417236	-0.410400	7.302439	24.345741	127.408978
04195		-4.073483	1.085115	8.885365	-0.002995	0.002703	-0.000991	-0.650146	-0.411621	-0.414795	7.302644	24.343977	127.410836
04196		-4.088255	1.080279	8.904339	-0.000913	-0.000260	-0.004189	-0.650635	-0.399902	-0.410400	7.303819	24.340617	127.411203
04197		-4.064944	1.129392	8.902793	-0.000964	0.000436	-0.001874	-0.652100	-0.411133	-0.407715	7.304812	24.337718	127.413110
04198		-4.102957	1.110854	8.900508	-0.001654	-0.001727	-0.003227	-0.661865	-0.411621	-0.411133	7.305761	24.333454	127.413959
04199		-4.064894	1.128821	8.902888	-0.003685	0.000539	-0.002344	-0.652588	-0.408447	-0.414307	7.305121	24.330516	127.414901
04200		-4.031337	1.124305	8.896488	-0.002893	0.001309	-0.005621	-0.648682	-0.416260	-0.415527	7.304845	24.328151	127.414500
04201		-4.084120	1.100924	8.913176	-0.003634	-0.000158	-0.004659	-0.655273	-0.416016	-0.413818	7.303666	24.325130	127.414082
04202		-4.074236	1.082528	8.885336	-0.002650	0.007278	-0.009938	-0.656982	-0.413086	-0.411377	7.302617	24.326473	127.411466
04203		-4.085104	1.100060	8.912831	0.000415	0.004763	0.000834	-0.654541	-0.411377	-0.423828	7.305331	24.325739	127.414539
04204		-4.062124	1.149018	8.911172	-0.004821	0.002181	-0.009367	-0.654785	-0.410400	-0.408203	7.303018	24.324143	127.411870
04205		-4.056527	1.072549	8.897491	-0.004182	0.005040	-0.005698	-0.652100	-0.410156	-0.420654	7.301396	24.324101	127.411374
04206		-4.101033	1.129409	8.908599	-0.003167	0.003907	-0.006140	-0.650879	-0.408691	-0.415527	7.300916	24.323250	127.410857
04207		-4.063309	1.111549	8.933716	-0.004871	0.002876	-0.007051	-0.654053	-0.407715	-0.408447	7.298479	24.322148	127.409585
04208		-4.068027	1.124096	8.902055	-0.003907	0.002440	-0.005178	-0.649414	-0.403320	-0.418701	7.297774	24.320395	127.409551
04209		-4.077092	1.043020	8.907339	-0.006110	0.005911	-0.009443	-0.646973	-0.407715	-0.406738	7.294061	24.321150	127.407277
04210		-4.102813	1.126637	8.908130	-0.003441	0.006505	-0.006657	-0.663574	-0.402832	-0.415771	7.293376	24.321814	127.406645
04211		-4.078214	1.077306	8.884145	-0.002891	0.001307	-0.005619	-0.655518	-0.406006	-0.409424	7.292319	24.319596	127.406289
04212		-4.088910	1.094527	8.911767	-0.005198	0.006170	-0.005253	-0.656250	-0.415771	-0.412109	7.290978	24.319967	127.406506
04213		-4.055700	1.089971	8.905227	-0.002202	0.003470	-0.004264	-0.656982	-0.406982	-0.417725	7.290808	24.318863	127.406569
04214		-4.075058	1.098250	8.892519	-0.001187	0.002338	-0.004706	-0.646729	-0.404785	-0.411865	7.291779	24.317017	127.406821
04215		-4.085605	1.115701	8.920184	-0.002943	0.002003	-0.003303	-0.654541	-0.414551	-0.419678	7.291340	24.315120	127.408046
04216		-4.075669	1.133270	8.869483	0.000465	0.004065	-0.001479	-0.653076	-0.404297	-0.415283	7.294143	24.314020	127.410449
04217		-4.052478	1.111038	8.913624	-0.005558	0.000711	-0.008403	-0.656494	-0.405762	-0.416016	7.290901	24.311747	127.408080
04218		-4.057291	1.123527	8.881928	-0.003441	0.006504	-0.006654	-0.659424	-0.412354	-0.414307	7.290217	24.312409	127.407450
04219		-4.072630	1.118323	8.900677	-0.006266	0.007997	-0.002494	-0.652344	-0.414551	-0.411621	7.288304	24.313754	127.409272
04220		-4.054266	1.108921	8.913075	-0.006108	0.005907	-0.009438	-0.653564	-0.407959	-0.414795	7.285358	24.314280	127.406858
04221		-4.097342	1.067352	8.901721	-0.005473	0.008766	-0.005768	-0.657227	-0.412354	-0.407471	7.283140	24.316367	127.406453
04222		-4.055860	1.107550	8.912520	-0.002805	0.009362	-0.002983	-0.656006	-0.405273	-0.410156	7.283856	24.318387	127.408341
04223		-4.071406	1.102503	8.931150	-0.003768	0.009797	-0.004854	-0.649170	-0.411621	-0.407227	7.282829	24.320893	127.408672
04224		-4.038707	1.133366	8.901608	-0.006435	0.009200	-0.007638	-0.654541	-0.407715	-0.413086	7.280265	24.323159	127.407642
04225		-4.092168	1.109712	8.917923	-0.003493	0.007198	-0.004336	-0.649414	-0.407715	-0.415039	7.279484	24.324243	127.408091
04226		-4.059237	1.105100	8.911286	-0.005472	0.008763	-0.005765	-0.651611	-0.402832	-0.409912	7.277938	24.326125	127.408195
04227		-4.093930	1.108278	8.917292	-0.006709	0.011796	-0.008153	-0.652588	-0.403564	-0.417725	7.274435	24.330147	127.407179
04228		-4.071531	1.121129	8.938349	-0.007174	0.007730	-0.006676	-0.649902	-0.409424	-0.417969	7.271646	24.331508	127.406632
04229		-4.042989	1.093899	8.922957	-0.006487	0.009893	-0.005320	-0.655762	-0.412598	-0.413086	7.268958	24.334274	127.407246
04230		-4.082057	1.110408	8.897349	-0.004784	0.010924	-0.004406	-0.653076	-0.411133	-0.417480	7.268227	24.337286	127.408370
04231		-4.097798	1.105029	8.915918	-0.006708	0.011793	-0.008148	-0.652588	-0.412598	-0.420410	7.264807	24.341246	127.406667
04232		-4.084199	1.108828	8.896563	-0.004729	0.010226	-0.006718	-0.655273	-0.413086	-0.417236	7.263490	24.344029	127.406293
04233		-4.061950	1.121704	8.917572	-0.009481	0.012585	-0.006302	-0.660645	-0.406494	-0.417725	7.259003	24.348346	127.405822
04234		-4.067322	1.098254	8.908446	-0.007393	0.009628	-0.009501	-0.648926	-0.413818	-0.408691	7.255424	24.350990	127.403663
04235		-4.078900	1.114919	8.935766	-0.007944	0.014820	-0.010529	-0.646973	-0.413086	-0.421875	7.250759	24.356814	127.400830
04236		-4.088753	1.104669	8.894988	-0.009205	0.009985	-0.005783	-0.653809	-0.410889	-0.422607	7.247109	24.359392	127.401018
04237		-4.104589	1.099027	8.913536	-0.006982	0.014384	-0.008655	-0.654053	-0.402588	-0.408691	7.243521	24.364993	127.399455
04238		-4.072255	1.094079	8.906706	-0.006981	0.014383	-0.008653	-0.649658	-0.414063	-0.414063	7.240551	24.370279	127.398201
04239		-4.107224	1.097095	8.912560	-0.006705	0.011785	-0.008138	-0.643066	-0.407227	-0.416992	7.237100	24.374234	127.396779
04240		-4.089448	1.087542	8.924739	-0.006980	0.014380	-0.008650	-0.646729	-0.405029	-0.415527	7.234130	24.379517	127.395526
04241		-4.086431	1.108656	8.933103	-0.012086	0.011282	-0.011390	-0.657471	-0.414307	-0.415771	7.226750	24.383596	127.392504
04242		-4.081512	1.067368	8.896167	-0.006019	0.013944	-0.006775	-0.653564	-0.407715	-0.416748	7.224799	24.388497	127.392386
04243		-4.093480	1.119666	8.900553	-0.009974	0.017069	-0.009628	-0.657471	-0.402100	-0.416504	7.219292	24.395528	127.390243
04244		-4.094871	1.083004	8.922804	-0.006018	0.013942	-0.006772	-0.657227	-0.412109	-0.416016	7.217342	24.400427	127.390125
04245		-4.077199	1.109116	8.912186	-0.007719	0.012908	-0.007685	-0.657715	-0.404297	-0.411133	7.213428	24.404921	127.389284
04246		-4.068216	1.090303	8.883923	-0.008213	0.017402	-0.011021	-0.657959	-0.413818	-0.424316	7.209237	24.412092	127.386787
04247		-4.113929	1.110805	8.917365	-0.007937	0.014805	-0.010507	-0.646240	-0.404297	-0.410400	7.204563	24.417869	127.384144
04248		-4.100440	1.078804	8.920756	-0.006701	0.011776	-0.008125	-0.654053	-0.408691	-0.419922	7.201801	24.421633	127.383010
04249		-4.116376	1.108883	8.916476	-0.006758	0.012470	-0.005810	-0.651611	-0.401367	-0.415283	7.198940	24.425867	127.383383
04250		-4.106848	1.054764	8.911156	-0.005465	0.008746	-0.005742	-0.645996	-0.408936	-0.418701	7.197402	24.427738	127.383497
04251		-4.118297	1.071646	8.938531	-0.006700	0.011773	-0.008121	-0.650146	-0.410645	-0.418945	7.193944	24.431784	127.382580
04252		-4.081339	1.089444	8.940694	-0.000987	0.008988	-0.006668	-0.653809	-0.404297	-0.423584	7.194741	24.433860	127.382135
04253		-4.082393	1.089200	8.940243	0.000379	0.013310	-0.003948	-0.654053	-0.405762	-0.413574	7.196491	24.438453	127.383779
04254		-4.087950	1.066759	8.930837	0.001063	0.015470	-0.002587	-0.662354	-0.405029	-0.412109	7.199728	24.443920	127.386393
04255		-4.099977	1.049171	8.980561	0.006848	0.020730	0.001523	-0.652344	-0.413330	-0.415283	7.206773	24.452133	127.391927
04256		-4.165412	1.009354	9.046199	0.018319	0.031756	0.002294	-0.649658	-0.410400	-0.418945	7.221694	24.466505	127.398879
04257		-4.143142	1.034646	8.975144	0.036212	0.033601	0.010685	-0.654297	-0.404541	-0.418213	7.248489	24.481540	127.410614
04258		-4.139902	1.141134	8.845616	0.043509	0.033229	0.017702	-0.661865	-0.404053	-0.415039	7.281890	24.495628	127.427321
04259		-4.152800	1.163096	8.871643	0.038062	0.024674	0.011796	-0.655273	-0.404541	-0.416992	7.309594	24.505360	127.439906
04260		-4.215408	1.099025	8.869229	0.038659	0.010048	0.005542	-0.656494	-0.406982	-0.416504	7.336306	24.507147	127.447176
04261		-4.215522	1.066983	8.891574	0.034870	-0.005319	0.007660	-0.648438	-0.410889	-0.426270	7.360147	24.500177	127.454661
04262		-4.271345	0.953950	8.944955	0.035167	-0.016461	0.012979	-0.650146	-0.410645	-0.413330	7.385894	24.486348	127.464435
04263		-4.389235	0.978699	8.951477	0.043092	-0.031260	0.023518	-0.650879	-0.407715	-0.413330	7.417765	24.463633	127.479314
04264		-4.112920	1.072675	8.934281	0.048560	-0.057307	0.029149	-0.651611	-0.417480	-0.416016	7.453969	24.425388	127.495832
04265		-4.042397	1.203618	8.922827	0.045943	-0.050079	0.019260	-0.661377	-0.413818	-0.419922	7.485708	24.392216	127.506124
04266		-3.936696	1.338157	8.813921	0.035014	-0.048997	0.019687	-0.645020	-0.420410	-0.414063	7.511956	24.359384	127.517367
04267		-4.025227	1.327034	8.897286	0.024754	-0.038097	0.004556	-0.651367	-0.407715	-0.417480	7.528231	24.334103	127.519073
04268		-4.076816	1.221213	8.861311	0.021351	-0.040166	0.002733	-0.652100	-0.404541	-0.413818	7.542577	24.307554	127.520449
04269		-4.079086	1.263175	8.899202	0.016576	-0.046561	-0.001800	-0.649902	-0.411133	-0.419434	7.552093	24.277982	127.518824
04270		-4.055993	1.255553	8.913604	0.009271	-0.046203	-0.008803	-0.655273	-0.412598	-0.412842	7.556353	24.248873	127.512503
04271		-4.051603	1.220411	8.938468	0.006364	-0.052767	-0.007268	-0.659912	-0.415527	-0.414551	7.558510	24.216185	127.506315
04272		-4.007650	1.211556	8.874772	0.001966	-0.045854	-0.015791	-0.669678	-0.413086	-0.415039	7.556819	24.187801	127.495673
04273		-4.056130	1.152811	8.916254	0.005984	-0.049695	-0.015222	-0.660889	-0.420166	-0.415771	7.556828	24.157215	127.484399
04274		-3.966020	1.171183	8.895009	-0.003230	-0.039713	-0.021031	-0.655762	-0.402588	-0.410400	7.551047	24.132713	127.471010
04275		-4.072223	1.172817	8.875566	-0.000637	-0.047183	-0.020853	-0.658691	-0.409424	-0.414307	7.545919	24.104108	127.456834
04276		-4.009399	1.083549	8.870284	-0.002668	-0.044926	-0.019963	-0.659180	-0.414063	-0.410156	7.540571	24.076562	127.443690
04277		-4.026366	1.118276	8.927450	-0.000169	-0.043138	-0.022313	-0.656006	-0.418945	-0.412354	7.535498	24.050361	127.428904
04278		-3.974499	1.118187	8.903702	0.002450	-0.041842	-0.017209	-0.660156	-0.414063	-0.410645	7.533899	24.024359	127.417737
04279		-4.067391	1.081001	8.979192	0.003191	-0.040384	-0.018161	-0.663086	-0.409180	-0.408447	7.531987	23.999429	127.405219
04280		-4.246972	0.877930	8.979338	0.021278	-0.048513	-0.009572	-0.663086	-0.414307	-0.420410	7.542893	23.969064	127.398254
04281		-4.136187	0.855488	8.993778	0.038788	-0.068085	0.000220	-0.659180	-0.412109	-0.411865	7.564983	23.926983	127.395552
04282		-4.136136	0.935328	9.009631	0.051773	-0.071481	-0.001051	-0.658936	-0.409424	-0.406006	7.594738	23.882934	127.391961
04283		-4.158945	1.073846	8.958534	0.070273	-0.091519	0.010661	-0.663330	-0.415039	-0.405518	7.636658	23.826815	127.393787
04284		-4.038933	1.051000	8.914449	0.075947	-0.102457	0.009613	-0.662842	-0.419678	-0.412598	7.681871	23.764365	127.394166
04285		-4.048535	1.067263	8.905315	0.090251	-0.109651	0.008499	-0.669678	-0.413574	-0.403076	7.734111	23.698073	127.392336
04286		-4.029792	1.156660	8.902955	0.101484	-0.120609	0.018212	-0.660889	-0.416260	-0.407959	7.795428	23.624653	127.396384
04287		-3.892300	1.113687	8.771945	0.105128	-0.119820	0.025295	-0.670410	-0.414063	-0.411621	7.859884	23.551251	127.404284
04288		-3.857461	1.357330	8.847650	0.103918	-0.105701	0.044553	-0.660889	-0.417969	-0.411865	7.929528	23.484209	127.425729
04289		-3.978884	1.144477	8.948599	0.100250	-0.105253	0.042326	-0.661865	-0.422363	-0.410645	7.995806	23.417807	127.445515
04290		-3.984272	1.256917	8.901216	0.106152	-0.112095	0.039409	-0.673096	-0.418945	-0.412842	8.065122	23.347504	127.463028
04291		-3.800588	1.567086	8.792051	0.095849	-0.106731	0.048272	-0.670166	-0.423828	-0.407227	8.130218	23.279747	127.485760
04292		-3.907471	1.357751	8.874811	0.078686	-0.105784	0.043981	-0.676025	-0.418457	-0.404541	8.185019	23.212615	127.506465
04293		-3.885226	1.136622	8.990191	0.079347	-0.103261	0.038145	-0.665771	-0.412109	-0.405518	8.238201	23.147471	127.522939
04294		-4.098298	1.058481	8.993203	0.097255	-0.127766	0.041668	-0.669678	-0.416748	-0.404785	8.302199	23.068029	127.540084
04295		-3.541303	1.124723	8.765522	0.093257	-0.126477	0.041202	-0.673096	-0.418457	-0.406250	8.363055	22.989601	127.557202
04296		-3.279909	1.264168	8.705906	0.067269	-0.076498	0.029269	-0.668945	-0.416260	-0.396973	8.408595	22.940224	127.571175
04297		-3.476800	1.379926	8.951567	0.052807	-0.031844	0.029819	-0.661133	-0.426270	-0.404297	8.446843	22.916262	127.589374
04298		-3.680034	1.346026	9.099522	0.049503	-0.002309	0.025663	-0.667969	-0.420898	-0.403809	8.483941	22.909215	127.607841
04299		-3.943183	1.366417	9.277124	0.065378	0.009643	0.027402	-0.667480	-0.422119	-0.400635	8.530418	22.909097	127.627799
04300		-4.023637	1.286899	9.197649	0.083047	-0.005154	0.020960	-0.667480	-0.421143	-0.400635	8.585500	22.900812	127.643096
04301		-3.818589	1.404306	9.001592	0.073791	-0.004006	0.027005	-0.671631	-0.418701	-0.397949	8.636139	22.892861	127.661727
04302		-3.904174	1.393178	9.025706	0.062114	0.003554	0.021261	-0.674072	-0.416748	-0.403076	8.679607	22.889458	127.678008
04303		-3.863892	1.220359	8.985390	0.055982	-0.001614	0.016739	-0.670654	-0.421143	-0.401123	8.717569	22.883610	127.691082
04304		-3.716295	1.311304	8.957844	0.048220	0.004248	0.018462	-0.657959	-0.424561	-0.399170	8.752428	22.880824	127.705702
04305		-3.694437	1.428558	8.997605	0.038334	0.023497	0.015973	-0.669678	-0.414063	-0.402344	8.781133	22.889431	127.720175
04306		-3.733468	1.280642	8.998232	0.039570	0.030780	0.011140	-0.667969	-0.423340	-0.393799	8.810269	22.902294	127.732817
04307		-3.579932	1.351154	8.941835	0.031160	0.054722	0.004285	-0.669434	-0.426514	-0.401123	8.833137	22.929451	127.743555
04308		-3.800271	1.270990	9.070704	0.034175	0.076514	0.012158	-0.666748	-0.421387	-0.401611	8.861150	22.968107	127.761216
04309		-3.607699	1.388340	8.931305	0.027637	0.090015	0.001882	-0.663330	-0.420166	-0.404541	8.882855	23.015469	127.773372
04310		-3.847830	1.506906	9.027008	0.021859	0.112062	-0.002302	-0.680420	-0.428955	-0.397705	8.901714	23.075514	127.785605
04311		-4.045447	1.109758	9.137672	0.041706	0.103364	0.002578	-0.671387	-0.422852	-0.397705	8.932186	23.130228	127.799421
04312		-3.903330	1.362806	9.020041	0.064230	0.096340	0.005452	-0.659912	-0.430420	-0.410645	8.976653	23.180672	127.814982
04313		-3.883844	1.482059	8.905604	0.066609	0.097036	0.007661	-0.666992	-0.421387	-0.400635	9.022482	23.231478	127.831373
04314		-3.810444	1.413214	8.915736	0.060264	0.097990	-0.002146	-0.660400	-0.433105	-0.403564	9.062955	23.283517	127.842514
04315		-3.863973	1.616006	8.826210	0.053913	0.104980	-0.000116	-0.673828	-0.429932	-0.402344	9.099993	23.339479	127.854952
04316		-3.773114	1.711017	8.730294	0.025025	0.106547	-0.017603	-0.661133	-0.423340	-0.399658	9.116882	23.397750	127.857486
04317		-3.688378	1.773919	8.717757	-0.008454	0.123596	-0.032220	-0.660156	-0.427979	-0.405762	9.111074	23.467016	127.852090
04318		-3.829285	1.711287	8.727837	-0.044138	0.137323	-0.048684	-0.663330	-0.421875	-0.409180	9.081901	23.545514	127.838478
04319		-3.860001	1.543766	8.738437	-0.074790	0.143148	-0.057722	-0.666748	-0.422607	-0.408447	9.032543	23.628292	127.819696
04320		-4.099809	1.399517	8.937785	-0.082883	0.148706	-0.066211	-0.661377	-0.424316	-0.406982	8.977172	23.714783	127.796215
04321		-4.302648	1.228778	8.971812	-0.063070	0.116644	-0.056223	-0.656738	-0.417725	-0.402832	8.933717	23.782300	127.775620
04322		-4.116906	1.306973	8.917906	-0.053148	0.097424	-0.053582	-0.664307	-0.426270	-0.413574	8.896407	23.838608	127.754802
04323		-4.020512	1.310192	8.903956	-0.053237	0.090321	-0.044047	-0.654053	-0.432129	-0.412598	8.860504	23.890182	127.739197
04324		-4.045134	1.328403	8.987581	-0.044760	0.086624	-0.044343	-0.658203	-0.425049	-0.414307	8.829825	23.939538	127.722968
04325		-4.081112	1.356016	8.908183	-0.044078	0.082043	-0.040555	-0.652832	-0.423096	-0.408936	8.799801	23.986220	127.708011
04326		-4.011200	1.428916	8.794837	-0.046545	0.077767	-0.038095	-0.656982	-0.424072	-0.408447	8.769278	24.030000	127.694737
04327		-3.881700	1.492183	8.819533	-0.057767	0.086829	-0.045543	-0.657959	-0.420654	-0.407227	8.730210	24.079757	127.677471
04328		-3.957985	1.352908	8.923451	-0.062277	0.103207	-0.047118	-0.653076	-0.427979	-0.413330	8.689323	24.138711	127.660944
04329		-4.014483	1.317355	8.877766	-0.053075	0.105223	-0.050834	-0.651123	-0.420654	-0.411621	8.652267	24.199284	127.641920
04330		-4.041506	1.369928	8.937078	-0.051153	0.111740	-0.047029	-0.655273	-0.429199	-0.415283	8.618033	24.263045	127.626153
04331		-4.016689	1.366076	8.835972	-0.052532	0.118307	-0.054536	-0.656494	-0.426514	-0.407959	8.580792	24.331367	127.605932
04332		-3.996425	1.383277	8.893396	-0.055503	0.120931	-0.055476	-0.647217	-0.423340	-0.417480	8.542176	24.401038	127.585666
04333		-4.027332	1.314096	8.923172	-0.055615	0.130779	-0.055618	-0.653076	-0.422363	-0.409912	8.503285	24.476466	127.565726
04334		-3.991835	1.237303	8.940299	-0.048232	0.146896	-0.050669	-0.650391	-0.428711	-0.415283	8.470979	24.560419	127.550744
04335		-3.979192	1.268255	8.964400	-0.036496	0.164349	-0.051694	-0.643555	-0.423340	-0.414551	8.445260	24.654465	127.536084
04336		-3.953456	1.409752	8.898525	-0.032447	0.186120	-0.055666	-0.648438	-0.435303	-0.410156	8.422120	24.761057	127.521503
04337		-3.982545	1.422578	8.918522	-0.034435	0.205175	-0.064255	-0.651367	-0.422607	-0.417969	8.395860	24.879327	127.502213
04338		-4.017172	1.447937	8.905920	-0.028441	0.217279	-0.069262	-0.647461	-0.422119	-0.420410	8.372533	25.004705	127.481874
04339		-3.767113	1.601917	8.834283	-0.044642	0.251492	-0.091245	-0.647949	-0.422363	-0.414795	8.334798	25.151375	127.450714
04340		-3.811353	1.581702	8.934532	-0.059822	0.293607	-0.115967	-0.645508	-0.432861	-0.409912	8.283797	25.323869	127.407859
04341		-3.939705	1.464230	9.041903	-0.064532	0.331156	-0.136950	-0.645996	-0.417480	-0.415039	8.225251	25.519272	127.354020
04342		-3.890810	1.550166	9.152005	-0.071579	0.374068	-0.155036	-0.639648	-0.418213	-0.426270	8.159541	25.740507	127.293346
04343		-3.884916	1.566001	9.181336	-0.069519	0.425215	-0.171787	-0.636475	-0.419678	-0.417969	8.091433	25.991992	127.226674
04344		-3.720478	1.520822	9.297433	-0.063093	0.494842	-0.184017	-0.627686	-0.424072	-0.436279	8.026425	26.283942	127.157657
04345		-3.679807	1.016694	9.557142	-0.042140	0.589398	-0.193077	-0.618652	-0.422607	-0.431885	7.973581	26.630237	127.090867
04346		-3.536456	0.610714	9.933451	0.009832	0.697269	-0.190169	-0.620117	-0.425781	-0.428223	7.955538	27.037436	127.034990
04347		-3.033510	-0.137372	10.672074	0.209058	0.890458	-0.184381	-0.612793	-0.423828	-0.440186	8.060488	27.553865	127.000147
04348		-2.741689	0.593026	10.776928	0.309713	1.150506	-0.157941	-0.602051	-0.425781	-0.438232	8.242965	28.215668	127.007581
04349		-2.870168	0.084258	11.045858	0.362674	1.485349	-0.143962	-0.593750	-0.430664	-0.442383	8.476101	29.065985	127.058854
04350		-2.636205	0.733548	11.337457	0.507585	1.864513	-0.136896	-0.581299	-0.437744	-0.453857	8.817169	30.130340	127.157427
04351		-2.139056	1.169293	11.329260	0.359340	2.334391	-0.162935	-0.568359	-0.439941	-0.453125	9.094590	31.462170	127.295276
04352		-2.156824	1.074949	11.546013	0.426874	2.827089	-0.201373	-0.543457	-0.443359	-0.465088	9.435151	33.075808	127.472106
04353		-2.481294	1.492761	11.426755	0.341043	3.360648	-0.258105	-0.528564	-0.443359	-0.478760	9.751347	34.994811	127.686004
04354		-2.417103	2.861685	11.391372	0.144495	3.888363	-0.325447	-0.491943	-0.446777	-0.489990	9.982042	37.218046	127.934307
04355		-3.248627	2.794146	11.499181	-0.072590	4.407228	-0.416445	-0.462646	-0.452881	-0.489990	10.106237	39.741705	128.200036
04356		-4.241060	3.888715	10.879318	-0.268249	4.879051	-0.573286	-0.413574	-0.443115	-0.507568	10.102293	42.547821	128.425263
04357		-5.708994	3.987557	10.942072	-0.362221	5.278357	-0.739800	-0.377197	-0.443115	-0.515625	10.005197	45.595702	128.582409
04358		-7.109103	4.365512	11.474542	-0.360723	5.605414	-0.968491	-0.337891	-0.446289	-0.523193	9.809217	48.851308	128.594949
04359		-7.875085	4.137417	11.928535	-0.356061	5.841756	-1.240799	-0.295898	-0.442627	-0.527832	9.437315	52.264493	128.375918
04360		-10.469119	5.192809	13.035699	-0.483174	5.947952	-1.471568	-0.240723	-0.439697	-0.534912	8.761152	55.759296	127.880827
04361		-10.466335	4.384047	13.057503	-0.654789	5.906160	-1.687951	-0.200684	-0.432129	-0.523438	7.646619	59.240570	127.002789
04362		-12.270684	2.503555	12.742218	-0.607483	5.806902	-1.790866	-0.145752	-0.443115	-0.525391	6.192277	62.663751	125.736264
04363		-13.729515	2.688451	12.616436	-0.459556	5.502103	-1.809387	-0.104980	-0.432617	-0.520752	4.397407	65.892265	124.035039
04364		-11.825023	3.103451	12.416240	-0.321669	5.043983	-1.810622	-0.063965	-0.430420	-0.505127	2.132143	68.833868	121.779543
04365		-6.099713	4.525625	10.472266	-0.275646	4.728504	-1.819399	-0.023682	-0.425293	-0.493164	-0.822545	71.548939	118.805764
04366		-1.119898	4.334817	7.827557	-0.325846	4.586796	-1.890683	0.002686	-0.417969	-0.485596	-4.927645	74.117951	114.704264
04367		2.763528	4.197702	4.384936	-0.392916	4.733839	-2.024561	0.045898	-0.417725	-0.479492	-10.977111	76.640353	108.684604
04368		1.911364	0.247965	4.358199	-0.434716	4.849121	-2.171795	0.082520	-0.404785	-0.446777	-20.227949	78.986914	99.476602
04369		-17.130573	-0.199949	16.992567	0.188225	3.277539	-1.842927	0.104980	-0.406738	-0.454834	-29.635074	80.243944	89.802107
04370		-14.440009	4.237353	20.044070	0.918392	0.734647	-1.160194	0.115723	-0.399902	-0.443848	-33.661056	80.252468	85.181680
04371		-7.812538	7.411026	16.664792	0.912739	-1.291851	-0.563096	0.104492	-0.401123	-0.451172	-32.344764	79.450931	85.984852
04372		-1.805937	7.287776	12.383240	0.489761	-2.594093	-0.150209	0.096924	-0.414063	-0.465576	-28.611237	78.124623	89.503082
04373		1.302951	5.534563	9.329635	0.088510	-3.148100	0.043256	0.084473	-0.407959	-0.473389	-24.812233	76.516927	93.341431
04374		2.273378	3.494419	7.327140	-0.090994	-3.314359	0.127744	0.054199	-0.410645	-0.484131	-21.653123	74.798454	96.653962
04375		2.311744	1.831327	6.110462	-0.048656	-3.380147	0.213914	0.031006	-0.413086	-0.496582	-18.919547	73.015528	99.524082
04376		1.795667	0.962619	5.784641	0.161266	-3.464003	0.333236	0.007324	-0.412109	-0.505371	-16.386512	71.179678	102.086899
04377		0.568794	0.816569	6.207365	0.446145	-3.599716	0.472719	-0.008789	-0.406006	-0.512939	-13.879809	69.249412	104.474915
04378		-0.931166	1.265427	6.969091	0.743597	-3.844520	0.634262	-0.034668	-0.418213	-0.518066	-11.351498	67.176458	106.736759
04379		-2.494027	1.772262	7.900053	0.955260	-4.222864	0.810607	-0.064453	-0.427002	-0.533203	-8.802810	64.864349	108.922401
04380		-3.630699	2.113928	8.476925	1.071008	-4.706534	1.010421	-0.104248	-0.427246	-0.551025	-6.312274	62.264176	111.016027
04381		-3.892105	2.366837	8.464503	1.090218	-5.179464	1.197856	-0.142090	-0.442383	-0.561279	-3.970999	59.357751	112.976890
04382		-3.492978	2.546375	7.850643	1.031751	-5.508220	1.310352	-0.184326	-0.444336	-0.576904	-1.924140	56.241275	114.694515
04383		-2.436101	2.524505	7.072361	0.936277	-5.582200	1.306932	-0.233887	-0.457031	-0.581543	-0.234328	53.044629	116.102793
04384		-2.213866	1.799374	6.715133	0.879337	-5.424654	1.219432	-0.286133	-0.468994	-0.588867	1.122957	49.927925	117.190978
04385		-2.219984	1.008425	6.790241	0.953473	-5.143089	1.116641	-0.325195	-0.469971	-0.574707	2.302040	46.949934	118.030347
04386		-3.204603	0.307207	7.886469	1.182359	-4.819664	0.998844	-0.375977	-0.484131	-0.579346	3.426386	44.160005	118.653784
04387		-5.133504	0.266344	9.007527	1.525915	-4.531108	0.926239	-0.417236	-0.501953	-0.580322	4.631621	41.519194	119.133605
04388		-6.701690	1.241956	9.983256	1.803469	-4.268657	0.900615	-0.458740	-0.506592	-0.560303	5.914044	39.032962	119.516204
04389		-9.131962	2.522620	11.956933	1.981974	-4.036549	0.980584	-0.506348	-0.529297	-0.547119	7.284804	36.656880	119.891867
04390		-12.628322	3.364900	13.924901	2.038926	-3.960868	1.220183	-0.549072	-0.524170	-0.537354	8.724912	34.308696	120.357215
04391		-14.683211	4.025421	14.628028	1.910714	-4.007246	1.628626	-0.586426	-0.539551	-0.502197	10.181081	31.876502	121.010401
04392		-15.065274	3.450313	13.666560	1.624003	-4.005227	2.053361	-0.617188	-0.541748	-0.483887	11.543017	29.397379	121.853495
04393		-16.034501	2.017110	12.546446	1.347112	-3.819784	2.371974	-0.653564	-0.532471	-0.459473	12.785940	26.957680	122.841242
04394		-18.390002	1.109437	12.082465	1.082328	-3.576467	2.578287	-0.676514	-0.541748	-0.443359	13.875175	24.619267	123.915483
04395		-21.029016	0.478200	11.837901	0.758760	-3.474246	2.658496	-0.699951	-0.525391	-0.424072	14.742366	22.300812	124.991202
04396		-22.175859	-0.399696	10.288636	0.406737	-3.527010	2.658639	-0.726318	-0.515625	-0.406738	15.343661	19.949951	126.008321
04397		-20.767298	-1.225652	6.990730	0.049981	-3.475117	2.552178	-0.754150	-0.506348	-0.381348	15.674961	17.628579	126.936870
04398		-19.519214	-1.543619	3.684191	-0.272926	-3.149741	2.311093	-0.785400	-0.492188	-0.373291	15.754756	15.528795	127.759064
04399		-19.196022	-1.709006	1.720208	-0.486790	-2.671460	1.969014	-0.801025	-0.479004	-0.358887	15.654905	13.739785	128.455665
04400		-18.670939	-2.251217	0.571025	-0.519239	-2.166349	1.614984	-0.818115	-0.471680	-0.339600	15.488472	12.291831	129.030779
04401		-18.304858	-2.356251	0.272602	-0.348843	-1.688722	1.313289	-0.832031	-0.469727	-0.325439	15.388845	11.150412	129.510770
04402		-18.216893	-2.881662	-0.204157	-0.056307	-1.270533	1.111689	-0.830322	-0.459717	-0.322021	15.438117	10.275464	129.941037
04403		-17.085924	0.480450	0.166975	-0.296998	-0.311458	0.844409	-0.837646	-0.443848	-0.323730	15.345600	9.968197	130.369043
04404		-17.370899	-1.206485	-4.417343	-0.750960	0.533898	0.536393	-0.848145	-0.441895	-0.329590	14.984188	10.179184	130.753852
04405		-18.833628	-4.936960	-3.361545	-1.243964	1.335133	0.354677	-0.838379	-0.434570	-0.342285	14.346760	10.862591	131.153216
04406		-15.095302	-7.227043	-2.128919	-1.291812	1.967066	0.215661	-0.822510	-0.429443	-0.345215	13.687761	11.922325	131.556326
04407		-2.788521	-3.806486	10.947196	-1.206762	2.037087	-0.078274	-0.805176	-0.424316	-0.367920	13.048890	13.064670	131.790552
04408		-3.283049	-0.515066	17.449711	-1.134891	1.791123	-0.686480	-0.802246	-0.407959	-0.377930	12.362514	14.148516	131.630475
04409		-1.263282	1.237156	12.573958	-1.089739	1.691164	-1.209711	-0.791748	-0.410156	-0.392578	11.615183	15.236809	131.140144
04410		-3.353239	1.035916	7.982247	-0.915659	1.959956	-1.194786	-0.779785	-0.411621	-0.400391	10.964575	16.468367	130.673419
04411		-7.407379	1.670746	10.357979	-0.630090	2.145272	-0.652037	-0.763184	-0.416260	-0.404785	10.563353	17.742155	130.532175
04412		-8.327330	2.235467	11.979029	-0.532172	1.915884	-0.306160	-0.753174	-0.412109	-0.426758	10.269398	18.849832	130.562172
04413		-4.970005	-0.880617	10.155944	-0.530512	1.715012	-0.362723	-0.745361	-0.412842	-0.432617	9.956389	19.850573	130.530850
04414		-3.177147	-1.929154	9.525435	-0.314447	1.772661	-0.300656	-0.733887	-0.408936	-0.440430	9.780341	20.877086	130.538240
04415		-5.035347	-0.220335	10.103014	-0.193719	1.836577	-0.276225	-0.724609	-0.402832	-0.450195	9.679941	21.937935	130.564301
04416		-9.027299	2.647812	11.702838	-0.312315	1.740609	-0.377023	-0.707764	-0.414551	-0.459229	9.484199	22.953645	130.516260
04417		-15.121959	2.889025	12.630054	-0.482120	1.024099	-0.301204	-0.706543	-0.408447	-0.460449	9.177728	23.557819	130.437074
04418		-3.654221	-0.553724	8.831748	-0.410867	0.450826	-0.126173	-0.704346	-0.405518	-0.462402	8.931532	23.820676	130.406373
04419		-5.691971	0.660634	10.459814	-0.306609	0.471846	-0.090403	-0.698975	-0.397217	-0.462891	8.753640	24.093377	130.398495
04420		-4.907514	1.748681	9.057689	-0.243382	0.284781	-0.037412	-0.685059	-0.399658	-0.470703	8.618480	24.254322	130.405182
04421		-4.679281	0.887085	9.324193	-0.200155	0.236160	-0.023459	-0.695801	-0.401123	-0.470459	8.508956	24.387811	130.415375
04422		-4.615476	1.389277	9.116227	-0.171993	0.165076	-0.012176	-0.694336	-0.397705	-0.466797	8.416358	24.478811	130.426008
04423		-4.075496	1.075356	9.210593	-0.153279	0.149753	-0.006307	-0.688721	-0.396973	-0.474121	8.334658	24.561950	130.438490
04424		-4.216962	0.784386	9.230301	-0.124414	0.154660	0.002233	-0.684814	-0.396729	-0.465332	8.272587	24.645879	130.456897
04425		-4.361480	0.720390	9.232612	-0.081922	0.138383	0.021307	-0.687500	-0.394043	-0.481201	8.238461	24.720309	130.485390
04426		-4.430562	0.708005	9.210529	-0.046953	0.128481	0.025001	-0.685059	-0.398193	-0.478760	8.225740	24.787546	130.515556
04427		-4.459811	1.059873	9.077818	-0.020416	0.100024	0.029406	-0.693115	-0.391357	-0.475342	8.227521	24.839579	130.545605
04428		-4.192115	1.420579	8.902510	-0.002465	0.091445	0.028520	-0.687500	-0.395020	-0.480957	8.239869	24.885526	130.574649
04429		-4.238147	1.551658	8.864544	-0.004909	0.090242	0.013533	-0.682373	-0.387451	-0.479248	8.246045	24.933312	130.593926
04430		-4.272466	1.614730	8.853070	-0.004300	0.081912	0.002372	-0.687256	-0.397949	-0.471680	8.250134	24.975995	130.605787
04431		-4.162703	1.750160	8.784936	-0.002801	0.079327	-0.012114	-0.682129	-0.394043	-0.471191	8.250390	25.019698	130.608065
04432		-4.206158	1.374298	8.923881	-0.001903	0.088156	-0.022996	-0.675293	-0.401611	-0.479980	8.249392	25.068007	130.604626
04433		-4.249175	1.084550	8.985951	0.018161	0.095791	-0.019799	-0.685059	-0.390137	-0.472656	8.260289	25.121669	130.603605
04434		-4.164016	1.012878	8.978991	0.037165	0.103925	-0.008672	-0.689209	-0.392334	-0.484863	8.286101	25.177740	130.610593
04435		-4.093075	1.121609	8.936985	0.047404	0.124599	-0.013186	-0.685791	-0.385742	-0.472900	8.316636	25.247178	130.616385
04436		-4.099841	1.134735	8.840266	0.043921	0.144179	-0.007966	-0.679932	-0.391602	-0.474854	8.348133	25.326004	130.627584
04437		-4.188069	1.140579	8.802966	0.050673	0.154840	-0.006812	-0.684082	-0.392578	-0.477539	8.383492	25.412030	130.640248
04438		-4.204091	1.256582	8.787273	0.055618	0.170094	-0.004369	-0.680176	-0.397705	-0.481445	8.423778	25.505231	130.656233
04439		-4.243884	1.360106	8.748474	0.057148	0.174780	-0.008810	-0.680176	-0.393066	-0.476074	8.463203	25.602701	130.669643
04440		-4.363113	1.394074	8.723275	0.061370	0.174392	-0.012684	-0.680908	-0.396484	-0.482910	8.504819	25.699020	130.680975
04441		-4.387218	1.501325	8.665660	0.052724	0.171345	-0.020331	-0.676514	-0.397217	-0.486328	8.538545	25.795503	130.686985
04442		-4.309204	1.542047	8.648285	0.035502	0.158554	-0.032972	-0.679443	-0.395752	-0.480469	8.559215	25.884565	130.684185
04443		-4.364254	1.539484	8.604935	0.019959	0.157803	-0.039764	-0.668945	-0.402344	-0.482422	8.568335	25.975031	130.676765
04444		-4.378747	1.390989	8.629196	-0.002699	0.148409	-0.051108	-0.673096	-0.405518	-0.478516	8.561681	26.059894	130.661591
04445		-4.299688	1.327989	8.722134	-0.007018	0.145608	-0.049801	-0.674072	-0.397949	-0.485107	8.552040	26.144308	130.646666
04446		-4.381138	1.335412	8.724887	-0.009402	0.155330	-0.049713	-0.670410	-0.403076	-0.490967	8.542160	26.232968	130.632978
04447		-4.374927	1.358218	8.709372	-0.019557	0.154293	-0.055552	-0.667480	-0.390381	-0.489746	8.524028	26.322780	130.615182
04448		-4.472794	1.262258	8.706742	-0.017067	0.152323	-0.052795	-0.667969	-0.395508	-0.482910	8.508694	26.409992	130.599185
04449		-4.463186	1.369191	8.614933	-0.029608	0.143918	-0.058488	-0.660889	-0.402100	-0.493164	8.483452	26.494161	130.578458
04450		-4.481355	1.243120	8.708139	-0.029954	0.136086	-0.061686	-0.668701	-0.397705	-0.485840	8.457447	26.572910	130.555197
04451		-4.501634	1.389170	8.599326	-0.048930	0.124802	-0.065523	-0.667236	-0.403076	-0.490234	8.418230	26.646819	130.528091
04452		-4.473303	1.335696	8.685228	-0.056568	0.121282	-0.071284	-0.667236	-0.391602	-0.488281	8.373501	26.717952	130.497211
04453		-4.444435	1.330739	8.717324	-0.062765	0.118867	-0.076594	-0.661865	-0.398193	-0.493652	8.322822	26.789380	130.462365
04454		-4.379624	1.355985	8.722850	-0.067551	0.127928	-0.078933	-0.669678	-0.395996	-0.490967	8.269734	26.864866	130.427062
04455		-4.417161	1.150477	8.747728	-0.069510	0.139213	-0.080435	-0.671875	-0.400635	-0.490967	8.214772	26.948078	130.391458
04456		-4.500824	0.968254	8.803118	-0.054558	0.145609	-0.071889	-0.664551	-0.394287	-0.490479	8.171716	27.032959	130.362055
04457		-4.498490	0.965216	8.779052	-0.048192	0.151971	-0.058200	-0.660889	-0.395752	-0.487549	8.135743	27.121541	130.341571
04458		-4.449862	1.025196	8.778636	-0.030895	0.159695	-0.055013	-0.657471	-0.402588	-0.493896	8.111588	27.213014	130.324047
04459		-4.486251	1.092228	8.803496	-0.014349	0.174418	-0.045526	-0.649414	-0.396729	-0.503662	8.099509	27.313278	130.313560
04460		-4.444908	1.196670	8.707043	-0.001727	0.185715	-0.047055	-0.647705	-0.401855	-0.490967	8.095399	27.418861	130.303405
04461		-4.384577	1.215557	8.741043	0.005830	0.205645	-0.054144	-0.651123	-0.402100	-0.491943	8.093588	27.537517	130.290198
04462		-4.375307	1.221528	8.827247	0.013364	0.235845	-0.058528	-0.646484	-0.396484	-0.497070	8.096787	27.672461	130.277236
04463		-4.429532	1.114370	8.827583	0.035749	0.269490	-0.056998	-0.647705	-0.395752	-0.487549	8.113921	27.827537	130.268016
04464		-4.376778	1.123503	8.889122	0.061184	0.311289	-0.059193	-0.654785	-0.398682	-0.494385	8.147523	28.005335	130.261604
04465		-4.411273	1.042307	8.949816	0.089697	0.358053	-0.057099	-0.643311	-0.394531	-0.501221	8.199411	28.210623	130.260663
04466		-4.442132	0.924471	8.971685	0.127481	0.410912	-0.050345	-0.640869	-0.405762	-0.502197	8.278241	28.444195	130.269599
04467		-4.475446	0.993061	8.937638	0.156325	0.474595	-0.044115	-0.640625	-0.404541	-0.503174	8.377846	28.714437	130.288656
04468		-4.350444	1.054052	8.984948	0.190640	0.529318	-0.041656	-0.636963	-0.405273	-0.501709	8.501614	29.014356	130.315566
04469		-4.474918	1.231805	8.859301	0.216344	0.601808	-0.038857	-0.632568	-0.411133	-0.509277	8.644188	29.356098	130.351885
04470		-4.410189	1.185269	8.930556	0.204459	0.666011	-0.044297	-0.630127	-0.404785	-0.510010	8.782930	29.733546	130.392540
04471		-4.405580	1.193562	8.891871	0.238008	0.749581	-0.049976	-0.625977	-0.403809	-0.516357	8.943349	30.159706	130.438899
04472		-4.260470	1.345901	8.964239	0.252541	0.848470	-0.056961	-0.619873	-0.408447	-0.511963	9.116990	30.641337	130.493039
04473		-4.339001	1.375454	8.962955	0.266814	0.961248	-0.074739	-0.613525	-0.414795	-0.520020	9.299588	31.189152	130.549121
04474		-4.382424	1.343479	9.023991	0.279204	1.091295	-0.092947	-0.594482	-0.419434	-0.515869	9.493065	31.811103	130.610279
04475		-4.321355	1.410672	9.122197	0.297632	1.234523	-0.115344	-0.588867	-0.415283	-0.530762	9.699075	32.516744	130.675199
04476		-4.259751	1.070131	9.497758	0.327133	1.420772	-0.116755	-0.581299	-0.421875	-0.531006	9.936925	33.326632	130.765106
04477		-4.218149	0.937967	9.561089	0.328406	1.643018	-0.107840	-0.573975	-0.418945	-0.536865	10.196852	34.261356	130.892479
04478		-4.024920	0.890560	9.960085	0.426826	1.900176	-0.099834	-0.560059	-0.429443	-0.540039	10.541821	35.338927	131.065694
04479		-3.820545	1.047598	10.049671	0.391972	2.206282	-0.096829	-0.536377	-0.432373	-0.552490	10.899836	36.588104	131.291374
04480		-4.024500	0.709735	10.016177	0.380050	2.553102	-0.097268	-0.515137	-0.435059	-0.548096	11.293938	38.030607	131.579724
04481		-3.641385	1.071439	10.046382	0.333280	2.941115	-0.120046	-0.493164	-0.434082	-0.552734	11.703655	39.692158	131.926973
04482		-3.775049	0.796563	10.103512	0.222903	3.411965	-0.198855	-0.475098	-0.438721	-0.570068	12.085362	41.624857	132.314352
04483		-3.466598	1.433581	10.060996	0.131948	3.905202	-0.338401	-0.433105	-0.450439	-0.572266	12.427217	43.848715	132.705379
04484		-3.450449	0.896369	10.476447	0.066317	4.451816	-0.410310	-0.403564	-0.445313	-0.579346	12.798124	46.385456	133.172915
04485		-3.450746	2.027756	10.920297	0.087892	5.001289	-0.436727	-0.364502	-0.447021	-0.593262	13.295787	49.229257	133.775307
04486		-4.763360	2.827589	11.312287	0.064176	5.586812	-0.431209	-0.311768	-0.448486	-0.589355	13.968026	52.394588	134.592859
04487		-6.856779	4.506586	11.257517	0.179016	6.124322	-0.406960	-0.267578	-0.453613	-0.589355	14.973742	55.845802	135.705789
04488		-9.304894	5.502951	10.882600	0.420257	6.547040	-0.606829	-0.211426	-0.458252	-0.596924	16.289115	59.548247	136.974521
04489		-13.659716	2.243460	12.256986	0.820196	6.694559	-0.799928	-0.165283	-0.464600	-0.584473	18.038321	63.343244	138.428612
04490		-19.205500	3.693151	13.593662	1.145550	6.477737	-0.883829	-0.110352	-0.475342	-0.582031	20.302088	67.011572	140.196756
04491		-19.550018	4.575203	14.480187	1.265350	6.028904	-1.104411	-0.063965	-0.480713	-0.571045	22.776631	70.451490	142.071758
04492		-15.280502	6.310549	14.321458	1.217030	5.644457	-1.407694	-0.026611	-0.492432	-0.547852	25.276234	73.729966	143.963209
04493		-10.657319	7.030125	13.799840	0.959171	5.325666	-1.732362	0.021240	-0.489014	-0.536865	27.622825	76.897707	145.818677
04494		-4.808090	6.489167	12.655170	0.578503	5.038133	-2.008366	0.057861	-0.496338	-0.507324	29.809071	79.978334	147.709529
04495		0.021789	5.869629	10.384858	0.346597	4.851047	-2.170157	0.094727	-0.491943	-0.495361	32.504017	82.993004	150.231265
04496		4.771230	2.416996	7.323311	0.336336	4.892716	-2.273174	0.126465	-0.480225	-0.490723	38.663404	86.030462	156.221671
04497		-9.444498	-2.607573	10.030686	0.753351	5.038772	-2.828303	0.148193	-0.482910	-0.470947	76.632688	89.100019	-166.223460
04498		-17.982876	0.682154	19.572443	1.224094	3.149287	-2.567211	0.178467	-0.486084	-0.449463	-159.365261	88.295785	-42.913220
04499		-16.319854	3.657676	18.020169	1.765557	0.722943	-2.322437	0.170898	-0.480225	-0.435303	-135.277258	87.216807	-19.822580
04500		-11.450460	6.961471	16.199421	1.703508	-1.426485	-1.973292	0.164307	-0.495117	-0.439697	-109.709825	86.694619	4.800662
04501		-7.069310	8.371154	12.887748	1.140980	-2.926398	-1.572828	0.133789	-0.493164	-0.463867	-81.335176	85.942889	32.573648
04502		-4.171789	7.650555	10.110191	0.465213	-3.776316	-1.269991	0.104004	-0.502441	-0.473389	-59.415680	84.507078	54.296966
04503		-2.354558	6.117474	7.421735	-0.076156	-4.268446	-0.976557	0.058838	-0.508301	-0.485107	-45.251095	82.551865	68.590375
04504		-0.401192	4.874278	5.607195	-0.458722	-4.475277	-0.687013	0.014404	-0.509766	-0.499756	-36.314786	80.345679	77.889239
04505		0.845801	3.483889	4.337668	-0.721298	-4.410073	-0.432937	-0.028564	-0.512695	-0.510986	-30.447047	78.088783	84.278315
04506		1.033985	2.113869	3.909477	-0.748261	-4.228395	-0.224094	-0.066406	-0.519775	-0.525879	-26.355013	75.893587	88.915649
04507		-0.474508	1.053101	4.645271	-0.528166	-4.078435	-0.031115	-0.126709	-0.525635	-0.533936	-23.071895	73.753227	92.626395
04508		-2.417266	0.117102	5.439704	-0.145356	-4.174820	0.197139	-0.181641	-0.525635	-0.522705	-19.991437	71.566956	95.938468
04509		-3.440860	0.083674	6.050322	0.291615	-4.435621	0.452691	-0.236572	-0.541992	-0.523438	-16.847186	69.226229	99.093803
04510		-3.346621	0.589144	6.097860	0.654628	-4.725850	0.684970	-0.310303	-0.559082	-0.521973	-13.758443	66.715118	102.018655
04511		-2.888912	1.688701	5.954716	0.832042	-4.887450	0.851299	-0.377197	-0.572998	-0.497559	-10.911933	64.071081	104.619689
04512		-2.693878	2.445125	5.523990	0.784629	-4.895929	0.938383	-0.439941	-0.587158	-0.479248	-8.507085	61.393757	106.816914
04513		-2.829529	2.432164	5.582439	0.621883	-4.814168	0.972713	-0.508301	-0.601563	-0.442871	-6.546667	58.718960	108.662485
04514		-3.665356	1.267085	6.247208	0.541429	-4.743979	1.004851	-0.582520	-0.603027	-0.408447	-4.909496	56.068853	110.235342
04515		-4.385767	0.211473	7.218880	0.649274	-4.738594	1.045293	-0.648926	-0.619141	-0.343262	-3.400517	53.390538	111.621952
04516		-4.966502	-0.245275	8.229273	0.894662	-4.789800	1.068959	-0.714844	-0.618408	-0.279297	-1.934178	50.674538	112.829272
04517		-5.444239	-0.247089	8.926570	1.179558	-4.856170	1.046665	-0.775635	-0.625244	-0.194580	-0.481881	47.891049	113.847254
04518		-5.695411	-0.114872	9.281807	1.429551	-4.886263	0.993361	-0.818359	-0.613525	-0.115479	0.930325	45.086021	114.662481
04519		-6.004052	-0.197015	9.460604	1.615756	-4.817041	0.934719	-0.836670	-0.607666	-0.010498	2.302883	42.297240	115.302284
04520		-6.875366	-0.424878	9.808366	1.764416	-4.657101	0.916264	-0.833984	-0.599854	0.074707	3.652862	39.601949	115.816796
04521		-8.036806	-0.022625	10.713411	1.877328	-4.458548	0.920728	-0.818604	-0.587402	0.160400	5.000049	36.999763	116.247303
04522		-9.905969	1.019609	12.189437	1.913144	-4.307505	0.922433	-0.798828	-0.579590	0.227539	6.303603	34.488273	116.599303
04523		-12.204447	1.807394	13.635242	1.834595	-4.285535	0.920780	-0.763184	-0.569336	0.280273	7.511668	31.972014	116.877178
04524		-14.043726	1.677186	14.235660	1.741156	-4.374934	0.942589	-0.727295	-0.569580	0.340820	8.621216	29.410844	117.093072
04525		-14.600485	1.376045	13.824925	1.707889	-4.446936	0.989728	-0.682861	-0.556396	0.366211	9.688776	26.790234	117.272233
04526		-14.777471	1.310281	13.095180	1.736331	-4.381955	1.061576	-0.626953	-0.561279	0.394287	10.759512	24.207830	117.444485
04527		-16.015141	1.870707	12.805173	1.769225	-4.250507	1.170138	-0.568115	-0.553955	0.408447	11.855205	21.673953	117.643270
04528		-17.717190	2.328386	12.454239	1.713793	-4.182631	1.371254	-0.527100	-0.551270	0.398193	12.933925	19.160966	117.915750
04529		-17.833575	2.392460	11.224811	1.583807	-4.150691	1.673266	-0.497070	-0.551025	0.376709	13.969034	16.611646	118.317081
04530		-16.541343	2.197663	9.502440	1.377769	-4.001015	1.952854	-0.465088	-0.556396	0.360596	14.901443	14.108836	118.850479
04531		-15.503566	1.703162	8.006575	1.159921	-3.637901	2.134635	-0.450195	-0.568848	0.320068	15.715298	11.763335	119.498678
04532		-15.668562	1.090332	7.100048	0.975854	-3.189305	2.226594	-0.447510	-0.573486	0.299561	16.412658	9.650410	120.233887
04533		-16.112756	0.782439	6.450303	0.840881	-2.788773	2.278591	-0.449707	-0.579590	0.265869	17.019504	7.733613	121.036019
04534		-16.229566	-0.053107	5.386388	0.760500	-2.418213	2.338259	-0.460693	-0.587891	0.255127	17.561611	6.008521	121.911731
04535		-16.278332	-1.517369	4.051985	0.749117	-2.048420	2.370984	-0.471680	-0.584229	0.239258	18.080103	4.465871	122.851735
04536		-17.024504	-2.076784	2.488985	0.784329	-1.716413	2.299939	-0.487549	-0.584961	0.232178	18.593573	3.113783	123.797253
04537		-17.820641	-2.836312	1.711940	0.738698	-1.388668	2.117948	-0.490234	-0.589355	0.220459	19.059451	1.961091	124.691824
04538		-18.003592	-3.860373	0.398005	0.601590	-1.109003	1.875172	-0.501709	-0.582520	0.216797	19.426579	1.003050	125.498980
04539		-16.287839	-4.318828	-1.094117	0.340509	-0.777253	1.584322	-0.517334	-0.585449	0.210449	19.632143	0.273599	126.207541
04540		-15.404908	-4.562627	-1.166413	-0.022144	-0.296789	1.221710	-0.525391	-0.582764	0.200195	19.621786	-0.125729	126.811659
04541		-15.763109	-4.837234	-0.429352	-0.369631	0.170278	0.825283	-0.517578	-0.580322	0.190674	19.410811	-0.196463	127.291850
04542		-11.799157	-4.004663	3.742191	-0.891232	0.776882	0.354503	-0.519043	-0.572510	0.180664	18.901592	0.153340	127.631732
04543		3.139721	-6.578302	3.781189	-0.326022	2.233943	0.140254	-0.522705	-0.576416	0.176514	18.722856	1.335676	128.122585
04544		-3.994554	4.455031	11.972743	-0.917665	2.288565	-0.576259	-0.517090	-0.576172	0.163086	18.202248	2.680000	128.226721
04545		6.789907	11.858930	8.382970	-1.794190	2.291706	-1.575388	-0.505371	-0.570557	0.153076	17.147911	4.201828	127.766622
04546		9.109093	11.123159	3.784624	-2.574537	2.825130	-2.273531	-0.505371	-0.577148	0.140381	15.602738	6.118156	126.972161
04547		-2.100332	1.791580	7.062396	-2.187125	3.713386	-1.460626	-0.492432	-0.573975	0.111328	14.319000	8.385631	126.713206
04548		-13.029413	-0.174683	13.781758	-1.494590	3.990215	-0.298343	-0.490479	-0.568848	0.093994	13.528888	10.641975	127.105106
04549		-12.435321	-5.197875	16.241070	-1.285824	3.470308	-0.394251	-0.479980	-0.567627	0.089600	12.842771	12.626044	127.346167
04550		-9.220481	-11.445915	15.148791	-0.778144	3.011702	-0.689522	-0.478516	-0.564209	0.071289	12.396973	14.392475	127.339874
04551		-9.983832	-2.784768	14.302528	-0.225269	2.718209	-0.656425	-0.470215	-0.561279	0.067871	12.259960	15.991715	127.306076
04552		-10.519565	4.671677	13.156686	-0.206837	2.284131	-0.531634	-0.464844	-0.565918	0.066406	12.137379	17.331487	127.286485
04553		-7.723491	5.542275	10.673181	-0.297025	1.949248	-0.282271	-0.461914	-0.566162	0.049561	11.992951	18.455513	127.367938
04554		-6.224864	3.485812	10.001100	-0.496935	1.740278	-0.375184	-0.455322	-0.568848	0.046631	11.708683	19.471774	127.364590
04555		-6.401002	1.645231	9.973632	-0.568669	1.540457	-0.461483	-0.449463	-0.561279	0.043457	11.354686	20.387822	127.279171
04556		-8.591118	2.878208	10.478402	-0.660698	1.303444	-0.494325	-0.449951	-0.563721	0.035400	10.927935	21.171586	127.138963
04557		-7.830788	1.527236	10.586936	-0.686929	0.926834	-0.412856	-0.447998	-0.561523	0.032227	10.483671	21.736082	126.997778
04558		-5.839843	-0.263353	10.269295	-0.625065	0.667894	-0.345522	-0.440918	-0.562744	0.023438	10.077156	22.144275	126.864152
04559		-4.642294	0.001305	9.974383	-0.515657	0.550644	-0.267421	-0.441162	-0.558838	0.029541	9.743852	22.480475	126.762263
04560		-5.339832	0.616270	9.986138	-0.438923	0.432679	-0.205308	-0.435547	-0.558105	0.027100	9.463917	22.740894	126.684233
04561		-4.440796	0.911805	9.511926	-0.391952	0.309957	-0.153644	-0.428711	-0.555664	0.022705	9.216588	22.929561	126.623802
04562		-4.159676	1.082718	9.351291	-0.361435	0.277259	-0.135244	-0.440430	-0.557861	0.023682	8.990343	23.095062	126.570830
04563		-4.150865	1.083420	9.223165	-0.328878	0.241778	-0.120293	-0.445068	-0.553955	0.021729	8.783576	23.241756	126.522593
04564		-4.110485	1.055414	9.172753	-0.307543	0.224078	-0.107664	-0.432617	-0.553955	0.018066	8.592142	23.374392	126.480196
04565		-4.325978	0.839365	9.253321	-0.279138	0.192385	-0.086512	-0.440918	-0.553711	0.022705	8.419658	23.489943	126.447099
04566		-4.067173	0.902668	9.169826	-0.249008	0.168510	-0.066678	-0.438232	-0.566650	0.021484	8.269339	23.587434	126.424065
04567		-4.205367	1.052334	9.176683	-0.211954	0.146806	-0.050206	-0.435059	-0.552002	0.016846	8.142288	23.674017	126.408653
04568		-4.288471	1.144451	9.115267	-0.181381	0.118397	-0.037058	-0.424805	-0.561035	0.024902	8.036055	23.740598	126.399054
04569		-4.230451	1.285629	9.016934	-0.157575	0.085831	-0.027726	-0.430176	-0.552979	0.014404	7.943440	23.790753	126.391900
04570		-4.197873	1.134522	9.011188	-0.141374	0.071454	-0.023022	-0.434082	-0.553223	0.020508	7.861898	23.829559	126.386721
04571		-4.070502	1.230260	9.016844	-0.126139	0.065223	-0.027222	-0.430420	-0.561768	0.021729	7.786635	23.867970	126.377966
04572		-4.037555	1.281512	8.904568	-0.116189	0.065327	-0.027017	-0.435303	-0.556885	0.016357	7.718256	23.903594	126.369674
04573		-4.082202	1.285830	8.877390	-0.115858	0.070411	-0.033414	-0.427734	-0.555664	0.016113	7.647455	23.945402	126.357407
04574		-4.078323	1.127614	8.908615	-0.112013	0.068858	-0.042887	-0.434570	-0.557617	0.012451	7.577531	23.984216	126.339445
04575		-3.928095	0.989946	8.965472	-0.110773	0.081183	-0.037431	-0.422119	-0.555176	0.010498	7.508929	24.032418	126.325455
04576		-4.019120	0.980025	8.993157	-0.095536	0.097285	-0.030940	-0.437256	-0.553711	0.011230	7.452350	24.086453	126.317136
04577		-4.115643	0.984628	8.988268	-0.079808	0.109382	-0.028514	-0.425293	-0.552490	0.020020	7.404602	24.149976	126.310862
04578		-4.039628	1.163350	8.880894	-0.073622	0.110679	-0.028370	-0.427979	-0.546875	0.015625	7.361616	24.211419	126.305116
04579		-4.022634	1.286149	8.871197	-0.078994	0.118008	-0.028857	-0.421631	-0.551758	0.012695	7.314466	24.279855	126.299203
04580		-4.173065	1.266331	8.880781	-0.083531	0.126481	-0.039857	-0.428223	-0.547363	0.006836	7.263311	24.351105	126.287438
04581		-4.252253	1.084015	8.870223	-0.089278	0.114445	-0.042022	-0.425293	-0.557617	0.012939	7.206709	24.418453	126.272895
04582		-4.266582	1.087183	8.834863	-0.094592	0.106437	-0.045596	-0.425293	-0.556641	0.007080	7.146988	24.478699	126.255804
04583		-4.211127	1.213389	8.729995	-0.109505	0.095636	-0.048818	-0.427979	-0.548096	0.011719	7.076328	24.535818	126.235379
04584		-4.126942	1.268026	8.725153	-0.128054	0.085255	-0.054372	-0.434326	-0.547852	0.013672	6.994370	24.584596	126.210988
04585		-4.102669	1.500460	8.691531	-0.156794	0.077165	-0.060488	-0.426025	-0.553223	0.016846	6.892895	24.631968	126.181670
04586		-4.154317	1.453861	8.646823	-0.189781	0.067284	-0.070261	-0.422852	-0.545898	0.008789	6.770738	24.671526	126.145777
04587		-4.299099	1.219866	8.762793	-0.216197	0.055028	-0.074419	-0.427490	-0.557373	0.007813	6.630820	24.707120	126.105899
04588		-4.295290	0.992482	8.806925	-0.216699	0.036951	-0.071448	-0.425293	-0.554688	0.005859	6.491883	24.729336	126.066852
04589		-4.188146	0.733825	8.956648	-0.211650	0.032690	-0.068884	-0.431152	-0.547852	0.009033	6.355260	24.751693	126.028680
04590		-4.184539	0.555790	9.076953	-0.186309	0.039192	-0.062043	-0.419434	-0.558594	-0.000244	6.236190	24.774431	125.995559
04591		-4.192974	0.551580	9.044497	-0.154646	0.052591	-0.051987	-0.426514	-0.550537	0.008545	6.137125	24.806930	125.969218
04592		-4.100221	0.815410	8.981355	-0.131624	0.063239	-0.047073	-0.427002	-0.542236	0.008545	6.053933	24.842351	125.947003
04593		-4.081382	0.862812	8.889371	-0.129076	0.072274	-0.048708	-0.423828	-0.546387	0.006836	5.970820	24.885783	125.923891
04594		-4.112490	0.907113	8.820809	-0.132239	0.083895	-0.051712	-0.427246	-0.554443	-0.001465	5.886531	24.933192	125.899980
04595		-4.068632	1.191326	8.791378	-0.135285	0.087536	-0.057498	-0.424805	-0.546631	0.008057	5.797842	24.985761	125.872169
04596		-4.191124	1.094040	8.767466	-0.154646	0.084668	-0.064336	-0.433838	-0.540039	0.008545	5.697262	25.034266	125.840181
04597		-4.145116	0.864098	8.873152	-0.152278	0.088259	-0.069132	-0.422607	-0.544678	0.007080	5.595650	25.087807	125.804893
04598		-4.083613	0.971395	8.935461	-0.141200	0.108511	-0.070021	-0.426025	-0.545166	0.006348	5.501727	25.150123	125.770569
04599		-4.035904	0.823606	9.036251	-0.120321	0.137564	-0.075264	-0.422119	-0.545410	0.003174	5.417883	25.231999	125.734165
04600		-4.040872	0.840722	9.081483	-0.110117	0.171527	-0.071774	-0.425537	-0.542480	0.003906	5.342702	25.330264	125.702231
04601		-4.042312	0.798201	9.078313	-0.088977	0.199170	-0.081445	-0.429688	-0.541260	0.004883	5.276454	25.447492	125.665244
04602		-4.098363	0.695203	9.108581	-0.060843	0.243517	-0.092944	-0.423828	-0.541016	0.002197	5.225288	25.587877	125.623799
04603		-4.139319	0.884789	9.017706	-0.042200	0.280818	-0.081722	-0.426025	-0.545410	0.003174	5.187494	25.751609	125.591020
04604		-4.137840	0.828010	9.112741	-0.021742	0.321266	-0.088903	-0.418945	-0.543945	-0.000244	5.161442	25.936100	125.556280
04605		-4.015673	1.038126	9.236095	-0.019128	0.364008	-0.114620	-0.416260	-0.542236	0.006836	5.129465	26.148927	125.507063
04606		-3.960204	1.027371	9.265849	-0.020461	0.422240	-0.129275	-0.416260	-0.551025	-0.003906	5.094931	26.393069	125.452028
04607		-3.883530	1.001288	9.379712	-0.036533	0.492119	-0.150241	-0.411865	-0.538574	-0.011230	5.045479	26.680689	125.386819
04608		-3.768784	0.619720	9.613107	-0.051768	0.585767	-0.174493	-0.421387	-0.539307	-0.001953	4.983253	27.020346	125.311290
04609		-3.765091	0.527305	9.755399	-0.048161	0.711703	-0.204183	-0.415527	-0.551514	-0.005859	4.915679	27.435747	125.222565
04610		-3.710614	0.003406	10.071835	0.024732	0.859361	-0.246907	-0.408936	-0.549805	-0.002197	4.881014	27.934995	125.114123
04611		-3.720248	0.581492	9.911279	0.072254	1.048485	-0.251944	-0.405518	-0.555664	-0.013672	4.874467	28.544736	125.011598
04612		-3.705222	-0.102872	10.365895	0.142803	1.288570	-0.204250	-0.415527	-0.547852	-0.008301	4.929870	29.286922	124.953760
04613		-3.568627	-0.101900	10.406657	0.205173	1.557698	-0.166994	-0.398682	-0.554688	-0.016846	5.039143	30.183069	124.936004
04614		-3.542825	0.220641	10.658844	0.292348	1.874621	-0.133478	-0.395264	-0.553223	-0.013184	5.221715	31.256261	124.962459
04615		-3.251867	0.578434	10.868822	0.391058	2.205705	-0.128759	-0.397461	-0.553467	-0.020996	5.475242	32.519856	125.017326
04616		-3.073090	0.739052	10.896408	0.479146	2.568011	-0.148830	-0.385986	-0.555908	-0.030518	5.792267	33.989034	125.091964
04617		-2.893392	0.715603	10.751378	0.537422	2.977289	-0.179873	-0.379883	-0.559570	-0.031006	6.154397	35.694414	125.185949
04618		-2.390368	0.774766	10.971464	0.520924	3.460659	-0.228583	-0.368164	-0.560303	-0.042725	6.522640	37.676080	125.300084
04619		-2.129460	0.260529	10.688864	0.417271	4.038637	-0.352811	-0.359863	-0.562988	-0.047852	6.818620	39.995421	125.389925
04620		-2.338917	-0.809514	10.506885	0.277882	4.681441	-0.493279	-0.344482	-0.564209	-0.050781	7.019283	42.688692	125.450267
04621		-2.252939	0.381313	10.781076	0.108111	5.343579	-0.677570	-0.327881	-0.569336	-0.062500	7.073983	45.771816	125.439149
04622		-2.337533	1.304789	10.703877	-0.029379	6.119296	-0.876210	-0.318848	-0.566650	-0.072998	6.986109	49.309485	125.340812
04623		-7.256888	3.945126	11.429534	0.014116	6.771209	-0.985492	-0.284180	-0.573730	-0.077148	6.881844	53.225193	125.196064
04624		-9.340229	6.160652	12.070633	0.133659	6.929309	-1.089602	-0.269531	-0.572510	-0.084961	6.749681	57.237931	124.940185
04625		-12.932910	2.719165	14.044065	0.483608	7.054680	-1.137106	-0.242676	-0.580566	-0.085693	6.740955	61.324275	124.606610
04626		-18.312955	5.376858	15.593384	0.595325	6.737366	-1.280242	-0.221191	-0.575684	-0.093750	6.527499	65.239950	123.984254
04627		-20.243683	4.810359	13.103236	0.516683	6.379590	-1.539904	-0.192383	-0.577393	-0.091064	5.671846	68.963558	122.733198
04628		-18.960332	4.956301	15.310380	0.659567	5.790850	-1.733356	-0.169922	-0.591064	-0.091797	4.039986	72.350781	120.602399
04629		-11.898381	6.402748	14.505373	0.708592	5.158478	-1.940350	-0.147217	-0.586182	-0.089844	1.076077	75.348938	117.093607
04630		-3.104966	5.540863	12.885849	0.639228	4.767427	-2.160979	-0.121582	-0.596436	-0.092529	-4.084118	78.047216	111.414946
04631		3.801741	4.395393	8.710853	0.692273	4.587166	-2.298525	-0.104736	-0.593750	-0.088623	-12.539524	80.458869	102.405522
04632		2.959600	-3.013685	3.638069	0.950166	5.025197	-2.810840	-0.074463	-0.582764	-0.083740	-29.002413	82.601893	85.214734
04633		-13.912985	-2.426975	13.710178	1.535600	4.635971	-2.829577	-0.060059	-0.593018	-0.088867	-52.691109	83.570286	60.470319
04634		-15.252841	2.802639	16.371010	2.472873	2.668026	-2.511695	-0.042480	-0.600098	-0.084229	-68.686908	83.059070	42.938759
04635		-14.026726	8.182564	16.290807	2.614261	0.681345	-2.166054	-0.026123	-0.598633	-0.077637	-73.036577	82.014462	37.039036
04636		-9.817262	11.034008	14.686815	1.823534	-1.091662	-1.673139	-0.023926	-0.599365	-0.081055	-70.034149	80.908926	39.016898
04637		-6.534800	10.401712	11.846807	0.799476	-2.438556	-1.160088	-0.028076	-0.598633	-0.087891	-63.506049	79.746653	45.170825
04638		-3.796505	8.203992	9.500731	-0.054760	-3.292543	-0.756028	-0.030273	-0.594727	-0.111084	-56.177997	78.422722	52.663395
04639		-1.045600	5.673754	7.302907	-0.574984	-3.687792	-0.379949	-0.036621	-0.588379	-0.121338	-49.331186	76.966192	60.003576
04640		1.060878	3.787629	5.296198	-0.829938	-3.739554	-0.055745	-0.047119	-0.581787	-0.121338	-43.544619	75.464282	66.448898
04641		2.009329	2.061415	3.881491	-0.820085	-3.597905	0.207904	-0.067383	-0.572754	-0.142822	-38.668568	73.983123	71.985529
04642		1.560334	0.879312	3.742765	-0.580325	-3.419369	0.426274	-0.076416	-0.563477	-0.146729	-34.448795	72.553073	76.736879
04643		0.298905	-0.145093	4.103555	-0.174985	-3.353465	0.657434	-0.085938	-0.566895	-0.151611	-30.395387	71.125163	81.103004
04644		-0.580389	-0.346566	4.642388	0.300612	-3.429251	0.900892	-0.099121	-0.562988	-0.158936	-26.315938	69.639035	85.248778
04645		-1.238085	0.109030	5.243570	0.729715	-3.581555	1.133366	-0.119873	-0.557129	-0.157227	-22.158124	68.024278	89.253421
04646		-1.966761	0.773288	5.976086	1.021708	-3.758596	1.332872	-0.129150	-0.552002	-0.146729	-18.101276	66.262355	93.018266
04647		-2.634134	1.647571	6.554651	1.132204	-3.942831	1.489295	-0.155762	-0.555908	-0.151123	-14.275199	64.318717	96.509826
04648		-3.255435	2.483330	7.104520	1.059617	-4.114107	1.597975	-0.154541	-0.560303	-0.151855	-10.865500	62.214158	99.645306
04649		-3.942927	2.683925	7.604120	0.874723	-4.286964	1.675853	-0.177490	-0.551025	-0.140869	-7.903367	59.933887	102.450626
04650		-4.523506	1.964124	8.043322	0.703251	-4.478711	1.727486	-0.190186	-0.549316	-0.136719	-5.385945	57.496260	104.922317
04651		-4.828530	0.694992	8.370189	0.696184	-4.653978	1.777860	-0.193359	-0.545410	-0.129639	-3.155689	54.898414	107.119404
04652		-5.203916	-0.153698	8.662047	0.866588	-4.808846	1.813925	-0.194580	-0.545166	-0.128906	-1.108385	52.180354	109.044937
04653		-5.123353	-0.147154	8.632128	1.089672	-4.906517	1.801528	-0.201416	-0.538574	-0.134277	0.803173	49.356453	110.699501
04654		-4.815443	-0.000695	8.501535	1.273909	-4.887091	1.730985	-0.208008	-0.543701	-0.146240	2.546446	46.525166	112.061650
04655		-4.845894	-0.092447	8.492640	1.404604	-4.730959	1.628215	-0.200195	-0.542236	-0.143799	4.139321	43.748703	113.165978
04656		-5.628176	-0.336802	9.040240	1.525537	-4.493569	1.530409	-0.206787	-0.554443	-0.152100	5.616294	41.105388	114.056844
04657		-6.545674	-0.144033	9.763224	1.622569	-4.236595	1.442448	-0.200195	-0.552490	-0.164307	7.017779	38.585324	114.785321
04658		-7.658250	1.173703	11.738502	1.685198	-4.005847	1.305583	-0.206543	-0.555176	-0.189453	8.319732	36.207303	115.336326
04659		-11.174306	1.860421	14.740962	1.729737	-3.968554	1.169629	-0.211670	-0.578125	-0.200684	9.535373	33.840302	115.719138
04660		-14.002107	2.253956	16.147254	1.771980	-4.251231	1.127517	-0.227539	-0.590088	-0.216797	10.687176	31.325305	115.969430
04661		-14.528071	3.096361	15.894209	1.789951	-4.589685	1.168395	-0.242920	-0.602295	-0.229492	11.802698	28.598943	116.139803
04662		-14.414381	3.912479	15.207880	1.752415	-4.735134	1.279823	-0.273193	-0.622803	-0.246826	12.879881	25.788148	116.295930
04663		-15.425537	4.041794	14.623025	1.652757	-4.650630	1.516324	-0.306885	-0.636963	-0.264160	13.936276	22.978610	116.549086
04664		-16.829711	3.429184	13.887636	1.567786	-4.527765	1.858694	-0.353271	-0.658691	-0.269775	14.988877	20.196797	116.963707
04665		-17.762323	2.822473	12.894182	1.525267	-4.450944	2.189563	-0.385254	-0.662354	-0.261963	16.047785	17.388781	117.522859
04666		-17.584799	2.518756	11.275912	1.394086	-4.315693	2.472388	-0.430420	-0.679443	-0.254395	17.036408	14.611147	118.205271
04667		-16.974995	2.624464	9.405180	1.124451	-4.029100	2.644804	-0.468994	-0.676514	-0.233887	17.863496	11.940765	118.981760
04668		-16.433859	2.142861	7.844341	0.758479	-3.624303	2.687954	-0.508301	-0.682373	-0.225586	18.454509	9.483614	119.814433
04669		-16.386222	1.010678	6.496633	0.500770	-3.160062	2.623165	-0.531494	-0.678711	-0.214600	18.870248	7.275255	120.670212
04670		-16.551141	-0.684297	5.679315	0.447706	-2.701021	2.525679	-0.559326	-0.674072	-0.202148	19.223917	5.336100	121.540229
04671		-17.080606	-2.773499	4.529993	0.603832	-2.297435	2.393279	-0.572266	-0.677979	-0.187988	19.640713	3.628352	122.399952
04672		-18.151970	-3.480201	2.864939	0.811492	-1.970363	2.160890	-0.597412	-0.668701	-0.174805	20.146657	2.141423	123.182885
04673		-18.366926	-3.956713	0.934305	0.854328	-1.567733	1.829578	-0.609863	-0.674316	-0.161133	20.657088	0.925986	123.854288
04674		-18.612811	-4.760891	-0.738683	0.751775	-1.070571	1.443682	-0.625000	-0.674561	-0.150146	21.094142	0.054020	124.410425
04675		-18.942838	-5.319058	-1.758942	0.541781	-0.559757	1.043293	-0.626465	-0.670654	-0.147461	21.405347	-0.467440	124.853062
04676		-17.133166	-3.785730	-0.905151	0.194432	-0.100961	0.617363	-0.627686	-0.667725	-0.148193	21.515265	-0.654787	125.162900
04677		-19.441813	-0.907214	-1.833825	-1.228806	1.498737	-0.011642	-0.630859	-0.664307	-0.157959	20.811752	0.144667	125.468519
04678		-10.603626	-7.363143	-4.639017	-1.870162	2.386105	-0.783389	-0.620361	-0.656250	-0.172607	19.742545	1.578551	125.523159
04679		-1.422704	-1.658988	11.266830	-1.953572	2.461626	-1.103668	-0.610840	-0.650635	-0.194092	18.619340	3.116474	125.391206
04680		0.607092	8.947990	14.300275	-2.195213	2.263541	-1.470338	-0.587646	-0.650146	-0.205322	17.336120	4.606078	124.991328
04681		5.609290	11.116303	7.785002	-2.577015	2.486890	-1.963488	-0.579346	-0.638672	-0.224121	15.797067	6.290636	124.318491
04682		0.666401	0.810143	6.235290	-2.351390	3.190402	-1.524389	-0.566650	-0.637207	-0.243408	14.404593	8.279105	123.950747
04683		-8.039291	-3.008274	12.061676	-1.484792	3.748770	-0.426944	-0.552002	-0.628418	-0.259521	13.602568	10.420010	124.239368
04684		-13.881475	-5.484463	16.897020	-1.133179	3.356543	-0.305946	-0.537598	-0.629395	-0.277344	13.009996	12.328073	124.519240
04685		-10.257325	-11.103751	15.680502	-0.737992	2.696564	-0.707978	-0.516113	-0.628418	-0.278320	12.576259	13.923202	124.466747
04686		-6.855208	-3.587717	12.742186	-0.189006	2.436477	-0.771075	-0.500000	-0.616943	-0.287842	12.436412	15.377975	124.335888
04687		-7.209564	6.590990	10.969767	-0.132213	2.265414	-0.603546	-0.486572	-0.623779	-0.302979	12.344122	16.719135	124.276343
04688		-6.162432	8.120712	9.352640	-0.325338	2.118505	-0.315952	-0.478516	-0.619141	-0.304443	12.185276	17.939941	124.363678
04689		-6.391091	3.630996	9.782065	-0.605736	1.990060	-0.425812	-0.468994	-0.623291	-0.312988	11.839013	19.105463	124.364574
04690		-8.331285	0.826303	10.800707	-0.690045	1.712142	-0.572302	-0.460693	-0.618652	-0.322754	11.402015	20.128657	124.235988
04691		-9.956860	2.764233	10.882943	-0.762696	1.307479	-0.574828	-0.443848	-0.609375	-0.318848	10.899650	20.927167	124.048009
04692		-7.173402	2.355932	9.961832	-0.801791	0.938566	-0.458361	-0.443359	-0.612549	-0.331055	10.381141	21.500480	123.880363
04693		-4.935295	-0.744888	10.344417	-0.716395	0.770982	-0.381086	-0.442383	-0.614990	-0.330566	9.917549	21.974013	123.735247
04694		-5.724806	-1.262081	10.783906	-0.583120	0.595512	-0.292343	-0.436523	-0.607910	-0.330078	9.542307	22.334967	123.622047
04695		-5.167611	0.091580	10.066575	-0.477626	0.406361	-0.192537	-0.436279	-0.595703	-0.343506	9.240627	22.582940	123.547782
04696		-4.647335	0.328991	9.851820	-0.401321	0.318860	-0.133906	-0.433350	-0.599365	-0.337402	8.993776	22.771861	123.499898
04697		-4.441571	0.312721	9.771448	-0.312890	0.258521	-0.083771	-0.433838	-0.597656	-0.342773	8.805343	22.925872	123.475680
04698		-4.434784	0.608573	9.558831	-0.242674	0.209166	-0.053845	-0.428467	-0.592773	-0.339111	8.663759	23.045406	123.465200
04699		-4.248222	0.893614	9.350868	-0.191931	0.173992	-0.029652	-0.431152	-0.597168	-0.343262	8.554100	23.146692	123.465520
04700		-4.251525	1.094634	9.163186	-0.155314	0.141676	-0.015911	-0.428955	-0.601563	-0.345947	8.469085	23.224729	123.471676
04701		-4.088426	1.240895	9.021951	-0.129751	0.122549	-0.008324	-0.420654	-0.593018	-0.340332	8.398268	23.294976	123.480120
04702		-4.050900	1.290999	8.977863	-0.116567	0.107128	-0.002967	-0.419189	-0.594727	-0.334229	8.337307	23.352364	123.490921
04703		-3.750985	1.486586	8.890273	-0.118269	0.100339	-0.006725	-0.423096	-0.592041	-0.339600	8.272665	23.409803	123.498206
04704		-3.951001	1.719540	8.841781	-0.126740	0.096419	-0.013847	-0.424805	-0.601563	-0.339844	8.202786	23.462034	123.501193
04705		-4.083721	1.441212	8.891656	-0.139049	0.081473	-0.022088	-0.420166	-0.589355	-0.335693	8.121825	23.509921	123.497192
04706		-3.992929	1.336671	8.971487	-0.144169	0.073238	-0.025440	-0.423828	-0.596191	-0.340088	8.038227	23.549944	123.490815
04707		-3.990458	1.340272	8.919512	-0.137028	0.074480	-0.030585	-0.421143	-0.587402	-0.339600	7.956074	23.594429	123.480822
04708		-4.127397	1.204582	9.004652	-0.131249	0.066495	-0.039124	-0.428955	-0.595215	-0.344238	7.876191	23.631687	123.465260
04709		-4.151430	0.967720	9.051936	-0.106921	0.061957	-0.042477	-0.417480	-0.587158	-0.346680	7.807884	23.669871	123.446715
04710		-4.050387	0.883555	9.080068	-0.087443	0.071559	-0.037317	-0.423828	-0.591309	-0.345459	7.753661	23.709831	123.432598
04711		-4.062646	0.887618	9.045640	-0.061016	0.083110	-0.028041	-0.423340	-0.594727	-0.346191	7.715926	23.758784	123.424703
04712		-4.022565	0.944061	9.002749	-0.042149	0.090305	-0.017031	-0.419434	-0.586914	-0.346191	7.693316	23.807812	123.424678
04713		-4.086153	1.121788	8.946028	-0.026483	0.101022	-0.011967	-0.424805	-0.590332	-0.351807	7.679983	23.865600	123.428212
04714		-4.052514	1.250863	8.855306	-0.028480	0.102411	-0.013327	-0.421631	-0.593506	-0.350098	7.666535	23.921219	123.431471
04715		-4.127059	1.215357	8.886379	-0.027156	0.099502	-0.010956	-0.414307	-0.584473	-0.353271	7.653057	23.977979	123.435493
04716		-4.145342	1.178618	8.833900	-0.031834	0.101082	-0.019984	-0.421143	-0.584473	-0.340088	7.635954	24.033352	123.434475
04717		-4.047729	1.216874	8.830323	-0.035581	0.095593	-0.018125	-0.418945	-0.590088	-0.343262	7.615734	24.088359	123.433695
04718		-4.074242	1.299849	8.806883	-0.044175	0.099031	-0.025032	-0.419189	-0.595459	-0.341797	7.590187	24.142950	123.429321
04719		-4.065841	1.207097	8.823342	-0.050982	0.102804	-0.033238	-0.406982	-0.584717	-0.349121	7.557559	24.203109	123.419691
04720		-4.135416	1.198053	8.771756	-0.058326	0.097821	-0.040861	-0.415283	-0.589844	-0.352295	7.519779	24.258197	123.405286
04721		-4.086370	1.170758	8.808238	-0.066451	0.097706	-0.042317	-0.410645	-0.584717	-0.353271	7.475773	24.316049	123.389500
04722		-4.173296	1.089777	8.881408	-0.066570	0.098429	-0.040024	-0.412109	-0.586426	-0.343262	7.433437	24.371401	123.375565
04723		-4.122560	1.085232	8.926216	-0.059134	0.103526	-0.039405	-0.414795	-0.590576	-0.351563	7.394529	24.432248	123.361974
04724		-4.081558	1.048251	8.921699	-0.049802	0.120029	-0.033963	-0.412109	-0.585938	-0.352539	7.364025	24.499411	123.353475
04725		-4.109849	1.014477	8.927179	-0.039306	0.129124	-0.034190	-0.414551	-0.581543	-0.354736	7.338647	24.574328	123.345126
04726		-4.035145	1.058988	8.909969	-0.032889	0.140827	-0.030055	-0.409424	-0.585205	-0.348145	7.319496	24.653018	123.340668
04727		-4.071441	1.212541	8.837668	-0.029828	0.157777	-0.034518	-0.406494	-0.584961	-0.347412	7.300395	24.744157	123.334347
04728		-4.071493	1.213719	8.812864	-0.036877	0.169525	-0.040041	-0.410889	-0.582275	-0.355225	7.277260	24.839880	123.325868
04729		-4.128561	1.295131	8.863956	-0.040993	0.179517	-0.042318	-0.406006	-0.582520	-0.347168	7.250419	24.943859	123.316319
04730		-4.158576	1.326182	8.761018	-0.050780	0.192176	-0.053222	-0.404297	-0.586182	-0.356445	7.216510	25.053400	123.301260
04731		-4.208597	1.146050	8.803265	-0.064105	0.184618	-0.056029	-0.408447	-0.577148	-0.346680	7.172897	25.161181	123.283372
04732		-4.307714	0.960649	8.868500	-0.060586	0.191454	-0.053101	-0.408203	-0.583984	-0.354980	7.133242	25.270284	123.268135
04733		-4.264097	0.978935	8.918657	-0.051845	0.193616	-0.049990	-0.404297	-0.586670	-0.351318	7.098457	25.382670	123.254563
04734		-4.283764	0.949797	8.902175	-0.042064	0.195684	-0.052196	-0.404297	-0.578613	-0.356934	7.069674	25.494097	123.240054
04735		-4.268313	1.001155	8.874601	-0.036038	0.204295	-0.051389	-0.400391	-0.588379	-0.354248	7.043822	25.612578	123.226282
04736		-4.110830	1.256049	8.833557	-0.036543	0.215877	-0.061012	-0.397949	-0.584717	-0.348633	7.016356	25.736094	123.207636
04737		-3.982997	1.405428	8.867159	-0.045321	0.242010	-0.078418	-0.403564	-0.587402	-0.361328	6.978929	25.877829	123.179558
04738		-4.060202	1.346844	8.862712	-0.056745	0.280950	-0.099783	-0.398193	-0.586182	-0.350586	6.931169	26.041023	123.141184
04739		-4.127384	1.214002	8.975648	-0.055143	0.313272	-0.127686	-0.397461	-0.579590	-0.360352	6.876533	26.226559	123.087041
04740		-4.153152	1.155802	9.017733	-0.055272	0.354091	-0.138046	-0.393311	-0.583740	-0.355469	6.820890	26.433910	123.029496
04741		-4.246833	0.970313	9.127137	-0.039259	0.394245	-0.165391	-0.383057	-0.583252	-0.364990	6.766791	26.667894	122.956923
04742		-4.101220	0.850202	9.232012	0.009656	0.451588	-0.190540	-0.385010	-0.584961	-0.363037	6.735871	26.934168	122.872641
04743		-4.008480	0.935144	9.362810	0.040651	0.530786	-0.209412	-0.385498	-0.592285	-0.352783	6.718522	27.248636	122.781566
04744		-4.088775	0.489250	9.336320	0.064695	0.633672	-0.185822	-0.382324	-0.585693	-0.361572	6.725751	27.618164	122.713438
04745		-4.030456	0.541098	9.501361	0.125983	0.747287	-0.176245	-0.375000	-0.585449	-0.363525	6.773663	28.053505	122.659690
04746		-3.948447	0.631829	9.504454	0.183034	0.881478	-0.177053	-0.368164	-0.592285	-0.362793	6.859606	28.563515	122.616509
04747		-3.728066	0.284463	9.969590	0.243141	1.062663	-0.155618	-0.363770	-0.592041	-0.357666	6.992722	29.176824	122.602006
04748		-3.638775	0.639754	10.129630	0.308765	1.294115	-0.131316	-0.356201	-0.592285	-0.367188	7.182277	29.918392	122.624503
04749		-3.507932	0.561988	10.408386	0.343050	1.567713	-0.116848	-0.343262	-0.599854	-0.367920	7.408899	30.815791	122.682428
04750		-3.561051	0.587128	10.502522	0.386658	1.882138	-0.096125	-0.336182	-0.596924	-0.355713	7.686688	31.888522	122.787546
04751		-3.306221	0.766252	10.598471	0.437285	2.211112	-0.088426	-0.327637	-0.597168	-0.363037	8.017777	33.148117	122.935927
04752		-3.234837	0.594895	10.676997	0.455521	2.590683	-0.090626	-0.302979	-0.599609	-0.358398	8.389872	34.621113	123.132383
04753		-2.962837	0.874622	10.592714	0.469992	3.012850	-0.109065	-0.290771	-0.601807	-0.364502	8.801298	36.334656	123.375921
04754		-2.563008	0.845270	10.734820	0.385997	3.493674	-0.179027	-0.278320	-0.605713	-0.351563	9.187443	38.324196	123.645362
04755		-2.773019	0.270293	10.603403	0.278149	4.033989	-0.260325	-0.251953	-0.611328	-0.356445	9.537736	40.625937	123.944373
04756		-2.551276	1.162083	11.030386	0.112353	4.645408	-0.400586	-0.221436	-0.604492	-0.355469	9.804600	43.284655	124.244836
04757		-3.132684	1.899626	11.186080	-0.096125	5.282303	-0.568372	-0.190674	-0.614502	-0.353271	9.949114	46.318701	124.526879
04758		-5.099577	3.753705	11.430258	-0.182860	5.852353	-0.659863	-0.155273	-0.614990	-0.351807	10.082993	49.682855	124.845829
04759		-7.125926	7.907046	10.693103	-0.175895	6.204948	-0.784915	-0.117188	-0.612305	-0.332031	10.216283	53.257669	125.143730
04760		-9.856998	3.300408	11.294282	0.025938	6.466824	-1.087076	-0.083008	-0.599609	-0.321289	10.303948	57.010908	125.230520
04761		-14.592944	4.257673	13.558971	0.384949	6.445452	-1.266781	-0.043457	-0.610840	-0.311768	10.448183	60.769850	125.139901
04762		-17.973769	5.949726	13.932101	0.349618	6.111355	-1.558435	-0.011963	-0.605713	-0.294189	10.169535	64.371029	124.598718
04763		-18.346846	4.983769	13.770829	0.371114	5.762137	-1.831757	0.017578	-0.603271	-0.271484	9.315575	67.797916	123.430874
04764		-15.551417	5.660251	14.598552	0.537890	5.251999	-2.037309	0.057861	-0.602051	-0.246582	7.751603	70.943854	121.429485
04765		-10.003795	6.230037	13.388161	0.608684	4.852752	-2.235290	0.073486	-0.597168	-0.230469	5.077750	73.845850	118.257714
04766		-3.844058	5.341570	11.405614	0.633227	4.488750	-2.387972	0.096924	-0.601807	-0.211426	0.789404	76.483322	113.445939
04767		2.193976	4.503094	8.264314	0.679384	4.319026	-2.463516	0.131592	-0.605469	-0.195801	-5.759536	78.893502	106.344522
04768		0.444732	-1.717556	5.579372	0.835065	4.550078	-2.811787	0.149414	-0.593506	-0.165527	-17.197605	81.137665	94.246707
04769		-15.750705	0.817632	14.793187	1.204537	3.779691	-2.750439	0.167725	-0.585449	-0.142578	-32.761112	82.444615	77.826094
04770		-14.580004	6.419149	16.833182	1.637062	1.732098	-2.453615	0.181396	-0.586914	-0.131592	-44.674444	82.338459	64.859987
04771		-11.747279	9.137836	15.589850	1.344129	-0.089121	-2.065243	0.173584	-0.587646	-0.124268	-49.249162	81.436102	59.459126
04772		-7.311821	9.809461	12.880143	0.554953	-1.529721	-1.558852	0.168701	-0.585449	-0.126221	-48.455147	80.187118	59.939753
04773		-4.275148	8.974160	10.148361	-0.220654	-2.481953	-1.144359	0.166504	-0.584229	-0.131348	-45.352755	78.734482	63.221024
04774		-2.179538	6.825336	8.161640	-0.779327	-2.998777	-0.831214	0.162598	-0.575195	-0.139648	-41.841906	77.160690	67.265591
04775		-0.330667	4.683361	6.174397	-1.068573	-3.228615	-0.513936	0.143799	-0.569092	-0.152588	-38.423111	75.552544	71.410073
04776		0.922131	3.074464	4.623758	-1.100189	-3.259130	-0.227946	0.142090	-0.566895	-0.165527	-35.304970	73.978697	75.293084
04777		1.024455	1.780336	3.985481	-0.916266	-3.204071	0.015989	0.124268	-0.563965	-0.163818	-32.377466	72.453860	78.895264
04778		0.433137	1.004053	3.973518	-0.579699	-3.167730	0.254569	0.118164	-0.566650	-0.177979	-29.492536	70.970335	82.281486
04779		-0.375802	0.961649	4.417905	-0.167138	-3.200868	0.496648	0.103516	-0.564697	-0.190186	-26.465399	69.477874	85.595906
04780		-1.255707	1.392876	5.260346	0.201283	-3.310468	0.745494	0.092285	-0.567871	-0.196777	-23.295429	67.934727	88.872276
04781		-2.475010	1.981863	6.161260	0.476843	-3.519400	1.004810	0.076904	-0.582275	-0.200439	-19.969810	66.264792	92.181260
04782		-3.244210	2.647204	6.455321	0.590226	-3.809616	1.265309	0.055908	-0.594727	-0.217773	-16.628439	64.417321	95.483463
04783		-3.184780	3.217756	6.613282	0.541548	-4.080883	1.492783	0.035400	-0.595459	-0.218994	-13.437029	62.371894	98.700700
04784		-3.014830	2.992042	6.500059	0.413014	-4.266611	1.658370	0.019775	-0.607666	-0.234619	-10.568006	60.175217	101.700013
04785		-2.785850	2.150992	6.159871	0.329561	-4.360855	1.764018	0.002441	-0.615967	-0.240479	-8.028363	57.862694	104.436559
04786		-2.676410	1.202711	6.054404	0.354408	-4.359940	1.829121	-0.017822	-0.633545	-0.242920	-5.778144	55.505467	106.883794
04787		-2.886880	0.531258	6.319102	0.494683	-4.268015	1.854238	-0.049805	-0.645996	-0.252930	-3.723906	53.145760	109.058016
04788		-3.485486	0.286646	6.911970	0.688639	-4.153073	1.847448	-0.088867	-0.659180	-0.256348	-1.823568	50.816955	110.966844
04789		-4.431061	0.469124	7.643957	0.869312	-4.055161	1.822540	-0.104004	-0.668945	-0.262939	-0.040338	48.499588	112.647166
04790		-5.433503	0.639781	8.368557	0.990959	-3.992380	1.805640	-0.131592	-0.686035	-0.265381	1.621280	46.194710	114.131859
04791		-6.055131	0.815843	9.075719	1.043342	-3.925955	1.805077	-0.156738	-0.701416	-0.263672	3.169245	43.892408	115.468578
04792		-6.635163	0.989632	10.116419	1.061354	-3.845583	1.807267	-0.183594	-0.711670	-0.259277	4.599057	41.620509	116.676268
04793		-7.893657	1.055799	11.750989	1.103000	-3.802725	1.778711	-0.208740	-0.722168	-0.250977	5.934523	39.345408	117.753571
04794		-9.760629	1.293061	13.415135	1.170315	-3.903742	1.716394	-0.247559	-0.732666	-0.235596	7.176385	37.007532	118.675033
04795		-10.863688	1.572911	14.171414	1.228377	-4.130339	1.625242	-0.270020	-0.755859	-0.227783	8.321844	34.524954	119.423911
04796		-11.142021	1.825773	14.203882	1.290125	-4.328681	1.516931	-0.304932	-0.764404	-0.222900	9.377163	31.937002	119.997561
04797		-11.740736	2.150696	14.011017	1.389404	-4.414513	1.439722	-0.327148	-0.767578	-0.201416	10.403009	29.291516	120.441215
04798		-12.951355	2.719277	13.784134	1.462681	-4.398054	1.458341	-0.355469	-0.790283	-0.182373	11.426466	26.655297	120.832747
04799		-14.020179	3.301728	13.296850	1.458588	-4.297313	1.567576	-0.370361	-0.792236	-0.155518	12.442593	24.048851	121.245277
04800		-15.109214	3.462031	12.901330	1.368385	-4.137687	1.702192	-0.404053	-0.815918	-0.139404	13.405871	21.516271	121.703718
04801		-16.295032	3.243160	12.336361	1.255121	-3.940045	1.796855	-0.413818	-0.816162	-0.124512	14.299518	19.066835	122.196250
04802		-17.556365	3.083248	11.489983	1.110533	-3.744903	1.837704	-0.426758	-0.828125	-0.100830	15.091295	16.720382	122.696856
04803		-18.678928	3.122291	10.401131	0.898516	-3.567131	1.843340	-0.448486	-0.831055	-0.090088	15.742881	14.459240	123.192512
04804		-18.995092	3.068138	8.758150	0.632590	-3.387492	1.798833	-0.474609	-0.836670	-0.063721	16.216064	12.305694	123.663974
04805		-18.047206	1.946071	7.068633	0.423193	-3.139999	1.717341	-0.479004	-0.849121	-0.057617	16.549705	10.293413	124.111633
04806		-17.106584	-1.120479	5.565615	0.478409	-2.816616	1.704988	-0.496338	-0.845215	-0.054199	16.903549	8.462792	124.591233
04807		-17.009638	-3.728545	4.408241	0.804360	-2.458875	1.740131	-0.510742	-0.835938	-0.034180	17.439943	6.815128	125.134929
04808		-18.360481	-4.745349	3.140980	1.187805	-2.183488	1.662293	-0.521729	-0.848145	-0.025879	18.178076	5.328756	125.664083
04809		-19.064518	-5.743975	1.450707	1.386307	-1.960211	1.426252	-0.537598	-0.843506	-0.009277	19.009242	3.997932	126.083927
04810		-18.829081	-5.601656	-0.458643	1.289561	-1.693252	1.059933	-0.547363	-0.851563	0.005859	19.764865	2.877162	126.337129
04811		-17.702551	-5.436749	-2.020542	0.875032	-1.275418	0.567131	-0.543457	-0.857666	0.005859	20.270881	2.075184	126.394255
04812		-17.490088	-6.243492	-2.457874	0.370614	-0.738536	0.002610	-0.555908	-0.853027	0.019043	20.480064	1.673924	126.250116
04813		-17.350342	-6.726470	-2.235750	0.014517	-0.206541	-0.480828	-0.550537	-0.852295	0.030762	20.481481	1.656851	125.952386
04814		-14.570768	3.976608	1.836995	-1.840315	1.452891	-0.971854	-0.538818	-0.861572	0.017578	19.419704	2.625271	125.714744
04815		5.659321	-7.174103	3.911341	-2.054238	2.077629	-1.553872	-0.535156	-0.845947	-0.001709	18.217673	4.037997	125.257286
04816		-2.162600	1.425968	14.890441	-1.942909	2.021882	-1.512250	-0.522217	-0.845459	-0.010254	17.066948	5.400580	124.783146
04817		4.449417	11.074126	7.751963	-2.056366	2.078205	-1.567255	-0.499756	-0.857910	-0.021973	15.834001	6.795434	124.258309
04818		9.026795	9.337614	3.281531	-2.470334	2.855488	-1.880482	-0.492920	-0.862793	-0.036865	14.336973	8.651636	123.640475
04819		-0.933683	-3.066515	8.487122	-1.941896	3.861764	-1.209983	-0.473389	-0.849609	-0.049805	13.201014	10.963628	123.494002
04820		-15.843923	-5.249136	16.610904	-1.180174	3.862503	-0.428504	-0.466553	-0.853271	-0.057861	12.581194	13.171879	123.756567
04821		-16.261327	-9.487925	17.279004	-0.815151	2.974666	-0.669623	-0.453857	-0.854980	-0.062256	12.113308	14.917351	123.748341
04822		-9.054407	-6.370147	14.255918	-0.296356	2.467999	-0.797549	-0.448242	-0.857910	-0.068604	11.902919	16.391789	123.592222
04823		-8.726105	5.490409	12.400828	-0.117107	2.249904	-0.577908	-0.435059	-0.856934	-0.072754	11.818631	17.720615	123.532619
04824		-9.203270	8.758452	11.114757	-0.327746	1.962055	-0.314187	-0.436523	-0.865234	-0.070557	11.650512	18.854167	123.590367
04825		-7.743758	3.160086	10.196406	-0.552667	1.643622	-0.325046	-0.434814	-0.857422	-0.076416	11.337146	19.813628	123.598180
04826		-7.763567	0.747071	10.685873	-0.625371	1.368380	-0.487443	-0.424316	-0.859863	-0.079102	10.936135	20.633118	123.470192
04827		-8.105827	2.551548	10.064052	-0.632411	0.985369	-0.444400	-0.413086	-0.853027	-0.084229	10.519868	21.234976	123.317275
04828		-6.322715	2.374487	9.378145	-0.698723	0.713483	-0.394823	-0.414795	-0.857910	-0.077881	10.063309	21.673934	123.159337
04829		-4.642190	-0.216746	9.868863	-0.651556	0.546156	-0.337502	-0.410400	-0.845703	-0.091064	9.636787	22.015268	123.014248
04830		-5.303477	-0.681743	10.190063	-0.575035	0.393343	-0.274102	-0.410645	-0.846436	-0.089111	9.261952	22.259725	122.889754
04831		-4.879012	-0.020760	9.955075	-0.488816	0.264553	-0.193829	-0.410889	-0.855469	-0.093018	8.948243	22.426905	122.799615
04832		-4.579714	-0.414090	10.026113	-0.389379	0.189706	-0.131913	-0.414795	-0.840820	-0.095459	8.703779	22.542299	122.739692
04833		-4.511725	0.079438	9.729224	-0.284382	0.142294	-0.081069	-0.406738	-0.848145	-0.096924	8.528282	22.629764	122.705648
04834		-4.233168	0.620645	9.507657	-0.212534	0.108124	-0.047850	-0.406494	-0.852783	-0.103027	8.401656	22.691483	122.689030
04835		-4.039370	0.659912	9.360743	-0.159361	0.094199	-0.027466	-0.411377	-0.848389	-0.101074	8.308531	22.746999	122.683113
04836		-4.074263	0.802067	9.289228	-0.123089	0.089274	-0.012695	-0.405273	-0.851074	-0.109375	8.240748	22.795080	122.686192
04837		-4.064953	1.045369	9.153197	-0.087012	0.079593	0.001271	-0.405762	-0.843750	-0.107422	8.195350	22.839850	122.696508
04838		-4.091673	1.326774	9.000038	-0.078358	0.064948	0.002369	-0.404785	-0.844727	-0.101074	8.155931	22.872913	122.706618
04839		-3.976536	1.368702	8.978021	-0.081164	0.047936	0.000179	-0.403809	-0.833496	-0.104736	8.112557	22.899743	122.713425
04840		-3.919227	1.429288	8.917762	-0.083252	0.037974	0.000013	-0.398926	-0.837158	-0.098877	8.068839	22.917708	122.719674
04841		-3.989098	1.365194	8.945172	-0.091004	0.035434	-0.008027	-0.406250	-0.836182	-0.102051	8.017474	22.938022	122.720316
04842		-3.992289	1.275995	8.952682	-0.092564	0.022121	-0.009878	-0.408691	-0.843750	-0.109863	7.965502	22.947790	122.719066
04843		-3.811031	1.124735	9.018030	-0.086264	0.028253	-0.001884	-0.401855	-0.847900	-0.102539	7.918117	22.963458	122.722858
04844		-3.772476	0.988966	9.074431	-0.079978	0.052422	-0.004133	-0.400635	-0.843994	-0.105225	7.875743	22.989969	122.727723
04845		-3.799902	0.966008	9.051441	-0.059963	0.075820	0.001017	-0.403564	-0.847412	-0.101563	7.845726	23.032314	122.737340
04846		-3.993592	0.936784	9.088989	-0.039885	0.087082	0.005149	-0.406738	-0.841309	-0.102539	7.829713	23.077777	122.750847
04847		-3.897882	0.954853	9.076284	-0.023083	0.096061	0.007511	-0.400635	-0.841553	-0.097168	7.823091	23.131021	122.766171
04848		-4.045783	1.072486	9.065008	-0.003560	0.105072	0.010384	-0.399414	-0.844482	-0.100830	7.829785	23.186291	122.784437
04849		-4.108874	1.000033	9.060758	0.015275	0.094771	0.017256	-0.410889	-0.838379	-0.101563	7.847521	23.237956	122.805697
04850		-4.073608	1.019602	9.000193	0.029249	0.086800	0.017312	-0.404053	-0.837891	-0.107910	7.874138	23.282302	122.826735
04851		-4.077867	1.207748	8.990309	0.040080	0.081179	0.023480	-0.402344	-0.843262	-0.103516	7.907219	23.325678	122.850743
04852		-4.123752	1.225704	8.960270	0.052687	0.075898	0.028351	-0.405762	-0.850830	-0.102295	7.949652	23.362942	122.877736
04853		-4.041049	1.287575	8.851883	0.044758	0.068439	0.026602	-0.406250	-0.843018	-0.098877	7.985833	23.398744	122.902655
04854		-3.892563	1.340127	8.823480	0.033019	0.074315	0.018680	-0.414063	-0.843994	-0.108643	8.014624	23.435850	122.923597
04855		-3.824613	1.352350	8.848896	0.017823	0.090815	0.012223	-0.403809	-0.850830	-0.104248	8.032699	23.485406	122.941636
04856		-3.797082	1.237776	8.870288	0.013588	0.113166	0.003681	-0.403320	-0.846191	-0.094482	8.048059	23.545741	122.956737
04857		-3.948150	1.334784	8.848465	0.013620	0.125366	-0.002297	-0.405518	-0.839600	-0.108398	8.061428	23.615976	122.968871
04858		-3.971217	1.295278	8.885767	0.008697	0.133995	-0.003857	-0.407959	-0.840576	-0.108154	8.072899	23.688728	122.981178
04859		-4.004825	1.279506	8.858639	0.015096	0.140364	-0.009966	-0.396729	-0.836182	-0.100830	8.085812	23.768016	122.989934
04860		-4.045644	1.211596	8.905831	0.014745	0.142834	-0.010379	-0.401123	-0.843018	-0.113037	8.099480	23.846302	122.999027
04861		-4.031467	1.338835	8.831218	0.011828	0.144472	-0.013510	-0.400635	-0.845215	-0.102295	8.109845	23.928142	123.006001
04862		-4.112546	1.340665	8.835940	0.007659	0.142442	-0.017054	-0.409180	-0.849609	-0.103027	8.117797	24.006743	123.010959
04863		-4.126998	1.317533	8.821843	0.003716	0.138675	-0.017900	-0.405273	-0.849609	-0.109619	8.122256	24.085592	123.014735
04864		-4.055748	1.401578	8.779606	0.001182	0.137782	-0.020541	-0.403564	-0.850830	-0.108643	8.125463	24.161832	123.017133
04865		-3.867361	1.469804	8.826276	-0.007852	0.156604	-0.031699	-0.392334	-0.854980	-0.098145	8.120474	24.251914	123.013938
04866		-3.858614	1.548358	8.735030	-0.009800	0.176591	-0.040842	-0.399170	-0.845459	-0.104492	8.113611	24.351809	123.007140
04867		-4.048457	1.306945	8.775369	-0.021013	0.198468	-0.056030	-0.401611	-0.838379	-0.107910	8.096369	24.467534	122.992480
04868		-4.074443	1.250498	8.842022	-0.024527	0.203191	-0.050238	-0.394287	-0.846924	-0.114746	8.079562	24.583273	122.982112
04869		-4.151410	1.264933	8.793010	-0.029047	0.215620	-0.053009	-0.402344	-0.844727	-0.104004	8.059059	24.708423	122.970756
04870		-4.157218	1.166442	8.896279	-0.034063	0.219329	-0.055221	-0.391602	-0.853516	-0.106934	8.035994	24.833710	122.958590
04871		-4.146336	1.195455	8.858667	-0.029341	0.230741	-0.056713	-0.399414	-0.848145	-0.098145	8.014825	24.967678	122.946125
04872		-4.057842	1.302893	8.876505	-0.032947	0.249257	-0.059414	-0.391602	-0.846680	-0.102539	7.992296	25.110271	122.933836
04873		-4.131042	1.292490	8.889275	-0.029704	0.271598	-0.067595	-0.395508	-0.835938	-0.107178	7.969444	25.268225	122.917999
04874		-4.067736	1.382557	8.883896	-0.036745	0.296854	-0.081420	-0.387939	-0.846680	-0.103027	7.940478	25.439563	122.895903
04875		-4.098839	1.410350	8.848017	-0.041746	0.320645	-0.093717	-0.389648	-0.842529	-0.109863	7.905338	25.627341	122.867716
04876		-4.287989	1.364598	8.821724	-0.050087	0.331872	-0.111770	-0.383789	-0.843994	-0.109863	7.861494	25.820913	122.829249
04877		-4.224177	1.323521	8.878015	-0.060919	0.340349	-0.122767	-0.387939	-0.842285	-0.107422	7.807778	26.022054	122.784036
04878		-4.301733	1.237163	8.933787	-0.073595	0.359419	-0.126251	-0.383545	-0.850098	-0.112549	7.747003	26.232322	122.738260
04879		-4.481705	1.146862	8.868737	-0.077368	0.374499	-0.131912	-0.388184	-0.853027	-0.105713	7.682030	26.453419	122.689557
04880		-4.381341	0.917760	8.997810	-0.068686	0.384465	-0.132508	-0.381836	-0.847656	-0.106201	7.622626	26.678297	122.641259
04881		-4.392474	0.795974	9.066451	-0.044366	0.404421	-0.129554	-0.380127	-0.841064	-0.112549	7.577728	26.916079	122.595905
04882		-4.319642	0.670955	9.140545	0.006442	0.454662	-0.130581	-0.383545	-0.852295	-0.122070	7.564013	27.180619	122.554221
04883		-4.282421	0.482910	9.263559	0.083796	0.515191	-0.107117	-0.375244	-0.844482	-0.110352	7.602923	27.479547	122.532327
04884		-4.013447	0.543691	9.340806	0.155863	0.613502	-0.094265	-0.367676	-0.854248	-0.113037	7.691659	27.831567	122.527767
04885		-3.978154	0.688216	9.444775	0.229274	0.729193	-0.085721	-0.372314	-0.843262	-0.104248	7.829344	28.250308	122.539261
04886		-3.805345	0.582763	9.733162	0.252505	0.882798	-0.061915	-0.365967	-0.849854	-0.108643	7.995763	28.752617	122.581580
04887		-3.750046	0.561516	9.886987	0.342505	1.084038	-0.049995	-0.359375	-0.846924	-0.115479	8.227143	29.369560	122.652077
04888		-3.469228	0.617911	10.192111	0.420575	1.321828	-0.041267	-0.350830	-0.855713	-0.116943	8.520851	30.118694	122.755241
04889		-3.457826	0.828673	10.244884	0.480712	1.601935	-0.048106	-0.354004	-0.853760	-0.105225	8.864341	31.027979	122.887340
04890		-3.410593	0.837187	10.287596	0.508562	1.906468	-0.054230	-0.347412	-0.863281	-0.107422	9.245676	32.107964	123.056176
04891		-3.400402	0.435535	10.401985	0.525260	2.251707	-0.040562	-0.337646	-0.860107	-0.107666	9.670488	33.381967	123.283555
04892		-2.911681	1.554106	10.451338	0.534235	2.619203	-0.057882	-0.326416	-0.868652	-0.104736	10.132623	34.862355	123.558907
04893		-3.001059	0.727309	10.679636	0.421232	3.063756	-0.095338	-0.320068	-0.866943	-0.104492	10.564512	36.596320	123.883680
04894		-2.765737	0.995864	10.786986	0.394278	3.556787	-0.147960	-0.303711	-0.862793	-0.097656	11.023764	38.610340	124.263459
04895		-2.787137	1.588869	11.284620	0.251589	4.115225	-0.243778	-0.289063	-0.871338	-0.098633	11.438678	40.947202	124.685213
04896		-2.733378	2.408422	11.358066	0.035101	4.727465	-0.382487	-0.272949	-0.867432	-0.095947	11.762863	43.640865	125.134642
04897		-3.548587	2.806722	11.384214	-0.067350	5.318466	-0.475656	-0.247803	-0.876953	-0.098145	12.092212	46.675194	125.652120
04898		-5.381074	7.056745	11.458653	-0.126276	5.813077	-0.622720	-0.227783	-0.871338	-0.088379	12.427239	50.001922	126.195131
04899		-6.088094	3.811366	10.041839	-0.045944	6.256232	-0.903344	-0.197510	-0.872559	-0.083740	12.755638	53.609174	126.644866
04900		-11.439273	2.375001	12.112468	0.339684	6.530159	-1.053530	-0.176758	-0.866455	-0.085938	13.328308	57.386619	127.101385
04901		-15.879396	4.584582	13.907474	0.616683	6.437929	-1.166760	-0.152588	-0.878418	-0.073975	14.062346	61.124406	127.542563
04902		-19.093979	5.285594	14.004282	0.666780	6.080986	-1.388270	-0.122314	-0.872314	-0.062744	14.631882	64.693148	127.751187
04903		-16.592732	5.591509	14.466231	0.639047	5.679514	-1.691969	-0.097656	-0.872070	-0.044434	14.745813	68.082070	127.474481
04904		-12.354059	6.231799	13.787755	0.506165	5.313970	-1.932976	-0.065430	-0.864990	-0.035156	14.201924	71.303169	126.583933
04905		-6.956944	5.877235	11.944856	0.273409	5.007996	-2.122757	-0.042480	-0.858887	-0.023926	12.696889	74.371801	124.843877
04906		-1.338496	5.013710	9.692902	0.037090	4.780705	-2.236899	-0.002197	-0.844971	-0.004883	9.871498	77.306007	121.907417
04907		3.475121	3.781393	6.236819	-0.067587	4.780601	-2.283101	0.020508	-0.833252	0.010986	5.123941	80.189090	117.106309
04908		1.756252	-2.418581	3.906603	0.125114	5.208405	-2.681252	0.039063	-0.837891	0.028564	-5.349942	83.179931	106.451359
04909		-12.240388	-0.734030	13.381552	0.478352	4.763776	-2.788522	0.074219	-0.827148	0.060303	-28.328453	85.370290	83.087808
04910		-14.548595	1.303440	16.212302	1.141575	3.107684	-2.575301	0.087402	-0.815674	0.071777	-57.254806	85.684833	53.419474
04911		-14.924953	4.589572	16.521017	1.567591	1.188911	-2.301377	0.112305	-0.804199	0.086670	-70.604032	84.793292	39.121776
04912		-11.428208	8.076098	15.047253	1.286884	-0.787666	-1.796710	0.118896	-0.790283	0.097412	-69.137159	83.673289	39.853413
04913		-7.792473	9.108470	12.151504	0.568184	-2.434804	-1.269335	0.136719	-0.784180	0.095215	-60.879238	82.422403	47.841675
04914		-4.683306	8.118532	9.597222	-0.204320	-3.502826	-0.858338	0.137939	-0.781982	0.087646	-51.452053	80.891916	57.485119
04915		-2.276076	6.357268	7.279553	-0.755124	-4.074226	-0.548766	0.146729	-0.762939	0.068359	-43.299456	79.072464	66.199182
04916		-0.928480	4.644370	5.272364	-1.047743	-4.346998	-0.294144	0.152344	-0.752197	0.064697	-36.893345	77.054415	73.357460
04917		0.217199	3.252951	3.973519	-1.127247	-4.427682	-0.075564	0.150635	-0.749756	0.034424	-31.894390	74.929431	79.171157
04918		0.645615	1.570533	3.229543	-0.993285	-4.400207	0.128230	0.158936	-0.750732	0.014648	-27.885637	72.777296	83.934450
04919		0.531298	0.418485	3.105705	-0.648982	-4.327948	0.325497	0.163330	-0.739014	-0.001465	-24.415380	70.626208	87.977080
04920		-0.034603	0.183402	3.522212	-0.190487	-4.272436	0.519233	0.159912	-0.744873	-0.021729	-21.228529	68.482657	91.492279
04921		-1.132202	0.546491	4.305717	0.243898	-4.278701	0.718513	0.149414	-0.751221	-0.035156	-18.151046	66.305089	94.670287
04922		-2.346637	1.550534	5.213389	0.534668	-4.359562	0.921008	0.158936	-0.744629	-0.047852	-15.191132	64.060816	97.591406
04923		-3.182977	2.625635	5.767709	0.606390	-4.504916	1.091258	0.155518	-0.740479	-0.064453	-12.437025	61.694704	100.290911
04924		-3.646670	3.254750	6.206008	0.517261	-4.641261	1.228724	0.139404	-0.750977	-0.086914	-10.000644	59.220236	102.748212
04925		-4.099681	2.876013	6.471069	0.387181	-4.759322	1.349153	0.137695	-0.747070	-0.114746	-7.869597	56.636890	104.996418
04926		-4.254173	2.037268	6.440319	0.345045	-4.828528	1.469404	0.112793	-0.756104	-0.136963	-5.975434	53.988851	107.057005
04927		-4.133699	1.305080	6.633576	0.438969	-4.808994	1.579627	0.105713	-0.755615	-0.165039	-4.210120	51.314577	108.956032
04928		-4.533741	0.965480	7.222379	0.626240	-4.703311	1.659546	0.099609	-0.768555	-0.190674	-2.525705	48.677068	110.683960
04929		-5.435243	0.934729	8.130146	0.851257	-4.594680	1.706357	0.082031	-0.770264	-0.217285	-0.881401	46.064166	112.250379
04930		-6.518350	0.977678	9.039823	1.048716	-4.532340	1.742208	0.059082	-0.782959	-0.243164	0.718199	43.465441	113.665862
04931		-7.314608	0.963259	9.690631	1.180725	-4.479612	1.760563	0.046631	-0.800049	-0.259766	2.255900	40.862578	114.942887
04932		-7.923314	0.861535	10.323269	1.278556	-4.360942	1.786740	0.019531	-0.810547	-0.288574	3.730218	38.310487	116.103943
04933		-9.336361	0.954441	11.712009	1.358612	-4.198204	1.812689	-0.018799	-0.818115	-0.316162	5.157068	35.820711	117.173393
04934		-11.789176	1.332222	13.591591	1.395175	-4.142000	1.828941	-0.052490	-0.843750	-0.333740	6.512589	33.349768	118.149941
04935		-13.738333	1.919383	14.806594	1.345461	-4.274908	1.820336	-0.085449	-0.852539	-0.354004	7.747380	30.778736	119.016858
04936		-14.605577	2.545467	15.131011	1.230301	-4.465524	1.772932	-0.125000	-0.872559	-0.357910	8.814877	28.096940	119.750966
04937		-15.389241	2.630923	15.010296	1.115393	-4.567595	1.763023	-0.180908	-0.885010	-0.373291	9.748546	25.340355	120.398283
04938		-16.599602	2.503188	14.485887	1.016074	-4.556667	1.837410	-0.224609	-0.895996	-0.382324	10.589230	22.581034	121.030554
04939		-17.411329	2.441673	13.392749	0.932233	-4.470457	1.958641	-0.273193	-0.911377	-0.391113	11.366252	19.842539	121.692365
04940		-17.890980	2.395614	11.903860	0.837887	-4.314287	2.092753	-0.323486	-0.903320	-0.381104	12.073776	17.174839	122.403484
04941		-18.203404	2.668877	10.267397	0.693011	-4.063401	2.187637	-0.384766	-0.913818	-0.378174	12.681476	14.622810	123.160435
04942		-16.040649	2.928482	9.385052	0.478172	-3.704562	2.173062	-0.416748	-0.923096	-0.365723	13.134447	12.271936	123.923130
04943		-17.395053	2.602078	5.790074	0.360764	-2.804390	2.043724	-0.449951	-0.907715	-0.371826	13.499258	10.430476	124.710493
04944		-15.836965	-1.514121	6.315454	0.342086	-2.661181	1.893192	-0.497559	-0.907715	-0.348877	13.814117	8.688892	125.416653
04945		-18.450781	-5.687144	6.054339	0.959890	-2.487697	1.897695	-0.524414	-0.911621	-0.335693	14.464929	7.034258	126.131971
04946		-18.085194	-5.289344	4.269642	1.595629	-2.463763	1.803995	-0.553711	-0.918457	-0.312500	15.450119	5.399806	126.772193
04947		-16.407345	-4.875007	2.334773	1.817932	-2.341588	1.577864	-0.573486	-0.923340	-0.297363	16.534713	3.855661	127.275454
04948		-15.405416	-3.724458	0.084264	1.563981	-1.655874	1.210036	-0.593750	-0.926025	-0.284424	17.454744	2.741763	127.663909
04949		-14.449038	-3.477037	-2.606954	0.902743	-0.951974	0.732038	-0.604004	-0.916992	-0.274170	17.983840	2.090509	127.899700
04950		-15.888594	-5.441797	-2.127144	0.358277	-0.112054	0.257010	-0.609375	-0.929688	-0.268799	18.195006	1.979769	128.021844
04951		-15.730536	-6.438720	-2.613572	0.227211	0.702762	-0.097271	-0.607910	-0.931641	-0.265869	18.329656	2.376912	128.097175
04952		-13.723882	-3.930757	-1.935890	-0.043085	1.509034	-0.517452	-0.607422	-0.933838	-0.271240	18.306139	3.286896	128.089457
04953		-9.206976	-2.392307	-1.114789	-0.522862	2.167182	-0.978339	-0.585693	-0.928223	-0.279541	17.997807	4.640074	127.945321
04954		3.618465	-0.811856	12.752502	-0.682811	2.030739	-1.447012	-0.563232	-0.925049	-0.294434	17.567890	5.997244	127.511398
04955		-0.445515	12.537747	14.360472	-1.434038	2.321165	-1.727644	-0.551025	-0.929199	-0.303467	16.681429	7.558543	126.955187
04956		3.195025	17.791510	8.720276	-2.204992	1.957969	-2.380148	-0.520508	-0.919434	-0.314941	15.273902	9.008520	125.944617
04957		0.663547	2.280401	5.606238	-2.535889	2.376517	-2.335594	-0.504883	-0.919434	-0.336426	13.657377	10.659920	124.977156
04958		-3.866553	-4.655389	10.058341	-1.432218	3.297143	-0.916467	-0.484863	-0.907227	-0.358154	12.822569	12.615274	124.899444
04959		-12.575319	0.944233	14.472086	-1.132233	3.205942	-0.515806	-0.464355	-0.901611	-0.370850	12.202268	14.471269	125.014495
04960		-12.189335	-7.871667	15.877061	-0.956862	2.531969	-0.822274	-0.440674	-0.896240	-0.375244	11.612198	15.984221	124.849479
04961		-6.965730	-4.868391	12.310605	-0.464848	2.216136	-0.752079	-0.424072	-0.902588	-0.383789	11.296581	17.313811	124.674281
04962		-6.928035	3.059084	11.067719	-0.292215	2.117466	-0.601597	-0.417725	-0.897705	-0.379639	11.098305	18.567154	124.569126
04963		-8.488319	5.637757	11.369739	-0.393926	1.893357	-0.385869	-0.400391	-0.891357	-0.390381	10.870431	19.674081	124.560538
04964		-8.515807	2.847761	10.911155	-0.531845	1.588273	-0.360390	-0.397461	-0.885010	-0.395020	10.555806	20.602922	124.527300
04965		-9.535039	1.063069	11.315004	-0.577764	1.211980	-0.389051	-0.384521	-0.884033	-0.391357	10.190380	21.326379	124.428851
04966		-8.279278	1.248330	10.388892	-0.529191	0.750747	-0.282919	-0.390381	-0.874023	-0.399902	9.856263	21.774509	124.340477
04967		-4.177867	0.866947	9.306208	-0.474128	0.540203	-0.202552	-0.379395	-0.876465	-0.395996	9.561247	22.099843	124.275908
04968		-4.890064	0.497219	9.890832	-0.422127	0.486261	-0.176105	-0.372803	-0.876465	-0.401855	9.299961	22.387580	124.220500
04969		-4.552768	0.861083	9.330873	-0.361719	0.372614	-0.142632	-0.374756	-0.874268	-0.403320	9.075043	22.612126	124.172556
04970		-4.512728	0.808615	9.338786	-0.324340	0.310081	-0.114708	-0.368408	-0.878662	-0.406982	8.876297	22.794251	124.135083
04971		-4.487452	1.171163	9.227268	-0.290875	0.224187	-0.098938	-0.360840	-0.877930	-0.411621	8.695875	22.930653	124.098059
04972		-4.342447	1.163311	9.260855	-0.264709	0.181987	-0.086982	-0.364502	-0.868652	-0.407959	8.532608	23.037613	124.064382
04973		-4.357055	0.963539	9.302711	-0.227461	0.138446	-0.077679	-0.364258	-0.871094	-0.411133	8.390074	23.123462	124.031709
04974		-4.042140	1.103183	9.126392	-0.206506	0.125613	-0.071283	-0.363037	-0.866211	-0.413330	8.261618	23.197002	124.001996
04975		-4.155365	0.970611	9.170047	-0.182006	0.118862	-0.057389	-0.355469	-0.871826	-0.415771	8.149095	23.269957	123.979653
04976		-4.234534	0.700966	9.229356	-0.157293	0.103879	-0.038976	-0.357178	-0.866455	-0.420898	8.055770	23.328453	123.967639
04977		-4.144517	1.088281	9.105783	-0.131619	0.088845	-0.025987	-0.363037	-0.860107	-0.413574	7.978575	23.381804	123.961802
04978		-4.075977	1.323366	8.983044	-0.117709	0.080821	-0.025921	-0.357422	-0.867920	-0.419434	7.910253	23.426152	123.955685
04979		-3.962503	1.359369	8.963890	-0.121395	0.082043	-0.033070	-0.361084	-0.857666	-0.412598	7.836874	23.476184	123.944744
04980		-3.998231	1.262464	8.914485	-0.126023	0.090105	-0.043872	-0.357178	-0.861328	-0.420898	7.759610	23.527183	123.928174
04981		-3.999901	1.201889	8.967518	-0.121709	0.092171	-0.047256	-0.360107	-0.861816	-0.420410	7.682815	23.584020	123.909158
04982		-3.929506	1.343823	8.883853	-0.123395	0.098484	-0.054820	-0.362305	-0.862305	-0.420654	7.604523	23.640570	123.886335
04983		-4.026393	1.280925	8.893066	-0.131566	0.105810	-0.062955	-0.356201	-0.857666	-0.417969	7.518524	23.706275	123.858530
04984		-4.069541	1.151610	8.924501	-0.131156	0.103167	-0.062340	-0.349609	-0.864258	-0.418945	7.433933	23.765985	123.831220
04985		-4.044466	1.020163	8.945258	-0.136638	0.109254	-0.057879	-0.352051	-0.858398	-0.425049	7.346268	23.833189	123.806617
04986		-3.970403	0.815335	9.078650	-0.115432	0.124756	-0.050639	-0.356934	-0.857910	-0.424805	7.274180	23.904243	123.788083
04987		-4.287268	0.777209	9.142666	-0.085129	0.132543	-0.033366	-0.355957	-0.862305	-0.411377	7.222800	23.982841	123.780355
04988		-4.220439	0.807604	8.954805	-0.058227	0.128128	-0.029096	-0.347412	-0.867432	-0.408936	7.188943	24.054232	123.775330
04989		-4.151448	1.017454	8.987542	-0.036873	0.129904	-0.020503	-0.350098	-0.859375	-0.418945	7.168298	24.130405	123.775279
04990		-4.142914	0.833556	9.037964	-0.008704	0.141167	-0.014421	-0.343506	-0.861084	-0.420654	7.166941	24.208156	123.780362
04991		-4.145657	0.910398	8.967720	0.020712	0.144083	-0.009175	-0.352051	-0.862549	-0.411865	7.182627	24.291571	123.788471
04992		-4.125227	1.166621	8.908759	0.031027	0.153955	-0.007025	-0.351563	-0.863037	-0.426025	7.206384	24.376059	123.799221
04993		-4.199124	1.028544	8.871934	0.048135	0.155818	-0.011828	-0.352295	-0.858887	-0.425537	7.237532	24.466321	123.806680
04994		-4.195599	1.002756	8.869701	0.047786	0.152773	-0.015294	-0.345947	-0.860107	-0.426025	7.268785	24.550725	123.812281
04995		-4.245822	1.100723	8.830368	0.046219	0.144076	-0.009454	-0.342285	-0.854736	-0.424072	7.299123	24.634130	123.820391
04996		-4.271301	1.004740	8.879204	0.042091	0.148563	-0.014803	-0.342529	-0.860107	-0.424805	7.327158	24.716101	123.826065
04997		-4.328154	1.069706	8.790440	0.050020	0.131939	-0.015425	-0.344238	-0.862061	-0.419189	7.357759	24.793039	123.829555
04998		-4.368355	1.084512	8.829442	0.056328	0.127162	-0.020517	-0.341064	-0.862549	-0.420166	7.391778	24.863265	123.830022
04999		-4.423419	1.150395	8.740962	0.069107	0.115917	-0.028109	-0.341553	-0.856934	-0.425537	7.429467	24.932041	123.824356
05000		-4.282487	1.331282	8.656418	0.055776	0.101959	-0.029410	-0.342773	-0.871582	-0.421631	7.459988	24.988607	123.817282
05001		-4.289242	1.298290	8.674831	0.030014	0.093202	-0.035578	-0.338135	-0.864990	-0.414795	7.472542	25.045050	123.805134
05002		-4.236614	1.208288	8.758198	0.018686	0.095283	-0.030993	-0.336914	-0.864502	-0.418945	7.481158	25.097946	123.796546
05003		-4.219302	1.233835	8.817340	0.000141	0.093437	-0.039155	-0.332275	-0.862793	-0.420898	7.475646	25.154789	123.782180
05004		-4.244267	1.087245	8.851491	-0.005418	0.100538	-0.039702	-0.341797	-0.859863	-0.424316	7.468289	25.211318	123.768544
05005		-4.305632	0.918579	8.880814	-0.003776	0.107084	-0.035542	-0.331543	-0.857422	-0.420654	7.461944	25.275631	123.757541
05006		-4.348411	0.940906	8.889007	0.010658	0.113398	-0.032708	-0.344482	-0.857666	-0.424561	7.466092	25.338944	123.749337
05007		-4.298844	1.138269	8.768451	0.013917	0.110127	-0.033890	-0.333984	-0.858643	-0.420410	7.470386	25.404858	123.739602
05008		-4.344356	1.254489	8.738746	0.009999	0.113848	-0.041512	-0.333740	-0.861816	-0.421143	7.471777	25.469083	123.725896
05009		-4.259730	1.162071	8.817825	0.002625	0.114112	-0.039045	-0.330322	-0.859863	-0.431152	7.468329	25.537642	123.713237
05010		-4.282659	1.142187	8.862638	0.005564	0.126235	-0.044104	-0.327637	-0.859863	-0.412842	7.466878	25.609096	123.698902
05011		-4.210518	1.283923	8.810735	0.002921	0.139009	-0.048009	-0.327637	-0.864014	-0.424561	7.462007	25.692450	123.682624
05012		-4.262319	1.156181	8.796640	-0.000930	0.155560	-0.059017	-0.333984	-0.864746	-0.425049	7.453751	25.781672	123.661271
05013		-4.288718	1.077036	8.854142	0.000226	0.167263	-0.062725	-0.333252	-0.861572	-0.425537	7.444246	25.882146	123.637988
05014		-4.340306	1.190966	8.821555	0.001960	0.182114	-0.069899	-0.334717	-0.856445	-0.428711	7.435502	25.987254	123.611884
05015		-4.309790	1.228320	8.768533	-0.003676	0.191790	-0.077843	-0.327148	-0.859375	-0.418945	7.420335	26.102758	123.580976
05016		-4.305900	1.205084	8.806318	-0.007814	0.198851	-0.090620	-0.323486	-0.868408	-0.424316	7.400673	26.218896	123.543023
05017		-4.324075	1.222884	8.806228	-0.011058	0.217434	-0.100052	-0.325928	-0.853760	-0.422363	7.375802	26.350567	123.499997
05018		-4.310717	1.355299	8.773060	-0.013423	0.227488	-0.121503	-0.320068	-0.857666	-0.426270	7.345013	26.485215	123.444598
05019		-4.348079	1.065145	8.821116	-0.009758	0.237097	-0.132865	-0.310791	-0.866699	-0.421875	7.312004	26.630392	123.382082
05020		-4.451855	0.982956	8.881428	-0.001296	0.255469	-0.138029	-0.315430	-0.867920	-0.426025	7.284077	26.782091	123.318146
05021		-4.351501	0.899048	8.920340	0.014845	0.279146	-0.149292	-0.307861	-0.865479	-0.420654	7.261511	26.952280	123.248244
05022		-4.193065	0.830768	9.051326	0.036491	0.315715	-0.144385	-0.310547	-0.853516	-0.423096	7.255137	27.138640	123.184838
05023		-4.035315	0.660706	9.250521	0.082526	0.400141	-0.134788	-0.309570	-0.869873	-0.422119	7.279529	27.376489	123.133784
05024		-3.649904	0.749167	9.581222	0.126307	0.521716	-0.119019	-0.305664	-0.860352	-0.423584	7.339441	27.678122	123.103480
05025		-3.626636	0.801286	9.715796	0.193441	0.686799	-0.116226	-0.302490	-0.866699	-0.417236	7.443716	28.077453	123.088503
05026		-3.332879	0.992389	10.022345	0.266079	0.881951	-0.140564	-0.299561	-0.873047	-0.413818	7.591781	28.585422	123.075993
05027		-3.188599	0.737727	10.363463	0.337895	1.141954	-0.152710	-0.280273	-0.874268	-0.417969	7.787433	29.245848	123.079369
05028		-3.166960	0.246299	10.741114	0.423137	1.463699	-0.136137	-0.276367	-0.876465	-0.419678	8.054786	30.083669	123.126567
05029		-2.971775	0.443443	10.969900	0.512398	1.825610	-0.113597	-0.257568	-0.881104	-0.408203	8.400351	31.128208	123.227961
05030		-2.760631	0.317969	11.183220	0.557519	2.252250	-0.102839	-0.251953	-0.881592	-0.406250	8.806463	32.409350	123.389613
05031		-2.372822	0.064066	11.646597	0.625411	2.735744	-0.097933	-0.233643	-0.885986	-0.403809	9.291301	33.965699	123.620151
05032		-2.579360	0.073322	11.445521	0.565792	3.298525	-0.073091	-0.219727	-0.891357	-0.394043	9.808804	35.832735	123.955253
05033		-2.136816	1.202109	11.894329	0.375495	3.905243	-0.074269	-0.187256	-0.894531	-0.393066	10.287400	38.042404	124.393202
05034		-2.377687	1.718613	12.047446	0.075040	4.557339	-0.177836	-0.162842	-0.906494	-0.387207	10.640595	40.624985	124.880022
05035		-2.788753	2.449543	12.369934	-0.076818	5.233791	-0.254000	-0.122803	-0.885986	-0.375977	10.977281	43.596166	125.447187
05036		-4.031753	3.920533	13.009258	-0.063569	5.822255	-0.370274	-0.080566	-0.888184	-0.370605	11.387725	46.906211	126.073967
05037		-6.418440	3.032785	11.639834	0.185222	6.300137	-0.482852	-0.050293	-0.895508	-0.354004	12.021173	50.494566	126.774841
05038		-11.970103	3.533613	13.339393	0.446116	6.480746	-0.583788	-0.005371	-0.898438	-0.344482	12.896573	54.188786	127.555257
05039		-16.452357	3.888196	14.519471	0.610497	6.207830	-0.634926	0.031006	-0.905029	-0.314697	13.947409	57.729961	128.399887
05040		-18.058478	3.646898	14.249402	0.477959	5.666905	-0.769156	0.070557	-0.902588	-0.290283	14.870199	60.980604	129.151974
05041		-13.605652	4.484844	13.890919	0.200153	5.205178	-0.922219	0.105713	-0.891846	-0.283936	15.508939	63.993774	129.741646
05042		-9.001171	5.915032	12.625622	-0.286502	4.850393	-1.055235	0.135010	-0.891113	-0.256348	15.712973	66.829153	130.144759
05043		-4.895905	7.455494	10.582201	-1.042744	4.595902	-1.186255	0.164063	-0.889893	-0.242920	15.237993	69.543877	130.275603
05044		-0.655643	7.838364	6.955056	-1.982208	4.479549	-1.225003	0.201904	-0.874512	-0.229248	14.021087	72.200632	130.188274
05045		-1.820419	4.244776	1.825703	-2.930378	4.945973	-1.503966	0.229004	-0.853516	-0.224365	11.627994	75.149615	129.443364
05046		-14.980643	5.003491	10.319165	-3.765806	4.796421	-1.515806	0.259521	-0.812744	-0.220215	7.842620	78.001530	127.769314
05047		-14.305764	4.182876	12.516614	-4.195173	3.466772	-1.359032	0.292725	-0.796875	-0.227539	2.366839	80.044234	124.639167
05048		-14.899735	1.471867	13.118012	-4.231027	1.987463	-1.188173	0.301270	-0.775391	-0.239014	-4.266022	81.169111	120.372103
05049		-13.662303	-0.120290	13.089533	-3.769149	0.363707	-0.958735	0.319092	-0.748291	-0.247803	-10.101137	81.301091	116.651488
05050		-11.836150	-0.512039	12.009335	-3.030482	-1.073693	-0.778532	0.299805	-0.731689	-0.272949	-13.754876	80.604490	114.708431
05051		-8.649993	0.701673	10.031334	-2.361242	-2.156341	-0.693044	0.305908	-0.706299	-0.279785	-15.486288	79.301912	114.322298
05052		-5.603954	2.532832	7.795984	-1.982590	-2.829869	-0.724266	0.290039	-0.698486	-0.309326	-16.376172	77.626742	114.571902
05053		-3.116046	4.444150	5.869255	-1.931461	-3.136208	-0.850033	0.280762	-0.672852	-0.329590	-17.232403	75.758205	114.827285
05054		-1.743691	6.270794	4.551239	-2.147121	-3.175019	-1.035570	0.265381	-0.652344	-0.356934	-18.472580	73.842748	114.815471
05055		-1.461311	7.303459	4.139571	-2.527749	-3.100523	-1.167144	0.254639	-0.619629	-0.379150	-20.045303	71.937440	114.683018
05056		-2.159337	7.686109	3.870827	-2.982639	-3.077879	-1.139733	0.239990	-0.603516	-0.397705	-21.688805	70.055252	114.750728
05057		-2.831457	7.643631	3.592649	-3.358752	-3.193173	-0.973120	0.233154	-0.576172	-0.416504	-23.115174	68.143771	115.280932
05058		-3.288478	7.166583	3.462040	-3.541067	-3.422795	-0.714668	0.218018	-0.542969	-0.442871	-24.156512	66.181395	116.350857
05059		-3.372205	7.286653	3.357733	-3.544531	-3.661481	-0.375790	0.188232	-0.517578	-0.464355	-24.714098	64.174805	117.970314
05060		-3.436140	8.199922	3.329790	-3.485726	-3.845287	-0.013338	0.163574	-0.486816	-0.486816	-24.887838	62.169874	120.011863
05061		-3.964780	8.965854	3.302548	-3.444603	-3.983945	0.412174	0.146240	-0.455566	-0.501465	-24.712109	60.188919	122.460344
05062		-4.447855	9.881294	3.457229	-3.452601	-4.098896	0.897606	0.111572	-0.428467	-0.510498	-24.261077	58.262812	125.285672
05063		-4.978547	10.070777	3.566123	-3.476787	-4.220855	1.418954	0.082031	-0.397217	-0.530273	-23.548252	56.372943	128.493488
05064		-5.125690	9.938336	3.437749	-3.453014	-4.330077	1.965056	0.062988	-0.378174	-0.552002	-22.602147	54.529406	132.041969
05065		-5.125752	10.074779	3.475502	-3.383209	-4.385954	2.485338	0.026611	-0.360107	-0.558350	-21.450522	52.724836	135.872618
05066		-5.814569	10.215998	3.932750	-3.256564	-4.390794	2.956046	0.000244	-0.327393	-0.565186	-20.156210	50.971951	139.888761
05067		-6.541717	10.500540	4.092760	-3.156818	-4.413284	3.339725	-0.032959	-0.309082	-0.566650	-18.782384	49.215852	144.029187
05068		-6.633709	10.656222	3.997747	-3.067265	-4.397306	3.597257	-0.047607	-0.289307	-0.576660	-17.451156	47.459262	148.160789
05069		-6.664386	10.554470	4.102203	-2.941481	-4.331988	3.729658	-0.084717	-0.269287	-0.582275	-16.199457	45.691536	152.195033
05070		-7.153156	10.407663	4.334624	-2.744211	-4.222859	3.762932	-0.102295	-0.251953	-0.579590	-15.055327	43.939281	156.046324
05071		-7.841261	10.492438	4.872051	-2.486141	-4.115435	3.731596	-0.120117	-0.234863	-0.587402	-13.977152	42.181536	159.700574
05072		-8.574867	10.762883	5.567553	-2.194177	-4.038179	3.665738	-0.137451	-0.216309	-0.580811	-12.961230	40.417731	163.141802
05073		-9.096588	10.940342	6.088754	-1.892144	-4.001678	3.586168	-0.151123	-0.205322	-0.571045	-11.966794	38.611086	166.395494
05074		-9.408914	11.218242	6.714582	-1.553875	-3.997509	3.494931	-0.168945	-0.194336	-0.584717	-10.984368	36.761885	169.455766
05075		-9.609296	11.609740	7.049630	-1.231002	-3.996508	3.444345	-0.181641	-0.190674	-0.586182	-9.973534	34.857470	172.373110
05076		-9.588306	11.906116	7.325347	-0.934697	-3.963312	3.397478	-0.198730	-0.184326	-0.590332	-8.963761	32.934810	175.140713
05077		-9.569448	11.888627	7.388982	-0.623360	-3.901322	3.373311	-0.210205	-0.171387	-0.597168	-7.907523	30.995233	177.791061
05078		-9.861667	12.126347	7.426037	-0.311729	-3.806188	3.380257	-0.233887	-0.185303	-0.604248	-6.810173	29.077392	-179.663512
05079		-10.109899	12.130302	7.365001	-0.036232	-3.675735	3.427011	-0.250000	-0.187988	-0.609619	-5.649170	27.184598	-177.181354
05080		-10.041922	11.526911	7.395015	0.246398	-3.476704	3.497319	-0.264648	-0.200439	-0.615234	-4.432461	25.373198	-174.756255
05081		-10.360894	9.515530	7.861964	0.619378	-3.221361	3.593086	-0.276855	-0.212158	-0.629150	-3.069493	23.653694	-172.356848
05082		-10.645285	6.793744	8.509843	1.184155	-2.931078	3.683850	-0.298584	-0.224365	-0.634766	-1.470815	22.055969	-169.992440
05083		-11.283414	5.887540	9.471527	1.880929	-2.661374	3.721094	-0.327148	-0.243164	-0.636475	0.459275	20.537432	-167.681802
05084		-12.376361	6.417571	10.730954	2.349925	-2.473431	3.737848	-0.341797	-0.277588	-0.649170	2.565945	19.060816	-165.442996
05085		-13.669750	7.288017	11.921048	2.465428	-2.385715	3.749132	-0.358887	-0.300781	-0.649902	4.674740	17.548447	-163.268892
05086		-15.032815	7.709703	12.908622	2.275376	-2.393592	3.754071	-0.385986	-0.314941	-0.654053	6.585221	15.969018	-161.171044
05087		-16.352146	7.176419	13.001966	1.910353	-2.457994	3.740344	-0.418701	-0.330078	-0.637451	8.220367	14.284163	-159.151550
05088		-17.122371	6.325406	11.961568	1.512665	-2.530597	3.655919	-0.440430	-0.340332	-0.641113	9.529364	12.524678	-157.251313
05089		-17.099880	5.533169	10.254390	1.173850	-2.536116	3.411620	-0.467773	-0.349609	-0.640137	10.560658	10.741800	-155.539935
05090		-16.576991	3.899743	8.472705	0.987604	-2.443328	2.984528	-0.502686	-0.351563	-0.639648	11.374859	9.038320	-154.103714
05091		-16.362301	0.982248	6.854331	1.124823	-2.229698	2.503192	-0.521729	-0.346436	-0.624512	12.199450	7.485186	-152.944534
05092		-16.877899	-0.676650	5.617792	1.540939	-1.921021	2.094084	-0.546875	-0.350342	-0.610840	13.195211	6.143925	-152.006995
05093		-17.070941	-1.060070	4.572930	1.923606	-1.561561	1.758501	-0.563965	-0.364990	-0.608398	14.385567	5.027107	-151.234671
05094		-16.321059	-0.914346	3.485700	2.111188	-1.136064	1.385251	-0.582520	-0.365723	-0.606934	15.645149	4.188926	-150.632551
05095		-16.681388	-4.378856	2.441293	2.320294	-0.714979	1.163060	-0.584717	-0.378418	-0.606201	17.022945	3.602647	-150.104150
05096		-11.319703	5.955607	5.537714	1.852849	-0.108612	1.401607	-0.584961	-0.390137	-0.595703	18.131262	3.296841	-149.353965
05097		-18.226596	14.366120	-1.660466	-2.143616	1.810626	2.184630	-0.574707	-0.363037	-0.607178	17.010068	3.903795	-147.841771
05098		-9.770287	-10.109309	-0.804793	-4.301385	2.616319	2.528562	-0.556885	-0.311768	-0.618164	14.686542	4.946316	-146.031292
05099		-3.913028	-18.832225	12.387123	-2.408211	2.659443	3.392145	-0.534180	-0.276855	-0.614502	13.534249	5.947489	-143.761369
05100		1.582421	-10.513796	15.015459	-1.240453	2.484913	3.278612	-0.521484	-0.262939	-0.626953	13.067920	6.897170	-141.589751
05101		5.250432	-17.718700	9.758435	-1.380445	2.824781	1.118968	-0.486328	-0.241699	-0.621582	12.418328	8.330976	-140.595177
05102		-2.024033	-32.126850	14.027622	-0.923626	3.373875	-0.819416	-0.458008	-0.236084	-0.627441	11.882473	10.315819	-140.645511
05103		-13.101930	-22.747448	18.939140	0.442576	3.177801	-1.352387	-0.436279	-0.232666	-0.645264	12.066625	12.253943	-141.029860
05104		-11.879914	0.897080	14.364067	1.089230	2.491903	-1.335803	-0.416016	-0.246094	-0.648926	12.590359	13.808432	-141.481930
05105		-4.735819	13.858288	10.321252	1.198401	2.433246	-0.739793	-0.392334	-0.269775	-0.645752	13.255280	15.259502	-141.583562
05106		-6.945988	18.925136	9.705258	0.513758	2.616420	-0.247048	-0.369629	-0.280029	-0.638184	13.612287	16.746663	-141.362043
05107		-10.592393	12.067639	10.581769	-0.426744	2.218686	-0.345959	-0.350098	-0.266357	-0.647949	13.406931	18.026661	-141.249084
05108		-9.110180	6.351915	9.828658	-0.891356	1.674373	-0.480928	-0.340576	-0.266602	-0.651855	12.881743	19.019737	-141.299505
05109		-6.165427	5.645108	9.212176	-1.113876	1.363016	-0.572163	-0.326660	-0.251709	-0.650879	12.197929	19.851638	-141.454770
05110		-6.232876	3.245965	9.657508	-1.236402	1.152565	-0.652747	-0.319824	-0.245117	-0.646729	11.406917	20.570805	-141.698332
05111		-5.804548	0.867133	9.506096	-1.165475	0.893379	-0.614950	-0.311523	-0.235596	-0.645752	10.652504	21.139386	-141.959018
05112		-4.504028	1.264792	9.490591	-1.044928	0.782214	-0.556971	-0.307129	-0.227295	-0.648926	9.964801	21.633762	-142.207336
05113		-5.908910	-1.071893	10.253852	-0.860295	0.654545	-0.483944	-0.304932	-0.215820	-0.651367	9.395253	22.049041	-142.429170
05114		-5.729331	-3.378636	10.995962	-0.571710	0.431380	-0.326695	-0.297852	-0.214355	-0.640625	9.011081	22.319338	-142.583197
05115		-4.986868	-2.814306	10.863527	-0.300347	0.317234	-0.184598	-0.296631	-0.206299	-0.647461	8.814510	22.514450	-142.661223
05116		-4.941267	-1.822091	10.569389	-0.053313	0.238287	-0.073369	-0.288574	-0.206055	-0.646484	8.778021	22.652199	-142.680740
05117		-4.404160	0.195154	9.494591	0.055632	0.157557	-0.028375	-0.290283	-0.209717	-0.641602	8.815298	22.743070	-142.678878
05118		-3.777268	1.696465	8.894504	0.077206	0.162528	-0.031735	-0.293213	-0.205322	-0.639893	8.860658	22.834275	-142.679983
05119		-3.897121	2.034326	8.770099	0.061016	0.184250	-0.037459	-0.287598	-0.215088	-0.645508	8.899733	22.941005	-142.681056
05120		-3.335523	2.468517	8.557464	-0.023976	0.196436	-0.058810	-0.284424	-0.208740	-0.642090	8.881920	23.053803	-142.695459
05121		-3.295488	2.368831	8.895947	-0.058944	0.262717	-0.059352	-0.282227	-0.207764	-0.644287	8.849933	23.206791	-142.702484
05122		-3.947639	1.641498	9.023336	-0.077028	0.241961	-0.053143	-0.291260	-0.214600	-0.644531	8.804696	23.344852	-142.709203
05123		-3.746395	1.819021	8.752098	-0.120992	0.247297	-0.044446	-0.280029	-0.203369	-0.642334	8.740064	23.487682	-142.708775
05124		-3.969438	0.928080	9.221089	-0.080297	0.270999	-0.044405	-0.282959	-0.206299	-0.645264	8.696060	23.641416	-142.707646
05125		-4.352513	0.533485	9.303687	0.002934	0.242488	-0.006118	-0.274902	-0.203369	-0.652588	8.711609	23.778115	-142.684172
05126		-4.570283	0.597446	9.244095	0.075340	0.212005	0.037412	-0.274170	-0.206543	-0.644775	8.775014	23.891316	-142.637931
05127		-4.069268	0.903961	9.213417	0.112285	0.194414	0.064213	-0.276367	-0.210938	-0.642090	8.869040	23.994544	-142.575239
05128		-4.234776	1.263625	9.222025	0.162056	0.186378	0.090544	-0.272705	-0.209229	-0.648926	8.994877	24.088373	-142.498082
05129		-4.279027	1.462383	8.994784	0.194601	0.170901	0.101781	-0.274414	-0.213623	-0.645508	9.144922	24.174587	-142.413903
05130		-4.151200	1.738432	8.937698	0.207653	0.166107	0.109794	-0.269531	-0.214111	-0.642822	9.301412	24.254824	-142.326225
05131		-4.161754	1.928832	8.746842	0.200504	0.151779	0.101585	-0.268311	-0.219238	-0.652100	9.454377	24.329773	-142.243548
05132		-4.086426	2.451072	8.511887	0.159334	0.144558	0.072960	-0.272461	-0.213379	-0.654297	9.573269	24.400915	-142.180409
05133		-4.560322	1.930668	8.542012	0.128110	0.117803	0.056888	-0.263672	-0.225098	-0.643066	9.672174	24.460566	-142.128599
05134		-4.076972	2.083477	8.502393	0.084337	0.084774	0.039689	-0.259277	-0.215820	-0.656250	9.737158	24.500967	-142.092133
05135		-3.916129	2.006247	8.692074	0.049905	0.100714	0.012678	-0.261719	-0.222656	-0.653809	9.779237	24.555113	-142.069406
05136		-4.144814	1.790669	8.708808	0.024588	0.109010	-0.012567	-0.259033	-0.223389	-0.647705	9.797669	24.614239	-142.062694
05137		-4.079392	1.357254	8.789188	0.011821	0.098305	-0.019152	-0.267090	-0.223877	-0.650146	9.809592	24.670035	-142.059949
05138		-3.850943	1.368937	8.917143	0.020353	0.122431	-0.003255	-0.266602	-0.221436	-0.647217	9.828648	24.735825	-142.045965
05139		-4.083277	1.302098	9.032531	0.051799	0.159517	0.007736	-0.261963	-0.225586	-0.642822	9.873153	24.823446	-142.019890
05140		-4.170779	1.315708	9.019968	0.074609	0.173064	0.028380	-0.254395	-0.225830	-0.647705	9.933975	24.914678	-141.980602
05141		-4.235941	1.370937	8.966915	0.104323	0.178311	0.036519	-0.258301	-0.218994	-0.649170	10.017044	25.009914	-141.934360
05142		-4.315582	1.774172	8.790277	0.107460	0.183803	0.035903	-0.248291	-0.222412	-0.653076	10.099433	25.106355	-141.888868
05143		-4.396254	1.675106	8.740916	0.103634	0.177038	0.026703	-0.254639	-0.230225	-0.649170	10.179645	25.201677	-141.848552
05144		-4.555111	1.779623	8.708723	0.103006	0.156160	0.017656	-0.256836	-0.228516	-0.641602	10.253594	25.284272	-141.817178
05145		-4.673842	1.608406	8.581962	0.105964	0.112358	0.015324	-0.250732	-0.229248	-0.649658	10.329140	25.344161	-141.790981
05146		-4.555456	1.735272	8.478246	0.085990	0.071651	0.018830	-0.252441	-0.230225	-0.651123	10.389696	25.378932	-141.768252
05147		-3.977478	2.105273	8.401806	0.060239	0.060029	0.006167	-0.245361	-0.233154	-0.648438	10.434039	25.410215	-141.753645
05148		-3.896807	2.043527	8.658511	0.018292	0.102417	-0.025652	-0.255127	-0.227783	-0.647705	10.445461	25.466911	-141.755066
05149		-4.143374	1.914468	8.676082	0.001250	0.122966	-0.048183	-0.257080	-0.223877	-0.645752	10.444522	25.539204	-141.767125
05150		-4.200289	1.946046	8.557512	-0.022371	0.132778	-0.069592	-0.245605	-0.225586	-0.651855	10.422295	25.617567	-141.792512
05151		-4.202472	2.041237	8.537375	-0.053879	0.143944	-0.092528	-0.248779	-0.230469	-0.654785	10.378688	25.706192	-141.829983
05152		-4.366256	2.108467	8.352861	-0.088134	0.139737	-0.115458	-0.252441	-0.232666	-0.649414	10.306514	25.793160	-141.883451
05153		-4.469308	1.785236	8.372673	-0.135142	0.135058	-0.127220	-0.249512	-0.225342	-0.657715	10.206174	25.880179	-141.943967
05154		-4.456804	1.682548	8.454204	-0.168323	0.124584	-0.135141	-0.250244	-0.223877	-0.648682	10.081593	25.960419	-142.011891
05155		-4.362737	1.677879	8.562167	-0.178957	0.119224	-0.136830	-0.238525	-0.222656	-0.654297	9.952300	26.039204	-142.080700
05156		-4.582431	1.698091	8.538343	-0.184645	0.109954	-0.149038	-0.236328	-0.228271	-0.645264	9.813441	26.112274	-142.159455
05157		-4.659047	1.848010	8.349417	-0.205979	0.082575	-0.156026	-0.244873	-0.215088	-0.642822	9.661158	26.171885	-142.244824
05158		-4.868333	1.553566	8.495978	-0.223952	0.040432	-0.159103	-0.234619	-0.213867	-0.648682	9.493357	26.206258	-142.337811
05159		-4.943970	1.292777	8.526308	-0.230266	-0.017000	-0.143213	-0.236572	-0.223145	-0.645996	9.325804	26.207943	-142.425945
05160		-4.720628	1.341620	8.695363	-0.234080	-0.066928	-0.131064	-0.238525	-0.210938	-0.645752	9.155034	26.178530	-142.512495
05161		-4.576173	1.214777	8.883819	-0.221924	-0.091911	-0.127461	-0.245850	-0.209229	-0.641846	8.993301	26.135942	-142.598248
05162		-4.556682	1.367878	8.833230	-0.208631	-0.112245	-0.124069	-0.241455	-0.208252	-0.651367	8.837306	26.079817	-142.684620
05163		-4.285253	1.387294	8.872606	-0.194651	-0.114300	-0.136630	-0.246582	-0.208984	-0.647217	8.687903	26.024895	-142.778029
05164		-4.230530	1.599934	8.748129	-0.187072	-0.104892	-0.146615	-0.248535	-0.205811	-0.650879	8.538666	25.974462	-142.877499
05165		-4.077075	1.717974	8.398949	-0.200126	-0.081553	-0.156214	-0.253174	-0.203125	-0.644531	8.382325	25.939246	-142.979802
05166		-4.407830	1.084137	8.597383	-0.212488	-0.073918	-0.138666	-0.246338	-0.201904	-0.635742	8.222245	25.905232	-143.071041
05167		-4.160948	1.689960	8.455777	-0.218499	-0.081520	-0.132994	-0.260498	-0.204346	-0.649414	8.061952	25.867595	-143.158441
05168		-4.014117	2.695894	8.087297	-0.247278	-0.076370	-0.163137	-0.246826	-0.197510	-0.648193	7.875340	25.833656	-143.265048
05169		-4.476844	2.534098	7.854474	-0.292020	-0.106028	-0.177443	-0.250732	-0.189941	-0.645508	7.660104	25.784985	-143.382226
05170		-5.125468	1.460001	8.256089	-0.347613	-0.180100	-0.133196	-0.250977	-0.194092	-0.645752	7.420801	25.689160	-143.478226
05171		-4.685049	-0.727040	9.861679	-0.320759	-0.223989	-0.063109	-0.257080	-0.191406	-0.640381	7.216775	25.564314	-143.532262
05172		-3.757938	-0.057296	9.609615	-0.266324	-0.218703	-0.038262	-0.250732	-0.185547	-0.646484	7.049245	25.439175	-143.570560
05173		-4.271917	-0.745006	9.722275	-0.161930	-0.129839	-0.015073	-0.261963	-0.183105	-0.642090	6.952630	25.364163	-143.586316
05174		-3.964161	-0.070078	9.585749	-0.094577	-0.083957	0.016122	-0.262695	-0.180664	-0.643555	6.902893	25.311783	-143.579538
05175		-3.704758	0.547699	9.399592	-0.020491	-0.005522	0.037479	-0.254639	-0.186523	-0.639648	6.905354	25.303757	-143.552706
05176		-3.658869	1.322942	8.938665	0.007381	0.064604	0.038509	-0.265625	-0.183838	-0.642334	6.924910	25.334334	-143.520492
05177		-3.830886	1.521888	8.799956	0.004859	0.125436	0.025475	-0.259766	-0.188477	-0.642090	6.942916	25.401507	-143.491211
05178		-4.051757	1.560644	8.777120	-0.011152	0.158419	0.002633	-0.257324	-0.186279	-0.640137	6.945323	25.487913	-143.474346
05179		-3.957211	1.608831	8.668272	-0.034057	0.178705	-0.025367	-0.253174	-0.176270	-0.634033	6.929086	25.588837	-143.472973
05180		-3.976435	1.449706	8.746468	-0.050773	0.216659	-0.049209	-0.256348	-0.181885	-0.639160	6.896605	25.711953	-143.484387
05181		-4.251690	1.301716	8.925913	-0.055188	0.245556	-0.068501	-0.261963	-0.187012	-0.644287	6.858590	25.853809	-143.505273
05182		-4.345770	0.984980	9.012011	-0.036550	0.247410	-0.064804	-0.247314	-0.181885	-0.643555	6.830835	25.995470	-143.524406
05183		-4.291103	0.967562	8.938835	-0.018328	0.256837	-0.059843	-0.246582	-0.176270	-0.643311	6.816507	26.143100	-143.539161
05184		-4.341574	0.970829	8.855106	-0.005498	0.277235	-0.053965	-0.244385	-0.177246	-0.644043	6.810430	26.300983	-143.549295
05185		-4.230907	1.069818	8.860817	0.010600	0.297967	-0.050205	-0.244141	-0.182373	-0.637939	6.816629	26.471320	-143.554894
05186		-4.214659	1.073968	8.815914	0.020802	0.320665	-0.059242	-0.234375	-0.180420	-0.639893	6.825541	26.654271	-143.565087
05187		-4.340800	1.195227	8.780645	0.029657	0.348323	-0.060980	-0.236328	-0.188721	-0.647949	6.841251	26.853947	-143.573667
05188		-4.353260	1.239536	8.761934	0.029377	0.368358	-0.069737	-0.233154	-0.174561	-0.639648	6.853660	27.064750	-143.586844
05189		-4.341520	1.063624	8.819635	0.048354	0.390422	-0.071895	-0.229004	-0.182861	-0.641113	6.878345	27.289090	-143.599068
05190		-4.235155	1.011569	8.960493	0.063156	0.432955	-0.065201	-0.227539	-0.186768	-0.648193	6.913726	27.536334	-143.604185
05191		-4.126513	0.750049	9.192733	0.094501	0.496371	-0.062884	-0.226074	-0.180420	-0.641602	6.971386	27.820272	-143.602062
05192		-4.123288	0.504426	9.341716	0.141419	0.583806	-0.043588	-0.220215	-0.191162	-0.650391	7.063973	28.151797	-143.580734
05193		-3.773338	0.245730	9.565858	0.216433	0.718540	-0.010103	-0.213379	-0.189453	-0.634766	7.216695	28.558185	-143.525440
05194		-3.690670	0.285900	9.640213	0.300059	0.896488	0.020098	-0.202393	-0.191895	-0.645752	7.433973	29.062643	-143.434541
05195		-3.518082	0.297923	9.955857	0.342407	1.118162	0.055276	-0.191162	-0.194336	-0.642090	7.699444	29.690549	-143.298074
05196		-3.327235	0.130860	10.191586	0.379088	1.366125	0.086021	-0.177734	-0.196045	-0.643311	8.009978	30.455645	-143.114927
05197		-2.802822	0.652367	10.703206	0.506909	1.686127	0.078544	-0.170654	-0.205322	-0.650391	8.413846	31.402138	-142.898557
05198		-2.858100	1.319289	10.752973	0.529858	2.065310	0.056543	-0.150635	-0.208496	-0.650391	8.851571	32.563612	-142.648268
05199		-2.723335	1.723783	10.852050	0.539200	2.472760	0.004555	-0.127441	-0.211914	-0.647705	9.313013	33.958596	-142.374142
05200		-2.669010	1.762991	10.885056	0.542937	2.936352	-0.066672	-0.104248	-0.221436	-0.648682	9.795314	35.620373	-142.076840
05201		-2.343976	2.368872	10.867684	0.434652	3.434794	-0.173834	-0.075195	-0.215576	-0.638916	10.229930	37.571638	-141.769144
05202		-3.074174	0.901622	11.438753	0.376682	3.992222	-0.250430	-0.041992	-0.222900	-0.630615	10.668767	39.843433	-141.415115
05203		-2.947660	2.631804	11.490360	0.276653	4.562879	-0.339533	-0.003418	-0.227783	-0.622314	11.096223	42.442904	-141.009546
05204		-3.757311	3.095410	11.494229	0.139902	5.080896	-0.443093	0.037598	-0.235352	-0.610107	11.489343	45.343701	-140.560556
05205		-6.206527	3.239452	11.360596	0.138297	5.548939	-0.512359	0.085205	-0.233887	-0.596436	11.957340	48.511188	-140.031314
05206		-6.748244	4.444941	10.164995	0.193209	5.916681	-0.685730	0.133057	-0.226318	-0.576660	12.472756	51.903855	-139.506887
05207		-9.292546	1.665010	11.109063	0.442507	6.194280	-0.829759	0.174805	-0.225586	-0.549316	13.173566	55.464318	-138.954637
05208		-13.893719	3.617921	12.541685	0.730097	6.151760	-0.925845	0.222412	-0.241699	-0.530762	14.086968	59.010981	-138.368181
05209		-16.487606	4.238296	12.640378	0.828044	5.900524	-1.039250	0.268555	-0.230469	-0.502930	15.057875	62.426785	-137.801551
05210		-13.986960	4.465494	12.554772	0.816839	5.590026	-1.307178	0.300293	-0.233643	-0.470459	15.799787	65.709582	-137.498981
05211		-11.278221	5.166947	11.764802	0.686636	5.324474	-1.537632	0.342529	-0.231201	-0.448975	16.186755	68.878399	-137.508057
05212		-7.994565	5.034932	10.594426	0.480310	5.117685	-1.770257	0.372070	-0.218750	-0.421387	16.015972	71.973007	-137.982936
05213		-5.168186	4.860781	8.825355	0.208736	4.905691	-1.947574	0.405029	-0.203125	-0.395996	15.062198	74.972851	-139.104102
05214		-1.008739	3.862454	6.873609	-0.015336	4.803188	-2.051411	0.425781	-0.190186	-0.365479	13.113293	77.924811	-141.100698
05215		1.428731	3.026490	4.606614	-0.085743	4.956498	-2.101536	0.456787	-0.174561	-0.336426	9.780850	80.940718	-144.441295
05216		1.437446	-1.432808	3.684075	0.078078	5.233777	-2.282187	0.483398	-0.171143	-0.308594	2.373864	84.064241	-151.955883
05217		-10.747407	-1.597838	9.585441	0.498362	4.877770	-2.518125	0.506592	-0.141357	-0.274414	-20.323833	86.645453	-175.008974
05218		-11.701686	0.237595	12.900569	0.997617	3.518252	-2.358728	0.521240	-0.129150	-0.251709	-65.166472	87.255755	139.517886
05219		-12.164069	2.367149	12.857447	1.433501	2.044468	-2.212453	0.525879	-0.121826	-0.256104	-89.458155	86.255952	114.364874
05220		-10.595470	5.416539	12.811456	1.488089	0.488605	-1.928614	0.530029	-0.113525	-0.253906	-92.089953	85.149958	110.869226
05221		-8.934379	7.289068	11.909104	1.090486	-0.920415	-1.498314	0.522949	-0.111084	-0.270020	-85.824361	84.286903	116.531740
05222		-7.187364	7.390141	10.486803	0.479881	-2.051469	-1.002213	0.515381	-0.099365	-0.302734	-75.505883	83.529306	126.630219
05223		-5.417287	6.419431	8.810571	-0.090620	-2.873620	-0.529598	0.494629	-0.097412	-0.331055	-63.565353	82.667507	138.706714
05224		-3.979984	5.261964	7.276923	-0.501529	-3.423573	-0.118964	0.468018	-0.094971	-0.370361	-52.074114	81.560200	150.594874
05225		-3.382360	3.987841	6.369739	-0.748480	-3.793031	0.225851	0.455078	-0.090576	-0.396484	-41.968723	80.165210	161.260052
05226		-3.135503	2.833466	5.463150	-0.854107	-4.079081	0.517453	0.425293	-0.096436	-0.441650	-33.581055	78.493811	170.290181
05227		-2.697933	1.634663	4.691299	-0.814395	-4.288595	0.739266	0.401611	-0.083984	-0.469727	-26.742389	76.571826	177.767063
05228		-2.691079	0.523303	4.803329	-0.583285	-4.422605	0.911065	0.363770	-0.098145	-0.512451	-21.221218	74.464308	-176.188333
05229		-4.266735	-0.362914	5.019672	-0.202232	-4.587107	1.079724	0.325684	-0.094727	-0.549561	-16.506952	72.166118	-171.150856
05230		-5.069874	-0.147084	4.916594	0.182448	-4.878258	1.230251	0.290039	-0.098145	-0.589111	-12.402406	69.631577	-166.920688
05231		-4.658942	0.757924	5.322607	0.427572	-5.139516	1.331036	0.243408	-0.107666	-0.621826	-8.887371	66.866389	-163.405212
05232		-4.964864	1.379197	5.953941	0.489618	-5.301592	1.389011	0.187744	-0.113770	-0.652100	-6.011583	63.954058	-160.553924
05233		-5.506925	2.039486	6.331920	0.379870	-5.426410	1.418074	0.145264	-0.127197	-0.693115	-3.718016	60.912543	-158.217543
05234		-5.854587	2.256790	6.588213	0.179160	-5.536158	1.390221	0.077393	-0.130127	-0.708496	-1.998466	57.780849	-156.340596
05235		-6.090995	1.571075	6.719347	-0.017453	-5.608846	1.351569	0.022461	-0.131592	-0.727783	-0.723664	54.573593	-154.799749
05236		-5.926059	0.458837	6.901497	-0.066448	-5.599751	1.332571	-0.033447	-0.125732	-0.755371	0.273107	51.364877	-153.505920
05237		-5.803811	-0.334969	6.982784	0.073456	-5.509709	1.326863	-0.092529	-0.126221	-0.771240	1.179027	48.185419	-152.380743
05238		-5.650810	-0.608531	7.202575	0.322445	-5.335666	1.323394	-0.150879	-0.125000	-0.784180	2.079516	45.104649	-151.398950
05239		-5.828683	-0.400246	7.666915	0.584191	-5.075683	1.286784	-0.215820	-0.125488	-0.797852	3.003566	42.153187	-150.551611
05240		-6.445402	-0.152094	8.191552	0.795232	-4.776230	1.210999	-0.265381	-0.124023	-0.808105	3.918160	39.376340	-149.851446
05241		-7.021544	-0.004314	8.627251	0.960590	-4.469396	1.099297	-0.326660	-0.129395	-0.813477	4.816281	36.761437	-149.294886
05242		-8.071068	0.010102	9.649150	1.151179	-4.119677	0.994066	-0.381592	-0.142334	-0.820068	5.729939	34.355250	-148.860908
05243		-10.412642	0.087689	10.998777	1.357636	-3.805389	0.931876	-0.440674	-0.151367	-0.813477	6.708352	32.116353	-148.503151
05244		-11.926414	0.813218	11.402087	1.477152	-3.591964	0.891098	-0.482422	-0.153076	-0.815674	7.707575	30.007001	-148.210103
05245		-12.877871	1.631203	11.565230	1.483420	-3.381062	0.850354	-0.532959	-0.159424	-0.794434	8.678527	28.006940	-147.969535
05246		-14.725479	2.019501	11.920213	1.426715	-3.147298	0.843490	-0.579346	-0.161865	-0.784424	9.596480	26.146204	-147.752333
05247		-17.225863	3.062417	11.770810	1.354462	-2.957883	0.883046	-0.619141	-0.169189	-0.766357	10.474436	24.376751	-147.523703
05248		-20.506450	4.768694	11.854115	1.149117	-2.892536	0.990778	-0.647217	-0.165527	-0.754395	11.242238	22.638496	-147.253468
05249		-25.029044	5.550194	11.629827	0.791491	-3.114540	1.207812	-0.677002	-0.162109	-0.733887	11.829411	20.740524	-146.903903
05250		-25.913905	5.332714	9.068878	0.372550	-3.584345	1.445863	-0.723633	-0.145508	-0.713379	12.182118	18.555696	-146.494541
05251		-22.555821	4.428171	5.806019	0.129721	-3.915963	1.514138	-0.761719	-0.142334	-0.679688	12.378154	16.169964	-146.102790
05252		-17.483776	-0.321682	2.965538	0.306714	-3.761275	1.475865	-0.790283	-0.125732	-0.652832	12.652354	13.879106	-145.729118
05253		-12.780014	-1.994497	2.133529	0.885628	-3.084131	1.501227	-0.799072	-0.121338	-0.633301	13.266815	11.957309	-145.272488
05254		-11.635176	-6.104852	-1.227657	1.063062	-1.753060	1.477666	-0.821045	-0.105469	-0.623291	13.995788	10.777826	-144.672321
05255		-15.448749	-5.388362	-1.169860	1.177545	-1.052364	1.333692	-0.823242	-0.120605	-0.625732	14.786565	9.996124	-144.093051
05256		-19.895872	-4.390710	-1.177581	0.529469	-0.477253	1.052949	-0.823730	-0.112061	-0.618896	15.180180	9.572133	-143.571133
05257		-21.377899	-5.281396	-2.622337	-0.517317	-0.079876	0.624297	-0.819092	-0.090576	-0.615234	14.945956	9.429892	-143.247249
05258		-20.386158	-8.839735	-6.912255	-1.370284	0.506337	-0.004310	-0.820801	-0.085693	-0.612061	14.174668	9.707457	-143.173410
05259		-5.383434	-10.503191	-4.721388	-1.625327	1.257537	-0.763889	-0.801270	-0.070313	-0.618652	13.202782	10.509292	-143.439200
05260		2.643673	-2.437339	12.489905	-1.355849	1.792523	-1.164648	-0.802734	-0.070557	-0.630615	12.344940	11.654677	-143.868504
05261		1.183621	5.712547	17.437336	-1.205370	1.812953	-1.342232	-0.788574	-0.074707	-0.632568	11.540500	12.829375	-144.415832
05262		-2.121853	8.669309	9.191302	-1.234339	2.071268	-1.503025	-0.783203	-0.070068	-0.638184	10.687516	14.156170	-145.046999
05263		-6.089127	-1.398070	7.857839	-1.176014	2.468974	-1.115377	-0.762695	-0.058350	-0.644775	9.917090	15.661306	-145.432919
05264		-11.360069	-2.967623	13.987824	-0.684408	2.469491	-0.401679	-0.744385	-0.049072	-0.659668	9.530815	17.091119	-145.417569
05265		-11.409954	-3.740691	14.697615	-0.490118	1.866210	-0.416539	-0.727051	-0.052979	-0.661621	9.233651	18.184716	-145.478841
05266		-7.088911	-2.988922	11.996836	-0.195796	1.449000	-0.450747	-0.722168	-0.053955	-0.677490	9.082533	19.041837	-145.605685
05267		-5.709831	3.588132	10.356878	-0.073823	1.394859	-0.245209	-0.706787	-0.050049	-0.672607	9.038171	19.853507	-145.616646
05268		-6.463595	4.476127	10.109604	-0.229176	1.236734	-0.184220	-0.694092	-0.043701	-0.677246	8.911698	20.566286	-145.607144
05269		-4.664850	2.170725	9.245224	-0.313365	1.079538	-0.188129	-0.684814	-0.044189	-0.684814	8.730583	21.194595	-145.616765
05270		-4.076061	2.758314	8.696344	-0.380860	1.059869	-0.251379	-0.674561	-0.040527	-0.682129	8.494687	21.812985	-145.669228
05271		-5.958565	3.577114	9.358869	-0.541325	0.978717	-0.309112	-0.674561	-0.037109	-0.691650	8.149413	22.394132	-145.767792
05272		-8.924104	0.151433	10.718371	-0.564930	0.648367	-0.258181	-0.662354	-0.036133	-0.694580	7.788888	22.778979	-145.867760
05273		-4.741084	-2.220828	10.073347	-0.418746	0.367297	-0.140651	-0.667969	-0.030273	-0.694336	7.530284	22.999324	-145.920953
05274		-4.921309	-0.749240	10.259086	-0.264381	0.292761	-0.069630	-0.663574	-0.028320	-0.702637	7.373933	23.167285	-145.937341
05275		-3.852537	0.460575	9.348528	-0.189828	0.247714	-0.027535	-0.657227	-0.025879	-0.687988	7.269052	23.311167	-145.931762
05276		-4.386515	-0.024489	9.464070	-0.129758	0.254089	-0.005009	-0.661621	-0.022705	-0.688965	7.204143	23.452425	-145.911900
05277		-4.318904	0.496025	9.307295	-0.079542	0.221172	0.018511	-0.656738	-0.028564	-0.694092	7.172769	23.577912	-145.880246
05278		-4.209980	1.039210	9.221582	-0.054701	0.209795	0.036136	-0.648926	-0.027344	-0.693359	7.159734	23.691071	-145.838459
05279		-3.883952	0.757240	9.121698	-0.026298	0.207228	0.043334	-0.657715	-0.025635	-0.692871	7.164707	23.806869	-145.792501
05280		-3.840402	1.224093	9.009350	-0.002789	0.222172	0.039933	-0.656982	-0.018799	-0.700928	7.182954	23.926787	-145.747294
05281		-4.431029	1.680688	8.868543	-0.001092	0.205928	0.028441	-0.650635	-0.020996	-0.697998	7.198779	24.042848	-145.710565
05282		-4.177374	1.704818	8.871007	-0.026626	0.158971	0.014718	-0.650879	-0.025635	-0.697998	7.195144	24.128634	-145.685897
05283		-4.159202	1.814700	8.801235	-0.048351	0.157417	-0.007074	-0.648438	-0.012939	-0.698975	7.173483	24.219675	-145.675032
05284		-4.421960	1.574110	8.880251	-0.071310	0.129149	-0.022224	-0.641846	-0.018555	-0.702393	7.133876	24.291160	-145.675772
05285		-4.342212	1.497331	8.819475	-0.088850	0.102019	-0.039919	-0.645264	-0.018799	-0.697754	7.078855	24.353051	-145.689790
05286		-4.316093	1.523261	8.797179	-0.110607	0.085188	-0.058533	-0.649170	-0.019775	-0.697998	7.005911	24.402087	-145.716741
05287		-4.377793	1.051051	9.018608	-0.113664	0.069639	-0.061482	-0.639648	-0.015625	-0.690430	6.930047	24.447041	-145.746840
05288		-4.433506	0.514714	9.125155	-0.089447	0.059464	-0.042934	-0.639160	-0.025879	-0.694092	6.872359	24.480310	-145.766139
05289		-4.204267	0.746139	9.022501	-0.066630	0.055522	-0.024644	-0.643066	-0.019775	-0.694092	6.832423	24.514667	-145.774399
05290		-4.131253	1.019780	8.959068	-0.047832	0.066078	-0.021000	-0.639160	-0.012939	-0.686768	6.804432	24.550182	-145.779551
05291		-4.082273	1.093863	8.899031	-0.029561	0.067890	-0.020079	-0.637939	-0.020020	-0.701416	6.787250	24.591240	-145.784082
05292		-3.934830	1.306042	8.759726	-0.038612	0.084755	-0.042191	-0.638428	-0.016113	-0.701904	6.759575	24.638810	-145.801142
05293		-3.916868	1.566262	8.607434	-0.059733	0.094494	-0.070153	-0.645264	-0.014404	-0.691650	6.712834	24.698335	-145.835096
05294		-3.951869	1.793116	8.490841	-0.113280	0.088516	-0.113480	-0.640869	-0.014893	-0.695557	6.623735	24.752759	-145.896656
05295		-4.056737	1.812804	8.480582	-0.188269	0.066198	-0.134347	-0.633301	-0.008789	-0.699707	6.485568	24.800247	-145.973074
05296		-4.193384	1.731151	8.445725	-0.264645	0.035057	-0.141429	-0.636719	-0.017578	-0.701660	6.300583	24.825746	-146.056254
05297		-4.266073	1.478943	8.641717	-0.320769	0.019451	-0.142332	-0.641113	-0.008301	-0.697998	6.082951	24.846655	-146.141156
05298		-4.385550	1.079417	8.779010	-0.339658	-0.004191	-0.137132	-0.639893	-0.007324	-0.697266	5.854896	24.848973	-146.224444
05299		-4.356145	0.854762	8.872319	-0.330240	-0.017177	-0.133507	-0.647949	-0.000244	-0.688721	5.633153	24.847902	-146.306248
05300		-4.320297	0.840313	8.980754	-0.314046	-0.037081	-0.127171	-0.643799	-0.001221	-0.693848	5.421569	24.830331	-146.385287
05301		-4.352656	0.536921	9.041382	-0.277648	-0.040101	-0.122036	-0.645020	0.003418	-0.684570	5.232462	24.815033	-146.461169
05302		-4.168405	0.542580	9.035538	-0.243122	-0.049062	-0.118319	-0.640869	-0.001953	-0.699463	5.063673	24.789695	-146.535170
05303		-4.164669	0.570202	9.051542	-0.213550	-0.038632	-0.110689	-0.642334	-0.004639	-0.688232	4.914371	24.774252	-146.603708
05304		-4.185719	0.582871	9.049749	-0.181144	-0.027258	-0.100668	-0.644287	0.006592	-0.690186	4.786341	24.760158	-146.665281
05305		-4.266096	0.561341	8.925388	-0.162114	-0.017505	-0.092991	-0.651367	0.003662	-0.684814	4.671660	24.755637	-146.721497
05306		-4.223321	0.765770	8.981609	-0.152912	-0.015610	-0.094988	-0.649902	0.013428	-0.687012	4.561595	24.747706	-146.778833
05307		-4.259747	0.679851	8.899540	-0.138950	-0.010319	-0.091556	-0.646973	0.001465	-0.681152	4.460719	24.747022	-146.833757
05308		-4.237606	0.632303	8.939412	-0.119547	-0.017625	-0.084255	-0.645020	0.006104	-0.683105	4.372578	24.737284	-146.884405
05309		-4.292724	0.506520	8.893671	-0.111278	-0.016962	-0.087761	-0.647217	0.016602	-0.678467	4.288428	24.732478	-146.937241
05310		-4.190800	0.432442	8.957359	-0.100087	-0.010341	-0.076093	-0.651855	0.005859	-0.690186	4.213753	24.726423	-146.982379
05311		-4.128351	0.294258	8.970793	-0.075603	0.002113	-0.067413	-0.648926	0.014404	-0.674561	4.155742	24.731539	-147.021524
05312		-4.095692	0.304073	9.075026	-0.052169	0.036407	-0.059125	-0.649658	0.016113	-0.682373	4.113875	24.751414	-147.053849
05313		-3.969441	0.406996	9.090793	-0.019147	0.064769	-0.045800	-0.648438	0.004639	-0.690430	4.095002	24.791374	-147.076603
05314		-4.065421	0.410121	9.064262	0.001031	0.103230	-0.049062	-0.639160	0.007568	-0.687256	4.087484	24.849005	-147.099619
05315		-3.993141	0.408660	9.151213	0.025435	0.146435	-0.035173	-0.643311	0.010986	-0.684082	4.098424	24.935152	-147.112044
05316		-3.991492	0.582266	9.046646	0.048773	0.185412	-0.040604	-0.644287	0.010254	-0.688477	4.122020	25.039408	-147.126014
05317		-4.052961	0.293550	9.125454	0.080704	0.229209	-0.032885	-0.647461	0.005615	-0.696045	4.166801	25.172718	-147.133161
05318		-4.149204	0.586025	9.054638	0.099959	0.265054	-0.030131	-0.647461	0.008789	-0.689453	4.224124	25.322063	-147.136682
05319		-4.141835	0.939641	8.880675	0.108532	0.287645	-0.033311	-0.640137	-0.005615	-0.691650	4.285954	25.488748	-147.141106
05320		-4.176045	0.671061	9.026181	0.110761	0.309720	-0.040584	-0.631592	0.003174	-0.686523	4.347658	25.664070	-147.148772
05321		-4.110973	0.824301	8.973639	0.101773	0.337151	-0.050042	-0.630859	0.002197	-0.690918	4.402203	25.859738	-147.161032
05322		-4.089068	0.943826	9.006022	0.109923	0.377314	-0.061289	-0.630371	-0.003418	-0.693604	4.459236	26.074602	-147.178163
05323		-4.102887	0.999142	9.108513	0.094118	0.419079	-0.085216	-0.623779	0.003174	-0.695313	4.501413	26.318605	-147.208366
05324		-4.136689	0.945218	9.007825	0.087506	0.456671	-0.100709	-0.622070	0.008545	-0.699951	4.536185	26.580598	-147.246346
05325		-4.128524	0.598619	9.176340	0.079929	0.506229	-0.109428	-0.619141	-0.001465	-0.702393	4.565137	26.875438	-147.287388
05326		-4.108321	0.476264	9.257658	0.097075	0.571919	-0.123747	-0.613525	0.002197	-0.706787	4.601080	27.204346	-147.334084
05327		-4.146404	0.428854	9.360288	0.152539	0.640034	-0.137881	-0.607178	-0.002930	-0.708496	4.666067	27.576873	-147.386238
05328		-4.106417	0.300395	9.406533	0.203500	0.747373	-0.127618	-0.598145	-0.009277	-0.703369	4.765888	28.006247	-147.425547
05329		-4.219354	0.332776	9.401349	0.272865	0.876408	-0.086976	-0.601318	-0.007324	-0.712158	4.921342	28.511302	-147.430641
05330		-3.893802	0.016766	9.812213	0.333155	1.033935	-0.044770	-0.580078	-0.016846	-0.722168	5.129845	29.100255	-147.397301
05331		-3.956342	0.351073	9.886855	0.403518	1.237583	0.004359	-0.572998	-0.021729	-0.718018	5.402169	29.806416	-147.316607
05332		-3.597685	0.459004	10.113550	0.446613	1.444904	0.025127	-0.557861	-0.017578	-0.727295	5.716324	30.625552	-147.203929
05333		-3.681873	0.691918	10.100592	0.529997	1.700799	0.027763	-0.544922	-0.029297	-0.736572	6.093014	31.593221	-147.065297
05334		-3.356799	0.781576	10.387733	0.568085	1.983645	0.011761	-0.522705	-0.027832	-0.738037	6.504426	32.718684	-146.906799
05335		-3.255620	1.112681	10.312102	0.591731	2.307241	-0.032129	-0.512939	-0.039063	-0.755371	6.936395	34.033270	-146.740383
05336		-3.214649	1.430753	10.440965	0.548626	2.672696	-0.089936	-0.473633	-0.042969	-0.757813	7.351018	35.555611	-146.567410
05337		-2.977762	1.156353	10.506862	0.478060	3.089092	-0.136199	-0.445557	-0.048340	-0.763428	7.742698	37.319463	-146.371507
05338		-3.220619	0.663966	10.427374	0.395354	3.560192	-0.192716	-0.410156	-0.046143	-0.774414	8.108882	39.351485	-146.148917
05339		-3.207037	0.748121	10.210359	0.256246	4.034722	-0.259071	-0.379639	-0.051025	-0.778320	8.417488	41.658904	-145.901974
05340		-3.593539	0.757357	10.570157	0.056609	4.549125	-0.356937	-0.331543	-0.058838	-0.783203	8.625307	44.263310	-145.646976
05341		-3.367311	0.656762	10.600895	-0.042170	5.108658	-0.447728	-0.282715	-0.049805	-0.790283	8.799531	47.193080	-145.371786
05342		-4.914829	0.354909	11.108543	0.000407	5.685007	-0.406348	-0.231445	-0.053467	-0.788330	9.121430	50.443273	-144.946628
05343		-7.395032	1.261150	11.692064	0.280783	6.140938	-0.251863	-0.161865	-0.048584	-0.783203	9.850289	53.934285	-144.229615
05344		-10.662112	3.220655	12.691872	0.605464	6.367071	-0.184137	-0.111084	-0.056885	-0.776855	11.020510	57.537560	-143.235928
05345		-14.994697	3.397689	13.356278	0.897867	6.271641	-0.209628	-0.048828	-0.071777	-0.764160	12.579883	61.075675	-142.023010
05346		-19.309455	4.192714	13.301017	0.967726	5.893466	-0.363436	0.000488	-0.072754	-0.750244	14.269362	64.404840	-140.748668
05347		-16.716414	4.632359	13.682551	0.835576	5.402100	-0.655470	0.052979	-0.076904	-0.733643	15.736193	67.487060	-139.668616
05348		-12.690228	5.625233	12.883597	0.581933	4.940968	-0.901174	0.100830	-0.076660	-0.713623	16.851667	70.345342	-138.832456
05349		-8.370945	7.047819	11.468728	0.118751	4.594195	-1.171048	0.136475	-0.078369	-0.698242	17.326326	73.052537	-138.405789
05350		-4.339528	8.030523	9.615162	-0.543895	4.261833	-1.401381	0.163086	-0.062500	-0.679199	16.845065	75.618581	-138.583478
05351		0.192619	7.103669	4.767052	-1.268741	4.202282	-1.582736	0.188721	-0.034668	-0.654297	15.245290	78.175618	-139.480885
05352		-4.961332	3.792535	0.512470	-2.029256	5.050188	-2.108137	0.230957	-0.014893	-0.623291	11.272512	81.266163	-142.337048
05353		-17.412741	4.207349	10.275136	-2.506583	4.529896	-2.032273	0.262451	0.026855	-0.582275	3.527107	83.986415	-148.698347
05354		-15.647485	3.894694	11.353696	-2.596430	3.305187	-1.936177	0.271729	0.052490	-0.556396	-11.888598	85.804755	-162.680948
05355		-15.557488	2.362016	12.002108	-2.586445	2.055512	-1.809804	0.271729	0.092041	-0.533936	-34.379827	86.486136	176.261959
05356		-14.646858	1.057391	11.814121	-2.237948	0.775517	-1.600824	0.271729	0.110840	-0.520752	-50.879987	86.189073	161.011802
05357		-13.377970	0.774530	11.183112	-1.712151	-0.375531	-1.392799	0.260010	0.133789	-0.510254	-55.836313	85.418223	157.024009
05358		-11.213408	1.346474	9.792586	-1.240126	-1.345426	-1.201467	0.235352	0.155029	-0.512695	-53.865810	84.412061	159.713999
05359		-8.685622	2.737419	7.879443	-1.002143	-2.075489	-1.076820	0.209473	0.168945	-0.503418	-49.270964	83.185312	164.910893
05360		-6.223520	4.319359	5.734535	-1.066161	-2.561354	-1.038280	0.182617	0.181396	-0.505371	-44.790532	81.748468	170.044526
05361		-3.776842	5.442602	4.138177	-1.419717	-2.762718	-1.039214	0.151611	0.206055	-0.498535	-41.444339	80.179590	174.253311
05362		-1.971491	5.785301	3.082085	-1.963287	-2.701332	-1.026858	0.130859	0.216064	-0.503662	-39.562473	78.619738	177.310453
05363		-1.242775	5.384003	2.367830	-2.479738	-2.519143	-0.967337	0.087158	0.243408	-0.487549	-38.676210	77.143455	179.666629
05364		-1.507863	4.581025	2.351602	-2.821824	-2.372925	-0.840233	0.073486	0.270996	-0.467773	-38.322800	75.779076	-178.308526
05365		-2.566101	3.613916	2.951915	-2.915662	-2.361626	-0.624195	0.046875	0.293945	-0.459229	-37.851941	74.486221	-176.096941
05366		-3.802253	2.919886	3.527321	-2.767424	-2.563781	-0.322060	0.030029	0.316650	-0.439453	-36.850205	73.205671	-173.404964
05367		-4.243828	3.214385	3.696056	-2.520859	-2.900570	0.033325	0.003906	0.336426	-0.421875	-35.093073	71.863251	-170.053409
05368		-3.992904	4.275011	3.659641	-2.350603	-3.242699	0.371319	-0.010498	0.339844	-0.414307	-32.866147	70.439934	-166.279141
05369		-3.520974	5.186626	3.474815	-2.298758	-3.501715	0.649250	-0.030029	0.364502	-0.413086	-30.442352	68.916777	-162.295295
05370		-3.424011	5.855035	3.329744	-2.363878	-3.669596	0.883391	-0.059326	0.373047	-0.388428	-28.123125	67.328418	-158.338670
05371		-3.712540	5.980330	3.170746	-2.482831	-3.814492	1.073917	-0.065186	0.387207	-0.366943	-25.965195	65.649558	-154.440004
05372		-4.003171	5.765590	3.193546	-2.554919	-3.956732	1.227377	-0.099854	0.400146	-0.347900	-24.032172	63.889726	-150.687057
05373		-4.393304	5.608362	3.365112	-2.536992	-4.087559	1.370493	-0.101318	0.420410	-0.332275	-22.236877	62.031251	-147.046111
05374		-4.939337	5.797243	3.557243	-2.475312	-4.216734	1.514314	-0.117676	0.429932	-0.317383	-20.589104	60.096211	-143.544977
05375		-5.297021	6.201848	3.608503	-2.416651	-4.325185	1.654054	-0.129150	0.429688	-0.303223	-19.054908	58.071847	-140.150166
05376		-5.416413	6.626074	3.685346	-2.366595	-4.385001	1.797603	-0.137695	0.456055	-0.285400	-17.674352	56.009182	-136.891079
05377		-5.896791	7.189663	4.001070	-2.325170	-4.391126	1.954016	-0.148926	0.465576	-0.268066	-16.404988	53.916522	-133.721994
05378		-6.457990	7.797863	4.093935	-2.327125	-4.392067	2.130504	-0.151855	0.473877	-0.244385	-15.272917	51.825975	-130.632119
05379		-6.895240	8.176485	4.223475	-2.337666	-4.367632	2.306037	-0.156006	0.475586	-0.219971	-14.244865	49.726753	-127.585594
05380		-7.252639	8.488923	4.323383	-2.315145	-4.326543	2.488641	-0.156006	0.485596	-0.201416	-13.317341	47.655985	-124.587404
05381		-7.619505	8.673467	4.430844	-2.258493	-4.223754	2.653298	-0.145752	0.501221	-0.186035	-12.451234	45.619466	-121.627175
05382		-8.046406	8.576506	4.734250	-2.126136	-4.075425	2.797040	-0.136475	0.507813	-0.167236	-11.634832	43.667282	-118.734343
05383		-8.501682	8.620827	5.182661	-1.909799	-3.930302	2.922855	-0.119629	0.506104	-0.152100	-10.789577	41.767258	-115.888046
05384		-9.062208	9.030473	5.870434	-1.665510	-3.830154	3.014585	-0.111572	0.510742	-0.146484	-9.928995	39.916156	-113.115686
05385		-9.624435	9.586299	6.495370	-1.443391	-3.776940	3.064559	-0.092529	0.511230	-0.128174	-9.047896	38.054184	-110.415476
05386		-9.893800	10.139294	6.921786	-1.269519	-3.733010	3.079079	-0.087646	0.510254	-0.117432	-8.207421	36.201177	-107.820901
05387		-9.970300	10.387326	7.292203	-1.093728	-3.679983	3.055482	-0.070557	0.510498	-0.119385	-7.387808	34.332598	-105.333833
05388		-10.274411	10.236252	7.839033	-0.861321	-3.615098	3.025991	-0.051514	0.509277	-0.118164	-6.576088	32.484369	-102.966511
05389		-10.789711	10.252144	8.410047	-0.552755	-3.553686	3.011514	-0.035156	0.505127	-0.118408	-5.688202	30.627109	-100.686440
05390		-11.674418	10.882419	8.967328	-0.228799	-3.517331	3.031584	-0.015381	0.490967	-0.115967	-4.724579	28.774654	-98.480585
05391		-12.478622	11.875627	9.282172	0.012425	-3.505945	3.113495	-0.005859	0.484619	-0.121094	-3.682951	26.885111	-96.291597
05392		-12.591002	11.839672	9.378883	0.141753	-3.463834	3.285801	0.019531	0.474609	-0.128662	-2.630599	25.003937	-94.075978
05393		-12.119584	10.643902	9.356674	0.336914	-3.356066	3.456268	0.038330	0.469238	-0.140625	-1.504541	23.137151	-91.822659
05394		-11.311873	9.255748	9.298361	0.695815	-3.138093	3.556553	0.053223	0.453613	-0.159912	-0.257783	21.367369	-89.587920
05395		-11.062405	8.414360	9.638371	1.179702	-2.857880	3.589349	0.076904	0.438477	-0.166992	1.201343	19.696783	-87.397510
05396		-11.271039	8.177156	10.244727	1.660702	-2.600266	3.581569	0.087646	0.423096	-0.194580	2.840444	18.132074	-85.282031
05397		-11.913702	8.680795	11.131552	2.045355	-2.385325	3.590199	0.110107	0.389893	-0.225830	4.644560	16.618106	-83.216987
05398		-13.161582	9.630107	12.254214	2.250214	-2.258074	3.640418	0.134521	0.367676	-0.245605	6.491014	15.124485	-81.186386
05399		-14.818384	10.212841	12.692290	2.250951	-2.242503	3.770683	0.138184	0.345215	-0.272705	8.303918	13.556790	-79.139123
05400		-15.718859	10.321211	12.420101	2.057632	-2.283825	3.938135	0.164307	0.308594	-0.297119	9.941703	11.903288	-77.065249
05401		-16.022102	9.191826	11.737637	1.859454	-2.315645	4.047224	0.179199	0.295166	-0.319824	11.421084	10.155408	-74.988702
05402		-15.852515	7.598159	10.202432	1.764014	-2.315467	4.059488	0.190430	0.262695	-0.337646	12.759526	8.367094	-72.963526
05403		-14.995946	6.238059	8.469594	1.751182	-2.196560	3.931685	0.201416	0.228271	-0.364746	14.030064	6.608133	-71.043063
05404		-14.223557	4.922979	7.032755	1.815011	-1.964786	3.642047	0.205811	0.212646	-0.395996	15.248063	4.987610	-69.297460
05405		-12.726094	1.945754	6.149311	1.987550	-1.648424	3.251283	0.221436	0.173828	-0.410889	16.518378	3.558253	-67.756776
05406		-13.336133	-2.399811	4.727579	2.542435	-1.333311	2.962769	0.223877	0.143555	-0.432617	18.048455	2.320506	-66.358988
05407		-14.349503	-0.305923	4.475033	2.999209	-1.007040	2.752283	0.225830	0.105713	-0.446289	19.823408	1.253557	-65.051781
05408		-14.813327	2.552839	3.823382	2.719273	-0.622013	2.535254	0.236816	0.064941	-0.473633	21.400965	0.404546	-63.815707
05409		-15.204342	2.146545	2.554516	1.934241	-0.248762	2.300925	0.242676	0.042725	-0.484131	22.526092	-0.228154	-62.644798
05410		-15.249001	-0.455235	1.502435	1.220242	0.119470	2.084324	0.250977	0.024902	-0.493652	23.218333	-0.633394	-61.516148
05411		-15.149679	-2.354083	0.801406	0.796072	0.539509	1.859312	0.259033	0.013916	-0.493408	23.675479	-0.778916	-60.414482
05412		-15.371418	-3.037492	0.890119	0.618370	0.967454	1.579054	0.270020	0.000000	-0.498047	24.018284	-0.641858	-59.361186
05413		-15.138340	-1.461816	2.421056	0.478770	1.293859	1.303808	0.284668	-0.024902	-0.506348	24.298476	-0.274187	-58.374946
05414		13.592933	25.846024	17.638560	-3.553847	2.165650	2.485015	0.309570	-0.002930	-0.470703	22.264027	0.298728	-56.575082
05415		-1.809244	-11.903756	15.134269	-3.755403	2.521764	2.491703	0.337158	-0.003174	-0.452393	20.149915	1.125816	-54.719776
05416		6.097121	-7.727261	10.155195	-2.241004	2.378603	2.445694	0.361328	-0.003418	-0.435547	18.914898	1.937748	-52.940974
05417		6.276087	-12.767016	5.096444	-2.084519	2.957549	1.507823	0.386719	0.005127	-0.415283	17.794113	3.269597	-51.583810
05418		-1.577366	-16.284954	13.145059	-1.805864	3.534898	0.109523	0.399658	0.015869	-0.383057	16.809960	5.180685	-50.917688
05419		-13.585724	-19.682736	19.534669	-1.333444	2.958949	-0.905224	0.419678	0.027344	-0.359375	16.053093	6.948437	-50.932928
05420		-12.542407	-15.338436	20.047731	-0.512166	1.981590	-1.572014	0.418213	0.038330	-0.352539	15.687142	8.282948	-51.491554
05421		-7.704713	-4.141430	15.225602	0.172434	1.530676	-1.666371	0.424561	0.050049	-0.344482	15.685145	9.382420	-52.179184
05422		-5.540488	7.115217	11.249575	0.572691	1.546284	-1.171484	0.431641	0.058350	-0.334473	15.944658	10.413878	-52.587425
05423		-4.853318	7.860332	10.694767	0.694096	1.657742	-0.500982	0.440186	0.059570	-0.330566	16.344920	11.403753	-52.596607
05424		-5.250300	6.585496	10.132791	0.571160	1.571625	-0.266489	0.448730	0.056396	-0.328613	16.697203	12.306553	-52.482353
05425		-4.415072	6.211585	9.853396	0.292700	1.361658	-0.419625	0.454346	0.055176	-0.315918	16.869289	13.120976	-52.484572
05426		-2.964344	8.884281	8.505350	0.041158	1.299189	-0.346812	0.455322	0.061768	-0.304932	16.901191	13.887051	-52.455593
05427		-3.304365	9.434477	8.456191	-0.383790	1.355973	-0.220273	0.466309	0.057129	-0.307617	16.713964	14.665447	-52.345377
05428		-4.066996	6.035300	9.224392	-0.731186	1.311878	-0.222039	0.469238	0.067871	-0.283203	16.321800	15.418331	-52.248174
05429		-3.540491	3.864433	9.189008	-0.908868	1.215303	-0.327915	0.475586	0.074707	-0.269775	15.811559	16.137716	-52.232101
05430		-2.975896	4.146768	8.700897	-1.013890	1.171609	-0.387228	0.481201	0.088135	-0.260254	15.222719	16.840003	-52.265462
05431		-2.912910	4.250269	8.447663	-1.112853	1.203022	-0.378322	0.492432	0.095459	-0.240723	14.582407	17.560169	-52.295493
05432		-3.721980	1.532147	9.211408	-1.081745	1.221924	-0.368251	0.482910	0.098633	-0.233887	13.954570	18.286851	-52.326647
05433		-5.035775	-1.585298	10.547035	-0.897700	1.155686	-0.402314	0.492432	0.106689	-0.230957	13.424900	18.983126	-52.393716
05434		-5.856865	-2.224978	11.056523	-0.614048	0.974900	-0.359665	0.493896	0.110352	-0.215332	13.050027	19.570260	-52.468228
05435		-5.092210	0.275048	10.225192	-0.434199	0.799474	-0.301962	0.509521	0.106445	-0.208496	12.783942	20.054065	-52.534841
05436		-4.468093	1.964794	9.586510	-0.345879	0.700085	-0.251942	0.503662	0.111572	-0.202148	12.568706	20.473319	-52.588585
05437		-4.281300	1.894174	9.340400	-0.346265	0.628547	-0.273851	0.500488	0.118896	-0.196533	12.348135	20.857606	-52.665501
05438		-3.921542	1.967878	9.344046	-0.341048	0.566280	-0.277916	0.503906	0.125488	-0.199463	12.121817	21.204690	-52.755963
05439		-3.928278	2.260710	8.920912	-0.351716	0.485911	-0.269763	0.509521	0.125977	-0.193848	11.890048	21.507964	-52.852274
05440		-3.409014	2.638002	8.679459	-0.390392	0.472858	-0.287128	0.501953	0.130615	-0.182861	11.626869	21.803006	-52.963521
05441		-3.806677	2.236419	8.739548	-0.412448	0.458775	-0.290577	0.511475	0.140625	-0.181152	11.352149	22.092526	-53.079058
05442		-4.083485	2.298672	8.809147	-0.449525	0.415858	-0.304414	0.503174	0.125488	-0.179199	11.046160	22.356432	-53.211205
05443		-4.307329	1.836416	8.885435	-0.462992	0.365178	-0.293536	0.504150	0.142822	-0.168701	10.735159	22.592432	-53.343172
05444		-3.971967	1.188678	9.139942	-0.456696	0.334939	-0.287438	0.509277	0.161133	-0.166992	10.423119	22.807637	-53.477722
05445		-4.156756	1.262132	9.151732	-0.439544	0.304906	-0.273231	0.504639	0.145508	-0.168945	10.125471	23.006220	-53.607124
05446		-3.961613	1.398202	9.095270	-0.420030	0.264135	-0.255761	0.505615	0.154053	-0.161621	9.837109	23.177019	-53.732710
05447		-3.898399	1.927866	8.824482	-0.419395	0.245481	-0.252334	0.509033	0.155518	-0.153076	9.551711	23.338741	-53.858049
05448		-4.060083	1.961314	8.898470	-0.434453	0.260773	-0.248498	0.500244	0.157227	-0.145752	9.255193	23.505785	-53.981686
05449		-4.342075	1.222278	9.054419	-0.421338	0.207046	-0.238192	0.503906	0.164795	-0.143066	8.969131	23.643224	-54.104167
05450		-4.084659	1.932884	8.749691	-0.442711	0.191011	-0.214723	0.500488	0.167969	-0.141113	8.672178	23.766641	-54.215730
05451		-4.691204	0.189647	9.635601	-0.401980	0.185886	-0.177999	0.512695	0.166992	-0.136475	8.410188	23.885790	-54.304624
05452		-4.262859	-0.252023	9.666586	-0.312517	0.123126	-0.123984	0.498291	0.178223	-0.138916	8.207205	23.962290	-54.367447
05453		-3.993808	0.798177	9.222435	-0.258080	0.130118	-0.094254	0.503174	0.166748	-0.137939	8.045764	24.042378	-54.410465
05454		-4.173852	0.442805	9.344862	-0.201788	0.137713	-0.075326	0.500732	0.178223	-0.130615	7.918698	24.122955	-54.442328
05455		-4.282641	0.861789	9.142241	-0.154656	0.111983	-0.054647	0.507813	0.168945	-0.131836	7.825453	24.189371	-54.462778
05456		-4.087003	1.317350	8.973140	-0.128915	0.097353	-0.052617	0.504883	0.181396	-0.130615	7.744323	24.245172	-54.484278
05457		-3.981542	1.337174	8.915708	-0.118054	0.091439	-0.055860	0.497070	0.179443	-0.134521	7.670771	24.299892	-54.507480
05458		-3.800418	1.360084	8.953569	-0.116906	0.109245	-0.065402	0.497559	0.179688	-0.134766	7.593534	24.363367	-54.536138
05459		-3.898442	1.276779	8.890016	-0.107531	0.130898	-0.075484	0.509277	0.173828	-0.127197	7.522109	24.441815	-54.568511
05460		-4.040496	1.113246	8.861162	-0.114374	0.147796	-0.070804	0.503906	0.179932	-0.129150	7.446076	24.527525	-54.597595
05461		-4.000919	0.683720	9.116712	-0.104736	0.159867	-0.051428	0.500732	0.177979	-0.134277	7.383197	24.620491	-54.612865
05462		-3.984248	0.692375	9.190370	-0.068662	0.177215	-0.031799	0.501953	0.179688	-0.116943	7.344341	24.719999	-54.615422
05463		-3.804867	0.789560	9.050170	-0.048014	0.210349	-0.023634	0.507324	0.180420	-0.122314	7.322669	24.839499	-54.609454
05464		-3.863301	0.982983	9.041640	-0.032801	0.248400	-0.013891	0.505859	0.175781	-0.121826	7.311449	24.978151	-54.595158
05465		-3.909902	1.041950	9.078513	-0.024248	0.284540	-0.013748	0.502930	0.181396	-0.117920	7.308436	25.138978	-54.577096
05466		-4.018002	1.439952	8.866733	-0.019425	0.320722	-0.005437	0.511963	0.180420	-0.115723	7.309706	25.318117	-54.551645
05467		-4.172458	1.522176	8.757460	-0.026829	0.331694	-0.005905	0.509277	0.183838	-0.114746	7.309025	25.505068	-54.524804
05468		-4.261751	1.236607	8.770765	-0.033961	0.349464	-0.015164	0.512451	0.185547	-0.107910	7.300500	25.701252	-54.503097
05469		-4.370224	0.809723	9.051383	-0.019262	0.346204	-0.008964	0.515625	0.172852	-0.110352	7.303983	25.896613	-54.476952
05470		-4.334931	0.875979	8.929530	0.017139	0.347220	-0.004220	0.522217	0.181885	-0.107422	7.327871	26.090719	-54.448394
05471		-4.354159	1.090985	8.802847	0.034658	0.351280	-0.001738	0.519775	0.180664	-0.101074	7.364605	26.288357	-54.417041
05472		-4.446503	1.257283	8.743583	0.043441	0.354459	-0.001050	0.514404	0.182129	-0.096924	7.405056	26.486311	-54.385520
05473		-4.430176	1.527792	8.650140	0.025160	0.349745	-0.008112	0.518066	0.178223	-0.094482	7.434788	26.683463	-54.357968
05474		-4.367376	1.673263	8.604773	0.023544	0.353912	-0.029635	0.517334	0.176270	-0.095459	7.455971	26.883199	-54.344340
05475		-4.559626	1.365786	8.634728	0.025055	0.352643	-0.053649	0.514893	0.183350	-0.098877	7.472883	27.085316	-54.345292
05476		-4.635589	1.241948	8.618522	0.020310	0.333014	-0.055560	0.517578	0.177979	-0.093750	7.484015	27.275107	-54.349794
05477		-4.593725	1.243622	8.702221	0.021673	0.326470	-0.057921	0.522461	0.184082	-0.094238	7.496723	27.462645	-54.355587
05478		-4.518201	1.160681	8.698355	0.023038	0.331119	-0.058501	0.516846	0.187500	-0.087646	7.508482	27.651580	-54.362058
05479		-4.578274	0.939338	8.823540	0.038342	0.338796	-0.056830	0.523926	0.179932	-0.087891	7.531508	27.845995	-54.366029
05480		-4.490328	0.771748	8.841733	0.058823	0.355671	-0.045091	0.519043	0.176270	-0.081787	7.568824	28.047871	-54.361632
05481		-4.601919	0.839237	8.800020	0.085499	0.384015	-0.030746	0.526123	0.175049	-0.081787	7.628637	28.265936	-54.344664
05482		-4.596520	0.735279	8.851548	0.113732	0.401967	-0.010535	0.525635	0.174561	-0.078369	7.710190	28.491449	-54.313445
05483		-4.448869	0.934299	8.888549	0.143471	0.439981	0.007008	0.530518	0.174561	-0.075439	7.817659	28.738261	-54.266381
05484		-4.353485	1.323697	8.809287	0.165327	0.490367	0.012717	0.523438	0.178955	-0.079590	7.940645	29.012017	-54.211073
05485		-4.219603	1.383148	8.920790	0.179729	0.559710	-0.002401	0.521484	0.175293	-0.076172	8.072285	29.327240	-54.157749
05486		-4.162448	1.193831	8.978812	0.191117	0.646326	-0.011604	0.531982	0.177734	-0.068848	8.210816	29.691203	-54.101967
05487		-4.088868	1.246315	9.223811	0.226036	0.756296	-0.027561	0.533936	0.174316	-0.061279	8.371773	30.119592	-54.044172
05488		-4.022160	1.052031	9.376418	0.217306	0.895653	-0.035504	0.535156	0.182129	-0.052490	8.531806	30.626601	-53.976984
05489		-4.289877	0.699570	9.408241	0.300791	1.046624	-0.025241	0.539063	0.176025	-0.042480	8.754050	31.218747	-53.884866
05490		-4.366128	0.318424	9.339830	0.352140	1.217585	0.009386	0.544434	0.177002	-0.045166	9.028483	31.903558	-53.748995
05491		-4.251113	0.597202	9.334062	0.429647	1.385862	0.038234	0.541748	0.163086	-0.028564	9.372949	32.680789	-53.569534
05492		-4.406777	0.555682	9.400847	0.486453	1.567512	0.073611	0.554443	0.170898	-0.016357	9.779515	33.555746	-53.338395
05493		-4.419545	0.726088	9.003837	0.484138	1.764580	0.102431	0.557861	0.175537	-0.018066	10.218897	34.537895	-53.053136
05494		-4.218354	1.398982	9.094657	0.475508	1.960869	0.095876	0.556152	0.179688	0.006836	10.675729	35.629137	-52.735067
05495		-4.484300	0.958986	9.024887	0.392663	2.204396	0.105357	0.566895	0.171631	0.020508	11.123559	36.854368	-52.361827
05496		-4.229051	1.800064	9.189451	0.353309	2.456379	0.065995	0.569092	0.169189	0.035645	11.570735	38.223117	-51.962737
05497		-4.057825	1.939012	9.439511	0.256636	2.757633	0.032091	0.581055	0.165283	0.062744	11.998018	39.762160	-51.520732
05498		-4.122051	2.177503	9.654632	0.182806	3.122152	-0.047259	0.570313	0.165283	0.078369	12.408231	41.512590	-51.054141
05499		-3.639576	2.786969	9.834429	0.127668	3.522070	-0.164548	0.574707	0.164063	0.110352	12.805405	43.498166	-50.577675
05500		-3.598933	2.064185	10.233795	0.043446	3.974393	-0.252539	0.581055	0.168945	0.147461	13.200759	45.745732	-50.052590
05501		-3.668155	1.603001	11.037905	-0.024962	4.508376	-0.347142	0.580078	0.180664	0.190918	13.627009	48.299571	-49.453293
05502		-3.663085	3.131776	11.066350	-0.056329	5.075831	-0.379746	0.576416	0.172607	0.229004	14.174667	51.171145	-48.695560
05503		-6.073524	4.117349	11.794004	0.053860	5.624087	-0.451997	0.574463	0.174805	0.267090	14.947176	54.349428	-47.766684
05504		-8.441026	4.700347	11.356351	0.261838	6.183154	-0.626603	0.561523	0.186279	0.318848	15.993835	57.855781	-46.688890
05505		-13.469376	5.773538	11.335248	0.337726	6.492339	-0.850069	0.553223	0.185547	0.360840	17.214677	61.553276	-45.501894
05506		-16.085021	3.911289	12.481668	0.333912	6.339430	-1.110784	0.534912	0.193604	0.418701	18.420561	65.202224	-44.369399
05507		-19.279652	6.114522	12.339627	0.208066	6.029720	-1.439063	0.504150	0.202881	0.462891	19.342460	68.730836	-43.499552
05508		-18.322899	6.315960	14.740899	-0.001258	5.589067	-1.772565	0.481934	0.214844	0.501953	19.662768	72.084459	-43.160587
05509		-13.610460	8.692566	13.741333	-0.379900	5.148690	-2.046441	0.444092	0.233154	0.536133	19.044530	75.254485	-43.514215
05510		-8.380699	6.997569	13.257359	-0.852102	4.841547	-2.268332	0.414307	0.237793	0.583252	16.954121	78.290658	-45.160961
05511		-4.466287	6.086578	8.646494	-1.093325	4.349760	-2.384360	0.382324	0.250732	0.613281	12.647278	81.049977	-48.817951
05512		7.198738	6.155417	8.087825	-1.314324	4.364025	-2.323370	0.351074	0.260986	0.646973	4.923431	83.725755	-55.850065
05513		5.037214	-3.155426	2.429939	-1.348985	5.221675	-2.752536	0.315918	0.266357	0.683594	-18.435533	86.569995	-78.423078
05514		-10.425831	-4.001409	10.828465	-0.538347	5.374960	-2.870430	0.268555	0.276855	0.722656	-86.463570	87.260957	-146.220043
05515		-11.158198	-2.726870	12.913615	0.606198	4.154492	-2.715579	0.232422	0.296631	0.729736	-117.059150	85.189943	-177.142042
05516		-12.592215	-0.953560	13.147310	1.714447	2.802743	-2.544145	0.200684	0.319580	0.728760	-122.598088	83.127585	176.302136
05517		-11.812920	3.163490	13.214262	2.357634	1.254754	-2.263569	0.182129	0.334961	0.724121	-120.782644	81.657571	176.861151
05518		-10.242241	7.049425	12.510276	2.310437	-0.243357	-1.872853	0.165527	0.357666	0.711182	-115.381594	80.780202	-179.014993
05519		-7.817587	8.735039	11.308412	1.682925	-1.497174	-1.385423	0.166016	0.371094	0.683838	-107.909995	80.372480	-172.289322
05520		-5.868827	8.356724	9.831812	0.893935	-2.421562	-0.892248	0.178223	0.373535	0.670654	-98.798787	80.198860	-163.567296
05521		-4.465864	7.300624	8.429778	0.189521	-3.068173	-0.440008	0.188232	0.372314	0.649170	-88.510245	80.076046	-153.120758
05522		-3.515066	5.902210	7.423426	-0.350401	-3.501874	-0.037918	0.213379	0.388184	0.632324	-77.456472	79.810842	-141.693339
05523		-3.546995	4.540374	7.053912	-0.675145	-3.843090	0.307875	0.232910	0.377686	0.628174	-66.139414	79.304093	-129.695448
05524		-3.927054	3.152887	6.885856	-0.791999	-4.180144	0.611684	0.260742	0.377930	0.604492	-55.070635	78.430586	-117.955279
05525		-3.929589	1.663949	6.179522	-0.706666	-4.544650	0.875146	0.289307	0.363770	0.578125	-44.706407	77.145219	-106.830545
05526		-3.507840	0.308375	5.778073	-0.413248	-4.858300	1.079126	0.323975	0.352783	0.550537	-35.623591	75.410499	-97.241029
05527		-3.380550	-0.281150	5.956990	0.022686	-5.094599	1.196970	0.354248	0.348633	0.504639	-27.969635	73.294713	-89.212384
05528		-3.428844	-0.095644	6.345892	0.462901	-5.255151	1.220632	0.377197	0.347656	0.462646	-21.807518	70.852734	-83.018274
05529		-3.996161	0.642209	6.613385	0.790552	-5.410181	1.177132	0.396729	0.338379	0.405762	-16.857267	68.148107	-78.157177
05530		-4.441905	1.592649	7.012145	0.914254	-5.583181	1.099798	0.418945	0.335449	0.351318	-12.997137	65.215845	-74.527350
05531		-4.778707	1.809057	7.198260	0.872814	-5.752587	1.006843	0.427246	0.323975	0.287109	-9.995873	62.090723	-71.713623
05532		-4.556702	1.385782	7.137869	0.812306	-5.883695	0.938318	0.432129	0.320313	0.237305	-7.670476	58.839023	-69.578699
05533		-4.105943	0.861090	7.177571	0.863586	-5.927111	0.890138	0.427002	0.313965	0.181885	-5.754420	55.508810	-67.898102
05534		-4.305768	0.457231	7.653891	1.029675	-5.889197	0.877390	0.416260	0.310547	0.123047	-4.076436	52.186984	-66.553342
05535		-4.971758	0.433122	8.449516	1.248673	-5.840821	0.894809	0.416016	0.297852	0.071533	-2.495304	48.851322	-65.475617
05536		-5.582812	0.596461	9.297606	1.469686	-5.794281	0.925544	0.391357	0.290771	0.020020	-0.967042	45.545869	-64.543215
05537		-6.044023	0.429180	10.062494	1.695927	-5.716514	0.960051	0.380127	0.288086	-0.034424	0.552221	42.245353	-63.811914
05538		-5.963569	-0.205837	10.287340	1.952084	-5.579240	0.990936	0.350342	0.284668	-0.089355	2.099003	39.033196	-63.157362
05539		-5.694526	-0.673398	10.292497	2.233846	-5.275145	0.995954	0.331299	0.271484	-0.141357	3.699452	35.950769	-62.730122
05540		-6.158482	-0.090600	11.032186	2.419986	-4.779731	0.904418	0.307617	0.274414	-0.180664	5.297781	33.176650	-62.360143
05541		-9.228145	0.762584	14.060356	2.573106	-4.284155	0.802220	0.280273	0.259033	-0.214844	6.890993	30.646105	-62.269167
05542		-15.277172	1.565629	17.593412	2.670509	-4.139385	0.828169	0.251221	0.260010	-0.250977	8.510419	28.228747	-62.091040
05543		-19.764234	3.317692	18.954632	2.602936	-4.409154	0.997600	0.224121	0.238037	-0.295654	10.076274	25.599690	-62.092304
05544		-20.940955	4.094221	17.819118	2.197992	-4.749272	1.305527	0.195557	0.221436	-0.313721	11.440526	22.783128	-61.840804
05545		-21.142259	2.672449	15.410831	1.745456	-4.784130	1.676611	0.170898	0.214355	-0.348145	12.579280	19.857934	-61.643987
05546		-22.543107	0.958702	12.824693	1.451497	-4.560779	2.026228	0.149658	0.193115	-0.360596	13.593365	17.046024	-61.073199
05547		-23.426641	0.790966	9.742417	1.239725	-4.326646	2.267774	0.136719	0.176758	-0.382080	14.495938	14.312082	-60.382774
05548		-23.452521	0.758044	6.603304	0.997741	-4.132549	2.378237	0.120850	0.159180	-0.395996	15.233519	11.670102	-59.652285
05549		-22.321905	-0.249865	3.804978	0.792142	-3.779531	2.405576	0.104980	0.134033	-0.402588	15.831720	9.203466	-58.887195
05550		-21.216993	-3.791756	1.510367	0.806265	-3.189849	2.361377	0.100342	0.118896	-0.420166	16.408879	7.068091	-58.084682
05551		-22.260873	-7.785857	-1.060558	1.199358	-2.599820	2.296974	0.093262	0.092041	-0.430908	17.191424	5.253261	-57.247445
05552		-22.120240	-9.133229	-3.521657	1.658606	-2.074796	2.145533	0.090820	0.083496	-0.449463	18.207220	3.743060	-56.433210
05553		-20.867861	-6.919458	-4.975396	1.651210	-1.421950	1.857281	0.091553	0.064941	-0.451904	19.199518	2.624556	-55.683464
05554		-20.307751	0.205689	-4.726078	0.101680	0.089673	1.667138	0.090820	0.046875	-0.438721	19.299354	2.354132	-54.761907
05555		-22.057600	-5.271194	-11.871139	-1.645739	1.654964	0.899989	0.114014	0.060303	-0.443115	18.398582	3.082050	-53.965679
05556		-13.753358	-9.871999	-5.046804	-2.320260	2.770087	0.093146	0.129150	0.074463	-0.427734	17.106553	4.573362	-53.427691
05557		0.518682	-2.018697	12.020255	-1.827345	2.969585	-0.056215	0.144775	0.090088	-0.401855	16.106585	6.212643	-52.969676
05558		1.143979	7.719829	16.394589	-2.250193	2.656355	-0.749113	0.148193	0.107422	-0.383545	14.818088	7.790057	-52.975414
05559		5.494499	6.058425	8.175374	-2.560928	2.829911	-1.426147	0.165039	0.137207	-0.364990	13.293889	9.560689	-53.377794
05560		-2.107464	-9.203567	8.030556	-2.081240	3.787322	-1.151475	0.175781	0.154053	-0.347412	12.071703	11.818766	-53.545517
05561		-15.617987	-10.271045	16.574097	-1.021456	3.917689	-0.296535	0.187500	0.165771	-0.312988	11.557559	14.049675	-53.243037
05562		-17.877737	-9.307766	19.153168	-0.628538	2.972963	-0.582659	0.202393	0.170898	-0.301758	11.201966	15.781731	-53.231340
05563		-9.439412	-7.290490	14.830949	-0.138106	2.253750	-0.801394	0.214844	0.169678	-0.299072	11.065583	17.138071	-53.439889
05564		-6.773130	5.798354	11.393132	0.136360	2.137904	-0.470070	0.216797	0.181641	-0.290283	11.136954	18.388241	-53.467123
05565		-7.867003	9.567918	10.388870	-0.107992	1.973949	-0.195218	0.230957	0.186768	-0.280029	11.114183	19.520739	-53.351365
05566		-6.905351	4.096080	9.433916	-0.385174	1.736588	-0.204033	0.239502	0.188477	-0.266113	10.923432	20.516039	-53.268422
05567		-6.035872	1.501679	9.901638	-0.512990	1.576487	-0.415123	0.240967	0.189209	-0.258789	10.607283	21.449468	-53.336944
05568		-8.871597	3.052190	10.396381	-0.620193	1.309453	-0.449538	0.237305	0.205322	-0.238770	10.207291	22.230249	-53.461107
05569		-8.691813	1.195719	10.353685	-0.639933	0.899698	-0.350106	0.248047	0.205566	-0.236816	9.798722	22.774822	-53.577020
05570		-5.351955	-1.909377	10.609509	-0.499789	0.619056	-0.226308	0.244141	0.205566	-0.234863	9.486025	23.142592	-53.648511
05571		-5.517199	-0.321982	10.417647	-0.366934	0.410375	-0.144516	0.240967	0.211182	-0.224854	9.259680	23.390477	-53.694849
05572		-4.662011	1.006389	9.544302	-0.291154	0.313205	-0.078593	0.249023	0.215820	-0.220703	9.088667	23.571204	-53.709262
05573		-4.383402	0.800254	9.570115	-0.239413	0.260878	-0.054452	0.253174	0.222168	-0.218262	8.950650	23.726205	-53.716428
05574		-4.054581	1.576131	9.175441	-0.205455	0.218406	-0.047467	0.244629	0.219971	-0.218994	8.832328	23.850446	-53.721768
05575		-3.943363	1.680064	9.010205	-0.198721	0.223785	-0.052682	0.246338	0.214111	-0.210449	8.716278	23.984232	-53.732089
05576		-4.162851	0.922043	9.180694	-0.173669	0.219174	-0.051064	0.246826	0.218994	-0.223633	8.615043	24.109198	-53.740135
05577		-4.300275	0.679588	9.192833	-0.135434	0.198322	-0.034839	0.243408	0.218018	-0.206543	8.538562	24.226961	-53.742248
05578		-4.339932	1.160325	8.996121	-0.116563	0.155392	-0.019399	0.255371	0.219727	-0.214844	8.475509	24.313080	-53.736935
05579		-4.116499	1.643051	8.847661	-0.122024	0.117656	-0.018112	0.245361	0.233154	-0.214844	8.407743	24.383704	-53.736386
05580		-4.176837	1.573865	8.923657	-0.136250	0.096080	-0.023725	0.254883	0.220459	-0.210449	8.329973	24.436574	-53.739419
05581		-4.285495	1.481770	8.890817	-0.130874	0.085359	-0.022290	0.243652	0.213867	-0.209717	8.254823	24.489208	-53.744569
05582		-4.220382	1.470747	8.845508	-0.120857	0.068505	-0.024652	0.247803	0.226074	-0.207275	8.184534	24.526510	-53.750816
05583		-4.050654	1.528287	8.810728	-0.111062	0.070142	-0.031304	0.258057	0.224609	-0.210205	8.117808	24.571222	-53.763064
05584		-4.079570	1.429706	8.852699	-0.093751	0.087280	-0.037945	0.262451	0.213135	-0.202881	8.060241	24.620232	-53.776037
05585		-4.144563	1.132812	8.938420	-0.083771	0.088930	-0.040605	0.246826	0.223877	-0.208740	8.007399	24.676288	-53.792513
05586		-4.048620	0.993926	8.968556	-0.063822	0.102412	-0.034333	0.254883	0.228760	-0.211914	7.968410	24.733576	-53.802011
05587		-4.019537	1.031300	8.976617	-0.046245	0.115391	-0.029042	0.243652	0.227051	-0.207275	7.940965	24.803668	-53.809032
05588		-4.099603	1.110138	8.942660	-0.031702	0.133831	-0.021197	0.255127	0.228027	-0.201660	7.924931	24.877737	-53.807648
05589		-4.030312	1.278766	8.888517	-0.027543	0.150561	-0.018709	0.256348	0.228271	-0.191650	7.912153	24.966918	-53.805181
05590		-4.016670	1.251260	8.928893	-0.018766	0.172453	-0.022145	0.246826	0.234619	-0.189453	7.904690	25.062981	-53.801065
05591		-4.252419	1.195671	8.936620	-0.001743	0.185403	-0.028776	0.263916	0.229736	-0.207031	7.905316	25.172671	-53.801871
05592		-4.185689	1.216606	8.877026	0.014008	0.184730	-0.033796	0.260254	0.226074	-0.201904	7.913990	25.276620	-53.803984
05593		-4.131745	1.272647	8.880944	0.021849	0.197096	-0.031627	0.252441	0.224609	-0.190674	7.927817	25.393134	-53.805515
05594		-4.064465	1.337777	8.854459	0.021465	0.221005	-0.035129	0.257324	0.221924	-0.199463	7.941782	25.517775	-53.805242
05595		-4.173366	1.327090	8.776897	0.027738	0.235151	-0.045422	0.250244	0.228271	-0.196289	7.956719	25.656921	-53.812028
05596		-4.179806	1.336032	8.736799	0.020017	0.243553	-0.045042	0.256104	0.232666	-0.189453	7.968037	25.795142	-53.815945
05597		-4.180490	1.375948	8.708947	0.017245	0.255605	-0.047486	0.260254	0.227783	-0.193359	7.977199	25.946017	-53.822161
05598		-4.266168	1.441773	8.705342	0.017428	0.267818	-0.055526	0.256592	0.228027	-0.194580	7.985070	26.098842	-53.830509
05599		-4.352434	1.361552	8.638256	0.007717	0.271196	-0.062862	0.265869	0.231689	-0.193359	7.985114	26.259746	-53.845023
05600		-4.424490	1.289887	8.681643	0.001406	0.262046	-0.070482	0.253418	0.226563	-0.191406	7.979329	26.410485	-53.863372
05601		-4.523918	1.193844	8.703500	-0.000175	0.259533	-0.075153	0.262939	0.224365	-0.190918	7.970840	26.565724	-53.886769
05602		-4.568300	1.150124	8.709076	-0.002864	0.239390	-0.070183	0.262939	0.232178	-0.190674	7.961662	26.703580	-53.907036
05603		-4.463741	1.008950	8.744244	-0.005339	0.234600	-0.063397	0.257813	0.233154	-0.188232	7.952426	26.843722	-53.925284
05604		-4.521645	1.005038	8.754303	-0.000581	0.229876	-0.054369	0.262451	0.227295	-0.185303	7.948600	26.974921	-53.936424
05605		-4.416776	1.207828	8.690333	-0.002305	0.235966	-0.048410	0.266113	0.229248	-0.184570	7.945361	27.114621	-53.945070
05606		-4.269724	1.389845	8.704307	-0.004186	0.251733	-0.053536	0.257568	0.226318	-0.191650	7.940531	27.258155	-53.953781
05607		-4.296934	1.488752	8.722102	-0.014448	0.278881	-0.068571	0.260498	0.222656	-0.185547	7.926130	27.423748	-53.971521
05608		-4.443259	1.320380	8.656039	-0.025970	0.293979	-0.077099	0.261230	0.227539	-0.180176	7.903499	27.593112	-53.991655
05609		-4.494348	1.124673	8.796330	-0.025720	0.306033	-0.077305	0.269043	0.237793	-0.173096	7.881022	27.774733	-54.012737
05610		-4.498340	1.004623	8.822064	-0.004923	0.329727	-0.074300	0.265625	0.236328	-0.176025	7.872572	27.964154	-54.028092
05611		-4.513973	0.957612	8.862826	0.018710	0.350953	-0.064000	0.264404	0.239014	-0.171631	7.881254	28.170164	-54.036733
05612		-4.531614	0.961314	8.876213	0.043220	0.391105	-0.054610	0.267334	0.232422	-0.172363	7.908906	28.392873	-54.033905
05613		-4.393124	0.982632	8.921062	0.076844	0.427635	-0.049867	0.268066	0.232666	-0.170898	7.958546	28.641218	-54.026312
05614		-4.345829	0.942017	8.977463	0.114907	0.489855	-0.044562	0.267334	0.234619	-0.162354	8.034972	28.919151	-54.007534
05615		-4.389291	0.978618	9.025644	0.148745	0.561571	-0.034524	0.271729	0.236084	-0.163086	8.137063	29.242103	-53.976823
05616		-4.286557	0.958992	9.059173	0.179022	0.651937	-0.029662	0.276611	0.227539	-0.168457	8.263262	29.610675	-53.931885
05617		-4.207777	1.072939	9.100185	0.219264	0.750131	-0.040389	0.278809	0.232666	-0.161133	8.414066	30.040742	-53.885066
05618		-4.155552	1.117105	9.231021	0.245498	0.870464	-0.045680	0.284424	0.219727	-0.164063	8.585770	30.534293	-53.826586
05619		-4.185213	0.928890	9.265772	0.255748	1.013276	-0.052768	0.282715	0.236328	-0.154297	8.769306	31.114022	-53.757977
05620		-4.008874	0.947492	9.454495	0.332581	1.181302	-0.063809	0.285889	0.238281	-0.152588	9.004886	31.784783	-53.674654
05621		-4.153173	0.874562	9.480175	0.378465	1.373486	-0.067539	0.284180	0.227783	-0.144531	9.278903	32.568855	-53.570608
05622		-3.974447	0.708620	9.761263	0.407494	1.594769	-0.053662	0.304688	0.230225	-0.138428	9.593277	33.471645	-53.425011
05623		-3.778885	0.753137	10.029591	0.451418	1.873789	-0.033000	0.303467	0.218506	-0.134521	9.964853	34.533475	-53.226008
05624		-3.467775	1.127239	10.134131	0.464939	2.205325	-0.025781	0.309814	0.216797	-0.114502	10.381541	35.776122	-52.967702
05625		-3.323473	1.047304	10.499680	0.510550	2.592141	-0.047493	0.321045	0.219482	-0.107910	10.859346	37.240972	-52.658818
05626		-2.842417	1.536054	10.632762	0.415452	3.045039	-0.109265	0.326904	0.218750	-0.083252	11.315845	38.961434	-52.307356
05627		-3.136052	0.089309	10.941449	0.310663	3.584745	-0.162201	0.332520	0.219482	-0.065186	11.764510	40.991768	-51.888210
05628		-2.251731	1.237470	11.345367	0.164365	4.207697	-0.233418	0.351563	0.222900	-0.036621	12.197473	43.374131	-51.386122
05629		-2.500795	1.594051	11.391023	0.055651	4.879035	-0.268218	0.355469	0.219727	-0.005371	12.679999	46.135524	-50.747647
05630		-3.250714	4.285305	11.654129	-0.027369	5.532942	-0.319649	0.363037	0.218262	0.035889	13.254232	49.262209	-49.952444
05631		-5.405499	5.887664	12.266312	0.132247	6.114536	-0.396817	0.372803	0.229980	0.065918	14.082203	52.717408	-48.985997
05632		-6.850378	4.948693	10.464324	0.354892	6.655911	-0.716415	0.380371	0.229492	0.109863	15.083128	56.507738	-48.010204
05633		-12.769711	2.175818	12.184588	0.676258	7.031318	-0.875431	0.380371	0.232666	0.154541	16.475616	60.517239	-46.833782
05634		-18.799335	5.628591	13.837916	1.023172	6.873929	-1.077214	0.372559	0.239990	0.187500	18.189673	64.457004	-45.564921
05635		-21.897333	7.753797	15.096840	0.888583	6.392873	-1.495428	0.370361	0.242432	0.226074	19.556898	68.195455	-44.629651
05636		-17.111472	8.317247	14.776320	0.549079	5.888647	-2.011921	0.354248	0.247314	0.257568	20.037941	71.756385	-44.454340
05637		-11.894241	8.905017	14.047074	0.114125	5.478331	-2.383565	0.336670	0.251709	0.302246	19.341537	75.165731	-45.249561
05638		-5.864697	7.544682	13.611545	-0.359259	5.138479	-2.623122	0.308594	0.268799	0.328369	16.967919	78.428219	-47.476811
05639		-1.185065	6.041288	11.656580	-0.586655	4.864455	-2.706080	0.296875	0.279053	0.362793	12.119704	81.509585	-52.057695
05640		4.793847	1.377282	6.754632	-0.440836	4.773532	-2.736600	0.262207	0.294922	0.387695	1.985235	84.423860	-62.012423
05641		-5.076200	-3.743249	5.592860	0.139968	5.314894	-3.299841	0.235107	0.309814	0.420166	-33.532896	86.954892	-97.697428
05642		-12.810452	-1.454403	14.238031	0.850296	4.191917	-3.161724	0.200684	0.323975	0.434082	-87.301624	86.518300	-152.030173
05643		-12.930619	0.463165	14.054471	1.824055	2.550750	-2.986282	0.178955	0.330078	0.442139	-103.066593	84.668401	-168.887165
05644		-11.975903	4.057343	13.967724	2.462370	0.922845	-2.737599	0.158936	0.337646	0.427246	-103.114232	83.024579	-170.355595
05645		-9.585375	8.385334	13.026238	2.379994	-0.603833	-2.293970	0.140137	0.347656	0.412842	-97.350141	81.800055	-165.916321
05646		-7.685222	10.532689	11.675787	1.655225	-1.897169	-1.779761	0.128174	0.354004	0.392334	-88.900218	80.842365	-158.330021
05647		-6.529177	10.225460	9.978894	0.698336	-2.940013	-1.256922	0.124756	0.362549	0.375244	-78.941785	79.951348	-148.636917
05648		-4.813686	8.248101	7.956376	-0.138077	-3.749491	-0.776963	0.127930	0.360596	0.368408	-68.589777	78.921140	-138.028966
05649		-2.906135	6.207220	6.048564	-0.665157	-4.270774	-0.362930	0.138916	0.354736	0.363281	-58.729973	77.645315	-127.572770
05650		-1.262092	4.556192	4.815019	-0.911849	-4.488177	-0.050341	0.146729	0.358887	0.353027	-50.305501	76.125138	-118.389554
05651		-0.425584	3.030752	4.073421	-0.914685	-4.517845	0.200072	0.151123	0.353760	0.343262	-43.264469	74.427830	-110.570868
05652		-0.197289	1.611245	3.941339	-0.697964	-4.467184	0.421616	0.160156	0.353516	0.332031	-37.417108	72.630158	-104.059174
05653		-0.580046	0.572068	4.223400	-0.280916	-4.446366	0.612556	0.165283	0.358398	0.315674	-32.248031	70.728020	-98.448138
05654		-1.230586	0.210207	4.647846	0.202585	-4.510209	0.779702	0.186279	0.348877	0.295654	-27.581611	68.708064	-93.599785
05655		-1.598608	0.577643	5.186943	0.636733	-4.610513	0.912161	0.198486	0.356689	0.267822	-23.266741	66.532185	-89.332014
05656		-1.940912	1.245572	5.819159	0.934866	-4.708658	1.015381	0.211182	0.362549	0.247559	-19.395343	64.227883	-85.665456
05657		-2.260874	1.854523	6.357231	1.063953	-4.786912	1.069936	0.222412	0.355225	0.211914	-15.971180	61.752806	-82.675534
05658		-2.647174	2.193994	6.890839	1.092737	-4.846776	1.090430	0.225586	0.349121	0.181396	-13.038911	59.217944	-80.028149
05659		-3.449357	2.067401	7.529836	1.093329	-4.919450	1.095078	0.243896	0.351318	0.147461	-10.496291	56.540278	-77.916516
05660		-4.337562	1.710030	8.233844	1.136105	-5.030563	1.097696	0.240723	0.348145	0.107666	-8.270938	53.796175	-76.001121
05661		-4.831809	1.491067	8.829145	1.237958	-5.176547	1.102687	0.243408	0.360107	0.081299	-6.248592	50.888462	-74.482605
05662		-5.069068	1.200683	9.389731	1.398577	-5.296947	1.110115	0.238525	0.348633	0.045898	-4.374347	47.922437	-73.072435
05663		-5.210194	0.834444	9.673553	1.610411	-5.349548	1.116605	0.246338	0.349121	0.002197	-2.574758	44.858076	-71.998989
05664		-4.803434	0.395731	9.449260	1.867284	-5.265939	1.111604	0.240967	0.347656	-0.031494	-0.814448	41.857967	-70.996337
05665		-4.828386	-0.006425	9.542554	2.151876	-4.996235	1.086580	0.235596	0.345215	-0.074951	0.954749	38.953155	-70.293125
05666		-6.064984	-0.184139	10.324320	2.390422	-4.609597	1.066578	0.236572	0.348877	-0.106689	2.733822	36.290534	-69.625520
05667		-7.929227	0.214478	12.312881	2.608054	-4.257299	1.087948	0.234863	0.336182	-0.145752	4.570818	33.793898	-69.039024
05668		-11.631949	1.412924	15.658571	2.789810	-4.083635	1.134947	0.236328	0.340088	-0.194092	6.443217	31.399167	-68.533935
05669		-14.767527	2.947172	17.776894	2.828952	-4.257980	1.222382	0.232178	0.320068	-0.228760	8.299375	28.867036	-68.078147
05670		-16.330165	4.676390	18.753841	2.708511	-4.535220	1.389967	0.221680	0.315918	-0.273438	10.048248	26.171275	-67.655873
05671		-17.538106	5.167668	18.591004	2.422235	-4.731541	1.723273	0.219727	0.305420	-0.325928	11.660459	23.300774	-67.137697
05672		-18.546093	4.248920	17.289304	2.132172	-4.783550	2.173354	0.208008	0.287842	-0.377441	13.136373	20.352828	-66.458984
05673		-19.546223	2.974763	15.396487	1.947980	-4.751989	2.605088	0.195068	0.257813	-0.411865	14.536718	17.331625	-65.605351
05674		-20.371554	2.470736	13.201454	1.775553	-4.645939	2.909412	0.194824	0.234863	-0.455566	15.815067	14.322250	-64.655237
05675		-20.431834	2.169623	10.676421	1.505122	-4.427012	3.004509	0.180176	0.209229	-0.483643	16.901946	11.385651	-63.686034
05676		-20.000947	0.927076	7.708154	1.233701	-4.069261	2.928029	0.170898	0.180176	-0.508545	17.771119	8.656161	-62.763304
05677		-19.227827	-0.603537	5.394503	1.063693	-3.532960	2.757566	0.170898	0.150879	-0.524170	18.503970	6.226088	-61.879239
05678		-18.926815	-3.749296	3.708638	1.118217	-2.919806	2.526047	0.156006	0.126953	-0.543701	19.221883	4.171060	-61.045164
05679		-19.700576	-7.361830	1.615862	1.441447	-2.365648	2.314792	0.141357	0.098389	-0.561279	20.102061	2.437414	-60.247623
05680		-20.176265	-7.713688	-1.035813	1.760631	-1.858987	2.052513	0.144043	0.073730	-0.572266	21.134419	1.022344	-59.519867
05681		-20.296424	-6.229186	-3.069899	1.632644	-1.246722	1.680381	0.151611	0.046875	-0.585938	22.082411	-0.003467	-58.886125
05682		-20.497991	-5.210369	-3.914240	0.986178	-0.580301	1.256487	0.145264	0.032471	-0.586914	22.646216	-0.588981	-58.345147
05683		-20.756383	-5.549738	-3.322801	0.170820	0.010850	0.848893	0.150635	0.028320	-0.583740	22.744888	-0.774049	-57.893868
05684		-19.753576	-6.148777	-2.132190	-0.502166	0.487166	0.499280	0.155029	0.018066	-0.583984	22.454148	-0.630404	-57.520771
05685		-17.646446	-6.335147	-0.514662	-0.895200	0.904537	0.194792	0.166504	0.025879	-0.571777	21.944538	-0.191903	-57.222692
05686		2.710150	5.241006	13.770551	-2.262139	1.595100	0.338633	0.177979	0.045898	-0.561035	20.651719	0.585044	-56.708179
05687		0.881165	-3.942360	15.506484	-1.790477	2.275065	0.538930	0.188721	0.054443	-0.545654	19.645606	1.704630	-55.970340
05688		3.068489	6.374804	10.992235	-2.327991	1.953004	-0.235293	0.216064	0.068604	-0.523926	18.322662	2.802587	-55.731670
05689		10.041969	8.593029	0.502897	-2.925739	2.390132	-1.149110	0.230225	0.087646	-0.502686	16.637227	4.308161	-55.949194
05690		8.494437	-4.419968	4.112407	-3.105979	3.495799	-1.512060	0.242188	0.117920	-0.477783	14.831758	6.467024	-56.238986
05691		-6.166557	-10.862627	11.706774	-1.955572	4.338852	-0.700217	0.264893	0.132813	-0.448730	13.746354	8.974876	-56.011506
05692		-16.452004	-7.685800	18.431731	-1.160116	3.975733	-0.408746	0.295166	0.142334	-0.413574	13.137339	11.241044	-55.702652
05693		-13.724526	-10.347166	17.768445	-0.799990	3.220270	-0.834951	0.302246	0.161865	-0.397461	12.669739	13.147845	-55.757640
05694		-8.745475	-4.747004	14.184359	-0.201789	2.813573	-0.893116	0.316406	0.158936	-0.381592	12.519420	14.828937	-55.907582
05695		-9.172830	7.580854	12.491296	-0.088206	2.566674	-0.683916	0.329102	0.171387	-0.366455	12.451380	16.352310	-55.974576
05696		-9.014684	9.529341	10.708388	-0.317628	2.231920	-0.342682	0.334717	0.175537	-0.357422	12.296819	17.639725	-55.886047
05697		-7.538636	4.718492	10.080542	-0.588729	1.977724	-0.282753	0.352295	0.178955	-0.340576	11.987728	18.785301	-55.801965
05698		-7.433908	0.777268	10.523469	-0.719847	1.650613	-0.491117	0.356445	0.176758	-0.330078	11.548803	19.764819	-55.886865
05699		-7.400514	2.874914	10.089624	-0.774293	1.381168	-0.567989	0.369385	0.195068	-0.307617	11.046991	20.608833	-56.061888
05700		-8.045527	2.994082	10.232944	-0.866529	1.106789	-0.518805	0.366699	0.200439	-0.299316	10.486580	21.283663	-56.245033
05701		-6.636311	-0.529113	10.618821	-0.805789	0.832296	-0.456544	0.363037	0.212646	-0.293457	9.959100	21.804135	-56.431057
05702		-6.343053	-0.694607	10.631551	-0.705087	0.560352	-0.413410	0.357910	0.223145	-0.285645	9.485359	22.156949	-56.621574
05703		-4.872895	0.815988	9.623579	-0.628603	0.349124	-0.350135	0.370605	0.220703	-0.280762	9.059249	22.391639	-56.801017
05704		-4.035874	1.742617	9.255600	-0.647109	0.272471	-0.324799	0.373047	0.221680	-0.271484	8.624960	22.570910	-56.971204
05705		-4.668187	0.526866	9.585785	-0.637098	0.196303	-0.303757	0.370117	0.230713	-0.271484	8.196890	22.712448	-57.140140
05706		-4.218316	0.448080	9.471873	-0.584256	0.132740	-0.253873	0.368652	0.239014	-0.270264	7.808832	22.804458	-57.281948
05707		-3.734149	0.329060	9.533836	-0.505928	0.140985	-0.207790	0.363770	0.234619	-0.262451	7.475496	22.905022	-57.398476
05708		-4.142958	-0.059075	9.664759	-0.416293	0.158527	-0.156846	0.362305	0.239502	-0.260010	7.206853	23.003067	-57.479705
05709		-4.102065	-0.147498	9.609401	-0.318387	0.159183	-0.108998	0.360107	0.242432	-0.260010	7.004406	23.105714	-57.534834
05710		-4.119621	0.333428	9.445735	-0.240068	0.159937	-0.069986	0.362305	0.250977	-0.249512	6.857295	23.198016	-57.563107
05711		-4.085207	0.780554	9.176458	-0.192752	0.154758	-0.042676	0.360840	0.239990	-0.258545	6.742316	23.293148	-57.578067
05712		-3.852493	1.134146	9.025803	-0.163917	0.161218	-0.037623	0.366943	0.250977	-0.246826	6.646555	23.383910	-57.586643
05713		-3.888034	0.901207	8.962511	-0.143932	0.175334	-0.027394	0.374268	0.248535	-0.253906	6.563746	23.489470	-57.590902
05714		-4.012771	0.842479	9.070639	-0.129956	0.180209	-0.020635	0.368652	0.240479	-0.238281	6.492047	23.589912	-57.587882
05715		-4.102356	0.910824	9.036874	-0.108090	0.175153	-0.015467	0.367676	0.252930	-0.245117	6.432635	23.694364	-57.584927
05716		-4.129569	1.098970	9.010345	-0.103951	0.162132	-0.018713	0.366455	0.239990	-0.249756	6.375724	23.784397	-57.582207
05717		-4.221682	1.008742	9.002651	-0.106579	0.143276	-0.016982	0.361084	0.250977	-0.250977	6.315876	23.870596	-57.582532
05718		-4.167053	0.844415	8.978775	-0.105544	0.127408	-0.013699	0.362549	0.253174	-0.243408	6.258280	23.940544	-57.579268
05719		-4.147357	0.853156	9.054626	-0.108139	0.122569	-0.014848	0.371826	0.247070	-0.237305	6.197466	24.014633	-57.579776
05720		-4.170230	0.614334	9.108798	-0.094820	0.120643	-0.011207	0.356445	0.255127	-0.237549	6.146409	24.080579	-57.575565
05721		-4.188567	0.665736	9.100498	-0.073042	0.124400	0.000970	0.363770	0.249268	-0.236328	6.109732	24.154550	-57.566134
05722		-4.111482	0.756012	9.009630	-0.052855	0.129893	0.004651	0.372070	0.243408	-0.232178	6.087003	24.224806	-57.551490
05723		-4.125207	0.843042	9.013826	-0.037936	0.133038	0.008055	0.363770	0.249023	-0.232910	6.072495	24.303083	-57.537037
05724		-4.046321	1.102009	8.839465	-0.034149	0.127269	0.002748	0.372070	0.256104	-0.240479	6.059945	24.371966	-57.523784
05725		-3.987108	1.237798	8.834677	-0.043023	0.138504	-0.006907	0.371338	0.248291	-0.227295	6.038879	24.454077	-57.518276
05726		-4.082666	1.121488	8.812846	-0.051591	0.136922	-0.019455	0.375732	0.252686	-0.236816	6.010853	24.529805	-57.518325
05727		-3.951805	1.132251	8.802027	-0.064040	0.139523	-0.031696	0.375000	0.252686	-0.224365	5.971384	24.613796	-57.528275
05728		-4.025166	1.090799	8.856870	-0.075312	0.150135	-0.042421	0.372803	0.253174	-0.226074	5.924073	24.698416	-57.541974
05729		-4.077894	0.998840	8.885009	-0.084233	0.154541	-0.043332	0.368164	0.252930	-0.225342	5.870364	24.791444	-57.558325
05730		-4.089871	1.027231	8.833249	-0.086695	0.153858	-0.044441	0.368164	0.247559	-0.218994	5.815980	24.878281	-57.573243
05731		-4.094392	0.909662	8.856060	-0.090182	0.157596	-0.050892	0.371582	0.251221	-0.225342	5.756860	24.973283	-57.594287
05732		-4.262318	0.605312	8.935899	-0.070129	0.170222	-0.041150	0.377686	0.257813	-0.218506	5.713151	25.069236	-57.606305
05733		-4.047895	0.844975	8.884772	-0.057597	0.192323	-0.036567	0.378174	0.256592	-0.222656	5.677317	25.183031	-57.616280
05734		-3.949763	0.915916	8.920496	-0.046844	0.217621	-0.039627	0.378418	0.258057	-0.222900	5.648513	25.305908	-57.624530
05735		-4.157995	1.077776	8.896883	-0.039540	0.249709	-0.039223	0.377686	0.261719	-0.222168	5.623770	25.452375	-57.632679
05736		-4.297757	0.950800	8.948102	-0.044249	0.256622	-0.041327	0.378174	0.258789	-0.208984	5.596934	25.597580	-57.639726
05737		-4.354530	1.024019	8.806643	-0.044005	0.261717	-0.047194	0.390625	0.257568	-0.213379	5.567720	25.751176	-57.652276
05738		-4.354539	1.046929	8.898490	-0.040975	0.256183	-0.049930	0.379395	0.259521	-0.210449	5.540265	25.896601	-57.664977
05739		-4.208542	1.083415	8.907296	-0.034395	0.264472	-0.063837	0.381836	0.260254	-0.205566	5.511928	26.052542	-57.688050
05740		-4.311768	1.039730	8.923944	-0.021525	0.284558	-0.070905	0.384033	0.262939	-0.204834	5.490370	26.215291	-57.712522
05741		-4.244319	0.727392	9.115819	0.003449	0.307600	-0.064613	0.388916	0.257568	-0.205566	5.484532	26.395705	-57.733564
05742		-3.922722	0.777004	9.220533	0.033648	0.349003	-0.084559	0.382813	0.253906	-0.210205	5.492274	26.595952	-57.762908
05743		-3.980520	0.948634	9.254113	0.060164	0.421678	-0.112951	0.383057	0.258301	-0.196777	5.508059	26.843880	-57.807763
05744		-3.870367	1.011095	9.440523	0.056558	0.500271	-0.134266	0.394043	0.270264	-0.197266	5.518492	27.133145	-57.859606
05745		-3.659527	0.662246	9.579478	0.061420	0.605794	-0.152767	0.388672	0.262695	-0.192871	5.528085	27.488037	-57.918625
05746		-3.562789	0.570043	9.814593	0.103060	0.746853	-0.202223	0.391602	0.264404	-0.193359	5.551310	27.921703	-57.999021
05747		-3.605389	0.409111	10.076983	0.178554	0.928987	-0.225229	0.395264	0.253174	-0.177490	5.614653	28.464652	-58.084450
05748		-3.651396	0.318474	10.137825	0.283584	1.182865	-0.210763	0.390137	0.264160	-0.177979	5.751071	29.147567	-58.141770
05749		-3.189006	-0.023501	10.720859	0.353179	1.472940	-0.162004	0.408691	0.257813	-0.176025	5.951937	29.996823	-58.147375
05750		-3.428761	-0.042037	10.818908	0.448747	1.814469	-0.107418	0.404785	0.257568	-0.160889	6.241270	31.033629	-58.086997
05751		-3.231428	0.259901	11.140207	0.546328	2.199559	-0.054499	0.416748	0.257568	-0.145508	6.624216	32.289165	-57.955832
05752		-2.690422	0.389244	11.247878	0.647954	2.627100	-0.041142	0.428955	0.251221	-0.125977	7.100577	33.782914	-57.765933
05753		-2.346160	0.519658	11.056803	0.727923	3.117347	-0.063953	0.438477	0.269531	-0.109375	7.653104	35.557965	-57.529417
05754		-1.934329	0.222033	11.244294	0.679977	3.676136	-0.096850	0.447754	0.257324	-0.091797	8.221528	37.648169	-57.232239
05755		-1.614717	-0.642539	11.143502	0.533679	4.330918	-0.167989	0.462158	0.253174	-0.056885	8.747743	40.114786	-56.882198
05756		-1.353291	-0.239000	11.386687	0.297544	5.067261	-0.377092	0.472168	0.261230	-0.021973	9.133017	43.012825	-56.560948
05757		-1.157233	-0.370604	11.369119	0.118635	5.951671	-0.615525	0.479980	0.269531	0.029297	9.401917	46.432245	-56.275814
05758		-3.576623	2.252810	12.165101	0.150361	6.807504	-0.678944	0.492920	0.271973	0.080322	9.792964	50.339314	-55.870360
05759		-6.002529	7.396064	11.533226	0.239818	7.191149	-0.704880	0.498047	0.275391	0.135010	10.351733	54.462598	-55.338812
05760		-10.764314	1.508952	13.852695	0.875817	7.532526	-0.679182	0.493652	0.277832	0.187988	11.522246	58.770251	-54.540688
05761		-18.641138	7.011252	15.307148	1.560436	7.392255	-0.748448	0.493408	0.288574	0.239502	13.302257	62.993841	-53.527756
05762		-23.622167	8.322389	14.277952	1.650191	6.877018	-1.201210	0.486572	0.300049	0.291260	14.880201	66.979286	-52.832405
05763		-19.395002	7.723299	14.783522	1.369654	6.230655	-1.823964	0.472656	0.317383	0.323730	15.479102	70.692268	-53.032241
05764		-13.684008	9.652392	14.923566	0.906111	5.674477	-2.314747	0.448242	0.333496	0.365234	14.628427	74.172787	-54.470222
05765		-6.096134	9.180233	14.663997	0.215674	5.225815	-2.652408	0.423096	0.350586	0.399902	11.596455	77.427425	-57.724197
05766		0.876462	6.617279	11.049724	-0.136408	4.806910	-2.885415	0.399414	0.367432	0.443115	5.241748	80.394944	-64.119336
05767		7.025844	-1.344964	3.916153	0.038588	5.023501	-3.303689	0.370361	0.381348	0.472656	-8.444834	83.231175	-77.963667
05768		-7.612244	-2.950861	7.322457	0.363173	5.751849	-4.040963	0.331787	0.401123	0.512939	-43.829167	85.266363	-113.721075
05769		-11.591641	-1.073247	13.427815	1.085441	4.506533	-4.040885	0.289551	0.439941	0.534424	-80.829961	84.366509	-151.486374
05770		-13.396135	0.414460	13.966691	1.960509	2.986539	-4.051612	0.246582	0.459229	0.529297	-94.864041	82.094066	-166.747749
05771		-13.608110	4.876502	15.760905	2.536263	1.304421	-3.862460	0.214111	0.492676	0.524170	-96.621546	79.822875	-169.998227
05772		-12.379612	8.931247	15.527352	2.507458	-0.501582	-3.323116	0.190430	0.509766	0.498779	-92.905191	77.952386	-167.677024
05773		-10.161549	10.658598	13.934206	1.896694	-2.212918	-2.524506	0.183594	0.523926	0.466309	-86.207823	76.501346	-161.925058
05774		-7.390641	10.230019	11.183803	1.127612	-3.625067	-1.656717	0.186523	0.530762	0.451660	-77.880080	75.273590	-154.007225
05775		-4.403342	8.548278	8.451838	0.485006	-4.561917	-0.889910	0.182373	0.529541	0.424316	-68.926208	74.038856	-145.013486
05776		-1.681055	6.602022	5.961753	0.052503	-4.999002	-0.263024	0.185791	0.536621	0.406006	-60.425913	72.675071	-136.176610
05777		0.379959	5.161771	3.896237	-0.178750	-5.069836	0.228720	0.206055	0.542480	0.382813	-52.802575	71.181657	-128.053981
05778		1.713061	4.056199	2.579984	-0.261539	-4.899253	0.609202	0.221680	0.541260	0.358887	-46.297544	69.623608	-120.993172
05779		2.606767	2.881155	2.050421	-0.264852	-4.577980	0.918347	0.240479	0.521484	0.342041	-40.736345	68.076333	-114.871742
05780		2.069304	1.597101	2.388674	-0.126407	-4.220206	1.192218	0.261719	0.524414	0.310303	-35.919297	66.601088	-109.575884
05781		0.803685	0.680181	3.231797	0.145077	-3.973832	1.456627	0.283203	0.517578	0.292969	-31.418157	65.158668	-104.739416
05782		-0.582387	0.576164	4.561975	0.482138	-3.886161	1.698959	0.300781	0.505615	0.269531	-27.082120	63.689343	-100.241174
05783		-2.138416	1.042916	5.961049	0.747012	-3.976849	1.900532	0.320313	0.500732	0.237061	-22.810812	62.069450	-95.927482
05784		-3.189274	2.059400	7.103905	0.830457	-4.213178	2.031873	0.345703	0.480469	0.191895	-18.793579	60.223414	-91.886892
05785		-4.045391	2.388625	8.074065	0.751974	-4.543706	2.088547	0.351807	0.474121	0.161621	-15.143174	58.066703	-88.141375
05786		-4.787376	1.743799	8.779109	0.672865	-4.902646	2.083983	0.367920	0.450195	0.118164	-11.965158	55.612518	-84.808644
05787		-4.923162	0.926560	9.004262	0.711399	-5.242653	2.044485	0.372559	0.436523	0.079834	-9.168549	52.856520	-81.869882
05788		-4.572346	0.401334	9.076123	0.859891	-5.489186	1.952667	0.375977	0.419189	0.026367	-6.737693	49.893226	-79.392155
05789		-4.475222	-0.024470	9.383222	1.111000	-5.620313	1.833738	0.375488	0.406250	-0.012451	-4.550164	46.772711	-77.322100
05790		-4.759493	0.087802	10.066184	1.400258	-5.645702	1.694440	0.375977	0.395264	-0.055176	-2.565015	43.601241	-75.657931
05791		-5.292674	0.561650	10.591841	1.642083	-5.589348	1.524152	0.349609	0.375244	-0.099121	-0.738653	40.405096	-74.341680
05792		-5.298991	0.395511	10.459237	1.818268	-5.416279	1.324623	0.344727	0.363281	-0.144287	0.915136	37.297435	-73.369356
05793		-5.315119	0.145702	10.588530	1.964159	-4.999099	1.130802	0.327637	0.347412	-0.188232	2.461174	34.394534	-72.659513
05794		-8.086276	0.781840	13.180006	2.079470	-4.463026	0.956332	0.313477	0.338867	-0.218750	3.920236	31.807588	-72.172836
05795		-13.216802	0.799184	16.836051	2.241116	-4.209794	0.919507	0.301514	0.327637	-0.259033	5.410691	29.339663	-71.777485
05796		-17.750701	1.632854	19.416640	2.424800	-4.324093	1.022226	0.287842	0.313232	-0.295654	6.971364	26.810012	-71.417241
05797		-20.047437	2.041839	19.324893	2.459742	-4.593821	1.224563	0.266113	0.291992	-0.338379	8.553257	24.087059	-71.029480
05798		-20.959447	1.615989	17.143661	2.371503	-4.718826	1.490109	0.239502	0.275879	-0.370850	10.084124	21.277241	-70.588081
05799		-21.998781	0.949701	14.523072	2.219831	-4.570859	1.787656	0.229980	0.263428	-0.401855	11.551867	18.494275	-70.031480
05800		-23.727180	0.680588	11.827965	1.962832	-4.309476	2.108323	0.214600	0.237793	-0.428467	12.882232	15.821686	-69.340256
05801		-23.969470	0.712101	8.662626	1.545173	-4.052200	2.384672	0.211670	0.229248	-0.456055	13.980694	13.230654	-68.517327
05802		-22.858876	-0.331888	5.597768	1.123239	-3.701827	2.604333	0.195068	0.210938	-0.492432	14.821790	10.801316	-67.576746
05803		-22.157630	-1.791364	2.921371	0.843828	-3.214629	2.771509	0.187744	0.197510	-0.500488	15.492472	8.596508	-66.505322
05804		-21.204395	-4.188101	1.139090	0.735683	-2.587473	2.817443	0.186279	0.184570	-0.524414	16.070640	6.726897	-65.342587
05805		-21.576626	-7.320262	-0.240495	0.883128	-1.973893	2.798710	0.180420	0.177002	-0.539795	16.710310	5.181177	-64.113490
05806		-22.819822	-7.296123	-2.133153	1.053011	-1.513935	2.663106	0.185303	0.158447	-0.537109	17.411051	3.900294	-62.903414
05807		-20.890275	-1.867060	-2.659939	0.385424	-0.692376	2.432340	0.191650	0.152588	-0.552002	17.710978	3.097151	-61.690439
05808		-21.037510	-1.898382	-9.299859	-1.086482	0.837288	2.158993	0.214111	0.150879	-0.544678	17.162710	3.180218	-60.362464
05809		-22.789740	-7.287999	-8.477186	-2.328570	2.200565	1.652427	0.232666	0.165771	-0.524414	15.914532	4.118576	-59.092862
05810		-11.538756	-11.550956	-4.745521	-2.095815	3.042447	1.452840	0.268799	0.171875	-0.486816	14.822590	5.574987	-57.821521
05811		-0.581712	-3.708867	12.068481	-1.573042	3.251987	0.950075	0.292969	0.177490	-0.455322	14.037054	7.245947	-56.823773
05812		3.168281	-0.755424	17.547175	-2.013455	3.032232	-0.339831	0.309570	0.202637	-0.430908	12.915948	8.977007	-56.603714
05813		0.623561	-10.503325	12.839158	-2.072630	3.333040	-1.411852	0.328369	0.228271	-0.409668	11.664229	11.016569	-56.992809
05814		-9.060526	-15.452316	10.844781	-1.068344	3.841699	-0.991683	0.347412	0.230957	-0.375488	11.027408	13.282752	-57.117170
05815		-15.092177	-6.047872	16.402999	-0.261886	3.632431	-0.606402	0.361084	0.239014	-0.345215	10.892457	15.393818	-57.060027
05816		-13.636749	-1.602659	16.819221	-0.071684	2.868215	-0.717443	0.372070	0.244385	-0.330566	10.826260	17.081517	-57.155417
05817		-8.521472	5.118758	11.623268	-0.035227	2.392702	-0.604065	0.377197	0.251465	-0.309082	10.779595	18.496237	-57.242377
05818		-7.088834	10.663872	9.086263	-0.266009	2.307962	-0.361938	0.381348	0.258789	-0.302734	10.644211	19.830426	-57.195222
05819		-9.097832	7.131415	9.966402	-0.722704	2.126453	-0.414656	0.396240	0.266357	-0.273438	10.226658	21.075375	-57.208873
05820		-10.715220	0.811990	11.254008	-0.899888	1.703360	-0.564115	0.411621	0.273926	-0.268311	9.654323	22.088826	-57.367300
05821		-9.778422	-0.125315	10.851978	-0.845551	1.133683	-0.486505	0.399414	0.283691	-0.245117	9.101883	22.779542	-57.550219
05822		-4.849766	0.409170	9.914817	-0.798475	0.757822	-0.399418	0.397705	0.288574	-0.243652	8.579367	23.240161	-57.720535
05823		-5.889014	-0.233867	10.695031	-0.709441	0.560087	-0.345510	0.400879	0.297607	-0.229980	8.109896	23.591085	-57.883172
05824		-5.543385	-0.017383	9.992586	-0.566581	0.346675	-0.233177	0.394775	0.292236	-0.221436	7.741948	23.802689	-57.994829
05825		-4.947729	0.536015	9.724701	-0.470521	0.239559	-0.163756	0.403320	0.291016	-0.223877	7.440636	23.955785	-58.076638
05826		-4.520790	0.696445	9.337925	-0.388168	0.152841	-0.141424	0.405273	0.311035	-0.216797	7.190179	24.049441	-58.149423
05827		-4.049503	0.256560	9.315163	-0.340079	0.130062	-0.129910	0.400391	0.310303	-0.211670	6.967757	24.137051	-58.220132
05828		-4.270362	0.099900	9.411851	-0.303874	0.125581	-0.120482	0.400879	0.309326	-0.203613	6.769538	24.213243	-58.282802
05829		-4.166911	0.147897	9.307776	-0.257527	0.107348	-0.090873	0.399414	0.316406	-0.212891	6.603145	24.284635	-58.331438
05830		-4.211815	0.443944	9.353476	-0.225580	0.137149	-0.071240	0.397949	0.308838	-0.202637	6.462417	24.363866	-58.363083
05831		-4.505144	0.696285	9.087448	-0.205074	0.124748	-0.056601	0.402344	0.314209	-0.199463	6.335053	24.442513	-58.389419
05832		-4.484001	0.935691	8.986215	-0.195380	0.099247	-0.046671	0.402588	0.316162	-0.202393	6.216666	24.498488	-58.408725
05833		-4.410601	0.821901	9.051012	-0.179280	0.085234	-0.044756	0.403564	0.322266	-0.199707	6.105874	24.553621	-58.430600
05834		-4.301379	0.799415	9.022834	-0.155394	0.070177	-0.037480	0.402100	0.318359	-0.181396	6.011852	24.592411	-58.446329
05835		-4.122374	1.122054	9.005236	-0.143014	0.079528	-0.043911	0.402100	0.309814	-0.194580	5.921815	24.643979	-58.468171
05836		-4.305477	0.994448	8.880101	-0.134489	0.072392	-0.042261	0.406738	0.322266	-0.196533	5.838497	24.684267	-58.486901
05837		-4.260753	0.828636	8.910820	-0.132485	0.068734	-0.045399	0.403564	0.319580	-0.201904	5.753789	24.729501	-58.510439
05838		-4.171287	0.484643	9.041059	-0.112598	0.075941	-0.040624	0.408936	0.317627	-0.191650	5.683454	24.771670	-58.528055
05839		-4.066599	0.271987	9.081934	-0.069156	0.108923	-0.023299	0.412109	0.322510	-0.194824	5.641824	24.838314	-58.535257
05840		-4.097600	0.513173	9.033029	-0.039298	0.149188	-0.008855	0.405762	0.327148	-0.188477	5.623724	24.920438	-58.528454
05841		-4.157545	0.731907	8.961211	-0.017508	0.172376	-0.005021	0.408203	0.317871	-0.184326	5.618123	25.022004	-58.520221
05842		-4.195969	1.026456	8.885114	0.005992	0.185166	-0.003490	0.404053	0.324707	-0.185303	5.628368	25.124343	-58.507815
05843		-4.234832	1.032987	8.868554	0.003018	0.194119	-0.011690	0.401123	0.322021	-0.186279	5.633414	25.238478	-58.502323
05844		-4.307882	1.030584	8.791681	0.004069	0.201543	-0.025063	0.416016	0.314697	-0.185791	5.637243	25.351366	-58.502456
05845		-4.348515	1.078463	8.809036	0.003869	0.191622	-0.030243	0.405518	0.322998	-0.187256	5.637798	25.464940	-58.508730
05846		-4.304506	1.148625	8.836186	0.000560	0.193768	-0.037690	0.401611	0.326416	-0.171143	5.635971	25.574105	-58.517324
05847		-4.201719	1.093213	8.828907	-0.004705	0.188192	-0.048065	0.406738	0.320068	-0.187500	5.626704	25.686552	-58.535032
05848		-4.253160	1.037994	8.866356	-0.006396	0.202071	-0.060655	0.405762	0.322021	-0.173584	5.614750	25.801738	-58.557696
05849		-4.254656	0.997019	8.852953	0.002521	0.220766	-0.068466	0.412354	0.327148	-0.173828	5.604843	25.933711	-58.586310
05850		-4.316189	0.792154	8.933619	0.004911	0.226412	-0.077343	0.406494	0.322998	-0.183838	5.595257	26.063702	-58.618142
05851		-4.411951	0.867280	8.892946	0.002587	0.246231	-0.078310	0.405273	0.322754	-0.167725	5.583203	26.210557	-58.651477
05852		-4.426296	0.890919	8.814536	-0.002943	0.247708	-0.082878	0.406982	0.311035	-0.174072	5.567941	26.352988	-58.685647
05853		-4.419082	0.821490	8.816008	-0.002946	0.262439	-0.087830	0.415771	0.322266	-0.175781	5.550278	26.509441	-58.724151
05854		-4.377347	0.878310	8.819654	-0.006103	0.272724	-0.091285	0.410645	0.330078	-0.171143	5.531251	26.666585	-58.762322
05855		-4.391404	0.680107	8.907326	-0.000457	0.290945	-0.097641	0.405518	0.329102	-0.164795	5.512729	26.839658	-58.805494
05856		-4.405614	0.722298	8.958838	0.000887	0.314663	-0.102960	0.408691	0.327148	-0.160889	5.495188	27.021340	-58.848777
05857		-4.304827	0.841088	8.976163	0.016939	0.352449	-0.113396	0.414063	0.326904	-0.156250	5.483402	27.230164	-58.898459
05858		-4.354941	0.746923	9.000826	0.020924	0.384370	-0.128500	0.403320	0.330078	-0.154053	5.471388	27.452982	-58.954102
05859		-4.359216	0.636574	8.961659	0.037800	0.435607	-0.124534	0.415283	0.326904	-0.161621	5.470151	27.709646	-59.006048
05860		-4.412132	0.748420	8.852801	0.048273	0.476294	-0.126677	0.417969	0.329346	-0.147949	5.476446	27.984789	-59.055109
05861		-4.405921	0.670179	8.913062	0.052020	0.527451	-0.115957	0.416260	0.325928	-0.145996	5.488126	28.293199	-59.095967
05862		-4.297047	0.569421	8.960295	0.072291	0.600317	-0.095373	0.411865	0.340332	-0.146973	5.521037	28.637377	-59.117080
05863		-4.396612	0.550913	9.129318	0.099238	0.677273	-0.076704	0.422607	0.337402	-0.149902	5.576295	29.028904	-59.122727
05864		-4.147301	0.876961	9.208428	0.101601	0.781238	-0.081045	0.419922	0.333740	-0.134033	5.636257	29.475476	-59.122329
05865		-4.128556	0.884149	9.376336	0.116977	0.915133	-0.084449	0.424316	0.328857	-0.132080	5.707242	30.002836	-59.116579
05866		-4.076997	0.763382	9.479013	0.111743	1.067598	-0.095507	0.427246	0.338379	-0.122559	5.778423	30.613485	-59.105477
05867		-4.286268	0.815737	9.428751	0.125601	1.240559	-0.097888	0.432617	0.339111	-0.120605	5.862094	31.326814	-59.084870
05868		-4.183981	0.704918	9.576374	0.137095	1.408240	-0.099276	0.431152	0.331543	-0.113525	5.960336	32.131790	-59.050384
05869		-4.123545	1.018351	9.608439	0.158755	1.599241	-0.112963	0.437012	0.333008	-0.095459	6.073559	33.050031	-59.011071
05870		-4.099947	0.911930	9.705173	0.167658	1.816162	-0.137010	0.447021	0.332031	-0.086914	6.195032	34.089580	-58.967932
05871		-4.132241	1.047587	9.713845	0.191302	2.057621	-0.156390	0.448242	0.341553	-0.078613	6.334157	35.271074	-58.917970
05872		-3.872980	0.710538	10.122195	0.234018	2.347067	-0.175630	0.447266	0.341553	-0.068848	6.508359	36.615183	-58.852283
05873		-3.561901	0.736186	10.483817	0.288761	2.711641	-0.205255	0.462158	0.343262	-0.040039	6.723607	38.171398	-58.772029
05874		-2.859467	0.767145	10.854761	0.304774	3.190382	-0.258834	0.467773	0.342041	-0.018555	6.959312	40.000503	-58.677648
05875		-2.067561	-0.388529	10.949183	0.294237	3.817130	-0.368055	0.473877	0.350098	0.003418	7.182592	42.195531	-58.595912
05876		-1.810966	-1.166853	11.437803	0.275314	4.591739	-0.492333	0.475830	0.347900	0.042236	7.395785	44.837411	-58.517701
05877		-0.255474	-0.792642	11.685936	0.051072	5.513477	-0.678367	0.484863	0.361816	0.083984	7.451190	48.017812	-58.482413
05878		-1.354722	-0.042968	12.150427	-0.040542	6.675004	-0.862455	0.476318	0.356689	0.124756	7.439398	51.870567	-58.469499
05879		-6.195695	9.338456	12.232297	-0.192981	7.384842	-1.029370	0.474854	0.382813	0.184326	7.271488	56.138845	-58.540481
05880		-10.013798	5.940622	13.028423	0.063231	7.867955	-1.232882	0.468750	0.385742	0.242920	7.090229	60.696288	-58.797425
05881		-18.940901	5.575399	16.102457	0.677146	7.970886	-1.274209	0.463379	0.404297	0.295166	7.174303	65.313966	-59.139229
05882		-22.886984	6.498131	15.987939	0.649532	7.433391	-1.662448	0.441162	0.422119	0.332520	6.495650	69.652772	-60.277807
05883		-23.101162	4.579075	13.714450	0.330910	6.843341	-1.998298	0.418701	0.441406	0.384033	4.376372	73.659920	-62.709737
05884		-21.710024	6.124540	14.730799	0.422661	5.923433	-2.145789	0.390869	0.468994	0.423096	0.470392	77.101826	-66.996303
05885		-7.786644	9.240386	17.100176	0.121141	5.245617	-2.379288	0.373779	0.492432	0.451416	-7.021730	80.025022	-74.708912
05886		-1.093992	6.415740	13.673598	-0.249359	4.705660	-2.558791	0.340820	0.515137	0.482422	-20.456675	82.309109	-88.157955
05887		8.230865	1.457654	6.628965	-0.221237	4.479829	-2.674060	0.317139	0.540039	0.509033	-42.228564	83.725227	-109.959949
05888		-2.465040	-4.074131	3.726277	0.085678	5.320378	-3.403293	0.272461	0.569580	0.540771	-75.276973	83.636800	-143.250169
05889		-12.623313	-2.481337	14.512171	1.006124	4.175873	-3.096796	0.234863	0.595703	0.549316	-94.927596	82.052380	-163.631518
05890		-13.535474	2.223172	14.656146	2.225807	2.422967	-2.853416	0.206543	0.626465	0.525879	-101.010513	80.240618	-171.079005
05891		-12.589868	7.298031	15.139962	2.525122	0.735760	-2.437619	0.193848	0.652100	0.506104	-100.347329	78.797367	-171.876474
05892		-10.124256	10.631985	13.780894	2.004320	-0.936874	-1.798468	0.180420	0.671631	0.474121	-95.906736	77.856339	-168.516524
05893		-8.231176	11.091064	11.989695	1.123424	-2.425058	-1.114710	0.191895	0.677979	0.445313	-88.781140	77.281854	-161.880305
05894		-6.195607	9.542403	10.062774	0.207711	-3.577692	-0.489260	0.197266	0.687256	0.417969	-79.891150	76.801967	-152.882745
05895		-4.074695	7.081883	7.890976	-0.452957	-4.332383	0.039680	0.218506	0.691895	0.402832	-70.059259	76.182675	-142.507304
05896		-2.247926	4.649965	5.935837	-0.805753	-4.747456	0.451675	0.235840	0.681641	0.383301	-60.353125	75.274753	-132.019349
05897		-1.338983	2.664134	4.323914	-0.843814	-4.938788	0.755664	0.260254	0.686279	0.360596	-51.333180	74.038724	-122.168885
05898		-0.575091	1.244445	3.217971	-0.654533	-5.011283	0.997156	0.278564	0.667480	0.337158	-43.367088	72.509521	-113.462989
05899		0.383370	0.399212	2.750987	-0.346660	-4.944350	1.165287	0.294678	0.656006	0.311035	-36.484758	70.755390	-106.006318
05900		0.576101	-0.062483	3.205593	0.048047	-4.776652	1.274105	0.313232	0.642578	0.279541	-30.668450	68.875461	-99.841963
05901		-0.510538	-0.135221	3.978059	0.458216	-4.641548	1.365563	0.327881	0.631348	0.258545	-25.578470	66.886418	-94.635170
05902		-1.631005	0.396591	4.818897	0.789981	-4.623640	1.465757	0.345459	0.612305	0.215332	-21.057425	64.782934	-90.178912
05903		-2.343062	1.230394	5.624215	0.971343	-4.704081	1.565476	0.370361	0.592041	0.174316	-16.981881	62.512674	-86.256061
05904		-2.916355	2.018797	6.403670	0.986249	-4.831712	1.640916	0.383301	0.563721	0.150391	-13.424064	60.084552	-82.847023
05905		-3.374359	2.256433	7.030143	0.912141	-4.969683	1.677573	0.396484	0.556396	0.105713	-10.355245	57.480171	-79.874307
05906		-3.873857	1.970322	7.571945	0.859269	-5.095534	1.680683	0.414063	0.535400	0.071777	-7.755264	54.745387	-77.338246
05907		-4.551393	1.377017	8.230382	0.908584	-5.228434	1.678286	0.423340	0.510010	0.029297	-5.469323	51.863060	-75.141689
05908		-4.814284	0.997952	8.690273	1.046668	-5.342013	1.658036	0.435059	0.488525	-0.004639	-3.432807	48.882051	-73.279112
05909		-5.027985	0.848185	9.511316	1.269401	-5.403725	1.613278	0.434082	0.458252	-0.056152	-1.540490	45.810707	-71.700971
05910		-5.571895	0.524565	10.225879	1.537962	-5.403066	1.544417	0.444336	0.435791	-0.102783	0.242465	42.721959	-70.412086
05911		-5.760509	0.214046	10.277731	1.823526	-5.311997	1.451731	0.439697	0.413818	-0.146240	1.977186	39.643882	-69.371226
05912		-6.223985	-0.020080	10.439299	2.087200	-5.055330	1.364900	0.435547	0.381592	-0.187744	3.679117	36.709031	-68.555718
05913		-7.266964	0.324186	11.194262	2.266325	-4.674288	1.334567	0.432861	0.346680	-0.232910	5.379786	33.959413	-67.868410
05914		-9.481807	2.007765	13.661626	2.328900	-4.290733	1.323211	0.439941	0.321289	-0.265625	7.030974	31.430023	-67.285311
05915		-13.212857	3.050635	16.478952	2.267623	-4.176672	1.311942	0.417969	0.294678	-0.305420	8.584533	28.937513	-66.789184
05916		-15.672535	4.114441	18.168445	2.159098	-4.335410	1.364374	0.407227	0.257813	-0.344971	10.018564	26.356240	-66.368642
05917		-17.263321	4.434945	18.815074	2.068478	-4.589836	1.591624	0.397949	0.226563	-0.382080	11.402779	23.583895	-65.910056
05918		-18.302123	4.138945	18.073713	2.002337	-4.723677	2.067362	0.387695	0.186279	-0.421631	12.793265	20.685561	-65.269527
05919		-18.866968	3.933802	16.553300	1.946226	-4.731311	2.632554	0.377686	0.143066	-0.444580	14.207032	17.679914	-64.379052
05920		-19.170054	4.040163	14.612713	1.797383	-4.666546	3.098846	0.364746	0.103760	-0.484863	15.537763	14.636135	-63.304737
05921		-19.120739	4.174126	12.491397	1.497023	-4.518253	3.338619	0.354248	0.069580	-0.500488	16.664091	11.602803	-62.148927
05922		-19.081508	3.676726	10.553574	1.153192	-4.248009	3.351226	0.330566	0.024414	-0.515137	17.527539	8.707947	-61.009340
05923		-19.655284	2.201264	8.620309	0.917532	-3.953613	3.204876	0.312744	-0.007568	-0.542725	18.195716	5.975631	-59.943352
05924		-18.675971	0.587724	6.691126	0.824980	-3.620905	2.979217	0.293945	-0.035400	-0.549072	18.749606	3.463009	-58.976492
05925		-17.400691	-4.501598	4.692035	1.017329	-3.187907	2.728246	0.282959	-0.071289	-0.567139	19.374633	1.216057	-58.091890
05926		-18.649106	-6.831235	2.065406	1.556652	-2.794140	2.391177	0.271973	-0.099121	-0.591797	20.271171	-0.758643	-57.344060
05927		-18.841077	-7.101421	-0.912189	1.887127	-2.310014	1.894654	0.256592	-0.130859	-0.587402	21.342314	-2.388569	-56.797317
05928		-19.503066	-6.354457	-3.669262	1.754530	-1.656554	1.291018	0.242432	-0.151611	-0.595215	22.331786	-3.548826	-56.461543
05929		-20.599755	-6.504516	-4.937127	1.240305	-0.918900	0.664317	0.250977	-0.174561	-0.603027	23.036265	-4.185344	-56.312046
05930		-22.272907	-6.718086	-4.517293	0.606496	-0.300136	0.149897	0.242676	-0.187012	-0.598877	23.384356	-4.381372	-56.299189
05931		-21.334336	-6.111789	-3.661022	0.007844	0.189732	-0.250734	0.243164	-0.187012	-0.589844	23.398699	-4.225002	-56.387979
05932		-18.358139	-4.931568	-2.055449	-0.482518	0.699871	-0.586657	0.247314	-0.181396	-0.591797	23.134129	-3.727978	-56.537079
05933		12.109887	8.577799	18.822912	-2.585950	2.053031	-0.423880	0.264160	-0.160156	-0.561768	21.642773	-2.544979	-56.313765
05934		0.306922	0.764186	10.531189	-1.611473	2.513357	-0.546373	0.280518	-0.148926	-0.555908	20.713661	-1.093182	-56.083511
05935		10.231273	15.929193	6.741241	-2.731903	2.334262	-1.108240	0.305420	-0.121094	-0.533203	19.151648	0.382514	-56.224420
05936		9.966593	11.650546	-2.079225	-3.680602	3.176501	-1.912524	0.312988	-0.091553	-0.501465	17.032408	2.448751	-56.698917
05937		-0.300049	-7.283542	7.766296	-3.152862	4.240495	-1.306057	0.349609	-0.067383	-0.468994	15.227433	4.990875	-56.742263
05938		-14.709715	-8.173972	15.763653	-1.821758	4.420403	0.044165	0.363281	-0.055664	-0.430176	14.258083	7.429908	-56.067116
05939		-13.288226	-9.267952	18.008065	-1.436894	3.816187	-0.264804	0.389648	-0.047607	-0.403564	13.494224	9.590488	-55.685020
05940		-8.951911	-15.542388	16.697472	-0.875642	3.382819	-0.897427	0.406982	-0.037109	-0.377686	12.983869	11.591154	-55.740250
05941		-10.320875	-5.094652	14.858452	-0.186976	3.072440	-0.946854	0.422363	-0.046875	-0.355469	12.847134	13.431220	-55.878268
05942		-10.114048	6.153122	13.238672	-0.072098	2.693321	-0.715644	0.437256	-0.032227	-0.333740	12.793427	15.023127	-55.935023
05943		-7.754852	8.966017	10.493262	-0.293913	2.392783	-0.446127	0.439453	-0.027832	-0.315186	12.639886	16.420839	-55.880344
05944		-5.808943	5.740472	9.142066	-0.536771	2.234892	-0.391961	0.450439	-0.022461	-0.297363	12.352367	17.715841	-55.817362
05945		-6.283466	3.204158	9.730554	-0.783603	2.064569	-0.599598	0.463623	-0.022461	-0.287109	11.875510	18.949204	-55.909556
05946		-7.512848	2.526211	10.259452	-0.903160	1.874999	-0.709714	0.473389	-0.019287	-0.256348	11.295731	20.079559	-56.100669
05947		-9.906982	2.596613	10.901905	-1.049506	1.564121	-0.723581	0.462891	0.004883	-0.253418	10.606972	21.043427	-56.353470
05948		-8.927865	-0.042337	10.940996	-1.026005	1.091853	-0.581784	0.472900	-0.002686	-0.234375	9.936926	21.714768	-56.583170
05949		-3.996721	-0.504476	10.095657	-0.913367	0.808743	-0.428580	0.468750	0.014893	-0.225830	9.348553	22.218850	-56.760611
05950		-5.062625	0.845818	10.358844	-0.849302	0.693848	-0.401302	0.476318	0.020020	-0.213623	8.796720	22.644074	-56.935595
05951		-5.226632	0.639690	10.003355	-0.773627	0.517449	-0.341709	0.481201	0.021973	-0.215576	8.291578	22.972506	-57.097945
05952		-4.765039	0.631532	9.849716	-0.699903	0.368055	-0.270319	0.476074	0.019043	-0.215576	7.840508	23.199475	-57.229561
05953		-4.600824	0.815405	9.378080	-0.612069	0.248134	-0.209725	0.483643	0.032959	-0.204834	7.447570	23.362623	-57.338733
05954		-4.183571	0.569903	9.282023	-0.541161	0.184354	-0.183885	0.476318	0.029785	-0.202637	7.100769	23.477220	-57.435074
05955		-4.308895	-0.074990	9.669677	-0.464038	0.159694	-0.155243	0.481934	0.039307	-0.195068	6.802029	23.585088	-57.519389
05956		-4.014794	-0.262456	9.662426	-0.376940	0.161611	-0.120069	0.480225	0.038086	-0.207520	6.563640	23.681570	-57.579188
05957		-4.364768	-0.065821	9.574308	-0.291595	0.196387	-0.093117	0.484375	0.048340	-0.191162	6.379335	23.805609	-57.623351
05958		-4.306324	-0.475059	9.551864	-0.186981	0.223802	-0.049762	0.482666	0.044434	-0.189697	6.268702	23.932725	-57.635843
05959		-4.213726	0.134791	9.449784	-0.088500	0.259032	-0.006814	0.493164	0.049316	-0.184570	6.223721	24.086871	-57.622554
05960		-4.321842	0.943300	9.096302	-0.041085	0.266361	0.002974	0.483643	0.039063	-0.184326	6.211164	24.234934	-57.599517
05961		-4.395470	1.136309	8.947811	-0.036895	0.246217	-0.010241	0.482178	0.045166	-0.175781	6.194476	24.381961	-57.589336
05962		-4.346302	1.187734	8.870928	-0.043230	0.218745	-0.019237	0.479248	0.043701	-0.180176	6.173688	24.504284	-57.583469
05963		-4.279548	1.075710	8.907955	-0.053293	0.205257	-0.022849	0.483887	0.041748	-0.172607	6.143242	24.628752	-57.584034
05964		-4.263571	1.035712	8.925124	-0.051405	0.197424	-0.026087	0.478271	0.046387	-0.168701	6.115351	24.739353	-57.584014
05965		-4.334709	0.772041	8.921467	-0.039552	0.194705	-0.021898	0.483643	0.042480	-0.171631	6.092722	24.857719	-57.584794
05966		-4.266664	0.662075	8.959252	-0.015170	0.196213	-0.010116	0.480957	0.044189	-0.177002	6.089750	24.966659	-57.574904
05967		-4.266221	0.745603	8.969228	0.009601	0.202990	-0.004027	0.489502	0.044434	-0.169678	6.100240	25.088622	-57.563909
05968		-4.405727	0.808399	8.899967	0.031184	0.205338	0.003598	0.497803	0.039795	-0.169678	6.127820	25.201919	-57.544707
05969		-4.424267	0.940705	8.854346	0.046280	0.197305	0.005294	0.489990	0.047607	-0.170898	6.161756	25.320024	-57.528091
05970		-4.347237	0.988075	8.847554	0.050821	0.194271	0.007260	0.493896	0.045654	-0.163086	6.201401	25.426771	-57.507152
05971		-4.428259	1.099131	8.741290	0.053450	0.176412	-0.003612	0.487549	0.047607	-0.168945	6.236579	25.533476	-57.497391
05972		-4.435840	1.172411	8.700281	0.044862	0.162367	-0.016533	0.489746	0.045410	-0.172119	6.265516	25.623514	-57.493504
05973		-4.497038	1.156472	8.661938	0.034122	0.142141	-0.031451	0.493652	0.048584	-0.166992	6.281113	25.712414	-57.503577
05974		-4.480803	1.226115	8.572194	0.019560	0.121968	-0.042143	0.493896	0.044922	-0.165283	6.287334	25.781048	-57.518631
05975		-4.437250	1.103898	8.613826	-0.003143	0.099200	-0.047606	0.492188	0.043945	-0.166016	6.275872	25.846499	-57.541897
05976		-4.517889	0.800553	8.629819	-0.015581	0.080092	-0.042438	0.493164	0.040527	-0.156982	6.260562	25.891298	-57.560087
05977		-4.544288	0.883282	8.606059	-0.034089	0.063020	-0.039029	0.496826	0.050537	-0.165527	6.232598	25.935585	-57.580481
05978		-4.572228	1.019418	8.498909	-0.052721	0.043350	-0.030728	0.493408	0.034912	-0.166748	6.198098	25.958714	-57.593846
05979		-4.598880	1.067179	8.464430	-0.087903	0.011218	-0.030045	0.487793	0.042236	-0.168945	6.140211	25.972925	-57.612153
05980		-4.621462	1.228522	8.514534	-0.111131	-0.029131	-0.029954	0.494141	0.045654	-0.161865	6.070282	25.954692	-57.629991
05981		-4.408610	1.424240	8.497669	-0.145441	-0.064666	-0.041874	0.487793	0.039795	-0.167969	5.973992	25.926360	-57.660863
05982		-4.590460	1.107458	8.603659	-0.163383	-0.100127	-0.046382	0.490967	0.048340	-0.157227	5.867594	25.868584	-57.693697
05983		-4.420305	0.949517	8.582552	-0.177975	-0.132704	-0.053361	0.491699	0.058838	-0.163574	5.747795	25.802037	-57.736014
05984		-4.293845	1.038889	8.791063	-0.178197	-0.146707	-0.058634	0.489014	0.053955	-0.173584	5.628461	25.718281	-57.779244
05985		-4.117932	0.860122	8.947783	-0.163151	-0.134140	-0.064643	0.484131	0.051025	-0.157959	5.514314	25.651359	-57.828367
05986		-3.912968	0.825962	9.068481	-0.138129	-0.111188	-0.076903	0.495850	0.051025	-0.164307	5.414145	25.588707	-57.880589
05987		-3.956263	0.876903	9.111785	-0.110411	-0.062828	-0.087578	0.489502	0.053223	-0.166504	5.325999	25.563425	-57.939604
05988		-4.063606	0.816388	9.081040	-0.102724	-0.018687	-0.093436	0.486572	0.049072	-0.160400	5.244095	25.554272	-57.996627
05989		-4.146188	0.732126	9.095123	-0.096255	0.023100	-0.099845	0.491455	0.050293	-0.162109	5.162895	25.578382	-58.058305
05990		-4.102704	0.704000	9.030821	-0.074143	0.057142	-0.096277	0.485107	0.057861	-0.156006	5.098423	25.612509	-58.112806
05991		-4.189633	0.782425	9.020620	-0.074738	0.094457	-0.096973	0.490234	0.063965	-0.162109	5.031934	25.676966	-58.168725
05992		-4.122728	0.724753	9.059320	-0.060606	0.129542	-0.102929	0.486572	0.057129	-0.157715	4.974969	25.752640	-58.223564
05993		-4.064332	0.758621	9.107512	-0.051956	0.177492	-0.103206	0.493896	0.056641	-0.159180	4.921554	25.864607	-58.279062
05994		-3.990640	0.995911	9.118056	-0.047119	0.237322	-0.117955	0.472656	0.057617	-0.156494	4.870406	26.002451	-58.337838
05995		-3.902921	0.977916	9.225684	-0.051090	0.298349	-0.139739	0.481934	0.054932	-0.157227	4.809754	26.184955	-58.410373
05996		-3.786569	0.889646	9.262266	-0.071521	0.371268	-0.164977	0.488770	0.061035	-0.152100	4.733955	26.401405	-58.492488
05997		-3.689947	0.731986	9.409018	-0.079050	0.458747	-0.194104	0.479736	0.054443	-0.152832	4.644707	26.677687	-58.592071
05998		-3.829639	0.680548	9.577031	-0.089893	0.575309	-0.231420	0.487549	0.068359	-0.140625	4.542686	27.013487	-58.707373
05999		-3.581489	0.493594	9.863821	-0.050492	0.714293	-0.283049	0.498535	0.071777	-0.134521	4.447736	27.439178	-58.852777
06000		-3.762081	0.749356	9.928543	-0.043262	0.888331	-0.320512	0.494385	0.064697	-0.130615	4.350399	27.957363	-59.012201
06001		-3.678341	0.174947	10.044828	-0.015510	1.095549	-0.307917	0.495117	0.071045	-0.118164	4.272892	28.601198	-59.157983
06002		-3.821971	-0.180763	10.015677	0.053554	1.294660	-0.275902	0.500732	0.078125	-0.106934	4.249971	29.349309	-59.271845
06003		-3.796175	-0.429588	10.108440	0.134891	1.518331	-0.233830	0.504639	0.070313	-0.087891	4.288339	30.231072	-59.350774
06004		-3.698460	-0.630814	10.186187	0.225601	1.789195	-0.169869	0.509277	0.071777	-0.083252	4.409397	31.257258	-59.369863
06005		-3.572249	-0.779288	10.381696	0.354521	2.086047	-0.094331	0.517334	0.074463	-0.069092	4.637873	32.456813	-59.321979
06006		-3.459561	-0.394310	10.479392	0.509225	2.409434	-0.032245	0.523926	0.075684	-0.045166	4.996770	33.830592	-59.202071
06007		-3.070515	-0.166975	10.392189	0.627417	2.789192	0.002536	0.529785	0.063232	-0.028564	5.457812	35.425066	-59.023140
06008		-2.611577	0.061805	10.467708	0.708383	3.239696	0.001140	0.539551	0.070068	-0.010742	6.004236	37.268486	-58.788706
06009		-2.453400	0.056977	10.505824	0.660996	3.785068	-0.027831	0.549316	0.069580	0.023682	6.558022	39.428184	-58.506232
06010		-2.228757	-0.493502	10.587798	0.499330	4.375101	-0.165899	0.560303	0.072266	0.059570	7.021705	41.925095	-58.236287
06011		-1.800806	-1.354035	10.762356	0.388639	5.085385	-0.378740	0.559814	0.075195	0.096436	7.385846	44.844194	-58.029811
06012		-1.849122	-0.129758	10.727302	0.278757	5.903318	-0.561396	0.565674	0.074951	0.149414	7.681528	48.235992	-57.844780
06013		-5.282648	1.333479	12.340490	0.273259	6.629738	-0.546165	0.569824	0.080322	0.204834	8.090053	52.041357	-57.515837
06014		-9.691014	6.141195	13.586642	0.637655	6.974642	-0.319346	0.566162	0.085938	0.259766	9.031318	56.016727	-56.806763
06015		-12.477515	6.472290	14.328059	0.931312	7.049887	-0.391786	0.561279	0.075439	0.323486	10.296590	60.034903	-55.944692
06016		-18.600907	6.333900	13.825578	1.012038	6.768460	-0.657990	0.548096	0.101074	0.376465	11.569538	63.910440	-55.161981
06017		-20.029875	5.255130	11.953978	0.607924	6.263482	-1.082910	0.540039	0.107422	0.421875	12.212448	67.547233	-54.839471
06018		-18.209034	5.605596	14.974734	0.354486	5.696346	-1.375440	0.509033	0.120605	0.472168	12.213123	70.900108	-55.057612
06019		-12.115732	6.076758	14.086184	0.123120	5.132873	-1.563942	0.497803	0.134033	0.510254	11.418261	73.958213	-55.965631
06020		-7.159443	6.027545	12.630557	-0.091711	4.653874	-1.719369	0.472900	0.148926	0.552490	9.523585	76.756027	-57.870617
06021		-1.064398	4.864410	9.064398	-0.234955	4.138177	-1.748310	0.453857	0.155762	0.586426	6.261903	79.236649	-61.067210
06022		3.058136	-2.013019	2.123204	-0.200125	4.288891	-2.037339	0.423584	0.178223	0.622070	0.002626	81.754488	-67.297232
06023		-14.054143	-2.433206	9.868317	0.102438	4.349972	-2.126593	0.405029	0.192139	0.652344	-11.772166	84.114422	-79.218447
06024		-14.973855	1.218969	13.892017	0.821469	2.517935	-1.695279	0.379639	0.205566	0.676270	-26.087643	85.170838	-94.069715
06025		-13.578387	5.364994	12.848412	1.088132	0.699680	-1.328392	0.373291	0.222656	0.672607	-35.501455	85.118443	-104.142873
06026		-9.810848	8.307726	10.903217	0.410897	-0.780782	-0.942023	0.369141	0.238770	0.670898	-37.079369	84.437649	-105.965301
06027		-6.090994	7.904753	7.622942	-0.622688	-1.799101	-0.661750	0.380127	0.224121	0.660889	-34.562671	83.372348	-103.075469
06028		-3.082440	5.267771	5.046444	-1.541748	-2.255942	-0.586346	0.390137	0.219727	0.666260	-32.043122	82.106146	-99.646808
06029		-1.053996	2.589411	2.909973	-2.082574	-2.295946	-0.588507	0.405518	0.225342	0.673340	-30.527218	80.797914	-96.907533
06030		0.016104	0.696660	1.538400	-2.271895	-2.097445	-0.601674	0.412109	0.219238	0.665283	-30.020157	79.585006	-95.073572
06031		-0.014921	-0.549223	0.930840	-2.210290	-1.817523	-0.583313	0.419189	0.211670	0.674561	-30.026089	78.506725	-93.790158
06032		-1.027140	-1.076473	1.067264	-1.966710	-1.583730	-0.519898	0.430664	0.199463	0.669678	-30.198467	77.571173	-92.816107
06033		-2.506031	-1.030713	1.892312	-1.608745	-1.465956	-0.415389	0.437500	0.197266	0.676270	-30.120408	76.715493	-91.791156
06034		-4.210169	-0.428873	3.042959	-1.223719	-1.498134	-0.288304	0.454102	0.193604	0.676758	-29.635647	75.887728	-90.572156
06035		-5.896160	0.915789	4.202922	-0.906609	-1.740081	-0.153611	0.452393	0.191406	0.664795	-28.541498	74.963027	-88.905565
06036		-7.714463	2.643755	5.130467	-0.785629	-2.178358	0.002665	0.475586	0.190430	0.648193	-26.889366	73.857317	-86.724719
06037		-8.689375	4.079704	5.189882	-0.960019	-2.729398	0.205339	0.491455	0.181152	0.635986	-24.795677	72.489156	-83.963805
06038		-8.024124	4.539188	4.343307	-1.349198	-3.229043	0.408864	0.513428	0.168945	0.610107	-22.656713	70.887531	-80.898419
06039		-6.323357	3.718007	3.270716	-1.705885	-3.527671	0.535602	0.528809	0.162598	0.594238	-20.762767	69.110029	-77.844615
06040		-5.167354	2.504263	2.612976	-1.835490	-3.591796	0.591070	0.549805	0.146729	0.574219	-19.246646	67.289747	-75.081029
06041		-5.267822	1.625777	2.460447	-1.727493	-3.530959	0.629497	0.570557	0.129150	0.549805	-17.950869	65.473648	-72.588885
06042		-5.887435	1.424863	2.645235	-1.493289	-3.489594	0.668792	0.596924	0.118164	0.520264	-16.771926	63.677320	-70.338130
06043		-6.404199	2.121720	3.091018	-1.256431	-3.488578	0.747350	0.604248	0.108398	0.492920	-15.586821	61.862892	-68.198534
06044		-6.986056	3.428698	3.622195	-1.127699	-3.499074	0.840340	0.621094	0.096436	0.468506	-14.451277	60.048851	-66.162589
06045		-7.692681	4.613750	4.036113	-1.154014	-3.520578	0.974628	0.631104	0.076660	0.434814	-13.373742	58.210765	-64.140454
06046		-8.420959	5.358901	4.388144	-1.283440	-3.561463	1.158197	0.641113	0.073242	0.407471	-12.386064	56.366845	-62.094721
06047		-9.048670	5.766991	4.711082	-1.454518	-3.619839	1.411722	0.656738	0.039063	0.372803	-11.430587	54.489825	-59.927171
06048		-9.330450	5.859214	4.780347	-1.624455	-3.681213	1.722301	0.676514	0.030518	0.339844	-10.499979	52.604052	-57.615244
06049		-9.067331	5.731545	4.744788	-1.751932	-3.707580	2.043931	0.672607	0.013428	0.307861	-9.559883	50.701526	-55.143323
06050		-8.649257	5.748130	4.817813	-1.809818	-3.682446	2.349219	0.695313	-0.009033	0.280762	-8.625913	48.827880	-52.563898
06051		-8.243682	5.810344	4.911219	-1.833075	-3.597636	2.601806	0.691650	-0.040039	0.247070	-7.701107	46.984354	-49.910769
06052		-7.832516	6.224505	5.221067	-1.839424	-3.469698	2.808402	0.702637	-0.065918	0.228760	-6.829760	45.212722	-47.241241
06053		-7.743154	6.725415	5.758575	-1.858291	-3.328447	2.950626	0.716553	-0.100098	0.189697	-6.026388	43.491926	-44.579516
06054		-7.947644	7.136484	6.382657	-1.883719	-3.209915	3.051676	0.715820	-0.119385	0.157959	-5.329712	41.831648	-41.961371
06055		-8.310508	7.631448	7.067726	-1.898608	-3.128144	3.131371	0.721191	-0.158447	0.131592	-4.710205	40.187936	-39.372499
06056		-8.756568	8.226744	7.674502	-1.915916	-3.080675	3.200742	0.714111	-0.184082	0.094971	-4.190445	38.567274	-36.825631
06057		-9.183486	8.734989	8.268641	-1.923020	-3.043468	3.249613	0.721436	-0.210205	0.068604	-3.743440	36.940904	-34.312279
06058		-9.828081	9.113587	8.810058	-1.905500	-3.028435	3.290014	0.712158	-0.245850	0.034180	-3.378905	35.322965	-31.845306
06059		-10.337984	9.269901	9.127417	-1.845198	-3.046029	3.339550	0.708252	-0.277344	-0.001953	-3.038521	33.671775	-29.398197
06060		-10.587486	9.209915	9.439662	-1.739782	-3.073754	3.374921	0.704590	-0.307373	-0.032959	-2.727935	32.006896	-26.990324
06061		-10.667142	8.742010	9.494586	-1.542619	-3.119861	3.401017	0.687256	-0.340088	-0.070313	-2.368827	30.291949	-24.613361
06062		-10.213853	8.686338	9.184344	-1.280758	-3.150013	3.396471	0.679688	-0.357422	-0.106445	-1.963799	28.558699	-22.298678
06063		-9.644713	8.935195	8.920077	-1.003086	-3.107539	3.361337	0.662598	-0.389404	-0.129395	-1.481374	26.821216	-20.056099
06064		-9.420383	9.367733	8.882878	-0.741706	-2.990279	3.311959	0.639893	-0.418945	-0.170898	-0.960693	25.145449	-17.901449
06065		-9.663803	9.840717	9.014227	-0.510316	-2.838046	3.262824	0.621582	-0.447754	-0.192139	-0.379553	23.525818	-15.822133
06066		-10.156516	10.371851	9.211877	-0.331147	-2.686972	3.217039	0.594482	-0.467529	-0.217041	0.207801	21.985752	-13.817442
06067		-10.719445	10.429077	9.460384	-0.187847	-2.549024	3.192620	0.582031	-0.500732	-0.242432	0.826446	20.493657	-11.863576
06068		-10.977727	10.256566	9.303046	-0.052028	-2.427410	3.191355	0.555176	-0.528320	-0.266846	1.446872	19.063507	-9.946889
06069		-10.934462	9.897693	8.974552	0.104886	-2.287965	3.169197	0.539795	-0.545166	-0.278076	2.117718	17.682233	-8.073180
06070		-10.799626	9.434283	8.477071	0.286183	-2.123957	3.100053	0.516846	-0.570068	-0.287598	2.811919	16.386646	-6.268814
06071		-10.828604	8.853497	8.345128	0.516128	-1.932888	2.997447	0.496338	-0.597168	-0.299072	3.597076	15.171199	-4.548287
06072		-11.592467	8.186448	8.689821	0.806041	-1.780549	2.899579	0.481201	-0.622559	-0.313965	4.474341	14.033191	-2.906955
06073		-12.631169	7.472301	8.897564	1.176967	-1.737819	2.877211	0.463379	-0.652832	-0.314941	5.543963	12.884660	-1.305959
06074		-12.916567	7.260513	8.423429	1.493318	-1.777182	2.920671	0.437500	-0.679688	-0.325684	6.740500	11.689672	0.288182
06075		-12.545563	7.414563	7.954592	1.685988	-1.807147	2.985403	0.424316	-0.702637	-0.339355	8.035474	10.431602	1.881492
06076		-12.019416	6.869646	7.235128	1.742017	-1.761175	3.061922	0.399902	-0.735596	-0.343994	9.308965	9.165883	3.489690
06077		-11.416014	5.147445	6.335035	1.756620	-1.585420	3.128555	0.382568	-0.769287	-0.348877	10.581205	7.951632	5.115849
06078		-10.797081	4.344141	5.784050	1.862468	-1.319613	3.120689	0.355713	-0.807373	-0.344727	11.859138	6.858331	6.738547
06079		-10.438968	2.284123	5.781801	1.939611	-0.997554	3.053129	0.340332	-0.831543	-0.349854	13.171107	5.912549	8.330694
06080		-11.547069	0.288067	5.436814	2.159951	-0.715467	3.025211	0.306885	-0.869629	-0.336426	14.563238	5.095291	9.924858
06081		-12.669965	0.788926	5.602884	2.305259	-0.505224	2.954124	0.294922	-0.899170	-0.334961	16.035200	4.362026	11.484211
06082		-13.643361	1.592870	5.456819	2.153442	-0.346788	2.794916	0.276855	-0.928711	-0.313721	17.374981	3.707468	12.966638
06083		-13.989919	1.169250	4.996489	1.797617	-0.235023	2.534501	0.262939	-0.946289	-0.317383	18.506414	3.126518	14.306656
06084		-14.033407	-0.426297	4.415198	1.492372	-0.136550	2.216987	0.245117	-0.973633	-0.295654	19.422349	2.635712	15.485960
06085		-13.978231	-1.306926	4.083132	1.315111	0.007620	1.884163	0.240967	-0.993652	-0.298340	20.239912	2.270405	16.501498
06086		-14.330143	-1.413628	3.880716	1.189999	0.190649	1.555260	0.224365	-1.010742	-0.284912	20.956322	2.055101	17.376523
06087		-14.186517	-0.320628	3.909463	1.028355	0.381841	1.275473	0.208984	-1.023926	-0.278564	21.591708	1.993200	18.135339
06088		-7.841052	25.401749	7.700587	-2.422489	1.454862	1.882262	0.210938	-1.015137	-0.291748	20.255143	2.382613	19.443109
06089		-1.234244	-7.851998	4.584786	-5.133469	2.263673	2.245748	0.207764	-1.009033	-0.315918	17.414551	3.195623	21.079673
06090		-4.853785	-13.438789	15.813907	-3.252425	2.174281	3.040160	0.193359	-1.013916	-0.332520	15.677870	3.889868	23.110113
06091		-0.670279	-5.900082	12.642738	-2.029280	1.932001	3.424649	0.182373	-1.011475	-0.332031	14.692112	4.444611	25.299262
06092		3.454209	-12.047618	6.679695	-1.531836	2.209850	2.799971	0.172852	-1.021484	-0.323242	13.974835	5.270426	27.176027
06093		1.764988	-14.614383	8.096798	-1.040163	2.908969	1.975539	0.174316	-1.012695	-0.328369	13.549850	6.619048	28.680788
06094		-7.545244	-16.244486	13.855937	-0.573592	3.012365	0.960927	0.181152	-1.013184	-0.320801	13.344596	8.165895	29.627813
06095		-11.016663	-17.670822	17.423593	-0.112327	2.381099	-0.112755	0.198486	-1.020020	-0.313232	13.330531	9.507319	29.884705
06096		-7.867009	-15.253608	16.485399	0.364058	1.742465	-1.025508	0.207520	-1.020264	-0.302002	13.480765	10.610913	29.541676
06097		-4.247303	-3.936566	12.355415	0.836782	1.500722	-1.267624	0.230957	-1.012939	-0.291016	13.867954	11.618710	29.032476
06098		-2.421394	10.402762	8.201383	1.017895	1.616947	-0.886821	0.250732	-1.013428	-0.280029	14.395950	12.637351	28.762201
06099		-1.818051	15.776556	6.860477	0.681614	1.912675	-0.446262	0.254395	-1.013672	-0.258789	14.799759	13.763001	28.794701
06100		-3.810647	14.494192	7.535538	-0.039084	2.044714	-0.273138	0.262451	-1.007324	-0.261230	14.817384	14.931777	28.949919
06101		-6.153782	9.639451	9.365621	-0.699641	1.852611	-0.440259	0.288818	-1.007568	-0.242920	14.432548	16.023071	28.977985
06102		-6.930414	4.626995	10.383340	-1.004846	1.478120	-0.591498	0.292236	-1.001221	-0.252441	13.822975	16.923255	28.853218
06103		-6.303966	2.758959	10.064540	-1.077279	1.186463	-0.629055	0.301514	-0.996582	-0.248047	13.156296	17.669490	28.655925
06104		-4.983162	2.787596	9.637904	-1.064132	1.038658	-0.548251	0.308838	-0.988281	-0.249756	12.492337	18.315708	28.475271
06105		-4.523571	1.406242	9.776760	-1.014047	0.938541	-0.481162	0.311279	-0.982666	-0.244629	11.869067	18.901058	28.314673
06106		-5.206891	-0.972198	10.620275	-0.872077	0.839522	-0.435174	0.313477	-0.973389	-0.254395	11.320534	19.418652	28.161051
06107		-6.458963	-1.007491	11.049972	-0.699511	0.656500	-0.380700	0.324951	-0.964355	-0.248779	10.878919	19.831505	28.014887
06108		-6.203179	-0.244154	10.647144	-0.523294	0.419615	-0.284884	0.335938	-0.965088	-0.259521	10.539531	20.094394	27.894458
06109		-4.872047	0.221407	10.171597	-0.381719	0.270455	-0.201199	0.333008	-0.969727	-0.261475	10.298334	20.269783	27.807794
06110		-4.164261	0.632160	9.714995	-0.282555	0.185635	-0.159371	0.332275	-0.955322	-0.256836	10.112628	20.386986	27.734768
06111		-3.605091	1.556228	9.261016	-0.249250	0.144695	-0.147154	0.331787	-0.963623	-0.259277	9.952653	20.485466	27.665847
06112		-3.044457	2.360079	8.741699	-0.268471	0.167005	-0.156967	0.344238	-0.948486	-0.262695	9.774292	20.591506	27.591472
06113		-2.842207	2.461071	8.596546	-0.330654	0.225678	-0.184252	0.343750	-0.959717	-0.260010	9.562063	20.738668	27.507724
06114		-2.834589	2.195260	8.403113	-0.382730	0.280169	-0.219011	0.344971	-0.956055	-0.263916	9.308239	20.913973	27.406215
06115		-2.482838	2.778411	8.409110	-0.473308	0.370600	-0.255951	0.350342	-0.953369	-0.258789	9.002676	21.148654	27.291599
06116		-3.794146	2.721563	8.884854	-0.578606	0.409246	-0.298417	0.347900	-0.950928	-0.269775	8.621933	21.402969	27.151655
06117		-4.349373	1.573470	9.252629	-0.631424	0.332707	-0.315291	0.349365	-0.933838	-0.271729	8.209137	21.619493	26.993937
06118		-3.961211	0.910914	9.196206	-0.640606	0.275080	-0.320018	0.356201	-0.929199	-0.276123	7.781158	21.797520	26.824987
06119		-4.302650	0.464999	9.417745	-0.615683	0.260736	-0.290495	0.357422	-0.928467	-0.274414	7.378247	21.969033	26.672845
06120		-4.280507	-0.508539	9.674479	-0.525705	0.185574	-0.247261	0.364990	-0.923096	-0.268555	7.028225	22.088769	26.538556
06121		-3.684848	-0.030284	9.334239	-0.436532	0.186358	-0.209280	0.359863	-0.924316	-0.273682	6.742598	22.210572	26.428251
06122		-4.246549	-0.177756	9.698150	-0.338493	0.193851	-0.163442	0.359375	-0.917236	-0.273682	6.518503	22.328222	26.344584
06123		-4.277424	0.444495	9.450560	-0.264410	0.156769	-0.122137	0.371338	-0.922852	-0.277344	6.349813	22.426606	26.284628
06124		-4.003825	0.951051	9.236093	-0.241977	0.112583	-0.113133	0.370605	-0.912354	-0.281250	6.190154	22.494334	26.225549
06125		-4.145036	0.874374	9.178160	-0.220420	0.105196	-0.101079	0.361572	-0.906982	-0.284912	6.049687	22.561605	26.174497
06126		-4.197707	1.033942	9.111315	-0.216995	0.064703	-0.094518	0.366455	-0.912109	-0.275635	5.907288	22.600659	26.123388
06127		-3.904123	0.867102	9.089002	-0.213647	0.049183	-0.090551	0.365967	-0.917480	-0.281494	5.771439	22.635032	26.074893
06128		-4.003092	0.729279	9.177114	-0.213685	0.043686	-0.087443	0.365723	-0.901123	-0.274170	5.631976	22.661473	26.026630
06129		-3.906721	0.545958	9.122200	-0.220138	0.034215	-0.080228	0.369873	-0.907715	-0.279297	5.494206	22.686359	25.983387
06130		-3.879730	0.245344	9.154736	-0.187363	0.043538	-0.076171	0.377686	-0.911133	-0.276611	5.372412	22.711896	25.941932
06131		-3.769741	0.332708	9.164036	-0.162113	0.051757	-0.053852	0.373291	-0.904785	-0.287598	5.274235	22.745056	25.915842
06132		-3.751301	0.313677	9.162875	-0.130970	0.068820	-0.050627	0.370850	-0.904785	-0.281982	5.191334	22.783549	25.891509
06133		-3.924576	0.502063	9.118525	-0.104002	0.080463	-0.037889	0.378418	-0.896973	-0.283691	5.130572	22.832013	25.876738
06134		-3.855205	0.659923	9.031984	-0.086778	0.080001	-0.030042	0.373535	-0.904053	-0.286865	5.078105	22.875787	25.865663
06135		-3.464109	0.517831	9.035328	-0.074221	0.105173	-0.033282	0.372559	-0.896729	-0.286133	5.035795	22.937943	25.854957
06136		-3.737931	0.897702	8.998318	-0.062694	0.145792	-0.042471	0.377197	-0.899902	-0.288086	4.995461	23.019875	25.839673
06137		-3.993232	0.754404	8.974100	-0.062069	0.144242	-0.030595	0.372803	-0.900879	-0.273926	4.961379	23.103989	25.832604
06138		-3.872354	0.824028	9.004493	-0.070785	0.137202	-0.027752	0.374023	-0.900391	-0.290039	4.919726	23.180273	25.825860
06139		-3.911567	0.817166	9.047411	-0.061577	0.145176	-0.027277	0.371582	-0.904053	-0.284912	4.886567	23.264613	25.820747
06140		-3.944691	0.667348	9.006788	-0.070007	0.142515	-0.026449	0.374512	-0.894775	-0.275879	4.845728	23.343858	25.814979
06141		-3.873667	0.895397	8.997807	-0.073340	0.149169	-0.024094	0.379150	-0.906006	-0.285156	4.806511	23.430182	25.811900
06142		-3.972852	0.822643	9.032717	-0.076608	0.156940	-0.022777	0.372070	-0.893066	-0.286133	4.763032	23.517480	25.809038
06143		-4.021161	0.899457	8.958178	-0.075286	0.150606	-0.029475	0.381836	-0.902588	-0.272461	4.721232	23.604739	25.802518
06144		-3.845170	1.011045	8.971408	-0.077467	0.149812	-0.032793	0.378906	-0.897461	-0.275879	4.674543	23.688432	25.792899
06145		-4.022151	0.882754	8.899754	-0.083512	0.154919	-0.041387	0.389893	-0.892090	-0.274902	4.624978	23.778568	25.778990
06146		-3.911463	0.900578	8.952073	-0.079344	0.155913	-0.046650	0.385010	-0.885742	-0.280273	4.573747	23.866367	25.760856
06147		-4.165283	0.412512	8.872111	-0.075053	0.155605	-0.046544	0.382324	-0.906982	-0.277344	4.527549	23.956987	25.743553
06148		-3.932827	0.931801	8.945507	-0.067657	0.144261	-0.046802	0.376465	-0.903076	-0.277832	4.482617	24.038111	25.724567
06149		-3.942197	0.491071	9.078359	-0.055933	0.159944	-0.053426	0.390381	-0.894287	-0.277832	4.445480	24.131390	25.702976
06150		-3.929703	-0.010651	9.034442	-0.031223	0.198128	-0.050094	0.389648	-0.890869	-0.278564	4.421536	24.243409	25.684405
06151		-4.022439	0.858152	9.065642	-0.014538	0.218650	-0.050928	0.389160	-0.889160	-0.267822	4.409621	24.369972	25.667056
06152		-4.128184	0.080138	9.014369	0.021310	0.242043	-0.048897	0.388184	-0.892334	-0.266602	4.416859	24.507019	25.651283
06153		-4.040185	0.683673	9.009560	0.038134	0.258920	-0.040084	0.395264	-0.890869	-0.261230	4.438564	24.656006	25.642667
06154		-4.082986	0.129023	9.198637	0.090892	0.296503	-0.016257	0.389893	-0.898926	-0.268555	4.495349	24.822718	25.650202
06155		-4.111392	0.312659	9.174320	0.125363	0.338868	0.001824	0.399170	-0.895264	-0.253662	4.579776	25.015369	25.672231
06156		-4.106909	0.785374	9.221303	0.154157	0.365564	0.015872	0.398682	-0.899902	-0.263672	4.683189	25.220014	25.704111
06157		-4.013522	1.200035	9.244128	0.160412	0.397506	0.019601	0.396973	-0.901855	-0.263916	4.794205	25.445117	25.741232
06158		-3.791102	1.107798	9.485152	0.149010	0.462800	0.005543	0.400146	-0.901611	-0.261475	4.894744	25.705666	25.772755
06159		-3.766029	1.413230	9.393628	0.115953	0.533550	0.001593	0.405518	-0.908203	-0.247070	4.979312	26.009026	25.806924
06160		-3.563941	0.946130	9.632109	0.094368	0.612827	-0.018955	0.404541	-0.901611	-0.246582	5.046110	26.356348	25.832249
06161		-3.507751	0.637962	9.941886	0.088625	0.749198	-0.030133	0.418457	-0.900146	-0.249268	5.112287	26.784088	25.859446
06162		-3.469276	0.316432	10.444074	0.149651	0.924144	-0.034264	0.414063	-0.900635	-0.242188	5.215393	27.309785	25.894210
06163		-3.231500	1.031660	10.396036	0.246648	1.185022	-0.049085	0.427979	-0.902832	-0.224854	5.379815	27.986768	25.937285
06164		-2.897981	1.400438	10.902732	0.392971	1.515465	-0.090228	0.426514	-0.902344	-0.216309	5.625275	28.852589	25.976670
06165		-2.981587	1.485546	11.037931	0.378108	1.897816	-0.077849	0.426514	-0.901123	-0.196045	5.883385	29.936814	26.054817
06166		-2.755837	1.809007	11.311625	0.354854	2.281840	-0.102030	0.443115	-0.914063	-0.176270	6.136475	31.239689	26.149552
06167		-2.283854	2.345002	11.187025	0.304419	2.694648	-0.211453	0.452148	-0.906738	-0.157959	6.345841	32.784919	26.209519
06168		-2.553662	2.019627	11.307563	0.142243	3.122272	-0.362838	0.475098	-0.900635	-0.128662	6.425668	34.582395	26.203691
06169		-2.406197	1.906821	11.452701	-0.100425	3.602609	-0.522818	0.483398	-0.899170	-0.107422	6.324796	36.663634	26.123740
06170		-2.371038	2.525210	11.622288	-0.442644	4.205319	-0.730997	0.499512	-0.889160	-0.084961	5.951313	39.100612	25.926106
06171		-2.480875	2.050527	11.776817	-0.734497	4.848633	-0.985141	0.518066	-0.887207	-0.044678	5.289359	41.916444	25.550002
06172		-5.573810	2.974923	12.934162	-0.725647	5.410449	-1.270147	0.537598	-0.865479	-0.009277	4.439144	45.063579	24.916881
06173		-7.055409	5.500467	13.303111	-0.871605	5.680774	-1.568467	0.560791	-0.858398	0.034668	3.226138	48.366442	23.932413
06174		-9.716521	6.336452	14.350167	-0.969282	5.864477	-1.903996	0.575684	-0.844238	0.071777	1.540277	51.765953	22.456958
06175		-11.841060	6.570624	14.502015	-1.108499	5.812270	-2.165712	0.593750	-0.819336	0.107910	-0.725694	55.100028	20.422538
06176		-13.631372	5.291217	14.677989	-1.414005	5.683572	-2.347698	0.607178	-0.805908	0.155273	-3.771036	58.298935	17.747882
06177		-16.225276	6.827994	15.322712	-1.698651	5.336998	-2.349565	0.616699	-0.775391	0.187988	-7.544196	61.204964	14.502881
06178		-12.190811	7.599416	14.890439	-1.915810	4.920819	-2.422852	0.614990	-0.755615	0.223145	-12.186315	63.743692	10.505893
06179		-5.069278	7.099696	12.535344	-2.097477	4.650627	-2.524026	0.630127	-0.738281	0.252930	-17.809235	65.940436	5.617093
06180		2.502516	6.807044	8.187883	-2.470184	4.629828	-2.729400	0.634277	-0.709961	0.285156	-24.893992	67.842465	-0.546494
06181		4.446235	4.171353	2.747943	-2.860220	5.189750	-2.941899	0.641602	-0.694824	0.316162	-34.030763	69.603454	-8.596395
06182		-8.956092	1.618749	9.540560	-2.532318	5.391240	-2.454120	0.644043	-0.676025	0.359375	-43.989599	71.122630	-17.627989
06183		-9.005843	1.062765	12.791436	-1.671038	4.407061	-1.779868	0.636475	-0.657227	0.387451	-52.610629	72.043788	-25.710190
06184		-10.773145	1.171954	14.502877	-0.685996	3.286434	-1.079925	0.632324	-0.653564	0.405029	-58.967606	72.592420	-31.970787
06185		-10.812366	2.864287	15.146925	0.163170	1.847681	-0.357122	0.618652	-0.650391	0.416992	-62.120450	72.937986	-35.376870
06186		-9.464645	4.939772	14.199653	0.586520	0.308023	0.311974	0.609863	-0.643066	0.419434	-62.005818	73.179897	-35.609958
06187		-6.927635	5.983584	12.455849	0.555688	-1.010963	0.836347	0.608887	-0.656982	0.406982	-59.170450	73.315907	-32.989651
06188		-3.852805	5.799051	10.064483	0.279406	-1.955594	1.203901	0.599121	-0.668945	0.379639	-54.609011	73.282521	-28.396301
06189		-1.116621	4.619008	7.956491	-0.067363	-2.481024	1.429498	0.595215	-0.681396	0.359619	-49.212121	73.050290	-22.727020
06190		0.322766	2.961857	6.461805	-0.319491	-2.704063	1.549633	0.589111	-0.703857	0.330322	-43.758541	72.626987	-16.829840
06191		0.909450	1.162144	5.549672	-0.402765	-2.787579	1.593337	0.575928	-0.705566	0.302734	-38.468860	72.019483	-11.046101
06192		0.753563	-0.183175	5.397516	-0.295591	-2.850057	1.592297	0.567871	-0.724121	0.263428	-33.509815	71.232784	-5.644350
06193		-0.019454	-1.123629	6.029372	-0.025601	-2.950352	1.587248	0.548584	-0.729248	0.238037	-28.737149	70.247020	-0.583766
06194		-1.485486	-1.397607	6.807659	0.297363	-3.198815	1.603656	0.541992	-0.739746	0.209473	-24.138783	69.012583	4.137334
06195		-2.276867	-1.038082	7.409822	0.564895	-3.576826	1.625145	0.521484	-0.752686	0.177490	-19.689214	67.446234	8.569122
06196		-2.470772	-0.576752	7.501373	0.724575	-3.992477	1.614632	0.512451	-0.755127	0.153564	-15.639330	65.544172	12.530167
06197		-2.121086	-0.063976	7.484726	0.763164	-4.312988	1.548469	0.491455	-0.765137	0.123047	-12.124310	63.342743	15.930198
06198		-2.230393	-0.121759	7.531915	0.763922	-4.526406	1.438267	0.476318	-0.777588	0.083740	-9.235739	60.943798	18.699733
06199		-2.783209	-0.530682	7.839751	0.821647	-4.690109	1.336311	0.445801	-0.782959	0.060791	-6.801124	58.372697	20.963277
06200		-3.249601	-1.154969	8.297855	0.959383	-4.855771	1.297401	0.421143	-0.793945	0.031738	-4.675346	55.675681	22.839474
06201		-3.331944	-1.314717	8.726524	1.144626	-4.992194	1.315468	0.403809	-0.791504	-0.003906	-2.696621	52.851519	24.456626
06202		-3.439383	-1.070357	9.321976	1.285049	-5.073058	1.358239	0.392090	-0.804688	-0.027100	-0.866347	49.967257	25.853595
06203		-3.294600	-0.950194	9.233444	1.307661	-5.051263	1.367758	0.348389	-0.797607	-0.047607	0.788693	47.054342	27.049559
06204		-3.333172	-1.371379	9.040994	1.296606	-4.867394	1.309447	0.335693	-0.815430	-0.071777	2.228666	44.243453	28.021691
06205		-4.649665	-2.072258	9.344190	1.308801	-4.583707	1.199376	0.309570	-0.803955	-0.072754	3.508470	41.566024	28.786297
06206		-5.712415	-2.142011	10.387196	1.392026	-4.289302	1.093977	0.284912	-0.814209	-0.092041	4.691676	39.066541	29.379574
06207		-8.423057	-1.159944	13.246005	1.529767	-4.109058	0.968977	0.270508	-0.824463	-0.096680	5.841637	36.650780	29.811027
06208		-11.607892	0.229611	15.552356	1.589578	-4.256811	0.867350	0.246582	-0.827881	-0.109863	6.914586	34.168242	30.087947
06209		-12.002982	1.359855	15.812604	1.553180	-4.528398	0.800247	0.233887	-0.826904	-0.119873	7.892293	31.515827	30.234745
06210		-11.591051	1.665486	15.014883	1.521175	-4.606900	0.762914	0.222412	-0.834473	-0.118896	8.795879	28.837232	30.295013
06211		-12.227009	1.955431	14.148070	1.568720	-4.396768	0.800948	0.203857	-0.840088	-0.131348	9.728529	26.257133	30.351101
06212		-13.816095	2.737365	13.575868	1.642914	-4.035827	0.965097	0.195801	-0.851074	-0.133545	10.735146	23.879696	30.501189
06213		-16.836999	3.341079	13.698493	1.693792	-3.690750	1.275422	0.173828	-0.874512	-0.135498	11.840945	21.643991	30.831297
06214		-21.713688	4.091991	14.417421	1.750583	-3.585498	1.708891	0.157715	-0.892578	-0.139893	13.038935	19.423225	31.382260
06215		-24.022019	4.770168	13.003833	1.686372	-3.761256	2.240293	0.139893	-0.920654	-0.141602	14.256003	17.009312	32.161434
06216		-22.551915	5.364275	10.046793	1.423256	-3.884561	2.703966	0.113525	-0.934814	-0.142334	15.335715	14.457892	33.129360
06217		-20.499998	4.747508	7.455401	1.045418	-3.763317	2.957072	0.084961	-0.958984	-0.148438	16.186604	11.908662	34.203518
06218		-19.850852	2.599762	5.898497	0.785061	-3.488032	3.050473	0.048828	-0.984375	-0.160400	16.847753	9.491749	35.332687
06219		-18.951684	-0.054286	4.766765	0.745459	-3.193492	3.056945	0.021484	-0.999268	-0.161377	17.448078	7.216023	36.479865
06220		-18.531601	-2.982739	3.310930	0.933367	-2.866223	2.985254	-0.010986	-1.021240	-0.153320	18.106620	5.125972	37.615771
06221		-19.161074	-4.670754	1.338776	1.152490	-2.560327	2.793768	-0.050049	-1.043701	-0.150879	18.849486	3.219367	38.672755
06222		-18.379307	-5.189449	-0.979654	1.188997	-2.152872	2.456653	-0.070557	-1.050781	-0.138916	19.571185	1.587376	39.598788
06223		-17.395114	-4.613910	-3.240403	0.874105	-1.576873	1.930092	-0.091797	-1.070313	-0.134766	20.089019	0.357476	40.333984
06224		-16.995409	-4.905733	-4.433656	0.333229	-0.860267	1.254737	-0.107178	-1.075195	-0.143555	20.281505	-0.357256	40.840534
06225		-17.228900	-5.616562	-4.646196	-0.118896	-0.146611	0.566242	-0.113037	-1.073975	-0.138672	20.215073	-0.550368	41.117625
06226		-17.181461	-5.488192	-3.604780	-0.306636	0.442128	-0.011988	-0.118164	-1.071289	-0.147217	20.040315	-0.314192	41.200227
06227		-7.540920	0.939136	4.181192	-1.191554	1.898328	-0.586448	-0.104492	-1.065186	-0.145752	19.360998	0.823849	41.252939
06228		7.808839	0.042373	7.959987	-0.996527	2.603630	-0.983752	-0.088135	-1.071777	-0.145508	18.790327	2.413904	41.209712
06229		3.076712	8.934751	12.542944	-1.392101	2.394275	-1.271377	-0.067627	-1.059570	-0.147705	17.981282	3.946106	40.953333
06230		4.576367	12.692483	4.540735	-1.883592	2.620826	-1.721220	-0.055664	-1.047852	-0.155518	16.862371	5.670154	40.462342
06231		1.462817	2.902820	5.543251	-2.149225	3.323909	-1.667012	-0.029053	-1.055664	-0.161865	15.589788	7.765480	40.077398
06232		-8.798230	-4.231490	13.193318	-1.423085	3.899931	-0.662534	-0.008789	-1.031006	-0.157471	14.810567	10.017456	40.301839
06233		-15.486365	-5.839339	18.197850	-1.012910	3.483951	-0.437198	-0.000732	-1.023438	-0.169678	14.284500	12.012743	40.568593
06234		-12.622630	-12.125012	17.697775	-0.549097	2.732493	-0.858939	0.018311	-1.031494	-0.165283	13.950216	13.647279	40.473094
06235		-9.893153	-3.839313	14.667826	0.080447	2.309322	-0.862224	0.032715	-1.025635	-0.144775	13.957088	15.052376	40.310770
06236		-8.667117	7.155338	12.122045	0.206329	1.997819	-0.558826	0.046387	-1.022217	-0.138428	14.068129	16.236693	40.278375
06237		-6.618868	8.966664	9.824371	0.001605	1.787410	-0.230194	0.053711	-1.027588	-0.136719	14.107198	17.264696	40.408393
06238		-5.797134	4.604537	9.581820	-0.326232	1.610669	-0.323797	0.055908	-1.019775	-0.138672	13.936510	18.201179	40.456582
06239		-5.195992	2.468630	9.346507	-0.437684	1.417548	-0.443569	0.061035	-1.023193	-0.137451	13.670315	19.053381	40.404095
06240		-5.366201	4.782011	9.090124	-0.587267	1.308980	-0.534200	0.072510	-1.025635	-0.129639	13.292841	19.850268	40.276343
06241		-6.831171	4.176863	9.520508	-0.752895	1.137869	-0.542652	0.080078	-1.003174	-0.133057	12.806912	20.558524	40.114048
06242		-6.029993	1.191886	10.001355	-0.780666	0.922151	-0.517382	0.087158	-1.008057	-0.137451	12.295622	21.134916	39.929848
06243		-5.167479	0.831746	9.451472	-0.701552	0.726080	-0.451819	0.085205	-1.004639	-0.139648	11.831479	21.599015	39.755076
06244		-4.149759	2.690700	8.941448	-0.718338	0.682616	-0.425961	0.100098	-0.997314	-0.143799	11.358212	22.027483	39.584877
06245		-4.846757	0.741140	9.800280	-0.692804	0.568176	-0.382412	0.097656	-1.001221	-0.139404	10.901976	22.392334	39.424293
06246		-4.367616	0.908218	9.445495	-0.634512	0.480411	-0.333012	0.101807	-0.999512	-0.146484	10.484398	22.694538	39.279315
06247		-4.651244	1.257698	9.484611	-0.602675	0.423641	-0.283865	0.115479	-0.988770	-0.153564	10.092639	22.965473	39.156470
06248		-4.779030	-0.423525	10.045522	-0.511681	0.334918	-0.224065	0.101074	-0.989502	-0.155762	9.762345	23.172985	39.057765
06249		-4.562580	0.466128	9.628757	-0.411714	0.253174	-0.161718	0.105225	-0.990967	-0.159424	9.500077	23.334473	38.988469
06250		-4.159018	1.285053	9.161114	-0.358959	0.210743	-0.131601	0.116211	-0.981689	-0.156982	9.273419	23.462284	38.931699
06251		-3.967844	1.371065	9.015691	-0.342432	0.196172	-0.116063	0.113770	-0.983154	-0.161621	9.058788	23.586674	38.883320
06252		-3.831718	1.603417	8.927288	-0.338173	0.203168	-0.116485	0.110840	-0.981934	-0.166016	8.846797	23.708452	38.833989
06253		-4.032183	1.636736	8.887575	-0.348157	0.197796	-0.126925	0.111328	-0.972656	-0.166748	8.625626	23.834155	38.777950
06254		-4.321327	1.643066	8.885860	-0.364403	0.171532	-0.136570	0.108398	-0.979492	-0.165771	8.391736	23.939355	38.712117
06255		-4.299129	1.580931	8.961076	-0.373653	0.134939	-0.139942	0.112549	-0.981689	-0.163086	8.149751	24.029902	38.641156
06256		-4.404347	1.345736	8.908021	-0.383774	0.105193	-0.145237	0.110107	-0.979248	-0.167969	7.899578	24.097646	38.563066
06257		-4.749042	0.922713	9.129798	-0.365199	0.064027	-0.133508	0.114746	-0.976074	-0.172363	7.661120	24.146736	38.489194
06258		-4.527659	0.574007	9.122389	-0.306544	0.031842	-0.111836	0.114990	-0.977295	-0.172119	7.460839	24.169721	38.425178
06259		-4.324136	0.471390	9.137319	-0.232685	0.021965	-0.084886	0.119873	-0.974854	-0.174561	7.309015	24.190761	38.377794
06260		-3.849241	0.411229	9.160451	-0.177072	0.042300	-0.070055	0.124023	-0.970947	-0.167236	7.193819	24.216352	38.340486
06261		-3.984563	0.543599	9.160985	-0.124376	0.085739	-0.048367	0.128418	-0.971436	-0.169922	7.115242	24.270693	38.320712
06262		-4.082667	0.842335	9.034591	-0.085519	0.108075	-0.037432	0.118896	-0.967529	-0.171631	7.062876	24.331279	38.308750
06263		-4.153891	1.156096	8.936977	-0.067119	0.114539	-0.032850	0.120117	-0.971191	-0.169678	7.021862	24.400697	38.300714
06264		-4.176921	1.380740	8.809956	-0.061695	0.105448	-0.041968	0.118164	-0.965820	-0.178955	6.981819	24.460089	38.285604
06265		-4.346031	1.293839	8.828603	-0.069377	0.100502	-0.047037	0.126221	-0.981934	-0.177002	6.935370	24.522356	38.267506
06266		-4.193122	1.289608	8.770755	-0.095532	0.083136	-0.065896	0.129883	-0.968506	-0.176758	6.868941	24.570681	38.235618
06267		-4.235161	1.121762	8.845517	-0.096571	0.059424	-0.069733	0.124756	-0.971436	-0.183105	6.799674	24.610971	38.200081
06268		-4.374060	1.101549	8.852561	-0.108361	0.051529	-0.069724	0.129150	-0.970947	-0.174072	6.723816	24.641499	38.163301
06269		-4.180764	1.115354	8.754318	-0.108923	0.041004	-0.074852	0.120117	-0.966064	-0.170410	6.645498	24.671452	38.123072
06270		-4.142607	1.097849	8.857300	-0.109196	0.037549	-0.071796	0.132324	-0.968506	-0.172363	6.568118	24.694069	38.083872
06271		-4.165123	0.960118	8.864185	-0.104811	0.037824	-0.070453	0.126709	-0.969238	-0.177734	6.493159	24.721701	38.046065
06272		-4.163527	1.030429	8.824878	-0.105959	0.041221	-0.069156	0.129883	-0.962402	-0.180420	6.418369	24.746145	38.008699
06273		-4.191267	0.796535	8.793724	-0.104032	0.048310	-0.065249	0.126953	-0.964844	-0.182373	6.345466	24.779205	37.974789
06274		-4.201621	0.441219	8.996194	-0.083410	0.051615	-0.051924	0.133057	-0.964600	-0.177002	6.288361	24.808400	37.948871
06275		-4.230887	0.594399	9.011315	-0.051641	0.080578	-0.039491	0.132080	-0.962646	-0.187500	6.253069	24.858054	37.933238
06276		-4.170980	0.840842	8.924146	-0.038211	0.090789	-0.029299	0.125488	-0.963623	-0.179932	6.228908	24.908120	37.924153
06277		-4.211431	0.759468	8.980991	-0.018581	0.102299	-0.020894	0.127441	-0.965820	-0.178955	6.218026	24.968867	37.921607
06278		-4.230952	0.794917	8.930378	-0.001641	0.118311	-0.007889	0.127930	-0.960693	-0.181641	6.221272	25.033278	37.927834
06279		-4.187602	0.941359	8.876040	0.006211	0.132974	-0.000916	0.125732	-0.961914	-0.183105	6.230782	25.110148	37.939931
06280		-4.085491	1.055297	8.898796	0.010936	0.149124	-0.007158	0.125000	-0.960693	-0.185791	6.242356	25.192062	37.948765
06281		-4.120105	1.296067	8.895569	0.000517	0.163772	-0.018680	0.130127	-0.958740	-0.177246	6.244805	25.287464	37.951826
06282		-4.237590	1.148073	8.881538	0.003971	0.173588	-0.025437	0.124023	-0.959473	-0.180908	6.248221	25.384450	37.950858
06283		-4.282820	1.072742	8.910185	0.006799	0.186225	-0.024327	0.130127	-0.960693	-0.179443	6.253475	25.492883	37.951921
06284		-4.393962	1.070182	8.790282	0.001392	0.182081	-0.030389	0.134033	-0.966309	-0.174805	6.254320	25.595015	37.948427
06285		-4.291796	0.634075	8.966102	0.009162	0.179776	-0.031199	0.133545	-0.968018	-0.176025	6.258890	25.700121	37.944708
06286		-4.355795	0.434668	9.000573	0.033771	0.194836	-0.022079	0.139404	-0.966553	-0.183105	6.280955	25.808998	37.947380
06287		-4.341496	0.961158	8.913522	0.046988	0.204080	-0.012916	0.127930	-0.963867	-0.167725	6.312934	25.926709	37.956966
06288		-4.349356	1.266127	8.794664	0.045053	0.209753	-0.025749	0.138916	-0.959961	-0.167480	6.340968	26.044310	37.958487
06289		-4.313213	1.414144	8.736754	0.027191	0.212179	-0.048554	0.136475	-0.965332	-0.176025	6.352035	26.168797	37.946167
06290		-4.318248	1.441770	8.683367	0.002641	0.212523	-0.073035	0.134766	-0.966553	-0.160645	6.342617	26.290970	37.917916
06291		-4.321711	1.440238	8.776402	-0.027109	0.220320	-0.083029	0.140625	-0.962891	-0.169189	6.313102	26.422183	37.884198
06292		-4.309201	1.158830	8.786964	-0.038390	0.232410	-0.102551	0.147949	-0.960205	-0.168213	6.272218	26.557511	37.838367
06293		-4.369791	0.929798	8.917433	-0.052146	0.247455	-0.112125	0.145264	-0.964844	-0.166016	6.220682	26.705857	37.787720
06294		-4.304796	0.809464	8.930794	-0.045066	0.273338	-0.120627	0.148682	-0.963379	-0.155518	6.171673	26.865547	37.732816
06295		-4.183587	0.554686	9.158717	-0.022876	0.323452	-0.132838	0.145508	-0.962158	-0.164063	6.132806	27.058284	37.673729
06296		-4.275946	0.657780	9.073638	0.018198	0.393515	-0.143257	0.155762	-0.960938	-0.164063	6.116678	27.287759	37.612178
06297		-4.241411	0.489138	9.270255	0.055237	0.456563	-0.138980	0.153320	-0.962646	-0.166748	6.124309	27.556543	37.557902
06298		-4.243334	0.724136	9.311455	0.088623	0.531674	-0.140483	0.156494	-0.963623	-0.160645	6.153186	27.864567	37.507460
06299		-4.121136	0.536596	9.616617	0.141557	0.637958	-0.114900	0.161621	-0.959473	-0.154541	6.222971	28.235096	37.481409
06300		-3.929686	0.912829	9.704672	0.184252	0.783628	-0.107672	0.166260	-0.959229	-0.153564	6.324963	28.684664	37.470642
06301		-3.789858	1.311477	9.884522	0.204392	0.948015	-0.124698	0.165527	-0.965576	-0.143066	6.438744	29.232217	37.461917
06302		-3.703680	1.130778	10.031425	0.208409	1.143576	-0.154706	0.163818	-0.967773	-0.139160	6.553375	29.889778	37.449079
06303		-3.684292	1.419573	9.945663	0.238412	1.381024	-0.205111	0.173584	-0.963379	-0.133301	6.677688	30.688794	37.422858
06304		-3.763051	1.121244	9.789385	0.232859	1.613479	-0.256566	0.182861	-0.962646	-0.126953	6.791617	31.620617	37.382178
06305		-4.109604	1.020801	9.765116	0.242310	1.808988	-0.292248	0.194580	-0.961914	-0.109863	6.906438	32.668779	37.335203
06306		-3.800777	0.777128	10.014004	0.221039	2.033896	-0.326410	0.200439	-0.968994	-0.096680	7.007265	33.844685	37.285281
06307		-3.515641	0.311493	10.349930	0.258068	2.342248	-0.380203	0.203369	-0.964600	-0.086182	7.122839	35.202035	37.226601
06308		-3.598447	0.333674	10.752685	0.291532	2.759845	-0.415378	0.219971	-0.965332	-0.068115	7.265750	36.797150	37.182900
06309		-3.633240	1.358462	11.247755	0.275912	3.191113	-0.455833	0.229248	-0.965576	-0.046143	7.406956	38.642083	37.153868
06310		-3.927555	2.423557	11.458999	0.222030	3.683439	-0.560073	0.248047	-0.962891	-0.034424	7.501124	40.772807	37.099697
06311		-5.303599	3.172971	11.840327	0.263745	4.112504	-0.719824	0.259277	-0.962646	-0.011963	7.565628	43.160283	36.968657
06312		-7.525656	4.763291	12.252503	0.367974	4.378063	-0.960090	0.264648	-0.959961	0.017822	7.569909	45.715798	36.671444
06313		-9.015131	5.202217	12.302742	0.357219	4.371413	-1.200529	0.289551	-0.948975	0.040771	7.397266	48.285507	36.153694
06314		-10.728365	3.255918	12.135855	0.517883	4.144240	-1.378973	0.306641	-0.954346	0.077148	7.132382	50.737355	35.413322
06315		-12.752089	2.214914	10.487795	0.912299	3.798286	-1.466034	0.322266	-0.950928	0.104736	6.938199	52.996508	34.499733
06316		-13.224290	1.571097	10.256632	1.461352	3.335654	-1.472808	0.326904	-0.933838	0.137695	6.945990	54.992230	33.472468
06317		-10.936210	2.685136	8.546915	1.849845	2.769430	-1.495936	0.344971	-0.932617	0.153564	7.043639	56.667885	32.307255
06318		-5.904326	4.254119	8.434162	1.794330	2.231457	-1.581702	0.347168	-0.940430	0.186768	6.915900	58.043634	30.932809
06319		-1.416750	5.805598	10.346280	1.256244	1.386129	-1.603475	0.358643	-0.922119	0.195313	6.303796	58.934237	29.368055
06320		-8.940382	6.561269	10.800695	0.388322	0.858027	-1.537833	0.364258	-0.916504	0.215576	5.142887	59.507877	27.756086
06321		-5.115895	5.804865	12.205059	-0.127011	0.039019	-1.141184	0.373535	-0.908203	0.202148	3.974657	59.577031	26.481956
06322		0.048496	4.385720	7.685047	-0.507152	-0.542442	-0.715240	0.375244	-0.906738	0.198486	2.966207	59.288275	25.646423
06323		1.014840	2.298257	6.140552	-0.705488	-0.713375	-0.401420	0.374268	-0.914063	0.188721	2.159324	58.884045	25.173009
06324		0.538443	1.166596	5.331646	-0.603969	-0.778113	-0.127819	0.376465	-0.915039	0.189209	1.675136	58.437671	25.009457
06325		0.050209	0.793675	5.201131	-0.411705	-0.916348	0.117752	0.372070	-0.918213	0.177002	1.536013	57.903965	25.118923
06326		-0.428177	1.162629	5.423893	-0.235074	-1.125402	0.341171	0.367676	-0.920898	0.175293	1.686788	57.250681	25.455256
06327		-0.950354	1.754798	5.586106	-0.162229	-1.396955	0.523493	0.365234	-0.937256	0.165771	2.024505	56.433239	25.965007
06328		-1.602358	1.880923	5.936421	-0.152954	-1.711160	0.671874	0.355957	-0.936768	0.152832	2.455122	55.435242	26.588717
06329		-1.995283	1.753795	5.827969	-0.164740	-2.055299	0.815671	0.343018	-0.949463	0.144287	2.955474	54.228360	27.311153
06330		-1.873418	2.004104	5.513345	-0.181518	-2.356122	0.931686	0.341553	-0.952393	0.120117	3.475870	52.847239	28.085540
06331		-1.759566	1.977973	5.094256	-0.214952	-2.560294	1.030473	0.320313	-0.968750	0.116455	3.996969	51.335702	28.896499
06332		-1.779095	1.781941	4.580459	-0.224975	-2.655516	1.123318	0.298828	-0.978760	0.094727	4.515994	49.767225	29.733483
06333		-1.865100	1.499444	4.319615	-0.175505	-2.678027	1.218053	0.291504	-0.985840	0.083008	5.076885	48.170034	30.604206
06334		-2.483987	1.267989	4.550723	-0.070231	-2.642287	1.323086	0.281738	-0.998047	0.061523	5.706895	46.588111	31.512853
06335		-3.608607	1.257837	4.942023	0.081426	-2.633807	1.457902	0.259521	-1.009521	0.049805	6.452013	44.988813	32.480745
06336		-4.613358	1.615486	5.340786	0.187118	-2.651090	1.608921	0.234619	-1.025635	0.038574	7.276462	43.367009	33.507585
06337		-5.667811	2.024833	6.133398	0.233432	-2.669656	1.747662	0.209961	-1.036865	0.024170	8.140550	41.706384	34.580885
06338		-6.865168	2.145299	7.139263	0.218422	-2.730165	1.853893	0.183594	-1.049072	0.016602	8.976636	39.997817	35.665233
06339		-8.059332	2.039237	8.020977	0.201544	-2.881075	1.918960	0.162842	-1.055908	0.000488	9.762516	38.179470	36.720984
06340		-8.998530	2.085273	8.367818	0.158191	-3.010617	1.972913	0.137207	-1.067383	-0.007324	10.472054	36.279058	37.741207
06341		-9.823008	2.204346	8.230021	0.082668	-3.064050	2.017234	0.104004	-1.082520	-0.013916	11.097539	34.327758	38.733577
06342		-10.840789	1.847521	7.769673	-0.044312	-2.966358	2.061675	0.076172	-1.090820	-0.032959	11.617846	32.425058	39.722529
06343		-12.328780	1.203805	7.347913	-0.097655	-2.768133	2.062004	0.043701	-1.103027	-0.033936	12.077477	30.620419	40.700179
06344		-13.781378	0.662807	6.763574	-0.081703	-2.503129	2.004203	0.015381	-1.101074	-0.041748	12.501309	28.970891	41.644089
06345		-14.729245	0.493460	6.321825	-0.020057	-2.193686	1.879021	-0.015625	-1.115234	-0.043701	12.910762	27.499473	42.525297
06346		-15.219928	0.784030	5.987941	0.015538	-1.878939	1.659241	-0.033203	-1.112549	-0.046875	13.268002	26.231794	43.292628
06347		-14.872887	0.940734	5.765580	-0.011849	-1.595767	1.358547	-0.057861	-1.114258	-0.049316	13.528505	25.155364	43.900671
06348		-13.989467	0.785869	5.866494	-0.026578	-1.371129	1.011567	-0.069580	-1.115967	-0.052490	13.690006	24.251644	44.319810
06349		-12.420919	0.182521	5.775157	-0.008346	-1.184970	0.650530	-0.086670	-1.118164	-0.050049	13.778742	23.498908	44.542440
06350		-10.678437	-0.681743	5.665927	0.095633	-0.972797	0.322694	-0.089111	-1.114014	-0.046875	13.855982	22.909702	44.595463
06351		-9.285598	-0.892245	5.778824	0.216723	-0.700037	0.035780	-0.089111	-1.125244	-0.048340	13.952321	22.512260	44.515564
06352		-8.478935	-0.923951	6.307798	0.284820	-0.408842	-0.201561	-0.097900	-1.116455	-0.043457	14.048432	22.309095	44.335539
06353		-8.207809	-0.550386	6.959888	0.281526	-0.174368	-0.352785	-0.098633	-1.114014	-0.035400	14.123070	22.259324	44.100394
06354		-12.242580	7.228103	9.515705	-0.453532	0.146088	-0.705061	-0.097656	-1.113037	-0.046875	13.712803	22.433927	43.700704
06355		-8.303304	-2.674025	3.820832	-1.639538	0.577330	-1.308781	-0.085449	-1.109375	-0.054443	12.503429	22.925274	42.993770
06356		-11.591739	-3.479774	6.415724	-1.734452	0.620465	-1.475619	-0.076172	-1.108398	-0.066895	11.189112	23.443045	42.175673
06357		-11.380053	-3.623072	9.400089	-1.254369	0.690606	-1.574062	-0.062256	-1.096191	-0.068604	10.116097	23.999252	41.290878
06358		-15.592730	4.969347	11.610472	-1.083150	0.375771	-0.994176	-0.050293	-1.084961	-0.078613	9.262675	24.303724	40.718059
06359		-9.956566	0.725572	9.318440	-0.743052	-0.341318	-0.141707	-0.053711	-1.086182	-0.088135	8.789814	24.125500	40.600128
06360		-2.312846	-4.313691	9.465349	-0.422381	-0.322862	0.063420	-0.056885	-1.086670	-0.094482	8.554120	23.933566	40.611812
06361		-3.393156	-2.585817	10.896325	-0.262507	-0.210442	0.026783	-0.060547	-1.074951	-0.093262	8.404620	23.814571	40.612488
06362		-2.802048	1.124418	9.410419	-0.059863	-0.183032	0.024012	-0.059326	-1.083008	-0.097656	8.372303	23.705246	40.613549
06363		-2.684194	2.975857	8.539261	-0.105350	-0.018990	0.001546	-0.062988	-1.084229	-0.092529	8.313232	23.696614	40.616153
06364		-4.057306	1.152118	9.324538	-0.122896	0.055018	-0.019820	-0.063721	-1.086914	-0.096924	8.242601	23.725878	40.611749
06365		-4.088598	-0.062397	9.336476	-0.047855	0.045107	-0.014726	-0.059326	-1.076904	-0.101563	8.214907	23.754773	40.610069
06366		-4.171447	0.559829	9.072582	0.008784	0.055207	0.006224	-0.056641	-1.081787	-0.095215	8.226216	23.782007	40.621785
06367		-4.214037	1.193196	9.011311	0.041633	0.052252	0.025209	-0.056641	-1.076904	-0.095703	8.259822	23.811652	40.645438
06368		-4.007393	1.449795	8.912361	0.054402	0.045600	0.023188	-0.060547	-1.086914	-0.098633	8.301190	23.832028	40.666837
06369		-4.118240	1.711968	8.875708	0.043474	0.048234	0.014031	-0.059814	-1.090332	-0.094482	8.332956	23.860272	40.683240
06370		-4.294472	1.735614	8.830528	0.035799	0.027015	0.006783	-0.058594	-1.075195	-0.097168	8.358895	23.871454	40.692813
06371		-4.321266	1.729631	8.776073	0.015541	0.002334	0.004208	-0.064209	-1.081543	-0.093262	8.370616	23.874483	40.698992
06372		-4.218094	1.793621	8.795303	-0.008716	-0.019115	-0.002757	-0.059570	-1.077148	-0.101074	8.366957	23.860308	40.698449
06373		-3.963851	1.755107	8.748291	-0.039378	-0.026656	-0.019041	-0.062744	-1.086182	-0.096680	8.340423	23.848854	40.687609
06374		-3.900292	1.569765	8.737842	-0.062397	-0.022909	-0.027612	-0.057129	-1.083984	-0.098633	8.299646	23.834588	40.671330
06375		-3.908149	1.406470	8.746279	-0.076583	-0.015132	-0.038792	-0.053711	-1.081543	-0.093506	8.247369	23.831240	40.649331
06376		-3.924721	1.367065	8.816719	-0.089777	-0.008114	-0.041159	-0.061279	-1.079834	-0.095215	8.188062	23.826447	40.626008
06377		-3.880105	1.205777	8.831256	-0.100612	0.004444	-0.050748	-0.061523	-1.087402	-0.092773	8.119760	23.835088	40.598354
06378		-3.941393	1.051352	8.883125	-0.101287	0.016267	-0.044479	-0.059082	-1.083252	-0.095947	8.053895	23.844344	40.575131
06379		-4.062841	1.005885	8.890168	-0.094845	0.023533	-0.039271	-0.056885	-1.083740	-0.095703	7.992407	23.862793	40.556238
06380		-4.065249	1.070246	8.923294	-0.085516	0.024702	-0.033234	-0.052490	-1.087891	-0.105957	7.938676	23.875897	40.540699
06381		-4.036380	1.194335	8.843278	-0.083486	0.021833	-0.028920	-0.048096	-1.085449	-0.103516	7.886173	23.892510	40.528036
06382		-4.013230	1.253778	8.854173	-0.078515	0.025286	-0.028439	-0.054688	-1.077393	-0.100830	7.837660	23.905544	40.515493
06383		-4.021613	1.299473	8.859767	-0.080828	0.027193	-0.033916	-0.054199	-1.077393	-0.093994	7.785594	23.925541	40.500155
06384		-4.075679	1.228923	8.871122	-0.086272	0.030406	-0.033946	-0.054199	-1.084717	-0.106445	7.731406	23.941887	40.484596
06385		-4.030271	1.205212	8.850247	-0.083575	0.024501	-0.035321	-0.057129	-1.076172	-0.096924	7.677311	23.960411	40.468124
06386		-3.953932	1.268999	8.868204	-0.087221	0.034968	-0.033652	-0.060547	-1.073730	-0.106934	7.622784	23.979298	40.453090
06387		-3.957949	1.259203	8.867809	-0.098831	0.044485	-0.044537	-0.053955	-1.079102	-0.109619	7.558278	24.009803	40.432507
06388		-3.988304	1.180947	8.855792	-0.096975	0.054234	-0.047044	-0.055176	-1.071533	-0.098633	7.495382	24.040610	40.410677
06389		-4.061842	1.136945	8.891993	-0.096790	0.055376	-0.048041	-0.057373	-1.073486	-0.106689	7.431479	24.077480	40.388726
06390		-4.143379	0.936825	8.932550	-0.095344	0.051744	-0.047119	-0.052246	-1.072266	-0.109375	7.369358	24.106833	40.366562
06391		-4.267427	0.904988	9.013323	-0.081798	0.043193	-0.039365	-0.054443	-1.070068	-0.109863	7.315770	24.136082	40.348939
06392		-4.293608	0.965582	8.968833	-0.065989	0.025298	-0.029988	-0.055908	-1.081055	-0.100586	7.273924	24.149122	40.335269
06393		-4.222014	1.012131	8.959471	-0.060776	0.014765	-0.019493	-0.054443	-1.082520	-0.105469	7.236449	24.160758	40.327712
06394		-4.106714	0.965611	8.943739	-0.051459	0.009670	-0.018310	-0.054688	-1.074707	-0.110596	7.205388	24.164058	40.320062
06395		-4.198917	1.009290	9.013261	-0.039111	0.007055	-0.013496	-0.046387	-1.076172	-0.103760	7.181574	24.170860	40.315616
06396		-4.264765	0.915031	9.068157	-0.028044	0.006704	-0.006374	-0.060547	-1.069336	-0.111816	7.166877	24.171614	40.315167
06397		-4.259029	0.919490	9.020188	-0.008530	-0.004301	0.004769	-0.054688	-1.077881	-0.110596	7.164845	24.170647	40.321201
06398		-4.156025	0.910527	9.006955	0.007747	-0.010163	0.013934	-0.054932	-1.078125	-0.115479	7.175293	24.160360	40.332084
06399		-4.166267	0.886794	9.027398	0.018810	-0.010515	0.021054	-0.055420	-1.071777	-0.100098	7.192835	24.154684	40.347760
06400		-4.233000	0.856587	9.064692	0.037198	-0.015594	0.029281	-0.058594	-1.081055	-0.109131	7.223886	24.140200	40.367766
06401		-4.199810	0.936047	9.028705	0.055000	-0.023930	0.038341	-0.061279	-1.086182	-0.102783	7.266068	24.125625	40.393115
06402		-4.197346	1.003207	8.987124	0.065987	-0.022930	0.042257	-0.053223	-1.081787	-0.100830	7.316655	24.106001	40.420589
06403		-4.222568	1.000457	8.958093	0.073537	-0.035286	0.041723	-0.055664	-1.075684	-0.106445	7.369883	24.084679	40.447079
06404		-4.269223	1.066981	8.885928	0.079788	-0.052798	0.039653	-0.059814	-1.074219	-0.100586	7.426690	24.048231	40.470468
06405		-4.266016	1.132841	8.869709	0.080090	-0.074220	0.045831	-0.050781	-1.081543	-0.108643	7.483350	24.004449	40.496273
06406		-4.249247	1.076820	8.766468	0.073042	-0.095826	0.042846	-0.065430	-1.076416	-0.108887	7.535593	23.943278	40.518026
06407		-4.021524	1.313874	8.799216	0.053311	-0.108331	0.037722	-0.051758	-1.071045	-0.107422	7.573635	23.880716	40.535871
06408		-3.842107	1.430061	8.860817	0.035315	-0.089861	0.026091	-0.051514	-1.083984	-0.103516	7.600167	23.824174	40.547602
06409		-3.817720	1.404608	8.837291	0.013912	-0.069893	0.017708	-0.052246	-1.073486	-0.095215	7.611903	23.784905	40.556140
06410		-3.803795	1.561935	8.834594	0.003242	-0.048726	0.011010	-0.060303	-1.077148	-0.097656	7.617631	23.752863	40.561889
06411		-3.723981	1.750925	8.793634	-0.015749	-0.024516	-0.001363	-0.068848	-1.075928	-0.099854	7.609192	23.740747	40.562363
06412		-3.768029	1.572400	8.842393	-0.039600	-0.007539	-0.023276	-0.063721	-1.077637	-0.104980	7.583184	23.734696	40.550257
06413		-3.881809	1.417692	8.886162	-0.058861	0.006940	-0.037442	-0.062500	-1.084229	-0.104004	7.542203	23.743091	40.530974
06414		-3.905836	1.226022	8.935600	-0.065954	0.016484	-0.044788	-0.053223	-1.075439	-0.111084	7.496513	23.752283	40.507495
06415		-4.007239	0.978009	9.018129	-0.060739	0.029672	-0.042495	-0.059326	-1.074219	-0.100586	7.453962	23.773892	40.486920
06416		-4.069980	0.946975	8.982732	-0.048894	0.031211	-0.033026	-0.054199	-1.078613	-0.110107	7.421451	23.790548	40.471916
06417		-4.090266	1.030288	8.966125	-0.035793	0.030483	-0.025866	-0.057617	-1.084717	-0.106689	7.397315	23.811343	40.461689
06418		-4.115259	0.975674	9.005914	-0.020750	0.019457	-0.018263	-0.056152	-1.077393	-0.113525	7.384234	23.820221	40.454888
06419		-4.091595	0.968021	8.982745	-0.007667	0.018732	-0.011103	-0.049072	-1.080566	-0.107178	7.379492	23.833237	40.452863
06420		-4.073339	1.075540	8.923743	0.001063	0.007867	-0.004883	-0.053955	-1.080078	-0.104248	7.381887	23.834543	40.453438
06421		-4.042942	1.089499	8.928725	0.005738	0.009027	-0.002380	-0.064697	-1.071777	-0.102783	7.386672	23.841389	40.456041
06422		-4.077814	1.133458	8.904960	0.012041	0.006360	0.003224	-0.052246	-1.073486	-0.109863	7.397344	23.841242	40.461531
06423		-4.038620	1.170748	8.913809	0.007011	0.004250	-0.000466	-0.059570	-1.079590	-0.107422	7.403180	23.845216	40.464935
06424		-4.070172	1.157605	8.908194	0.007249	0.004047	0.001732	-0.060303	-1.083008	-0.108154	7.410657	23.843863	40.469312
06425		-4.112527	1.118937	8.923043	0.007218	-0.005884	0.002111	-0.062012	-1.080078	-0.108154	7.416936	23.841871	40.473495
06426		-4.078034	1.136425	8.904481	0.005592	-0.004566	0.003232	-0.059814	-1.076172	-0.106445	7.423558	23.835513	40.478107
06427		-4.054530	1.128435	8.906290	0.008373	-0.011814	0.005037	-0.054443	-1.074951	-0.098389	7.431037	23.829926	40.483625
06428		-4.047902	1.148723	8.934507	0.002901	-0.008604	0.005016	-0.058838	-1.069336	-0.103027	7.436431	23.821141	40.489014
06429		-4.061134	1.107126	8.903177	0.004766	-0.010126	0.006093	-0.058105	-1.082520	-0.098633	7.442163	23.816416	40.495320
06430		-4.054655	1.127452	8.931318	0.004209	-0.005959	0.010773	-0.060059	-1.077637	-0.093750	7.449834	23.808705	40.504497
06431		-4.039785	1.097157	8.929216	0.008887	-0.004799	0.013276	-0.056396	-1.075928	-0.102539	7.459897	23.806457	40.515690
06432		-4.005126	1.188975	8.944544	0.012261	-0.008793	0.014245	-0.059082	-1.085205	-0.107422	7.472955	23.796874	40.526788
06433		-3.993195	1.216010	8.924363	0.009125	-0.002494	0.011252	-0.060303	-1.082031	-0.111328	7.482721	23.796059	40.536905
06434		-3.998503	1.197554	8.896521	0.006786	-0.003074	0.010001	-0.054688	-1.077637	-0.107422	7.491764	23.790038	40.545831
06435		-4.003977	1.252042	8.902602	-0.001622	-0.001188	0.005344	-0.062500	-1.075439	-0.103271	7.493952	23.790376	40.552386
06436		-3.975527	1.189287	8.898112	-0.004398	0.003553	0.007760	-0.067627	-1.081787	-0.101807	7.496243	23.788285	40.560461
06437		-4.032499	1.121106	8.957260	-0.009514	0.007715	0.008925	-0.063721	-1.089844	-0.100586	7.495120	23.793385	40.569967
06438		-3.990696	1.159816	8.942094	-0.014506	0.010521	0.013301	-0.061035	-1.077148	-0.098877	7.493238	23.794839	40.582051
06439		-4.065450	1.165734	8.909290	-0.017993	0.013363	0.013346	-0.062500	-1.081055	-0.101074	7.488551	23.802792	40.594760
06440		-4.100162	1.088282	8.969809	-0.012399	0.008793	0.016578	-0.065918	-1.083740	-0.110840	7.488643	23.803021	40.608739
06441		-4.134479	1.071421	8.988396	-0.005538	0.001955	0.017502	-0.051270	-1.077393	-0.101318	7.491756	23.804172	40.623095
06442		-4.174128	1.049028	9.055189	-0.003197	0.002533	0.018755	-0.061523	-1.075684	-0.104248	7.497458	23.800681	40.637913
06443		-4.394376	0.891942	9.084084	0.026382	-0.019134	0.029571	-0.064697	-1.074463	-0.109863	7.521161	23.788944	40.658027
06444		-4.300650	1.040783	8.965055	0.041455	-0.043865	0.028482	-0.053467	-1.083252	-0.101563	7.553336	23.758357	40.675067
06445		-3.924089	1.300093	8.818544	0.043260	-0.062746	0.026107	-0.060791	-1.083252	-0.101807	7.584319	23.722135	40.689402
06446		-3.776816	1.330706	8.815185	0.033346	-0.053367	0.013116	-0.064453	-1.073486	-0.103760	7.607665	23.687299	40.696081
06447		-3.835085	1.246249	8.848121	0.023703	-0.036766	0.006159	-0.064697	-1.078613	-0.099854	7.623355	23.667286	40.700164
06448		-3.882837	1.200335	8.936437	0.020811	-0.030667	0.005364	-0.062012	-1.075928	-0.102783	7.638330	23.645927	40.703897
06449		-3.925663	1.146303	8.900571	0.018346	-0.029892	0.000904	-0.061768	-1.083740	-0.102783	7.649883	23.630166	40.705278
06450		-3.929075	1.202214	8.907256	0.021573	-0.018837	0.007344	-0.059326	-1.080811	-0.102051	7.666175	23.615373	40.711212
06451		-4.000986	1.224787	8.951391	0.017120	-0.017689	0.002821	-0.065674	-1.077148	-0.099854	7.677906	23.606359	40.714785
06452		-4.047444	1.167855	8.939304	0.022371	-0.023212	0.004869	-0.069580	-1.070801	-0.100342	7.693889	23.589268	40.718810
06453		-3.991285	1.234641	8.904571	0.019326	-0.028196	0.005480	-0.057861	-1.081787	-0.104736	7.707191	23.574067	40.723141
06454		-4.042338	1.171993	8.941073	0.022467	-0.031995	0.004253	-0.064209	-1.079834	-0.108887	7.722776	23.552035	40.726038
06455		-3.891974	1.206121	8.888468	0.017309	-0.035254	0.001590	-0.065674	-1.080322	-0.109131	7.733722	23.533110	40.727355
06456		-3.781566	1.276921	8.860509	0.010779	-0.024954	-0.002378	-0.065430	-1.076416	-0.104736	7.741202	23.515586	40.726728
06457		-3.873251	1.250460	8.921539	0.011280	-0.012919	-0.002609	-0.064453	-1.075928	-0.101807	7.748420	23.509617	40.727317
06458		-3.884120	1.151970	8.908452	0.005350	-0.001868	-0.003196	-0.060303	-1.082031	-0.101563	7.753361	23.505262	40.728124
06459		-3.883927	1.226378	8.941997	0.011482	0.003092	0.004032	-0.062012	-1.083496	-0.105713	7.762877	23.507827	40.734168
06460		-3.760085	1.268284	8.886259	0.005305	0.014343	0.001245	-0.068848	-1.080566	-0.097412	7.769434	23.512332	40.739092
06461		-3.773699	1.376011	8.897051	-0.010297	0.039492	-0.002088	-0.068115	-1.083740	-0.103760	7.766204	23.535980	40.744418
06462		-3.965057	1.232365	8.906731	-0.019168	0.049212	-0.007305	-0.061523	-1.080566	-0.105225	7.757804	23.560942	40.746992
06463		-3.912682	1.178138	8.929940	-0.023485	0.049004	-0.008612	-0.059814	-1.081543	-0.097168	7.745756	23.590451	40.749077
06464		-3.954139	1.216072	8.928921	-0.022393	0.051854	-0.005055	-0.063965	-1.079102	-0.101563	7.736154	23.616741	40.753258
06465		-4.018452	1.262597	8.926327	-0.028935	0.052220	-0.008627	-0.061523	-1.083740	-0.106445	7.721087	23.648044	40.755589
06466		-3.946298	1.255903	8.933016	-0.024279	0.045947	-0.009958	-0.062988	-1.075928	-0.106689	7.708985	23.671358	40.756224
06467		-3.959483	1.290471	8.885430	-0.027047	0.053196	-0.011768	-0.069824	-1.085938	-0.109375	7.694266	23.703432	40.756677
06468		-3.989716	1.293488	8.906259	-0.023000	0.048681	-0.020709	-0.063721	-1.083252	-0.106445	7.680302	23.729123	40.750861
06469		-4.008565	1.261979	8.948960	-0.026475	0.051524	-0.020664	-0.067383	-1.089355	-0.099609	7.663656	23.760901	40.745644
06470		-4.069944	1.177326	8.930676	-0.025788	0.045997	-0.022126	-0.060059	-1.078613	-0.095459	7.647638	23.785173	40.738707
06471		-4.037209	1.193779	8.886443	-0.026846	0.040639	-0.021457	-0.061279	-1.072266	-0.111572	7.630211	23.810809	40.732071
06472		-3.902070	1.273770	8.862327	-0.031752	0.039683	-0.026158	-0.059326	-1.077881	-0.102295	7.609540	23.831798	40.722088
06473		-3.960707	1.218440	8.971944	-0.035968	0.059331	-0.028236	-0.062744	-1.076904	-0.108154	7.585813	23.868529	40.712771
06474		-4.082071	1.108117	8.918471	-0.035754	0.049196	-0.025653	-0.058594	-1.070313	-0.100342	7.563275	23.894875	40.703864
06475		-4.080840	1.123467	8.944877	-0.035185	0.042518	-0.026108	-0.064697	-1.083496	-0.101563	7.539946	23.921862	40.694446
06476		-4.093643	1.170480	8.973600	-0.028750	0.043508	-0.025725	-0.056152	-1.072998	-0.104736	7.521196	23.944977	40.685001
06477		-4.125786	1.096389	8.984770	-0.023634	0.036838	-0.022662	-0.049316	-1.074707	-0.111572	7.505144	23.968459	40.677235
06478		-4.225539	1.109662	8.949115	-0.008024	0.031578	-0.020092	-0.060547	-1.082764	-0.103760	7.499283	23.984371	40.670300
06479		-4.066339	1.183459	8.927469	-0.002368	0.018236	-0.017494	-0.061279	-1.076904	-0.109863	7.496078	23.996900	40.664211
06480		-4.050967	1.154044	8.900512	-0.006448	0.017820	-0.016620	-0.060547	-1.074463	-0.105713	7.491535	24.004737	40.658305
06481		-4.089868	1.133156	8.942363	-0.001532	0.021286	-0.016127	-0.064453	-1.079834	-0.103271	7.489258	24.018876	40.653312
06482		-4.060178	1.132500	8.871175	-0.006809	0.014360	-0.013588	-0.056152	-1.077637	-0.104980	7.485158	24.024520	40.649007
06483		-4.061944	1.145055	8.946642	-0.003887	0.015685	-0.008944	-0.054199	-1.081299	-0.105957	7.483156	24.034924	40.648018
06484		-4.029364	1.160884	8.927569	-0.008786	0.014728	-0.013657	-0.060547	-1.080322	-0.100830	7.477917	24.040782	40.643699
06485		-4.073335	1.180032	8.899753	-0.010886	0.013943	-0.012716	-0.055664	-1.079102	-0.103516	7.470891	24.050449	40.640216
06486		-4.045975	1.115760	8.894939	-0.013463	0.011055	-0.011953	-0.054932	-1.091797	-0.103516	7.463280	24.054093	40.636657
06487		-4.069971	1.122843	8.892917	-0.012862	0.014310	-0.012784	-0.066406	-1.083496	-0.103760	7.455116	24.063953	40.633156
06488		-4.062787	1.083831	8.938392	-0.012875	0.011799	-0.008565	-0.057129	-1.085205	-0.102783	7.448724	24.067766	40.631763
06489		-4.092035	1.071577	8.908507	-0.013120	0.009492	-0.006546	-0.058105	-1.081543	-0.103760	7.441823	24.074404	40.631744
06490		-4.070057	1.061909	8.909930	-0.003114	0.006296	-0.002989	-0.067139	-1.085205	-0.099854	7.442257	24.074678	40.633373
06491		-4.062094	1.084306	8.913642	0.000599	0.003255	-0.000831	-0.066406	-1.076904	-0.110352	7.444439	24.077332	40.636395
06492		-3.988730	1.077852	8.946393	0.001996	0.004537	0.008141	-0.053711	-1.076904	-0.107666	7.450568	24.075779	40.644807
06493		-4.049132	1.067672	8.986846	0.012174	0.012422	0.010325	-0.060303	-1.088867	-0.108643	7.462503	24.082779	40.655509
06494		-4.007749	1.228675	8.887644	0.012299	0.013575	0.009316	-0.062012	-1.082275	-0.106201	7.475136	24.086270	40.665389
06495		-3.989612	1.217870	8.912480	0.003974	0.025382	0.004275	-0.061035	-1.077881	-0.099609	7.481273	24.101048	40.673383
06496		-4.020112	1.207670	8.881752	0.006204	0.027320	0.002327	-0.062744	-1.083496	-0.098877	7.489100	24.112866	40.680040
06497		-4.028441	1.261627	8.886750	-0.006377	0.027629	-0.000474	-0.061035	-1.078369	-0.103760	7.488199	24.129237	40.685267
06498		-4.030773	1.187357	8.851556	-0.007960	0.033966	-0.007790	-0.062744	-1.075195	-0.105469	7.485563	24.145586	40.686172
06499		-4.079050	1.143737	8.889009	-0.012662	0.027782	-0.001874	-0.064453	-1.079346	-0.107422	7.480735	24.162120	40.690541
06500		-4.079318	1.158958	8.939909	-0.012158	0.032394	-0.005910	-0.059570	-1.083740	-0.099854	7.476119	24.177436	40.692486
06501		-4.082004	1.157555	8.938865	-0.013587	0.026089	-0.006449	-0.053955	-1.073975	-0.110107	7.469541	24.193328	40.693863
06502		-4.104039	1.168172	8.912218	-0.007772	0.023833	-0.005224	-0.055176	-1.070801	-0.102295	7.467326	24.203729	40.695534
06503		-4.099971	1.173220	8.863401	-0.011184	0.017896	-0.005836	-0.064209	-1.081787	-0.094482	7.462011	24.214899	40.696621
06504		-4.087733	1.154351	8.936661	-0.005498	0.014488	-0.003602	-0.056641	-1.080322	-0.106201	7.461201	24.219871	40.698538
06505		-4.055003	1.170413	8.917748	-0.007928	0.015265	-0.008070	-0.062500	-1.083008	-0.101807	7.457099	24.229693	40.698017
06506		-4.014092	1.208720	8.902728	-0.012805	0.019210	-0.004718	-0.060059	-1.080078	-0.101807	7.451975	24.237431	40.699624
06507		-4.044155	1.196269	8.872375	-0.018710	0.022824	-0.009151	-0.058350	-1.080078	-0.100342	7.441684	24.251592	40.699042
06508		-4.032064	1.162880	8.869418	-0.018453	0.025130	-0.011167	-0.060059	-1.076904	-0.104736	7.431870	24.263172	40.697110
06509		-4.085998	1.171793	8.913210	-0.024607	0.026435	-0.013582	-0.060059	-1.073975	-0.104492	7.417196	24.279680	40.694054
06510		-4.074218	1.137889	8.910155	-0.021920	0.027963	-0.011127	-0.048096	-1.079346	-0.105713	7.405497	24.292866	40.692370
06511		-4.068550	1.157875	8.913214	-0.025741	0.029849	-0.012280	-0.058350	-1.076172	-0.102783	7.390621	24.311190	40.690392
06512		-4.113551	1.175561	8.884883	-0.027043	0.024698	-0.013834	-0.056641	-1.085205	-0.107178	7.375179	24.322719	40.686749
06513		-4.093156	1.164131	8.885911	-0.022508	0.024705	-0.010297	-0.056885	-1.084961	-0.103027	7.362498	24.337949	40.685584
06514		-4.083927	1.186941	8.865249	-0.030187	0.021067	-0.016470	-0.055176	-1.085205	-0.103516	7.344453	24.347607	40.679996
06515		-4.069404	1.168445	8.914554	-0.034133	0.021798	-0.016616	-0.058105	-1.075684	-0.110840	7.323400	24.361622	40.674649
06516		-4.107988	1.131426	8.880237	-0.032242	0.022793	-0.019745	-0.058594	-1.080566	-0.106934	7.303386	24.372496	40.667148
06517		-4.101828	1.150354	8.883707	-0.032362	0.021638	-0.018736	-0.057129	-1.074219	-0.099365	7.282797	24.386544	40.660454
06518		-4.097990	1.092900	8.876861	-0.031655	0.023529	-0.016351	-0.058838	-1.080078	-0.105713	7.264011	24.397585	40.655120
06519		-4.091772	1.112032	8.880341	-0.030500	0.020116	-0.017653	-0.058350	-1.079590	-0.108398	7.244713	24.410662	40.648970
06520		-4.080162	1.150615	8.911955	-0.030493	0.020115	-0.017651	-0.051270	-1.084961	-0.109863	7.226140	24.419853	40.642545
06521		-4.110242	1.136525	8.881598	-0.028252	0.022059	-0.019586	-0.055664	-1.086182	-0.100342	7.207695	24.434141	40.635331
06522		-4.045109	1.180382	8.920727	-0.028116	0.023214	-0.020590	-0.055664	-1.081055	-0.102051	7.189820	24.445301	40.627308
06523		-4.087100	1.140546	8.910070	-0.028648	0.029880	-0.020100	-0.053467	-1.075928	-0.106445	7.171277	24.464034	40.620378
06524		-4.098107	1.114437	8.905207	-0.030161	0.024941	-0.023863	-0.050293	-1.075928	-0.104492	7.151431	24.476405	40.610436
06525		-4.123396	1.119447	8.902710	-0.030022	0.026095	-0.024866	-0.051270	-1.077637	-0.114014	7.130742	24.493290	40.600217
06526		-4.131319	1.036254	8.915426	-0.027345	0.027621	-0.022403	-0.058105	-1.083496	-0.107178	7.112966	24.507075	40.591385
06527		-4.148322	1.064185	8.916943	-0.026188	0.024210	-0.023708	-0.059570	-1.073975	-0.111328	7.094697	24.522777	40.581726
06528		-4.113462	1.021127	8.915701	-0.023775	0.023425	-0.019236	-0.054932	-1.074463	-0.100098	7.079643	24.533947	40.574536
06529		-4.149861	1.061725	8.891451	-0.017157	0.024226	-0.016623	-0.055176	-1.077637	-0.106445	7.068367	24.549129	40.569290
06530		-4.129055	1.051050	8.892585	-0.012798	0.015678	-0.015961	-0.054443	-1.080078	-0.102539	7.060198	24.555661	40.563540
06531		-4.130612	1.049219	8.892078	-0.014553	0.015829	-0.013839	-0.064209	-1.077393	-0.106934	7.050855	24.565850	40.559375
06532		-4.115553	1.092683	8.899855	-0.010951	0.014159	-0.014881	-0.058105	-1.077393	-0.106445	7.043975	24.571440	40.554181
06533		-4.139693	1.099897	8.897582	-0.008762	0.013585	-0.012608	-0.052979	-1.081299	-0.110107	7.038193	24.580240	40.550605
06534		-4.121308	1.146829	8.881453	-0.013182	0.012208	-0.012949	-0.059570	-1.077393	-0.103516	7.030472	24.584584	40.546466
06535		-4.111324	1.110728	8.902690	-0.010599	0.015103	-0.013685	-0.056641	-1.074951	-0.113525	7.023418	24.594297	40.542332
06536		-4.124024	1.143927	8.880567	-0.006917	0.012067	-0.011527	-0.054932	-1.080811	-0.104980	7.019651	24.598461	40.539071
06537		-4.113918	1.168129	8.860334	-0.015788	0.013203	-0.019615	-0.064941	-1.077393	-0.106934	7.008032	24.607478	40.531080
06538		-4.143345	1.094529	8.871485	-0.021780	0.015655	-0.023042	-0.054932	-1.077881	-0.110107	6.992863	24.614485	40.520889
06539		-4.125344	1.019663	8.938362	-0.017407	0.014508	-0.018495	-0.058594	-1.072510	-0.107422	6.980664	24.624139	40.513697
06540		-4.169103	1.037854	8.910353	-0.017880	0.012406	-0.018686	-0.047852	-1.073730	-0.103760	6.968756	24.628991	40.505979
06541		-4.144270	1.030533	8.887907	-0.011803	0.008585	-0.012059	-0.058594	-1.078369	-0.104004	6.961242	24.634802	40.502350
06542		-4.162674	1.057107	8.914071	-0.008468	0.004606	-0.011096	-0.056641	-1.076172	-0.107422	6.956456	24.634689	40.498783
06543		-4.120759	1.095983	8.900154	-0.004313	0.003672	-0.008746	-0.053955	-1.072266	-0.108154	6.953934	24.637454	40.496846
06544		-4.169697	1.109157	8.920476	-0.005264	-0.000530	-0.009131	-0.054443	-1.071045	-0.107666	6.951333	24.634283	40.494116
06545		-4.137278	1.109687	8.850506	-0.000513	-0.005601	-0.011483	-0.063477	-1.077393	-0.106689	6.949989	24.631937	40.489760
06546		-4.166126	1.110853	8.896879	-0.008265	-0.003004	-0.012790	-0.057861	-1.072754	-0.107666	6.944637	24.627613	40.484552
06547		-4.148033	1.081918	8.870841	-0.003090	-0.008500	-0.010750	-0.052979	-1.072021	-0.110596	6.941931	24.623548	40.480437
06548		-4.143979	1.024086	8.888788	-0.002412	-0.014007	-0.012253	-0.049316	-1.076172	-0.095947	6.939725	24.612928	40.474729
06549		-4.176892	1.006331	8.907411	0.001612	-0.016096	-0.008902	-0.061768	-1.071289	-0.106689	6.939953	24.604393	40.471188
06550		-4.045242	0.947958	8.966882	0.003716	-0.015299	-0.009828	-0.050293	-1.073975	-0.109863	6.941850	24.592871	40.466899
06551		-4.304377	1.124997	8.808518	0.008632	-0.023108	-0.005785	-0.054199	-1.074707	-0.112793	6.946664	24.580099	40.464762
06552		-4.129549	0.986692	8.937220	0.014680	-0.023030	-0.006560	-0.054932	-1.075195	-0.107422	6.955449	24.563953	40.461926
06553		-4.153502	1.053297	8.918799	0.009062	-0.023534	-0.001390	-0.057129	-1.080322	-0.112793	6.961637	24.550635	40.462501
06554		-4.133457	1.026285	8.893432	0.013689	-0.029761	-0.002741	-0.057617	-1.072754	-0.101318	6.970632	24.530396	40.461534
06555		-4.111074	1.076416	8.878868	0.023507	-0.034085	0.001836	-0.054932	-1.079590	-0.104980	6.985588	24.510832	40.463308
06556		-4.031551	1.014767	8.930932	0.018200	-0.029749	0.000802	-0.059814	-1.080322	-0.109131	6.998083	24.490354	40.464547
06557		-4.151060	1.097281	8.877447	0.020048	-0.031266	0.001881	-0.055664	-1.084229	-0.104492	7.011146	24.472353	40.466547
06558		-4.092331	1.120588	8.938387	0.019238	-0.034314	0.000499	-0.056641	-1.078369	-0.109131	7.024007	24.449300	40.467235
06559		-4.031174	0.997684	8.930057	0.024136	-0.030830	0.001028	-0.049561	-1.082520	-0.100098	7.039211	24.431583	40.468725
06560		-4.100059	1.082719	8.908220	0.022513	-0.029526	0.002149	-0.063477	-1.079346	-0.110352	7.054521	24.411136	40.470799
06561		-4.089369	1.107699	8.913173	0.027754	-0.025096	0.003868	-0.055908	-1.072266	-0.111572	7.072698	24.396444	40.474486
06562		-4.078729	1.132850	8.918062	0.025186	-0.027995	0.004611	-0.053711	-1.077393	-0.101807	7.090217	24.376692	40.478203
06563		-4.019296	1.143701	8.902544	0.022314	-0.029318	-0.000041	-0.056641	-1.077393	-0.106445	7.104139	24.359845	40.479109
06564		-4.067549	1.143339	8.871851	0.018843	-0.026497	0.000002	-0.047363	-1.079834	-0.108643	7.116877	24.341270	40.480053
06565		-4.053782	1.110561	8.894346	0.017561	-0.024245	0.002314	-0.054932	-1.073486	-0.112793	7.128858	24.327104	40.482815
06566		-4.046490	1.131556	8.923187	0.017476	-0.022880	-0.000886	-0.054688	-1.082031	-0.105957	7.140698	24.310649	40.483480
06567		-4.038078	1.079213	8.917548	0.015594	-0.023886	0.002243	-0.057617	-1.080811	-0.109131	7.151550	24.296658	40.486216
06568		-4.047453	1.055031	8.938159	0.018987	-0.017939	0.002877	-0.060059	-1.080078	-0.107910	7.165376	24.282742	40.489607
06569		-4.041126	1.136462	8.924994	0.018084	-0.012219	0.002174	-0.061035	-1.078857	-0.103271	7.178000	24.275352	40.493200
06570		-4.059415	1.089880	8.941222	0.020153	-0.013944	0.005448	-0.060791	-1.076172	-0.104248	7.193279	24.263522	40.498500
06571		-4.024179	1.109084	8.923273	0.020409	-0.011633	0.003438	-0.054199	-1.072754	-0.106201	7.207578	24.256340	40.502919
06572		-4.045863	1.119703	8.921793	0.020630	-0.011842	0.005635	-0.058105	-1.079590	-0.109863	7.223241	24.245689	40.508494
06573		-4.030312	1.090476	8.919691	0.019128	-0.009379	0.005749	-0.056885	-1.080078	-0.113037	7.237470	24.239584	40.514522
06574		-4.063717	1.135428	8.896423	0.019130	-0.009380	0.005750	-0.061035	-1.087158	-0.104736	7.252379	24.230322	40.520357
06575		-4.017216	1.120291	8.900031	0.021327	-0.009948	0.008019	-0.054932	-1.075439	-0.105957	7.268428	24.223698	40.527745
06576		-4.042140	1.127672	8.922477	0.015526	-0.007712	0.006797	-0.058105	-1.082764	-0.103516	7.281591	24.215304	40.534360
06577		-4.033279	1.152187	8.926527	0.020424	-0.004228	0.007311	-0.058838	-1.072510	-0.104980	7.297129	24.211946	40.541754
06578		-4.029642	1.157139	8.902558	0.014964	-0.008453	0.003411	-0.055420	-1.075439	-0.107178	7.309077	24.203375	40.546194
06579		-4.025983	1.161920	8.878619	0.016348	-0.004662	0.008173	-0.061523	-1.072021	-0.107910	7.322494	24.199672	40.554087
06580		-4.028446	1.160111	8.902712	0.009161	-0.006216	0.002189	-0.059570	-1.075439	-0.108887	7.330876	24.192459	40.557941
06581		-4.024989	1.164226	8.878767	0.009979	-0.003166	0.003564	-0.050293	-1.074951	-0.104736	7.339528	24.189911	40.563078
06582		-4.030902	1.158871	8.926736	0.008726	0.001607	0.001663	-0.057861	-1.071289	-0.099854	7.347781	24.187181	40.567230
06583		-4.002142	1.157364	8.880291	0.008255	-0.000496	0.001479	-0.053955	-1.078125	-0.105957	7.355011	24.186271	40.571281
06584		-4.034048	1.157085	8.950520	0.004332	0.002742	-0.002875	-0.059814	-1.081787	-0.111572	7.359626	24.184518	40.572696
06585		-4.048190	1.175511	8.876500	0.005370	0.005586	0.000695	-0.052979	-1.076416	-0.104736	7.365212	24.187086	40.576746
06586		-4.017402	1.189994	8.882042	0.004301	0.000226	0.001335	-0.059082	-1.079346	-0.104736	7.370800	24.183594	40.580580
06587		-4.020639	1.187197	8.905917	0.003047	0.004999	-0.000567	-0.064697	-1.081543	-0.108154	7.374730	24.185893	40.583798
06588		-4.014916	1.133419	8.899407	0.000976	0.006720	-0.003843	-0.054199	-1.082764	-0.101563	7.377307	24.186472	40.584930
06589		-4.010576	1.152787	8.927030	0.000070	0.012441	-0.004555	-0.056396	-1.087646	-0.100586	7.378768	24.193260	40.586263
06590		-4.031427	1.164246	8.900823	-0.002379	0.010699	-0.004811	-0.057129	-1.078125	-0.106445	7.379307	24.196171	40.587113
06591		-4.066445	1.146644	8.918734	-0.002724	0.009751	-0.006001	-0.052734	-1.081055	-0.104492	7.378717	24.201504	40.587326
06592		-4.052814	1.115062	8.916111	-0.000527	0.009184	-0.003731	-0.052246	-1.080811	-0.106934	7.380543	24.203474	40.588727
06593		-4.068240	1.145923	8.918008	-0.004481	0.009905	-0.003877	-0.071045	-1.081299	-0.101318	7.379493	24.208714	40.590272
06594		-4.049360	1.133666	8.943437	-0.002849	0.008596	-0.004994	-0.061279	-1.074219	-0.101807	7.379646	24.210444	40.590839
06595		-3.987984	1.161427	8.954651	-0.000906	0.005720	-0.000711	-0.058350	-1.079590	-0.108887	7.381317	24.213047	40.594015
06596		-4.047713	1.136281	8.918857	-0.002503	0.009544	-0.003804	-0.054932	-1.080811	-0.105469	7.382004	24.215227	40.595401
06597		-4.079592	1.122024	8.912752	-0.000307	0.008977	-0.001534	-0.060547	-1.085693	-0.106201	7.383920	24.219704	40.598324
06598		-4.060675	1.170248	8.896483	-0.001596	0.003824	-0.003092	-0.050781	-1.078369	-0.105957	7.385119	24.218582	40.599691
06599		-4.064153	1.166916	8.920324	-0.000906	0.005720	-0.000711	-0.058350	-1.077881	-0.110352	7.386798	24.221128	40.602863
06600		-4.058354	1.112812	8.913872	-0.003228	0.005132	-0.001975	-0.063232	-1.080566	-0.106934	7.387392	24.220667	40.605031
06601		-4.084615	1.118084	8.935961	0.000726	0.004411	-0.001828	-0.052490	-1.078125	-0.106445	7.389679	24.222527	40.607399
06602		-4.024950	1.129571	8.895363	-0.004299	-0.000227	-0.001337	-0.062012	-1.079590	-0.098877	7.389644	24.218974	40.609532
06603		-4.076547	1.140266	8.939943	0.001414	-0.001102	-0.003314	-0.060791	-1.082275	-0.112305	7.391759	24.217786	40.610524
06604		-4.036195	1.103609	8.915415	0.000345	0.000948	0.001190	-0.060547	-1.074219	-0.106201	7.395070	24.214714	40.614327
06605		-4.078701	1.124016	8.887896	-0.000127	-0.001154	0.001006	-0.047852	-1.082520	-0.108154	7.397400	24.213152	40.618001
06606		-4.065017	1.166315	8.920009	0.003355	-0.003978	0.000969	-0.060059	-1.084717	-0.107422	7.402214	24.207297	40.621266
06607		-4.052970	1.132320	8.941972	0.002974	-0.007441	0.003988	-0.058105	-1.077637	-0.108887	7.406876	24.201923	40.626287
06608		-4.052295	1.132787	8.942218	0.003319	-0.006493	0.005178	-0.063477	-1.073730	-0.108643	7.412660	24.194327	40.631969
06609		-4.032035	1.181577	8.926486	0.002284	-0.009338	0.001607	-0.064209	-1.086182	-0.107666	7.416252	24.188024	40.635347
06610		-4.016845	1.150350	8.924525	-0.003048	-0.004999	0.000565	-0.059082	-1.081299	-0.103760	7.417258	24.181618	40.638276
06611		-4.039096	1.158995	8.923015	0.001343	-0.006133	0.005105	-0.056396	-1.080811	-0.100342	7.421318	24.176845	40.644090
06612		-4.026909	1.124863	8.945055	0.000653	-0.008029	0.002724	-0.056396	-1.085449	-0.100830	7.424893	24.168557	40.648116
06613		-4.037708	1.159669	8.923555	0.005298	-0.006854	0.005251	-0.061279	-1.081787	-0.104736	7.431230	24.163333	40.653957
06614		-4.028654	1.182882	8.927839	0.002723	-0.009751	0.006001	-0.071533	-1.080322	-0.101807	7.436768	24.153823	40.659882
06615		-4.024755	1.186309	8.904176	0.000308	-0.008977	0.001535	-0.057861	-1.085693	-0.102783	7.439235	24.147639	40.663234
06616		-4.083702	1.174599	8.945165	-0.002141	-0.010719	0.001278	-0.062988	-1.079590	-0.107910	7.440749	24.137929	40.666137
06617		-3.991991	1.200444	8.910669	0.002977	-0.007442	0.003988	-0.066406	-1.074463	-0.109131	7.445431	24.132413	40.671140
