// General information: 
//  MT Manager version: 2022.2.0 
//  XDA version: 2022.2.0 build 7381 rev 124627 built on 2023-07-19
// Device information: 
//  DeviceId: 00B4C3A0
//  ProductCode: MTW2-3A7G6
//  Firmware Version: 4.6.0
//  Hardware Version: 2.0.0
// Device settings: 
//  Filter Profile: human(46.1)
//  Option Flags: Orientation Smoother Disabled, Position/Velocity Smoother Disabled, Continuous Zero Rotation Update Disabled, AHS Disabled, ICC Disabled
// Coordinate system: ENU
PacketCounter	SampleTimeFine	Acc_X	Acc_Y	Acc_Z	Gyr_X	Gyr_Y	Gyr_Z	Mag_X	Mag_Y	Mag_Z	Roll	Pitch	Yaw
28750		9.563010	0.325026	-0.952514	-0.010256	-0.012386	0.002291	-0.368652	-0.205566	0.678223	155.430120	-81.930734	-10.108422
28751		9.592388	0.323631	-0.971536	-0.009319	-0.012065	-0.002712	-0.371094	-0.208740	0.672607	155.448157	-81.929047	-10.127816
28752		9.601591	0.304923	-0.922554	-0.009491	-0.016624	-0.000878	-0.377197	-0.198486	0.674072	155.476949	-81.918663	-10.157052
28753		9.575191	0.324220	-0.935712	-0.008672	-0.017310	0.001208	-0.373291	-0.211670	0.679199	155.517930	-81.915510	-10.199137
28754		9.552030	0.361167	-0.978295	-0.004577	-0.016130	0.000269	-0.377441	-0.206543	0.676270	155.552778	-81.905650	-10.231649
28755		9.581379	0.359614	-0.997534	-0.010258	-0.012383	0.002291	-0.372070	-0.200928	0.669189	155.587666	-81.905395	-10.269568
28756		9.567615	0.377539	-0.989444	-0.003059	-0.013897	0.000159	-0.378418	-0.203369	0.676758	155.619148	-81.896668	-10.297802
28757		9.591536	0.323837	-0.979843	0.001941	-0.011125	0.000389	-0.367432	-0.204834	0.677734	155.652890	-81.896632	-10.326033
28758		9.592453	0.307249	-1.010994	0.005829	-0.008622	-0.003915	-0.371582	-0.202148	0.671631	155.665700	-81.889693	-10.330263
28759		9.620826	0.322748	-0.999440	0.010830	-0.005850	-0.003686	-0.374756	-0.202881	0.673340	155.681474	-81.890954	-10.335642
28760		9.626204	0.375337	-1.028462	0.015708	0.000526	-0.007739	-0.379150	-0.197998	0.671387	155.670772	-81.887889	-10.310403
28761		9.592471	0.376188	-0.950948	0.012726	-0.000383	-0.002266	-0.367432	-0.202881	0.669922	155.683160	-81.892966	-10.310459
28762		9.608336	0.392877	-0.959185	0.006397	0.008607	-0.004163	-0.378174	-0.205322	0.680176	155.666828	-81.894964	-10.284923
28763		9.578907	0.394634	-0.940688	0.006227	0.004048	-0.002328	-0.375000	-0.194336	0.679688	155.667936	-81.901961	-10.278305
28764		9.594777	0.411216	-0.948913	-0.000443	0.003921	-0.000557	-0.377930	-0.200684	0.671387	155.668664	-81.902363	-10.273961
28765		9.589400	0.359051	-0.919722	0.000463	0.005514	0.000612	-0.369141	-0.200195	0.661621	155.675479	-81.911110	-10.274647
28766		9.575795	0.376937	-0.910067	0.000906	0.001593	0.001169	-0.380615	-0.199951	0.684814	155.687179	-81.910704	-10.280605
28767		9.590474	0.342176	-0.949466	0.002047	0.000590	-0.000470	-0.372314	-0.205078	0.671143	155.698712	-81.916475	-10.286043
28768		9.590500	0.342086	-0.949232	-0.002198	0.004287	0.002360	-0.361816	-0.193848	0.682129	155.708549	-81.917757	-10.291915
28769		9.590542	0.342012	-0.948834	-0.000443	0.003921	-0.000557	-0.367188	-0.191162	0.677002	155.714128	-81.924593	-10.292687
28770		9.587341	0.324267	-0.919110	0.000906	0.001593	0.001169	-0.375488	-0.202148	0.679688	155.725839	-81.924187	-10.298655
28771		9.562140	0.326741	-0.960627	-0.005971	0.002790	-0.000425	-0.371582	-0.202393	0.669922	155.730615	-81.930808	-10.300905
28772		9.547497	0.361471	-0.920827	-0.001057	0.003283	0.000721	-0.380127	-0.204590	0.676758	155.736752	-81.931179	-10.302379
28773		9.578046	0.343023	-0.968637	0.001198	0.002549	0.003616	-0.368652	-0.206055	0.674805	155.758981	-81.938969	-10.320054
28774		9.564431	0.360691	-0.959182	-0.001755	0.000366	0.002917	-0.366699	-0.211670	0.675049	155.777664	-81.938333	-10.334603
28775		9.564445	0.360429	-0.959141	-0.001755	0.000366	0.002917	-0.371826	-0.197754	0.680420	155.799588	-81.944157	-10.355156
28776		9.573822	0.341032	-0.908965	-0.005115	-0.003779	0.006860	-0.375732	-0.206787	0.667480	155.837783	-81.942278	-10.391356
28777		9.574818	0.323798	-0.939669	-0.008974	-0.007555	0.004992	-0.371338	-0.195801	0.672852	155.876647	-81.944919	-10.431399
28778		9.602198	0.355377	-0.897850	-0.004879	-0.006375	0.004052	-0.369629	-0.209229	0.672363	155.908878	-81.941018	-10.461439
28779		9.575733	0.306415	-0.971161	-0.013890	-0.008046	0.003846	-0.380615	-0.212158	0.671387	155.941801	-81.942879	-10.498561
28780		9.548394	0.342119	-0.953297	-0.009881	-0.009146	0.003823	-0.369629	-0.202637	0.682373	155.974844	-81.937470	-10.532316
28781		9.588194	0.304604	-0.952014	-0.007919	-0.010836	0.004269	-0.374756	-0.209229	0.678711	156.016400	-81.938297	-10.575435
28782		9.565097	0.341164	-0.993856	-0.007541	-0.007601	0.005800	-0.377197	-0.199219	0.682129	156.055482	-81.934150	-10.613937
28783		9.590291	0.338306	-0.952692	-0.008276	-0.004635	0.002797	-0.377197	-0.207031	0.675537	156.081814	-81.937920	-10.640860
28784		9.593497	0.355822	-0.982397	-0.009332	-0.001351	0.003520	-0.372803	-0.195068	0.680420	156.101174	-81.936512	-10.660478
28785		9.577639	0.339056	-0.974051	-0.003361	-0.004144	0.003942	-0.377441	-0.203125	0.675049	156.134224	-81.940711	-10.690767
28786		9.607113	0.337289	-0.992038	-0.001669	0.002645	0.002001	-0.378174	-0.200684	0.681396	156.145812	-81.941043	-10.698102
28787		9.561822	0.322282	-0.965290	0.000086	0.002279	-0.000916	-0.371338	-0.201660	0.676270	156.152005	-81.947644	-10.699396
28788		9.592540	0.371813	-0.951975	-0.002810	0.003649	0.003640	-0.373779	-0.194336	0.675293	156.167378	-81.948881	-10.711214
28789		9.576724	0.354993	-0.943219	-0.002369	-0.000272	0.004195	-0.371826	-0.200928	0.678467	156.196230	-81.954947	-10.736258
28790		9.550481	0.373864	-0.954863	-0.003889	-0.002502	0.004304	-0.372314	-0.195801	0.677979	156.223518	-81.953112	-10.760733
28791		9.574491	0.319826	-0.944342	-0.007371	-0.003041	0.003966	-0.374023	-0.195557	0.675537	156.253296	-81.957627	-10.789622
28792		9.535610	0.340100	-0.976958	-0.006757	-0.002403	0.002688	-0.376221	-0.194824	0.672607	156.272779	-81.955468	-10.807875
28793		9.592333	0.302638	-1.013522	-0.007406	0.002843	-0.001230	-0.374268	-0.200928	0.676514	156.273559	-81.962043	-10.806999
28794		9.602983	0.334742	-0.931925	-0.004244	0.003699	0.002833	-0.374268	-0.201172	0.681396	156.285073	-81.963118	-10.815748
28795		9.603049	0.334660	-0.931272	-0.009516	0.009410	0.000217	-0.371582	-0.200439	0.677490	156.278954	-81.973405	-10.810180
28796		9.631607	0.349826	-0.918060	-0.006648	0.009311	0.001833	-0.367188	-0.190186	0.681885	156.276206	-81.977193	-10.805918
28797		9.607685	0.403298	-0.927947	-0.007876	0.008036	0.004388	-0.372314	-0.209717	0.678711	156.289890	-81.987404	-10.818302
28798		9.625668	0.386055	-0.995963	-0.010366	0.011370	0.004304	-0.377197	-0.205811	0.679688	156.290853	-81.992841	-10.819937
28799		9.593084	0.369266	-0.947477	-0.009254	0.011637	0.008836	-0.370850	-0.201904	0.663818	156.312671	-82.006274	-10.843832
28800		9.552147	0.354807	-0.979488	-0.006885	0.011910	0.004642	-0.368164	-0.196777	0.677246	156.316029	-82.012072	-10.845871
28801		9.564900	0.353096	-0.957323	-0.009989	0.014607	0.005835	-0.373291	-0.200684	0.678955	156.322438	-82.026016	-10.853460
28802		9.561764	0.335108	-0.926764	-0.013614	0.008240	0.001153	-0.373047	-0.198975	0.666992	156.314906	-82.029085	-10.848397
28803		9.552507	0.354056	-0.976238	-0.009313	0.008089	0.003578	-0.382568	-0.208496	0.677734	156.323718	-82.039290	-10.857889
28804		9.565171	0.352536	-0.954824	-0.009778	0.002576	0.002960	-0.373535	-0.198975	0.678467	156.334482	-82.039803	-10.869081
28805		9.542229	0.389439	-0.995620	-0.006674	-0.000121	0.001768	-0.379395	-0.200928	0.679932	156.350978	-82.045544	-10.885188
28806		9.578810	0.334313	-0.964118	-0.008195	-0.002351	0.001874	-0.375244	-0.198975	0.674316	156.366676	-82.043222	-10.900446
28807		9.564164	0.368775	-0.924590	-0.007816	0.000883	0.003407	-0.372070	-0.202393	0.679688	156.387467	-82.049787	-10.920857
28808		9.551356	0.302118	-1.006916	-0.005705	-0.005685	0.001958	-0.367676	-0.201172	0.679199	156.410377	-82.045731	-10.941957
28809		9.578766	0.333888	-0.964701	-0.007580	-0.001712	0.000597	-0.376953	-0.201904	0.680176	156.425575	-82.049867	-10.957035
28810		9.550280	0.318768	-0.977219	-0.005004	-0.002766	-0.000234	-0.367188	-0.195313	0.680664	156.435846	-82.046841	-10.964966
28811		9.594585	0.350378	-0.973686	-0.010244	-0.002937	0.002342	-0.366943	-0.197266	0.682617	156.458239	-82.050841	-10.988126
28812		9.610437	0.366654	-0.982424	-0.011387	-0.001933	0.003981	-0.371338	-0.196045	0.672852	156.479333	-82.049216	-11.010678
28813		9.624045	0.348383	-0.992014	-0.009425	-0.003626	0.004427	-0.372314	-0.204102	0.673828	156.511490	-82.053152	-11.043073
28814		9.552450	0.352347	-0.977415	-0.011474	-0.004212	0.004895	-0.373779	-0.196289	0.675781	156.539695	-82.050534	-11.072856
28815		9.566037	0.334050	-0.987198	-0.008898	-0.005267	0.004064	-0.368652	-0.204834	0.676758	156.572809	-82.053708	-11.106661
28816		9.564981	0.350361	-0.957522	-0.006936	-0.006960	0.004509	-0.371582	-0.197021	0.674316	156.606619	-82.049553	-11.139479
28817		9.551087	0.300525	-1.009939	-0.011972	-0.003835	-0.000915	-0.375000	-0.195068	0.680176	156.617096	-82.052183	-11.152386
28818		9.552271	0.351427	-0.979491	-0.007638	-0.009878	0.006699	-0.373047	-0.202148	0.682617	156.663464	-82.046986	-11.198290
28819		9.539597	0.352342	-1.001127	-0.008371	-0.006908	0.003700	-0.372314	-0.197998	0.677246	156.698474	-82.049245	-11.233045
28820		9.553134	0.334135	-1.011294	-0.007317	-0.010191	0.002974	-0.369385	-0.203369	0.672607	156.731433	-82.043032	-11.265224
28821		9.565665	0.332632	-0.991274	-0.007230	-0.007911	0.002060	-0.372070	-0.197510	0.677979	156.762432	-82.044192	-11.296088
28822		9.552986	0.333876	-1.012781	-0.009192	-0.006216	0.001615	-0.373291	-0.192627	0.672607	156.782716	-82.039760	-11.316553
28823		9.565538	0.332709	-0.992472	-0.008256	-0.005891	-0.003386	-0.376221	-0.200928	0.665527	156.789644	-82.040821	-11.322584
28824		9.597223	0.365773	-1.009917	-0.006763	-0.002398	0.002682	-0.372070	-0.207031	0.684326	156.809154	-82.038639	-11.340862
28825		9.582321	0.332685	-1.031893	-0.011975	-0.003831	-0.000914	-0.373047	-0.203613	0.683594	156.819200	-82.041409	-11.353866
28826		9.608778	0.381081	-0.959524	-0.007758	-0.006268	0.002423	-0.370361	-0.202881	0.676270	156.843391	-82.037130	-11.377447
28827		9.609711	0.364458	-0.990308	-0.010013	-0.005524	-0.000470	-0.364990	-0.196777	0.676758	156.859336	-82.038985	-11.394925
28828		9.583435	0.383841	-1.002209	-0.011155	-0.004521	0.001170	-0.378906	-0.198486	0.678711	156.874027	-82.035342	-11.410879
28829		9.622245	0.363070	-0.970326	-0.010335	-0.005211	0.003255	-0.380859	-0.203857	0.677002	156.903619	-82.038176	-11.441363
28830		9.580122	0.365767	-0.973619	-0.013733	-0.003464	0.002003	-0.370850	-0.197754	0.672852	156.918252	-82.035275	-11.458751
28831		9.568441	0.350529	-1.025086	-0.014641	-0.005052	0.000830	-0.366943	-0.201172	0.677490	156.935449	-82.037809	-11.479848
28832		9.590445	0.330053	-0.954039	-0.012036	0.003326	0.000075	-0.375732	-0.205322	0.674561	156.932886	-82.038054	-11.478891
28833		9.564215	0.349437	-0.965474	-0.009107	-0.003933	0.000701	-0.369385	-0.196289	0.671387	156.951178	-82.040923	-11.498388
28834		9.590440	0.330168	-0.954052	-0.014086	0.002741	0.000543	-0.373779	-0.206543	0.675049	156.950146	-82.040964	-11.500162
28835		9.551591	0.350942	-0.986274	-0.011070	-0.002237	0.000257	-0.371826	-0.202881	0.682617	156.962979	-82.044608	-11.515053
28836		9.564209	0.349555	-0.965493	-0.014789	-0.000178	0.002731	-0.372559	-0.205078	0.679199	156.974480	-82.043601	-11.529889
28837		9.593700	0.347943	-0.983236	-0.015844	0.003106	0.003461	-0.366943	-0.201904	0.680176	156.988115	-82.050828	-11.548411
28838		9.567507	0.367216	-0.994357	-0.016138	0.002158	0.001011	-0.372803	-0.208252	0.675537	156.988612	-82.050667	-11.552917
28839		9.609622	0.364276	-0.991240	-0.015933	0.000827	0.004371	-0.368652	-0.192383	0.676758	157.009356	-82.056757	-11.579053
28840		9.551692	0.350528	-0.985446	-0.016139	0.002160	0.001011	-0.371338	-0.203857	0.677979	157.009852	-82.056596	-11.583557
28841		9.607419	0.329692	-0.991627	-0.013796	0.003694	0.002992	-0.367676	-0.201172	0.678711	157.022438	-82.063860	-11.598922
28842		9.581249	0.348854	-1.002591	-0.016374	0.004752	0.003825	-0.370605	-0.205322	0.671875	157.029297	-82.065696	-11.609986
28843		9.575784	0.296376	-0.973774	-0.011219	0.002639	0.002159	-0.367432	-0.203857	0.678223	157.041666	-82.072161	-11.624705
28844		9.582301	0.332023	-1.032295	-0.011307	0.000358	0.003069	-0.377441	-0.197998	0.673584	157.055625	-82.071509	-11.640007
28845		9.590717	0.329131	-0.951625	-0.011219	0.002640	0.002159	-0.378906	-0.204590	0.673584	157.067997	-82.078100	-11.654165
28846		9.568771	0.349692	-1.022285	-0.008261	0.004813	0.002865	-0.370117	-0.196777	0.676514	157.075797	-82.079752	-11.661486
28847		9.595041	0.330121	-1.010467	-0.006298	0.003117	0.003308	-0.373291	-0.201416	0.676514	157.094500	-82.086916	-11.679127
28848		9.553004	0.332812	-1.012957	-0.007646	0.005453	0.001590	-0.376465	-0.201660	0.673096	157.096795	-82.088622	-11.680535
28849		9.537185	0.316257	-1.004003	-0.007119	0.003811	0.001224	-0.368896	-0.197021	0.678711	157.105982	-82.095677	-11.689209
28850		9.578313	0.329915	-0.970553	-0.006064	0.000527	0.000492	-0.373535	-0.202881	0.683594	157.112918	-82.094538	-11.694389
28851		9.565726	0.331374	-0.991113	-0.012568	0.004978	0.000440	-0.372314	-0.202881	0.678467	157.114600	-82.101878	-11.698136
28852		9.583920	0.382393	-0.998111	-0.012569	0.004979	0.000440	-0.371582	-0.201904	0.671631	157.110466	-82.103077	-11.695901
28853		9.597564	0.364448	-1.007147	-0.011222	0.002642	0.002157	-0.366455	-0.198975	0.678223	157.122931	-82.109552	-11.710484
28854		9.597614	0.364254	-1.006747	-0.014943	0.004703	0.004631	-0.366699	-0.193604	0.679688	157.133849	-82.111539	-11.724819
28855		9.595701	0.396880	-0.945663	-0.014123	0.004009	0.006715	-0.373779	-0.205078	0.682373	157.160581	-82.119498	-11.754291
28856		9.597766	0.363343	-1.005619	-0.019193	0.008407	0.007472	-0.369873	-0.200928	0.676758	157.173983	-82.124071	-11.773591
28857		9.594573	0.345047	-0.975706	-0.017904	0.002535	0.003921	-0.363770	-0.194336	0.670654	157.189671	-82.130857	-11.795179
28858		9.565132	0.346163	-0.957541	-0.019137	0.001256	0.006471	-0.368164	-0.203613	0.680664	157.210810	-82.131430	-11.822257
28859		9.566161	0.329215	-0.987628	-0.013599	0.002369	0.006347	-0.374023	-0.203125	0.677979	157.239043	-82.138363	-11.853598
28860		9.578814	0.327353	-0.966470	-0.012983	0.003010	0.005072	-0.370361	-0.206299	0.668701	157.255573	-82.139549	-11.872463
28861		9.579858	0.310449	-0.996387	-0.012075	0.004597	0.006248	-0.374512	-0.194824	0.679443	157.280127	-82.147888	-11.900219
28862		9.577933	0.343140	-0.935296	-0.015240	0.003764	0.002179	-0.364258	-0.197754	0.679199	157.283096	-82.148831	-11.906699
28863		9.578964	0.326690	-0.965200	-0.018112	0.003878	0.000561	-0.378174	-0.195313	0.682861	157.284267	-82.155401	-11.912532
28864		9.569659	0.345888	-1.015245	-0.017267	-0.002720	0.007816	-0.370850	-0.198975	0.676025	157.318113	-82.154163	-11.951353
28865		9.568694	0.362033	-0.984794	-0.023361	0.003716	0.003133	-0.374268	-0.197998	0.675781	157.326123	-82.161416	-11.967138
28866		9.599178	0.344054	-1.032935	-0.018381	-0.002966	0.003281	-0.383057	-0.204102	0.676025	157.342332	-82.159043	-11.988799
28867		9.581348	0.360233	-0.963566	-0.021545	0.006889	0.005487	-0.367676	-0.198730	0.687988	157.354917	-82.168632	-12.008939
28868		9.637096	0.339240	-0.969471	-0.019259	0.004887	0.002202	-0.363281	-0.203369	0.676270	157.353900	-82.170172	-12.013719
28869		9.578186	0.342040	-0.933108	-0.019260	0.004888	0.002202	-0.371094	-0.203613	0.678711	157.359270	-82.177434	-12.025272
28870		9.626894	0.375022	-0.988301	-0.017913	0.002548	0.003917	-0.366211	-0.197266	0.677002	157.369385	-82.178116	-12.040510
28871		9.596161	0.325235	-1.001380	-0.018149	0.005136	0.006736	-0.369141	-0.199219	0.687988	157.392253	-82.186601	-12.069079
28872		9.570044	0.344397	-1.012121	-0.019789	0.006534	0.002569	-0.373779	-0.203125	0.677002	157.389722	-82.189094	-12.072638
28873		9.554205	0.327607	-1.003287	-0.009591	0.001258	0.006320	-0.374268	-0.208008	0.684326	157.422086	-82.195557	-12.105646
28874		9.540682	0.345165	-0.993248	-0.013340	0.009227	0.003628	-0.364990	-0.194336	0.681152	157.423029	-82.199707	-12.108981
28875		9.594162	0.289830	-0.999856	-0.008000	0.011674	0.000152	-0.367432	-0.202393	0.676270	157.415905	-82.210225	-12.101250
28876		9.573695	0.361688	-1.038352	-0.006654	0.009333	0.001866	-0.365967	-0.206299	0.674561	157.413699	-82.214043	-12.097541
28877		9.570472	0.343629	-1.008326	-0.007035	0.006106	0.000319	-0.365234	-0.211670	0.674805	157.416649	-82.221477	-12.100473
28878		9.585412	0.376516	-0.985945	-0.005161	0.002121	0.001665	-0.369629	-0.204102	0.670410	157.426131	-82.221435	-12.107697
28879		9.557953	0.345151	-1.028514	-0.007417	0.002880	-0.001228	-0.366455	-0.199219	0.677490	157.427842	-82.226828	-12.110361
28880		9.540062	0.361437	-0.959235	-0.005251	-0.000163	0.002569	-0.374512	-0.206787	0.669922	157.444460	-82.225777	-12.124839
28881		9.543375	0.379314	-0.988521	-0.000617	-0.000641	0.001273	-0.367920	-0.198975	0.682861	157.465483	-82.229955	-12.141981
28882		9.554624	0.326911	-0.999510	0.001493	-0.007212	-0.000202	-0.372559	-0.201416	0.677002	157.486552	-82.224563	-12.157051
28883		9.572767	0.377803	-1.007418	0.002402	-0.005628	0.000976	-0.370850	-0.193359	0.673340	157.516369	-82.226034	-12.180512
28884		9.586288	0.359961	-1.017565	0.003254	-0.007573	-0.003118	-0.378906	-0.199951	0.679199	157.527683	-82.219811	-12.184719
28885		9.611407	0.357182	-0.976399	0.004252	-0.003705	-0.002844	-0.366455	-0.198730	0.681152	157.540453	-82.221594	-12.189348
28886		9.624955	0.339510	-0.986250	0.006305	-0.003123	-0.003308	-0.364502	-0.198486	0.677246	157.545633	-82.217685	-12.185600
28887		9.585130	0.377142	-0.988443	0.002816	-0.003646	-0.003653	-0.381592	-0.203857	0.672363	157.554773	-82.218963	-12.187914
28888		9.611268	0.357942	-0.977495	0.011758	-0.004300	-0.002522	-0.365723	-0.200684	0.676514	157.567998	-82.214603	-12.189132
28889		9.597657	0.375913	-0.968153	0.007595	0.001689	-0.000583	-0.372559	-0.199951	0.677979	157.582575	-82.219664	-12.194892
28890		9.597670	0.376103	-0.967950	0.005956	0.003088	-0.004749	-0.375488	-0.201416	0.679688	157.572020	-82.218730	-12.175464
28891		9.611287	0.358582	-0.977070	0.007481	0.005313	-0.004845	-0.370117	-0.194092	0.682617	157.564256	-82.224791	-12.158256
28892		9.587410	0.412681	-0.987110	0.006686	0.000105	-0.001761	-0.374268	-0.200928	0.674805	157.570473	-82.222930	-12.155333
28893		9.572530	0.379877	-1.008886	0.006248	0.004032	-0.002298	-0.369141	-0.206055	0.679443	157.574073	-82.228767	-12.149828
28894		9.556673	0.363526	-1.000079	0.000178	0.004567	-0.001810	-0.373535	-0.202881	0.673340	157.569220	-82.229259	-12.139496
28895		9.555698	0.380074	-0.969396	0.000089	0.002284	-0.000905	-0.370117	-0.204346	0.675537	157.577246	-82.234425	-12.143449
28896		9.527227	0.365077	-0.981699	0.005542	0.001107	-0.000119	-0.374023	-0.199951	0.678955	157.587573	-82.233454	-12.145337
28897		9.582931	0.344059	-0.988068	0.001200	0.002528	0.003629	-0.363770	-0.205566	0.674561	157.613497	-82.239745	-12.166234
28898		9.569364	0.361853	-0.978324	0.002142	0.002866	-0.001369	-0.364258	-0.202881	0.681152	157.614195	-82.239433	-12.160370
28899		9.567080	0.327700	-0.979191	0.008536	0.002028	-0.005582	-0.370605	-0.202148	0.676514	157.609643	-82.243142	-12.146844
28900		9.596564	0.326703	-0.997032	0.008447	-0.000255	-0.004676	-0.377686	-0.205566	0.682129	157.606096	-82.240455	-12.133049
28901		9.570363	0.346508	-1.008376	0.006483	0.001446	-0.005118	-0.374756	-0.198242	0.681396	157.602610	-82.244320	-12.121389
28902		9.582960	0.345279	-0.987357	0.008210	0.002332	-0.001857	-0.370117	-0.204834	0.680420	157.605744	-82.243619	-12.114474
28903		9.612462	0.344044	-1.005108	0.009355	0.001331	-0.003499	-0.367188	-0.204834	0.682129	157.610539	-82.247694	-12.109087
28904		9.570389	0.346849	-1.008006	0.011284	0.000879	0.003120	-0.365234	-0.200439	0.674072	157.637125	-82.247308	-12.124065
28905		9.572703	0.381248	-1.006726	0.003375	0.004148	-0.003918	-0.371094	-0.196777	0.677246	157.632573	-82.252527	-12.113237
28906		9.586329	0.363395	-1.015957	0.010465	0.001577	0.001036	-0.362061	-0.196533	0.680664	157.649465	-82.252057	-12.118904
28907		9.583026	0.345378	-0.986679	0.009265	-0.000952	-0.002593	-0.373535	-0.200684	0.679688	157.661751	-82.254846	-12.120571
28908		9.556823	0.364804	-0.998173	0.007504	-0.000591	0.000323	-0.371094	-0.203857	0.682129	157.677638	-82.253071	-12.126935
28909		9.567120	0.328743	-0.978449	0.008940	-0.000648	0.001132	-0.372803	-0.193848	0.679688	157.703322	-82.257047	-12.143117
28910		9.554520	0.330093	-0.999456	0.010084	-0.001649	-0.000509	-0.366699	-0.200684	0.678223	157.719127	-82.254529	-12.147907
28911		9.584005	0.328713	-1.017428	0.008737	0.000691	-0.002225	-0.370361	-0.208008	0.675293	157.729709	-82.258348	-12.148270
28912		9.583999	0.328714	-1.017485	0.013571	-0.001122	-0.000164	-0.362061	-0.202637	0.673340	157.748009	-82.256185	-12.153562
28913		9.560102	0.382652	-1.027728	0.003374	0.004148	-0.003920	-0.371582	-0.200439	0.684814	157.743270	-82.261324	-12.143365
28914		9.573718	0.365003	-1.036980	0.007301	0.000749	-0.003035	-0.371094	-0.199951	0.680908	157.743789	-82.259529	-12.134339
28915		9.586326	0.363790	-1.015842	0.000794	0.005207	-0.003088	-0.371338	-0.194336	0.678223	157.739082	-82.265603	-12.124217
28916		9.586375	0.364110	-1.015261	-0.001170	0.006907	-0.003531	-0.372070	-0.194092	0.683105	157.722965	-82.266966	-12.103300
28917		9.576129	0.400139	-1.034519	-0.001584	0.004928	0.001101	-0.373779	-0.197021	0.675781	157.733789	-82.273760	-12.109271
28918		9.572866	0.382184	-1.004816	-0.003927	0.003399	-0.000885	-0.365234	-0.203857	0.684814	157.732025	-82.273838	-12.104433
28919		9.571870	0.398744	-0.974190	-0.008031	0.002232	0.000044	-0.375244	-0.205322	0.680176	157.739239	-82.278887	-12.111710
28920		9.572960	0.382228	-1.003911	-0.011288	0.009806	0.003154	-0.369141	-0.192627	0.685303	157.738795	-82.283238	-12.112460
28921		9.568468	0.313241	-1.005319	-0.007124	0.003818	0.001220	-0.369385	-0.203613	0.675293	157.748512	-82.289463	-12.121285
28922		9.569756	0.364293	-0.973577	-0.010286	0.002988	-0.002851	-0.367432	-0.194580	0.676758	157.736058	-82.288896	-12.109336
28923		9.580077	0.328568	-0.953446	-0.012665	0.002709	0.001338	-0.372803	-0.200195	0.682617	157.744945	-82.294369	-12.120971
28924		9.583432	0.346548	-0.982324	-0.011141	0.004935	0.001242	-0.372559	-0.192627	0.682129	157.744908	-82.295723	-12.122047
28925		9.542408	0.332980	-1.015391	-0.008121	-0.000050	0.000949	-0.372559	-0.195801	0.680176	157.759251	-82.299806	-12.135651
28926		9.614005	0.328726	-1.030148	-0.008033	0.002234	0.000043	-0.373779	-0.200928	0.683838	157.760630	-82.299467	-12.136358
28927		9.586830	0.364728	-1.010741	-0.007855	0.006802	-0.001770	-0.370605	-0.192627	0.676758	157.753405	-82.306590	-12.128409
28928		9.600508	0.346829	-1.019560	-0.000677	0.006514	0.002281	-0.367432	-0.196533	0.681885	157.760914	-82.309007	-12.131048
28929		9.574421	0.366274	-1.030014	-0.006771	0.012956	-0.002404	-0.376709	-0.198730	0.673828	157.742161	-82.319064	-12.110413
28930		9.588152	0.348475	-1.038346	-0.002553	0.010499	0.000932	-0.369873	-0.204834	0.678955	157.736877	-82.323301	-12.101228
28931		9.587218	0.364936	-1.006972	-0.005425	0.010615	-0.000689	-0.366211	-0.198486	0.676025	157.728930	-82.332612	-12.092060
28932		9.583990	0.346937	-0.976722	-0.006659	0.009333	0.001858	-0.371826	-0.198486	0.682617	157.726801	-82.336431	-12.088433
28933		9.541998	0.349771	-0.978895	-0.007566	0.007748	0.000680	-0.370117	-0.197266	0.678711	157.727942	-82.344356	-12.089051
28934		9.557965	0.366244	-0.986652	-0.009708	0.004881	0.002049	-0.371826	-0.194580	0.685303	157.732007	-82.345856	-12.093437
28935		9.571639	0.348299	-0.995568	-0.007038	0.006106	0.000312	-0.378418	-0.195801	0.674316	157.734650	-82.352883	-12.094621
28936		9.570670	0.364437	-0.964490	-0.009658	0.008413	0.007320	-0.372070	-0.188721	0.675049	157.753866	-82.357399	-12.114265
28937		9.567419	0.345856	-0.934522	-0.006548	0.005710	0.006121	-0.368896	-0.194824	0.677734	157.780228	-82.365549	-12.138691
28938		9.583203	0.294823	-1.004228	-0.007127	0.003822	0.001218	-0.367920	-0.204346	0.685303	157.784217	-82.366307	-12.141508
28939		9.582189	0.311145	-0.973489	-0.005692	0.003764	0.002028	-0.368652	-0.196289	0.675293	157.798275	-82.372341	-12.154228
28940		9.573024	0.330587	-1.023223	-0.005074	0.004406	0.000755	-0.371826	-0.199463	0.674561	157.800670	-82.373308	-12.154250
28941		9.589001	0.347080	-1.030952	-0.002026	0.008859	0.000566	-0.369629	-0.202148	0.684082	157.802697	-82.381731	-12.152687
28942		9.585741	0.329128	-1.000802	-0.002844	0.009559	-0.001518	-0.367676	-0.203125	0.676514	157.789010	-82.384940	-12.135193
28943		9.613217	0.360581	-0.957147	-0.002115	0.006574	0.001471	-0.375244	-0.199951	0.677002	157.798282	-82.392312	-12.141645
28944		9.601811	0.345640	-1.007627	-0.011585	0.008871	0.000698	-0.364990	-0.198975	0.680664	157.789478	-82.395636	-12.134133
28945		9.603128	0.396446	-0.975252	-0.006662	0.009337	0.001858	-0.373291	-0.204346	0.673828	157.793185	-82.404570	-12.137048
28946		9.557793	0.380851	-0.948201	-0.008845	0.007715	0.009402	-0.377197	-0.201172	0.679688	157.822459	-82.409164	-12.166367
28947		9.562347	0.381734	-1.006978	-0.014298	0.008894	0.008608	-0.377197	-0.201416	0.665039	157.849074	-82.419470	-12.197373
28948		9.544253	0.330091	-0.998861	-0.016352	0.008312	0.009070	-0.374023	-0.190674	0.673584	157.871842	-82.424307	-12.224467
28949		9.562583	0.380329	-1.005264	-0.018407	0.007731	0.009530	-0.362793	-0.192139	0.679443	157.901871	-82.434119	-12.260399
28950		9.572923	0.343660	-0.984775	-0.017879	0.006089	0.009162	-0.366699	-0.201660	0.682129	157.927826	-82.437791	-12.291590
28951		9.546873	0.362398	-0.995436	-0.016355	0.008316	0.009069	-0.369141	-0.193359	0.683838	157.956985	-82.447483	-12.325344
28952		9.560579	0.343998	-1.004206	-0.021040	0.005268	0.005085	-0.374268	-0.198975	0.678223	157.966205	-82.449839	-12.341478
28953		9.574267	0.325942	-1.013034	-0.017749	0.007134	0.002079	-0.371826	-0.190918	0.680176	157.968234	-82.457611	-12.348323
28954		9.563014	0.378177	-1.001966	-0.019455	0.000337	0.003978	-0.371582	-0.192871	0.685303	157.981945	-82.457110	-12.368071
28955		9.589240	0.358373	-0.989932	-0.023777	0.011206	0.007831	-0.373535	-0.196533	0.675537	157.997166	-82.468253	-12.390825
28956		9.605291	0.374470	-0.997225	-0.022102	0.008562	0.005821	-0.363281	-0.200928	0.677979	158.003446	-82.472516	-12.404607
28957		9.561004	0.342722	-1.000594	-0.027029	0.008103	0.004656	-0.376221	-0.193848	0.679932	158.009035	-82.481182	-12.421170
28958		9.577039	0.359152	-1.007947	-0.030430	0.009872	0.003401	-0.366943	-0.196289	0.670166	157.998694	-82.485621	-12.423000
28959		9.614744	0.354331	-0.944046	-0.030055	0.013103	0.004950	-0.371582	-0.197266	0.672363	157.995552	-82.497072	-12.431789
28960		9.544333	0.342240	-0.958581	-0.027851	0.008815	0.002569	-0.368408	-0.195313	0.678223	157.985057	-82.500771	-12.431972
28961		9.573976	0.340590	-0.975556	-0.025404	0.006705	0.008819	-0.370850	-0.202148	0.675049	158.010705	-82.509584	-12.467328
28962		9.558122	0.323630	-0.966592	-0.018997	0.005864	0.004619	-0.365723	-0.200195	0.677002	158.018393	-82.512156	-12.480734
28963		9.587761	0.322030	-0.983609	-0.021492	0.009217	0.004546	-0.374756	-0.204102	0.673828	158.024945	-82.521326	-12.495445
28964		9.583342	0.319845	-0.923125	-0.014601	0.007967	0.006155	-0.369873	-0.205566	0.683350	158.037963	-82.525343	-12.511686
28965		9.551628	0.376936	-1.013124	-0.011775	0.004320	0.002502	-0.376953	-0.203125	0.676514	158.049613	-82.531607	-12.526319
28966		9.572047	0.304761	-0.973346	-0.009719	0.004900	0.002043	-0.370361	-0.195557	0.669678	158.053801	-82.533114	-12.530833
28967		9.551733	0.376804	-1.012188	-0.008570	0.003899	0.000402	-0.369629	-0.196289	0.672119	158.059488	-82.538685	-12.536809
28968		9.565398	0.358810	-1.021248	-0.004793	0.005356	0.003211	-0.378418	-0.199707	0.678223	158.070499	-82.540684	-12.545358
28969		9.580297	0.391471	-0.998623	-0.007135	0.003837	0.001215	-0.376465	-0.201660	0.681641	158.080454	-82.546389	-12.554447
28970		9.551889	0.376527	-1.010818	-0.003024	0.004997	0.000299	-0.378418	-0.196289	0.681641	158.081247	-82.547574	-12.551667
28971		9.590568	0.355398	-0.978074	-0.005079	0.004417	0.000756	-0.366699	-0.196289	0.675781	158.089454	-82.553606	-12.557579
28972		9.592948	0.389858	-0.976336	-0.004459	0.005060	-0.000514	-0.379150	-0.200928	0.688232	158.086013	-82.554651	-12.551360
28973		9.562211	0.340514	-0.989756	-0.001588	0.004935	0.001112	-0.381836	-0.200928	0.675293	158.097008	-82.560864	-12.558121
28974		9.604331	0.337619	-0.986096	-0.001784	0.006284	-0.002243	-0.365967	-0.196533	0.673096	158.086055	-82.562189	-12.542780
28975		9.574816	0.339226	-0.967756	0.000802	0.005219	-0.003071	-0.382568	-0.205811	0.675293	158.080756	-82.567633	-12.532137
28976		9.562360	0.340792	-0.988216	0.000663	0.004166	0.004008	-0.374512	-0.198242	0.680420	158.100135	-82.569169	-12.545973
28977		9.574904	0.338735	-0.967059	0.006649	0.001331	0.004436	-0.370605	-0.197510	0.678955	158.134922	-82.574299	-12.572684
28978		9.574945	0.338399	-0.966773	-0.000153	0.004872	0.001924	-0.371094	-0.195557	0.671875	158.144198	-82.575765	-12.576802
28979		9.573855	0.354572	-0.936144	0.006077	-0.000548	-0.000472	-0.375488	-0.199463	0.674805	158.162160	-82.578557	-12.586232
28980		9.574978	0.338199	-0.966519	0.004397	0.002100	0.001539	-0.369141	-0.197998	0.684814	158.177013	-82.578466	-12.593344
28981		9.577338	0.372479	-0.965065	0.002962	0.002163	0.000726	-0.368652	-0.198730	0.672363	158.193565	-82.583009	-12.603331
28982		9.578458	0.356240	-0.995423	0.003206	-0.000422	-0.002098	-0.371094	-0.201904	0.681885	158.196999	-82.580802	-12.599617
28983		9.574998	0.338319	-0.966276	0.003826	0.000221	-0.003369	-0.377441	-0.195801	0.678955	158.200484	-82.583336	-12.596445
28984		9.574994	0.338416	-0.966277	0.001436	-0.000063	0.000813	-0.376465	-0.200928	0.673340	158.214211	-82.581940	-12.604134
28985		9.557897	0.338115	-0.927941	0.001498	-0.007223	-0.000210	-0.372803	-0.204590	0.670654	158.241134	-82.581381	-12.625460
28986		9.574894	0.338402	-0.967279	0.005609	-0.006062	-0.001125	-0.369873	-0.200195	0.670410	158.259101	-82.576380	-12.635013
28987		9.562316	0.340069	-0.988890	0.004082	-0.008288	-0.001038	-0.373535	-0.196045	0.677490	158.285866	-82.574872	-12.655870
28988		9.562254	0.339971	-0.989529	0.009386	-0.004605	0.001683	-0.376221	-0.203857	0.677490	158.315056	-82.571240	-12.674559
28989		9.604297	0.336871	-0.986683	0.006076	-0.000547	-0.000473	-0.367188	-0.193359	0.677979	158.332653	-82.574089	-12.684149
28990		9.579308	0.339988	-1.028310	0.007979	0.004906	0.000992	-0.368896	-0.191650	0.674805	158.342765	-82.575375	-12.684411
28991		9.608941	0.338466	-1.045488	0.005485	0.008259	0.000919	-0.373535	-0.201172	0.678223	158.351881	-82.582955	-12.684713
28992		9.595423	0.356248	-1.035127	0.011651	0.010001	-0.000455	-0.374756	-0.203857	0.675537	158.349907	-82.586648	-12.670665
28993		9.608050	0.354619	-1.013048	0.007192	0.015061	-0.000972	-0.376221	-0.201416	0.667969	158.340659	-82.597639	-12.653141
28994		9.575177	0.337992	-0.964612	0.008432	0.016348	-0.003513	-0.370605	-0.192627	0.677979	158.313914	-82.604063	-12.615975
28995		9.591250	0.354776	-0.971588	0.011455	0.011351	-0.003809	-0.369385	-0.199219	0.676514	158.301520	-82.612402	-12.592051
28996		9.565249	0.374478	-0.981822	0.008340	0.014061	-0.002613	-0.367920	-0.195801	0.682861	158.282056	-82.617797	-12.562282
28997		9.561893	0.356589	-0.951501	0.005908	0.010252	-0.003708	-0.367920	-0.192871	0.677490	158.268855	-82.625431	-12.540682
28998		9.591546	0.355536	-0.968381	0.006438	0.008607	-0.004077	-0.374756	-0.195557	0.680176	158.251156	-82.627611	-12.513792
28999		9.522278	0.394516	-0.952001	0.004201	0.003450	-0.001816	-0.365723	-0.204346	0.677979	158.255792	-82.632079	-12.510566
29000		9.551887	0.393346	-0.969378	-0.001254	0.004638	-0.002617	-0.363525	-0.182129	0.670166	158.246189	-82.632456	-12.496284
29001		9.563202	0.341355	-0.979836	0.004446	0.000864	-0.004639	-0.375977	-0.196045	0.672363	158.243773	-82.634707	-12.486074
29002		9.549556	0.359654	-0.970383	0.002921	-0.001362	-0.004551	-0.372314	-0.200439	0.679688	158.238460	-82.631480	-12.473705
29003		9.539386	0.395900	-0.990066	-0.001965	0.001707	-0.000445	-0.378174	-0.202637	0.679443	158.247694	-82.635362	-12.479524
29004		9.593965	0.391488	-0.965637	-0.005895	0.005121	-0.001334	-0.376709	-0.197021	0.675293	158.239916	-82.636269	-12.469764
29005		9.585011	0.411338	-1.015092	-0.009011	0.007831	-0.000139	-0.369873	-0.201416	0.678955	158.236090	-82.643559	-12.466622
29006		9.597572	0.409911	-0.993353	-0.008390	0.008474	-0.001409	-0.374512	-0.203369	0.678711	158.221036	-82.646233	-12.450966
29007		9.595325	0.375680	-0.993786	-0.012502	0.007313	-0.000496	-0.372314	-0.196289	0.675781	158.214700	-82.652996	-12.447822
29008		9.581727	0.393745	-0.983894	-0.011001	0.000088	-0.000702	-0.372314	-0.195557	0.685791	158.214878	-82.651358	-12.449034
29009		9.577128	0.392009	-0.923953	-0.015178	0.006089	0.001232	-0.371094	-0.194824	0.677979	158.216315	-82.657813	-12.453995
29010		9.561207	0.375411	-0.915384	-0.016885	-0.000714	0.003121	-0.370850	-0.201416	0.683594	158.230230	-82.656561	-12.472456
29011		9.581811	0.393615	-0.983130	-0.013925	0.001451	0.003848	-0.370605	-0.194336	0.681152	158.250811	-82.661052	-12.496414
29012		9.564718	0.393115	-0.944394	-0.017506	-0.001356	0.004391	-0.370850	-0.197510	0.678467	158.270676	-82.659726	-12.521233
29013		9.564682	0.325956	-1.006768	-0.011805	-0.005130	0.002369	-0.371826	-0.200928	0.684570	158.297232	-82.660366	-12.549636
29014		9.577134	0.324308	-0.986104	-0.013680	-0.001132	0.001024	-0.370361	-0.198730	0.683105	158.304998	-82.658444	-12.560046
29015		9.619201	0.321544	-0.982825	-0.012348	0.002444	-0.002417	-0.373291	-0.200195	0.674072	158.298941	-82.662114	-12.556370
29016		9.619236	0.321567	-0.982471	-0.008910	0.004197	0.004119	-0.377441	-0.197754	0.679443	158.313476	-82.663684	-12.570849
29017		9.602185	0.321145	-0.943269	-0.015181	0.006095	0.001233	-0.373535	-0.194824	0.680176	158.314643	-82.670153	-12.576142
29018		9.625171	0.373958	-1.009180	-0.012311	0.005969	0.002861	-0.373779	-0.202148	0.671143	158.319122	-82.672400	-12.582446
29019		9.620659	0.371722	-0.948437	-0.016645	0.016846	0.006722	-0.371582	-0.191895	0.667725	158.324565	-82.685680	-12.592888
29020		9.625498	0.373210	-1.006338	-0.018082	0.016911	0.005907	-0.367432	-0.205811	0.680176	158.320348	-82.694398	-12.593759
29021		9.565339	0.391762	-0.938648	-0.020049	0.018623	0.005463	-0.369629	-0.195068	0.668945	158.315814	-82.708211	-12.596339
29022		9.551907	0.342393	-0.989540	-0.016028	0.017495	0.005451	-0.380615	-0.200684	0.676758	158.309898	-82.717143	-12.594311
29023		9.580524	0.356931	-0.975084	-0.016030	0.017497	0.005450	-0.370850	-0.202637	0.673828	158.309235	-82.730487	-12.598174
29024		9.580692	0.356738	-0.973506	-0.011138	0.014428	0.001345	-0.376465	-0.198242	0.677490	158.294053	-82.736917	-12.583981
29025		9.566078	0.323852	-0.994101	-0.019433	0.019275	0.004190	-0.376221	-0.192871	0.682373	158.283203	-82.750885	-12.579884
29026		9.578716	0.322041	-0.971366	-0.014259	0.017144	0.002540	-0.374512	-0.199463	0.673828	158.266640	-82.759013	-12.566102
29027		9.535600	0.341053	-0.942881	-0.017494	0.008111	0.004503	-0.374268	-0.193604	0.683105	158.276919	-82.767128	-12.581257
29028		9.538039	0.375286	-0.940611	-0.020896	0.009889	0.003243	-0.374268	-0.200439	0.678467	158.271602	-82.771544	-12.582645
29029		9.552984	0.341169	-0.979516	-0.026356	0.011088	0.002436	-0.369385	-0.194824	0.675293	158.263211	-82.780759	-12.584146
29030		9.614678	0.372929	-1.012422	-0.026980	0.010445	0.003704	-0.375977	-0.195313	0.677979	158.255408	-82.785569	-12.586541
29031		9.583993	0.390320	-0.962965	-0.025986	0.014320	0.003992	-0.380615	-0.196777	0.679443	158.248402	-82.796752	-12.589081
29032		9.572913	0.375659	-1.013025	-0.026079	0.012032	0.004888	-0.370605	-0.202637	0.675293	158.243437	-82.802658	-12.593816
29033		9.596696	0.388197	-0.939472	-0.032255	0.010297	0.006245	-0.369385	-0.197021	0.678223	158.248849	-82.812244	-12.613164
29034		9.571910	0.391439	-0.980708	-0.038645	0.000463	0.004111	-0.373047	-0.196289	0.683838	158.252889	-82.811828	-12.634231
29035		9.542314	0.392703	-0.962748	-0.039180	0.002115	0.004481	-0.370850	-0.202393	0.674805	158.261007	-82.816543	-12.659666
29036		9.614041	0.388237	-0.976773	-0.038902	0.003054	0.006936	-0.374512	-0.193604	0.674561	158.272486	-82.818104	-12.688380
29037		9.569702	0.356601	-0.980900	-0.036755	0.005929	0.005588	-0.369629	-0.204102	0.683350	158.280074	-82.825091	-12.712303
29038		9.582191	0.354685	-0.959399	-0.032200	0.003149	0.005205	-0.379150	-0.203857	0.679199	158.287953	-82.826336	-12.733518
29039		9.581042	0.370558	-0.928342	-0.027180	0.005887	0.005491	-0.367676	-0.192871	0.677490	158.300589	-82.833328	-12.757635
29040		9.566306	0.337763	-0.950340	-0.020315	0.001102	0.001828	-0.374023	-0.202881	0.676514	158.304452	-82.832766	-12.767940
29041		9.581112	0.370310	-0.927718	-0.022094	0.001458	0.004736	-0.369385	-0.201172	0.676758	158.324549	-82.837106	-12.795811
29042		9.541484	0.341011	-0.992088	-0.015851	-0.003973	0.002339	-0.378906	-0.190674	0.677490	158.341679	-82.833949	-12.816908
29043		9.568698	0.371841	-0.948660	-0.015294	0.003839	0.002116	-0.375000	-0.199219	0.678955	158.350500	-82.839074	-12.829041
29044		9.568752	0.371780	-0.948132	-0.013767	0.006064	0.002039	-0.377686	-0.199951	0.674316	158.350668	-82.841198	-12.831838
29045		9.573625	0.374066	-1.006872	-0.015642	0.010074	0.000703	-0.377197	-0.212158	0.672363	158.342566	-82.849390	-12.827719
29046		9.596215	0.336206	-0.965342	-0.012056	0.012876	0.000176	-0.369873	-0.193115	0.679932	158.324312	-82.854748	-12.810963
29047		9.557872	0.357736	-0.996360	-0.013492	0.012946	-0.000641	-0.375000	-0.190918	0.675293	158.306834	-82.864085	-12.796763
29048		9.572775	0.390255	-0.972713	-0.011057	0.010800	0.005609	-0.366211	-0.201904	0.677979	158.315727	-82.869487	-12.806790
29049		9.586543	0.372162	-0.981127	-0.017332	0.012726	0.002716	-0.371338	-0.204590	0.671143	158.310985	-82.879307	-12.806588
29050		9.553452	0.354541	-0.933205	-0.012558	0.012087	0.010973	-0.378174	-0.204102	0.674316	158.339747	-82.886529	-12.837504
29051		9.572044	0.338450	-1.001333	-0.007311	0.008731	0.003144	-0.373291	-0.195068	0.672852	158.348881	-82.894409	-12.846958
29052		9.554909	0.337566	-0.961820	-0.007031	0.009663	0.005602	-0.369385	-0.196533	0.671631	158.362055	-82.899202	-12.858973
29053		9.583426	0.351866	-0.948038	-0.003004	0.008522	0.005595	-0.374512	-0.198486	0.670898	158.384944	-82.907362	-12.878406
29054		9.597149	0.333522	-0.956947	0.001555	0.005734	0.005215	-0.372070	-0.196045	0.672119	158.408091	-82.909980	-12.895513
29055		9.551547	0.317833	-0.930797	0.003868	0.003732	0.001934	-0.377197	-0.202393	0.677002	158.427255	-82.914851	-12.907494
29056		9.553948	0.351905	-0.929117	0.007178	-0.000349	0.004086	-0.372559	-0.197754	0.671143	158.459120	-82.913989	-12.930141
29057		9.553964	0.351730	-0.929013	0.002153	0.002871	-0.001341	-0.369629	-0.204102	0.679932	158.464600	-82.917745	-12.929691
29058		9.587223	0.368728	-0.975762	0.012893	-0.004139	0.002066	-0.369873	-0.200195	0.681152	158.497484	-82.914437	-12.950065
29059		9.571204	0.351785	-0.967906	0.011298	0.000805	0.003188	-0.373779	-0.196777	0.672119	158.531342	-82.917897	-12.973157
29060		9.587219	0.368031	-0.976060	0.012985	-0.001844	0.001173	-0.379395	-0.202148	0.677490	158.556551	-82.915622	-12.985743
29061		9.573587	0.385647	-0.966535	0.010486	0.001521	0.001104	-0.373779	-0.201416	0.677734	158.579483	-82.919186	-12.997960
29062		9.558812	0.352840	-0.989062	0.011549	-0.001774	0.000356	-0.372314	-0.192627	0.678711	158.600229	-82.916776	-13.006878
29063		9.573568	0.385348	-0.966845	0.005994	-0.002857	0.000438	-0.371094	-0.193604	0.677979	158.625340	-82.917750	-13.023439
29064		9.558804	0.352426	-0.989283	0.010233	0.004102	0.003934	-0.375000	-0.195313	0.683105	158.650813	-82.919222	-13.037880
29065		9.590855	0.385198	-1.005343	0.004838	-0.001855	0.002078	-0.371582	-0.199463	0.671143	158.680713	-82.921053	-13.059431
29066		9.571205	0.349912	-0.968575	0.015762	-0.004274	0.003700	-0.378662	-0.197510	0.674072	158.722401	-82.918002	-13.087020
29067		9.584841	0.331796	-0.978212	0.009143	0.003886	-0.000608	-0.362793	-0.199707	0.674316	158.733211	-82.922370	-13.087922
29068		9.557593	0.367331	-0.958950	0.010392	-0.000770	0.001996	-0.375244	-0.201660	0.685303	158.758621	-82.920834	-13.102208
29069		9.586091	0.315363	-1.008695	0.009581	-0.000055	-0.000088	-0.374268	-0.193848	0.666260	158.778773	-82.923030	-13.112519
29070		9.567602	0.330864	-0.939660	0.013607	-0.001195	-0.000094	-0.372314	-0.202148	0.674072	158.797735	-82.920833	-13.118452
29071		9.597238	0.329454	-0.957468	0.013607	-0.001194	-0.000094	-0.370117	-0.201416	0.670654	158.821798	-82.922510	-13.130279
29072		9.579980	0.328775	-0.919033	0.016476	-0.001331	0.001540	-0.369873	-0.192871	0.675293	158.849646	-82.920578	-13.143509
29073		9.595988	0.345138	-0.927266	0.015665	-0.000616	-0.000545	-0.369385	-0.191162	0.679688	158.872161	-82.922370	-13.152439
29074		9.583579	0.346682	-0.948397	0.014416	-0.001906	0.001989	-0.376221	-0.194092	0.672607	158.901706	-82.920221	-13.168568
29075		9.587197	0.364725	-0.977523	0.018627	0.001542	0.000194	-0.370605	-0.194580	0.677490	158.925577	-82.923383	-13.176205
29076		9.597231	0.328268	-0.957939	0.013352	0.001391	0.002734	-0.367676	-0.197754	0.676270	158.952241	-82.923149	-13.190045
29077		9.571214	0.347545	-0.969332	0.012448	-0.000188	0.001545	-0.380859	-0.192871	0.676758	158.981253	-82.925550	-13.207182
29078		9.587217	0.363754	-0.977688	0.014321	-0.004196	0.002884	-0.370117	-0.202881	0.678955	159.018361	-82.922356	-13.230988
29079		9.567554	0.328501	-0.940978	0.014321	-0.004196	0.002884	-0.372314	-0.197021	0.680176	159.060500	-82.923044	-13.260427
29080		9.555130	0.330064	-0.962229	0.010733	-0.001054	-0.001729	-0.371094	-0.196045	0.681885	159.070453	-82.920584	-13.258939
29081		9.597131	0.326887	-0.959416	0.009830	-0.008577	0.002224	-0.376953	-0.192627	0.670654	159.114589	-82.918673	-13.292752
29082		9.569813	0.362469	-0.941003	0.003028	-0.005011	-0.000299	-0.375732	-0.195313	0.674072	159.132772	-82.914387	-13.304007
29083		9.585782	0.378865	-0.949647	0.005273	-0.005790	0.002602	-0.368164	-0.198242	0.677246	159.171014	-82.914148	-13.334374
29084		9.573297	0.380297	-0.971512	-0.001369	-0.013042	0.003290	-0.376465	-0.202148	0.688477	159.215222	-82.906290	-13.374394
29085		9.569567	0.361721	-0.943790	-0.002898	-0.015267	0.003369	-0.372070	-0.198242	0.673828	159.267539	-82.901008	-13.424422
29086		9.573041	0.379770	-0.974242	-0.008358	-0.014060	0.002559	-0.370605	-0.194824	0.673096	159.306075	-82.892447	-13.462762
29087		9.611373	0.358307	-0.943099	-0.008265	-0.011767	0.001663	-0.372803	-0.200928	0.672363	159.342098	-82.888644	-13.499272
29088		9.624891	0.340526	-0.953653	-0.014537	-0.009848	-0.001230	-0.369873	-0.195068	0.682129	159.353865	-82.881571	-13.514205
29089		9.621182	0.322512	-0.925672	-0.015535	-0.013719	-0.001524	-0.373535	-0.197998	0.675293	159.375092	-82.876069	-13.540083
29090		9.614625	0.377225	-0.975339	-0.016597	-0.010423	-0.000779	-0.371094	-0.196777	0.679688	159.388480	-82.868778	-13.557839
29091		9.628166	0.359457	-0.985605	-0.023462	-0.005631	0.002882	-0.361572	-0.189697	0.674561	159.410911	-82.868517	-13.589339
29092		9.602085	0.378887	-0.997448	-0.019157	-0.005834	0.005329	-0.371826	-0.196533	0.677490	159.441573	-82.864915	-13.625982
29093		9.561206	0.365571	-1.031497	-0.017536	-0.001317	0.004357	-0.370117	-0.196777	0.680908	159.467102	-82.867093	-13.656592
29094		9.557644	0.347000	-1.002328	-0.016538	0.002555	0.004652	-0.367432	-0.197998	0.678467	159.482871	-82.867853	-13.676715
29095		9.540497	0.346255	-0.963295	-0.015010	0.004779	0.004574	-0.378418	-0.189209	0.679932	159.500822	-82.873386	-13.698763
29096		9.586162	0.361332	-0.988861	-0.012264	-0.001164	0.001812	-0.374268	-0.196045	0.678223	159.512838	-82.871579	-13.712635
29097		9.571328	0.328516	-1.011443	-0.015572	-0.003030	0.004797	-0.366455	-0.195313	0.684814	159.543840	-82.873151	-13.747146
29098		9.572535	0.378726	-0.979607	-0.011453	-0.001877	0.003895	-0.371826	-0.192627	0.681885	159.566392	-82.871376	-13.771168
29099		9.557686	0.345816	-1.002334	-0.017103	-0.005252	0.004874	-0.372559	-0.195801	0.683350	159.600679	-82.871553	-13.810099
29100		9.570071	0.343718	-0.981899	-0.013077	-0.006392	0.004865	-0.376709	-0.206543	0.675293	159.633641	-82.867544	-13.845550
29101		9.566446	0.325067	-0.953350	-0.015044	-0.004674	0.004423	-0.369629	-0.201660	0.676758	159.665620	-82.868072	-13.882295
29102		9.569987	0.343178	-0.982911	-0.011924	-0.007393	0.003223	-0.374268	-0.203857	0.677734	159.693732	-82.863195	-13.912193
29103		9.599518	0.342004	-1.001413	-0.011333	-0.010258	-0.003332	-0.361816	-0.195801	0.687012	159.703363	-82.859091	-13.924694
29104		9.568633	0.359487	-0.954056	-0.011394	-0.009039	0.002848	-0.365479	-0.193604	0.677734	159.732714	-82.853251	-13.955536
29105		9.612933	0.324356	-1.012751	-0.012489	-0.009255	-0.001692	-0.366211	-0.186523	0.681152	159.747807	-82.849771	-13.972715
29106		9.568438	0.359444	-0.956031	-0.008181	-0.015410	0.005889	-0.372803	-0.197021	0.678955	159.801984	-82.841105	-14.026722
29107		9.586651	0.343736	-1.026455	-0.009088	-0.011040	-0.000435	-0.375244	-0.192627	0.679443	159.826969	-82.837063	-14.051345
29108		9.569396	0.343202	-0.988637	-0.009865	-0.006815	0.002772	-0.364258	-0.199707	0.677246	159.853187	-82.832397	-14.078147
29109		9.595371	0.323453	-0.978004	-0.008712	-0.007816	0.001130	-0.369873	-0.202637	0.678223	159.879698	-82.830393	-14.104963
29110		9.595283	0.323472	-0.978862	-0.005592	-0.010534	-0.000071	-0.371338	-0.195557	0.677734	159.901968	-82.823162	-14.125317
29111		9.582751	0.325267	-1.000625	-0.005216	-0.007311	0.001495	-0.368408	-0.200439	0.671875	159.931008	-82.821512	-14.153181
29112		9.559079	0.379287	-1.010806	-0.009678	-0.002229	0.000990	-0.370117	-0.193359	0.683105	159.942446	-82.818958	-14.164978
29113		9.559044	0.379332	-1.011118	-0.006558	-0.004947	-0.000213	-0.360107	-0.195313	0.682129	159.959814	-82.818194	-14.181509
29114		9.601052	0.376089	-1.008384	-0.007523	-0.005307	0.004778	-0.373047	-0.191162	0.680420	159.993440	-82.814724	-14.214425
29115		9.555407	0.360527	-0.983014	-0.008336	-0.004591	0.002696	-0.377441	-0.202148	0.678711	160.021928	-82.814631	-14.242436
29116		9.571382	0.376927	-0.991487	-0.006276	-0.004016	0.002245	-0.371582	-0.202148	0.677002	160.043403	-82.811357	-14.262386
29117		9.572478	0.360860	-1.022478	-0.008620	-0.005521	0.000238	-0.371094	-0.200928	0.681396	160.061853	-82.810484	-14.282005
29118		9.558820	0.378714	-1.013463	-0.010775	-0.008387	0.001580	-0.376709	-0.190186	0.676758	160.084645	-82.804724	-14.305880
29119		9.584787	0.359224	-1.002859	-0.010340	-0.006379	-0.003035	-0.368408	-0.203369	0.682861	160.089750	-82.802715	-14.311813
29120		9.585854	0.343233	-1.034035	-0.006994	-0.006953	0.004402	-0.372070	-0.199707	0.673584	160.124477	-82.798276	-14.345535
29121		9.543752	0.346064	-1.037764	-0.010398	-0.005164	0.003147	-0.372314	-0.206543	0.680420	160.153833	-82.798011	-14.377126
29122		9.585752	0.342678	-1.035161	-0.009056	-0.007527	0.004852	-0.371338	-0.190186	0.676025	160.190120	-82.793346	-14.413612
29123		9.581013	0.339926	-0.976360	-0.008527	-0.009173	0.004476	-0.364990	-0.185303	0.686279	160.232397	-82.791200	-14.456529
29124		9.585604	0.341992	-1.036757	-0.006466	-0.008598	0.004024	-0.370361	-0.196289	0.684814	160.268192	-82.785791	-14.491024
29125		9.581984	0.323362	-1.008551	-0.009341	-0.008455	0.002394	-0.374512	-0.194824	0.677979	160.300580	-82.783493	-14.522893
29126		9.613924	0.356325	-1.025482	-0.005843	-0.007952	0.002758	-0.367432	-0.197266	0.674561	160.330269	-82.778182	-14.550873
29127		9.559338	0.361049	-1.050236	-0.008433	-0.006879	0.003586	-0.369629	-0.195068	0.676270	160.365211	-82.777047	-14.586067
29128		9.597793	0.339314	-1.018711	-0.009871	-0.006807	0.002771	-0.368896	-0.198975	0.679199	160.390841	-82.772353	-14.612283
29129		9.529626	0.362080	-1.033734	-0.008094	-0.007162	-0.000139	-0.362549	-0.199463	0.681152	160.410526	-82.770284	-14.632052
29130		9.570533	0.374964	-1.000387	-0.014333	-0.001723	0.002272	-0.369385	-0.190918	0.672363	160.423738	-82.768237	-14.648328
29131		9.572698	0.342903	-1.061975	-0.007281	-0.007879	0.001941	-0.372559	-0.191895	0.677734	160.453931	-82.766080	-14.678004
29132		9.586222	0.324857	-1.072175	-0.009492	-0.003585	0.004339	-0.367432	-0.186279	0.678955	160.481493	-82.763422	-14.705950
29133		9.541946	0.359667	-1.014448	-0.010930	-0.003512	0.003524	-0.366211	-0.201416	0.680664	160.509882	-82.764014	-14.734691
29134		9.585056	0.340327	-1.042360	-0.008435	-0.006877	0.003584	-0.375000	-0.192871	0.684082	160.539759	-82.759430	-14.764360
29135		9.517990	0.346873	-1.087936	-0.006998	-0.006949	0.004399	-0.367432	-0.190430	0.685303	160.578912	-82.758321	-14.802929
29136		9.555380	0.341003	-1.025698	-0.010931	-0.003511	0.003525	-0.375732	-0.197754	0.676270	160.602002	-82.755541	-14.827198
29137		9.568924	0.322842	-1.035725	-0.010117	-0.004229	0.005605	-0.363037	-0.197754	0.678223	160.640454	-82.756140	-14.866381
29138		9.556412	0.324513	-1.056981	-0.009155	-0.003865	0.000614	-0.367920	-0.192383	0.684082	160.652687	-82.752612	-14.878680
29139		9.584863	0.339158	-1.044509	-0.006280	-0.004010	0.002243	-0.369385	-0.195313	0.677979	160.678845	-82.752511	-14.903552
29140		9.572338	0.341046	-1.065809	-0.008003	-0.004865	-0.001030	-0.364990	-0.204346	0.682861	160.686216	-82.748130	-14.910285
29141		9.558723	0.358977	-1.056520	-0.011217	-0.004437	0.001066	-0.367432	-0.190186	0.681152	160.704832	-82.747606	-14.931229
29142		9.588261	0.357617	-1.074637	-0.010932	-0.003509	0.003524	-0.368652	-0.197998	0.682129	160.727835	-82.744819	-14.955411
29143		9.583622	0.354853	-1.015472	-0.011027	-0.005801	0.004412	-0.367432	-0.194580	0.679199	160.763029	-82.744195	-14.991876
29144		9.556162	0.323952	-1.059412	-0.012466	-0.005727	0.003597	-0.374756	-0.202881	0.678223	160.788713	-82.740219	-15.019647
29145		9.588141	0.356985	-1.075920	-0.011747	-0.002788	0.001444	-0.367432	-0.197266	0.685791	160.805991	-82.740731	-15.039333
29146		9.546038	0.359916	-1.079535	-0.013186	-0.008664	0.005750	-0.369873	-0.193359	0.680176	160.844700	-82.735568	-15.080650
29147		9.538919	0.322709	-1.022412	-0.011410	-0.009017	0.002840	-0.368896	-0.193359	0.677246	160.877572	-82.732881	-15.115127
29148		9.517360	0.344713	-1.094116	-0.012130	-0.011954	0.004992	-0.366943	-0.190918	0.678955	160.918404	-82.725788	-15.157976
29149		9.571795	0.339278	-1.071233	-0.010693	-0.012027	0.005806	-0.367920	-0.192627	0.684814	160.968644	-82.721998	-15.209225
29150		9.546687	0.342710	-1.114173	-0.009541	-0.013027	0.004161	-0.366943	-0.195068	0.678711	161.008848	-82.714160	-15.249947
29151		9.545512	0.358269	-1.084716	-0.010694	-0.012026	0.005806	-0.374023	-0.199707	0.673096	161.058938	-82.710327	-15.301209
29152		9.541889	0.339227	-1.056970	-0.005851	-0.013893	0.007868	-0.360596	-0.199219	0.682373	161.118041	-82.702699	-15.358852
29153		9.556351	0.304878	-1.098647	-0.010791	-0.014315	0.006692	-0.362793	-0.187012	0.680664	161.174586	-82.697766	-15.417837
29154		9.514130	0.307369	-1.103333	-0.005517	-0.020120	0.009259	-0.364258	-0.205322	0.679932	161.248488	-82.687001	-15.490211
29155		9.555985	0.303454	-1.102223	-0.004367	-0.021119	0.007613	-0.369629	-0.200439	0.684082	161.322438	-82.678414	-15.562433
29156		9.560290	0.305462	-1.163744	-0.003120	-0.019826	0.005081	-0.365234	-0.193359	0.678955	161.379258	-82.667021	-15.616202
29157		9.587600	0.335526	-1.122115	-0.000147	-0.017683	0.005821	-0.369385	-0.190674	0.682373	161.442715	-82.660042	-15.675420
29158		9.575907	0.321031	-1.175275	0.000475	-0.017037	0.004555	-0.370117	-0.194580	0.678711	161.495125	-82.650054	-15.722668
29159		9.590722	0.353060	-1.154392	-0.001588	-0.017607	0.005008	-0.365967	-0.191895	0.681152	161.554076	-82.643005	-15.777455
29160		9.565466	0.356496	-1.197879	-0.002500	-0.019176	0.003815	-0.365967	-0.194336	0.688232	161.604401	-82.631709	-15.824322
29161		9.555281	0.392556	-1.218209	-0.010408	-0.005143	0.003152	-0.364746	-0.193604	0.683105	161.633016	-82.630964	-15.853640
29162		9.550761	0.389501	-1.159268	-0.007435	-0.008949	0.009008	-0.365723	-0.190430	0.683105	161.687912	-82.626158	-15.907968
29163		9.525633	0.392873	-1.201629	-0.010409	-0.005142	0.003152	-0.363281	-0.204102	0.679932	161.716485	-82.625374	-15.937155
29164		9.534667	0.372282	-1.152128	-0.014964	-0.002346	0.003554	-0.368652	-0.194824	0.682617	161.734909	-82.623173	-15.959057
29165		9.534642	0.372178	-1.152369	-0.015878	-0.003916	0.002361	-0.366943	-0.193848	0.680908	161.754815	-82.622910	-15.984025
29166		9.547163	0.370170	-1.131664	-0.016931	-0.000624	0.003122	-0.356934	-0.186035	0.694824	161.767895	-82.621566	-16.001675
29167		9.550658	0.388496	-1.160447	-0.016545	0.002592	0.004696	-0.356689	-0.203369	0.678711	161.788962	-82.625127	-16.026325
29168		9.576753	0.368605	-1.149063	-0.022927	0.002250	0.002711	-0.365723	-0.193359	0.674072	161.792906	-82.625273	-16.038227
29169		9.547262	0.369798	-1.130950	-0.015397	0.001594	0.003049	-0.370117	-0.191162	0.681641	161.808377	-82.627983	-16.058535
29170		9.559839	0.367772	-1.109757	-0.023456	0.003898	0.003091	-0.368896	-0.202393	0.689697	161.811346	-82.629094	-16.069758
29171		9.557375	0.333457	-1.111212	-0.019190	0.000179	0.000228	-0.361572	-0.198486	0.682617	161.814789	-82.630703	-16.079245
29172		9.576878	0.368723	-1.147976	-0.022307	0.002901	0.001444	-0.360352	-0.198486	0.683594	161.812865	-82.630976	-16.084871
29173		9.530401	0.369242	-1.091080	-0.021493	0.002180	0.003521	-0.364014	-0.197266	0.689209	161.826161	-82.634030	-16.106162
29174		9.586010	0.348124	-1.097594	-0.021494	0.002182	0.003521	-0.365234	-0.192871	0.683594	161.834447	-82.634282	-16.121614
29175		9.563475	0.386195	-1.137358	-0.023366	0.000245	0.007316	-0.364258	-0.196777	0.682861	161.865478	-82.637032	-16.161038
29176		9.571021	0.315038	-1.120055	-0.020251	-0.002475	0.006098	-0.365234	-0.200195	0.679932	161.891765	-82.635206	-16.193921
29177		9.556545	0.348291	-1.079557	-0.019241	0.001386	0.006411	-0.367676	-0.196533	0.679443	161.919481	-82.638410	-16.228382
29178		9.558495	0.316202	-1.141086	-0.018384	-0.006487	0.007410	-0.363281	-0.194824	0.679932	161.957866	-82.634627	-16.272386
29179		9.558465	0.315475	-1.141537	-0.015742	-0.004075	0.011878	-0.365479	-0.192871	0.678955	162.018225	-82.635831	-16.337295
29180		9.542432	0.298114	-1.133855	-0.015408	-0.004349	0.008153	-0.363770	-0.196533	0.683350	162.058462	-82.633335	-16.381447
29181		9.544919	0.331738	-1.132494	-0.015217	-0.005718	0.011494	-0.361572	-0.196289	0.683350	162.119849	-82.633520	-16.446878
29182		9.542383	0.296411	-1.134711	-0.015744	-0.004071	0.011877	-0.366699	-0.190186	0.677246	162.175178	-82.631819	-16.506443
29183		9.529841	0.297192	-1.155927	-0.015264	-0.004520	0.017679	-0.353027	-0.188721	0.688232	162.261067	-82.633698	-16.596414
29184		9.558384	0.310224	-1.143654	-0.012774	-0.007888	0.017724	-0.358154	-0.195801	0.677979	162.347882	-82.630911	-16.686011
29185		9.543254	0.276450	-1.167156	-0.012539	-0.010453	0.014879	-0.356445	-0.195068	0.688477	162.431786	-82.628796	-16.772310
29186		9.518132	0.279176	-1.209499	-0.014642	-0.003869	0.016414	-0.375000	-0.202148	0.679688	162.506527	-82.627945	-16.850812
29187		9.539678	0.255105	-1.139641	-0.007070	-0.011687	0.015667	-0.360352	-0.196289	0.686768	162.597882	-82.625490	-16.942298
29188		9.546556	0.290993	-1.198496	-0.012017	-0.012094	0.014494	-0.363770	-0.190918	0.682373	162.676801	-82.619784	-17.023496
29189		9.531357	0.257342	-1.222240	-0.013168	-0.011092	0.016142	-0.368164	-0.200684	0.687500	162.766095	-82.617598	-17.115672
29190		9.562390	0.305002	-1.208736	-0.012934	-0.013656	0.013297	-0.361572	-0.197754	0.681396	162.841253	-82.610804	-17.193610
29191		9.549717	0.305745	-1.230877	-0.017400	-0.014512	0.017925	-0.363525	-0.190674	0.678955	162.939548	-82.607060	-17.298187
29192		9.517513	0.271253	-1.216153	-0.013562	-0.014298	0.014559	-0.360107	-0.194092	0.682861	163.020232	-82.600095	-17.382061
29193		9.533424	0.286469	-1.225484	-0.015338	-0.013942	0.017472	-0.375000	-0.191650	0.683105	163.117181	-82.596475	-17.483187
29194		9.545889	0.282964	-1.205710	-0.021859	-0.009407	0.017454	-0.361084	-0.197998	0.678223	163.198806	-82.592639	-17.572808
29195		9.544893	0.297213	-1.176188	-0.017508	-0.016793	0.018800	-0.374268	-0.205078	0.679443	163.303267	-82.587766	-17.683069
29196		9.532189	0.297710	-1.198555	-0.025673	-0.016756	0.019730	-0.362793	-0.199951	0.687256	163.401346	-82.580230	-17.791487
29197		9.544635	0.293970	-1.179096	-0.025282	-0.013543	0.021311	-0.363281	-0.198242	0.685303	163.507193	-82.577478	-17.908735
29198		9.531939	0.294382	-1.201363	-0.031878	-0.018438	0.021084	-0.371338	-0.200684	0.683838	163.609151	-82.569188	-18.024653
29199		9.535275	0.311527	-1.231702	-0.029088	-0.014935	0.018489	-0.361572	-0.200439	0.683838	163.702606	-82.565115	-18.131057
29200		9.519927	0.277958	-1.255875	-0.035584	-0.017537	0.017383	-0.359131	-0.198730	0.686523	163.785344	-82.556678	-18.229736
29201		9.535804	0.293340	-1.265487	-0.030931	-0.018052	0.016090	-0.361328	-0.199707	0.683350	163.871307	-82.550281	-18.329726
29202		9.532992	0.258106	-1.268907	-0.038038	-0.015342	0.011157	-0.364014	-0.195068	0.687256	163.923409	-82.542029	-18.398930
29203		9.535476	0.291616	-1.268353	-0.037559	-0.015793	0.016954	-0.363525	-0.204346	0.669678	164.006277	-82.537024	-18.499198
29204		9.522762	0.292856	-1.290320	-0.041682	-0.010955	0.012769	-0.352783	-0.199707	0.682373	164.057533	-82.531421	-18.569656
29205		9.536044	0.274169	-1.301379	-0.041599	-0.014614	0.016979	-0.360107	-0.197021	0.685303	164.136200	-82.526949	-18.669098
29206		9.522528	0.291027	-1.292462	-0.042838	-0.009942	0.014418	-0.364990	-0.204834	0.681152	164.192320	-82.522141	-18.745131
29207		9.522456	0.290353	-1.293139	-0.043555	-0.006915	0.011469	-0.362549	-0.203125	0.682861	164.237584	-82.521086	-18.811417
29208		9.523237	0.274183	-1.324199	-0.043057	-0.001413	0.012182	-0.362305	-0.195801	0.684570	164.273992	-82.520619	-18.867697
29209		9.522460	0.289400	-1.293324	-0.042626	0.000615	0.007583	-0.366699	-0.192383	0.682617	164.294680	-82.523078	-18.908344
29210		9.545785	0.234768	-1.284506	-0.041291	-0.001757	0.009264	-0.371094	-0.206787	0.678955	164.320252	-82.521962	-18.952675
29211		9.520641	0.239093	-1.325806	-0.041798	0.005855	0.004575	-0.354004	-0.204102	0.685303	164.322483	-82.526977	-18.974174
29212		9.520736	0.239227	-1.325100	-0.037663	0.006978	0.003671	-0.359619	-0.193848	0.681641	164.316327	-82.529812	-18.984408
29213		9.520044	0.254839	-1.293500	-0.040885	0.007423	0.005773	-0.364258	-0.199707	0.684082	164.322639	-82.535567	-19.009434
29214		9.478903	0.242880	-1.326344	-0.037043	0.007633	0.002407	-0.369385	-0.197021	0.676270	164.310751	-82.538568	-19.013529
29215		9.537166	0.256219	-1.330384	-0.038613	0.012574	0.003579	-0.361328	-0.198242	0.688477	164.302900	-82.547040	-19.022761
29216		9.537331	0.256109	-1.329225	-0.031505	0.009844	0.008503	-0.366211	-0.187988	0.676025	164.317285	-82.552205	-19.050151
29217		9.537537	0.255872	-1.327792	-0.033159	0.018459	0.005475	-0.370850	-0.190674	0.680420	164.314036	-82.564116	-19.060043
29218		9.521721	0.239317	-1.317985	-0.031908	0.019758	0.002952	-0.360596	-0.197754	0.687500	164.292999	-82.573889	-19.051944
29219		9.508588	0.257056	-1.306066	-0.033793	0.017821	0.006732	-0.366455	-0.197021	0.678467	164.295456	-82.585647	-19.068016
29220		9.524925	0.273501	-1.312140	-0.033169	0.018472	0.005471	-0.364258	-0.206055	0.685303	164.285874	-82.595102	-19.072197
29221		9.567245	0.269794	-1.307320	-0.035473	0.020474	0.008775	-0.366455	-0.190430	0.680664	164.292512	-82.608602	-19.094553
29222		9.509410	0.256287	-1.300222	-0.038071	0.021568	0.009614	-0.365479	-0.198486	0.677490	164.294062	-82.620407	-19.112791
29223		9.526679	0.256926	-1.336597	-0.040272	0.025866	0.012050	-0.357422	-0.195557	0.676514	164.305916	-82.637390	-19.142220
29224		9.536876	0.219607	-1.315629	-0.039859	0.021932	0.012521	-0.370605	-0.196777	0.681885	164.318532	-82.649846	-19.172648
29225		9.511284	0.239219	-1.323935	-0.040468	0.027267	0.008715	-0.366699	-0.198486	0.683838	164.314463	-82.667006	-19.186373
29226		9.567104	0.217437	-1.328423	-0.041440	0.026885	0.013696	-0.367432	-0.198486	0.684082	164.325393	-82.682376	-19.216011
29227		9.521869	0.201501	-1.300056	-0.043993	0.026819	0.008343	-0.362549	-0.195068	0.681396	164.318315	-82.699239	-19.228812
29228		9.538361	0.217631	-1.305153	-0.045491	0.028084	0.013718	-0.358887	-0.199463	0.673828	164.325704	-82.715273	-19.257218
29229		9.584387	0.232418	-1.328059	-0.049014	0.027631	0.013347	-0.361816	-0.201416	0.677490	164.336561	-82.733221	-19.291100
29230		9.569604	0.199770	-1.348043	-0.051640	0.035878	0.015315	-0.363525	-0.197510	0.677246	164.338055	-82.753801	-19.317112
29231		9.540616	0.200204	-1.326453	-0.053509	0.039929	0.014028	-0.365234	-0.207031	0.679932	164.334448	-82.778647	-19.339231
29232		9.554566	0.181769	-1.332704	-0.048035	0.038660	0.014815	-0.366455	-0.189209	0.681152	164.332584	-82.800685	-19.359774
29233		9.513141	0.184875	-1.331432	-0.058062	0.048783	0.009384	-0.361328	-0.204590	0.672607	164.295440	-82.829713	-19.350315
29234		9.511045	0.150487	-1.329243	-0.050277	0.045516	0.006868	-0.360840	-0.200439	0.671143	164.248873	-82.854300	-19.327097
29235		9.540260	0.164894	-1.311774	-0.050861	0.043725	0.001929	-0.362305	-0.199219	0.685303	164.188601	-82.879274	-19.291065
29236		9.515905	0.170613	-1.349273	-0.050811	0.042584	-0.004267	-0.361572	-0.196289	0.679932	164.095606	-82.900495	-19.221370
29237		9.516472	0.171704	-1.345133	-0.050820	0.042597	-0.004271	-0.361328	-0.201172	0.677490	164.009120	-82.923796	-19.157788
29238		9.516055	0.188205	-1.309963	-0.054527	0.043554	-0.007980	-0.361816	-0.206299	0.678223	163.895254	-82.944935	-19.069214
29239		9.505142	0.177031	-1.357801	-0.052960	0.038621	-0.009173	-0.366943	-0.201172	0.681396	163.789430	-82.965210	-18.988278
29240		9.530522	0.173714	-1.312128	-0.058352	0.042228	-0.010836	-0.359131	-0.203613	0.675537	163.661161	-82.985118	-18.887407
29241		9.533737	0.210115	-1.305688	-0.055800	0.037700	-0.017010	-0.369629	-0.203613	0.670410	163.518893	-83.003569	-18.771075
29242		9.515322	0.161909	-1.296897	-0.060601	0.038519	-0.025264	-0.370605	-0.204590	0.674805	163.328268	-83.019016	-18.608688
29243		9.505029	0.217166	-1.280320	-0.064028	0.040386	-0.026509	-0.369629	-0.203125	0.680664	163.133318	-83.037419	-18.444259
29244		9.530264	0.215514	-1.234649	-0.066401	0.038956	-0.028549	-0.367920	-0.202393	0.682373	162.922356	-83.052419	-18.264744
29245		9.534428	0.238186	-1.259397	-0.071309	0.034911	-0.025578	-0.365234	-0.206787	0.683105	162.733659	-83.067736	-18.110223
29246		9.588073	0.250555	-1.200963	-0.075865	0.030626	-0.026333	-0.365723	-0.211426	0.680176	162.537403	-83.078411	-17.950995
29247		9.545226	0.272388	-1.170111	-0.083383	0.027677	-0.022535	-0.364502	-0.198242	0.674561	162.364227	-83.090073	-17.819812
29248		9.542770	0.241124	-1.170514	-0.082123	0.015834	-0.021183	-0.367432	-0.208252	0.674072	162.207903	-83.093455	-17.704426
29249		9.539094	0.224567	-1.140755	-0.085694	0.009378	-0.016550	-0.366699	-0.199951	0.673828	162.086473	-83.096141	-17.626030
29250		9.541713	0.261782	-1.137564	-0.084637	-0.004479	-0.023878	-0.364014	-0.209473	0.679199	161.946113	-83.087911	-17.528176
29251		9.568635	0.229876	-1.158115	-0.091319	-0.002159	-0.023039	-0.368408	-0.213379	0.684326	161.809368	-83.083072	-17.437569
29252		9.526475	0.236709	-1.161789	-0.088152	-0.012029	-0.025461	-0.369385	-0.203125	0.676514	161.671604	-83.070393	-17.344356
29253		9.526236	0.240375	-1.162996	-0.088305	-0.017731	-0.029973	-0.368164	-0.212402	0.668457	161.529178	-83.055816	-17.246391
29254		9.497397	0.230195	-1.178388	-0.088382	-0.027160	-0.030320	-0.370117	-0.203613	0.675049	161.393181	-83.033978	-17.155084
29255		9.474765	0.274348	-1.219894	-0.088466	-0.033959	-0.041039	-0.372803	-0.206299	0.676514	161.227054	-83.008544	-17.033439
29256		9.485473	0.291571	-1.171044	-0.091237	-0.038550	-0.044725	-0.357666	-0.210205	0.670654	161.044726	-82.977800	-16.897090
29257		9.488513	0.316631	-1.203087	-0.088887	-0.047632	-0.049244	-0.361816	-0.207520	0.679932	160.865625	-82.943241	-16.762439
29258		9.469477	0.335070	-1.137466	-0.094425	-0.046284	-0.050057	-0.363770	-0.214600	0.680420	160.672890	-82.907200	-16.617424
29259		9.483665	0.372267	-1.118363	-0.083584	-0.060623	-0.047989	-0.368896	-0.209473	0.679199	160.525338	-82.865669	-16.511445
29260		9.468121	0.409424	-1.082754	-0.089251	-0.073685	-0.037962	-0.360596	-0.204834	0.670410	160.432504	-82.817057	-16.464102
29261		9.493089	0.393443	-1.079792	-0.090610	-0.090463	-0.030852	-0.363525	-0.222168	0.672119	160.401908	-82.762755	-16.479550
29262		9.469451	0.437326	-1.127023	-0.093702	-0.101940	-0.032042	-0.364014	-0.215088	0.681152	160.375493	-82.700023	-16.501724
29263		9.496628	0.455183	-1.123444	-0.105814	-0.115202	-0.024056	-0.355957	-0.207520	0.678223	160.400964	-82.633643	-16.583735
29264		9.572744	0.509241	-1.173870	-0.115507	-0.115989	-0.030209	-0.351563	-0.211426	0.677246	160.390009	-82.563679	-16.634103
29265		9.652951	0.472821	-1.181182	-0.131978	-0.100221	-0.033023	-0.358398	-0.224121	0.674072	160.341080	-82.503492	-16.654962
29266		9.759126	0.494277	-1.079758	-0.143464	-0.084123	-0.034624	-0.350098	-0.217773	0.673828	160.249570	-82.449876	-16.640247
29267		9.795033	0.505197	-0.992522	-0.146329	-0.058895	-0.040434	-0.352539	-0.216309	0.684082	160.102345	-82.410570	-16.571610
29268		9.781801	0.416598	-0.916202	-0.143225	-0.045008	-0.040069	-0.359131	-0.214600	0.681885	159.933767	-82.376941	-16.479002
29269		9.731573	0.399583	-0.835452	-0.140132	-0.047667	-0.041365	-0.357666	-0.222168	0.679932	159.772727	-82.343459	-16.391498
29270		9.738775	0.332914	-0.825996	-0.115672	-0.051489	-0.036243	-0.346680	-0.225342	0.677246	159.646926	-82.307042	-16.326109
29271		9.739450	0.225174	-0.761351	-0.083070	-0.056713	-0.024993	-0.353760	-0.224121	0.687744	159.598147	-82.271890	-16.319893
29272		9.768123	0.067908	-0.750267	-0.038943	-0.057442	-0.027931	-0.351807	-0.226807	0.673340	159.559090	-82.233918	-16.297668
29273		9.804229	-0.063378	-0.826762	0.005519	-0.058359	-0.034609	-0.348633	-0.226074	0.687744	159.526156	-82.196001	-16.256185
29274		9.892905	-0.074496	-0.917332	0.025372	-0.041166	-0.043884	-0.343994	-0.220947	0.680664	159.438491	-82.163554	-16.147697
29275		9.944308	0.064124	-0.903142	0.043257	-0.006722	-0.058064	-0.346924	-0.221680	0.677734	159.261838	-82.148466	-15.939000
29276		10.035651	0.166528	-0.885975	0.059484	0.039756	-0.069721	-0.355225	-0.229736	0.670166	158.975395	-82.153969	-15.610117
29277		10.103716	0.246931	-0.967792	0.079542	0.098006	-0.071884	-0.355469	-0.231445	0.678467	158.608060	-82.191869	-15.188577
29278		10.157298	0.212923	-0.934227	0.106984	0.176910	-0.069978	-0.350586	-0.217529	0.683594	158.131631	-82.269781	-14.640543
29279		10.127890	0.309903	-0.765867	0.131882	0.250550	-0.052788	-0.353271	-0.218994	0.680664	157.612094	-82.391832	-14.034956
29280		9.838698	0.479933	-0.654765	0.160372	0.292336	-0.022858	-0.361328	-0.215820	0.672363	157.134995	-82.539876	-13.455692
29281		9.424211	0.737954	-0.685493	0.174522	0.299105	0.015463	-0.351318	-0.214844	0.676270	156.795079	-82.701616	-13.006487
29282		9.059800	0.965127	-0.838645	0.198571	0.291100	0.060801	-0.358643	-0.220215	0.671875	156.650988	-82.867078	-12.741245
29283		8.824681	0.941498	-1.046211	0.201302	0.292616	0.093808	-0.363281	-0.226074	0.677246	156.642784	-83.042755	-12.611560
29284		8.789714	0.951483	-1.225093	0.214592	0.284331	0.105693	-0.362305	-0.217529	0.671631	156.702080	-83.214811	-12.542127
29285		8.845807	0.784739	-1.451982	0.231281	0.270089	0.097750	-0.366211	-0.207520	0.675049	156.766774	-83.379557	-12.469317
29286		9.096546	0.585633	-1.653682	0.227135	0.259280	0.069138	-0.368164	-0.207520	0.672607	156.713251	-83.530166	-12.279138
29287		9.428864	0.574019	-1.651337	0.203754	0.245297	0.035192	-0.369385	-0.208496	0.672607	156.513266	-83.667615	-11.954811
29288		9.608932	0.595618	-1.671106	0.174450	0.230717	-0.004543	-0.375732	-0.205078	0.668213	156.119268	-83.786115	-11.452576
29289		9.858934	0.855575	-1.646960	0.141047	0.212250	-0.033062	-0.371826	-0.208252	0.667969	155.594801	-83.889794	-10.838463
29290		9.927846	1.072791	-1.555308	0.113774	0.193865	-0.046240	-0.375000	-0.207031	0.669678	155.007966	-83.978138	-10.177462
29291		9.703928	1.298186	-1.525808	0.079110	0.162537	-0.046445	-0.372070	-0.205322	0.672119	154.460018	-84.051374	-9.575898
29292		9.565947	1.328237	-1.514131	0.046924	0.150212	-0.040670	-0.375244	-0.203125	0.668701	153.934551	-84.117227	-9.015281
29293		9.673229	1.335887	-1.418809	0.010683	0.139344	-0.044475	-0.379639	-0.205566	0.673340	153.387835	-84.177759	-8.454210
29294		9.722773	1.342551	-1.460389	-0.025690	0.136280	-0.066221	-0.368652	-0.206543	0.663574	152.703417	-84.228686	-7.775764
29295		9.697882	1.271439	-1.525244	-0.039690	0.143186	-0.083420	-0.375244	-0.203613	0.672852	151.896256	-84.279335	-6.982233
29296		9.713986	1.187598	-1.444857	-0.054481	0.156340	-0.088712	-0.375488	-0.198730	0.661865	151.000518	-84.332269	-6.108120
29297		9.888434	1.030505	-1.432107	-0.051611	0.152809	-0.092400	-0.372559	-0.204834	0.660156	150.084030	-84.382678	-5.211218
29298		9.863251	0.802437	-1.457451	-0.041154	0.148573	-0.095591	-0.375244	-0.203857	0.663818	149.151887	-84.426983	-4.293003
29299		9.679457	0.696619	-1.382356	-0.028872	0.137573	-0.087062	-0.381348	-0.205811	0.665283	148.291058	-84.468607	-3.439388
29300		9.444861	0.529774	-1.399572	-0.020757	0.130838	-0.063699	-0.368896	-0.207764	0.659180	147.559688	-84.511341	-2.711267
29301		9.406862	0.523186	-1.423317	-0.036004	0.119721	-0.045096	-0.376953	-0.200684	0.670166	146.939703	-84.555177	-2.103927
29302		9.356876	0.566637	-1.434611	-0.047063	0.129760	-0.024240	-0.381104	-0.214844	0.665283	146.373822	-84.608263	-1.557290
29303		9.376889	0.619906	-1.425432	-0.065194	0.144624	0.000184	-0.380371	-0.213379	0.663086	145.860727	-84.677215	-1.074079
29304		9.496761	0.758222	-1.486725	-0.073444	0.154493	0.022718	-0.382080	-0.206543	0.662109	145.409260	-84.756256	-0.657645
29305		9.586487	0.868687	-1.421090	-0.080507	0.169528	0.038562	-0.384521	-0.207764	0.660156	144.969011	-84.848714	-0.256729
29306		9.696725	0.881802	-1.459185	-0.083389	0.186103	0.044082	-0.379395	-0.215332	0.658447	144.477697	-84.948990	0.193869
29307		9.667594	0.920545	-1.500722	-0.091161	0.204679	0.047418	-0.389893	-0.215088	0.659912	143.909046	-85.060037	0.717312
29308		9.521638	0.904531	-1.429523	-0.095982	0.211511	0.043475	-0.387939	-0.210205	0.653564	143.262908	-85.171008	1.315909
29309		9.396622	0.925582	-1.392845	-0.100160	0.219042	0.038285	-0.386230	-0.218262	0.655273	142.524846	-85.284395	2.004010
29310		9.287309	0.957020	-1.474389	-0.089008	0.221692	0.028893	-0.378906	-0.207275	0.657959	141.694301	-85.393489	2.791438
29311		9.250003	0.909430	-1.492526	-0.072364	0.225014	0.029155	-0.395508	-0.212646	0.648926	140.821058	-85.504409	3.630943
29312		9.214910	0.895637	-1.507606	-0.049800	0.228794	0.035367	-0.396484	-0.211914	0.651611	139.934902	-85.617020	4.496440
29313		9.171724	0.875971	-1.463804	-0.036224	0.229586	0.044330	-0.394043	-0.213867	0.652588	139.057787	-85.733563	5.360397
29314		9.174815	0.913510	-1.520362	-0.023522	0.218791	0.061286	-0.393555	-0.211914	0.650879	138.297145	-85.849638	6.114873
29315		9.164032	0.966764	-1.567799	-0.027964	0.221780	0.079325	-0.393799	-0.212646	0.651367	137.581859	-85.974327	6.821066
29316		9.166965	1.050260	-1.589743	-0.040443	0.231939	0.095402	-0.394531	-0.204346	0.653076	136.854865	-86.107759	7.531862
29317		9.160747	1.086184	-1.667056	-0.049400	0.230585	0.112510	-0.395752	-0.207275	0.643799	136.187771	-86.247807	8.177465
29318		9.155326	1.120747	-1.743710	-0.060266	0.243968	0.131041	-0.398926	-0.218262	0.643555	135.498428	-86.399192	8.838916
29319		9.112189	1.100470	-1.778840	-0.075852	0.260326	0.149784	-0.406738	-0.205811	0.646484	134.755007	-86.565215	9.545222
29320		8.991303	1.063148	-1.776176	-0.084526	0.267103	0.166746	-0.411865	-0.210205	0.640869	134.003529	-86.739361	10.254758
29321		8.862411	0.970562	-1.749750	-0.084692	0.261187	0.189489	-0.405762	-0.205811	0.644531	133.380184	-86.921039	10.835791
29322		8.766658	0.869611	-1.852295	-0.082700	0.239401	0.204599	-0.412109	-0.203125	0.639893	132.980972	-87.099231	11.193385
29323		8.666635	0.823481	-1.811220	-0.097592	0.216040	0.215808	-0.412109	-0.205322	0.638916	132.822065	-87.273753	11.301950
29324		8.541525	0.888750	-1.828656	-0.118061	0.167503	0.227869	-0.417480	-0.208984	0.634277	133.193019	-87.433540	10.868168
29325		8.420072	1.039250	-2.004570	-0.139670	0.114105	0.237001	-0.412109	-0.212158	0.637451	134.213342	-87.576481	9.771994
29326		8.375884	1.162674	-2.142437	-0.150663	0.087093	0.249159	-0.412109	-0.205811	0.636719	135.754424	-87.711554	8.148495
29327		8.443588	1.242478	-2.287418	-0.150669	0.055827	0.266720	-0.409424	-0.201172	0.634277	138.012977	-87.838705	5.806965
29328		8.618268	1.152472	-2.401122	-0.160596	0.030801	0.270575	-0.413330	-0.206787	0.635498	140.846178	-87.951703	2.885058
29329		8.751182	1.027099	-2.638401	-0.190031	0.023011	0.263169	-0.406738	-0.205078	0.636963	143.972315	-88.053251	-0.346612
29330		8.846154	0.867043	-2.672491	-0.228063	0.027309	0.247470	-0.414795	-0.205322	0.634277	147.130187	-88.145024	-3.631682
29331		8.977034	0.834721	-2.758387	-0.249328	0.047216	0.208385	-0.414795	-0.195557	0.630127	149.796543	-88.229322	-6.437038
29332		8.983332	0.810526	-2.783874	-0.238641	0.037082	0.165375	-0.418213	-0.208008	0.630859	152.077691	-88.292486	-8.850749
29333		8.933913	0.782440	-3.003908	-0.232722	0.027487	0.141193	-0.416016	-0.204102	0.638428	154.199763	-88.341744	-11.101721
29334		8.839228	0.755820	-3.039519	-0.236107	0.020902	0.141829	-0.421631	-0.210205	0.628906	156.502197	-88.385027	-13.535147
29335		8.848011	0.760304	-2.982003	-0.277788	0.033192	0.164807	-0.413574	-0.197754	0.631348	159.277448	-88.436565	-16.465411
29336		9.033811	0.723631	-3.150555	-0.333156	0.046953	0.175198	-0.412354	-0.208740	0.628662	162.317782	-88.493452	-19.692509
29337		9.371987	0.548981	-3.030410	-0.383921	0.077472	0.168439	-0.419678	-0.207520	0.629150	165.257656	-88.561087	-22.847925
29338		9.688263	0.116598	-2.535205	-0.391460	0.089388	0.140758	-0.413086	-0.224609	0.631104	167.761875	-88.628126	-25.571974
29339		10.202374	-0.564090	-2.047398	-0.382342	0.062474	0.086750	-0.417969	-0.208008	0.633301	169.336587	-88.670905	-27.361197
29340		10.826557	-1.028751	-1.909984	-0.352017	-0.004922	-0.023242	-0.412842	-0.215332	0.621094	168.612622	-88.663981	-26.833502
29341		11.275187	-1.208102	-1.726848	-0.297299	-0.039378	-0.165376	-0.408691	-0.203125	0.632813	164.811245	-88.617992	-23.196076
29342		11.513945	-1.382492	-1.230058	-0.237889	-0.070865	-0.277184	-0.417236	-0.226563	0.627930	159.137208	-88.528567	-17.651348
29343		11.647707	-1.492937	-0.565190	-0.201467	-0.094664	-0.357381	-0.416504	-0.220703	0.627441	152.927834	-88.393536	-11.549832
29344		11.817106	-1.288604	-0.323725	-0.150161	-0.087231	-0.446918	-0.411621	-0.226563	0.630371	146.256613	-88.219103	-4.956503
29345		11.965221	-0.768211	-0.450825	-0.151997	-0.077133	-0.547547	-0.409180	-0.223389	0.625977	139.468415	-87.992426	1.753461
29346		11.784040	0.109052	-0.378436	-0.240077	-0.058438	-0.582849	-0.416992	-0.240234	0.636230	133.487078	-87.736628	7.606566
29347		11.321613	1.086269	-0.147185	-0.388260	-0.032906	-0.549513	-0.409424	-0.238037	0.632324	128.698243	-87.485508	12.182102
29348		11.031230	1.652033	0.425593	-0.486968	0.010462	-0.493780	-0.410645	-0.236328	0.630859	124.663065	-87.261061	15.947492
29349		10.892400	1.784886	1.041872	-0.549532	0.046242	-0.463061	-0.412109	-0.255615	0.630371	121.051075	-87.051511	19.253985
29350		10.768692	1.576131	1.643186	-0.558238	0.082124	-0.449761	-0.410645	-0.247070	0.626709	117.622665	-86.849000	22.372235
29351		10.658247	1.083640	2.016481	-0.551682	0.120802	-0.456742	-0.404297	-0.257080	0.626465	114.241017	-86.643115	25.447976
29352		10.644757	0.876420	2.126619	-0.581612	0.153784	-0.465111	-0.406982	-0.263184	0.628662	110.902735	-86.430114	28.463797
29353		10.555466	0.809485	2.250700	-0.588757	0.191935	-0.455175	-0.402588	-0.269775	0.613281	107.646931	-86.219673	31.393577
29354		10.394842	0.563524	2.205525	-0.530414	0.184917	-0.413158	-0.407959	-0.275879	0.621094	104.893109	-86.021562	33.854405
29355		10.323765	0.229446	2.289469	-0.470246	0.186539	-0.348933	-0.415039	-0.282715	0.618896	102.527463	-85.852372	35.961115
29356		10.281519	-0.065864	2.228439	-0.425882	0.176492	-0.272921	-0.408203	-0.279053	0.617676	100.541245	-85.718985	37.713335
29357		9.999713	-0.259992	2.110670	-0.386222	0.157030	-0.204913	-0.403076	-0.290527	0.612061	98.916447	-85.618430	39.126133
29358		9.820863	-0.346187	1.855601	-0.340326	0.146062	-0.136094	-0.408203	-0.291748	0.612793	97.530109	-85.552937	40.326317
29359		9.876653	-0.453859	1.565468	-0.274977	0.142063	-0.070346	-0.408691	-0.290527	0.607422	96.302624	-85.522775	41.404655
29360		9.862849	-0.677101	1.392060	-0.196458	0.121114	-0.018695	-0.415283	-0.293701	0.610596	95.320818	-85.518928	42.281855
29361		9.894778	-0.771574	1.254456	-0.127976	0.122378	0.029793	-0.402832	-0.285645	0.606689	94.397881	-85.542143	43.139255
29362		9.971048	-0.771607	1.147216	-0.064244	0.124843	0.081876	-0.412598	-0.291260	0.607422	93.508333	-85.593711	43.999846
29363		9.789347	-0.867210	1.085820	-0.009511	0.116329	0.132102	-0.406006	-0.284424	0.604248	92.711305	-85.673325	44.798993
29364		9.563815	-0.851673	1.071916	0.044900	0.115471	0.171884	-0.410400	-0.291992	0.603760	91.933331	-85.774291	45.610229
29365		9.332912	-0.843306	1.003932	0.112883	0.116543	0.197605	-0.421631	-0.284668	0.613037	91.149891	-85.889803	46.465783
29366		9.324148	-0.737628	0.938454	0.170324	0.129696	0.220361	-0.407227	-0.289795	0.599609	90.247206	-86.016890	47.473847
29367		9.357654	-0.749653	0.992429	0.221770	0.141391	0.240171	-0.415771	-0.289307	0.612061	89.206617	-86.154776	48.649372
29368		9.354432	-0.625079	1.069460	0.247278	0.146055	0.260542	-0.418701	-0.279053	0.604248	88.055109	-86.302010	49.950656
29369		9.435127	-0.396815	1.049079	0.285342	0.127641	0.298115	-0.413818	-0.277588	0.610107	86.970838	-86.470261	51.206005
29370		9.440007	-0.271662	1.011133	0.301186	0.114082	0.330770	-0.413086	-0.273926	0.610840	85.893257	-86.655404	52.463692
29371		9.402821	-0.084449	0.923134	0.312006	0.091723	0.355271	-0.425781	-0.261230	0.604980	84.888010	-86.854951	53.654744
29372		9.481662	0.094479	0.834301	0.312771	0.093722	0.373046	-0.419189	-0.267334	0.603271	83.697338	-87.062415	55.031837
29373		9.339609	0.229265	0.834793	0.295928	0.074731	0.377703	-0.423340	-0.262695	0.602295	82.509768	-87.273100	56.395762
29374		9.066013	0.303154	0.741584	0.287713	0.058018	0.361031	-0.421631	-0.260986	0.603271	81.365391	-87.473438	57.711646
29375		8.761627	0.379590	0.660623	0.275533	0.054879	0.332173	-0.427979	-0.258789	0.611084	80.102250	-87.657188	59.138994
29376		8.834407	0.453466	0.490942	0.275720	0.060515	0.298199	-0.427002	-0.259521	0.611816	78.645845	-87.818985	60.759915
29377		9.090747	0.387995	0.345082	0.265795	0.061650	0.285436	-0.425293	-0.254395	0.609131	76.949969	-87.972378	62.614389
29378		9.322686	0.282424	0.229449	0.259474	0.064670	0.270069	-0.433105	-0.252441	0.606201	75.000772	-88.113892	64.718757
29379		9.435207	0.117582	0.100216	0.248116	0.068321	0.247362	-0.426758	-0.241699	0.619385	72.757747	-88.240244	67.110200
29380		9.357672	0.013332	0.014144	0.240085	0.073000	0.211234	-0.430420	-0.246338	0.609863	70.338688	-88.342304	69.673234
29381		9.372384	-0.041537	-0.074942	0.238319	0.070991	0.182398	-0.427734	-0.242676	0.619141	67.840493	-88.426589	72.314163
29382		9.442823	-0.116593	-0.165558	0.257690	0.074208	0.171217	-0.431152	-0.234863	0.618652	65.137299	-88.500208	75.171308
29383		9.428464	-0.136819	-0.234212	0.276465	0.070347	0.182611	-0.427979	-0.232178	0.614014	62.091618	-88.577308	78.381584
29384		9.414385	-0.178834	-0.388991	0.287263	0.062776	0.194651	-0.429688	-0.224854	0.608887	58.743740	-88.657337	81.900353
29385		9.398215	-0.176669	-0.506559	0.306006	0.058294	0.211821	-0.434570	-0.231934	0.623047	54.786787	-88.741949	86.038856
29386		9.186309	-0.055245	-0.516127	0.306017	0.036763	0.219604	-0.442139	-0.224609	0.611816	50.640862	-88.830305	90.366363
29387		9.031888	0.083288	-0.657947	0.305180	0.017591	0.213747	-0.438232	-0.218750	0.612793	46.326248	-88.916801	94.861794
29388		9.077355	0.236220	-0.777005	0.308841	0.008120	0.193461	-0.434570	-0.218018	0.614990	42.038832	-88.991907	99.332184
29389		9.050657	0.311655	-0.801041	0.307683	0.003120	0.161776	-0.434082	-0.224609	0.621338	38.005682	-89.051671	103.547358
29390		8.954467	0.324188	-0.809660	0.301416	-0.013907	0.114758	-0.431885	-0.208252	0.616211	35.272521	-89.098596	106.458875
29391		8.873853	0.276508	-0.866997	0.293965	-0.052170	0.069156	-0.432129	-0.221924	0.617432	34.447412	-89.147315	107.457622
29392		8.830703	0.299889	-0.930364	0.286670	-0.075842	0.022513	-0.425293	-0.207520	0.616455	35.678144	-89.191599	106.396307
29393		8.742880	0.214249	-0.916879	0.290710	-0.098539	-0.017580	-0.433838	-0.209229	0.623291	38.938689	-89.231970	103.307096
29394		8.626202	0.144098	-0.971247	0.292418	-0.125716	-0.053271	-0.421387	-0.205078	0.612549	44.598405	-89.266582	97.819732
29395		8.545358	0.061702	-1.073148	0.310067	-0.167144	-0.082232	-0.424316	-0.206299	0.621826	53.052921	-89.295748	89.547334
29396		8.465739	-0.043551	-1.129052	0.324061	-0.210341	-0.108508	-0.426025	-0.210938	0.630371	64.464247	-89.305948	78.326129
29397		8.367855	-0.058098	-1.191964	0.331030	-0.267640	-0.124035	-0.427734	-0.201416	0.624268	78.482794	-89.288335	64.501309
29398		8.342575	-0.019775	-1.310302	0.325280	-0.339253	-0.134877	-0.416992	-0.200928	0.635254	94.160837	-89.223143	49.013628
29399		8.189279	0.056026	-1.507100	0.319963	-0.406193	-0.133223	-0.418701	-0.201660	0.627686	109.042342	-89.100987	34.319027
29400		8.104555	0.115157	-1.634249	0.310483	-0.457861	-0.135493	-0.416260	-0.191895	0.627686	121.164239	-88.917659	22.378545
29401		8.224281	0.135592	-1.891786	0.313954	-0.491278	-0.132573	-0.417480	-0.199707	0.646973	130.266753	-88.690640	13.459117
29402		8.394929	0.171925	-2.038909	0.320563	-0.504010	-0.134146	-0.415771	-0.194336	0.635498	136.743100	-88.434549	7.169759
29403		8.541871	0.245109	-2.036336	0.319170	-0.502524	-0.130799	-0.410645	-0.198242	0.648926	141.436097	-88.166843	2.662788
29404		8.660220	0.174688	-2.125281	0.318269	-0.503616	-0.148093	-0.399658	-0.198730	0.648682	144.711896	-87.883759	-0.427202
29405		8.843441	0.170169	-2.044820	0.328984	-0.478284	-0.175486	-0.395264	-0.195313	0.654785	146.752850	-87.599519	-2.275982
29406		9.207753	0.143044	-2.027271	0.332139	-0.446888	-0.193338	-0.403809	-0.183350	0.658936	147.977555	-87.322745	-3.306115
29407		9.521712	-0.021904	-1.948872	0.336872	-0.414834	-0.207868	-0.398193	-0.190430	0.658691	148.686352	-87.056665	-3.817352
29408		9.704186	-0.086105	-1.872050	0.346583	-0.384021	-0.217716	-0.394775	-0.183350	0.655273	149.035796	-86.802412	-3.963149
29409		9.670593	-0.273799	-1.948127	0.374085	-0.368603	-0.238480	-0.384033	-0.182617	0.659912	149.133962	-86.549698	-3.841628
29410		9.589731	-0.336521	-2.008937	0.406387	-0.352753	-0.257981	-0.383789	-0.176514	0.672119	149.017763	-86.298930	-3.486617
29411		9.552331	-0.461108	-2.205705	0.460699	-0.324745	-0.263998	-0.384277	-0.186768	0.662598	148.812011	-86.060102	-3.010683
29412		9.579413	-0.636928	-2.271182	0.520230	-0.300160	-0.268373	-0.380859	-0.177002	0.665771	148.534999	-85.831827	-2.428868
29413		9.622297	-0.638171	-2.128217	0.573440	-0.274663	-0.272706	-0.384277	-0.171143	0.667236	148.217635	-85.614498	-1.775998
29414		9.701020	-0.520318	-1.961173	0.599287	-0.239572	-0.270961	-0.372070	-0.171631	0.667969	147.824715	-85.414430	-1.032156
29415		9.955693	-0.224546	-1.730598	0.595127	-0.210692	-0.259791	-0.364990	-0.166504	0.672852	147.447815	-85.231388	-0.306698
29416		10.315900	0.114588	-1.415936	0.579779	-0.188259	-0.225451	-0.370117	-0.169434	0.678955	147.199981	-85.069454	0.280705
29417		10.792435	0.492890	-1.330761	0.518126	-0.199797	-0.170391	-0.363525	-0.155273	0.679932	147.294676	-84.918950	0.488820
29418		11.348452	0.865561	-1.320120	0.437129	-0.169098	-0.088215	-0.365234	-0.159424	0.669434	147.665000	-84.808682	0.373769
29419		11.713280	1.130588	-1.075215	0.344846	-0.123593	-0.020266	-0.360840	-0.145020	0.671631	148.193086	-84.741070	0.047071
29420		12.060732	1.435528	-0.537203	0.266949	-0.087690	0.021751	-0.365234	-0.146973	0.679688	148.759438	-84.703342	-0.362790
29421		12.402777	1.900503	-0.204590	0.114409	-0.071621	0.073327	-0.364258	-0.148682	0.668945	149.466030	-84.688205	-1.001395
29422		12.340610	2.400848	-0.481663	-0.048763	-0.078523	0.137819	-0.355713	-0.147705	0.673828	150.429069	-84.687371	-1.991347
29423		12.069642	2.062721	-1.448171	-0.061346	-0.127839	0.200147	-0.363525	-0.138916	0.680176	151.876757	-84.676975	-3.475393
29424		11.433114	0.697561	-2.206003	0.072530	-0.145695	0.222786	-0.370361	-0.142334	0.676270	153.556815	-84.659822	-5.115712
29425		10.980462	-0.898951	-2.659511	0.292179	-0.089125	0.205377	-0.362549	-0.137939	0.677246	155.118603	-84.663034	-6.510957
29426		11.334773	-1.939036	-2.051130	0.487174	0.036394	0.195008	-0.362061	-0.124023	0.679932	156.414752	-84.726404	-7.527050
29427		11.785869	-2.107583	-1.148792	0.606475	0.058882	0.207493	-0.362305	-0.128662	0.676270	157.837894	-84.801884	-8.602021
29428		11.685295	-1.796025	-0.475904	0.636095	0.060888	0.225886	-0.360352	-0.119385	0.679199	159.407705	-84.880013	-9.806979
29429		11.380907	-1.392123	0.168619	0.661265	0.065770	0.215876	-0.360840	-0.115723	0.678955	160.975711	-84.955551	-10.995632
29430		11.000374	-0.676484	0.807950	0.629489	0.108503	0.186064	-0.372314	-0.110596	0.676758	162.279633	-85.046592	-11.937185
29431		10.685630	0.060511	1.158875	0.593953	0.161747	0.190350	-0.366211	-0.107910	0.679688	163.543868	-85.165428	-12.859341
29432		10.324465	0.785787	1.309772	0.556366	0.227642	0.199936	-0.363525	-0.099121	0.677246	164.769074	-85.320600	-13.763608
29433		10.084843	1.242885	1.470396	0.546144	0.296089	0.223021	-0.359863	-0.100098	0.675781	166.117395	-85.515179	-14.797189
29434		9.852213	1.321632	1.784355	0.514518	0.339171	0.246104	-0.366211	-0.089355	0.675293	167.640007	-85.734860	-16.023295
29435		9.711249	1.439404	1.858187	0.435525	0.336345	0.263015	-0.363037	-0.082764	0.680664	169.417946	-85.952014	-17.550587
29436		9.657967	1.386811	1.717816	0.360425	0.322445	0.249638	-0.368652	-0.075928	0.673340	171.226947	-86.156581	-19.151592
29437		9.576555	1.234854	1.617657	0.282829	0.302982	0.202243	-0.373779	-0.076416	0.670410	172.793990	-86.342970	-20.554460
29438		9.582185	1.145540	1.444971	0.203177	0.262066	0.138190	-0.369629	-0.072266	0.670166	173.897160	-86.499667	-21.537856
29439		9.585275	1.025641	1.270785	0.117242	0.218280	0.082576	-0.372803	-0.072998	0.661621	174.560321	-86.627288	-22.129773
29440		9.605852	0.999057	1.222681	0.025063	0.174043	0.034350	-0.366211	-0.075439	0.666260	174.759346	-86.726779	-22.309461
29441		9.622272	1.044274	1.147034	-0.075966	0.129365	-0.002430	-0.367188	-0.075439	0.666016	174.590783	-86.798967	-22.179077
29442		9.492224	1.231088	1.170527	-0.160101	0.087770	-0.042972	-0.375977	-0.079590	0.662109	173.974885	-86.844926	-21.648816
29443		9.237732	1.357228	1.034646	-0.216037	0.057544	-0.071541	-0.376953	-0.076904	0.664551	173.061997	-86.871675	-20.853364
29444		9.087915	1.289116	1.033091	-0.248640	0.039324	-0.092784	-0.375000	-0.072998	0.659912	171.907277	-86.885437	-19.834315
29445		9.130387	1.168050	0.960716	-0.263847	0.027457	-0.110490	-0.372314	-0.073242	0.663818	170.581580	-86.890068	-18.652888
29446		9.325510	0.947888	0.863277	-0.270719	0.009430	-0.127212	-0.375488	-0.079102	0.658203	169.100030	-86.880916	-17.319201
29447		9.304016	0.750101	0.789812	-0.275919	-0.005198	-0.141687	-0.375732	-0.083008	0.664551	167.518949	-86.860369	-15.888907
29448		9.225681	0.680196	0.691210	-0.274811	-0.012135	-0.162815	-0.374512	-0.084961	0.652100	165.755029	-86.830444	-14.274718
29449		9.210897	0.607518	0.641715	-0.263118	-0.018760	-0.173409	-0.371338	-0.090820	0.661377	163.953052	-86.793027	-12.615755
29450		9.316331	0.542612	0.559851	-0.255751	-0.003452	-0.178506	-0.376221	-0.089600	0.653564	162.092800	-86.759694	-10.894035
29451		9.363192	0.518798	0.509009	-0.234618	0.004477	-0.181577	-0.370117	-0.089355	0.655762	160.233410	-86.727548	-9.161096
29452		9.226352	0.544695	0.469782	-0.210199	0.011860	-0.171260	-0.377441	-0.091553	0.659668	158.486960	-86.697773	-7.527115
29453		9.142058	0.565150	0.459255	-0.175404	0.016028	-0.151792	-0.376465	-0.090088	0.655762	156.957180	-86.672409	-6.090250
29454		8.963287	0.504508	0.466413	-0.146871	0.025672	-0.130278	-0.374268	-0.091064	0.656738	155.615049	-86.654342	-4.824847
29455		8.926682	0.534711	0.433985	-0.134529	0.039976	-0.115170	-0.367676	-0.098877	0.651123	154.370988	-86.646390	-3.650679
29456		8.970143	0.574901	0.445658	-0.124784	0.063714	-0.096112	-0.368896	-0.089355	0.653809	153.196828	-86.653329	-2.540839
29457		9.138650	0.690778	0.427540	-0.132698	0.088576	-0.079976	-0.376953	-0.092285	0.650391	152.042185	-86.676575	-1.455207
29458		9.297947	0.892866	0.418915	-0.126502	0.092645	-0.066837	-0.373047	-0.100098	0.651855	150.967832	-86.703500	-0.446373
29459		9.299630	1.019032	0.376831	-0.127366	0.082528	-0.055919	-0.371094	-0.101807	0.651611	150.023103	-86.728183	0.432009
29460		9.386475	1.035012	0.288425	-0.142007	0.078672	-0.058968	-0.379639	-0.087891	0.651367	149.048714	-86.748477	1.331770
29461		9.416569	1.124876	0.231071	-0.157023	0.081172	-0.063651	-0.376709	-0.102295	0.649658	148.000418	-86.768448	2.296834
29462		9.383372	1.133401	0.174925	-0.170833	0.082648	-0.069915	-0.370850	-0.107178	0.640381	146.870483	-86.785395	3.335811
29463		9.335779	1.022430	0.066427	-0.162830	0.079218	-0.066236	-0.383057	-0.097168	0.647705	145.783430	-86.801505	4.336334
29464		9.275486	0.877407	-0.065700	-0.157102	0.063206	-0.051546	-0.377930	-0.117920	0.644287	144.909857	-86.813133	5.126400
29465		9.203774	0.783943	-0.190785	-0.169043	0.067424	-0.034289	-0.376709	-0.101318	0.640869	144.139830	-86.832587	5.805821
29466		9.157476	0.756907	-0.352230	-0.182911	0.068384	-0.009864	-0.375000	-0.107178	0.642822	143.554705	-86.859543	6.292160
29467		9.128077	0.795005	-0.409887	-0.201073	0.067134	0.012889	-0.369385	-0.103760	0.635498	143.146290	-86.894210	6.591023
29468		9.293017	0.784750	-0.536837	-0.218835	0.066874	0.028535	-0.374756	-0.114746	0.639648	142.858149	-86.933318	6.759302
29469		9.382298	0.745723	-0.736622	-0.246054	0.068959	0.042944	-0.377441	-0.109375	0.635986	142.655041	-86.979044	6.826742
29470		9.310774	0.835884	-0.769808	-0.283021	0.063074	0.047904	-0.373047	-0.111084	0.639893	142.513281	-87.023098	6.811601
29471		9.162240	0.949448	-0.846267	-0.313660	0.042998	0.062815	-0.382568	-0.113525	0.634766	142.616493	-87.063887	6.533526
29472		9.100385	0.951699	-0.890552	-0.339228	0.030512	0.076215	-0.373291	-0.110840	0.637207	142.920789	-87.102899	6.039505
29473		8.982701	0.974810	-0.934519	-0.360897	0.018298	0.086358	-0.380371	-0.114502	0.641846	143.396187	-87.140254	5.361704
29474		9.002036	0.886907	-1.079851	-0.376932	0.015247	0.105762	-0.377441	-0.108154	0.636475	144.085255	-87.181795	4.460843
29475		9.049568	0.809797	-1.129749	-0.393839	0.017596	0.130684	-0.377686	-0.115723	0.637451	145.009729	-87.232667	3.314594
29476		9.043925	0.786983	-1.177144	-0.411230	0.015705	0.151594	-0.370605	-0.114258	0.637695	146.189145	-87.287795	1.903226
29477		9.098623	0.674723	-1.288673	-0.423006	0.008980	0.168281	-0.370117	-0.118896	0.629639	147.629578	-87.343897	0.223834
29478		9.104981	0.593914	-1.266939	-0.431892	0.001278	0.174714	-0.369873	-0.123535	0.628174	149.253530	-87.395504	-1.644264
29479		9.142562	0.604736	-1.389179	-0.452081	-0.009462	0.178364	-0.372314	-0.123779	0.628418	151.039338	-87.440733	-3.685913
29480		9.156848	0.626603	-1.363896	-0.462695	-0.021662	0.185643	-0.383789	-0.127197	0.628418	153.044474	-87.478181	-5.953103
29481		9.083820	0.676049	-1.403271	-0.465587	-0.036406	0.202727	-0.374512	-0.122070	0.629639	155.392863	-87.508876	-8.565492
29482		9.026108	0.650955	-1.404410	-0.456664	-0.049851	0.222197	-0.376709	-0.131104	0.624268	158.111798	-87.531372	-11.543586
29483		8.968506	0.574076	-1.440656	-0.448732	-0.073868	0.252191	-0.380127	-0.134766	0.625000	161.361966	-87.540552	-15.048830
29484		9.062661	0.446958	-1.477917	-0.453591	-0.102416	0.264009	-0.374756	-0.136475	0.616211	164.874074	-87.526747	-18.819038
29485		9.068490	0.399920	-1.548338	-0.477435	-0.134617	0.257826	-0.372314	-0.139160	0.627930	168.322958	-87.484660	-22.539723
29486		9.048049	0.382553	-1.714760	-0.484942	-0.155954	0.247365	-0.373047	-0.129395	0.620361	171.543396	-87.419811	-26.036187
29487		9.250447	0.368057	-1.937476	-0.492350	-0.165177	0.236265	-0.378174	-0.133545	0.623291	174.459373	-87.340969	-29.232322
29488		9.267763	0.308056	-2.022234	-0.470981	-0.157809	0.239503	-0.375488	-0.129639	0.619385	177.237626	-87.259065	-32.278528
29489		9.214578	0.191395	-2.163347	-0.437082	-0.148388	0.238193	-0.374756	-0.129395	0.626221	179.844914	-87.176057	-35.134333
29490		9.348654	0.154072	-2.247264	-0.410185	-0.132602	0.237064	-0.374756	-0.146240	0.622314	-177.700084	-87.095903	-37.822432
29491		9.523107	0.116414	-2.212331	-0.387644	-0.111590	0.235405	-0.368652	-0.145752	0.619873	-175.373515	-87.022365	-40.369180
29492		9.626452	0.137071	-2.323116	-0.374925	-0.085272	0.235544	-0.374268	-0.145508	0.621338	-173.125981	-86.958601	-42.829644
29493		9.565843	0.280537	-2.273065	-0.387972	-0.072072	0.242398	-0.369873	-0.148438	0.620850	-170.892197	-86.896757	-45.283971
29494		9.581817	0.456170	-2.418381	-0.404036	-0.060854	0.248352	-0.371338	-0.152344	0.614746	-168.679538	-86.835601	-47.726500
29495		9.567226	0.696834	-2.477934	-0.435736	-0.047794	0.244775	-0.365234	-0.160889	0.610840	-166.581473	-86.777105	-50.072592
29496		9.393761	0.815112	-2.643556	-0.474383	-0.037229	0.249227	-0.374512	-0.157959	0.614502	-164.515761	-86.719235	-52.408587
29497		9.315418	0.794534	-2.493491	-0.512270	-0.023437	0.251657	-0.373779	-0.151611	0.613281	-162.489139	-86.663658	-54.727306
29498		9.428811	0.596904	-2.252274	-0.555997	-0.007168	0.229612	-0.368408	-0.161865	0.611572	-160.707646	-86.616694	-56.825690
29499		9.790457	0.113165	-1.837356	-0.535572	-0.017075	0.173421	-0.370850	-0.162109	0.615723	-159.508666	-86.571908	-58.328909
29500		10.247043	-0.400014	-1.539753	-0.497291	-0.026755	0.070015	-0.365234	-0.166504	0.607422	-159.264275	-86.541929	-58.853896
29501		10.779399	-0.926330	-1.512449	-0.377482	-0.010540	-0.077704	-0.366699	-0.169922	0.604492	-160.215899	-86.549860	-58.111933
29502		11.231645	-1.484818	-1.566109	-0.214875	0.012456	-0.231250	-0.363525	-0.167236	0.604492	-162.401475	-86.597562	-56.040491
29503		11.340784	-2.022307	-1.162266	-0.132325	0.027385	-0.331432	-0.365234	-0.170898	0.606201	-165.509706	-86.663213	-52.997558
29504		11.390539	-2.119752	-0.880521	-0.104777	0.007725	-0.377654	-0.362305	-0.175537	0.601074	-169.204075	-86.713339	-49.351860
29505		11.467340	-1.783973	-0.656318	-0.082652	0.003774	-0.416328	-0.362549	-0.179688	0.601807	-173.375663	-86.749584	-45.215661
29506		11.397440	-1.143259	-0.543071	-0.051635	-0.005138	-0.479209	-0.364746	-0.178711	0.600098	-178.241501	-86.765108	-40.366375
29507		11.181865	-0.345829	-0.408798	-0.041700	-0.018458	-0.500833	-0.365234	-0.187012	0.598877	176.678798	-86.748545	-35.297222
29508		11.015584	0.368552	-0.349222	-0.055452	-0.017993	-0.496091	-0.367188	-0.183350	0.604736	171.724212	-86.707908	-30.361094
29509		10.900653	1.044323	-0.325395	-0.105223	-0.011027	-0.462605	-0.363037	-0.183594	0.593506	167.204085	-86.651191	-25.888514
29510		10.770846	1.506104	-0.198771	-0.185511	0.005007	-0.421177	-0.368652	-0.188965	0.592285	163.145143	-86.590593	-21.923698
29511		10.682842	1.588346	0.137630	-0.254395	0.046004	-0.358061	-0.354248	-0.202393	0.586670	159.631411	-86.548164	-18.544416
29512		10.534859	1.305690	0.739670	-0.271555	0.070699	-0.294032	-0.362793	-0.210205	0.583252	156.658800	-86.521507	-15.716950
29513		10.318950	0.866672	1.206686	-0.257968	0.099573	-0.241208	-0.357178	-0.203857	0.586182	154.073393	-86.513946	-13.269559
29514		10.236729	0.525621	1.517029	-0.231620	0.130126	-0.228784	-0.364746	-0.211914	0.588867	151.482240	-86.518810	-10.801276
29515		10.263293	0.433286	1.856759	-0.230069	0.172693	-0.244945	-0.365479	-0.217773	0.585938	148.552741	-86.532727	-7.993160
29516		10.325232	0.430217	1.893315	-0.229673	0.204993	-0.280899	-0.365234	-0.217041	0.580322	145.151762	-86.541673	-4.712509
29517		10.277437	0.411298	1.983833	-0.243072	0.219346	-0.300964	-0.361572	-0.215576	0.575928	141.504338	-86.538034	-1.192659
29518		10.240844	0.436038	2.023471	-0.280905	0.229140	-0.295635	-0.357666	-0.220215	0.570801	137.831441	-86.527206	2.331016
29519		10.080942	0.473690	1.934359	-0.328807	0.235495	-0.274719	-0.363770	-0.230469	0.580566	134.261173	-86.513860	5.724431
29520		9.998948	0.477852	1.883082	-0.369751	0.236051	-0.247992	-0.368164	-0.231934	0.565430	130.867078	-86.499547	8.917882
29521		9.912050	0.427340	1.738325	-0.388932	0.227221	-0.227387	-0.369873	-0.234863	0.572266	127.679469	-86.480076	11.893519
29522		9.874708	0.299020	1.605529	-0.383401	0.212513	-0.203054	-0.362793	-0.234131	0.555664	124.779871	-86.457182	14.583829
29523		9.787438	0.083128	1.475371	-0.342864	0.198507	-0.176677	-0.364502	-0.238525	0.556885	122.179843	-86.434647	16.997339
29524		9.808417	-0.197125	1.357251	-0.291261	0.171252	-0.133258	-0.375977	-0.241455	0.563721	120.062919	-86.419110	18.956469
29525		9.798329	-0.594095	1.195899	-0.222153	0.140401	-0.081614	-0.366699	-0.247803	0.556396	118.472235	-86.416960	20.428026
29526		9.801352	-0.887593	1.105776	-0.164217	0.112472	-0.031963	-0.368652	-0.250000	0.554443	117.357830	-86.430139	21.455621
29527		9.825999	-1.049045	0.951278	-0.094941	0.082847	0.016560	-0.377197	-0.250488	0.553223	116.715220	-86.459618	22.050248
29528		9.501217	-1.141524	0.871637	-0.034977	0.039126	0.061515	-0.374268	-0.247070	0.552734	116.655463	-86.500400	22.095328
29529		9.202315	-1.129552	0.774202	0.041830	0.002677	0.109734	-0.376465	-0.253174	0.553467	117.149001	-86.556717	21.630157
29530		9.259668	-0.981267	0.673174	0.118724	-0.016011	0.159181	-0.367432	-0.242676	0.550293	118.093370	-86.632476	20.757549
29531		9.428335	-0.944715	0.713521	0.185241	-0.018503	0.201759	-0.371338	-0.244629	0.559082	119.341116	-86.728379	19.619269
29532		9.529868	-0.791791	0.703481	0.234859	-0.044332	0.244892	-0.369141	-0.249756	0.549805	121.153074	-86.835942	17.944515
29533		9.565203	-0.696143	0.627254	0.289178	-0.066508	0.282984	-0.369141	-0.252441	0.548828	123.535210	-86.952184	15.730043
29534		9.621918	-0.614099	0.591880	0.341710	-0.080820	0.309654	-0.370361	-0.231689	0.556641	126.436452	-87.070048	13.026189
29535		9.571068	-0.504107	0.531818	0.379563	-0.083038	0.316155	-0.373291	-0.238525	0.555176	129.649796	-87.183017	10.031779
29536		9.528928	-0.433173	0.486078	0.394155	-0.075422	0.315676	-0.365234	-0.235107	0.559814	133.053127	-87.289166	6.855869
29537		9.470175	-0.238536	0.449172	0.397788	-0.074290	0.300342	-0.370117	-0.230225	0.560791	136.561000	-87.380828	3.577589
29538		9.437774	-0.079366	0.501653	0.366310	-0.061045	0.289212	-0.371826	-0.229004	0.556396	140.065237	-87.463696	0.285182
29539		9.363057	0.161351	0.426986	0.325682	-0.049055	0.277238	-0.379639	-0.231201	0.547852	143.536429	-87.539330	-2.997306
29540		9.238739	0.352304	0.365473	0.268108	-0.034036	0.257185	-0.371094	-0.232422	0.553223	146.833335	-87.606108	-6.138135
29541		9.105872	0.489743	0.324063	0.215737	-0.027184	0.234681	-0.374756	-0.215576	0.556152	149.950786	-87.662726	-9.129300
29542		9.054096	0.539572	0.252076	0.163917	-0.008337	0.220438	-0.374512	-0.223389	0.551758	152.874615	-87.717528	-11.956229
29543		8.986227	0.481443	0.110108	0.131194	0.008547	0.208235	-0.371582	-0.215088	0.563232	155.647958	-87.773098	-14.651254
29544		8.987498	0.417109	0.073165	0.101689	0.028209	0.199558	-0.371826	-0.219238	0.559326	158.304309	-87.831188	-17.245970
29545		8.926644	0.276167	-0.087629	0.074188	0.040971	0.180864	-0.370117	-0.216309	0.559082	160.746003	-87.888722	-19.641587
29546		8.882960	0.093737	-0.210525	0.063126	0.039111	0.156323	-0.379150	-0.220947	0.550537	162.943588	-87.936367	-21.799156
29547		8.917962	-0.024521	-0.330037	0.047550	0.041145	0.134581	-0.372070	-0.208496	0.562012	164.885464	-87.979631	-23.709756
29548		8.969954	-0.124546	-0.454377	0.044719	0.030851	0.117652	-0.373291	-0.219727	0.552246	166.669538	-88.011739	-25.464003
29549		9.042400	-0.173324	-0.578110	0.048935	0.023740	0.113107	-0.375732	-0.219482	0.552734	168.466926	-88.038178	-27.229157
29550		9.159682	-0.253706	-0.648495	0.060426	0.008321	0.111581	-0.371582	-0.216553	0.543213	170.330053	-88.053017	-29.053444
29551		9.231831	-0.256205	-0.736969	0.076004	-0.015107	0.103028	-0.374268	-0.216553	0.545166	172.146571	-88.052610	-30.822194
29552		9.220846	-0.293649	-0.878484	0.094822	-0.039913	0.090049	-0.370117	-0.223633	0.554443	173.791621	-88.034604	-32.408562
29553		9.140695	-0.303539	-0.927707	0.114453	-0.058535	0.068581	-0.379150	-0.215088	0.555908	175.098946	-88.004130	-33.645808
29554		9.098621	-0.184502	-1.024189	0.141728	-0.075174	0.041301	-0.374756	-0.208496	0.555176	175.952808	-87.961407	-34.413664
29555		9.049271	-0.191107	-1.090817	0.165881	-0.076774	0.015036	-0.369141	-0.220215	0.546631	176.384496	-87.917149	-34.745286
29556		9.020747	-0.145090	-1.156508	0.215844	-0.075895	-0.020409	-0.364746	-0.214111	0.554932	176.273261	-87.871376	-34.504942
29557		9.071360	-0.141156	-1.215958	0.254668	-0.098464	-0.060563	-0.372314	-0.214600	0.552979	175.622467	-87.811665	-33.702431
29558		9.118551	-0.181367	-1.202669	0.312318	-0.114648	-0.094877	-0.363281	-0.218262	0.548340	174.559200	-87.739933	-32.454000
29559		9.022905	-0.195123	-1.365251	0.354659	-0.143456	-0.115642	-0.368652	-0.212891	0.558350	173.356578	-87.650202	-31.041802
29560		8.953347	-0.230882	-1.630151	0.381480	-0.165341	-0.147682	-0.368896	-0.205811	0.556396	171.874700	-87.543745	-29.334574
29561		8.876738	-0.193819	-1.795962	0.398174	-0.183448	-0.156949	-0.364502	-0.208252	0.555908	170.464287	-87.425021	-27.689215
29562		8.806553	-0.195403	-1.945889	0.413456	-0.184665	-0.177219	-0.361816	-0.210938	0.558105	168.952822	-87.301151	-25.933722
29563		8.923528	-0.178040	-1.992102	0.445043	-0.199650	-0.183034	-0.364014	-0.207520	0.557129	167.581278	-87.166722	-24.300066
29564		8.894260	-0.300228	-1.937321	0.452992	-0.203990	-0.185903	-0.365967	-0.214355	0.559570	166.326407	-87.027206	-22.778420
29565		8.862517	-0.455248	-1.885741	0.448326	-0.200652	-0.201551	-0.359375	-0.209717	0.558594	165.031229	-86.886104	-21.218959
29566		8.921554	-0.500848	-1.776267	0.441626	-0.198316	-0.228846	-0.348877	-0.197021	0.560791	163.581543	-86.739648	-19.508318
29567		8.997935	-0.376081	-1.757760	0.424662	-0.195422	-0.252739	-0.355957	-0.205078	0.563232	162.037411	-86.588711	-17.712627
29568		9.038142	-0.224568	-1.773966	0.421732	-0.200224	-0.262980	-0.350098	-0.214111	0.561768	160.555382	-86.430154	-15.980473
29569		9.166130	-0.056203	-1.695865	0.412890	-0.196231	-0.251477	-0.354248	-0.212158	0.559326	159.293274	-86.273917	-14.473546
29570		9.268446	-0.007077	-1.623828	0.401472	-0.186823	-0.231357	-0.354004	-0.208984	0.563232	158.259982	-86.124603	-13.202153
29571		9.348962	-0.049998	-1.664247	0.404848	-0.178966	-0.206286	-0.350098	-0.210449	0.568604	157.483240	-85.983910	-12.185844
29572		9.385221	-0.118881	-1.600870	0.405453	-0.167051	-0.187110	-0.347168	-0.209473	0.566650	156.864689	-85.852579	-11.327531
29573		9.380369	-0.191693	-1.652680	0.413157	-0.146664	-0.175304	-0.345703	-0.207764	0.564697	156.320662	-85.734362	-10.539465
29574		9.370554	-0.285109	-1.674187	0.418531	-0.132088	-0.173463	-0.344482	-0.209717	0.569824	155.778409	-85.623339	-9.749890
29575		9.318426	-0.341665	-1.888654	0.425819	-0.127458	-0.174802	-0.341553	-0.193115	0.571289	155.255474	-85.514157	-8.975473
29576		9.265949	-0.350771	-2.067725	0.439938	-0.110826	-0.178273	-0.345703	-0.198975	0.565186	154.693057	-85.411911	-8.153134
29577		9.186997	-0.465541	-2.215119	0.448665	-0.092560	-0.192285	-0.345703	-0.199951	0.579102	154.027471	-85.315192	-7.222249
29578		9.110242	-0.555474	-2.469241	0.470249	-0.088862	-0.216198	-0.344971	-0.202393	0.575439	153.243572	-85.213078	-6.160013
29579		9.137905	-0.691500	-2.669834	0.507367	-0.072411	-0.244317	-0.337646	-0.194580	0.575195	152.307619	-85.110889	-4.923776
29580		9.129648	-0.869638	-2.713513	0.560841	-0.063026	-0.275020	-0.339844	-0.201416	0.564209	151.234826	-85.003074	-3.519144
29581		9.078829	-1.016994	-2.618043	0.601464	-0.069698	-0.305232	-0.334473	-0.195801	0.568115	150.098519	-84.881317	-2.027242
29582		9.150343	-1.053485	-2.409765	0.634941	-0.066805	-0.324310	-0.336670	-0.195068	0.569336	148.925020	-84.752616	-0.478338
29583		9.434651	-0.781163	-1.930847	0.649113	-0.057247	-0.317836	-0.334961	-0.188232	0.569824	147.834999	-84.627967	0.995083
29584		9.914674	-0.233736	-1.543516	0.619574	-0.072479	-0.269607	-0.335205	-0.197021	0.566406	147.069591	-84.508449	2.125837
29585		10.395033	0.390987	-1.384836	0.547827	-0.104067	-0.190404	-0.334961	-0.187256	0.574951	146.798917	-84.397759	2.718327
29586		10.627452	0.839914	-1.501219	0.496237	-0.116345	-0.106102	-0.333984	-0.184570	0.575439	146.950631	-84.307319	2.856887
29587		10.584692	1.076580	-1.097762	0.468317	-0.122362	-0.052813	-0.333008	-0.188965	0.569580	147.365844	-84.230782	2.714453
29588		10.580619	1.312983	-0.773080	0.414355	-0.143484	-0.033050	-0.330566	-0.181152	0.581543	147.892098	-84.149806	2.429420
29589		11.013167	1.854707	-0.284933	0.297673	-0.143273	0.022689	-0.328125	-0.190186	0.579346	148.609614	-84.085574	1.884764
29590		11.472489	2.548483	-0.166167	0.149192	-0.133912	0.128174	-0.333008	-0.179443	0.569092	149.693912	-84.055934	0.885881
29591		11.823243	2.856562	-0.442775	0.026201	-0.133249	0.264704	-0.324951	-0.182617	0.576172	151.357710	-84.062760	-0.766592
29592		11.791545	2.377449	-1.290054	-0.007991	-0.177474	0.390730	-0.333984	-0.182861	0.576172	153.728724	-84.074286	-3.149661
29593		11.630900	1.182217	-1.903531	0.034414	-0.159345	0.474933	-0.328125	-0.183105	0.570801	156.521124	-84.104456	-5.931926
29594		11.715371	-0.281287	-2.160977	0.139787	-0.092260	0.513275	-0.333252	-0.183838	0.573730	159.459059	-84.164150	-8.799498
29595		12.005606	-1.094275	-1.689331	0.196482	0.003928	0.514582	-0.324707	-0.178955	0.572510	162.329085	-84.261181	-11.565839
29596		12.081238	-1.287817	-0.981442	0.214925	0.054877	0.493939	-0.335693	-0.184082	0.572754	165.102205	-84.369169	-14.223603
29597		11.819371	-0.808901	-0.361372	0.184459	0.088917	0.456187	-0.325439	-0.177246	0.574707	167.702780	-84.478453	-16.725136
29598		11.584560	-0.149367	0.061244	0.184846	0.135327	0.417053	-0.329102	-0.178955	0.577881	170.113502	-84.598928	-19.035153
29599		11.250030	0.283769	0.478087	0.207317	0.209124	0.392214	-0.334717	-0.171631	0.572510	172.434590	-84.749749	-21.241800
29600		10.795752	0.369651	0.699339	0.247017	0.276262	0.378914	-0.335693	-0.171631	0.573730	174.776842	-84.929638	-23.446172
29601		10.326436	0.185065	0.947938	0.298457	0.344043	0.380447	-0.341064	-0.165283	0.565674	177.307562	-85.139665	-25.809576
29602		9.800602	0.011338	1.173137	0.333021	0.389547	0.366942	-0.339844	-0.169922	0.573975	179.970927	-85.366211	-28.285341
29603		9.471544	-0.036832	1.380935	0.344728	0.398766	0.346715	-0.343262	-0.165283	0.569092	-177.240043	-85.588272	-30.879754
29604		9.470836	0.022577	1.446681	0.317819	0.388227	0.327778	-0.346680	-0.157471	0.563965	-174.352156	-85.794780	-33.587911
29605		9.405085	0.245334	1.384591	0.264392	0.349225	0.293450	-0.346436	-0.164795	0.567627	-171.530458	-85.971133	-36.259842
29606		9.340557	0.522894	1.264336	0.204943	0.297052	0.233508	-0.350586	-0.165039	0.558350	-169.091625	-86.114818	-38.581504
29607		9.359686	0.899809	1.044976	0.158514	0.236231	0.140494	-0.351563	-0.157959	0.561279	-167.402343	-86.229413	-40.178349
29608		9.482117	1.065283	0.842637	0.114619	0.176504	0.034280	-0.356934	-0.153320	0.558594	-166.695482	-86.321993	-40.815606
29609		9.693321	1.162320	0.752863	0.071469	0.132039	-0.056404	-0.355713	-0.159180	0.557861	-166.869887	-86.401582	-40.594620
29610		9.732714	1.196875	0.607556	0.036540	0.107334	-0.102430	-0.351318	-0.154541	0.556885	-167.550809	-86.472969	-39.886115
29611		9.625309	1.114339	0.585206	0.000390	0.101095	-0.115871	-0.350830	-0.142090	0.558594	-168.409819	-86.542077	-39.020074
29612		9.451629	1.075974	0.651132	-0.028198	0.088118	-0.111765	-0.352295	-0.161377	0.563721	-169.312902	-86.602397	-38.126270
29613		9.303540	1.069409	0.758679	-0.060177	0.073348	-0.104712	-0.358643	-0.152832	0.552734	-170.215635	-86.653114	-37.251288
29614		9.341382	0.969347	0.714794	-0.090258	0.047009	-0.112142	-0.361328	-0.170898	0.554688	-171.283171	-86.688427	-36.228462
29615		9.391276	0.850215	0.580734	-0.132535	0.027988	-0.136065	-0.355469	-0.168457	0.558838	-172.652485	-86.713969	-34.927706
29616		9.549854	0.758066	0.501635	-0.181494	0.019911	-0.162151	-0.355469	-0.170410	0.552734	-174.345482	-86.734211	-33.330810
29617		9.578200	0.821883	0.436976	-0.204416	0.011438	-0.193118	-0.361328	-0.166992	0.557129	-176.382777	-86.748517	-31.402288
29618		9.509715	0.811884	0.390588	-0.211396	0.022674	-0.216423	-0.358887	-0.167480	0.560059	-178.677317	-86.765217	-29.220096
29619		9.221293	0.687467	0.394958	-0.202491	0.028136	-0.235715	-0.353760	-0.174805	0.551758	178.820203	-86.780395	-26.824598
29620		9.286845	0.666849	0.309876	-0.197361	0.034598	-0.249353	-0.352051	-0.173828	0.554199	176.155032	-86.792309	-24.263202
29621		9.222894	0.591124	0.287681	-0.176154	0.052072	-0.252584	-0.362305	-0.177002	0.547607	173.437369	-86.807842	-21.637130
29622		9.176230	0.478466	0.229635	-0.153122	0.069069	-0.243294	-0.348145	-0.181885	0.555420	170.777175	-86.826283	-19.055410
29623		9.161066	0.414095	0.186546	-0.129196	0.086430	-0.229416	-0.354736	-0.180664	0.557617	168.210960	-86.850009	-16.554166
29624		9.084671	0.354087	0.174783	-0.112126	0.092972	-0.216236	-0.353516	-0.177246	0.549561	165.737523	-86.872390	-14.136068
29625		8.962446	0.313264	0.105519	-0.098785	0.108774	-0.194159	-0.359619	-0.186035	0.548584	163.416416	-86.901942	-11.862961
29626		9.163489	0.382090	0.046425	-0.104422	0.116104	-0.175730	-0.361816	-0.191650	0.552979	161.213432	-86.933172	-9.711416
29627		9.247055	0.477016	0.019373	-0.105908	0.114900	-0.157920	-0.359619	-0.183594	0.550293	159.150787	-86.963537	-7.701356
29628		9.135260	0.672612	0.010039	-0.123527	0.112241	-0.135459	-0.366699	-0.188232	0.549072	157.278432	-86.992922	-5.891984
29629		9.105319	0.859665	-0.067123	-0.138073	0.096029	-0.116267	-0.357910	-0.180664	0.547119	155.626515	-87.015892	-4.311768
29630		9.084961	0.819022	-0.050761	-0.143493	0.074128	-0.097338	-0.359863	-0.181641	0.545898	154.244755	-87.029243	-3.005182
29631		9.063911	0.777268	-0.117268	-0.159726	0.055828	-0.083902	-0.355713	-0.194092	0.548096	153.062869	-87.035738	-1.908088
29632		9.027079	0.805521	-0.228956	-0.174122	0.038404	-0.076705	-0.364014	-0.205078	0.545166	152.033334	-87.033536	-0.971785
29633		8.889120	0.926666	-0.208198	-0.192694	0.009060	-0.071048	-0.357178	-0.189209	0.550781	151.200655	-87.017928	-0.243271
29634		8.802531	0.992997	-0.353113	-0.197826	-0.032100	-0.067291	-0.357178	-0.195801	0.547363	150.634565	-86.981667	0.215380
29635		8.738395	0.867094	-0.467424	-0.195928	-0.078180	-0.066842	-0.361816	-0.199951	0.542480	150.324950	-86.922989	0.418289
29636		8.611705	0.607698	-0.617226	-0.174588	-0.131880	-0.060928	-0.356201	-0.190186	0.548828	150.373446	-86.838611	0.274827
29637		8.582141	0.323326	-0.766681	-0.157030	-0.184737	-0.049431	-0.353271	-0.194336	0.546631	150.783260	-86.731652	-0.220467
29638		8.513352	0.249695	-1.026831	-0.151050	-0.219401	-0.016870	-0.349365	-0.205566	0.553467	151.611053	-86.615385	-1.131061
29639		8.482844	0.098669	-1.122289	-0.148373	-0.245234	0.020911	-0.352051	-0.199219	0.549072	152.803203	-86.495779	-2.405252
29640		8.354104	0.056143	-1.274878	-0.150538	-0.271847	0.072658	-0.353516	-0.199219	0.545898	154.442320	-86.373238	-4.128677
29641		8.426254	0.115279	-1.386801	-0.156626	-0.286592	0.126589	-0.352539	-0.204834	0.547119	156.447164	-86.253064	-6.222321
29642		8.502533	0.378268	-1.517097	-0.167340	-0.293445	0.172964	-0.351563	-0.198975	0.552979	158.706159	-86.133897	-8.577109
29643		8.693378	0.629179	-1.650156	-0.187965	-0.280559	0.213226	-0.354004	-0.205811	0.552490	161.088933	-86.023891	-11.068134
29644		8.898797	0.822510	-1.710323	-0.212841	-0.267112	0.235592	-0.353516	-0.203857	0.548340	163.465586	-85.917609	-13.567632
29645		9.205432	1.023211	-1.765004	-0.237678	-0.250943	0.241727	-0.349854	-0.207275	0.554443	165.714479	-85.814679	-15.953628
29646		9.392564	0.973764	-1.829297	-0.255978	-0.227039	0.231967	-0.346436	-0.209717	0.549072	167.728402	-85.716986	-18.114834
29647		9.535365	0.946087	-1.867091	-0.281619	-0.191508	0.208846	-0.339600	-0.203857	0.552002	169.412578	-85.631959	-19.960332
29648		9.589431	0.910550	-1.883920	-0.308424	-0.154911	0.187406	-0.342529	-0.210938	0.550293	170.815785	-85.561334	-21.539635
29649		9.763189	0.885013	-1.932228	-0.327990	-0.133214	0.168378	-0.352295	-0.209961	0.548340	172.000236	-85.499028	-22.910883
29650		10.019750	0.802576	-1.999246	-0.373324	-0.102870	0.154079	-0.348145	-0.213379	0.548340	172.996818	-85.450494	-24.119855
29651		10.113149	0.941425	-1.958120	-0.418728	-0.084233	0.131139	-0.344971	-0.215576	0.550293	173.765630	-85.409904	-25.126476
29652		10.262946	0.904646	-1.933004	-0.446116	-0.062422	0.109214	-0.341553	-0.212158	0.553711	174.335444	-85.379191	-25.949274
29653		10.138934	0.927693	-1.839132	-0.459410	-0.049519	0.082841	-0.340576	-0.216309	0.552002	174.693270	-85.354121	-26.567032
29654		9.842572	0.835173	-1.831449	-0.465345	-0.031487	0.070926	-0.345459	-0.219971	0.541260	174.950303	-85.338195	-27.087124
29655		9.609132	0.763790	-1.963799	-0.473568	-0.000893	0.074402	-0.350586	-0.230957	0.546875	175.204497	-85.339928	-27.609063
29656		9.506258	0.723530	-1.964808	-0.470452	0.023835	0.092293	-0.343750	-0.222656	0.546387	175.575509	-85.356163	-28.246446
29657		9.440567	0.633221	-2.073834	-0.460257	0.026027	0.120726	-0.352295	-0.223877	0.544189	176.153058	-85.374555	-29.085126
29658		9.418698	0.561967	-2.287291	-0.438114	0.029285	0.151408	-0.343018	-0.219727	0.534912	176.968149	-85.394881	-30.149410
29659		9.505092	0.459222	-2.479135	-0.424064	0.029090	0.177490	-0.347412	-0.232422	0.541260	177.982753	-85.414481	-31.405701
29660		9.619084	0.433068	-2.591823	-0.422718	0.033624	0.191732	-0.347900	-0.225342	0.535400	179.111983	-85.434897	-32.776220
29661		9.617627	0.433072	-2.666193	-0.444443	0.055868	0.200822	-0.346436	-0.231445	0.532471	-179.697021	-85.465892	-34.221093
29662		9.559296	0.577689	-2.715528	-0.467342	0.049521	0.194912	-0.349609	-0.230957	0.536377	-178.542890	-85.490921	-35.642135
29663		9.600772	0.724072	-2.870985	-0.507417	0.060112	0.193050	-0.351807	-0.245605	0.540039	-177.411411	-85.519762	-37.063390
29664		9.606876	0.837866	-2.647640	-0.548585	0.078091	0.187799	-0.353760	-0.234619	0.531738	-176.313873	-85.556928	-38.474241
29665		9.664470	0.830248	-2.497288	-0.548804	0.077504	0.187124	-0.356201	-0.242676	0.533447	-175.205444	-85.591539	-39.896027
29666		9.731262	0.606230	-2.307541	-0.521807	0.062959	0.156914	-0.349365	-0.239990	0.535156	-174.294013	-85.617618	-41.104707
29667		9.765705	0.384888	-2.107378	-0.501145	0.007589	0.110377	-0.355469	-0.244873	0.536621	-173.757251	-85.613559	-41.925680
29668		9.760621	0.186907	-2.170839	-0.507708	-0.046179	0.033033	-0.354492	-0.249756	0.526367	-173.838475	-85.583597	-42.130678
29669		9.979741	0.090054	-2.339090	-0.538898	-0.044054	-0.058990	-0.350342	-0.249023	0.524902	-174.616775	-85.560023	-41.654397
29670		10.126644	-0.078428	-2.232551	-0.492029	-0.005656	-0.134865	-0.358643	-0.255127	0.525635	-175.891164	-85.561568	-40.653640
29671		10.221837	-0.637962	-1.644453	-0.412980	0.018554	-0.190266	-0.350098	-0.258545	0.526855	-177.526015	-85.576492	-39.245880
29672		10.347091	-1.397843	-1.031822	-0.318064	0.000333	-0.250796	-0.360596	-0.263184	0.519775	-179.561560	-85.578708	-37.381745
29673		10.781911	-1.858273	-0.861548	-0.242876	-0.017429	-0.365440	-0.355225	-0.271973	0.522217	177.599352	-85.563129	-34.668401
29674		11.402517	-1.760880	-0.677677	-0.168346	-0.037998	-0.545072	-0.355225	-0.267822	0.525879	173.538510	-85.515638	-30.686686
29675		11.274703	-0.951472	-0.712997	-0.177800	-0.043409	-0.693977	-0.352295	-0.268799	0.521973	168.530961	-85.427014	-25.760348
29676		10.711474	0.424458	-0.235566	-0.254983	-0.039392	-0.732901	-0.355713	-0.274414	0.524170	163.435645	-85.301699	-20.789611
29677		10.157974	1.708027	0.304344	-0.332321	-0.003071	-0.673601	-0.353271	-0.287109	0.516846	158.876769	-85.173335	-16.400703
29678		9.923698	2.473164	0.744519	-0.405021	0.030990	-0.584345	-0.352295	-0.295166	0.523438	154.970848	-85.056864	-12.708164
29679		10.141395	2.367793	0.968657	-0.503900	0.042761	-0.528469	-0.353271	-0.287109	0.516357	151.478155	-84.940428	-9.486604
29680		10.136304	2.384648	1.149526	-0.657723	0.107677	-0.466298	-0.349121	-0.298340	0.513184	148.179955	-84.858031	-6.548344
29681		10.123716	2.253786	1.427798	-0.782721	0.173726	-0.416253	-0.349121	-0.304688	0.512207	144.936063	-84.807886	-3.736151
29682		10.501199	1.777502	1.425985	-0.830659	0.211146	-0.453487	-0.347412	-0.307129	0.505127	141.406412	-84.747618	-0.664413
29683		10.858683	1.239733	1.332989	-0.874838	0.220915	-0.508365	-0.361572	-0.318359	0.505859	137.643377	-84.653168	2.616755
29684		10.913331	0.866619	1.406393	-0.888580	0.217239	-0.518236	-0.349365	-0.322998	0.502686	133.984258	-84.534219	5.786121
29685		10.701629	0.430670	1.319556	-0.869327	0.203801	-0.487263	-0.356445	-0.332764	0.499756	130.666577	-84.404935	8.624284
29686		10.322935	-0.021799	1.227131	-0.807447	0.195631	-0.427041	-0.354980	-0.341309	0.491211	127.781989	-84.285174	11.063382
29687		9.868484	-0.375562	1.137884	-0.725987	0.190885	-0.353608	-0.349609	-0.348389	0.496582	125.314636	-84.186237	13.130587
29688		9.561807	-0.737473	1.020325	-0.602200	0.177557	-0.264207	-0.356445	-0.346436	0.490234	123.334007	-84.117617	14.780041
29689		9.605685	-1.056211	0.865716	-0.484054	0.167612	-0.166122	-0.357910	-0.351563	0.485107	121.791710	-84.087962	16.057104
29690		9.613051	-1.210988	0.744188	-0.387643	0.149990	-0.084515	-0.357178	-0.349609	0.484131	120.635799	-84.090197	17.001208
29691		9.404263	-1.185577	0.615138	-0.293686	0.137095	-0.024176	-0.362549	-0.354004	0.481201	119.757750	-84.116766	17.720124
29692		9.655703	-1.215280	0.426260	-0.183091	0.121202	0.045968	-0.359619	-0.349609	0.480469	119.208629	-84.173027	18.171977
29693		9.863500	-1.236048	0.462923	-0.076744	0.095482	0.109955	-0.361816	-0.357666	0.488525	119.010938	-84.253842	18.331825
29694		9.888626	-1.116501	0.435207	0.013263	0.059578	0.161344	-0.361572	-0.354004	0.486572	119.189495	-84.350383	18.165323
29695		9.572491	-1.070303	0.367163	0.106094	0.020132	0.194299	-0.365967	-0.360596	0.479492	119.722217	-84.452247	17.696446
29696		9.770048	-0.943971	0.332172	0.180321	-0.006205	0.224002	-0.369385	-0.359619	0.482178	120.547119	-84.560602	16.976834
29697		9.860427	-0.705709	0.411423	0.230813	-0.027754	0.275033	-0.364746	-0.353760	0.480225	121.705867	-84.686598	15.951102
29698		9.693787	-0.347356	0.458709	0.268949	-0.038300	0.299158	-0.369873	-0.357910	0.484375	123.081558	-84.818667	14.729667
29699		9.461462	-0.075908	0.431266	0.305047	-0.037095	0.320171	-0.364502	-0.352295	0.484619	124.612485	-84.958533	13.373398
29700		9.283849	0.024035	0.441855	0.319209	-0.040734	0.317445	-0.364014	-0.355713	0.493408	126.245419	-85.092234	11.923175
29701		9.203516	0.310554	0.478027	0.309441	-0.050337	0.303373	-0.363037	-0.345459	0.491699	127.946739	-85.212822	10.398969
29702		9.272511	0.397984	0.353589	0.321248	-0.055238	0.298408	-0.374023	-0.344727	0.488281	129.744709	-85.325083	8.784841
29703		9.355196	0.460766	0.327777	0.314908	-0.061569	0.290542	-0.374023	-0.342285	0.484131	131.613910	-85.427648	7.095843
29704		9.258312	0.510210	0.250404	0.304557	-0.055205	0.276616	-0.366943	-0.335938	0.491943	133.456770	-85.521921	5.427561
29705		9.123982	0.580540	0.255203	0.264604	-0.033400	0.254903	-0.370605	-0.348145	0.493408	135.116381	-85.612388	3.920322
29706		9.046051	0.633086	0.255996	0.209339	-0.009074	0.246436	-0.373291	-0.338867	0.492432	136.639066	-85.705760	2.518838
29707		9.208992	0.727558	0.087681	0.184264	0.007825	0.234215	-0.371094	-0.333740	0.496582	138.047924	-85.799241	1.217258
29708		9.249091	0.590847	0.038859	0.170073	0.033463	0.227851	-0.381592	-0.324951	0.485596	139.341831	-85.898564	0.022943
29709		9.220433	0.402645	-0.070003	0.157549	0.053509	0.205495	-0.376953	-0.333740	0.491455	140.439426	-85.997093	-0.981612
29710		9.079196	0.257217	-0.164555	0.140710	0.078233	0.176563	-0.375732	-0.333496	0.484131	141.265234	-86.094430	-1.723286
29711		9.042733	0.095632	-0.203783	0.121435	0.084805	0.146635	-0.377930	-0.321289	0.493896	141.877591	-86.183930	-2.262003
29712		9.016229	0.121878	-0.284822	0.099254	0.091594	0.126966	-0.374268	-0.336426	0.498779	142.335996	-86.268709	-2.659123
29713		9.107540	0.130520	-0.401908	0.091747	0.098395	0.127369	-0.379150	-0.325684	0.496826	142.771060	-86.357056	-3.037117
29714		9.260890	0.140319	-0.549047	0.106824	0.106672	0.135808	-0.376953	-0.332764	0.489502	143.256452	-86.451360	-3.456852
29715		9.439605	0.126758	-0.685240	0.108402	0.113684	0.146521	-0.384033	-0.319580	0.488525	143.805449	-86.552848	-3.939355
29716		9.522509	0.187745	-0.892763	0.115908	0.124016	0.144785	-0.379395	-0.323730	0.492432	144.321862	-86.657719	-4.384860
29717		9.497268	0.324098	-1.081554	0.124382	0.135930	0.132384	-0.385254	-0.325439	0.486816	144.697519	-86.764354	-4.684462
29718		9.444913	0.354434	-1.253424	0.146157	0.166140	0.108108	-0.384521	-0.318848	0.485840	144.722927	-86.876480	-4.620752
29719		9.405897	0.460211	-1.354968	0.160336	0.195946	0.074352	-0.386230	-0.328857	0.487793	144.262503	-86.991770	-4.062380
29720		9.297483	0.494687	-1.326226	0.190012	0.225147	0.038754	-0.375977	-0.319580	0.487793	143.262428	-87.107606	-2.946681
29721		9.249174	0.483677	-1.253270	0.241518	0.256931	-0.002802	-0.386963	-0.319092	0.490479	141.581826	-87.222445	-1.120183
29722		9.175759	0.357948	-1.196065	0.257142	0.246388	-0.044009	-0.383301	-0.322510	0.489258	139.466263	-87.314112	1.150569
29723		8.999215	0.350124	-1.229375	0.295126	0.234268	-0.090811	-0.387451	-0.324219	0.489746	136.889816	-87.378617	3.904344
29724		8.831819	0.261013	-1.288810	0.317711	0.219528	-0.129314	-0.391602	-0.312500	0.489014	133.998863	-87.415080	6.985789
29725		8.735806	0.026242	-1.527340	0.382522	0.218294	-0.156121	-0.392822	-0.323730	0.483643	130.849757	-87.432637	10.362753
29726		8.783790	-0.346342	-1.751065	0.492229	0.239440	-0.162959	-0.401367	-0.315186	0.486816	127.467140	-87.445809	14.036340
29727		9.028867	-0.722100	-1.757422	0.588319	0.267935	-0.155426	-0.399902	-0.313477	0.482666	123.859823	-87.462263	17.989909
29728		9.176656	-1.023454	-1.556608	0.689820	0.266424	-0.136936	-0.394775	-0.307861	0.482910	120.421516	-87.476138	21.832477
29729		9.126151	-1.075220	-1.401994	0.740765	0.221904	-0.122121	-0.400635	-0.308838	0.487305	117.586020	-87.476023	25.100822
29730		9.005238	-0.829563	-1.434385	0.765668	0.185012	-0.115426	-0.402344	-0.302734	0.490234	115.248215	-87.463184	27.885315
29731		8.828747	-0.377833	-1.548422	0.772096	0.126801	-0.125662	-0.402100	-0.305664	0.489502	113.575963	-87.427203	30.007290
29732		8.988776	0.134397	-1.764751	0.795884	0.073899	-0.127229	-0.403076	-0.302002	0.489746	112.581792	-87.376050	31.464245
29733		9.159792	0.347121	-1.885267	0.805941	0.022443	-0.103208	-0.401123	-0.296387	0.496338	112.334256	-87.325911	32.179543
29734		9.275926	0.367891	-1.881952	0.787840	-0.006155	-0.079540	-0.404541	-0.290039	0.489502	112.522488	-87.281773	32.448286
29735		9.517284	0.387743	-1.938256	0.748615	-0.018224	-0.070487	-0.402832	-0.291016	0.500000	112.863290	-87.240047	32.541743
29736		9.676321	0.331652	-2.049821	0.706081	-0.020101	-0.076859	-0.401367	-0.290527	0.500732	113.167416	-87.194330	32.647574
29737		9.655415	0.332626	-2.098240	0.677823	-0.022462	-0.115609	-0.398926	-0.286377	0.494873	113.303770	-87.127905	32.905126
29738		9.432394	0.164066	-2.211442	0.681516	-0.024205	-0.172246	-0.395264	-0.287109	0.503662	113.214312	-87.031070	33.390973
29739		9.282118	-0.122068	-2.369087	0.706582	-0.014019	-0.240913	-0.397461	-0.289551	0.499023	112.777398	-86.900365	34.239141
29740		9.147331	-0.382409	-2.202083	0.731031	-0.011858	-0.291757	-0.393799	-0.283936	0.502441	112.190132	-86.742634	35.252093
29741		9.272803	-0.328656	-1.929504	0.731021	-0.008371	-0.312742	-0.398926	-0.283203	0.503418	111.576400	-86.574092	36.291653
29742		9.482741	0.054137	-1.397458	0.693245	-0.013242	-0.289202	-0.399658	-0.273682	0.508545	111.133524	-86.416362	37.138591
29743		9.895012	0.605061	-0.844318	0.631042	-0.038773	-0.227450	-0.402588	-0.276611	0.506836	111.117181	-86.286354	37.522484
29744		10.317550	1.110939	-0.688318	0.546433	-0.100280	-0.136677	-0.396240	-0.282471	0.500488	111.835536	-86.191803	37.121627
29745		10.533245	1.475836	-0.780830	0.482898	-0.139453	-0.045781	-0.398438	-0.268799	0.507813	113.096324	-86.136528	36.140538
29746		10.592493	1.861744	-0.642715	0.425836	-0.140628	0.010589	-0.399414	-0.271729	0.521729	114.491200	-86.108869	34.992299
29747		10.603665	2.217111	-0.242837	0.367142	-0.130920	0.044976	-0.397949	-0.263428	0.513184	115.890867	-86.099625	33.805476
29748		10.966400	2.599989	0.376419	0.213642	-0.094197	0.097755	-0.397949	-0.271240	0.512939	117.118196	-86.124893	32.703298
29749		11.447299	2.922139	0.512961	0.035607	-0.074025	0.194386	-0.394043	-0.265137	0.510254	118.503631	-86.202844	31.340459
29750		11.748597	2.923048	0.315747	-0.072635	-0.079902	0.307807	-0.391846	-0.266357	0.520020	120.429809	-86.333046	29.373773
29751		11.851620	2.284478	0.012325	-0.091483	-0.066068	0.391530	-0.404297	-0.273682	0.508789	122.801367	-86.503319	26.950340
29752		11.770647	1.163594	-0.317967	0.005096	-0.028948	0.440608	-0.395264	-0.258545	0.514648	125.449063	-86.702095	24.306202
29753		11.792041	-0.012011	-0.401361	0.185298	0.042913	0.460770	-0.403564	-0.270020	0.515381	128.071345	-86.927242	21.791488
29754		11.987369	-0.808963	-0.316390	0.370759	0.114569	0.460651	-0.403320	-0.268311	0.514893	130.572819	-87.171995	19.504697
29755		11.891122	-1.632646	0.076077	0.510094	0.183238	0.438718	-0.410889	-0.260254	0.518799	132.780559	-87.428377	17.592371
29756		11.634342	-2.121168	0.898005	0.506527	0.249766	0.402333	-0.408447	-0.255127	0.517822	134.400952	-87.692869	16.266277
29757		11.324439	-1.825265	1.444570	0.410145	0.289042	0.391586	-0.406738	-0.259766	0.518066	135.784346	-87.967380	15.122305
29758		10.942269	-0.994225	1.756454	0.317625	0.330099	0.407302	-0.411621	-0.243164	0.515625	137.190768	-88.264021	13.902492
29759		10.632721	-0.098394	2.036169	0.290970	0.355139	0.455897	-0.417236	-0.247314	0.512451	139.600015	-88.588528	11.664347
29760		10.382211	0.380231	2.076456	0.288202	0.354517	0.494400	-0.413818	-0.236816	0.509277	144.323645	-88.922005	7.110068
29761		10.137138	0.512252	2.092627	0.288636	0.339840	0.506068	-0.416260	-0.241699	0.515381	153.820990	-89.237834	-2.217841
29762		9.863639	0.494514	2.108849	0.261659	0.301574	0.466957	-0.425049	-0.231201	0.508545	172.549054	-89.482263	-20.791803
29763		9.486941	0.669234	2.013891	0.188536	0.247897	0.379492	-0.419922	-0.233887	0.506348	-157.904359	-89.597721	-50.226030
29764		9.255537	0.824426	1.769107	0.118590	0.193771	0.247200	-0.429932	-0.231934	0.508057	-131.887703	-89.606009	-76.170066
29765		9.075578	1.037443	1.580123	0.058213	0.155104	0.119468	-0.423828	-0.234863	0.506592	-115.846224	-89.597739	-92.173331
29766		9.077662	1.102610	1.408935	0.003136	0.129476	0.006103	-0.425049	-0.234863	0.503662	-105.705080	-89.620340	-102.307634
29767		9.060564	1.056526	1.264518	-0.039745	0.109122	-0.083403	-0.432373	-0.228027	0.505859	-97.473812	-89.679535	-110.556570
29768		8.976394	0.989142	1.146175	-0.075764	0.107612	-0.151427	-0.431152	-0.229980	0.500000	-85.503037	-89.768363	-122.565611
29769		9.048303	0.857725	1.011551	-0.105383	0.104951	-0.176443	-0.436768	-0.239502	0.498535	-59.392447	-89.849083	-148.731444
29770		9.092819	0.832953	1.052943	-0.141241	0.097492	-0.182063	-0.434082	-0.242676	0.500977	-11.087041	-89.866541	162.887371
29771		9.019791	0.872905	0.934102	-0.179178	0.075151	-0.165380	-0.430176	-0.235840	0.503906	21.723033	-89.813962	129.979799
29772		9.003570	0.904142	0.948778	-0.215526	0.057735	-0.155580	-0.429688	-0.240967	0.497559	37.628485	-89.741774	113.956022
29773		9.235947	0.963056	0.966368	-0.242788	0.047267	-0.158582	-0.428711	-0.245117	0.500732	47.056880	-89.661120	104.393685
29774		9.375039	0.946570	0.912045	-0.236868	0.037637	-0.170193	-0.435791	-0.240234	0.501465	53.917164	-89.573004	97.402811
29775		9.211732	0.802224	0.921788	-0.223266	0.019845	-0.181752	-0.430176	-0.257080	0.497314	59.671272	-89.480075	91.525884
29776		9.237502	0.694698	0.879565	-0.210460	0.011305	-0.192228	-0.434570	-0.252197	0.498779	64.328737	-89.380422	86.752879
29777		9.237312	0.469279	0.839731	-0.181758	0.006514	-0.198291	-0.435791	-0.252197	0.499023	67.949161	-89.275292	83.033371
29778		9.197224	0.437837	0.802236	-0.168584	0.023241	-0.182754	-0.433350	-0.253906	0.497559	69.838848	-89.173336	81.052190
29779		9.123384	0.458281	0.809583	-0.148452	0.028383	-0.159135	-0.425537	-0.252930	0.501221	70.838943	-89.082232	79.972225
29780		9.118143	0.455307	0.760983	-0.127473	0.036485	-0.137672	-0.428955	-0.263916	0.498779	71.215544	-89.001323	79.527804
29781		9.087786	0.416963	0.748079	-0.102028	0.051496	-0.116285	-0.434082	-0.264160	0.494385	70.874063	-88.928925	79.816190
29782		9.133138	0.405893	0.733558	-0.078355	0.073373	-0.103202	-0.431152	-0.256348	0.502686	69.891608	-88.859610	80.759205
29783		9.239548	0.441290	0.724848	-0.077716	0.086023	-0.099677	-0.432617	-0.258545	0.493896	68.641462	-88.788958	81.970395
29784		9.330054	0.599505	0.705280	-0.082408	0.087654	-0.096322	-0.433350	-0.264893	0.497803	67.475880	-88.719560	83.094305
29785		9.332753	0.695816	0.665806	-0.097600	0.097580	-0.094835	-0.429199	-0.269531	0.499512	66.162765	-88.647832	84.357153
29786		9.477174	0.851200	0.599416	-0.112278	0.103033	-0.086884	-0.435547	-0.265381	0.496094	64.800387	-88.578668	85.660860
29787		9.496916	0.963012	0.555675	-0.130843	0.100156	-0.084989	-0.443115	-0.268066	0.497314	63.570696	-88.510089	86.821286
29788		9.311186	1.091373	0.465325	-0.153439	0.096721	-0.074205	-0.437012	-0.264404	0.503662	62.411303	-88.447736	87.898422
29789		9.230449	1.211501	0.357736	-0.191408	0.085055	-0.061511	-0.437500	-0.279053	0.493164	61.384950	-88.393941	88.820794
29790		9.289060	1.282880	0.321945	-0.213456	0.079925	-0.051073	-0.435059	-0.266357	0.494873	60.412568	-88.346848	89.676499
29791		9.246629	1.298374	0.138775	-0.240034	0.081550	-0.044989	-0.438965	-0.271729	0.496338	59.374042	-88.301354	90.583234
29792		9.164444	1.223445	0.097388	-0.257134	0.081734	-0.034943	-0.442139	-0.277832	0.488281	58.289301	-88.260786	91.526349
29793		9.077781	1.153852	-0.047850	-0.292449	0.074708	-0.036559	-0.442383	-0.277588	0.482910	57.343078	-88.220503	92.310745
29794		9.098062	1.197811	-0.174263	-0.321003	0.082131	-0.035488	-0.437988	-0.276855	0.491211	56.309552	-88.178583	93.166050
29795		9.041571	1.092944	-0.334032	-0.344843	0.084946	-0.011130	-0.442383	-0.276611	0.486084	55.008349	-88.146121	94.275617
29796		9.078642	0.872224	-0.436666	-0.352674	0.077187	0.027949	-0.439209	-0.280029	0.485352	53.459753	-88.134177	95.628136
29797		8.980678	0.711549	-0.560466	-0.388771	0.065234	0.071480	-0.441650	-0.285156	0.478516	51.594023	-88.144251	97.277370
29798		8.773138	0.710580	-0.652871	-0.434569	0.055449	0.105076	-0.443115	-0.289063	0.477783	49.437599	-88.171516	99.191071
29799		8.493683	0.692302	-0.692961	-0.478478	0.030703	0.137546	-0.438965	-0.292236	0.482422	47.120474	-88.219034	101.240455
29800		8.449555	0.695254	-0.801631	-0.520209	-0.016025	0.162011	-0.442139	-0.292236	0.479492	44.968026	-88.293334	103.100985
29801		8.310333	0.779101	-0.973032	-0.556082	-0.080883	0.194670	-0.441895	-0.288818	0.482910	43.024025	-88.404650	104.732449
29802		8.040233	0.834658	-1.099538	-0.593349	-0.153317	0.216826	-0.453369	-0.300293	0.482666	41.493478	-88.554387	105.928729
29803		7.894566	0.935133	-1.247577	-0.629755	-0.202279	0.241561	-0.447754	-0.295654	0.476807	39.945837	-88.733101	107.121285
29804		7.997033	0.961474	-1.375997	-0.649856	-0.249292	0.256405	-0.447754	-0.299561	0.472168	38.473329	-88.937883	108.226958
29805		8.301786	0.907886	-1.416478	-0.653888	-0.289020	0.271622	-0.439941	-0.298096	0.486328	36.838974	-89.164734	109.492245
29806		8.590255	0.787181	-1.492309	-0.633864	-0.315748	0.277371	-0.440430	-0.306641	0.476318	34.701139	-89.405735	111.272315
29807		8.911684	0.486473	-1.562998	-0.587793	-0.332930	0.263550	-0.440674	-0.302979	0.472656	31.899357	-89.648910	113.742812
29808		9.180259	0.218066	-1.586493	-0.528622	-0.332262	0.254958	-0.440674	-0.306152	0.472168	19.822828	-89.886633	125.521812
29809		9.142951	-0.137834	-1.526140	-0.482379	-0.320182	0.250464	-0.440918	-0.311279	0.473389	-126.804058	-89.869328	-88.122197
29810		9.301654	-0.256366	-1.429035	-0.452114	-0.306129	0.225581	-0.442383	-0.309082	0.466309	-137.688705	-89.653741	-77.491242
29811		9.519284	-0.232999	-1.384805	-0.413007	-0.275044	0.192637	-0.442871	-0.309814	0.479980	-140.620560	-89.461560	-74.790539
29812		9.749264	-0.225409	-1.480931	-0.361917	-0.230445	0.182438	-0.435303	-0.310547	0.481445	-141.125638	-89.291940	-74.487528
29813		9.890518	-0.205642	-1.477702	-0.331659	-0.183796	0.198792	-0.440430	-0.314941	0.475098	-139.878745	-89.137411	-75.919182
29814		10.075714	-0.135230	-1.506580	-0.312261	-0.153802	0.211990	-0.437500	-0.310059	0.474609	-138.053707	-88.989981	-77.918118
29815		10.114970	0.104594	-1.623051	-0.316790	-0.125378	0.219722	-0.436279	-0.314941	0.480225	-136.012194	-88.850806	-80.136138
29816		10.089231	0.398188	-1.803244	-0.333817	-0.094408	0.221866	-0.445068	-0.306885	0.482910	-133.825579	-88.721455	-82.509269
29817		10.112517	0.733618	-2.044994	-0.364835	-0.062125	0.220808	-0.443848	-0.311035	0.478760	-131.539791	-88.603587	-84.999377
29818		10.076215	1.001613	-2.242059	-0.383390	-0.042146	0.224865	-0.442871	-0.313477	0.474609	-129.239317	-88.488765	-87.515048
29819		10.024668	1.135841	-2.457303	-0.406035	-0.021260	0.234506	-0.446777	-0.317871	0.477051	-126.851635	-88.374815	-90.130955
29820		10.043655	1.052118	-2.368504	-0.412744	-0.011846	0.244041	-0.443848	-0.319580	0.481934	-124.541595	-88.256362	-92.673298
29821		10.216278	0.793289	-2.007380	-0.412727	-0.029969	0.241450	-0.447510	-0.318359	0.480225	-122.848279	-88.131239	-94.598646
29822		10.535263	0.339239	-1.763512	-0.381193	-0.066897	0.189902	-0.451172	-0.322754	0.469727	-122.320619	-88.018081	-95.339854
29823		10.988637	-0.143194	-1.351069	-0.328768	-0.122744	0.081733	-0.446777	-0.323730	0.468750	-123.508378	-87.940089	-94.334441
29824		11.286034	-0.412134	-1.266953	-0.268154	-0.168415	-0.054243	-0.454102	-0.325928	0.464111	-126.368798	-87.909404	-91.620605
29825		11.501062	-0.580603	-1.212850	-0.231697	-0.199009	-0.182196	-0.455811	-0.327637	0.472656	-130.782870	-87.919253	-87.331055
29826		11.555606	-0.691092	-1.103598	-0.197137	-0.184099	-0.265738	-0.444092	-0.328613	0.476318	-135.959329	-87.956450	-82.258989
29827		11.545637	-1.073885	-0.782866	-0.165936	-0.131183	-0.315355	-0.445801	-0.323242	0.475342	-141.372969	-88.018394	-76.931760
29828		11.718386	-1.494267	-0.441866	-0.079181	-0.124593	-0.394354	-0.445801	-0.332031	0.471436	-148.087870	-88.089399	-70.253107
29829		11.924201	-1.803229	-0.172210	0.029699	-0.149545	-0.521584	-0.443359	-0.337158	0.474854	-157.402317	-88.148847	-60.911262
29830		11.818588	-1.601801	-0.159668	0.087241	-0.177431	-0.656380	-0.440674	-0.334717	0.479980	-169.462536	-88.157145	-48.789528
29831		11.352647	-0.604333	-0.536109	0.052851	-0.198016	-0.737241	-0.436035	-0.342773	0.482422	177.487364	-88.071110	-35.696763
29832		11.074099	0.756009	-0.614044	-0.057470	-0.133657	-0.742828	-0.435059	-0.349609	0.483398	165.702476	-87.930785	-23.932424
29833		10.756845	1.663319	-0.280952	-0.108402	-0.079200	-0.669163	-0.438232	-0.357422	0.484619	156.391476	-87.760832	-14.671668
29834		10.689087	1.952081	0.237465	-0.152059	-0.034508	-0.562601	-0.437012	-0.365479	0.474365	149.466554	-87.594760	-7.822988
29835		10.834556	1.824001	0.842157	-0.183275	0.020551	-0.470212	-0.432129	-0.370361	0.477783	144.016969	-87.454827	-2.468048
29836		10.822484	1.215776	1.585479	-0.157505	0.087894	-0.424966	-0.436523	-0.371582	0.476563	139.066951	-87.341419	2.402016
29837		10.558203	0.465924	1.870499	-0.164116	0.139642	-0.419893	-0.427246	-0.373047	0.473389	134.144572	-87.232445	7.241177
29838		10.301537	0.296008	2.154350	-0.210384	0.201250	-0.439237	-0.437988	-0.369873	0.479492	128.919301	-87.119276	12.357387
29839		10.206332	0.559813	2.328139	-0.266987	0.250767	-0.461696	-0.431641	-0.373779	0.473633	123.499900	-86.989077	17.636181
29840		10.131665	0.564151	2.213651	-0.249121	0.283512	-0.473472	-0.436279	-0.381104	0.473145	118.219069	-86.838495	22.787010
29841		10.047508	0.382456	2.145650	-0.228339	0.306396	-0.437287	-0.434326	-0.388916	0.475098	113.389560	-86.687980	27.498606
29842		9.943585	0.172370	2.192909	-0.208861	0.312502	-0.365631	-0.437256	-0.389893	0.466553	109.184091	-86.557063	31.596794
29843		9.956419	-0.034362	2.160504	-0.225141	0.324703	-0.291109	-0.439453	-0.401855	0.457031	105.360953	-86.451965	35.303238
29844		9.726173	-0.126674	2.104629	-0.243295	0.316788	-0.226249	-0.441406	-0.396973	0.465332	101.952186	-86.368386	38.584318
29845		9.486030	-0.125360	1.992163	-0.231817	0.305539	-0.164690	-0.437012	-0.398193	0.469482	98.887666	-86.306419	41.527435
29846		9.361579	-0.151105	1.791848	-0.195816	0.291334	-0.093334	-0.442383	-0.398438	0.464355	96.144769	-86.274965	44.168949
29847		9.215392	-0.351771	1.641851	-0.134403	0.276904	-0.028562	-0.446045	-0.399902	0.454102	93.643743	-86.271560	46.603519
29848		9.215005	-0.592725	1.470066	-0.067704	0.264392	0.022629	-0.441406	-0.402344	0.456055	91.315170	-86.290950	48.903420
29849		9.196859	-0.872101	1.378620	-0.011103	0.237122	0.062998	-0.442627	-0.408691	0.451904	89.229616	-86.327213	50.992341
29850		9.107813	-0.990461	1.273376	0.036065	0.195320	0.111703	-0.448975	-0.402100	0.458740	87.495049	-86.387993	52.756412
29851		9.210744	-0.793174	1.128168	0.070210	0.149557	0.159381	-0.448486	-0.398193	0.450684	86.106320	-86.474051	54.193538
29852		9.427722	-0.543509	0.943444	0.127447	0.119507	0.205272	-0.452881	-0.403564	0.455078	84.934135	-86.586040	55.446319
29853		9.475162	-0.414980	0.913333	0.181850	0.095676	0.250428	-0.447998	-0.402588	0.446045	83.891250	-86.723271	56.600735
29854		9.065388	-0.458509	0.932250	0.212750	0.061490	0.287646	-0.454590	-0.395264	0.448486	83.086121	-86.883161	57.534490
29855		9.088774	-0.460527	0.822401	0.222504	0.018963	0.321769	-0.459473	-0.396240	0.457520	82.602066	-87.064562	58.152255
29856		9.493105	-0.287708	0.693805	0.224461	-0.019092	0.356784	-0.451416	-0.391602	0.460449	82.450584	-87.268833	58.437971
29857		9.363771	-0.141580	0.627005	0.222230	-0.026819	0.383987	-0.463135	-0.388916	0.458740	82.302570	-87.488805	58.718966
29858		9.252480	0.021836	0.555820	0.204292	-0.029213	0.371661	-0.461914	-0.391602	0.454590	82.173501	-87.702231	58.970585
29859		9.147829	0.114848	0.492292	0.191650	-0.017532	0.345734	-0.463135	-0.385498	0.460449	81.859515	-87.899691	59.400052
29860		9.065144	0.295626	0.439874	0.171083	-0.008871	0.314598	-0.464355	-0.384766	0.462646	81.404940	-88.078952	59.958272
29861		9.072848	0.370723	0.459490	0.154643	-0.003351	0.278692	-0.451904	-0.382324	0.458252	80.824378	-88.236925	60.633146
29862		8.936023	0.438796	0.403213	0.132282	-0.009432	0.251126	-0.469482	-0.386475	0.459961	80.343500	-88.379973	61.195338
29863		9.003924	0.434306	0.295637	0.116457	-0.001845	0.231136	-0.467041	-0.379395	0.458496	79.645409	-88.510501	61.965802
29864		9.126777	0.348346	0.227092	0.113108	-0.002724	0.215898	-0.471436	-0.377686	0.458252	78.918935	-88.632590	62.762608
29865		9.117100	0.194217	0.199828	0.112300	0.001703	0.207233	-0.473877	-0.380615	0.460938	77.951819	-88.748669	63.799707
29866		9.126454	0.012968	0.130756	0.100274	-0.001226	0.184713	-0.468018	-0.381836	0.466309	77.028787	-88.852448	64.785685
29867		9.247983	-0.069306	0.062278	0.078243	-0.016649	0.150770	-0.467529	-0.373535	0.462646	76.593346	-88.938710	65.271416
29868		9.284694	-0.093830	0.014268	0.055552	-0.035305	0.127062	-0.473633	-0.372314	0.457520	76.887192	-89.014534	65.014636
29869		9.294333	-0.040897	-0.142035	0.047353	-0.052054	0.116861	-0.471924	-0.371338	0.467773	77.856470	-89.086373	64.077729
29870		9.198320	-0.131523	-0.151512	0.042112	-0.059378	0.125789	-0.471191	-0.375488	0.474121	79.237463	-89.164044	62.725986
29871		9.134078	-0.153648	-0.349389	0.053161	-0.065874	0.134621	-0.471680	-0.374756	0.469971	81.080810	-89.246443	60.918290
29872		9.253553	-0.313685	-0.468090	0.080806	-0.063433	0.135324	-0.470459	-0.380371	0.467041	83.311293	-89.328380	58.739216
29873		9.249070	-0.458979	-0.610553	0.112041	-0.049217	0.142392	-0.473389	-0.369141	0.469238	85.295633	-89.412253	56.824317
29874		9.256318	-0.557818	-0.636997	0.139573	-0.037692	0.149523	-0.473633	-0.370605	0.464111	87.233207	-89.499215	54.971907
29875		9.256890	-0.511627	-0.680489	0.152401	-0.031374	0.141425	-0.472900	-0.368652	0.471924	89.404547	-89.580583	52.893174
29876		9.205392	-0.408110	-0.716268	0.158198	-0.045382	0.122372	-0.471436	-0.368652	0.468506	93.916238	-89.649868	48.477303
29877		9.097382	-0.272399	-0.885432	0.171372	-0.062300	0.090924	-0.474609	-0.368652	0.466064	101.653603	-89.696422	40.843351
29878		8.943418	-0.097143	-0.947157	0.172774	-0.086480	0.057695	-0.473389	-0.361328	0.472412	113.161565	-89.712687	29.439509
29879		8.823934	0.008194	-1.016180	0.178201	-0.123645	0.019058	-0.475586	-0.359619	0.476074	126.236110	-89.686176	16.472230
29880		8.677017	0.104263	-1.106497	0.197428	-0.157000	-0.005748	-0.482666	-0.371826	0.468018	137.320158	-89.622375	5.506382
29881		8.544906	0.139196	-1.247744	0.207567	-0.194842	-0.045303	-0.478760	-0.364990	0.475586	144.259495	-89.518231	-1.309410
29882		8.481043	0.029917	-1.399983	0.219691	-0.237604	-0.069533	-0.473633	-0.361572	0.478760	148.833586	-89.381197	-5.752551
29883		8.527699	-0.122412	-1.259694	0.210781	-0.267272	-0.090232	-0.476318	-0.364502	0.474365	151.560845	-89.221389	-8.354296
29884		8.430005	-0.035454	-1.497191	0.197995	-0.309512	-0.119665	-0.477051	-0.364746	0.485596	153.139940	-89.031006	-9.814839
29885		8.447903	-0.136899	-1.720908	0.215246	-0.330775	-0.148142	-0.468018	-0.363525	0.491943	153.760023	-88.822270	-10.306992
29886		8.571908	-0.308278	-1.790688	0.220833	-0.338660	-0.166312	-0.466309	-0.368896	0.488525	153.922356	-88.604614	-10.337526
29887		8.625001	-0.451936	-1.768743	0.225164	-0.347753	-0.173836	-0.472656	-0.365234	0.491455	153.997319	-88.380546	-10.278691
29888		8.693949	-0.599274	-1.837303	0.217654	-0.357462	-0.175801	-0.466797	-0.373291	0.498291	154.117038	-88.150823	-10.268420
29889		8.989929	-0.601226	-1.955601	0.219171	-0.360199	-0.172211	-0.469727	-0.366455	0.491943	154.290806	-87.920700	-10.312166
29890		9.369353	-0.485533	-1.982241	0.235389	-0.350030	-0.152401	-0.456299	-0.362549	0.503662	154.648035	-87.700606	-10.529407
29891		9.678530	-0.591552	-1.909651	0.264214	-0.319274	-0.112290	-0.455078	-0.366699	0.501953	155.274782	-87.506203	-11.000511
29892		9.889665	-0.766764	-1.800590	0.285696	-0.287816	-0.084982	-0.462158	-0.370361	0.495605	155.983545	-87.334394	-11.540850
29893		10.014766	-0.861644	-1.713078	0.301394	-0.248001	-0.077734	-0.457520	-0.364014	0.508789	156.517002	-87.184912	-11.897957
29894		10.050070	-0.897203	-1.732040	0.317170	-0.217583	-0.088854	-0.462158	-0.366699	0.510742	156.769237	-87.048765	-11.963271
29895		10.056069	-0.826809	-1.852148	0.343027	-0.195292	-0.112946	-0.461914	-0.366455	0.509033	156.693394	-86.918886	-11.686080
29896		9.864643	-0.773552	-2.097346	0.375949	-0.176479	-0.143904	-0.454346	-0.363281	0.510010	156.283118	-86.791759	-11.054172
29897		9.747853	-0.642987	-2.307641	0.408981	-0.139222	-0.180209	-0.459717	-0.367920	0.512451	155.455267	-86.675196	-9.986179
29898		9.770279	-0.606840	-2.269546	0.451705	-0.113444	-0.213450	-0.454346	-0.364258	0.517090	154.322650	-86.562938	-8.587041
29899		9.843026	-0.485708	-1.938406	0.449094	-0.099957	-0.229038	-0.450439	-0.367432	0.522705	153.086584	-86.451880	-7.087035
29900		10.029706	-0.088619	-1.622106	0.393694	-0.105946	-0.219198	-0.451660	-0.363037	0.516357	152.003796	-86.338636	-5.770795
29901		10.279482	0.522699	-1.228156	0.317862	-0.130549	-0.181784	-0.458984	-0.356689	0.520996	151.340991	-86.221797	-4.920300
29902		10.456636	1.001508	-1.018135	0.263256	-0.168352	-0.124429	-0.458252	-0.368652	0.520996	151.266332	-86.101502	-4.689010
29903		10.662938	1.297228	-0.634680	0.221012	-0.201394	-0.050829	-0.458740	-0.364014	0.526367	151.835891	-85.984575	-5.129194
29904		10.988081	1.522075	-0.215234	0.205025	-0.249377	0.023337	-0.448975	-0.358398	0.523438	153.062261	-85.862609	-6.235614
29905		11.567969	1.891777	0.040150	0.089320	-0.246684	0.157623	-0.453613	-0.359863	0.526367	155.085593	-85.773323	-8.209209
29906		12.294257	2.292389	0.037417	-0.053235	-0.239401	0.341291	-0.447021	-0.362549	0.525879	158.215033	-85.723360	-11.372573
29907		12.549273	2.063789	0.495077	-0.155941	-0.243100	0.524041	-0.458008	-0.357666	0.533447	162.529959	-85.691290	-15.785608
29908		12.552393	1.535496	-0.015122	-0.173811	-0.307606	0.655828	-0.447998	-0.350586	0.540039	167.814884	-85.615406	-21.180334
29909		12.286646	0.435173	-1.397548	-0.012261	-0.266471	0.701802	-0.457520	-0.346924	0.528564	173.263545	-85.529059	-26.648093
29910		11.872409	-1.045628	-1.344070	0.225318	-0.095470	0.641112	-0.462646	-0.346191	0.530273	178.122122	-85.500451	-31.386791
29911		11.621011	-1.880812	-0.284584	0.431771	0.019626	0.492601	-0.463379	-0.341797	0.539551	-178.035861	-85.509731	-34.988613
29912		11.490882	-1.877207	0.382254	0.534260	0.046867	0.355740	-0.462402	-0.344238	0.533691	-175.111070	-85.522735	-37.610038
29913		11.391763	-1.628962	1.045983	0.586351	0.105222	0.279696	-0.466797	-0.339355	0.544189	-172.645839	-85.563899	-39.742109
29914		10.899761	-0.995245	1.582393	0.559649	0.175665	0.253143	-0.470703	-0.333496	0.547363	-170.264206	-85.640290	-41.803878
29915		10.502663	-0.175480	1.707212	0.491364	0.221970	0.294291	-0.473633	-0.332520	0.536133	-167.462762	-85.730934	-44.327212
29916		10.142608	0.502962	1.763463	0.429873	0.276368	0.346832	-0.471191	-0.325928	0.541992	-164.076942	-85.834048	-47.469960
29917		9.840997	1.099330	1.860651	0.351502	0.302658	0.366775	-0.465576	-0.306396	0.536621	-160.359865	-85.933608	-50.991298
29918		9.328265	1.461259	1.725692	0.252399	0.278440	0.354237	-0.484863	-0.316895	0.535645	-156.708911	-86.006343	-54.501032
29919		8.978806	1.710450	1.463128	0.157535	0.251015	0.288711	-0.479004	-0.311035	0.540771	-153.584003	-86.066077	-57.538865
29920		8.987082	1.826332	1.278759	0.072172	0.242143	0.180531	-0.483154	-0.318604	0.538574	-151.260193	-86.139761	-59.821322
29921		9.107501	1.815255	1.075178	-0.026531	0.197411	0.048945	-0.484131	-0.315918	0.543701	-150.085676	-86.223557	-61.009957
29922		9.311503	1.664861	0.836685	-0.095614	0.169121	-0.048868	-0.488525	-0.319092	0.542725	-149.775122	-86.320062	-61.370780
29923		9.447834	1.437933	0.673515	-0.138100	0.159603	-0.100257	-0.485352	-0.320313	0.535400	-149.921512	-86.427012	-61.299684
29924		9.259230	1.164288	0.604029	-0.183195	0.142850	-0.125234	-0.485840	-0.327393	0.531250	-150.384594	-86.532328	-60.935601
29925		8.963189	1.055851	0.633650	-0.225228	0.126518	-0.140295	-0.488525	-0.318848	0.535156	-151.104425	-86.633955	-60.340599
29926		8.831025	0.874158	0.654427	-0.247734	0.111287	-0.149838	-0.498047	-0.321777	0.527588	-152.033760	-86.729497	-59.546597
29927		9.247745	0.682430	0.573406	-0.262180	0.086050	-0.160166	-0.501221	-0.332275	0.533447	-153.237407	-86.814588	-58.487826
29928		9.325940	0.586099	0.528136	-0.269387	0.059346	-0.178089	-0.487549	-0.326416	0.537598	-154.796987	-86.888422	-57.075185
29929		9.447760	0.414439	0.503404	-0.260563	0.048045	-0.188769	-0.500488	-0.327881	0.537842	-156.579272	-86.957175	-55.436285
29930		9.383320	0.210259	0.533231	-0.230480	0.035385	-0.201553	-0.490479	-0.337646	0.529053	-158.600783	-87.018467	-53.538932
29931		9.302874	0.054506	0.440280	-0.206298	0.038782	-0.203681	-0.499756	-0.345459	0.530762	-160.701350	-87.079007	-51.550313
29932		9.268773	-0.080709	0.437276	-0.179019	0.038137	-0.185812	-0.489014	-0.335693	0.528320	-162.672858	-87.131681	-49.673704
29933		9.078446	-0.070734	0.366918	-0.171776	0.045052	-0.166302	-0.492432	-0.343994	0.522705	-164.473877	-87.182500	-47.965752
29934		8.961182	-0.013741	0.242916	-0.164427	0.061639	-0.146492	-0.489502	-0.332764	0.521729	-166.053387	-87.236450	-46.473406
29935		8.865340	0.084071	0.198185	-0.154344	0.071039	-0.131826	-0.496338	-0.354004	0.521729	-167.494166	-87.292452	-45.116062
29936		8.862354	0.182861	0.029427	-0.130993	0.094353	-0.125883	-0.499023	-0.342529	0.520020	-168.846153	-87.358572	-43.832454
29937		9.069077	0.183619	-0.087896	-0.106852	0.112375	-0.125594	-0.490723	-0.348389	0.528809	-170.214599	-87.434065	-42.520967
29938		9.200725	0.255971	-0.130034	-0.091342	0.119123	-0.130038	-0.489014	-0.345703	0.520020	-171.692576	-87.511591	-41.088656
29939		9.280966	0.386368	-0.165234	-0.068519	0.129933	-0.131740	-0.494629	-0.349121	0.526611	-173.262983	-87.594351	-39.552713
29940		9.191125	0.397040	-0.219801	-0.052586	0.133699	-0.115464	-0.500977	-0.348145	0.516846	-174.691667	-87.675868	-38.147685
29941		9.167364	0.436951	-0.301037	-0.039919	0.123756	-0.105359	-0.489258	-0.351563	0.526123	-176.086832	-87.750449	-36.770924
29942		9.278088	0.457642	-0.339585	-0.045597	0.121498	-0.102295	-0.494873	-0.356689	0.517578	-177.524720	-87.821605	-35.352825
29943		9.261144	0.556576	-0.333119	-0.054344	0.132821	-0.095373	-0.490723	-0.354980	0.519775	-178.963614	-87.898374	-33.940939
29944		9.110411	0.729851	-0.415127	-0.085298	0.138003	-0.074500	-0.494141	-0.351807	0.520508	179.822370	-87.976140	-32.769760
29945		9.183940	0.892591	-0.466006	-0.098028	0.137455	-0.055672	-0.497803	-0.341797	0.524170	178.809979	-88.053508	-31.809640
29946		9.315715	1.008141	-0.468291	-0.133233	0.144503	-0.040836	-0.501953	-0.364746	0.517090	177.966069	-88.133986	-31.036363
29947		9.382549	1.101239	-0.524112	-0.166461	0.148734	-0.045747	-0.510498	-0.355225	0.513184	176.919214	-88.216920	-30.080855
29948		9.243328	1.171288	-0.650678	-0.209737	0.155545	-0.042512	-0.502930	-0.362061	0.511475	175.820158	-88.302696	-29.096239
29949		9.050499	1.125796	-0.635197	-0.231431	0.151733	-0.033255	-0.507324	-0.361328	0.515381	174.771486	-88.386722	-28.176729
29950		8.865704	1.051228	-0.683126	-0.247788	0.147026	-0.028719	-0.504883	-0.367676	0.520264	173.735514	-88.467270	-27.277113
29951		8.872434	0.896417	-0.804737	-0.254893	0.145995	-0.024176	-0.515625	-0.360352	0.512939	172.667614	-88.547595	-26.351803
29952		8.826857	0.740714	-0.876375	-0.254858	0.146613	-0.015979	-0.515137	-0.367432	0.506104	171.702530	-88.627957	-25.527215
29953		8.658767	0.656702	-1.017098	-0.244377	0.139361	0.013857	-0.509521	-0.370361	0.511963	171.379217	-88.706963	-25.340698
29954		8.496877	0.580595	-1.106239	-0.240279	0.127498	0.051222	-0.518555	-0.367432	0.503906	172.101486	-88.781858	-26.195565
29955		8.388106	0.503112	-1.248780	-0.226654	0.090677	0.089922	-0.514160	-0.365723	0.506836	174.113353	-88.838466	-28.334762
29956		8.200121	0.467158	-1.406206	-0.243063	0.048621	0.141424	-0.514648	-0.369141	0.501953	177.928779	-88.870273	-32.284965
29957		7.951644	0.512942	-1.498741	-0.266729	-0.006288	0.192018	-0.511719	-0.369629	0.507813	-176.690070	-88.864343	-37.816887
29958		8.037096	0.487926	-1.730357	-0.302658	-0.074126	0.240136	-0.521484	-0.365234	0.506592	-170.380635	-88.804946	-44.295794
29959		8.073329	0.516639	-1.827734	-0.345051	-0.156783	0.274878	-0.519531	-0.375488	0.505127	-164.496050	-88.681821	-50.376220
29960		8.137305	0.568580	-1.994217	-0.406450	-0.237328	0.281166	-0.518799	-0.372070	0.508301	-160.178636	-88.501698	-54.922603
29961		8.393382	0.717835	-2.125988	-0.474876	-0.307119	0.271303	-0.521973	-0.375000	0.506836	-157.580508	-88.280563	-57.791185
29962		8.933191	0.888728	-2.143249	-0.513348	-0.363961	0.232037	-0.520752	-0.371826	0.506348	-156.606480	-88.035234	-59.054715
29963		9.386043	0.908581	-2.132645	-0.515105	-0.406440	0.170775	-0.517334	-0.377197	0.515625	-156.980139	-87.781724	-58.973316
29964		9.353612	0.735781	-2.083358	-0.485634	-0.432645	0.132665	-0.514404	-0.373291	0.512207	-157.878122	-87.522163	-58.347781
29965		9.274058	0.622643	-2.138987	-0.459033	-0.423773	0.116871	-0.510010	-0.379639	0.506104	-158.767320	-87.270778	-57.717763
29966		9.219712	0.414970	-2.172545	-0.426890	-0.398493	0.118611	-0.519043	-0.372803	0.507080	-159.382343	-87.031744	-57.341592
29967		9.289150	0.291997	-2.077685	-0.396089	-0.360175	0.125605	-0.512695	-0.382080	0.513428	-159.714821	-86.812155	-57.233044
29968		9.585881	0.181870	-2.226408	-0.354763	-0.328193	0.118928	-0.506104	-0.387695	0.513672	-159.938841	-86.610643	-57.206970
29969		9.894851	0.069441	-2.465041	-0.337746	-0.290984	0.106093	-0.508301	-0.393799	0.510498	-160.144860	-86.432041	-57.191857
29970		10.140145	0.152811	-2.651071	-0.325037	-0.259867	0.083494	-0.505615	-0.382080	0.511719	-160.416843	-86.274225	-57.100646
29971		10.295633	0.307003	-2.940690	-0.325484	-0.230064	0.051339	-0.511963	-0.389648	0.512695	-160.858764	-86.138890	-56.842332
29972		10.361122	0.457386	-3.211995	-0.347644	-0.195585	0.032608	-0.516846	-0.387207	0.515625	-161.333114	-86.025298	-56.561234
29973		10.245643	0.704251	-3.194992	-0.359982	-0.163990	0.035241	-0.512207	-0.389893	0.520752	-161.704691	-85.928456	-56.392925
29974		10.312166	0.756423	-3.034804	-0.367293	-0.135556	0.045839	-0.511475	-0.391602	0.513916	-161.907860	-85.844942	-56.394929
29975		10.637472	0.580787	-2.810392	-0.351398	-0.115241	0.050412	-0.508789	-0.398438	0.519043	-162.027358	-85.771795	-56.474176
29976		11.007375	0.308107	-2.497306	-0.329754	-0.153553	0.016509	-0.513672	-0.392090	0.511230	-162.456922	-85.683590	-56.227586
29977		11.262522	0.187110	-2.234221	-0.283068	-0.219850	-0.052030	-0.499756	-0.398193	0.525635	-163.487745	-85.570373	-55.353813
29978		11.440948	0.051951	-2.088055	-0.221509	-0.280665	-0.131930	-0.505859	-0.391846	0.507813	-165.094270	-85.434473	-53.864343
29979		11.670740	-0.268371	-1.917152	-0.184660	-0.323184	-0.193831	-0.514893	-0.407471	0.519043	-167.087285	-85.279776	-51.967910
29980		11.923909	-0.718223	-1.374176	-0.139312	-0.313324	-0.266309	-0.508789	-0.396484	0.520996	-169.384401	-85.133526	-49.737542
29981		12.196608	-1.354295	-1.095679	-0.043896	-0.328762	-0.355534	-0.506592	-0.408203	0.520752	-172.093390	-84.978597	-47.040887
29982		12.387512	-1.866476	-1.023894	0.061159	-0.304787	-0.496852	-0.496826	-0.408447	0.529297	-175.443688	-84.834225	-43.636841
29983		12.165330	-1.983542	-1.045916	0.181329	-0.321696	-0.666535	-0.502441	-0.412354	0.528076	-179.584566	-84.664631	-39.371338
29984		11.553572	-1.171307	-1.144563	0.148026	-0.333802	-0.790636	-0.489990	-0.414307	0.532227	175.815404	-84.456780	-34.660036
29985		10.502874	0.231174	-1.046497	0.024376	-0.313684	-0.790943	-0.497559	-0.421875	0.529053	171.482932	-84.225846	-30.289327
29986		9.842975	1.400027	-0.879469	-0.101071	-0.246447	-0.700695	-0.495361	-0.419434	0.532959	167.843376	-84.013183	-26.683450
29987		9.737251	2.071952	-0.194560	-0.178016	-0.143990	-0.606163	-0.489746	-0.432373	0.529053	164.753396	-83.848641	-23.675702
29988		9.876019	2.185073	0.391559	-0.214674	-0.044908	-0.554202	-0.480469	-0.429443	0.538330	161.911468	-83.731311	-20.935426
29989		9.953098	2.021507	1.040194	-0.290584	0.073154	-0.519624	-0.478271	-0.446045	0.530518	159.079196	-83.669329	-18.250529
29990		9.720271	1.905343	1.573601	-0.341884	0.181572	-0.521418	-0.484375	-0.437744	0.532959	156.050940	-83.649947	-15.395427
29991		9.714150	1.227123	1.836970	-0.312689	0.238960	-0.574873	-0.489258	-0.448730	0.533936	152.680434	-83.628866	-12.181501
29992		10.093881	0.798254	1.920894	-0.338900	0.285929	-0.645851	-0.488770	-0.451172	0.527832	148.900036	-83.589809	-8.567563
29993		10.469431	0.538979	2.083939	-0.397815	0.321330	-0.680202	-0.490723	-0.455566	0.525879	144.894662	-83.529240	-4.762971
29994		10.625437	0.510417	2.089515	-0.446882	0.337039	-0.670358	-0.484131	-0.468994	0.522217	140.945979	-83.450356	-1.041077
29995		10.594126	0.494159	2.003600	-0.437800	0.321063	-0.637277	-0.490723	-0.479980	0.523193	137.276119	-83.348584	2.403879
29996		10.452654	0.313199	1.934803	-0.394071	0.289372	-0.569593	-0.475830	-0.479248	0.520264	134.093860	-83.237985	5.386022
29997		10.147972	0.056598	1.791891	-0.336685	0.253748	-0.462430	-0.483887	-0.482422	0.514893	131.508783	-83.140710	7.798139
29998		10.128891	-0.325468	1.483352	-0.269206	0.188419	-0.303778	-0.484131	-0.486572	0.509033	129.753867	-83.077814	9.415768
29999		10.224453	-0.603101	1.250543	-0.219026	0.114757	-0.140631	-0.490479	-0.485352	0.508301	128.799229	-83.055555	10.254032
30000		9.688086	-0.696932	0.927038	-0.181024	0.067534	0.006926	-0.486816	-0.488770	0.515381	128.482733	-83.081760	10.473689
30001		9.605734	-0.698872	0.777424	-0.111314	0.046029	0.124863	-0.489014	-0.483887	0.513428	128.626513	-83.152743	10.267899
30002		9.707863	-0.777317	0.591259	-0.017638	0.013032	0.215730	-0.499023	-0.481689	0.510254	129.234905	-83.252526	9.650335
30003		9.814332	-0.849055	0.489879	0.069995	-0.011655	0.264451	-0.494873	-0.486328	0.508545	130.152610	-83.363534	8.770342
30004		9.783643	-0.922440	0.462960	0.148896	-0.034731	0.304196	-0.492432	-0.484619	0.509033	131.371231	-83.481459	7.634833
30005		10.075939	-0.895623	0.400024	0.217046	-0.046993	0.350925	-0.494629	-0.476318	0.518311	132.873019	-83.611290	6.251625
30006		10.153168	-0.732213	0.435874	0.275646	-0.060608	0.408804	-0.486084	-0.475586	0.526123	134.737617	-83.755146	4.539845
30007		9.820150	-0.530192	0.364589	0.332052	-0.062338	0.463551	-0.495850	-0.475342	0.526367	136.930364	-83.913402	2.529462
30008		9.640755	-0.446957	0.378007	0.375331	-0.058011	0.496523	-0.501465	-0.467285	0.522949	139.386438	-84.077198	0.281383
30009		9.398693	-0.306421	0.242335	0.402232	-0.034374	0.500593	-0.500732	-0.462158	0.523926	141.915273	-84.242695	-2.025534
30010		9.349894	-0.242377	0.239748	0.428021	-0.006311	0.496103	-0.510010	-0.462158	0.538330	144.487878	-84.408764	-4.359055
30011		9.336746	-0.108001	0.238743	0.416204	0.028085	0.479941	-0.514648	-0.451172	0.530518	146.996451	-84.575756	-6.636169
30012		9.319029	0.193724	0.058370	0.408934	0.057865	0.458231	-0.508789	-0.448242	0.529297	149.445083	-84.740831	-8.854855
30013		9.200703	0.360816	0.040648	0.407932	0.083279	0.446398	-0.514404	-0.449707	0.536133	151.888115	-84.906647	-11.069717
30014		9.279341	0.391315	-0.060528	0.424737	0.098954	0.431267	-0.510010	-0.437744	0.536133	154.365351	-85.067470	-13.306874
30015		9.264075	0.296277	-0.199413	0.444566	0.112625	0.409068	-0.519043	-0.440430	0.543701	156.823588	-85.222015	-15.514912
30016		9.098148	0.137399	-0.216898	0.465313	0.127767	0.376191	-0.523926	-0.432129	0.542969	159.197957	-85.369098	-17.624506
30017		9.092083	-0.103171	-0.224846	0.486610	0.152378	0.328432	-0.523438	-0.421387	0.552002	161.332052	-85.513765	-19.482185
30018		8.970349	-0.375345	-0.263247	0.502704	0.152764	0.279039	-0.536865	-0.428467	0.547607	163.256775	-85.644218	-21.118473
30019		8.871868	-0.464591	-0.325213	0.505431	0.146142	0.251291	-0.532227	-0.423096	0.542236	165.088876	-85.763004	-22.661473
30020		8.919034	-0.512694	-0.481372	0.509601	0.135198	0.228434	-0.526123	-0.410156	0.547607	166.870007	-85.868287	-24.149316
30021		8.981227	-0.485896	-0.571974	0.513755	0.125731	0.202365	-0.531494	-0.414795	0.541992	168.537697	-85.962347	-25.522624
30022		9.008432	-0.430978	-0.695801	0.523957	0.106373	0.169621	-0.524170	-0.408691	0.550293	170.050640	-86.038684	-26.733035
30023		9.093575	-0.303109	-0.862788	0.538256	0.091201	0.141748	-0.531250	-0.406006	0.549561	171.404402	-86.102333	-27.777618
30024		9.104722	-0.263390	-0.986071	0.563286	0.075322	0.118812	-0.536865	-0.405273	0.556152	172.642460	-86.152903	-28.689745
30025		9.161102	-0.194758	-1.100068	0.591849	0.058231	0.099720	-0.536865	-0.391113	0.560303	173.771037	-86.191774	-29.477684
30026		9.064925	-0.122754	-1.250744	0.608763	0.027553	0.080404	-0.527832	-0.394287	0.564453	174.793401	-86.210450	-30.147451
30027		8.873713	-0.141328	-1.319953	0.643259	0.003087	0.054016	-0.546631	-0.390625	0.566895	175.625800	-86.213748	-30.608329
30028		8.708566	-0.133848	-1.455257	0.652188	-0.023141	0.009861	-0.545898	-0.387451	0.556885	176.105118	-86.199307	-30.708918
30029		8.572661	-0.123024	-1.496241	0.674383	-0.038454	-0.036156	-0.542236	-0.375977	0.570801	176.203400	-86.174862	-30.416740
30030		8.442008	-0.136515	-1.602743	0.681378	-0.077507	-0.083227	-0.540771	-0.379639	0.564697	175.938182	-86.125665	-29.754352
30031		8.286149	-0.126485	-1.723979	0.714979	-0.120230	-0.133933	-0.537842	-0.376221	0.577393	175.306220	-86.049989	-28.706520
30032		8.216582	-0.196531	-1.822655	0.735948	-0.155342	-0.179594	-0.533691	-0.377197	0.569824	174.383168	-85.950469	-27.353231
30033		8.236344	-0.206558	-1.904023	0.775154	-0.192090	-0.213954	-0.529297	-0.369629	0.575684	173.297051	-85.826692	-25.815679
30034		8.309516	-0.280272	-1.914729	0.790382	-0.225370	-0.242784	-0.533447	-0.365479	0.582031	172.119814	-85.679320	-24.175812
30035		8.442953	-0.396567	-1.881532	0.814687	-0.259990	-0.264304	-0.531738	-0.358643	0.602051	170.929828	-85.508387	-22.510643
30036		8.563420	-0.442969	-1.806790	0.794971	-0.290302	-0.273235	-0.534912	-0.363281	0.587646	169.816324	-85.316589	-20.931324
30037		8.699510	-0.274248	-1.799943	0.749390	-0.312021	-0.277334	-0.528809	-0.355469	0.604248	168.780987	-85.110076	-19.457682
30038		8.921085	0.012612	-1.830424	0.700163	-0.326050	-0.274426	-0.531738	-0.347168	0.604492	167.862272	-84.893687	-18.127474
30039		9.068543	0.167046	-1.842265	0.662678	-0.318054	-0.277876	-0.522705	-0.354980	0.607910	166.978299	-84.679763	-16.854395
30040		9.142325	0.217112	-1.688735	0.624407	-0.303175	-0.294263	-0.526611	-0.352051	0.615723	166.045048	-84.469916	-15.552281
30041		9.343718	0.283363	-1.628592	0.579824	-0.279518	-0.303070	-0.515381	-0.349854	0.613281	165.081268	-84.270100	-14.246406
30042		9.602558	0.192658	-1.555358	0.540692	-0.246522	-0.314136	-0.514648	-0.349121	0.611816	164.067059	-84.084474	-12.910239
30043		9.633009	0.211146	-1.514149	0.498134	-0.212931	-0.338493	-0.523682	-0.354004	0.631836	162.919012	-83.910936	-11.465449
30044		9.617599	0.238384	-1.555726	0.495477	-0.182466	-0.354954	-0.513916	-0.351563	0.626709	161.713748	-83.747976	-9.962317
30045		9.530761	0.097775	-1.565661	0.500564	-0.155261	-0.373795	-0.506592	-0.351563	0.625000	160.440172	-83.592888	-8.389010
30046		9.377462	-0.052002	-1.730844	0.518822	-0.153794	-0.393212	-0.506592	-0.343018	0.626221	159.155565	-83.430831	-6.791638
30047		9.208369	-0.200406	-1.995532	0.540275	-0.144337	-0.420932	-0.518311	-0.354736	0.631592	157.808221	-83.263929	-5.120145
30048		9.085477	-0.318583	-2.392180	0.599816	-0.133268	-0.436683	-0.503418	-0.345459	0.635498	156.482294	-83.094854	-3.433341
30049		8.988135	-0.565028	-2.551249	0.676362	-0.110530	-0.456925	-0.499268	-0.350586	0.638916	155.140746	-82.928285	-1.688279
30050		9.054128	-0.769044	-2.596038	0.729020	-0.070742	-0.469663	-0.501221	-0.331299	0.639160	153.772352	-82.774173	0.117117
30051		9.292504	-0.634400	-2.641749	0.729502	-0.039564	-0.465533	-0.504150	-0.341309	0.638428	152.421478	-82.631713	1.903948
30052		9.631706	-0.205419	-2.492563	0.729580	-0.020773	-0.439941	-0.504639	-0.335449	0.646973	151.190655	-82.500661	3.572080
30053		9.951310	0.295454	-2.312287	0.741032	-0.014615	-0.389839	-0.500000	-0.323730	0.647217	150.187784	-82.382452	5.015431
30054		10.179412	0.584825	-2.279937	0.770729	0.012038	-0.317426	-0.505615	-0.332031	0.647949	149.445808	-82.295540	6.214980
30055		10.268534	0.672463	-2.052624	0.800921	0.081754	-0.247406	-0.506348	-0.327393	0.656494	148.840108	-82.261474	7.293194
30056		10.313603	0.975574	-1.631973	0.796269	0.214999	-0.196644	-0.510010	-0.318604	0.651123	148.123364	-82.306175	8.482205
30057		10.727150	1.869763	-0.760547	0.722296	0.396041	-0.142217	-0.512939	-0.330566	0.652832	147.125217	-82.452618	9.910573
30058		11.587352	2.825180	0.844365	0.636233	0.534873	-0.033615	-0.513428	-0.320313	0.654053	146.083859	-82.696510	11.333669
30059		12.599716	3.799219	2.506567	0.502458	0.534638	0.167743	-0.516357	-0.319336	0.642822	145.646116	-83.002444	12.067978
30060		13.539810	4.295943	3.127314	0.386410	0.453966	0.431510	-0.515137	-0.312500	0.650879	146.378215	-83.354946	11.558948
30061		13.846300	3.877281	2.093475	0.327788	0.327649	0.703083	-0.520264	-0.302246	0.653809	148.687169	-83.728143	9.427337
30062		13.283301	1.832550	0.533297	0.480337	0.247722	0.835642	-0.529541	-0.294434	0.657227	152.221718	-84.086424	6.154816
30063		12.099773	-0.998374	-0.184184	0.737437	0.309600	0.647048	-0.532471	-0.284668	0.649902	155.169891	-84.408318	3.620167
30064		11.734014	-2.536674	0.017522	0.817620	0.365290	0.332778	-0.531494	-0.279297	0.645752	156.575868	-84.675771	2.683682
30065		11.929719	-2.383004	0.212807	0.765638	0.387538	0.068568	-0.545410	-0.261230	0.651611	156.446533	-84.893647	3.257688
30066		11.895112	-1.321263	0.561839	0.635409	0.411471	-0.073546	-0.542480	-0.263428	0.655273	155.283992	-85.090077	4.795432
30067		11.596761	0.207006	0.933605	0.543316	0.437723	-0.099731	-0.547607	-0.258057	0.650635	153.707517	-85.290519	6.694343
30068		11.053173	1.480697	1.215408	0.476691	0.495266	-0.087347	-0.541992	-0.259033	0.641357	151.825258	-85.518498	8.861961
30069		10.502908	2.338461	1.501742	0.466494	0.555979	-0.085722	-0.545654	-0.260010	0.647461	149.489894	-85.770915	11.476343
30070		9.993652	2.693975	1.674828	0.484410	0.613964	-0.098597	-0.555420	-0.254639	0.640869	146.511168	-86.038006	14.746225
30071		9.676480	2.695731	1.735684	0.511643	0.672266	-0.121170	-0.562744	-0.250000	0.635254	142.628178	-86.310583	18.935652
30072		9.492790	2.473991	1.733431	0.556336	0.736901	-0.135209	-0.563721	-0.242920	0.639648	137.649990	-86.584035	24.248050
30073		9.365294	2.078019	1.865582	0.631722	0.777272	-0.151716	-0.566406	-0.240234	0.639893	131.440737	-86.833750	30.834512
30074		9.177457	1.699827	1.730428	0.705084	0.792410	-0.166099	-0.570068	-0.244873	0.632324	124.075853	-87.035947	38.619746
30075		9.169833	1.355721	1.650338	0.778267	0.810486	-0.181697	-0.580566	-0.241699	0.626221	115.535274	-87.175843	47.622035
30076		9.203357	1.144820	1.540593	0.839915	0.826617	-0.199498	-0.587158	-0.242432	0.623779	106.135523	-87.237071	57.520001
30077		9.214575	1.073847	1.424936	0.904659	0.843220	-0.213487	-0.589355	-0.235840	0.622070	96.397896	-87.210559	67.791684
30078		9.132348	0.972254	1.408906	0.976483	0.842861	-0.218625	-0.592285	-0.224854	0.612305	87.190695	-87.099971	77.575639
30079		9.193777	0.959996	1.346612	1.034055	0.830105	-0.213431	-0.600830	-0.223389	0.613770	79.038802	-86.920450	86.335874
30080		9.352694	0.894082	1.309860	1.082225	0.813463	-0.209543	-0.591797	-0.211914	0.606445	72.137483	-86.688016	93.874212
30081		9.448299	1.000486	1.239017	1.128635	0.783467	-0.220086	-0.602051	-0.207275	0.607422	66.574645	-86.410989	100.099210
30082		9.438241	1.080686	1.183567	1.190029	0.757114	-0.231488	-0.617188	-0.207764	0.610107	62.180011	-86.104160	105.191784
30083		9.211991	1.040954	1.175648	1.248147	0.707967	-0.231757	-0.615723	-0.196045	0.601807	58.854902	-85.788510	109.246466
30084		9.086220	1.020972	1.121191	1.306657	0.676703	-0.238520	-0.618652	-0.188232	0.598389	56.304715	-85.465973	112.560215
30085		9.077165	1.031472	1.067756	1.374957	0.656022	-0.247882	-0.623535	-0.186768	0.599854	54.334443	-85.135065	115.332211
30086		9.004148	0.988111	0.942598	1.460447	0.650848	-0.244414	-0.621338	-0.175293	0.595215	52.730771	-84.801651	117.787381
30087		9.026345	0.890373	0.906684	1.537603	0.648374	-0.226779	-0.636230	-0.171631	0.591553	51.360765	-84.470542	120.052773
30088		9.076929	0.812717	0.830706	1.603169	0.626780	-0.231230	-0.629883	-0.160889	0.594971	50.343063	-84.142015	122.003914
30089		9.090786	0.829308	0.765312	1.650369	0.615069	-0.245687	-0.633789	-0.163818	0.591553	49.606325	-83.807461	123.700150
30090		9.183248	0.940393	0.667718	1.699220	0.588408	-0.256762	-0.643066	-0.152344	0.593750	49.159275	-83.477310	125.134874
30091		9.192853	1.111426	0.623914	1.746729	0.571062	-0.265050	-0.641846	-0.134277	0.588867	48.917561	-83.148086	126.391415
30092		9.256189	1.134745	0.583794	1.771770	0.540727	-0.269390	-0.654541	-0.129883	0.590332	48.875102	-82.829119	127.462303
30093		9.295601	1.352563	0.470283	1.776153	0.503707	-0.261135	-0.649658	-0.118652	0.582031	48.979770	-82.526667	128.388335
30094		9.238275	1.493807	0.433333	1.777370	0.466222	-0.246971	-0.654297	-0.113037	0.574707	49.195932	-82.245808	129.202984
30095		9.187579	1.641327	0.409438	1.768817	0.425009	-0.235552	-0.660889	-0.103760	0.583740	49.524908	-81.984727	129.898848
30096		9.120913	1.804532	0.373017	1.770094	0.382191	-0.225438	-0.653564	-0.099854	0.582764	49.968014	-81.745657	130.481062
30097		8.994562	1.885334	0.354955	1.781893	0.340734	-0.219721	-0.654053	-0.085449	0.573975	50.530535	-81.523962	130.950002
30098		8.843552	1.909968	0.336392	1.783973	0.305509	-0.205482	-0.660889	-0.072754	0.574707	51.159426	-81.323125	131.353031
30099		8.840066	1.963924	0.311318	1.779455	0.273633	-0.194753	-0.653809	-0.067139	0.572998	51.848787	-81.138084	131.692296
30100		8.784027	2.087452	0.228961	1.758615	0.237378	-0.179056	-0.662598	-0.064209	0.573730	52.586395	-80.974627	131.970960
30101		8.571583	2.226710	0.231526	1.730578	0.210022	-0.154670	-0.660400	-0.043457	0.572754	53.326697	-80.831224	132.230204
30102		8.394301	2.411791	0.276009	1.688099	0.182671	-0.125210	-0.658447	-0.037354	0.572510	54.049812	-80.712355	132.482840
30103		8.449141	2.499278	0.306179	1.642696	0.165268	-0.097878	-0.668457	-0.032715	0.566162	54.736666	-80.611423	132.746167
30104		8.410824	2.644283	0.352798	1.591620	0.143069	-0.075870	-0.661865	-0.018066	0.570557	55.407259	-80.529734	132.996155
30105		8.474809	2.800515	0.357162	1.532251	0.121358	-0.046573	-0.668945	-0.020508	0.572266	56.047194	-80.468263	133.243146
30106		8.599408	2.930342	0.416157	1.491008	0.087766	-0.008208	-0.668945	-0.012207	0.566895	56.681526	-80.437347	133.471535
30107		8.602995	3.049337	0.390058	1.439908	0.062746	0.027303	-0.676025	-0.010742	0.566895	57.293044	-80.430544	133.693769
30108		8.553092	3.045931	0.369831	1.397439	0.036154	0.056956	-0.672852	0.003662	0.561768	57.899640	-80.447818	133.895926
30109		8.531725	3.051459	0.394709	1.344097	0.013127	0.092470	-0.666992	0.018066	0.558350	58.481851	-80.488467	134.092224
30110		8.603370	3.094602	0.391310	1.312479	-0.021001	0.137281	-0.663574	0.023682	0.562012	59.064914	-80.562760	134.268837
30111		8.516489	3.172669	0.338763	1.296149	-0.064757	0.181593	-0.667725	0.034668	0.568115	59.697307	-80.670688	134.385901
30112		8.289933	3.070455	0.274351	1.293124	-0.118180	0.202771	-0.662109	0.044922	0.560791	60.456762	-80.805918	134.372448
30113		8.025695	2.894073	0.281891	1.291591	-0.153220	0.225599	-0.672852	0.045410	0.568359	61.300609	-80.960978	134.273123
30114		7.775543	2.602678	0.186175	1.262924	-0.227262	0.243585	-0.663086	0.053955	0.559326	62.349258	-81.146203	133.949411
30115		7.708565	2.508336	-0.008467	1.218864	-0.293768	0.255326	-0.669434	0.057129	0.562988	63.608749	-81.352306	133.387509
30116		7.743677	2.576341	-0.220850	1.194387	-0.352066	0.259782	-0.661621	0.080566	0.560303	65.090437	-81.574458	132.586555
30117		7.831499	2.705002	-0.415801	1.158015	-0.405043	0.277239	-0.663086	0.084717	0.565430	66.781563	-81.813314	131.553880
30118		7.968634	2.691750	-0.680057	1.108062	-0.432436	0.299025	-0.657227	0.096924	0.562500	68.591749	-82.066461	130.372171
30119		8.282106	2.642168	-0.914817	1.028430	-0.446708	0.327773	-0.656006	0.101074	0.570557	70.472930	-82.330933	129.074034
30120		8.838727	2.540070	-1.130561	0.930123	-0.436458	0.367728	-0.651855	0.105225	0.571777	72.307329	-82.610895	127.766561
30121		9.375189	2.656989	-1.245100	0.831961	-0.439840	0.410669	-0.637695	0.111572	0.572021	74.171776	-82.907736	126.373518
30122		9.855047	2.821141	-1.363435	0.775652	-0.474762	0.460379	-0.642334	0.118896	0.575684	76.244346	-83.232614	124.738703
30123		10.096082	2.721215	-1.271424	0.748368	-0.527380	0.484460	-0.637207	0.127686	0.580566	78.727297	-83.567773	122.676731
30124		10.081966	2.536185	-1.276537	0.725569	-0.544812	0.458791	-0.635254	0.136230	0.582764	81.550207	-83.880509	120.260347
30125		9.989830	2.383941	-1.235536	0.682218	-0.548345	0.382518	-0.629883	0.141846	0.584473	84.688332	-84.134207	117.503914
30126		10.051133	2.477342	-1.366538	0.620468	-0.540041	0.285668	-0.621582	0.146973	0.583008	88.016181	-84.317346	114.521719
30127		10.149271	2.565029	-1.460583	0.548491	-0.501697	0.192679	-0.621338	0.151611	0.586426	91.266838	-84.427691	111.577008
30128		10.166006	2.524655	-1.397855	0.481005	-0.449700	0.117240	-0.618408	0.155029	0.581787	94.248862	-84.482271	108.863158
30129		10.299243	2.478739	-1.178458	0.429624	-0.431860	0.029336	-0.620850	0.149902	0.584717	97.084082	-84.472340	106.266832
30130		10.579663	2.280424	-0.730201	0.382511	-0.435276	-0.072038	-0.621826	0.159912	0.594971	99.794140	-84.394599	103.769437
30131		10.956485	2.589108	-0.381018	0.283302	-0.435597	-0.212244	-0.618164	0.159180	0.596924	102.205077	-84.225198	101.515608
30132		11.291759	2.955131	-0.096456	0.218935	-0.452939	-0.379290	-0.613037	0.158936	0.598633	104.309572	-83.953692	99.531285
30133		11.547573	3.350911	0.255454	0.142596	-0.473432	-0.569125	-0.607666	0.156738	0.599609	106.024633	-83.565398	97.894122
30134		11.706351	3.725136	0.744085	0.077127	-0.517095	-0.745668	-0.616211	0.151611	0.604004	107.458475	-83.070370	96.500288
30135		11.781852	3.538893	0.484552	0.026722	-0.513991	-0.911856	-0.614990	0.139893	0.605469	108.430010	-82.479874	95.542349
30136		11.615233	3.131633	-0.242273	0.014705	-0.463935	-1.046807	-0.611084	0.136230	0.614990	108.889672	-81.826001	95.092176
30137		11.226581	3.057502	-0.674913	0.008001	-0.383420	-1.110870	-0.600586	0.125977	0.613770	108.918714	-81.149888	95.073381
30138		10.658634	3.173551	-0.965831	0.070817	-0.327445	-1.057431	-0.608154	0.127930	0.610352	108.858526	-80.515337	95.180787
30139		10.033164	3.060987	-1.012209	0.173736	-0.271613	-0.902545	-0.603027	0.122559	0.617188	108.855111	-79.972721	95.289809
30140		9.288648	2.793661	-0.878834	0.363776	-0.225291	-0.708445	-0.609131	0.113525	0.618164	109.023770	-79.546311	95.335579
30141		8.778829	2.243556	-0.654235	0.564126	-0.154032	-0.528637	-0.609863	0.117188	0.621826	109.273606	-79.228326	95.416232
30142		8.646704	1.316365	-0.186458	0.759851	-0.115485	-0.382996	-0.607178	0.120850	0.617920	109.666148	-78.998786	95.465205
30143		8.671817	0.322640	0.055263	0.911043	-0.094746	-0.289412	-0.605713	0.118408	0.617188	110.171857	-78.821458	95.487789
30144		8.715887	-0.439848	0.256686	1.022901	-0.079525	-0.238099	-0.608154	0.132813	0.619629	110.745638	-78.677097	95.505704
30145		8.789616	-0.757313	0.378645	1.079457	-0.062639	-0.228879	-0.607422	0.123779	0.617188	111.308161	-78.538931	95.568760
30146		8.705768	-0.634595	0.550415	1.097837	-0.049837	-0.251158	-0.605957	0.141113	0.611328	111.820672	-78.393957	95.693045
30147		8.793165	-0.476715	0.812618	1.089012	-0.045987	-0.285877	-0.613770	0.135498	0.600586	112.276557	-78.229448	95.870615
30148		9.073684	-0.258427	0.855339	1.049144	-0.036740	-0.335099	-0.609863	0.145020	0.615967	112.633477	-78.043297	96.125528
30149		9.458689	0.105645	0.770557	1.042265	-0.023170	-0.378963	-0.606445	0.153809	0.604980	112.905470	-77.835234	96.463954
30150		9.705459	0.263867	0.652338	1.058939	-0.024844	-0.399980	-0.605225	0.157471	0.605957	113.172164	-77.618084	96.817335
30151		9.779606	0.177778	0.529711	1.088332	-0.031202	-0.374929	-0.610840	0.160156	0.604004	113.496160	-77.411114	97.130040
30152		10.215636	-0.020468	0.343322	1.102551	-0.027442	-0.320993	-0.612305	0.153809	0.603516	113.875185	-77.235672	97.394448
30153		10.817315	0.013501	0.217537	1.076069	-0.008894	-0.247675	-0.616699	0.164307	0.599121	114.268403	-77.101465	97.629340
30154		11.280313	0.001825	0.227178	1.061621	-0.009649	-0.147972	-0.610596	0.169922	0.600830	114.757032	-77.021307	97.757501
30155		11.319367	0.306819	0.156051	0.998765	-0.021704	-0.052819	-0.612305	0.171875	0.592773	115.332829	-76.986147	97.759676
30156		11.400406	0.634630	-0.007017	0.966846	-0.037585	0.039486	-0.612305	0.181396	0.590820	116.024708	-76.996451	97.623536
30157		11.266584	0.795923	-0.043106	0.958811	-0.038789	0.144988	-0.610107	0.180664	0.594727	116.831041	-77.058534	97.365610
30158		11.172279	0.756538	-0.234167	0.965427	-0.030005	0.251922	-0.600830	0.188477	0.595703	117.751835	-77.178132	96.993882
30159		10.908882	0.555099	-0.150776	0.956197	-0.000340	0.334304	-0.604492	0.197510	0.599609	118.711173	-77.344418	96.577764
30160		10.529475	0.433593	-0.260773	0.940412	0.025102	0.375591	-0.604736	0.207031	0.590820	119.676306	-77.538456	96.146400
30161		10.256350	0.218620	-0.366222	0.927997	0.054671	0.398468	-0.605225	0.211426	0.582275	120.617607	-77.749272	95.732798
30162		10.041211	0.259905	-0.449610	0.868546	0.131387	0.421149	-0.605713	0.219727	0.585449	121.405108	-77.993983	95.441713
30163		9.722740	0.263635	-0.557212	0.816220	0.187321	0.426183	-0.601563	0.229492	0.579102	122.059306	-78.255817	95.256771
30164		9.797770	0.321621	-0.745631	0.785328	0.212607	0.417065	-0.603027	0.243164	0.574219	122.642522	-78.521956	95.126115
30165		9.832912	0.397811	-0.707733	0.740522	0.216377	0.386023	-0.615234	0.246338	0.573242	123.156789	-78.772737	95.039994
30166		9.611138	0.543237	-0.870501	0.705464	0.209544	0.347335	-0.608398	0.239502	0.564697	123.620186	-79.004031	94.985041
30167		9.185987	0.589925	-1.032411	0.689819	0.222000	0.306405	-0.611084	0.251709	0.562500	123.983976	-79.218441	95.022702
30168		8.898685	0.602750	-1.089255	0.692156	0.228608	0.267957	-0.605713	0.257813	0.562012	124.274604	-79.418060	95.135883
30169		8.945981	0.845031	-1.216330	0.674242	0.222295	0.242529	-0.603516	0.266602	0.559326	124.527951	-79.602452	95.276740
30170		9.089720	1.076498	-1.205845	0.665207	0.204175	0.241913	-0.608643	0.270264	0.555664	124.826127	-79.782027	95.366419
30171		9.136240	1.267380	-1.287569	0.643215	0.192826	0.238991	-0.605957	0.272705	0.559326	125.138289	-79.955330	95.429315
30172		9.235866	1.423019	-1.333662	0.621962	0.179748	0.246440	-0.609619	0.278564	0.541748	125.493518	-80.129099	95.435814
30173		9.298884	1.510166	-1.391306	0.592784	0.154132	0.254965	-0.604980	0.292236	0.540039	125.922800	-80.297005	95.350479
30174		9.199398	1.415255	-1.483441	0.582910	0.138477	0.261999	-0.604492	0.294434	0.547607	126.414352	-80.464012	95.196010
30175		9.024374	1.213530	-1.523666	0.576669	0.125510	0.260502	-0.605957	0.293213	0.545410	126.945013	-80.624371	94.998632
30176		8.911800	1.048947	-1.569011	0.554074	0.127795	0.251774	-0.610596	0.302002	0.540771	127.451886	-80.782521	94.812041
30177		8.892727	0.966541	-1.620839	0.542318	0.126714	0.240371	-0.607178	0.303223	0.532959	127.940348	-80.933553	94.637655
30178		9.018897	0.932582	-1.639252	0.518140	0.137537	0.221910	-0.607178	0.313232	0.529053	128.354970	-81.081172	94.523778
30179		9.202459	0.900846	-1.638533	0.510283	0.158641	0.204088	-0.608154	0.312256	0.529297	128.669895	-81.226898	94.506597
30180		9.253543	0.891706	-1.715087	0.510063	0.179699	0.181531	-0.607910	0.315918	0.524414	128.876508	-81.371406	94.598559
30181		9.352604	0.707646	-1.729376	0.515057	0.195338	0.154328	-0.609863	0.324219	0.531494	128.974380	-81.508121	94.803668
30182		9.553121	0.637902	-1.773845	0.525381	0.208702	0.156509	-0.606445	0.332520	0.514160	129.042500	-81.652004	95.044437
30183		9.677655	0.642624	-1.877014	0.543893	0.232513	0.165358	-0.610840	0.329346	0.513184	129.065803	-81.807101	95.341454
30184		9.558059	0.438448	-1.845950	0.559225	0.255068	0.149936	-0.605225	0.333984	0.516357	128.983099	-81.964796	95.753972
30185		9.324201	0.203288	-1.912652	0.590477	0.284093	0.117912	-0.617676	0.338867	0.513916	128.731526	-82.117106	96.355277
30186		9.285164	0.027592	-1.867054	0.663585	0.300425	0.083368	-0.609863	0.348389	0.503174	128.361568	-82.260677	97.117788
30187		9.259926	-0.047494	-1.802031	0.731024	0.328209	0.055155	-0.613281	0.339355	0.497314	127.841121	-82.399179	98.071251
30188		9.160711	-0.100015	-1.800905	0.812656	0.317060	0.019549	-0.611572	0.353760	0.495605	127.285291	-82.517777	99.106929
30189		8.927824	0.008553	-1.984082	0.906130	0.306437	-0.021777	-0.620117	0.351807	0.488037	126.688422	-82.611073	100.238143
30190		8.650493	-0.038411	-2.148717	1.016314	0.272731	-0.067288	-0.615479	0.359375	0.492676	126.134800	-82.671796	101.388819
30191		8.328290	-0.201440	-2.423958	1.140591	0.227862	-0.109306	-0.624756	0.358643	0.480225	125.696115	-82.695311	102.495711
30192		8.139380	-0.466452	-2.710934	1.252192	0.161066	-0.145734	-0.616699	0.363770	0.469971	125.465309	-82.680107	103.457061
30193		8.093425	-0.654507	-2.901656	1.370880	0.085362	-0.168273	-0.624512	0.368408	0.470947	125.526315	-82.627671	104.193273
30194		8.068166	-0.799805	-3.008891	1.454771	0.001347	-0.175298	-0.625488	0.380859	0.459473	125.919420	-82.545588	104.642719
30195		8.089287	-0.675155	-3.120902	1.505795	-0.055804	-0.171200	-0.627686	0.388184	0.460693	126.557237	-82.445217	104.875411
30196		8.029135	-0.441830	-3.056047	1.513697	-0.115316	-0.151198	-0.622803	0.380371	0.449463	127.443906	-82.335248	104.861173
30197		7.960400	-0.023564	-3.123329	1.477818	-0.185892	-0.135705	-0.630127	0.392822	0.434814	128.575966	-82.205985	104.579077
30198		7.939718	0.326687	-3.221280	1.432412	-0.235886	-0.120903	-0.622803	0.398682	0.434570	129.851801	-82.065799	104.124956
30199		8.149234	0.548011	-3.041479	1.385184	-0.264493	-0.108354	-0.619385	0.406006	0.435791	131.197151	-81.917606	103.573725
30200		8.364310	0.644672	-2.717840	1.325580	-0.272276	-0.095821	-0.617188	0.412354	0.438232	132.525128	-81.771488	103.004768
30201		8.635886	0.833208	-2.193799	1.249069	-0.265269	-0.104799	-0.618652	0.409668	0.432129	133.738687	-81.621092	102.507538
30202		8.887045	0.950364	-1.914153	1.143861	-0.257278	-0.120817	-0.621826	0.421631	0.435059	134.791923	-81.467459	102.110645
30203		9.251617	1.139248	-1.578143	1.033875	-0.238730	-0.140612	-0.621582	0.422363	0.429199	135.661347	-81.310856	101.836392
30204		9.590959	1.233840	-1.152463	0.905874	-0.209741	-0.142656	-0.622070	0.431885	0.423584	136.352694	-81.166425	101.667372
30205		9.850150	1.440900	-0.485937	0.736351	-0.182697	-0.138386	-0.622070	0.427734	0.426514	136.883653	-81.033073	101.562956
30206		10.114275	1.906743	0.503898	0.539201	-0.161105	-0.113775	-0.617920	0.435547	0.423096	137.299590	-80.919857	101.459957
30207		10.536207	2.896293	1.473132	0.295002	-0.178745	-0.039498	-0.620850	0.433838	0.424072	137.811933	-80.826193	101.118190
30208		11.291857	4.024595	1.715742	0.072377	-0.215915	0.103712	-0.619385	0.429199	0.422363	138.647422	-80.772265	100.319162
30209		12.313742	4.990691	1.488329	-0.149915	-0.200463	0.317442	-0.613037	0.442139	0.425781	139.888626	-80.801076	98.980609
30210		13.041907	5.198496	0.178619	-0.291377	-0.189741	0.529940	-0.613281	0.430908	0.423340	141.620939	-80.907698	97.062240
30211		13.363760	3.897418	-1.974574	-0.266618	-0.233431	0.676896	-0.606445	0.440186	0.430908	143.933749	-81.032881	94.571553
30212		13.095899	1.424546	-2.457442	-0.152143	-0.177853	0.654651	-0.598389	0.447266	0.440430	146.193296	-81.162811	92.201567
30213		12.774351	-0.525587	-2.012304	-0.078120	-0.091552	0.508474	-0.603760	0.453369	0.443359	147.927343	-81.274117	90.407456
30214		12.809574	-1.492059	-1.326926	-0.031380	-0.058407	0.356590	-0.595947	0.450439	0.436523	149.174813	-81.350759	89.132654
30215		12.758323	-1.470827	-0.734808	-0.099074	-0.039205	0.239600	-0.596191	0.456787	0.438721	149.984556	-81.397809	88.262013
30216		12.266558	-0.934247	-0.030633	-0.170365	0.014436	0.185379	-0.596191	0.449707	0.433350	150.481544	-81.456289	87.666027
30217		11.424098	-0.089541	0.450910	-0.227674	0.075117	0.141094	-0.595703	0.452637	0.439453	150.691849	-81.530479	87.327242
30218		10.992031	0.817912	0.502998	-0.224345	0.178226	0.164702	-0.593506	0.454834	0.442627	150.793052	-81.664249	87.100335
30219		10.550274	0.949653	0.773166	-0.114634	0.332212	0.230158	-0.593018	0.460938	0.441650	150.893709	-81.891809	86.937988
30220		9.796909	0.565583	1.244641	-0.003074	0.476708	0.304936	-0.588379	0.459717	0.433838	151.047335	-82.213968	86.786419
30221		9.172400	0.272428	1.624112	0.045323	0.564266	0.378262	-0.592041	0.463623	0.435059	151.340337	-82.598873	86.522693
30222		8.693103	0.186133	1.763728	0.037470	0.575802	0.443133	-0.592041	0.458252	0.431885	151.899971	-83.008368	85.985572
30223		8.413641	0.137693	1.604080	0.008485	0.526789	0.509870	-0.589355	0.468506	0.416992	152.915796	-83.408487	84.973084
30224		8.502825	0.100207	1.297545	-0.027147	0.441765	0.523961	-0.583252	0.465820	0.427002	154.303275	-83.767212	83.566531
30225		8.796625	-0.096474	1.034544	-0.035952	0.342865	0.457567	-0.583252	0.482666	0.422607	155.742669	-84.053394	82.103822
30226		9.106899	-0.345060	0.759032	-0.048367	0.270843	0.340124	-0.579346	0.481445	0.420898	156.861460	-84.272321	80.956645
30227		9.266857	-0.411311	0.603753	-0.060775	0.219949	0.227658	-0.590088	0.483398	0.419922	157.558553	-84.436495	80.226693
30228		9.559638	-0.080431	0.511419	-0.075156	0.175662	0.143953	-0.585693	0.480225	0.411621	157.923181	-84.559367	79.822413
30229		9.898776	0.419650	0.454604	-0.074398	0.134173	0.068280	-0.581787	0.485352	0.416016	157.967840	-84.642842	79.740244
30230		9.940970	0.733135	0.332931	-0.052378	0.106118	0.002793	-0.583252	0.479980	0.419922	157.719101	-84.698237	79.965217
30231		9.486628	1.098403	0.312123	-0.040097	0.087547	-0.039720	-0.582031	0.476807	0.420898	157.270151	-84.733462	80.398497
30232		9.022036	1.100130	0.294754	-0.020008	0.064127	-0.054431	-0.585449	0.476074	0.416992	156.802261	-84.753613	80.862145
30233		8.929146	0.968464	0.211812	-0.012905	0.051692	-0.075262	-0.582520	0.484619	0.413086	156.243948	-84.761237	81.420847
30234		9.122000	0.862458	0.118014	-0.019538	0.043254	-0.103978	-0.580811	0.475830	0.415527	155.541340	-84.758025	82.120457
30235		9.573461	0.707460	0.074099	-0.026581	0.047846	-0.145270	-0.583496	0.480225	0.417969	154.587441	-84.745468	83.068533
30236		9.933397	0.460164	0.034565	-0.022413	0.052590	-0.179047	-0.584473	0.478271	0.422607	153.442796	-84.726126	84.210425
30237		10.149006	0.318346	0.040927	-0.020219	0.057905	-0.201931	-0.587158	0.482422	0.417480	152.164638	-84.700482	85.487853
30238		9.999671	0.188841	0.008103	-0.019505	0.061557	-0.187367	-0.582275	0.481201	0.416016	150.970077	-84.678932	86.681633
30239		9.827911	0.189628	0.026732	-0.020201	0.065624	-0.157631	-0.592773	0.477295	0.420654	149.927451	-84.664885	87.722593
30240		9.640322	0.195639	0.028907	-0.019542	0.070463	-0.139490	-0.587402	0.479248	0.416260	148.973616	-84.657607	88.674634
30241		9.331248	0.220766	0.014860	-0.030569	0.088305	-0.129778	-0.588867	0.473389	0.410400	148.006121	-84.659729	89.634180
30242		9.062820	0.398594	0.110049	-0.053955	0.116923	-0.127990	-0.584473	0.477539	0.421387	146.940866	-84.675388	90.678312
30243		8.967812	0.511921	0.011443	-0.085952	0.143786	-0.120642	-0.590576	0.482422	0.417725	145.793139	-84.703608	91.786940
30244		9.011010	0.698523	-0.037037	-0.112008	0.173018	-0.112181	-0.581299	0.481689	0.419922	144.558962	-84.746922	92.967210
30245		9.198946	0.825125	-0.034605	-0.138148	0.192782	-0.102485	-0.592773	0.468262	0.424561	143.262142	-84.799560	94.195365
30246		9.338623	0.922297	-0.069213	-0.165541	0.209218	-0.100034	-0.589844	0.473633	0.417236	141.874786	-84.858595	95.498447
30247		9.486847	0.993375	-0.122373	-0.177212	0.216533	-0.096989	-0.594482	0.470459	0.416504	140.432522	-84.918379	96.849923
30248		9.482661	1.052449	-0.250864	-0.179762	0.204139	-0.099763	-0.604492	0.469971	0.413086	138.998433	-84.969376	98.191508
30249		9.306461	1.088738	-0.336120	-0.186889	0.204578	-0.096736	-0.597168	0.468506	0.415039	137.542408	-85.018012	99.551009
30250		9.072639	0.959922	-0.412298	-0.181833	0.198953	-0.077456	-0.595703	0.473877	0.406006	136.183451	-85.069632	100.815784
30251		9.069071	0.807564	-0.537981	-0.193174	0.185918	-0.065281	-0.598145	0.471924	0.413330	134.907462	-85.117552	101.990765
30252		9.114742	0.791710	-0.643545	-0.195728	0.180639	-0.064597	-0.601074	0.468262	0.405029	133.638262	-85.162131	103.157288
30253		9.172433	0.760006	-0.838419	-0.192439	0.181289	-0.057963	-0.600586	0.463379	0.405029	132.373297	-85.206795	104.321473
30254		9.146067	0.744193	-0.946992	-0.191283	0.181127	-0.043871	-0.601074	0.464600	0.413574	131.154276	-85.256049	105.440040
30255		9.145307	0.747003	-1.069176	-0.189516	0.182000	-0.027928	-0.601563	0.470947	0.413818	129.976640	-85.309824	106.518122
30256		9.001752	0.702245	-1.082600	-0.196481	0.177425	-0.005309	-0.600098	0.463379	0.410645	128.897162	-85.370979	107.493520
30257		8.669299	0.741244	-1.058606	-0.213785	0.148573	0.029882	-0.598145	0.465088	0.415527	128.097073	-85.435488	108.178714
30258		8.324473	0.796731	-1.123367	-0.243636	0.106767	0.062962	-0.604736	0.464111	0.413086	127.648545	-85.500479	108.493907
30259		7.993433	0.836741	-1.141052	-0.278125	0.059945	0.095966	-0.594238	0.456055	0.410645	127.590027	-85.563095	108.398182
30260		7.592567	0.784594	-1.251442	-0.313392	-0.010523	0.124751	-0.589844	0.458984	0.406494	128.061767	-85.614817	107.750235
30261		7.146759	0.710149	-1.303889	-0.367278	-0.110478	0.154549	-0.593506	0.456543	0.425049	129.241143	-85.642466	106.361799
30262		6.898654	0.740533	-1.598106	-0.462137	-0.203944	0.182475	-0.593994	0.466309	0.425781	131.055054	-85.645953	104.282370
30263		6.844340	1.010558	-1.845134	-0.573743	-0.257455	0.201983	-0.590576	0.462646	0.433105	133.197047	-85.630741	101.809915
30264		7.405891	1.258490	-2.033047	-0.652589	-0.273334	0.222224	-0.590088	0.458008	0.438965	135.467938	-85.611197	99.162664
30265		8.338703	1.250728	-2.025766	-0.690175	-0.288767	0.209812	-0.586426	0.459473	0.438232	137.696564	-85.571365	96.536270
30266		8.964601	1.197246	-1.904875	-0.664272	-0.309120	0.176910	-0.578857	0.458984	0.448242	139.807297	-85.503759	94.042653
30267		9.431578	0.865824	-1.834672	-0.608441	-0.329888	0.131714	-0.581299	0.457520	0.454590	141.711285	-85.402665	91.788419
30268		9.739028	0.663732	-1.840853	-0.561257	-0.352239	0.080202	-0.573242	0.456055	0.454834	143.358292	-85.269089	89.818587
30269		9.795877	0.542722	-1.896950	-0.509672	-0.362844	0.038492	-0.571777	0.450928	0.459229	144.740972	-85.111191	88.143457
30270		9.738534	0.462731	-1.931709	-0.469094	-0.348894	0.010773	-0.568604	0.451904	0.462646	145.854569	-84.948987	86.761166
30271		9.639818	0.327212	-1.996946	-0.423518	-0.332942	-0.007757	-0.570557	0.452881	0.463623	146.759616	-84.785175	85.614340
30272		9.696200	0.211747	-2.053357	-0.378573	-0.301780	-0.019180	-0.560547	0.457520	0.474365	147.470948	-84.632612	84.687425
30273		9.926340	0.254381	-2.034279	-0.359140	-0.282299	-0.041886	-0.560059	0.450195	0.478027	147.968959	-84.480351	83.985968
30274		10.104853	0.218312	-1.821306	-0.291291	-0.268156	-0.061034	-0.547852	0.445557	0.481201	148.339791	-84.329979	83.450963
30275		10.164532	-0.106851	-1.555359	-0.241396	-0.285718	-0.077313	-0.557861	0.447754	0.478516	148.685270	-84.164487	82.970255
30276		10.399661	-0.310521	-1.513060	-0.222889	-0.329238	-0.122517	-0.559082	0.446045	0.487793	148.932486	-83.965347	82.598613
30277		10.718243	-0.408731	-1.577521	-0.153292	-0.371277	-0.194593	-0.552490	0.440674	0.493408	148.985994	-83.722820	82.461993
30278		11.091810	-0.726305	-1.347471	-0.060260	-0.387271	-0.275597	-0.553711	0.436523	0.498779	148.781155	-83.449839	82.638683
30279		11.358850	-1.055527	-1.639706	0.042002	-0.376123	-0.343824	-0.557373	0.448486	0.497803	148.341381	-83.160464	83.111254
30280		11.881956	-1.218761	-1.201817	0.156589	-0.346341	-0.409345	-0.556152	0.433594	0.491211	147.677558	-82.866499	83.875742
30281		12.668956	-0.685990	-0.566654	0.196196	-0.315862	-0.455238	-0.556152	0.445313	0.503662	146.850197	-82.570514	84.828717
30282		13.350038	-0.000886	-0.362438	0.276599	-0.304875	-0.499214	-0.554688	0.434570	0.498291	145.956538	-82.265349	85.895451
30283		13.970092	0.084052	-0.644197	0.286368	-0.297825	-0.555415	-0.547119	0.432373	0.493896	144.940506	-81.941735	87.092415
30284		13.797190	1.188390	-0.528296	0.059308	-0.270294	-0.493438	-0.552490	0.424805	0.501465	144.014029	-81.650063	88.068127
30285		13.044485	2.165978	0.046697	-0.133831	-0.238867	-0.324790	-0.548584	0.426514	0.505371	143.484415	-81.427180	88.531604
30286		12.481451	2.071355	0.648364	-0.183229	-0.205047	-0.211603	-0.551514	0.421143	0.503906	143.212464	-81.259219	88.705829
30287		11.794952	2.103357	1.176057	-0.297082	-0.101748	-0.151022	-0.555420	0.432861	0.499512	142.832960	-81.158200	88.923133
30288		10.757482	1.821493	1.730460	-0.360493	0.002814	-0.143238	-0.542236	0.428711	0.507324	142.213873	-81.108226	89.345999
30289		9.890204	1.352448	1.906342	-0.377143	0.103322	-0.178380	-0.547607	0.425781	0.509521	141.261442	-81.089150	90.096795
30290		9.140377	0.687123	2.069617	-0.368448	0.197524	-0.212684	-0.551758	0.420654	0.510498	140.002580	-81.098060	91.162674
30291		8.502174	0.133142	1.935645	-0.342092	0.247788	-0.236881	-0.557373	0.415039	0.506592	138.567083	-81.115065	92.422670
30292		8.228746	-0.421728	1.626310	-0.231202	0.282426	-0.228724	-0.558594	0.423340	0.507324	137.128009	-81.145846	93.750422
30293		8.550410	-1.008436	1.504506	-0.097066	0.318191	-0.200405	-0.563232	0.413574	0.507813	135.737688	-81.196955	95.106507
30294		9.246243	-1.542970	1.318004	0.019822	0.309251	-0.150507	-0.560791	0.411377	0.497314	134.555229	-81.260559	96.319783
30295		9.864355	-1.707863	1.017218	0.072360	0.252098	-0.077609	-0.560059	0.414063	0.502686	133.727957	-81.327643	97.203977
30296		9.922584	-1.452311	0.693042	0.077760	0.187479	0.003882	-0.554199	0.416504	0.498535	133.282252	-81.402048	97.705188
30297		9.585640	-1.009319	0.527760	0.048348	0.144239	0.061290	-0.565430	0.415283	0.497314	133.080090	-81.482839	97.942946
30298		9.557654	-0.524627	0.399289	0.046275	0.120675	0.109779	-0.554199	0.407715	0.502197	133.068817	-81.574856	97.986479
30299		9.563608	-0.294748	0.275702	0.049831	0.105643	0.154123	-0.555664	0.421143	0.495117	133.218728	-81.679469	97.869091
30300		9.519551	-0.223232	0.308053	0.068932	0.087775	0.193150	-0.556396	0.417969	0.492188	133.542962	-81.793290	97.586693
30301		9.565131	-0.152956	0.319387	0.073284	0.062381	0.211200	-0.556885	0.427002	0.496094	134.000851	-81.903875	97.169005
30302		10.154003	-0.010415	0.250746	0.089207	0.039871	0.240494	-0.553711	0.425537	0.495605	134.630928	-82.017253	96.589618
30303		10.088268	-0.015284	0.260335	0.112712	0.030008	0.269062	-0.556396	0.433594	0.489746	135.402862	-82.137394	95.880681
30304		9.746245	-0.037830	0.286932	0.136647	0.039457	0.288539	-0.548828	0.431641	0.494385	136.245124	-82.267615	95.114905
30305		9.429776	-0.138950	0.276843	0.146333	0.054753	0.299210	-0.542236	0.439453	0.494141	137.107026	-82.407154	94.335048
30306		9.275147	-0.200281	0.311898	0.150221	0.072425	0.310958	-0.549072	0.436768	0.487305	137.990162	-82.556797	93.536389
30307		9.210487	-0.324199	0.368239	0.148284	0.095394	0.313235	-0.543213	0.433350	0.487793	138.844264	-82.715975	92.766044
30308		9.330252	-0.293733	0.285436	0.139954	0.113610	0.320313	-0.541992	0.436279	0.479248	139.702432	-82.883786	91.987196
30309		9.507425	-0.263217	0.222103	0.121987	0.124365	0.329851	-0.540039	0.440674	0.489746	140.590023	-83.058409	91.165444
30310		9.514333	-0.310467	0.177468	0.102107	0.131018	0.335938	-0.542480	0.446533	0.484863	141.514830	-83.236495	90.298219
30311		9.464258	-0.297078	0.076872	0.076408	0.134757	0.331045	-0.536377	0.443359	0.480713	142.440368	-83.412981	89.412100
30312		9.390073	-0.311491	0.022080	0.059746	0.124987	0.319664	-0.540039	0.444824	0.478760	143.390832	-83.579229	88.495241
30313		9.388927	-0.379283	-0.028420	0.051497	0.124067	0.306900	-0.536377	0.449951	0.477295	144.332602	-83.739261	87.579187
30314		9.353470	-0.597572	-0.062413	0.049015	0.113505	0.295116	-0.537109	0.460693	0.476318	145.303406	-83.888489	86.636249
30315		9.334368	-0.753801	-0.152878	0.054400	0.121586	0.276986	-0.529785	0.452881	0.487305	146.216171	-84.034449	85.752054
30316		9.362741	-0.976137	-0.258222	0.070755	0.123775	0.254824	-0.531982	0.460449	0.471680	147.073353	-84.172582	84.936368
30317		9.415404	-1.107631	-0.217077	0.091033	0.130631	0.240486	-0.530762	0.455078	0.479980	147.891037	-84.308795	84.168492
30318		9.349318	-1.090487	-0.266095	0.093807	0.135341	0.230187	-0.523682	0.465820	0.480713	148.683510	-84.442686	83.431492
30319		9.319991	-0.882985	-0.270099	0.095257	0.138684	0.231413	-0.524658	0.462646	0.473145	149.510505	-84.578004	82.656583
30320		9.152839	-0.734740	-0.362256	0.097121	0.124194	0.230261	-0.523193	0.469238	0.471191	150.417328	-84.704218	81.806965
30321		9.044336	-0.538381	-0.408612	0.104334	0.119801	0.212641	-0.532959	0.471924	0.469238	151.287562	-84.822697	80.994822
30322		8.961128	-0.366681	-0.497595	0.105515	0.103702	0.194420	-0.529053	0.463135	0.470215	152.140928	-84.926357	80.204022
30323		8.872586	-0.152710	-0.632889	0.108597	0.084131	0.160589	-0.519775	0.471191	0.462158	152.892431	-85.010773	79.513695
30324		8.830982	-0.012127	-0.751529	0.118124	0.063176	0.121813	-0.525635	0.465332	0.460449	153.503077	-85.073084	78.973981
30325		8.786738	0.030429	-0.895368	0.134091	0.041688	0.087470	-0.520020	0.474609	0.461670	153.995857	-85.115927	78.558555
30326		8.711931	-0.028479	-0.888137	0.147633	0.028127	0.046066	-0.529541	0.476563	0.464355	154.289511	-85.140460	78.354021
30327		8.696174	-0.061187	-0.963861	0.153439	0.016456	0.001351	-0.518066	0.474609	0.462402	154.353210	-85.148533	78.380344
30328		8.720485	-0.088268	-1.003789	0.161085	0.000488	-0.035634	-0.519531	0.476318	0.465332	154.240408	-85.138448	78.591470
30329		8.735886	-0.134417	-1.050143	0.171989	-0.016167	-0.075142	-0.527100	0.489990	0.452881	153.948299	-85.110473	78.985060
30330		8.774582	-0.212373	-1.105130	0.184649	-0.041929	-0.103589	-0.524658	0.482422	0.462646	153.571380	-85.061208	79.474847
30331		8.803589	-0.317786	-1.133566	0.190746	-0.072260	-0.127220	-0.518311	0.479736	0.458252	153.161983	-84.990881	79.998305
30332		8.791621	-0.431237	-1.167175	0.202795	-0.099147	-0.151770	-0.516113	0.484863	0.458740	152.707910	-84.899262	80.576089
30333		8.748970	-0.516472	-1.267694	0.205341	-0.113242	-0.172004	-0.524170	0.485596	0.448975	152.206223	-84.795437	81.200097
30334		8.818703	-0.573499	-1.202655	0.200006	-0.133885	-0.191126	-0.522217	0.482666	0.456543	151.676600	-84.674777	81.852336
30335		8.834417	-0.486882	-1.075980	0.168039	-0.156561	-0.219021	-0.517822	0.485596	0.456787	151.079044	-84.535323	82.552174
30336		8.798086	-0.220666	-1.057770	0.137310	-0.188644	-0.261103	-0.522949	0.470703	0.456543	150.371395	-84.366445	83.347493
30337		8.752150	0.033783	-1.081557	0.113133	-0.221113	-0.298925	-0.518555	0.478271	0.465332	149.607358	-84.170383	84.182551
30338		8.799970	0.154506	-1.135519	0.111815	-0.252663	-0.336945	-0.521484	0.477539	0.469727	148.802853	-83.945766	85.061111
30339		8.722274	0.097129	-1.247886	0.112530	-0.284904	-0.362557	-0.516113	0.486084	0.456299	148.039208	-83.697101	85.895072
30340		8.725250	0.008665	-1.350781	0.136179	-0.307844	-0.387085	-0.519287	0.476074	0.464355	147.304682	-83.428052	86.718080
30341		8.743908	-0.182074	-1.493433	0.187284	-0.322199	-0.416604	-0.518311	0.475586	0.462646	146.584676	-83.142557	87.553620
30342		8.772108	-0.423049	-1.523396	0.250218	-0.330564	-0.446103	-0.516602	0.476563	0.472412	145.868306	-82.841645	88.425132
30343		8.858701	-0.592481	-1.609752	0.300237	-0.331413	-0.468982	-0.521240	0.476563	0.464355	145.168549	-82.532329	89.305715
30344		9.075966	-0.648781	-1.693200	0.338613	-0.327496	-0.483878	-0.524414	0.472168	0.460449	144.488898	-82.217882	90.192484
30345		9.307363	-0.591275	-1.843670	0.373806	-0.316147	-0.480758	-0.522217	0.476074	0.459717	143.877705	-81.909307	91.028333
30346		9.491269	-0.539118	-1.871856	0.433171	-0.308143	-0.484290	-0.526367	0.468994	0.459961	143.319188	-81.601193	91.848787
30347		9.736407	-0.645498	-1.859833	0.514308	-0.297582	-0.463877	-0.529053	0.476318	0.470703	142.897040	-81.304877	92.576468
30348		9.958800	-0.725732	-1.805488	0.590273	-0.277587	-0.434647	-0.525635	0.473389	0.462158	142.590645	-81.026199	93.234136
30349		10.091772	-0.710952	-1.678106	0.670010	-0.276635	-0.406604	-0.521729	0.476807	0.454102	142.439716	-80.758194	93.777754
30350		10.195013	-0.599876	-1.623112	0.730372	-0.303365	-0.368978	-0.523193	0.474854	0.461426	142.495089	-80.490245	94.151111
30351		10.350482	-0.151754	-1.541012	0.814158	-0.333892	-0.326858	-0.524414	0.485596	0.449463	142.785336	-80.224223	94.332316
30352		10.860355	0.330782	-1.043823	0.897270	-0.360277	-0.259108	-0.515625	0.476563	0.440430	143.340825	-79.968688	94.295650
30353		11.699272	0.632921	-0.322580	0.914667	-0.383825	-0.164123	-0.518311	0.478516	0.450439	144.183611	-79.735601	93.975449
30354		12.819921	1.141154	0.551664	0.857251	-0.409067	-0.022373	-0.522461	0.494385	0.443604	145.366764	-79.535386	93.277346
30355		13.901778	1.417551	0.439500	0.800916	-0.476773	0.175971	-0.511719	0.493896	0.446777	147.106204	-79.364141	91.977449
30356		14.330352	1.389609	-0.376997	0.760866	-0.492570	0.380611	-0.503662	0.495850	0.447266	149.319675	-79.237702	90.173846
30357		13.272080	0.677338	-1.232850	0.811981	-0.445065	0.428502	-0.506592	0.506592	0.439209	151.576169	-79.136743	88.352291
30358		11.448934	-0.191492	-1.429919	0.880784	-0.330317	0.275899	-0.504639	0.512695	0.427490	153.271054	-79.040700	87.145513
30359		10.519522	-0.449504	-1.237641	0.873990	-0.204304	0.099257	-0.494385	0.515625	0.434570	154.314640	-78.960807	86.596199
30360		10.303894	-0.394330	-1.243929	0.877199	-0.054783	-0.021111	-0.501221	0.522949	0.424316	154.838823	-78.925780	86.579576
30361		10.256629	-0.191346	-0.910185	0.889480	0.075602	-0.099256	-0.500977	0.522461	0.425049	155.005772	-78.940916	86.931834
30362		10.136456	0.144032	-0.400522	0.920956	0.173229	-0.127632	-0.497803	0.527832	0.416260	154.986719	-78.998468	87.494215
30363		9.885662	0.429058	0.116253	0.963769	0.228117	-0.136628	-0.494629	0.531250	0.414307	154.901423	-79.083806	88.146232
30364		9.731983	0.772365	0.315236	0.985323	0.283001	-0.126164	-0.491455	0.535400	0.393066	154.774054	-79.198345	88.856131
30365		9.509738	1.114829	0.361304	0.997057	0.358234	-0.118456	-0.491211	0.535645	0.385742	154.572051	-79.355145	89.645998
30366		9.367662	1.379720	0.365500	1.057689	0.441996	-0.119596	-0.503906	0.544434	0.380371	154.267458	-79.552502	90.577608
30367		9.423617	1.402219	0.445595	1.077966	0.545450	-0.120422	-0.508301	0.545898	0.366211	153.807056	-79.803849	91.676790
30368		9.508907	1.497061	0.706663	1.087186	0.652411	-0.118858	-0.507568	0.543945	0.354736	153.152702	-80.106457	92.979285
30369		9.500655	1.672699	0.840092	1.056979	0.729532	-0.115295	-0.515137	0.553467	0.348389	152.311023	-80.448575	94.451529
30370		9.442949	1.937313	0.871208	1.088307	0.774642	-0.092743	-0.516113	0.550537	0.340820	151.391058	-80.813427	96.021249
30371		9.334156	1.930445	0.805374	1.154127	0.780409	-0.079800	-0.522461	0.557373	0.331543	150.440316	-81.182884	97.656412
30372		9.394343	1.764738	0.707320	1.196761	0.770989	-0.096070	-0.519043	0.559814	0.315186	149.365035	-81.536078	99.442925
30373		9.528263	1.656772	0.659911	1.220209	0.748797	-0.141240	-0.517822	0.562256	0.310791	148.074407	-81.861757	101.456394
30374		9.816439	1.578771	0.577392	1.209378	0.711335	-0.207749	-0.527344	0.571045	0.285889	146.498316	-82.139006	103.753016
30375		10.048902	1.499408	0.515339	1.202126	0.674177	-0.273207	-0.530762	0.576904	0.278076	144.641390	-82.370298	106.324895
30376		10.105625	1.372572	0.406861	1.214715	0.649792	-0.324462	-0.527100	0.572998	0.262939	142.547885	-82.558328	109.143985
30377		10.124582	1.195437	0.426007	1.239217	0.613793	-0.347988	-0.535645	0.572754	0.256348	140.363249	-82.710545	112.066330
30378		10.062748	1.120748	0.205582	1.259379	0.571840	-0.376126	-0.537109	0.575439	0.242676	138.127504	-82.816822	115.052691
30379		9.969031	1.022317	0.141109	1.280801	0.529637	-0.414409	-0.538574	0.569092	0.237793	135.833179	-82.878064	118.107712
30380		9.740986	0.885364	0.058356	1.307716	0.498899	-0.442190	-0.545898	0.569824	0.221191	133.539465	-82.897779	121.179588
30381		9.403918	0.810496	0.012760	1.333199	0.488997	-0.468693	-0.546387	0.571045	0.207764	131.194837	-82.889450	124.314548
30382		9.223318	0.718153	-0.006672	1.376278	0.490442	-0.488246	-0.547363	0.564941	0.189697	128.838454	-82.854794	127.489275
30383		9.185826	0.689268	-0.012365	1.423490	0.485605	-0.501814	-0.557861	0.571289	0.180420	126.508865	-82.798646	130.662861
30384		9.239501	0.659002	-0.029865	1.474813	0.474674	-0.524782	-0.559326	0.581299	0.173096	124.255456	-82.709959	133.791519
30385		9.182479	0.725444	-0.110630	1.503794	0.458427	-0.536267	-0.562744	0.572021	0.155518	122.106839	-82.597858	136.830180
30386		9.157894	0.865792	-0.156853	1.520208	0.453904	-0.536228	-0.564697	0.563721	0.149170	120.083381	-82.468155	139.754713
30387		9.150577	0.995620	-0.221824	1.528906	0.447167	-0.532729	-0.564697	0.567139	0.142090	118.167703	-82.327418	142.574412
30388		9.200930	1.170141	-0.245467	1.537194	0.429233	-0.524763	-0.562500	0.567871	0.123291	116.444726	-82.172240	145.207449
30389		9.101630	1.371596	-0.315596	1.555844	0.390865	-0.505510	-0.580811	0.566650	0.107178	114.977601	-82.009454	147.590964
30390		8.968426	1.497605	-0.395750	1.582179	0.358221	-0.480599	-0.572510	0.568848	0.096191	113.780422	-81.842613	149.721043
30391		8.860002	1.521171	-0.432247	1.602638	0.320792	-0.458597	-0.578613	0.558350	0.086182	112.812357	-81.674944	151.630567
30392		8.859177	1.685582	-0.510596	1.609292	0.283324	-0.435336	-0.581299	0.557861	0.074707	112.090460	-81.505727	153.297712
30393		8.793009	1.861216	-0.517832	1.605972	0.242249	-0.414096	-0.584473	0.552490	0.058838	111.568560	-81.337891	154.759072
30394		8.757322	1.993078	-0.551869	1.599034	0.212293	-0.381881	-0.589844	0.562012	0.056152	111.243891	-81.177923	156.019836
30395		8.780475	2.134090	-0.515790	1.593370	0.180637	-0.356917	-0.592285	0.555664	0.034668	111.065744	-81.025203	157.127216
30396		8.879201	2.272138	-0.512569	1.565531	0.167091	-0.330873	-0.589600	0.550049	0.033936	110.988843	-80.881962	158.118701
30397		8.965069	2.274708	-0.382515	1.547200	0.160015	-0.291695	-0.590820	0.546631	0.011963	110.971681	-80.759232	159.037303
30398		8.967323	2.361006	-0.299491	1.518583	0.153178	-0.252021	-0.584229	0.551514	0.006836	111.039072	-80.655252	159.856010
30399		8.820257	2.426859	-0.287140	1.496557	0.144629	-0.213331	-0.593994	0.553711	-0.000244	111.158277	-80.571410	160.608124
30400		8.817197	2.475602	-0.289859	1.482509	0.135145	-0.163682	-0.592773	0.542236	-0.015137	111.384539	-80.511465	161.245207
30401		8.883029	2.547426	-0.259213	1.481298	0.133723	-0.117013	-0.596680	0.543213	-0.020996	111.656356	-80.477382	161.833467
30402		8.781265	2.581570	-0.216687	1.476062	0.134562	-0.072216	-0.591797	0.539063	-0.033936	111.998084	-80.466980	162.349852
30403		8.662136	2.644247	-0.233639	1.454587	0.138083	-0.022935	-0.596924	0.547119	-0.034912	112.360333	-80.484703	162.831022
30404		8.592467	2.724749	-0.296263	1.440734	0.142167	0.002100	-0.584961	0.551758	-0.052002	112.753083	-80.516385	163.275110
30405		8.470420	2.778916	-0.375780	1.428946	0.144587	0.025571	-0.596924	0.538574	-0.063477	113.143533	-80.561998	163.711810
30406		8.444633	2.813697	-0.493377	1.416971	0.142693	0.035127	-0.586426	0.540039	-0.068359	113.564850	-80.612189	164.113029
30407		8.418253	2.850429	-0.451937	1.408741	0.142092	0.032831	-0.600586	0.543701	-0.077393	113.959973	-80.661876	164.533972
30408		8.378034	2.920889	-0.413439	1.389169	0.130660	0.025942	-0.587891	0.533691	-0.087891	114.390815	-80.705379	164.909285
30409		8.427994	2.931135	-0.489205	1.378700	0.108230	0.016859	-0.599609	0.540527	-0.098633	114.853926	-80.739457	165.243414
30410		8.449612	2.989679	-0.499672	1.340235	0.079775	0.019640	-0.588867	0.538330	-0.099121	115.411099	-80.768317	165.462251
30411		8.652471	3.132856	-0.627049	1.280895	0.042491	0.051783	-0.596191	0.538574	-0.115723	116.082689	-80.804876	165.527892
30412		8.834916	3.353660	-0.777826	1.196953	0.024677	0.084752	-0.583008	0.536133	-0.124268	116.838189	-80.853874	165.462630
30413		8.882744	3.492244	-0.921825	1.099754	0.005359	0.134290	-0.594971	0.528809	-0.127197	117.662800	-80.922781	165.269027
30414		8.779993	3.651628	-1.092178	1.014572	-0.036462	0.172071	-0.594238	0.533691	-0.132813	118.666454	-80.999021	164.846703
30415		8.694288	3.673728	-1.317305	0.947374	-0.089475	0.203339	-0.581299	0.541992	-0.138428	119.845086	-81.074503	164.206111
30416		8.668540	3.624114	-1.527760	0.886553	-0.142354	0.224956	-0.580078	0.523193	-0.146729	121.234743	-81.143197	163.319021
30417		8.621840	3.575337	-1.657419	0.839882	-0.180392	0.223810	-0.577881	0.531982	-0.148926	122.707494	-81.195975	162.318967
30418		8.678295	3.493249	-1.789845	0.822986	-0.203430	0.221466	-0.572754	0.533447	-0.152100	124.275071	-81.236542	161.215251
30419		8.857615	3.314063	-1.667577	0.813898	-0.192337	0.225648	-0.583008	0.537842	-0.159668	125.799978	-81.277687	160.147585
30420		9.107075	3.072949	-1.636362	0.787611	-0.176045	0.232119	-0.582520	0.532959	-0.159668	127.312011	-81.323432	159.079804
30421		9.420500	2.996722	-1.569357	0.751878	-0.149988	0.225843	-0.583984	0.521729	-0.161377	128.699309	-81.370919	158.115911
30422		9.728754	2.909330	-1.556885	0.709228	-0.123678	0.202838	-0.581543	0.534668	-0.163574	129.967735	-81.414826	157.249352
30423		9.894792	2.879167	-1.448897	0.669011	-0.116843	0.174377	-0.574707	0.527588	-0.175293	131.106832	-81.445567	156.488402
30424		10.133948	2.877346	-1.557983	0.631144	-0.117918	0.149297	-0.580566	0.526611	-0.169678	132.195812	-81.463464	155.758202
30425		10.339667	2.809487	-1.564690	0.579519	-0.123454	0.113324	-0.577881	0.519531	-0.170410	133.153050	-81.461523	155.130046
30426		10.599846	2.807700	-1.477815	0.531671	-0.131967	0.067767	-0.578369	0.532227	-0.175781	134.012763	-81.436365	154.574046
30427		10.785172	2.687774	-1.217915	0.498092	-0.141903	0.002707	-0.575439	0.528076	-0.177734	134.675877	-81.378764	154.195250
30428		11.175117	2.575449	-0.925351	0.460438	-0.156612	-0.083934	-0.577148	0.525146	-0.187012	135.146284	-81.280171	153.991595
30429		11.681399	2.351522	-0.736612	0.424453	-0.182538	-0.204538	-0.574463	0.516846	-0.175537	135.312492	-81.121474	154.073399
30430		12.410355	2.402335	-0.183460	0.395304	-0.183167	-0.375505	-0.587891	0.512451	-0.184082	135.054197	-80.894193	154.569553
30431		13.060946	2.435214	-0.544259	0.430712	-0.153330	-0.606824	-0.576904	0.506592	-0.185303	134.172408	-80.582957	155.716489
30432		13.507971	2.394647	-1.087536	0.453161	-0.054338	-0.869006	-0.590332	0.507324	-0.188477	132.558283	-80.198403	157.622250
30433		13.325798	2.905863	-1.204303	0.476711	0.069797	-1.042268	-0.611328	0.495361	-0.193604	130.407736	-79.775204	160.087269
30434		12.295019	3.220958	-0.976715	0.630456	0.180742	-1.021108	-0.596924	0.490479	-0.193604	128.327006	-79.387429	162.575493
30435		11.011634	2.924555	-0.499536	0.797885	0.238514	-0.843739	-0.606689	0.479736	-0.193359	126.654205	-79.084403	164.747426
30436		10.010943	2.471560	-0.290348	0.909861	0.263689	-0.623214	-0.611328	0.478760	-0.207275	125.480034	-78.883696	166.480096
30437		9.062026	2.228755	-0.211945	0.944878	0.251088	-0.438010	-0.607422	0.473633	-0.205566	124.685612	-78.758154	167.844539
30438		8.059055	2.167587	-0.156607	0.957322	0.224981	-0.304020	-0.611816	0.467285	-0.215820	124.218712	-78.686476	168.885307
30439		7.446670	1.991463	0.111342	0.989178	0.216786	-0.220617	-0.622803	0.455078	-0.218262	123.909320	-78.648304	169.780959
30440		7.072899	1.638108	0.340501	1.008709	0.225201	-0.185554	-0.620850	0.458252	-0.234375	123.671055	-78.630763	170.618855
30441		6.943207	1.316190	0.601409	1.046483	0.245988	-0.178041	-0.623535	0.451904	-0.249512	123.396051	-78.620475	171.514008
30442		6.969336	0.896401	0.812762	1.078101	0.258758	-0.183682	-0.622314	0.445801	-0.249023	123.123149	-78.612848	172.427861
30443		7.355459	0.514216	0.955929	1.090654	0.268246	-0.199946	-0.617188	0.444824	-0.252686	122.786804	-78.597187	173.413098
30444		8.120203	0.162471	1.099393	1.089334	0.282651	-0.200044	-0.629395	0.431885	-0.266602	122.440612	-78.587009	174.408362
30445		8.860160	0.187962	1.079947	1.080562	0.277248	-0.215822	-0.626221	0.425781	-0.267334	122.056753	-78.564074	175.435658
30446		9.481000	0.337945	1.104123	1.099305	0.249017	-0.237972	-0.622314	0.431152	-0.277832	121.745293	-78.522815	176.401484
30447		10.010991	0.523803	1.061310	1.122837	0.203356	-0.265823	-0.622803	0.422852	-0.288086	121.498079	-78.451167	177.314136
30448		10.392254	0.597232	0.974626	1.144030	0.177901	-0.272797	-0.625244	0.411133	-0.288086	121.343942	-78.370032	178.145981
30449		10.539441	0.599697	0.963293	1.111036	0.180806	-0.241943	-0.625000	0.406006	-0.291504	121.191174	-78.302344	178.956207
30450		10.639548	0.551044	1.000583	1.067645	0.194121	-0.180479	-0.627197	0.398926	-0.303467	121.097635	-78.270481	179.681841
30451		10.579364	0.362813	0.989816	1.039994	0.184884	-0.093144	-0.620117	0.396973	-0.306885	121.111789	-78.276644	-179.719972
30452		10.608296	0.212119	0.853643	1.063352	0.186368	0.020665	-0.627441	0.394531	-0.312988	121.321201	-78.341226	-179.306277
30453		10.868180	-0.112620	0.627585	1.162080	0.190672	0.144958	-0.626465	0.392822	-0.322266	121.732505	-78.466439	-179.042514
30454		11.453163	-0.555566	0.546678	1.259506	0.243893	0.266034	-0.626709	0.384033	-0.325439	122.279574	-78.668854	-178.859030
30455		11.560318	-0.876279	0.616099	1.316727	0.256209	0.368913	-0.616211	0.387451	-0.332031	122.971782	-78.923531	-178.791389
30456		11.391619	-1.078588	0.562351	1.379848	0.263283	0.452332	-0.623779	0.379395	-0.337891	123.861591	-79.221993	-178.887069
30457		11.180861	-1.333655	0.472050	1.406820	0.256640	0.494980	-0.605713	0.381592	-0.346680	124.860000	-79.536928	-179.079056
30458		11.016769	-1.401875	0.255882	1.398387	0.251145	0.511291	-0.614502	0.378174	-0.352783	125.962213	-79.858080	-179.379626
30459		10.730660	-1.255839	-0.001447	1.365159	0.249788	0.525999	-0.610107	0.375244	-0.361572	127.095376	-80.183608	-179.732331
30460		10.259261	-1.001508	-0.071326	1.305820	0.233005	0.520329	-0.602539	0.361816	-0.371826	128.306780	-80.500100	179.803132
30461		9.806590	-0.782718	-0.260119	1.211945	0.211468	0.511637	-0.601318	0.367676	-0.372803	129.529689	-80.802744	179.272362
30462		9.549824	-0.526421	-0.382749	1.145570	0.216031	0.503098	-0.596436	0.370117	-0.388672	130.771961	-81.101800	178.684409
30463		9.348077	-0.015647	-0.413372	1.038194	0.206429	0.482095	-0.602051	0.367432	-0.389160	131.957125	-81.385958	178.091771
30464		9.190007	-0.016356	-0.470179	1.012023	0.208050	0.475527	-0.594238	0.364990	-0.399170	133.198138	-81.666106	177.428636
30465		9.135426	0.148422	-0.466710	0.982506	0.221074	0.451768	-0.585205	0.362305	-0.405518	134.348715	-81.939495	176.839865
30466		9.054997	0.284365	-0.490866	0.993450	0.232462	0.419732	-0.592773	0.362305	-0.404053	135.472946	-82.202666	176.284802
30467		8.887910	0.175023	-0.386297	1.024566	0.256522	0.386489	-0.582764	0.359375	-0.426025	136.461109	-82.461230	175.885113
30468		9.007306	0.172359	-0.396856	1.039877	0.269451	0.354070	-0.581543	0.364258	-0.423828	137.399083	-82.711328	175.545374
30469		9.189836	0.043868	-0.308099	1.058847	0.276042	0.323724	-0.576904	0.346436	-0.421143	138.228510	-82.952156	175.326526
30470		9.473357	0.048870	-0.262906	1.054381	0.275683	0.307888	-0.577148	0.352051	-0.423340	139.077395	-83.186024	175.085263
30471		9.613530	0.227628	-0.238368	1.055590	0.254280	0.308102	-0.580566	0.349121	-0.435547	139.994143	-83.410611	174.776055
30472		9.562105	0.321725	-0.177708	1.043575	0.232733	0.310991	-0.577637	0.341797	-0.443604	141.070714	-83.625532	174.299633
30473		9.635832	0.460630	-0.284720	1.017141	0.211624	0.320029	-0.572266	0.329834	-0.445313	142.248083	-83.833687	173.706767
30474		9.552770	0.554712	-0.297765	1.011035	0.206480	0.325133	-0.578857	0.333252	-0.449951	143.568625	-84.039084	172.966635
30475		9.435346	0.607940	-0.369204	0.969603	0.196602	0.322639	-0.564941	0.329102	-0.455322	144.909743	-84.237968	172.182954
30476		9.201840	0.672732	-0.365999	0.923508	0.196313	0.320669	-0.572510	0.323242	-0.459961	146.341545	-84.433177	171.281150
30477		9.080793	0.644461	-0.419394	0.878739	0.197432	0.324766	-0.568359	0.315430	-0.461182	147.795926	-84.628867	170.331984
30478		9.140512	0.676447	-0.472524	0.835432	0.202944	0.345107	-0.562256	0.314209	-0.467041	149.462434	-84.829683	169.144393
30479		9.043312	0.596166	-0.590168	0.796375	0.201412	0.342709	-0.563477	0.323242	-0.468994	151.152867	-85.026969	167.912084
30480		8.974144	0.362409	-0.669985	0.769503	0.209453	0.324536	-0.559326	0.315674	-0.478516	152.871724	-85.218760	166.634766
30481		8.976116	0.141286	-0.690776	0.765791	0.224140	0.288686	-0.562988	0.314209	-0.478760	154.376254	-85.407209	165.571234
30482		8.946863	0.036037	-0.733838	0.758314	0.238280	0.242806	-0.551758	0.314697	-0.490479	155.693988	-85.588209	164.690534
30483		9.000291	0.063205	-0.813473	0.753053	0.225578	0.206588	-0.555176	0.308838	-0.497070	156.818360	-85.754218	164.001813
30484		9.112130	0.156893	-0.907624	0.749300	0.226650	0.172265	-0.548828	0.307617	-0.501465	157.823506	-85.910581	163.429740
30485		9.158606	0.253678	-0.971897	0.742874	0.212090	0.131995	-0.548584	0.304932	-0.496826	158.548441	-86.051624	163.136601
30486		9.136347	0.384852	-1.053322	0.727607	0.198475	0.080329	-0.549072	0.294922	-0.496826	159.004057	-86.172762	163.103064
30487		8.906871	0.398767	-1.111753	0.720910	0.173156	0.020179	-0.548828	0.292725	-0.511475	158.982769	-86.269558	163.544543
30488		8.690071	0.385581	-1.258571	0.723384	0.140227	-0.040350	-0.550293	0.289307	-0.499023	158.627865	-86.334582	164.320800
30489		8.531920	0.292824	-1.410881	0.760533	0.106009	-0.088648	-0.551514	0.283691	-0.515381	157.907439	-86.372047	165.485823
30490		8.375589	0.032170	-1.450792	0.815992	0.041120	-0.128527	-0.547607	0.272705	-0.515869	157.175232	-86.364172	166.693253
30491		8.160648	-0.291505	-1.477320	0.878279	-0.066818	-0.160979	-0.554199	0.268799	-0.519531	156.526572	-86.292297	167.854773
30492		8.079414	-0.685608	-1.769954	0.936827	-0.177042	-0.188795	-0.545898	0.265869	-0.513184	156.192733	-86.154488	168.732548
30493		8.091907	-0.926920	-1.991819	0.982156	-0.248245	-0.203436	-0.552002	0.260986	-0.523438	155.987346	-85.976555	169.509283
30494		8.174830	-1.090833	-2.223446	1.016394	-0.299911	-0.203783	-0.545166	0.256348	-0.524902	156.072259	-85.770602	170.013295
30495		8.139633	-1.053073	-2.212053	1.034813	-0.332546	-0.190806	-0.560547	0.245605	-0.516846	156.312772	-85.551288	170.373257
30496		8.328400	-0.791451	-2.214509	1.025518	-0.369159	-0.172301	-0.562256	0.229980	-0.516357	156.831864	-85.316456	170.447247
30497		8.502788	-0.437821	-2.264282	1.009773	-0.392540	-0.157037	-0.562988	0.225586	-0.518311	157.422810	-85.073256	170.441514
30498		8.644561	-0.169624	-2.376004	0.992825	-0.407652	-0.145273	-0.569580	0.217285	-0.524658	158.131001	-84.824040	170.306917
30499		8.734959	0.057865	-2.386995	0.959969	-0.390575	-0.137828	-0.564209	0.218262	-0.526611	158.738385	-84.585760	170.256667
30500		8.868838	0.128525	-2.492521	0.914076	-0.369065	-0.143192	-0.578369	0.211426	-0.520264	159.264422	-84.357415	170.259640
30501		9.058800	0.164549	-2.534806	0.868019	-0.329340	-0.151090	-0.574951	0.202393	-0.519775	159.583173	-84.149002	170.445887
30502		9.278643	0.165859	-2.366846	0.835432	-0.297873	-0.169183	-0.574707	0.195313	-0.523682	159.768579	-83.953754	170.746033
30503		9.579973	-0.030446	-2.152618	0.821354	-0.279155	-0.194937	-0.578857	0.184082	-0.518555	159.749420	-83.763511	171.245742
30504		10.116367	-0.144794	-2.012413	0.774669	-0.280971	-0.209776	-0.578125	0.178955	-0.526855	159.690149	-83.569308	171.757256
30505		10.558584	-0.081778	-1.979838	0.713272	-0.254870	-0.203699	-0.581299	0.178711	-0.522461	159.557687	-83.390078	172.309714
30506		10.932134	0.272009	-1.523268	0.628165	-0.232144	-0.201087	-0.582520	0.170654	-0.523926	159.405079	-83.223588	172.831055
30507		11.445302	0.961544	-0.077443	0.496254	-0.269267	-0.197905	-0.590820	0.163818	-0.514404	159.235675	-83.037379	173.295383
30508		12.484904	1.925164	1.194588	0.327790	-0.369823	-0.132977	-0.592041	0.167236	-0.524414	159.460672	-82.810698	173.263221
30509		13.907819	3.182187	2.404882	0.139220	-0.405686	0.068725	-0.587158	0.160400	-0.513184	160.427094	-82.604208	172.376558
30510		15.345784	4.193068	3.071024	-0.043367	-0.405966	0.377413	-0.584717	0.168213	-0.513672	162.537683	-82.450748	170.228151
30511		15.491213	4.357250	1.001692	-0.120146	-0.535979	0.706909	-0.593750	0.170166	-0.508789	165.967215	-82.264086	166.705535
30512		13.884255	2.801776	-2.067433	-0.097004	-0.551389	0.863930	-0.598633	0.175781	-0.504395	169.914982	-82.056825	162.669777
30513		10.857824	0.059107	-3.687633	0.188952	-0.306579	0.691294	-0.596924	0.175537	-0.497803	172.965483	-81.941810	159.705768
30514		9.477670	-2.011654	-2.615815	0.590095	-0.167691	0.461822	-0.590820	0.170166	-0.497803	175.230174	-81.871823	157.765122
30515		9.597502	-2.681645	-0.966447	0.892107	-0.048217	0.311095	-0.593994	0.171631	-0.497559	176.968578	-81.856340	156.532863
30516		9.540194	-2.621177	0.319270	0.997262	0.082598	0.311368	-0.596191	0.172852	-0.503662	178.782936	-81.908628	155.282638
30517		9.235762	-2.649395	1.218869	1.053393	0.194461	0.370478	-0.594238	0.157715	-0.511719	-179.139482	-82.020973	153.801055
30518		9.227623	-1.823644	2.254765	0.847815	0.321877	0.442211	-0.589844	0.167236	-0.508789	-176.775128	-82.194652	151.909825
30519		9.614677	-0.053934	2.622838	0.587243	0.344569	0.531803	-0.586914	0.164063	-0.515137	-174.109160	-82.368232	149.566784
30520		9.970702	1.610376	2.372184	0.424539	0.293259	0.543414	-0.582275	0.166016	-0.507813	-171.378208	-82.494014	147.062534
30521		10.091932	2.817476	1.918045	0.294155	0.220932	0.463023	-0.583740	0.163330	-0.514648	-169.077848	-82.575487	144.919839
30522		9.989879	3.315074	1.591746	0.165094	0.149108	0.335855	-0.584473	0.164795	-0.516846	-167.396900	-82.618326	143.325464
30523		10.264619	3.162521	1.112238	0.030569	0.101395	0.184768	-0.587158	0.162842	-0.509766	-166.510971	-82.653554	142.457831
30524		10.506080	2.667076	0.966696	-0.085499	0.064146	0.074761	-0.581543	0.166748	-0.514404	-166.167220	-82.677588	142.067165
30525		10.142884	2.133216	0.933351	-0.204093	0.030387	-0.005198	-0.583984	0.158691	-0.510986	-166.308420	-82.698215	142.099728
30526		9.530200	1.796317	0.837530	-0.291655	0.017603	-0.076264	-0.576172	0.160645	-0.517090	-166.787326	-82.716625	142.419383
30527		10.015084	1.704520	0.796705	-0.356657	0.032088	-0.154078	-0.579834	0.170410	-0.515869	-167.674103	-82.757522	143.116725
30528		10.117536	1.483605	0.874170	-0.382569	0.023380	-0.205254	-0.581787	0.167725	-0.517822	-168.777640	-82.793058	144.013455
30529		9.604629	1.044706	0.897028	-0.386156	0.018460	-0.228926	-0.586426	0.166016	-0.504395	-170.045967	-82.831047	145.077559
30530		9.411038	0.705886	0.780202	-0.408385	0.019075	-0.254452	-0.583496	0.164551	-0.517822	-171.409733	-82.863734	146.221509
30531		9.455275	0.492695	0.682618	-0.410466	0.035138	-0.275067	-0.584229	0.170898	-0.505859	-172.918129	-82.908794	147.514009
30532		9.565298	0.387090	0.710398	-0.396667	0.044485	-0.294219	-0.581299	0.167480	-0.510986	-174.470382	-82.951041	148.854449
30533		9.559380	0.311607	0.631967	-0.392403	0.047703	-0.291829	-0.590088	0.180420	-0.504639	-176.074264	-82.995576	150.252812
30534		9.331524	0.227228	0.644047	-0.391758	0.055036	-0.266357	-0.585205	0.167236	-0.510010	-177.523873	-83.033969	151.492429
30535		8.914918	0.160685	0.554860	-0.415540	0.063079	-0.237973	-0.591064	0.171143	-0.508057	-178.917987	-83.077734	152.665296
30536		8.819268	0.157771	0.458016	-0.440959	0.083021	-0.217951	-0.581787	0.169678	-0.504639	179.805083	-83.124648	153.702354
30537		8.768180	0.209942	0.379972	-0.459378	0.102958	-0.217858	-0.590088	0.160400	-0.508789	178.444415	-83.185176	154.816866
30538		8.758400	0.218782	0.234748	-0.472194	0.116679	-0.206013	-0.581787	0.170654	-0.500000	177.166280	-83.245840	155.836866
30539		8.717563	0.238973	0.134345	-0.471727	0.138013	-0.195280	-0.581055	0.170410	-0.511719	175.851276	-83.321434	156.899172
30540		8.744670	0.277883	0.107523	-0.459458	0.154054	-0.173206	-0.584717	0.172607	-0.498047	174.681798	-83.399593	157.816824
30541		8.742556	0.278345	0.068944	-0.453787	0.144068	-0.154562	-0.588379	0.175781	-0.498291	173.525579	-83.475945	158.728814
30542		8.879324	0.292031	0.044848	-0.453931	0.135501	-0.141135	-0.584717	0.180664	-0.502441	172.483566	-83.541541	159.521093
30543		8.973018	0.429432	-0.053485	-0.470430	0.126452	-0.137815	-0.577393	0.174805	-0.494141	171.372852	-83.605385	160.376421
30544		9.079625	0.477751	-0.107633	-0.498393	0.115939	-0.130201	-0.588623	0.169922	-0.499268	170.339977	-83.657508	161.133681
30545		9.037422	0.638450	-0.240793	-0.521812	0.109346	-0.110007	-0.583252	0.179199	-0.491699	169.317723	-83.711247	161.871573
30546		9.112664	0.791660	-0.339601	-0.527255	0.113787	-0.091056	-0.572266	0.182129	-0.493164	168.442263	-83.763556	162.453683
30547		8.954079	0.873077	-0.360433	-0.536279	0.113777	-0.064910	-0.577637	0.180908	-0.489990	167.614062	-83.822667	162.986741
30548		9.141161	0.846751	-0.475505	-0.539979	0.119775	-0.036238	-0.583008	0.188477	-0.489990	166.984661	-83.883457	163.313908
30549		9.170015	0.794166	-0.537477	-0.545190	0.123510	-0.011466	-0.586182	0.191406	-0.493896	166.394575	-83.953823	163.602249
30550		9.121152	0.837387	-0.607346	-0.557604	0.119353	0.001062	-0.576172	0.186279	-0.492920	165.933980	-84.018783	163.749442
30551		9.125771	0.801627	-0.829642	-0.563493	0.106616	0.010910	-0.568848	0.194580	-0.489746	165.455297	-84.082549	163.915867
30552		9.084304	0.756664	-1.017279	-0.571256	0.098264	0.030400	-0.579102	0.192627	-0.489258	165.161724	-84.139846	163.887254
30553		8.936881	0.599960	-1.128634	-0.573502	0.090545	0.064551	-0.586670	0.194824	-0.493896	164.981753	-84.202503	163.747458
30554		8.601989	0.561104	-1.252302	-0.601123	0.053179	0.105650	-0.572266	0.207275	-0.492920	165.146885	-84.245965	163.240605
30555		8.209188	0.621904	-1.508383	-0.642055	-0.005126	0.156226	-0.582031	0.199951	-0.476074	165.575085	-84.268850	162.450555
30556		7.743562	0.593615	-1.807959	-0.674454	-0.071856	0.206543	-0.580566	0.208984	-0.481689	166.439319	-84.255930	161.198888
30557		7.307739	0.553204	-2.210265	-0.711734	-0.154754	0.246933	-0.580811	0.214600	-0.482910	167.523370	-84.204693	159.709058
30558		7.009907	0.561001	-2.669942	-0.761092	-0.223096	0.295275	-0.573486	0.229736	-0.465820	168.968919	-84.112402	157.822915
30559		7.071813	0.520007	-3.009632	-0.762088	-0.269859	0.356945	-0.578857	0.225098	-0.469238	170.666880	-83.999755	155.685039
30560		7.517508	0.387584	-3.129583	-0.755172	-0.326970	0.417850	-0.585205	0.237793	-0.460938	172.721030	-83.847318	153.189463
30561		8.303328	0.466738	-3.107951	-0.776951	-0.374932	0.425867	-0.573975	0.237549	-0.464111	174.652680	-83.664267	150.806909
30562		9.077460	0.629986	-2.763387	-0.772025	-0.403321	0.378845	-0.574463	0.245605	-0.450195	176.294028	-83.449377	148.715289
30563		9.727335	0.359436	-2.382555	-0.655928	-0.411394	0.266956	-0.583740	0.249268	-0.448975	177.288531	-83.226451	147.344322
30564		10.330481	-0.052447	-2.268822	-0.559714	-0.407825	0.137927	-0.581055	0.257080	-0.448486	177.711117	-82.994827	146.600949
30565		10.534599	-0.212406	-2.292553	-0.515053	-0.402286	0.026334	-0.582520	0.261230	-0.436279	177.568000	-82.768975	146.456000
30566		10.546629	0.036298	-2.423979	-0.502146	-0.369783	-0.036555	-0.586914	0.254883	-0.435059	177.198424	-82.554747	146.543858
30567		10.242606	0.274983	-2.378075	-0.465048	-0.326312	-0.045015	-0.584961	0.265137	-0.431885	176.771380	-82.370261	146.713334
30568		10.078140	0.332516	-2.491706	-0.446543	-0.295025	-0.026733	-0.583984	0.268066	-0.422852	176.481727	-82.198993	146.752766
30569		10.297802	0.268428	-2.556689	-0.414721	-0.245705	-0.043009	-0.591309	0.268066	-0.420166	176.095743	-82.060169	146.909010
30570		10.863445	0.047536	-2.231578	-0.382831	-0.206031	-0.077580	-0.592041	0.270996	-0.418457	175.627373	-81.937600	147.165805
30571		11.277545	-0.449461	-2.054925	-0.346223	-0.228339	-0.149113	-0.597412	0.265381	-0.415771	174.874124	-81.803171	147.732466
30572		11.378595	-0.923400	-2.383108	-0.344954	-0.255096	-0.245290	-0.594971	0.276123	-0.406006	173.820135	-81.642255	148.603152
30573		11.594307	-1.075946	-2.284978	-0.351866	-0.261678	-0.352295	-0.598389	0.273682	-0.404297	172.358045	-81.471829	149.883128
30574		11.867690	-1.241482	-1.159319	-0.350208	-0.233656	-0.395656	-0.594727	0.261963	-0.399902	170.812513	-81.304597	151.248670
30575		12.133030	-1.451110	-0.731872	-0.284461	-0.228184	-0.438938	-0.604492	0.263916	-0.391113	169.163707	-81.134549	152.757507
30576		12.653023	-1.739605	-0.296071	-0.223048	-0.221563	-0.519923	-0.600586	0.264404	-0.388672	167.356664	-80.948028	154.462823
30577		13.087063	-0.916453	-0.205125	-0.286645	-0.209964	-0.640477	-0.609863	0.257080	-0.386475	165.131266	-80.746165	156.555304
30578		13.191806	0.429344	0.520516	-0.345867	-0.212286	-0.692609	-0.601807	0.256836	-0.388916	162.832072	-80.518140	158.690062
30579		13.240123	1.545973	0.963739	-0.449752	-0.205601	-0.686709	-0.605957	0.252197	-0.382080	160.558045	-80.284935	160.739943
30580		12.987867	2.322278	1.140444	-0.635826	-0.197778	-0.668273	-0.609375	0.250244	-0.378906	158.363254	-80.042915	162.603081
30581		12.051411	3.132913	1.543307	-0.878800	-0.123567	-0.578004	-0.614502	0.254395	-0.375732	156.263064	-79.852085	164.229297
30582		10.631548	3.494352	2.281625	-1.016421	-0.015120	-0.456761	-0.612549	0.248047	-0.367188	154.388828	-79.733462	165.547295
30583		9.498467	2.826726	2.324734	-0.998463	0.059253	-0.398582	-0.618164	0.252441	-0.364990	152.579610	-79.664167	166.808909
30584		9.014364	1.589972	2.270278	-0.943285	0.116161	-0.394848	-0.619629	0.254395	-0.366699	150.786395	-79.613992	168.087784
30585		9.113574	0.412984	2.163926	-0.935400	0.219874	-0.402749	-0.624268	0.258057	-0.358643	148.784780	-79.609097	169.581973
30586		9.563251	-0.452701	2.163368	-0.935009	0.310028	-0.408735	-0.614258	0.256104	-0.364014	146.659851	-79.632823	171.202971
30587		9.983356	-0.751087	2.078005	-0.906966	0.328727	-0.421203	-0.610107	0.254883	-0.357910	144.435193	-79.654079	172.939827
30588		10.134832	-0.771929	1.796153	-0.829971	0.308001	-0.419845	-0.624756	0.258545	-0.361084	142.336039	-79.650924	174.595638
30589		10.034141	-0.716472	1.508795	-0.691965	0.255326	-0.398296	-0.620850	0.256836	-0.358398	140.430723	-79.625407	176.133220
30590		10.054690	-0.818498	1.148475	-0.509069	0.187516	-0.330112	-0.614990	0.253662	-0.364502	138.984700	-79.583772	177.312191
30591		9.896845	-1.047234	0.820840	-0.316631	0.120238	-0.221119	-0.617920	0.267822	-0.351563	138.004167	-79.554176	178.129012
30592		9.658200	-1.454777	0.638071	-0.188942	0.070381	-0.094505	-0.618896	0.250000	-0.351074	137.542575	-79.546414	178.493668
30593		9.449017	-1.597058	0.527168	-0.070716	0.035076	0.044530	-0.614014	0.258789	-0.356689	137.498486	-79.581599	178.499675
30594		9.315822	-1.495273	0.519975	0.019633	0.011354	0.159533	-0.613281	0.256836	-0.347168	137.865666	-79.646717	178.143175
30595		9.155529	-1.382471	0.404647	0.093423	-0.013058	0.242140	-0.614746	0.258301	-0.360840	138.482802	-79.737292	177.573188
30596		9.105681	-1.180254	0.383987	0.152834	-0.032128	0.289263	-0.612793	0.262451	-0.355469	139.341674	-79.831090	176.794815
30597		9.716384	-0.837631	0.338692	0.208028	-0.047050	0.329160	-0.612549	0.260498	-0.357178	140.333011	-79.936302	175.912660
30598		9.884102	-0.561980	0.293499	0.266214	-0.059142	0.374728	-0.610596	0.262451	-0.364502	141.562025	-80.043973	174.824891
30599		9.711752	-0.302796	0.320952	0.323218	-0.073484	0.399912	-0.610107	0.259521	-0.355957	142.899101	-80.155779	173.660052
30600		9.239761	-0.253756	0.182236	0.381813	-0.089176	0.402691	-0.603516	0.264893	-0.351074	144.379978	-80.250093	172.384610
30601		9.039607	-0.218697	0.102866	0.419912	-0.074311	0.394458	-0.608398	0.261963	-0.354492	145.816029	-80.349760	171.175488
30602		9.131761	-0.091374	0.052000	0.434939	-0.065594	0.381379	-0.611328	0.270996	-0.364502	147.275176	-80.437490	169.953684
30603		8.976469	-0.168688	0.099627	0.436214	-0.057733	0.380378	-0.600342	0.262695	-0.358643	148.701006	-80.530719	168.765433
30604		9.004841	0.036999	0.010700	0.429460	-0.041868	0.386732	-0.601318	0.283203	-0.360352	150.180167	-80.621305	167.520811
30605		9.392844	0.176426	-0.069665	0.436053	-0.019777	0.406903	-0.599854	0.274170	-0.366943	151.676784	-80.730820	166.260245
30606		9.281101	0.198398	-0.129608	0.446746	-0.010908	0.413655	-0.598145	0.268311	-0.358887	153.255270	-80.833386	164.925767
30607		9.206778	0.116881	-0.246097	0.437081	0.011000	0.405881	-0.599365	0.283936	-0.352539	154.763639	-80.947550	163.655577
30608		9.046575	0.000281	-0.234878	0.422756	0.017788	0.382595	-0.605713	0.271240	-0.359863	156.247531	-81.046219	162.403757
30609		8.960494	-0.127239	-0.370246	0.429531	0.003200	0.368532	-0.595947	0.275635	-0.355713	157.706266	-81.137258	161.177871
30610		8.808725	-0.377551	-0.379391	0.454954	0.013858	0.356408	-0.591309	0.275635	-0.367432	159.180705	-81.218148	159.954905
30611		8.800417	-0.639599	-0.460492	0.473285	0.019585	0.354613	-0.592285	0.275635	-0.367920	160.645491	-81.305634	158.749887
30612		8.991348	-0.816137	-0.563317	0.477516	0.039080	0.339714	-0.597168	0.276611	-0.376221	162.092441	-81.387484	157.568356
30613		9.020209	-0.921780	-0.599122	0.486156	0.059143	0.314551	-0.586914	0.277832	-0.374756	163.424064	-81.480847	156.507358
30614		9.008655	-0.841515	-0.765876	0.481300	0.074391	0.269833	-0.586426	0.276367	-0.370117	164.626260	-81.562800	155.576021
30615		9.081515	-0.695925	-1.048466	0.491554	0.094803	0.223517	-0.587646	0.273682	-0.368652	165.633344	-81.655878	154.845973
30616		9.125329	-0.440791	-1.222539	0.495820	0.126283	0.190843	-0.584717	0.269531	-0.371094	166.533594	-81.750820	154.228618
30617		9.234392	-0.185644	-1.434055	0.494919	0.132146	0.161938	-0.579346	0.271240	-0.378906	167.308031	-81.853353	153.735887
30618		9.133736	0.049057	-1.524049	0.491293	0.148767	0.130293	-0.581543	0.275635	-0.371582	167.981284	-81.950992	153.345503
30619		8.965110	0.207366	-1.553524	0.496023	0.145682	0.091702	-0.579346	0.274414	-0.385742	168.495027	-82.051100	153.116208
30620		8.675212	0.380805	-1.668316	0.497526	0.109453	0.038107	-0.581543	0.265625	-0.380859	168.852742	-82.115275	153.048177
30621		8.328030	0.420597	-1.767284	0.508606	0.052910	-0.025728	-0.583740	0.264160	-0.381348	168.980433	-82.149849	153.216531
30622		8.011067	0.315332	-1.907380	0.529316	0.005901	-0.090337	-0.584473	0.270752	-0.384521	168.917989	-82.141642	153.591036
30623		7.845856	0.054045	-2.003862	0.536058	-0.046102	-0.149651	-0.572998	0.263672	-0.386719	168.638638	-82.106404	154.185266
30624		7.819333	-0.156690	-2.024396	0.539763	-0.079339	-0.198401	-0.573975	0.255371	-0.381836	168.220992	-82.037466	154.924510
30625		7.886028	-0.294493	-2.001649	0.540311	-0.121496	-0.233607	-0.583740	0.255127	-0.391113	167.686971	-81.948572	155.778581
30626		8.004761	-0.299001	-2.192381	0.509557	-0.153623	-0.269176	-0.578125	0.251465	-0.382568	167.065484	-81.827374	156.706579
30627		8.177164	-0.273006	-2.259516	0.507167	-0.171650	-0.299969	-0.585938	0.250732	-0.384521	166.340401	-81.698981	157.734970
30628		8.523654	-0.300051	-2.169562	0.499506	-0.193707	-0.295531	-0.588623	0.246338	-0.392334	165.700406	-81.548782	158.676474
30629		8.820173	-0.119761	-2.067412	0.459461	-0.215209	-0.275875	-0.586914	0.242432	-0.381592	165.134915	-81.396193	159.516196
30630		8.688894	0.050010	-1.974092	0.427715	-0.232263	-0.250202	-0.584717	0.239746	-0.385498	164.708415	-81.228820	160.200885
30631		8.826735	0.154249	-2.014238	0.404377	-0.231774	-0.218680	-0.581543	0.236816	-0.389893	164.377390	-81.073729	160.771597
30632		9.231517	-0.030327	-1.984996	0.372822	-0.211731	-0.183461	-0.580566	0.235107	-0.381104	164.167580	-80.926886	161.205633
30633		9.525714	-0.161244	-2.018301	0.345399	-0.178420	-0.154072	-0.585938	0.223877	-0.384521	163.997622	-80.810514	161.579510
30634		9.739606	-0.204117	-2.175402	0.351171	-0.155235	-0.151960	-0.584717	0.230469	-0.377686	163.843986	-80.699359	161.944362
30635		9.763838	-0.400509	-2.385524	0.391548	-0.133383	-0.169707	-0.596191	0.217285	-0.383057	163.617359	-80.604788	162.403041
30636		9.677777	-0.655650	-2.631679	0.443727	-0.123662	-0.203569	-0.591553	0.231445	-0.382813	163.328499	-80.502109	162.958947
30637		9.517611	-0.889703	-2.937481	0.517764	-0.113834	-0.251980	-0.590088	0.223389	-0.376709	162.903497	-80.403590	163.692263
30638		9.313615	-1.093909	-3.062488	0.600862	-0.098015	-0.318335	-0.590820	0.217285	-0.382080	162.330757	-80.293936	164.627783
30639		9.277153	-1.155353	-2.884423	0.666068	-0.091569	-0.377814	-0.592041	0.213867	-0.383789	161.599897	-80.182515	165.757371
30640		9.449292	-0.866092	-2.508634	0.682397	-0.092579	-0.406939	-0.598389	0.211182	-0.394043	160.829711	-80.055652	166.941374
30641		9.886385	-0.298520	-1.870354	0.685544	-0.115225	-0.374118	-0.594971	0.201172	-0.393555	160.191892	-79.927174	167.989052
30642		10.405516	0.440431	-1.523436	0.644112	-0.161339	-0.283158	-0.599365	0.196777	-0.387207	159.893186	-79.783362	168.672766
30643		10.819549	1.179168	-1.517768	0.604612	-0.196449	-0.148045	-0.599365	0.191650	-0.383057	160.002033	-79.653772	168.915825
30644		11.136842	1.544444	-1.562064	0.571621	-0.209192	-0.010828	-0.591553	0.193359	-0.383301	160.526225	-79.537312	168.721219
30645		11.387372	1.868401	-1.377286	0.535308	-0.196777	0.101588	-0.595215	0.198486	-0.389404	161.318117	-79.454979	168.228780
30646		11.774553	2.221097	-0.854872	0.424873	-0.165897	0.213071	-0.585938	0.197510	-0.383301	162.349621	-79.401164	167.432465
30647		12.196227	2.480700	-0.340232	0.273515	-0.160416	0.340236	-0.594482	0.196289	-0.383301	163.635583	-79.375552	166.283580
30648		12.289862	2.251103	-0.508354	0.182874	-0.217355	0.458681	-0.591064	0.199219	-0.386719	165.271691	-79.324424	164.730776
30649		11.953842	1.184825	-0.952641	0.174178	-0.206539	0.533662	-0.593262	0.211670	-0.375977	167.083871	-79.288139	162.988319
30650		11.540581	-0.124215	-0.985187	0.263506	-0.133550	0.544553	-0.585449	0.202393	-0.382324	168.938237	-79.276497	161.260057
30651		11.396323	-0.970917	-0.517275	0.386754	-0.038622	0.516467	-0.591553	0.214355	-0.388672	170.714480	-79.312782	159.677268
30652		11.569375	-1.270995	0.394015	0.441569	0.049845	0.512685	-0.582764	0.215332	-0.388916	172.496662	-79.382307	158.126638
30653		11.708163	-1.213929	1.413756	0.449231	0.124445	0.535061	-0.574951	0.210205	-0.395508	174.339634	-79.494489	156.513094
30654		11.563639	-0.508943	1.641177	0.406098	0.140830	0.599313	-0.579834	0.216797	-0.386475	176.398136	-79.601026	154.661828
30655		11.268094	-0.116198	1.387714	0.473402	0.186844	0.676557	-0.574219	0.231934	-0.394531	178.767136	-79.731212	152.529200
30656		11.002537	-0.568422	1.660297	0.551436	0.249746	0.711643	-0.571289	0.223145	-0.393311	-178.644349	-79.872268	150.225522
30657		10.617200	-0.821641	1.838536	0.539690	0.248611	0.702885	-0.572754	0.221436	-0.410156	-176.025806	-80.002978	147.877816
30658		10.178430	-0.641606	1.751389	0.472176	0.215482	0.634884	-0.569580	0.235107	-0.405518	-173.622937	-80.091518	145.718263
30659		9.851247	-0.042004	1.649604	0.355002	0.175735	0.521820	-0.565674	0.233398	-0.414795	-171.634081	-80.160753	143.904485
30660		10.023599	0.777085	1.519785	0.228887	0.143246	0.371883	-0.568604	0.227295	-0.418213	-170.208471	-80.206578	142.596135
30661		10.119717	1.482326	1.376395	0.106687	0.083599	0.206333	-0.564941	0.233154	-0.414551	-169.413472	-80.241012	141.850088
30662		10.095907	1.874477	1.115419	0.014895	0.024683	0.056126	-0.565430	0.233887	-0.413330	-169.202616	-80.247349	141.650145
30663		10.095452	1.959056	0.951149	-0.052027	0.029286	-0.059109	-0.558105	0.239258	-0.411865	-169.397962	-80.278554	141.815336
30664		10.011639	2.008694	0.842460	-0.124277	0.058448	-0.139841	-0.556641	0.242188	-0.408203	-169.891805	-80.324303	142.249447
30665		9.453233	1.912889	0.738395	-0.183808	0.047610	-0.171854	-0.560303	0.235107	-0.415283	-170.528659	-80.376270	142.782594
30666		9.061240	1.671323	0.630764	-0.250605	0.048307	-0.177731	-0.566162	0.233643	-0.414307	-171.237109	-80.418131	143.360829
30667		9.025011	1.406627	0.450638	-0.331747	0.064697	-0.177456	-0.562256	0.239502	-0.412354	-171.985570	-80.478594	143.922405
30668		9.250908	1.186174	0.361504	-0.408601	0.089383	-0.189769	-0.561768	0.235840	-0.418213	-172.820200	-80.542122	144.536597
30669		9.395628	1.099457	0.296422	-0.478131	0.111928	-0.202584	-0.560547	0.239014	-0.404297	-173.737567	-80.628454	145.182789
30670		9.476946	0.960491	0.363708	-0.506708	0.142028	-0.199103	-0.557617	0.241211	-0.402100	-174.664901	-80.719322	145.833672
30671		9.431849	0.712383	0.389057	-0.530316	0.174975	-0.200531	-0.554443	0.244873	-0.424805	-175.613680	-80.837882	146.478648
30672		9.418132	0.517729	0.276704	-0.550044	0.188308	-0.198959	-0.559326	0.238037	-0.418945	-176.588370	-80.951653	147.151937
30673		9.390697	0.358817	0.291852	-0.555693	0.206333	-0.192031	-0.557861	0.244873	-0.407227	-177.561743	-81.084910	147.808716
30674		9.327732	0.251175	0.153289	-0.557234	0.212046	-0.179125	-0.552246	0.246582	-0.411133	-178.508126	-81.208223	148.448720
30675		9.296166	0.159271	0.176073	-0.563847	0.223560	-0.176421	-0.558594	0.245605	-0.411621	-179.470142	-81.347413	149.085903
30676		9.132797	0.125790	0.074003	-0.558490	0.222319	-0.166043	-0.553223	0.241455	-0.416992	179.585882	-81.473258	149.722293
30677		9.147847	0.064347	-0.091950	-0.543813	0.232919	-0.158023	-0.552002	0.251221	-0.411377	178.651495	-81.615114	150.344804
30678		9.158827	0.043766	-0.175537	-0.512550	0.240010	-0.154822	-0.551025	0.255615	-0.417480	177.727053	-81.748127	150.987606
30679		9.131875	-0.010675	-0.172305	-0.472580	0.250266	-0.157451	-0.540527	0.257568	-0.414551	176.784219	-81.896613	151.656524
30680		9.162289	-0.002976	-0.194547	-0.418662	0.248349	-0.158202	-0.548096	0.251221	-0.415527	175.844582	-82.031156	152.368544
30681		9.222997	-0.002018	-0.261741	-0.358466	0.246840	-0.161908	-0.550781	0.257080	-0.414551	174.890802	-82.174342	153.114116
30682		9.241569	0.027092	-0.308236	-0.306941	0.255658	-0.155663	-0.552979	0.250732	-0.422119	173.965093	-82.309845	153.876202
30683		9.214618	0.104933	-0.459130	-0.257935	0.253815	-0.152346	-0.544434	0.256348	-0.419922	173.042673	-82.454345	154.648809
30684		9.151694	0.184789	-0.541948	-0.210727	0.254554	-0.144178	-0.544434	0.260010	-0.427246	172.161480	-82.586722	155.421101
30685		9.089113	0.294443	-0.696016	-0.178470	0.251006	-0.142672	-0.545654	0.258545	-0.418457	171.266144	-82.727086	156.210864
30686		9.050395	0.404284	-0.740641	-0.162812	0.255232	-0.132230	-0.539551	0.256836	-0.427979	170.404248	-82.857774	156.990904
30687		9.095443	0.450934	-0.878550	-0.153639	0.256546	-0.126316	-0.551514	0.258545	-0.422363	169.528337	-82.999671	157.774755
30688		8.988192	0.516828	-0.924798	-0.136431	0.250936	-0.109037	-0.556396	0.257568	-0.427246	168.730459	-83.127476	158.505074
30689		8.927953	0.519973	-0.998313	-0.135270	0.234974	-0.085550	-0.550537	0.257080	-0.426514	168.014085	-83.259120	159.138519
30690		8.815654	0.454924	-1.128461	-0.152829	0.212319	-0.062594	-0.539551	0.263672	-0.434326	167.414672	-83.368750	159.659174
30691		8.690699	0.531677	-1.181856	-0.169990	0.197235	-0.051301	-0.546631	0.260254	-0.435059	166.837573	-83.481943	160.132177
30692		8.621449	0.510242	-1.346370	-0.182552	0.172029	-0.029511	-0.539063	0.262939	-0.430664	166.395162	-83.572320	160.477459
30693		8.375891	0.371790	-1.380992	-0.195778	0.157196	0.001961	-0.541016	0.261963	-0.431396	166.085554	-83.669541	160.666744
30694		8.255647	0.257052	-1.480799	-0.219743	0.132735	0.035504	-0.539063	0.270020	-0.427246	165.980703	-83.746659	160.650860
30695		8.076187	0.221937	-1.582647	-0.249136	0.091006	0.071572	-0.541748	0.268799	-0.433105	166.074291	-83.816385	160.402696
30696		7.972592	0.160397	-1.698510	-0.294996	0.035907	0.106178	-0.534424	0.267090	-0.435791	166.415363	-83.849237	159.894930
30697		7.821025	0.158062	-1.792647	-0.336775	-0.016898	0.142727	-0.534180	0.272461	-0.425293	166.966700	-83.867885	159.137789
30698		7.717575	0.333308	-1.783550	-0.378849	-0.091510	0.171034	-0.534180	0.272461	-0.423584	167.752133	-83.836565	158.134787
30699		7.781389	0.427361	-1.905166	-0.392819	-0.153604	0.197153	-0.537598	0.276123	-0.429932	168.701316	-83.782479	156.944533
30700		8.092609	0.481672	-1.890677	-0.401640	-0.208229	0.209813	-0.531006	0.281006	-0.425537	169.757585	-83.686120	155.655707
30701		8.387179	0.483582	-1.819426	-0.392752	-0.246107	0.211745	-0.542480	0.287842	-0.422363	170.806817	-83.576650	154.366048
30702		8.774199	0.291069	-1.800351	-0.377858	-0.277809	0.185951	-0.530762	0.299561	-0.422363	171.734668	-83.433862	153.219606
30703		9.388818	0.276074	-1.913389	-0.371261	-0.289390	0.114719	-0.533936	0.289551	-0.421387	172.276135	-83.287489	152.450905
30704		9.585866	0.393601	-1.904188	-0.346603	-0.263863	0.049064	-0.541504	0.286377	-0.419434	172.486877	-83.139741	152.043986
30705		9.435104	0.541542	-1.616736	-0.313923	-0.242857	0.032455	-0.537354	0.288086	-0.414307	172.599087	-83.013127	151.744205
30706		9.375824	0.596302	-1.507671	-0.264975	-0.217067	0.039075	-0.545410	0.295410	-0.412598	172.761678	-82.890996	151.432703
30707		9.397860	0.546600	-1.609812	-0.232877	-0.192690	0.059173	-0.545166	0.300293	-0.419189	172.997851	-82.794451	151.054557
30708		9.635385	0.514066	-1.777020	-0.227688	-0.155902	0.065121	-0.542236	0.306396	-0.418945	173.249227	-82.708607	150.674955
30709		10.015321	0.677524	-1.955907	-0.256433	-0.126918	0.048159	-0.545410	0.306885	-0.414795	173.375410	-82.648249	150.393507
30710		10.365838	0.915064	-2.355038	-0.296799	-0.082639	0.014297	-0.534180	0.307373	-0.418457	173.317025	-82.600540	150.286213
30711		10.589052	1.203252	-2.613716	-0.352461	-0.043163	-0.013297	-0.538574	0.292969	-0.409424	173.072416	-82.583586	150.323495
30712		10.494738	1.433323	-2.943068	-0.404272	-0.019885	-0.019879	-0.545898	0.303711	-0.411133	172.771324	-82.569248	150.398849
30713		10.273603	1.598948	-3.190067	-0.465776	-0.008113	0.010788	-0.544678	0.309326	-0.406250	172.543952	-82.573907	150.355898
30714		10.134327	1.456816	-3.055043	-0.510692	-0.010319	0.061466	-0.547607	0.311035	-0.415283	172.531691	-82.570991	150.078488
30715		10.197738	1.134755	-2.734909	-0.539230	-0.022187	0.095235	-0.550293	0.317627	-0.406006	172.638376	-82.573513	149.655743
30716		10.459340	0.555414	-2.417166	-0.508273	-0.072771	0.078951	-0.545654	0.318848	-0.404541	172.737677	-82.536287	149.267209
30717		10.888579	0.020408	-2.211965	-0.468858	-0.146692	-0.014497	-0.539063	0.316895	-0.405029	172.477330	-82.459692	149.255128
30718		11.223358	-0.315670	-2.144949	-0.412884	-0.206086	-0.147773	-0.546143	0.312256	-0.395264	171.740737	-82.329480	149.764901
30719		11.292746	-0.535287	-1.967003	-0.392443	-0.245690	-0.257396	-0.549072	0.322021	-0.403076	170.590365	-82.175514	150.696681
30720		11.346719	-0.842708	-1.722803	-0.418620	-0.248428	-0.290942	-0.557129	0.310059	-0.397705	169.354452	-82.004700	151.707620
30721		11.534221	-1.086344	-1.160691	-0.403922	-0.189095	-0.317453	-0.556641	0.321289	-0.398926	167.999850	-81.870439	152.840482
30722		11.898167	-1.314608	-0.703340	-0.297061	-0.116115	-0.380095	-0.558838	0.311523	-0.395996	166.463032	-81.755810	154.226480
30723		12.045572	-1.410205	-0.361044	-0.152201	-0.080342	-0.490448	-0.562256	0.310303	-0.394531	164.574266	-81.648621	156.045689
30724		11.708473	-1.116767	-0.174813	-0.107666	-0.149544	-0.594256	-0.565918	0.308105	-0.397217	162.484204	-81.468310	158.101589
30725		11.109260	-0.292329	-0.092176	-0.148887	-0.212559	-0.620602	-0.565918	0.306641	-0.394775	160.418929	-81.247419	160.103290
30726		10.481402	0.954462	0.002922	-0.249754	-0.190318	-0.566958	-0.562744	0.299316	-0.393066	158.577803	-81.029940	161.827148
30727		10.295599	1.905042	0.546552	-0.356813	-0.130422	-0.486994	-0.571289	0.303955	-0.396240	156.911284	-80.862774	163.306561
30728		10.396734	1.961716	1.236563	-0.378945	-0.056762	-0.431146	-0.571289	0.304688	-0.385254	155.389896	-80.731626	164.633162
30729		10.572743	1.604916	1.862402	-0.388993	0.041420	-0.415109	-0.574463	0.291504	-0.392578	153.772318	-80.658623	166.044237
30730		10.590558	1.057153	2.389231	-0.406806	0.116935	-0.457880	-0.576904	0.296387	-0.392578	151.949099	-80.597095	167.661214
30731		10.388014	1.176973	2.311733	-0.508445	0.153279	-0.539731	-0.581543	0.292236	-0.392822	149.747652	-80.531004	169.596444
30732		10.340465	1.303052	2.251670	-0.532499	0.220605	-0.601201	-0.580811	0.298096	-0.398682	147.303966	-80.457527	171.770129
30733		10.422883	0.853960	2.112799	-0.492828	0.223594	-0.592760	-0.579834	0.282227	-0.392334	144.896099	-80.382266	173.923797
30734		10.794057	0.204135	2.039174	-0.466576	0.232825	-0.526431	-0.582031	0.286377	-0.392578	142.745208	-80.310536	175.839744
30735		11.062569	-0.238718	2.046328	-0.463283	0.241236	-0.424165	-0.578613	0.283691	-0.395508	140.826803	-80.276641	177.515316
30736		10.801301	-0.373384	1.942671	-0.469974	0.224330	-0.317807	-0.583984	0.286133	-0.394287	139.273761	-80.256972	178.823166
30737		10.338804	-0.422220	1.825658	-0.458349	0.205011	-0.218322	-0.581787	0.281250	-0.409424	137.972674	-80.270448	179.874909
30738		9.954918	-0.540511	1.699369	-0.413364	0.194910	-0.112905	-0.582764	0.281006	-0.400635	137.027809	-80.307848	-179.401438
30739		9.828917	-0.725394	1.500532	-0.322220	0.192770	-0.009355	-0.573730	0.275391	-0.401123	136.329628	-80.392751	-178.879581
30740		9.749362	-1.101395	1.314808	-0.208482	0.175889	0.081189	-0.578857	0.278076	-0.408203	136.006758	-80.496458	-178.667968
30741		9.552391	-1.394910	1.134552	-0.126852	0.153798	0.146694	-0.585693	0.295166	-0.397949	135.880141	-80.626790	-178.610674
30742		9.354848	-1.364807	0.928456	-0.038957	0.138930	0.206115	-0.580811	0.284180	-0.408447	136.050360	-80.764900	-178.800451
30743		9.210035	-1.350345	0.729403	0.066822	0.113573	0.256991	-0.582275	0.289795	-0.401855	136.424842	-80.922868	-179.141723
30744		9.308399	-1.304705	0.551266	0.166155	0.083482	0.308920	-0.577148	0.293701	-0.405518	137.139837	-81.077712	-179.763919
30745		9.287180	-1.115407	0.567052	0.229093	0.069457	0.353664	-0.574951	0.284424	-0.407959	138.017329	-81.253437	179.480021
30746		9.084460	-0.926606	0.589831	0.278376	0.063584	0.397486	-0.575195	0.284668	-0.408447	139.152377	-81.430165	178.498547
30747		9.249627	-0.900951	0.559352	0.312118	0.064440	0.423467	-0.568115	0.285645	-0.411865	140.366416	-81.625246	177.454764
30748		9.530215	-0.732441	0.537733	0.336203	0.071278	0.428138	-0.569580	0.290283	-0.410889	141.705041	-81.809969	176.302007
30749		9.513793	-0.428121	0.465363	0.355791	0.086832	0.421747	-0.570313	0.284424	-0.414307	142.994285	-82.007687	175.208540
30750		9.554589	-0.137387	0.456136	0.379858	0.117477	0.410963	-0.561768	0.298584	-0.419678	144.303703	-82.200132	174.111626
30751		9.542693	-0.068303	0.425689	0.395413	0.126183	0.393382	-0.564453	0.283447	-0.420898	145.541214	-82.400005	173.094527
30752		9.473986	0.090036	0.332344	0.387122	0.138075	0.363264	-0.563721	0.291992	-0.419434	146.751852	-82.580275	172.102445
30753		9.333520	0.157942	0.318581	0.376252	0.163022	0.338235	-0.559814	0.299072	-0.429932	147.794659	-82.775180	171.273185
30754		9.095912	0.265507	0.265836	0.345587	0.191773	0.314989	-0.561523	0.292480	-0.426270	148.769917	-82.962120	170.495175
30755		9.023646	0.268396	0.220818	0.331873	0.230841	0.289223	-0.558105	0.294434	-0.438477	149.526389	-83.172439	169.927807
30756		9.216270	0.323249	0.191921	0.298239	0.267569	0.268467	-0.555420	0.297852	-0.430664	150.184530	-83.380824	169.442466
30757		9.218545	0.340710	0.205723	0.256787	0.301716	0.246417	-0.558105	0.293213	-0.438477	150.610810	-83.612833	169.165158
30758		9.094478	0.324017	0.225688	0.214226	0.319431	0.222819	-0.553955	0.286621	-0.436523	150.946457	-83.833439	168.956260
30759		9.029186	0.229308	0.180513	0.162256	0.319125	0.190793	-0.560791	0.293701	-0.445801	151.048549	-84.058449	168.952751
30760		8.990533	0.168849	0.046265	0.120092	0.307433	0.161557	-0.553955	0.293945	-0.443604	151.089017	-84.255939	168.986525
30761		8.840363	0.091360	-0.076380	0.106461	0.287223	0.149120	-0.548340	0.301270	-0.450439	151.041331	-84.453406	169.100844
30762		8.679892	-0.035688	-0.276779	0.096775	0.265361	0.138944	-0.547119	0.285645	-0.444336	151.069027	-84.623530	169.134006
30763		8.672322	-0.135045	-0.502401	0.112383	0.274677	0.133105	-0.543945	0.295410	-0.451172	150.966786	-84.810229	169.306356
30764		8.729138	-0.271369	-0.639803	0.125363	0.270980	0.115927	-0.543213	0.292725	-0.453369	150.857321	-84.976747	169.493650
30765		8.791144	-0.251147	-0.748071	0.156396	0.267166	0.094451	-0.548584	0.286133	-0.456543	150.558256	-85.148699	169.888891
30766		8.897999	-0.252637	-0.823382	0.210499	0.255610	0.073413	-0.545410	0.288086	-0.451416	150.265897	-85.295381	170.308574
30767		8.990982	-0.268242	-0.854881	0.253468	0.245000	0.049320	-0.532959	0.288330	-0.462402	149.768935	-85.442901	170.959645
30768		8.973468	-0.188012	-0.945350	0.323204	0.218309	0.016073	-0.543457	0.286133	-0.459229	149.264393	-85.553936	171.656779
30769		8.783905	-0.042015	-1.021351	0.367330	0.158478	-0.037291	-0.535400	0.284180	-0.464844	148.546151	-85.632179	172.594607
30770		8.382096	0.159771	-1.128937	0.434598	0.110184	-0.090389	-0.540283	0.284424	-0.476318	147.796477	-85.657092	173.601454
30771		8.069684	0.238970	-1.335495	0.473465	0.061390	-0.143744	-0.536377	0.277588	-0.466309	146.815701	-85.653315	174.864194
30772		7.963091	0.249027	-1.715818	0.541735	0.048886	-0.193223	-0.535400	0.277100	-0.476807	145.733311	-85.613756	176.266304
30773		8.162621	0.178637	-1.860698	0.598053	0.047405	-0.224833	-0.537598	0.279541	-0.479004	144.412890	-85.572783	177.940425
30774		8.387920	0.103858	-1.971369	0.604492	0.045157	-0.254419	-0.543213	0.268311	-0.480225	143.073530	-85.506085	179.636530
30775		8.636409	0.102512	-1.999006	0.603129	0.023222	-0.277016	-0.535889	0.252686	-0.485107	141.641141	-85.429511	-178.574971
30776		8.836693	0.152424	-1.683258	0.571332	-0.027282	-0.284986	-0.545654	0.249756	-0.489014	140.537970	-85.313479	-177.134494
30777		9.036267	0.143077	-1.685955	0.503952	-0.099526	-0.293872	-0.545166	0.249023	-0.486328	139.615131	-85.170726	-175.909429
30778		9.156561	0.279910	-1.596849	0.446256	-0.138183	-0.278747	-0.550293	0.250488	-0.491455	139.078477	-85.005341	-175.108891
30779		9.201795	0.361992	-1.550912	0.393143	-0.151853	-0.254842	-0.548828	0.250977	-0.487549	138.621932	-84.852452	-174.417659
30780		9.398463	0.206314	-1.472886	0.365096	-0.153145	-0.215560	-0.551758	0.236816	-0.489502	138.470717	-84.703670	-174.050476
30781		9.506902	0.092806	-1.409506	0.337328	-0.148228	-0.179831	-0.561035	0.236816	-0.492676	138.362771	-84.580222	-173.741996
30782		9.457797	-0.068462	-1.406325	0.341242	-0.132373	-0.154051	-0.559570	0.234131	-0.488525	138.411717	-84.463651	-173.589469
30783		9.495568	-0.370502	-1.518112	0.365436	-0.124427	-0.148676	-0.547852	0.231201	-0.485352	138.376781	-84.362039	-173.337355
30784		9.470331	-0.487812	-1.701415	0.402997	-0.115710	-0.158084	-0.551025	0.227783	-0.491211	138.386081	-84.251068	-173.109370
30785		9.421009	-0.562888	-1.931580	0.448391	-0.113593	-0.187605	-0.559326	0.224121	-0.486084	138.208947	-84.139100	-172.666971
30786		9.255907	-0.592383	-2.209953	0.504691	-0.121595	-0.222345	-0.558350	0.219238	-0.496826	138.048058	-84.000944	-172.209206
30787		9.038475	-0.611227	-2.500554	0.574341	-0.135967	-0.262452	-0.563965	0.212646	-0.491943	137.753783	-83.850204	-171.575979
30788		8.898152	-0.644873	-2.404282	0.647018	-0.141842	-0.305168	-0.563721	0.210938	-0.499268	137.459687	-83.671059	-170.901916
30789		8.866537	-0.563365	-1.881895	0.688707	-0.140758	-0.340349	-0.555420	0.206787	-0.503174	137.008414	-83.486976	-170.044088
30790		9.222947	-0.153557	-1.198761	0.700474	-0.159964	-0.353989	-0.564941	0.197998	-0.497314	136.689217	-83.280170	-169.313423
30791		9.844206	0.483040	-0.580005	0.667881	-0.180779	-0.311072	-0.567139	0.191162	-0.502686	136.528033	-83.089772	-168.759188
30792		10.546373	1.172989	-0.665264	0.577502	-0.178480	-0.212824	-0.566650	0.190430	-0.501953	136.723039	-82.930479	-168.616994
30793		11.046978	1.638303	-0.734487	0.489614	-0.184341	-0.118210	-0.573486	0.189697	-0.496826	137.131360	-82.814279	-168.739143
30794		11.377399	1.824500	-0.319526	0.401387	-0.180959	-0.057024	-0.576416	0.187500	-0.503906	137.738009	-82.714582	-169.113536
30795		11.848609	2.406539	0.192474	0.252413	-0.183019	0.007457	-0.570801	0.182617	-0.510254	138.403000	-82.646701	-169.632906
30796		12.421223	3.013386	0.608550	0.071350	-0.176856	0.110194	-0.575928	0.185303	-0.496826	139.340095	-82.610642	-170.531285
30797		12.628989	3.139175	0.336631	-0.088738	-0.183751	0.225893	-0.584473	0.180908	-0.508057	140.525184	-82.620774	-171.771566
30798		12.533383	2.356096	-0.310632	-0.102924	-0.213152	0.317197	-0.582520	0.183838	-0.503418	142.166099	-82.637618	-173.480311
30799		12.278886	0.825983	-0.821016	-0.013436	-0.179831	0.363333	-0.581543	0.192139	-0.497559	143.878700	-82.688175	-175.207651
30800		12.466652	-0.354123	-0.664064	0.150554	-0.099955	0.398081	-0.576172	0.187988	-0.504639	145.697054	-82.771546	-176.948476
30801		12.562841	-1.017655	0.029954	0.289360	-0.007007	0.406904	-0.574463	0.186768	-0.498535	147.380599	-82.904908	-178.471838
30802		12.558455	-1.373894	0.955579	0.380869	0.079174	0.405582	-0.576904	0.181396	-0.505127	149.021634	-83.064511	-179.900081
30803		12.588490	-0.910529	1.470275	0.389423	0.128343	0.416257	-0.581299	0.186279	-0.503418	150.607254	-83.256744	178.735731
30804		12.179852	-0.296862	1.406414	0.438179	0.188722	0.422146	-0.565918	0.188232	-0.505615	152.250861	-83.465936	177.339081
30805		11.462114	0.076782	1.753109	0.515943	0.281684	0.402085	-0.572510	0.183105	-0.502930	153.673320	-83.723823	176.213197
30806		10.903618	0.427278	1.881397	0.579303	0.337149	0.385989	-0.568848	0.191650	-0.517822	155.093851	-83.992138	175.123592
30807		10.434260	0.484801	2.108826	0.606966	0.370281	0.382905	-0.571777	0.187012	-0.513916	156.492646	-84.285542	174.075451
30808		10.089715	0.589009	2.145691	0.577521	0.378136	0.377124	-0.560791	0.185547	-0.516113	158.018690	-84.567376	172.879915
30809		9.797743	0.781326	2.102849	0.491187	0.333052	0.362414	-0.562256	0.188965	-0.525391	159.588698	-84.830877	171.594305
30810		9.527512	1.057890	1.967708	0.368589	0.287484	0.319785	-0.560547	0.176025	-0.533203	161.134339	-85.046046	170.259910
30811		9.314424	1.363701	1.819210	0.247934	0.224060	0.228262	-0.552734	0.188477	-0.539795	162.197644	-85.220063	169.346184
30812		9.158045	1.619499	1.620473	0.134009	0.160564	0.091886	-0.554688	0.173340	-0.525879	162.555137	-85.322104	169.069793
30813		9.108902	1.743082	1.403215	0.038753	0.110921	-0.051187	-0.557129	0.180176	-0.535645	161.924942	-85.384936	169.736010
30814		9.009774	1.757865	1.255595	-0.031219	0.104269	-0.152261	-0.556641	0.179932	-0.539307	160.653677	-85.411969	170.998719
30815		8.967734	1.600701	1.203374	-0.077479	0.104630	-0.208900	-0.557373	0.182373	-0.526367	158.863276	-85.437892	172.762673
30816		8.790549	1.468676	1.113284	-0.104263	0.107602	-0.227969	-0.566406	0.179199	-0.538086	157.007436	-85.444426	174.569752
30817		8.658345	1.320367	1.059279	-0.120429	0.090842	-0.220349	-0.555420	0.174316	-0.538818	155.131281	-85.451505	176.393432
30818		8.744008	1.079005	0.979633	-0.124235	0.090698	-0.209126	-0.559814	0.182373	-0.527100	153.434635	-85.444834	178.029317
30819		8.782423	0.886892	0.865622	-0.134446	0.073649	-0.193903	-0.550781	0.185303	-0.538086	151.772626	-85.441465	179.630631
30820		8.906049	0.684789	0.774840	-0.145347	0.067488	-0.179719	-0.562744	0.175537	-0.535889	150.341861	-85.424016	-179.012312
30821		9.009681	0.580864	0.717621	-0.160330	0.052317	-0.176479	-0.557373	0.179199	-0.529785	148.863129	-85.408616	-177.609913
30822		9.011475	0.610655	0.596627	-0.173778	0.034809	-0.173362	-0.553467	0.179688	-0.538086	147.601564	-85.371860	-176.438867
30823		9.025218	0.500593	0.481223	-0.184365	0.021640	-0.162391	-0.560547	0.173584	-0.532471	146.338639	-85.341103	-175.266967
30824		9.050644	0.490779	0.410542	-0.199547	0.012667	-0.139868	-0.556641	0.177979	-0.533936	145.380319	-85.300752	-174.414878
30825		8.989077	0.471677	0.440794	-0.210559	0.017403	-0.112706	-0.555176	0.172119	-0.542969	144.429261	-85.280989	-173.569592
30826		9.026481	0.438214	0.396303	-0.226003	0.016324	-0.084544	-0.560059	0.175537	-0.536377	143.775822	-85.258811	-173.038572
30827		8.930414	0.472145	0.347720	-0.227994	0.012396	-0.070168	-0.558350	0.169678	-0.527344	143.079046	-85.249441	-172.455947
30828		8.921190	0.522994	0.251636	-0.215011	0.013627	-0.040538	-0.563477	0.171387	-0.529053	142.693406	-85.240320	-172.187312
30829		8.844123	0.437983	0.292239	-0.187635	0.010748	-0.007424	-0.560547	0.181641	-0.536865	142.372699	-85.251380	-171.959259
30830		8.941196	0.378220	0.183606	-0.169018	0.003793	0.010141	-0.562500	0.182129	-0.531494	142.332291	-85.255327	-172.010606
30831		9.025771	0.357723	0.155326	-0.154447	-0.001903	0.016949	-0.558105	0.175293	-0.530518	142.222617	-85.269311	-171.977339
30832		9.156433	0.468865	0.113379	-0.157635	0.001585	0.014778	-0.562988	0.178223	-0.531494	142.223581	-85.273894	-172.063652
30833		9.401615	0.636600	0.039851	-0.159495	-0.004965	0.011357	-0.566406	0.178955	-0.532227	142.088646	-85.284425	-172.005980
30834		9.501878	0.783984	-0.030717	-0.167180	-0.005503	-0.003503	-0.562988	0.184814	-0.528809	142.014349	-85.279386	-172.022263
30835		9.300237	0.918934	-0.067855	-0.175155	-0.011155	-0.001740	-0.564453	0.181885	-0.530518	141.828479	-85.282557	-171.923879
30836		9.089661	1.102061	-0.202396	-0.183601	-0.012874	-0.004101	-0.566162	0.185059	-0.529785	141.773387	-85.273993	-171.968873
30837		9.101672	1.173962	-0.314191	-0.193398	-0.014795	-0.005486	-0.557129	0.188232	-0.528320	141.572688	-85.274116	-171.866184
30838		9.099332	1.237410	-0.380085	-0.204881	-0.020236	-0.002937	-0.569824	0.188965	-0.532959	141.543744	-85.262679	-171.949650
30839		9.041876	1.218014	-0.531535	-0.221005	-0.025258	-0.008982	-0.562012	0.187256	-0.528564	141.356898	-85.256819	-171.877865
30840		9.108487	1.189071	-0.725268	-0.243374	-0.041635	-0.015101	-0.562256	0.187744	-0.525879	141.332623	-85.231479	-171.988148
30841		9.027522	1.110017	-0.845361	-0.255016	-0.035438	0.003119	-0.561523	0.194824	-0.523926	141.235229	-85.225252	-172.025392
30842		8.953544	1.043053	-0.934318	-0.274712	-0.033372	0.038369	-0.571289	0.187256	-0.532227	141.443485	-85.222749	-172.387039
30843		8.846472	1.090420	-1.008854	-0.304015	-0.016270	0.071347	-0.558838	0.194092	-0.521240	141.604905	-85.249321	-172.712481
30844		8.807535	1.078074	-0.994324	-0.341133	-0.007448	0.106894	-0.555420	0.191895	-0.526855	142.039873	-85.282508	-173.339780
30845		8.725082	1.072175	-1.068475	-0.386857	0.007798	0.135587	-0.568359	0.199463	-0.527344	142.417443	-85.342077	-173.929878
30846		8.569873	1.071520	-1.032422	-0.429142	0.007926	0.158966	-0.565186	0.198975	-0.531494	143.050016	-85.399514	-174.805925
30847		8.389574	1.063738	-1.084504	-0.480400	-0.016719	0.184493	-0.561768	0.204834	-0.522949	143.791439	-85.463329	-175.814099
30848		8.167234	1.120026	-1.137320	-0.522834	-0.056822	0.216782	-0.559814	0.207520	-0.523926	145.028194	-85.507786	-177.349916
30849		7.935113	1.132015	-1.153585	-0.564828	-0.115360	0.238044	-0.563965	0.212891	-0.514404	146.509096	-85.538687	-179.149057
30850		7.805438	1.102334	-1.256175	-0.598199	-0.185138	0.270109	-0.563232	0.218018	-0.520508	148.583924	-85.530816	178.431294
30851		7.772922	1.072387	-1.385491	-0.623698	-0.249948	0.287595	-0.562744	0.225098	-0.516357	150.862804	-85.499514	175.797181
30852		8.070375	1.002560	-1.636497	-0.638310	-0.299433	0.307737	-0.563965	0.227783	-0.504883	153.486948	-85.428595	172.803204
30853		8.650324	0.891977	-1.868200	-0.624746	-0.320326	0.301921	-0.568115	0.236816	-0.504639	155.958080	-85.346278	169.974496
30854		9.127247	0.485393	-2.028645	-0.563849	-0.313474	0.275299	-0.567139	0.229736	-0.499756	158.261451	-85.240611	167.344464
30855		9.688587	-0.066604	-2.050363	-0.487692	-0.302472	0.206139	-0.568604	0.242432	-0.497803	159.959547	-85.130876	165.369583
30856		9.986985	-0.278623	-2.042797	-0.420242	-0.297563	0.119407	-0.576416	0.249512	-0.498047	161.133610	-84.991329	163.954753
30857		10.020501	-0.373804	-1.954793	-0.357473	-0.278483	0.049710	-0.578369	0.241699	-0.501221	161.752974	-84.859194	163.135719
30858		9.786458	-0.320794	-1.774866	-0.300089	-0.279792	0.006012	-0.575439	0.246338	-0.490479	162.171013	-84.706253	162.548575
30859		9.603928	-0.255481	-1.758869	-0.253487	-0.258159	-0.032295	-0.580566	0.256348	-0.491699	162.272137	-84.569732	162.310816
30860		9.615701	-0.195025	-1.842783	-0.229537	-0.232349	-0.049732	-0.581787	0.242676	-0.493408	162.289672	-84.432671	162.166367
30861		9.741638	0.146537	-1.917877	-0.232502	-0.204927	-0.061110	-0.593018	0.245361	-0.483154	162.141423	-84.319938	162.190369
30862		10.048780	0.506803	-2.116745	-0.241239	-0.173339	-0.082753	-0.588135	0.254639	-0.485107	161.869687	-84.209257	162.329849
30863		10.310245	0.891943	-2.344462	-0.261409	-0.136344	-0.098465	-0.585693	0.254395	-0.487305	161.399298	-84.126817	162.660257
30864		10.347003	1.246044	-2.534659	-0.290953	-0.099847	-0.089204	-0.592773	0.253418	-0.477783	160.953616	-84.054609	162.946019
30865		10.246125	1.515596	-2.730217	-0.319025	-0.074525	-0.063091	-0.591309	0.256836	-0.483887	160.543499	-84.011461	163.181987
30866		9.930719	1.646287	-2.970442	-0.357280	-0.073153	-0.021209	-0.592041	0.258789	-0.481201	160.373353	-83.966334	163.152530
30867		9.652919	1.638027	-2.948882	-0.395682	-0.068626	0.022544	-0.583984	0.264648	-0.478516	160.351871	-83.942312	162.953152
30868		9.740907	1.529478	-2.748208	-0.432476	-0.076815	0.060548	-0.591309	0.258301	-0.468262	160.559851	-83.910879	162.500104
30869		10.119945	1.010261	-2.329555	-0.398792	-0.092060	0.065259	-0.594727	0.259766	-0.474121	160.792981	-83.881776	162.041980
30870		10.631088	0.492847	-1.880257	-0.379479	-0.125335	0.018166	-0.596924	0.262207	-0.474365	160.895397	-83.815790	161.725581
30871		11.107788	0.236515	-1.659792	-0.333567	-0.169625	-0.077383	-0.596436	0.270020	-0.469727	160.583354	-83.717532	161.854141
30872		11.342414	-0.178154	-1.462491	-0.254716	-0.218472	-0.182095	-0.601318	0.267090	-0.476074	159.945512	-83.562916	162.354385
30873		11.471059	-0.710924	-1.130186	-0.193535	-0.236024	-0.241960	-0.606201	0.269043	-0.470215	159.083929	-83.395629	163.116326
30874		11.716150	-1.336947	-0.484435	-0.135269	-0.227625	-0.292135	-0.602295	0.267578	-0.459229	158.094784	-83.211557	164.039529
30875		12.226480	-1.913693	0.003573	-0.077858	-0.218707	-0.396285	-0.603760	0.258057	-0.471191	156.687053	-83.016401	165.418429
30876		12.615045	-1.830217	0.348185	-0.024045	-0.234218	-0.532502	-0.614746	0.253174	-0.465576	154.893441	-82.767345	167.217348
30877		12.387675	-0.936518	0.260254	-0.042629	-0.282438	-0.629553	-0.615234	0.258789	-0.460205	152.890131	-82.471123	169.220135
30878		11.615648	0.145817	0.521042	-0.098271	-0.294927	-0.606749	-0.618896	0.246582	-0.459229	151.156919	-82.157304	170.917548
30879		11.157553	1.530237	0.845622	-0.276383	-0.265449	-0.512857	-0.621094	0.252686	-0.458740	149.683419	-81.887803	172.252016
30880		11.160063	2.773931	1.394278	-0.448516	-0.186736	-0.435074	-0.628418	0.250244	-0.452393	148.339757	-81.666298	173.355303
30881		11.306548	3.024638	1.900702	-0.525511	-0.099698	-0.395096	-0.626465	0.253906	-0.447266	146.923055	-81.504632	174.489125
30882		10.854537	2.708708	2.452216	-0.640718	-0.019210	-0.383843	-0.630371	0.246582	-0.451660	145.394517	-81.371622	175.668972
30883		10.163052	2.725190	2.679816	-0.732397	0.057737	-0.381913	-0.631348	0.245850	-0.442139	143.646549	-81.279295	177.018653
30884		9.823785	2.155663	2.275426	-0.665659	0.097539	-0.378006	-0.633057	0.247070	-0.439941	141.938639	-81.191500	178.366167
30885		10.198917	0.956851	2.330871	-0.598090	0.152490	-0.355634	-0.627686	0.245850	-0.443359	140.182904	-81.139039	179.802384
30886		10.619383	0.095165	2.276550	-0.609843	0.204579	-0.309862	-0.633057	0.256592	-0.449219	138.493817	-81.111000	-178.836383
30887		10.744980	-0.432404	2.169661	-0.607892	0.219762	-0.256397	-0.639404	0.248291	-0.442627	136.864576	-81.112839	-177.533080
30888		10.644849	-0.685311	1.897676	-0.572519	0.212692	-0.205210	-0.632568	0.251709	-0.449707	135.466446	-81.118103	-176.444655
30889		10.518822	-0.892969	1.579514	-0.491271	0.187481	-0.140919	-0.628174	0.253906	-0.444824	134.283721	-81.144404	-175.524623
30890		10.129516	-1.176789	1.323669	-0.366882	0.160868	-0.056340	-0.638428	0.258789	-0.451416	133.515021	-81.183888	-174.954095
30891		9.952852	-1.392567	1.120561	-0.233738	0.142397	0.029254	-0.638184	0.256348	-0.447510	133.020978	-81.259963	-174.581557
30892		9.553666	-1.554613	1.048495	-0.118633	0.131621	0.108705	-0.627441	0.254639	-0.437256	132.882545	-81.355788	-174.504951
30893		9.387131	-1.488456	0.916161	-0.033796	0.126766	0.178721	-0.627197	0.250488	-0.451172	132.921761	-81.488533	-174.555828
30894		9.387860	-1.210826	0.836005	0.046886	0.104593	0.236255	-0.634766	0.249512	-0.441162	133.290286	-81.627162	-174.895908
30895		9.251614	-0.914419	0.728380	0.131038	0.083088	0.275527	-0.625244	0.255615	-0.446533	133.819991	-81.782949	-175.344279
30896		9.210353	-0.704627	0.690098	0.222394	0.083883	0.300810	-0.624268	0.252686	-0.447510	134.559814	-81.938861	-175.957591
30897		9.004575	-0.547777	0.613299	0.298487	0.076288	0.315222	-0.621826	0.255127	-0.451904	135.365814	-82.106543	-176.587617
30898		9.381984	-0.483587	0.596533	0.346025	0.069018	0.337668	-0.621094	0.259521	-0.446045	136.389089	-82.268421	-177.415047
30899		9.372916	-0.440901	0.550572	0.397553	0.048880	0.373895	-0.618652	0.262451	-0.453613	137.586761	-82.444467	-178.382439
30900		9.309826	-0.387597	0.439586	0.452916	0.035697	0.404008	-0.621094	0.257080	-0.455811	139.074483	-82.612397	-179.615863
30901		9.171075	-0.275429	0.330318	0.491358	0.023969	0.410177	-0.618896	0.257324	-0.452637	140.633988	-82.784310	179.107666
30902		9.012311	-0.229212	0.242362	0.509126	0.033503	0.397784	-0.618164	0.258789	-0.458252	142.266812	-82.940058	177.761385
30903		9.040985	0.008021	0.222492	0.499281	0.037012	0.362281	-0.615967	0.254883	-0.458740	143.747928	-83.092208	176.569823
30904		8.977420	0.291794	0.084047	0.498926	0.053379	0.325517	-0.623291	0.259033	-0.451660	145.163439	-83.224162	175.437379
30905		8.807659	0.323263	0.170478	0.518955	0.072554	0.298903	-0.625977	0.254883	-0.460938	146.413879	-83.365455	174.489862
30906		9.015692	0.281729	0.146834	0.496445	0.092424	0.281230	-0.615967	0.258301	-0.464111	147.634652	-83.496185	173.552646
30907		9.117799	0.266874	0.051529	0.465887	0.092050	0.274883	-0.615967	0.254395	-0.456787	148.788964	-83.634830	172.672541
30908		9.092026	0.174699	-0.025887	0.436819	0.089289	0.252756	-0.612793	0.253662	-0.468506	149.943410	-83.751211	171.768169
30909		8.939364	0.122599	-0.044940	0.414343	0.088230	0.230202	-0.608398	0.254395	-0.473633	150.957298	-83.871281	170.999741
30910		8.952466	0.042345	-0.134352	0.386266	0.083194	0.216871	-0.614502	0.254639	-0.477295	152.002469	-83.971031	170.176523
30911		9.064684	-0.033935	-0.194199	0.359990	0.081113	0.210090	-0.614502	0.259277	-0.480469	152.970898	-84.079056	169.424429
30912		9.031696	-0.205689	-0.298786	0.342622	0.090565	0.203982	-0.613281	0.261475	-0.480957	153.970657	-84.176198	168.622036
30913		9.050666	-0.278126	-0.407409	0.308802	0.109761	0.184423	-0.609131	0.254639	-0.480469	154.773516	-84.289926	168.005741
30914		9.076335	-0.266481	-0.486117	0.295493	0.114578	0.165803	-0.602783	0.260742	-0.481445	155.546228	-84.387901	167.404672
30915		9.057206	-0.231976	-0.597656	0.271609	0.107634	0.152100	-0.612793	0.260742	-0.477051	156.214099	-84.491178	166.902611
30916		9.025193	-0.100686	-0.736765	0.275061	0.104836	0.139100	-0.606445	0.250732	-0.484619	156.897848	-84.576471	166.379350
30917		9.022674	-0.010994	-0.908519	0.262416	0.093505	0.126556	-0.603760	0.249756	-0.477051	157.493859	-84.665339	165.943810
30918		8.922966	0.079502	-1.057547	0.238847	0.075869	0.104751	-0.604248	0.251709	-0.491211	158.063735	-84.726741	165.514212
30919		8.864972	0.259944	-1.116748	0.230444	0.061674	0.071980	-0.610107	0.254639	-0.485352	158.426692	-84.786152	165.295174
30920		8.707897	0.440740	-1.208614	0.217337	0.036616	0.020205	-0.603760	0.256104	-0.489990	158.596656	-84.808369	165.254837
30921		8.398401	0.601677	-1.276707	0.198024	-0.004917	-0.043558	-0.607178	0.247559	-0.490234	158.426183	-84.807697	165.551034
30922		8.023769	0.651712	-1.481688	0.210794	-0.050941	-0.117070	-0.614746	0.251709	-0.499512	157.995306	-84.754154	166.110274
30923		7.838930	0.661046	-1.779360	0.230700	-0.083936	-0.176739	-0.605957	0.254883	-0.491943	157.268812	-84.681939	166.984963
30924		7.795645	0.541941	-1.996536	0.268273	-0.100881	-0.223428	-0.606445	0.239746	-0.478516	156.424037	-84.576927	167.993142
30925		7.996829	0.338350	-2.116138	0.309241	-0.114137	-0.253761	-0.608643	0.237061	-0.492432	155.455261	-84.468250	169.153854
30926		8.321266	-0.005592	-1.899086	0.340194	-0.116052	-0.269834	-0.614502	0.232910	-0.493896	154.519099	-84.341110	170.295641
30927		8.622783	-0.336170	-1.660130	0.342332	-0.150667	-0.280435	-0.607422	0.234375	-0.483643	153.607379	-84.203069	171.420427
30928		8.888755	-0.406005	-1.467448	0.318088	-0.217489	-0.282814	-0.620850	0.229736	-0.492432	152.942032	-84.017405	172.277820
30929		8.881519	-0.274340	-1.431685	0.303584	-0.263508	-0.282720	-0.624512	0.222900	-0.486328	152.377872	-83.818466	173.029526
30930		8.990032	-0.235718	-1.471811	0.314914	-0.279289	-0.265526	-0.624756	0.217773	-0.484619	152.026224	-83.604488	173.570128
30931		9.528100	-0.332822	-1.538251	0.329869	-0.257111	-0.226088	-0.625488	0.207031	-0.481445	151.783189	-83.422867	174.014934
30932		9.916542	-0.493730	-1.504319	0.336155	-0.234765	-0.179308	-0.629395	0.210938	-0.489746	151.757217	-83.254293	174.240300
30933		10.232557	-0.482721	-1.571612	0.344924	-0.210014	-0.137849	-0.627930	0.219727	-0.494873	151.813006	-83.120092	174.393988
30934		10.213941	-0.381106	-1.621421	0.377100	-0.183096	-0.117489	-0.631592	0.210205	-0.486328	151.958843	-82.994373	174.470041
30935		10.030011	-0.300374	-1.846774	0.418754	-0.169169	-0.113750	-0.637939	0.206299	-0.489746	152.071776	-82.887277	174.607200
30936		9.866249	-0.278586	-2.131388	0.478575	-0.158551	-0.105612	-0.635254	0.198486	-0.490479	152.268836	-82.777219	174.690263
30937		9.747165	-0.318740	-2.364876	0.548699	-0.132527	-0.116099	-0.628662	0.201904	-0.489746	152.369359	-82.687965	174.915833
30938		9.516632	-0.500043	-2.604935	0.630332	-0.115206	-0.136273	-0.634766	0.194580	-0.479248	152.442449	-82.591823	175.211603
30939		9.334169	-0.663554	-2.823278	0.706450	-0.095453	-0.165606	-0.640137	0.194336	-0.491455	152.373747	-82.508062	175.697549
30940		9.254237	-0.732844	-2.912073	0.764590	-0.071341	-0.199015	-0.637451	0.193604	-0.485352	152.203367	-82.417374	176.316626
30941		9.175996	-0.643999	-2.987693	0.801575	-0.045098	-0.234855	-0.636963	0.195557	-0.482666	151.843950	-82.339787	177.150192
30942		9.241943	-0.387301	-2.786548	0.799424	-0.024195	-0.267730	-0.638184	0.184082	-0.498535	151.363963	-82.253173	178.102076
30943		9.412090	-0.120745	-2.305353	0.772696	-0.000237	-0.297666	-0.644531	0.171143	-0.498779	150.697099	-82.178478	179.228280
30944		9.731642	0.261561	-1.898476	0.713597	-0.013230	-0.297591	-0.643311	0.165039	-0.498535	150.071306	-82.086174	-179.721915
30945		10.121132	0.717067	-1.392479	0.617341	-0.045617	-0.274707	-0.635010	0.164551	-0.496094	149.525218	-81.992100	-178.805521
30946		10.355322	1.016636	-1.268702	0.543918	-0.088666	-0.235345	-0.647461	0.155273	-0.499512	149.211665	-81.878245	-178.168757
30947		10.448192	0.995352	-1.295771	0.507963	-0.151411	-0.185016	-0.644775	0.153076	-0.491455	149.158031	-81.756962	-177.813373
30948		10.627598	0.996979	-1.046336	0.469417	-0.156603	-0.133321	-0.639893	0.147217	-0.493652	149.302609	-81.639353	-177.682351
30949		11.071171	1.474469	-0.370962	0.369234	-0.112615	-0.068330	-0.647705	0.151367	-0.499512	149.488371	-81.571311	-177.649394
30950		11.670984	2.400828	0.395239	0.140354	-0.066856	0.059034	-0.646729	0.148682	-0.492920	149.906632	-81.553865	-177.985606
30951		12.162333	3.369797	0.311878	-0.120557	-0.071855	0.242885	-0.650146	0.147949	-0.496582	150.771268	-81.594459	-178.923023
30952		12.206987	3.542441	0.071899	-0.242345	-0.106464	0.415842	-0.644775	0.151855	-0.496338	152.262708	-81.653011	179.434436
30953		11.939592	2.605850	-0.251791	-0.268086	-0.116676	0.514100	-0.644775	0.158203	-0.495850	154.094980	-81.733926	177.434444
30954		11.839863	1.319956	-0.698500	-0.210733	-0.064541	0.560491	-0.638916	0.163574	-0.492920	156.109478	-81.834091	175.282393
30955		12.086686	0.109792	-0.969068	-0.091768	0.032814	0.595856	-0.635010	0.160156	-0.503418	158.201097	-81.991897	173.123385
30956		12.284421	-0.893942	-1.022232	0.062109	0.153971	0.593427	-0.637451	0.171387	-0.499023	160.310356	-82.193307	171.035134
30957		12.149578	-1.688779	-0.209559	0.208235	0.253424	0.531233	-0.638184	0.179932	-0.491699	162.204178	-82.436794	169.252345
30958		11.779811	-1.652459	0.723033	0.221200	0.294014	0.438631	-0.635742	0.180176	-0.507568	163.801682	-82.669793	167.774388
30959		11.263319	-0.954689	1.168723	0.185528	0.331605	0.376984	-0.625488	0.181885	-0.501953	165.141747	-82.919179	166.537470
30960		10.650236	-0.190064	1.495846	0.180616	0.386661	0.352564	-0.622559	0.172607	-0.505371	166.413509	-83.181966	165.365860
30961		10.116660	0.384513	1.657266	0.197495	0.456906	0.340195	-0.626221	0.179688	-0.513672	167.640089	-83.489692	164.252538
30962		9.781499	0.678389	1.899556	0.220580	0.492225	0.326583	-0.618896	0.177734	-0.520264	168.904982	-83.802257	163.112300
30963		9.631781	0.853019	1.888166	0.200960	0.486146	0.312965	-0.619629	0.177246	-0.518555	170.199269	-84.117922	161.935213
30964		9.457117	0.902089	1.743951	0.145563	0.442018	0.298984	-0.611084	0.181885	-0.517578	171.572877	-84.393502	160.643798
30965		9.276546	0.937947	1.563855	0.065604	0.386064	0.267884	-0.607910	0.174072	-0.531982	172.873930	-84.642983	159.383184
30966		9.093393	0.928212	1.343493	-0.013624	0.326352	0.217461	-0.609863	0.179443	-0.535400	173.985642	-84.841365	158.264231
30967		9.234286	0.945997	1.057713	-0.089456	0.266002	0.134455	-0.606445	0.179932	-0.522461	174.614999	-85.010522	157.591751
30968		9.036065	0.964951	0.823999	-0.141861	0.212538	0.062804	-0.606934	0.179688	-0.536133	174.825960	-85.133448	157.303716
30969		8.995422	0.826243	0.761738	-0.190373	0.207469	0.021924	-0.601563	0.183105	-0.536377	174.724088	-85.262941	157.306711
30970		8.977686	0.795002	0.721461	-0.225253	0.204899	-0.007811	-0.600342	0.190674	-0.532471	174.411586	-85.377746	157.496055
30971		8.844110	0.786369	0.701703	-0.252823	0.200014	-0.017221	-0.604248	0.182861	-0.538086	173.983808	-85.500786	157.789638
30972		8.996142	0.887639	0.730879	-0.277162	0.189824	-0.021128	-0.595947	0.185791	-0.532471	173.525244	-85.605943	158.095591
30973		9.220799	0.925290	0.771456	-0.299705	0.175173	-0.034746	-0.605469	0.188721	-0.540527	172.915602	-85.713376	158.545569
30974		9.334261	1.039792	0.687903	-0.306313	0.158526	-0.051480	-0.590332	0.184570	-0.537109	172.195105	-85.797980	159.097346
30975		9.353272	0.911549	0.663551	-0.310243	0.148658	-0.079846	-0.593994	0.184570	-0.540527	171.197163	-85.885812	159.930958
30976		9.393974	0.809051	0.622148	-0.319327	0.140616	-0.128383	-0.594482	0.192627	-0.544434	169.819801	-85.951518	161.133681
30977		9.405433	0.675458	0.564014	-0.325999	0.127044	-0.175070	-0.588135	0.187256	-0.542236	167.993772	-86.013752	162.788718
30978		9.620890	0.552765	0.490710	-0.335981	0.144646	-0.215415	-0.598145	0.190186	-0.532471	165.803807	-86.064889	164.796246
30979		9.676932	0.481495	0.456258	-0.333151	0.158992	-0.236016	-0.595215	0.197021	-0.540283	163.297094	-86.126570	167.128860
30980		9.496365	0.473935	0.413420	-0.316103	0.168316	-0.224198	-0.588623	0.185547	-0.540771	160.869947	-86.177246	169.385251
30981		9.396595	0.404987	0.357815	-0.288198	0.170714	-0.197006	-0.592773	0.187988	-0.538086	158.531513	-86.239412	171.574630
30982		9.351599	0.349670	0.243093	-0.274330	0.166270	-0.180648	-0.595215	0.196045	-0.547119	156.365935	-86.286171	173.592591
30983		9.263350	0.320886	0.145688	-0.258635	0.173800	-0.172794	-0.596680	0.192383	-0.541992	154.096803	-86.344337	175.729324
30984		9.259511	0.280356	0.072400	-0.247868	0.179583	-0.168106	-0.603760	0.190674	-0.547852	151.883433	-86.390789	177.810128
30985		9.348887	0.361011	0.079936	-0.250451	0.188304	-0.159855	-0.597656	0.195313	-0.545654	149.528126	-86.448839	-179.962063
30986		9.336045	0.459247	0.007494	-0.255196	0.181747	-0.140235	-0.594238	0.191895	-0.548828	147.406730	-86.494159	-177.977850
30987		9.163490	0.527614	-0.017442	-0.263010	0.179749	-0.120279	-0.582520	0.197266	-0.542725	145.270086	-86.549972	-175.976844
30988		9.046348	0.738358	-0.020209	-0.278299	0.173008	-0.100796	-0.585938	0.189453	-0.556152	143.382808	-86.595464	-174.240643
30989		9.068753	0.881327	-0.044124	-0.293906	0.174241	-0.094065	-0.582031	0.185303	-0.541748	141.343369	-86.649390	-172.354609
30990		9.189534	1.023289	-0.087495	-0.321193	0.175574	-0.096840	-0.587158	0.195313	-0.554199	139.344769	-86.690143	-170.531688
30991		9.171652	1.159507	-0.097225	-0.340698	0.176579	-0.097555	-0.591064	0.197266	-0.552002	137.121191	-86.735525	-168.487720
30992		9.133890	1.257470	-0.200322	-0.358252	0.172121	-0.091932	-0.580078	0.189941	-0.558594	135.066862	-86.768842	-166.630399
30993		9.107531	1.334251	-0.277472	-0.366496	0.180520	-0.077195	-0.587402	0.189697	-0.552490	132.838766	-86.815253	-164.596482
30994		9.144854	1.368028	-0.368730	-0.387412	0.184305	-0.048381	-0.589844	0.195557	-0.541260	130.884438	-86.863958	-162.856206
30995		9.261252	1.369591	-0.519933	-0.403546	0.177845	-0.021903	-0.587402	0.197998	-0.551025	128.910560	-86.925485	-161.099048
30996		9.194932	1.270202	-0.651575	-0.416601	0.185262	0.000386	-0.584961	0.204834	-0.547363	127.130287	-86.990003	-159.550014
30997		9.038518	1.109539	-0.724043	-0.431891	0.183752	0.024371	-0.582520	0.207031	-0.550537	125.241996	-87.068671	-157.896082
30998		8.837793	1.039429	-0.843724	-0.469259	0.167153	0.060557	-0.574463	0.208984	-0.546875	123.831916	-87.150590	-156.748134
30999		8.631453	1.007210	-0.904786	-0.513098	0.139841	0.098720	-0.579834	0.216797	-0.553955	122.629575	-87.246593	-155.828469
31000		8.386989	1.077624	-0.981176	-0.575909	0.096805	0.139921	-0.577148	0.215332	-0.554443	122.253415	-87.343091	-155.776950
31001		8.098121	1.172544	-1.042436	-0.627213	0.045452	0.176294	-0.585449	0.215332	-0.551514	122.414571	-87.446938	-156.287594
31002		7.735197	1.212805	-1.147899	-0.685797	-0.016987	0.219101	-0.581299	0.225830	-0.550537	123.813049	-87.545850	-158.075436
31003		7.482666	1.206596	-1.151956	-0.747128	-0.108293	0.264237	-0.573975	0.229736	-0.546143	126.474274	-87.638814	-161.156669
31004		7.484860	1.236198	-1.463612	-0.805840	-0.188851	0.297804	-0.577148	0.239014	-0.536621	130.747639	-87.703621	-165.890378
31005		7.831086	1.256085	-1.770179	-0.828861	-0.258638	0.318925	-0.571777	0.235352	-0.531738	135.965664	-87.740722	-171.578036
31006		8.471956	0.889710	-1.910258	-0.757311	-0.290729	0.313564	-0.576904	0.237061	-0.529053	141.762415	-87.732178	-177.808272
31007		8.923109	0.330065	-1.837880	-0.650835	-0.327832	0.264465	-0.580811	0.250488	-0.538818	147.052832	-87.674486	176.534427
31008		9.426613	-0.060838	-1.840939	-0.554250	-0.362839	0.183365	-0.573242	0.254395	-0.527344	151.473071	-87.547953	171.797791
31009		9.602904	-0.255315	-1.713768	-0.441739	-0.392054	0.128220	-0.582764	0.255615	-0.518555	154.903824	-87.388048	168.120763
31010		9.317294	-0.267044	-1.525488	-0.342263	-0.406238	0.117042	-0.583252	0.257568	-0.515625	157.995011	-87.199870	164.835091
31011		9.071365	-0.178576	-1.665991	-0.260111	-0.392284	0.126440	-0.583740	0.255859	-0.511475	160.704680	-87.022779	161.982339
31012		9.058198	-0.049780	-1.738095	-0.200494	-0.367051	0.145296	-0.582764	0.265625	-0.509277	163.296367	-86.846864	159.277187
31013		9.184261	0.227036	-1.954307	-0.175666	-0.339561	0.142200	-0.583740	0.266113	-0.513428	165.479247	-86.689124	156.999376
31014		9.325374	0.592343	-2.213807	-0.160763	-0.301960	0.135552	-0.586914	0.264893	-0.504150	167.360683	-86.537555	155.027664
31015		9.370499	0.750111	-2.059144	-0.175720	-0.275538	0.149702	-0.597168	0.272217	-0.503662	169.124388	-86.408031	153.168971
31016		9.597264	0.779987	-1.672446	-0.235050	-0.277203	0.167935	-0.597900	0.269531	-0.503662	170.909509	-86.266642	151.250534
31017		10.079607	0.613107	-1.461075	-0.225052	-0.278486	0.154620	-0.599609	0.266602	-0.505859	172.436775	-86.128969	149.599450
31018		10.586370	0.148812	-1.106383	-0.226955	-0.295478	0.098809	-0.588623	0.268311	-0.496338	173.429106	-85.966277	148.479696
31019		10.775371	-0.151028	-1.127811	-0.239742	-0.345640	0.031158	-0.598145	0.275879	-0.491699	173.835289	-85.778730	147.944169
31020		10.802108	-0.261778	-1.033904	-0.219637	-0.357059	-0.009697	-0.601318	0.272217	-0.496582	173.931811	-85.573081	147.726461
31021		10.997586	-0.516381	-0.725316	-0.166676	-0.353737	-0.019757	-0.598633	0.270752	-0.495605	173.961372	-85.377490	147.609831
31022		11.176777	-1.192232	-0.248902	-0.088266	-0.360532	-0.026645	-0.604004	0.265869	-0.481689	173.996193	-85.168816	147.529440
31023		11.820907	-2.117413	0.058905	0.013048	-0.368699	-0.091560	-0.612549	0.273438	-0.489502	173.661003	-84.960305	147.882753
31024		12.733151	-2.547459	-0.089822	0.110347	-0.365677	-0.268254	-0.604248	0.271240	-0.491943	172.323396	-84.731944	149.294565
31025		13.580346	-2.408208	-0.236652	0.160605	-0.372368	-0.509570	-0.613770	0.262451	-0.482910	169.711499	-84.482750	152.019934
31026		13.533077	-1.037499	-0.465521	0.084158	-0.358465	-0.664863	-0.616943	0.252441	-0.483643	166.434004	-84.201331	155.367212
31027		12.600695	0.536156	-0.543970	-0.016630	-0.323180	-0.660660	-0.627197	0.250977	-0.481934	163.365092	-83.931029	158.452742
31028		11.903847	1.948954	-0.027106	-0.190977	-0.225110	-0.554424	-0.625488	0.251953	-0.480469	160.839486	-83.709040	160.888348
31029		11.638038	2.646977	0.648799	-0.254449	-0.150862	-0.419086	-0.624512	0.243164	-0.477539	158.927553	-83.552321	162.674845
31030		11.461646	2.128950	1.171838	-0.256487	-0.085755	-0.318550	-0.630859	0.243164	-0.476318	157.464845	-83.437359	164.004432
31031		10.940346	1.677514	1.666502	-0.341274	0.009189	-0.241286	-0.635010	0.241943	-0.478760	156.132111	-83.394758	165.158788
31032		10.412464	1.424622	2.244961	-0.429953	0.092215	-0.213719	-0.631836	0.243896	-0.476074	154.745599	-83.390401	166.311889
31033		9.913146	1.302157	2.379068	-0.483667	0.160283	-0.236517	-0.625732	0.235352	-0.472656	153.042198	-83.420363	167.757726
31034		9.593067	1.030712	2.266331	-0.493739	0.216062	-0.280402	-0.621582	0.239990	-0.475830	151.033128	-83.452906	169.500602
31035		9.539084	0.697186	2.173656	-0.498238	0.267786	-0.306962	-0.621826	0.243164	-0.472412	148.711443	-83.504480	171.560968
31036		9.687030	0.310787	1.949641	-0.455994	0.275754	-0.321910	-0.635010	0.231445	-0.482422	146.345771	-83.537349	173.684208
31037		9.790232	-0.325391	1.797581	-0.382839	0.279978	-0.344198	-0.627686	0.236572	-0.474121	143.843812	-83.563083	175.993137
31038		9.939607	-1.061073	1.637830	-0.298140	0.280367	-0.345559	-0.634033	0.231689	-0.476074	141.426748	-83.569270	178.258922
31039		10.124051	-1.565217	1.467177	-0.199658	0.249932	-0.309992	-0.627441	0.235596	-0.482666	139.241618	-83.572996	-179.644960
31040		9.978258	-1.941319	1.308109	-0.100537	0.193514	-0.243137	-0.627197	0.225830	-0.483154	137.621702	-83.562259	-178.067441
31041		9.776350	-1.969060	1.166159	-0.038075	0.152309	-0.159673	-0.615967	0.227539	-0.477783	136.428487	-83.570544	-176.874775
31042		9.825305	-1.689450	0.976514	0.013882	0.116667	-0.063815	-0.624268	0.235596	-0.482178	135.805501	-83.592166	-176.234544
31043		9.487235	-1.317312	0.854808	0.078250	0.091712	0.007133	-0.623047	0.219727	-0.479980	135.497635	-83.639567	-175.865863
31044		9.134627	-0.968463	0.720112	0.145624	0.079402	0.082573	-0.620117	0.224365	-0.479248	135.613850	-83.703974	-175.893533
31045		9.170799	-0.812344	0.698926	0.223352	0.082713	0.155504	-0.624023	0.218506	-0.480225	135.969939	-83.807148	-176.107666
31046		9.612447	-0.624714	0.644210	0.292346	0.081131	0.206847	-0.617432	0.218506	-0.489014	136.651572	-83.921410	-176.619450
31047		9.872477	-0.477430	0.659707	0.346327	0.078579	0.246559	-0.626465	0.231689	-0.485596	137.484970	-84.057863	-177.241121
31048		9.908297	-0.375200	0.648093	0.391210	0.083081	0.247465	-0.617432	0.219238	-0.491211	138.438150	-84.186917	-177.968700
31049		9.737109	-0.329946	0.553769	0.415189	0.078700	0.248483	-0.618164	0.218506	-0.488281	139.392130	-84.322050	-178.671957
31050		9.488960	-0.377444	0.428758	0.426320	0.105167	0.255909	-0.617432	0.217285	-0.496094	140.399006	-84.461312	-179.432933
31051		9.477391	-0.293965	0.343160	0.417370	0.122143	0.249078	-0.616455	0.227539	-0.496094	141.273892	-84.613456	179.946421
31052		9.381150	-0.237678	0.303736	0.400190	0.128720	0.239183	-0.615234	0.221436	-0.499268	142.184520	-84.754925	179.267444
31053		9.279859	-0.073793	0.329024	0.366956	0.137218	0.217848	-0.616211	0.215820	-0.506592	142.902480	-84.901232	178.775092
31054		9.415203	0.146579	0.227243	0.335026	0.138815	0.209056	-0.614502	0.214355	-0.513184	143.660989	-85.035261	178.211646
31055		9.384699	0.280992	0.206233	0.313127	0.153646	0.209829	-0.611084	0.218506	-0.506836	144.306557	-85.185163	177.764072
31056		9.442559	0.368465	0.141153	0.289921	0.168701	0.198695	-0.610596	0.225586	-0.510254	144.933284	-85.328525	177.307172
31057		9.304584	0.338681	0.136812	0.278185	0.167498	0.190681	-0.608643	0.219238	-0.501953	145.462733	-85.477851	176.954307
31058		9.184965	0.218972	0.024602	0.262396	0.165796	0.172757	-0.614990	0.214844	-0.517578	145.993100	-85.610710	176.578425
31059		9.108056	0.039140	0.012497	0.253404	0.181227	0.149713	-0.606445	0.213867	-0.513672	146.245597	-85.752918	176.489593
31060		9.045070	-0.121775	0.012380	0.246484	0.190176	0.130095	-0.604248	0.212646	-0.520508	146.426599	-85.883536	176.455004
31061		9.006538	-0.291313	-0.063293	0.234926	0.189204	0.122009	-0.611572	0.217285	-0.520508	146.462650	-86.020656	176.573645
31062		8.975844	-0.264608	-0.123640	0.215736	0.175345	0.119831	-0.602783	0.206787	-0.516602	146.632139	-86.140933	176.532949
31063		9.009950	-0.242156	-0.328079	0.205906	0.156576	0.124462	-0.602295	0.210449	-0.520020	146.827985	-86.263198	176.474459
31064		9.166228	-0.263319	-0.401893	0.217999	0.145243	0.125629	-0.593994	0.209717	-0.523193	147.205853	-86.370788	176.226263
31065		9.162629	-0.322549	-0.540116	0.232990	0.123383	0.129541	-0.598877	0.212891	-0.523682	147.650709	-86.478455	175.933823
31066		9.096921	-0.341031	-0.659538	0.241827	0.105058	0.112457	-0.596924	0.201904	-0.521729	148.180429	-86.562266	175.547228
31067		9.103338	-0.275936	-0.784755	0.254981	0.079472	0.083649	-0.603027	0.201172	-0.533691	148.530155	-86.634303	175.362442
31068		9.081268	-0.240214	-0.877703	0.265133	0.067681	0.053983	-0.597656	0.202881	-0.531250	148.808637	-86.682084	175.240945
31069		8.946040	-0.142833	-0.909563	0.270404	0.046585	0.014839	-0.599365	0.208252	-0.529053	148.766315	-86.717314	175.458761
31070		8.861113	0.010642	-1.045036	0.278717	0.027205	-0.036565	-0.597168	0.193604	-0.531494	148.492301	-86.718292	175.898473
31071		8.729520	0.083115	-1.091135	0.308337	0.004740	-0.100579	-0.596436	0.196533	-0.531006	147.713091	-86.697971	176.874689
31072		8.495872	0.114192	-1.214452	0.329744	-0.040012	-0.165161	-0.602539	0.194336	-0.534424	146.770299	-86.626080	178.013625
31073		8.313368	0.056826	-1.380588	0.364973	-0.103728	-0.214418	-0.606934	0.188477	-0.532715	145.746578	-86.515901	179.266952
31074		8.165655	0.041689	-1.553923	0.396901	-0.166163	-0.249377	-0.603760	0.188232	-0.540527	144.975377	-86.354975	-179.727212
31075		8.187657	0.039810	-1.699853	0.444520	-0.212267	-0.275731	-0.605469	0.180176	-0.536133	144.262934	-86.171466	-178.740059
31076		8.250260	-0.019095	-1.747501	0.476582	-0.268052	-0.287681	-0.600342	0.174561	-0.534668	143.924168	-85.949044	-178.121488
31077		8.303175	-0.119241	-1.708215	0.479289	-0.318238	-0.302316	-0.606201	0.171143	-0.532227	143.694793	-85.706447	-177.598687
31078		8.305089	-0.090830	-1.704151	0.463238	-0.364011	-0.311834	-0.608398	0.167236	-0.523926	143.712655	-85.431239	-177.345092
31079		8.348511	-0.038377	-1.552646	0.431926	-0.393425	-0.319527	-0.614746	0.157227	-0.529297	143.735217	-85.147872	-177.103259
31080		8.443608	0.145441	-1.537586	0.388924	-0.415885	-0.324557	-0.612549	0.153809	-0.521240	143.867498	-84.844409	-177.007053
31081		8.586851	0.307733	-1.623354	0.367741	-0.419342	-0.340343	-0.620605	0.158936	-0.520264	143.862923	-84.541859	-176.774556
31082		8.975237	0.309647	-1.713299	0.379731	-0.423590	-0.339277	-0.626709	0.145264	-0.517334	143.951824	-84.229875	-176.639957
31083		9.328041	0.129756	-1.577415	0.402461	-0.413420	-0.323087	-0.631348	0.149414	-0.515381	144.043742	-83.935806	-176.485643
31084		9.508319	-0.079497	-1.575227	0.425514	-0.399705	-0.309823	-0.629883	0.134521	-0.515381	144.212735	-83.644855	-176.405078
31085		9.661053	-0.364090	-1.573168	0.460588	-0.397472	-0.308043	-0.640137	0.129395	-0.514404	144.353680	-83.363170	-176.266674
31086		9.744495	-0.463077	-1.565758	0.487085	-0.386767	-0.307879	-0.636963	0.126953	-0.510742	144.522846	-83.078948	-176.150665
31087		9.791401	-0.492332	-1.574816	0.514566	-0.379347	-0.305902	-0.636963	0.114014	-0.506836	144.652956	-82.806386	-175.969796
31088		9.723704	-0.431135	-1.588997	0.529705	-0.371147	-0.305972	-0.645020	0.126465	-0.513916	144.810765	-82.530176	-175.817577
31089		9.598952	-0.247263	-1.637485	0.536099	-0.351802	-0.308464	-0.642334	0.114258	-0.519531	144.880742	-82.269698	-175.563765
31090		9.525547	-0.114927	-1.658935	0.536763	-0.334278	-0.304837	-0.653320	0.110107	-0.507324	144.962140	-82.011214	-175.330141
31091		9.537447	0.086356	-1.694668	0.519974	-0.314613	-0.289624	-0.647705	0.106445	-0.501953	145.010861	-81.774356	-175.063906
31092		9.670549	0.407186	-1.699940	0.484369	-0.273752	-0.265899	-0.651855	0.096924	-0.510742	145.061210	-81.557141	-174.828966
31093		9.828480	0.806283	-1.629936	0.469008	-0.223824	-0.240717	-0.655273	0.092041	-0.507568	145.047041	-81.378909	-174.528931
31094		10.068980	0.999614	-1.431495	0.483761	-0.161828	-0.210652	-0.656494	0.085693	-0.502197	145.036039	-81.232392	-174.232057
31095		10.319301	1.206301	-1.198907	0.475445	-0.097745	-0.170726	-0.649170	0.079834	-0.505615	144.980277	-81.136145	-173.885904
31096		10.840673	1.454066	-0.841716	0.486152	-0.008854	-0.106681	-0.655762	0.077393	-0.502197	144.968373	-81.095540	-173.586577
31097		11.534656	1.651500	-0.347940	0.473045	0.066274	-0.000608	-0.657959	0.074463	-0.507080	145.079539	-81.132077	-173.410802
31098		12.185941	1.735385	0.096355	0.430725	0.113142	0.124509	-0.657471	0.078125	-0.502686	145.477361	-81.224619	-173.558294
31099		12.745693	1.687155	0.985107	0.392644	0.121834	0.237886	-0.654053	0.068359	-0.509766	146.162896	-81.364619	-174.010759
31100		13.322820	1.576968	1.542267	0.303176	0.146028	0.337757	-0.652588	0.082520	-0.506348	147.116985	-81.539527	-174.794559
31101		14.034257	1.584793	0.986644	0.295909	0.105268	0.473676	-0.656982	0.075684	-0.511963	148.610794	-81.740919	-176.119262
31102		14.388042	0.583456	-0.238027	0.399582	0.098605	0.568071	-0.659180	0.074951	-0.512695	150.610926	-81.952892	-177.903187
31103		13.656011	-1.355612	-0.636132	0.604231	0.219649	0.404259	-0.659180	0.071777	-0.513428	151.958937	-82.180787	-178.900306
31104		12.705303	-2.054197	-0.008943	0.677220	0.287891	0.124038	-0.650391	0.072266	-0.524414	152.251898	-82.358347	-178.799041
31105		12.274567	-1.622778	0.264377	0.610899	0.298286	-0.054521	-0.649170	0.069580	-0.517822	151.768472	-82.500981	-177.943090
31106		11.737934	-0.638599	0.487754	0.548084	0.336660	-0.135435	-0.644043	0.058105	-0.521484	150.862240	-82.631500	-176.707154
31107		11.207546	0.304117	0.825798	0.518774	0.424984	-0.145663	-0.650391	0.064209	-0.518066	149.621168	-82.807873	-175.140811
31108		10.638756	1.143613	1.263505	0.493383	0.514580	-0.121066	-0.649658	0.060059	-0.531006	148.212909	-83.023156	-173.431530
31109		10.100978	1.919204	1.518633	0.492235	0.588112	-0.095990	-0.645508	0.060059	-0.533203	146.565307	-83.283691	-171.472863
31110		9.662824	2.367754	1.672768	0.514459	0.650772	-0.067395	-0.635254	0.053955	-0.539307	144.771586	-83.568488	-169.365242
31111		9.332961	2.259913	1.752623	0.537647	0.699101	-0.051587	-0.628418	0.042969	-0.545898	142.665527	-83.879934	-166.920940
31112		9.117967	1.928799	1.786183	0.577958	0.760732	-0.048341	-0.632324	0.047852	-0.551270	140.200436	-84.202249	-164.104211
31113		8.858158	1.648209	1.766298	0.614224	0.786688	-0.053635	-0.625000	0.034424	-0.549561	137.246653	-84.526178	-160.765425
31114		8.738571	1.435072	1.617283	0.680458	0.829365	-0.071654	-0.617676	0.035156	-0.559082	133.761633	-84.835337	-156.868486
31115		8.792266	1.327448	1.635159	0.759382	0.834884	-0.086762	-0.614502	0.026855	-0.574219	129.678400	-85.121125	-152.315090
31116		8.865977	1.193210	1.606472	0.841427	0.826813	-0.106798	-0.617920	0.019287	-0.579102	125.215703	-85.359778	-147.347903
31117		8.833610	1.098851	1.497586	0.895994	0.803519	-0.121095	-0.604004	0.014160	-0.581543	120.283415	-85.553490	-141.865604
31118		8.870469	1.050004	1.387527	0.932987	0.785756	-0.135778	-0.599365	-0.001709	-0.583252	115.159704	-85.693422	-136.185506
31119		8.999136	1.156031	1.266261	0.983702	0.754666	-0.155059	-0.597412	0.002441	-0.592285	109.793413	-85.777657	-130.218664
31120		9.080021	1.218896	1.198819	1.036164	0.708211	-0.194470	-0.594238	-0.001221	-0.602051	104.705547	-85.791064	-124.516425
31121		9.189131	1.270882	1.109889	1.092345	0.670781	-0.222821	-0.581543	-0.013184	-0.606201	99.770885	-85.746903	-118.920917
31122		9.182004	1.287440	1.103304	1.182269	0.626069	-0.245645	-0.579346	-0.023926	-0.609863	95.495652	-85.654713	-113.949030
31123		9.065020	1.091545	1.044216	1.278988	0.576567	-0.248418	-0.586182	-0.036133	-0.616455	91.725560	-85.530813	-109.411979
31124		8.948308	0.909097	0.931549	1.372780	0.532600	-0.250321	-0.575928	-0.051025	-0.614258	88.688187	-85.388371	-105.570726
31125		8.896042	0.830641	0.946696	1.463996	0.494527	-0.259345	-0.572754	-0.050781	-0.620117	86.066643	-85.222838	-102.076808
31126		8.870680	0.840511	0.891661	1.538549	0.468903	-0.255979	-0.574219	-0.065186	-0.620605	83.975513	-85.053460	-99.088115
31127		8.808252	0.787489	0.821178	1.609216	0.456758	-0.258762	-0.565430	-0.081055	-0.625732	82.071210	-84.869710	-96.230289
31128		8.929931	0.810003	0.818825	1.651518	0.436719	-0.268937	-0.560791	-0.088867	-0.621094	80.589563	-84.679834	-93.786951
31129		9.001354	0.839673	0.794895	1.701872	0.412185	-0.285206	-0.563965	-0.098877	-0.627197	79.342747	-84.472208	-91.533887
31130		9.037569	0.928755	0.723721	1.750593	0.378204	-0.317482	-0.558105	-0.118652	-0.626465	78.565992	-84.252413	-89.740150
31131		9.025128	1.004833	0.734442	1.797025	0.354480	-0.339057	-0.554443	-0.130859	-0.632813	77.981518	-84.014907	-88.096910
31132		9.137258	1.045939	0.689589	1.846763	0.332245	-0.373072	-0.554199	-0.145508	-0.628418	77.741224	-83.766200	-86.785761
31133		9.276698	1.154605	0.672097	1.889800	0.305955	-0.395346	-0.555664	-0.163086	-0.629883	77.666904	-83.501133	-85.600449
31134		9.137105	1.281954	0.663125	1.935689	0.267376	-0.402643	-0.545166	-0.178467	-0.627197	77.926212	-83.243573	-84.739643
31135		8.898696	1.329842	0.563059	1.962805	0.242573	-0.394223	-0.548340	-0.190186	-0.621826	78.263034	-82.987126	-83.924769
31136		8.801594	1.374032	0.490697	1.976920	0.203592	-0.374331	-0.543213	-0.203125	-0.628174	78.840263	-82.754055	-83.359644
31137		8.771504	1.489606	0.374095	1.979311	0.179855	-0.349282	-0.544922	-0.221191	-0.620361	79.439638	-82.531289	-82.800277
31138		8.854186	1.507823	0.292139	1.994857	0.137836	-0.331686	-0.546387	-0.240967	-0.621338	80.267060	-82.330562	-82.476615
31139		8.916953	1.644244	0.251779	1.992569	0.112069	-0.316457	-0.544922	-0.250732	-0.612549	81.120441	-82.134167	-82.164886
31140		8.788899	1.770199	0.203874	1.995455	0.084384	-0.295161	-0.542236	-0.270752	-0.615723	82.114822	-81.960016	-82.009163
31141		8.747197	1.846094	0.172940	1.989289	0.060631	-0.269289	-0.539551	-0.282471	-0.600830	83.116269	-81.795349	-81.848917
31142		8.696030	1.924826	0.159118	1.975967	0.036648	-0.237052	-0.542969	-0.296875	-0.599854	84.224435	-81.658188	-81.819335
31143		8.706148	2.160638	0.119119	1.939006	0.020199	-0.207898	-0.538818	-0.314209	-0.599854	85.297308	-81.531176	-81.760499
31144		8.644940	2.375235	0.071323	1.904259	0.011151	-0.175656	-0.542480	-0.323975	-0.591797	86.410666	-81.430417	-81.777690
31145		8.641432	2.559411	0.051971	1.872903	0.001268	-0.152992	-0.538818	-0.339355	-0.586914	87.477832	-81.335309	-81.750902
31146		8.652034	2.658904	0.091063	1.847301	-0.024825	-0.122501	-0.540527	-0.343018	-0.575439	88.660659	-81.265659	-81.871394
31147		8.700841	2.865720	0.043141	1.811351	-0.053885	-0.098871	-0.540527	-0.365479	-0.579834	89.872274	-81.201737	-82.026938
31148		8.570789	2.910695	-0.033078	1.792439	-0.098990	-0.088140	-0.532227	-0.371338	-0.569336	91.277232	-81.150616	-82.404071
31149		8.389231	2.917692	-0.151561	1.764084	-0.141778	-0.091485	-0.540771	-0.375000	-0.554199	92.765285	-81.087436	-82.865802
31150		8.216499	2.934711	-0.185540	1.734092	-0.179212	-0.109737	-0.539307	-0.396240	-0.545410	94.400507	-81.018127	-83.510004
31151		8.130390	2.890126	-0.297099	1.713324	-0.215285	-0.134860	-0.540527	-0.398438	-0.546143	96.080241	-80.921833	-84.196116
31152		8.277070	2.934429	-0.341410	1.705232	-0.255825	-0.145256	-0.552246	-0.404297	-0.538818	97.914999	-80.821131	-85.059484
31153		8.350861	2.916118	-0.453323	1.698710	-0.291835	-0.139578	-0.547852	-0.421631	-0.522461	99.797420	-80.708412	-85.961026
31154		8.450042	2.826255	-0.457980	1.687282	-0.319003	-0.125059	-0.546387	-0.433350	-0.519775	101.788823	-80.603451	-86.994096
31155		8.564403	2.603001	-0.593492	1.668451	-0.336344	-0.087656	-0.547119	-0.442627	-0.506592	103.776408	-80.503548	-88.018828
31156		8.783322	2.453264	-0.749151	1.637165	-0.347117	-0.037484	-0.553955	-0.452393	-0.498535	105.841473	-80.431491	-89.156273
31157		8.992491	2.492400	-0.931543	1.599237	-0.347336	0.023729	-0.562744	-0.457031	-0.492432	107.875789	-80.378482	-90.268852
31158		9.167010	2.616026	-1.066809	1.555481	-0.344559	0.082627	-0.551514	-0.467041	-0.488525	109.972332	-80.358669	-91.486026
31159		9.246869	2.810718	-1.208871	1.508149	-0.330282	0.141281	-0.551514	-0.474365	-0.478760	112.013489	-80.358396	-92.659584
31160		9.208809	3.004033	-1.353686	1.453095	-0.308996	0.185474	-0.560791	-0.485107	-0.467041	114.065786	-80.386222	-93.891367
31161		9.128424	3.111020	-1.466421	1.385914	-0.273516	0.219073	-0.561523	-0.493164	-0.461426	115.978841	-80.425525	-95.004883
31162		9.108347	3.175149	-1.456815	1.307061	-0.259292	0.235878	-0.563721	-0.492188	-0.453369	117.893007	-80.477937	-96.181152
31163		9.078988	3.267303	-1.599145	1.204828	-0.252401	0.245703	-0.568115	-0.493408	-0.438721	119.708740	-80.523374	-97.300439
31164		9.116166	3.285055	-1.687093	1.082904	-0.259129	0.256037	-0.571045	-0.499756	-0.433350	121.559275	-80.573078	-98.542070
31165		9.219727	3.284000	-1.922370	0.944414	-0.250855	0.266992	-0.571533	-0.496094	-0.435791	123.288390	-80.616827	-99.724814
31166		9.323979	3.406927	-2.019244	0.796836	-0.245241	0.277246	-0.573975	-0.507813	-0.424316	125.005195	-80.668468	-100.996687
31167		9.522736	3.553798	-2.020737	0.661123	-0.233792	0.285346	-0.572266	-0.508789	-0.418457	126.588087	-80.714507	-102.195499
31168		9.734327	3.712123	-1.987398	0.533104	-0.201603	0.273982	-0.578613	-0.504395	-0.412109	128.054071	-80.768289	-103.365983
31169		9.939281	3.754306	-1.890663	0.418326	-0.174950	0.247574	-0.587891	-0.514160	-0.409668	129.278117	-80.807854	-104.340484
31170		9.993735	3.796661	-1.788977	0.313297	-0.159858	0.210583	-0.574707	-0.500244	-0.407715	130.384478	-80.840760	-105.273983
31171		10.049397	3.658133	-1.797250	0.217885	-0.139317	0.167359	-0.585449	-0.507080	-0.405273	131.226083	-80.852380	-105.976657
31172		10.076478	3.516124	-1.671610	0.134328	-0.122334	0.134236	-0.583252	-0.501221	-0.414063	131.958789	-80.862252	-106.635466
31173		10.222378	3.225967	-1.461042	0.071278	-0.096445	0.101452	-0.581299	-0.506104	-0.401855	132.447948	-80.859400	-107.066593
31174		10.378120	3.004425	-1.059223	0.010271	-0.091217	0.054222	-0.581299	-0.508545	-0.404785	132.835929	-80.845707	-107.448240
31175		10.586835	2.833443	-0.632291	-0.046945	-0.094538	-0.031951	-0.590576	-0.504150	-0.394287	132.927830	-80.786147	-107.543650
31176		11.027568	2.683727	-0.104568	-0.083257	-0.095204	-0.164231	-0.582764	-0.505371	-0.397217	132.745701	-80.678912	-107.402072
31177		11.321748	2.684984	0.281155	-0.102954	-0.104494	-0.339047	-0.592285	-0.511963	-0.402344	132.114268	-80.485494	-106.796704
31178		11.481796	2.415062	0.438395	-0.050177	-0.161786	-0.536779	-0.579346	-0.510010	-0.398438	131.302316	-80.193090	-105.996859
31179		11.297892	2.095199	0.086974	-0.062554	-0.210657	-0.707765	-0.577393	-0.514404	-0.403320	130.238673	-79.797203	-104.927521
31180		10.711652	2.182963	-0.471101	-0.055115	-0.217049	-0.809425	-0.572266	-0.518799	-0.398193	129.129331	-79.359789	-103.826297
31181		9.763948	2.434547	-1.195553	-0.055539	-0.216058	-0.798595	-0.567139	-0.519287	-0.385254	128.074733	-78.914965	-102.759984
31182		9.116696	2.797667	-1.703545	-0.092215	-0.140220	-0.697301	-0.568115	-0.532471	-0.396240	127.129543	-78.548369	-101.844686
31183		8.616748	3.163423	-1.784063	-0.058579	-0.089926	-0.573785	-0.569336	-0.530762	-0.390869	126.305342	-78.243375	-101.011932
31184		8.493890	3.031365	-1.538509	0.067102	-0.071286	-0.469900	-0.572021	-0.534668	-0.394531	125.759358	-78.000623	-100.409294
31185		8.681018	2.583640	-1.175137	0.195436	-0.086505	-0.403509	-0.572510	-0.538330	-0.388672	125.400518	-77.772700	-99.902383
31186		8.785235	2.022055	-0.937737	0.366172	-0.096147	-0.369879	-0.571289	-0.536377	-0.382324	125.266535	-77.566969	-99.545050
31187		8.924557	1.398916	-0.671374	0.549590	-0.093767	-0.353939	-0.566650	-0.544434	-0.386963	125.222549	-77.359099	-99.152588
31188		9.155878	0.614816	-0.394711	0.724069	-0.068549	-0.342254	-0.562012	-0.552979	-0.369385	125.289541	-77.175317	-98.790509
31189		9.312978	-0.084367	-0.143992	0.841609	-0.059677	-0.341588	-0.566895	-0.558838	-0.374512	125.372000	-76.984723	-98.355694
31190		9.428265	-0.284960	0.030824	0.900733	-0.054355	-0.343357	-0.561523	-0.560547	-0.364014	125.517951	-76.805407	-97.970217
31191		9.504567	-0.146887	0.117010	0.957911	-0.032482	-0.349520	-0.557373	-0.566406	-0.362793	125.611456	-76.621141	-97.479756
31192		9.553245	-0.071629	0.279610	1.016404	0.007933	-0.349377	-0.550293	-0.579834	-0.356934	125.701598	-76.460150	-96.968184
31193		9.676085	-0.029108	0.550473	1.057155	0.060494	-0.333168	-0.550537	-0.579590	-0.347656	125.706501	-76.315290	-96.328292
31194		9.864743	-0.024096	0.758368	1.066181	0.096043	-0.322512	-0.550293	-0.583252	-0.348145	125.704429	-76.196362	-95.691811
31195		9.981452	0.021607	0.721803	1.077807	0.122314	-0.317681	-0.543457	-0.592529	-0.335449	125.637849	-76.079824	-94.967246
31196		10.012034	0.119418	0.555710	1.091160	0.141441	-0.318363	-0.545654	-0.604736	-0.331055	125.581899	-75.977722	-94.259874
31197		10.089201	0.239239	0.319803	1.102339	0.158714	-0.311948	-0.541504	-0.604492	-0.334473	125.482181	-75.875631	-93.485583
31198		10.164536	0.281415	0.260480	1.101873	0.175607	-0.289677	-0.537842	-0.603516	-0.314453	125.417776	-75.797796	-92.762564
31199		10.278841	0.389856	0.194065	1.128109	0.200638	-0.248444	-0.545654	-0.613770	-0.313965	125.348696	-75.739417	-92.006203
31200		10.634667	0.388450	0.152735	1.186513	0.230268	-0.196015	-0.539551	-0.617920	-0.310059	125.360356	-75.723178	-91.311294
31201		10.813827	0.171505	0.106215	1.268163	0.235041	-0.117984	-0.531982	-0.614258	-0.310791	125.481334	-75.737498	-90.668948
31202		10.738939	0.002179	-0.077732	1.292168	0.214647	-0.025353	-0.532227	-0.630127	-0.296143	125.804776	-75.796370	-90.233352
31203		10.579414	0.062618	-0.343710	1.326553	0.200748	0.071936	-0.529541	-0.628662	-0.287842	126.272275	-75.889331	-89.915501
31204		10.615725	0.050640	-0.464080	1.346429	0.222467	0.168464	-0.536133	-0.635498	-0.287354	126.874776	-76.041786	-89.735883
31205		10.663714	0.145100	-0.509855	1.309706	0.230609	0.249940	-0.539795	-0.636475	-0.276855	127.529561	-76.228000	-89.621654
31206		10.793612	0.265524	-0.502690	1.246579	0.238157	0.300645	-0.542480	-0.645752	-0.267334	128.246499	-76.446705	-89.618968
31207		10.763430	0.380274	-0.563783	1.174122	0.250496	0.334267	-0.534912	-0.648926	-0.266846	128.929111	-76.678438	-89.613679
31208		10.506865	0.476107	-0.551479	1.082894	0.254142	0.339905	-0.534424	-0.642334	-0.263672	129.605079	-76.920307	-89.665245
31209		10.468288	0.537005	-0.644210	1.015543	0.254197	0.312503	-0.537109	-0.642334	-0.250000	130.178921	-77.144014	-89.641918
31210		10.212300	0.602734	-0.678508	0.978140	0.258682	0.292265	-0.532471	-0.641113	-0.243164	130.731839	-77.366505	-89.628768
31211		10.054773	0.564575	-0.767167	0.970537	0.282199	0.262962	-0.538818	-0.642090	-0.249023	131.160613	-77.579356	-89.483556
31212		9.878076	0.530361	-0.825505	0.958053	0.307011	0.230078	-0.536621	-0.647461	-0.245605	131.514190	-77.793403	-89.278173
31213		9.579357	0.328202	-0.871378	0.963436	0.307068	0.205154	-0.537598	-0.654785	-0.233887	131.794732	-77.991624	-88.986632
31214		9.431670	0.243346	-0.966373	0.951996	0.323256	0.177320	-0.538818	-0.649170	-0.236572	132.019336	-78.189816	-88.653297
31215		9.408134	0.366957	-1.035830	0.955643	0.313059	0.153966	-0.537842	-0.653809	-0.223145	132.187688	-78.368957	-88.251729
31216		9.494744	0.475801	-1.049375	0.959622	0.335110	0.154321	-0.541992	-0.654053	-0.226563	132.343784	-78.562393	-87.844466
31217		9.535012	0.707113	-1.048048	0.969626	0.342027	0.172588	-0.538818	-0.648682	-0.218018	132.487514	-78.761064	-87.410384
31218		9.533431	0.840241	-0.983801	0.975745	0.339687	0.199135	-0.539063	-0.659668	-0.215332	132.722376	-78.975653	-87.074555
31219		9.552556	0.923106	-1.029531	0.977552	0.349597	0.228456	-0.536621	-0.660645	-0.208008	132.958820	-79.201393	-86.731204
31220		9.498644	1.174552	-1.114395	0.960313	0.353397	0.236688	-0.540039	-0.656738	-0.208740	133.227808	-79.437605	-86.439610
31221		9.423232	1.279691	-1.240956	0.941158	0.358919	0.247174	-0.552490	-0.648682	-0.204834	133.458916	-79.675249	-86.112347
31222		9.375153	1.302976	-1.314981	0.904020	0.343191	0.238027	-0.548096	-0.654297	-0.199463	133.719914	-79.908444	-85.845849
31223		9.299474	1.337939	-1.435297	0.868162	0.352062	0.222958	-0.549561	-0.653320	-0.193848	133.866926	-80.133847	-85.477151
31224		9.203735	1.337518	-1.565198	0.841904	0.348759	0.200734	-0.551514	-0.652832	-0.194336	133.988357	-80.354142	-85.105520
31225		9.028477	1.387378	-1.635578	0.812968	0.346848	0.171551	-0.547363	-0.662109	-0.187012	133.983932	-80.556311	-84.615672
31226		8.916185	1.281929	-1.691627	0.797332	0.326415	0.133582	-0.538330	-0.666504	-0.188232	133.958442	-80.740075	-84.121464
31227		8.926072	1.242162	-1.756010	0.775318	0.313769	0.098101	-0.545654	-0.653809	-0.190918	133.816573	-80.898333	-83.513847
31228		9.153417	1.157804	-1.817844	0.764180	0.290289	0.089187	-0.542969	-0.660645	-0.187012	133.733539	-81.049135	-82.981060
31229		9.101634	1.130391	-1.844566	0.736964	0.283567	0.076946	-0.539795	-0.656250	-0.179199	133.572223	-81.186449	-82.377816
31230		9.012946	1.091611	-1.942755	0.690494	0.270998	0.050371	-0.542969	-0.660889	-0.179443	133.377669	-81.313067	-81.775312
31231		8.878077	1.044552	-1.940278	0.654462	0.259821	0.020177	-0.544678	-0.661621	-0.160400	133.065237	-81.416464	-81.067266
31232		8.842801	1.095131	-2.042960	0.634890	0.242081	-0.004268	-0.543457	-0.656006	-0.163574	132.754340	-81.507963	-80.379671
31233		8.897999	1.014890	-2.081996	0.625672	0.238829	-0.026562	-0.537598	-0.664063	-0.163330	132.334851	-81.584670	-79.579669
31234		8.985755	0.984937	-2.130732	0.617312	0.226242	-0.040624	-0.546387	-0.676025	-0.162842	131.943500	-81.653253	-78.821211
31235		9.032406	1.004980	-2.136017	0.602839	0.218603	-0.061194	-0.543457	-0.675293	-0.158447	131.468580	-81.702831	-77.978804
31236		9.002948	0.971651	-2.234999	0.599788	0.197617	-0.075011	-0.538086	-0.660156	-0.159424	131.045853	-81.744077	-77.198989
31237		8.936364	0.866821	-2.274955	0.602763	0.181045	-0.089078	-0.534424	-0.667480	-0.155029	130.599349	-81.765602	-76.386069
31238		8.826419	0.778453	-2.264107	0.625720	0.165590	-0.102702	-0.541992	-0.680176	-0.154297	130.208089	-81.781195	-75.623133
31239		8.713277	0.579260	-2.267675	0.677717	0.144003	-0.117301	-0.541016	-0.682617	-0.146729	129.842411	-81.774968	-74.848584
31240		8.541135	0.317669	-2.184377	0.743234	0.111234	-0.131784	-0.536621	-0.683838	-0.139404	129.609902	-81.756548	-74.178008
31241		8.417240	0.137814	-2.181569	0.808150	0.049996	-0.122471	-0.537842	-0.682861	-0.141113	129.589157	-81.715332	-73.675713
31242		8.323164	-0.012381	-2.307806	0.880158	-0.026438	-0.100747	-0.524170	-0.688965	-0.125732	129.934211	-81.660190	-73.509413
31243		8.246568	-0.165187	-2.422453	0.940880	-0.094790	-0.066466	-0.531738	-0.683105	-0.122559	130.565725	-81.590567	-73.589420
31244		8.184982	-0.214447	-2.589130	0.979829	-0.160626	-0.019039	-0.531738	-0.684082	-0.103271	131.559730	-81.520780	-74.021392
31245		8.281619	-0.200900	-2.743031	0.979556	-0.223218	0.027376	-0.536133	-0.685303	-0.102539	132.803362	-81.441076	-74.698007
31246		8.428268	-0.040632	-2.608229	0.956559	-0.269596	0.068427	-0.533447	-0.682129	-0.099121	134.283513	-81.361920	-75.635311
31247		8.538453	0.143904	-2.521501	0.932740	-0.296629	0.097128	-0.537598	-0.686768	-0.084473	135.842305	-81.275528	-76.658222
31248		8.562306	0.290558	-2.357023	0.908164	-0.319179	0.105153	-0.536377	-0.684326	-0.074951	137.472593	-81.182656	-77.775926
31249		8.557664	0.331023	-2.247792	0.862932	-0.330956	0.106219	-0.536133	-0.680908	-0.069824	139.047295	-81.076367	-78.856009
31250		8.612645	0.469020	-2.082035	0.813321	-0.329099	0.080231	-0.536621	-0.682373	-0.056396	140.517531	-80.960782	-79.867331
31251		8.718407	0.624650	-2.072023	0.759297	-0.314279	0.050678	-0.536133	-0.684082	-0.057617	141.779336	-80.833525	-80.691419
31252		8.960056	0.768872	-1.990535	0.700942	-0.295707	0.038743	-0.533203	-0.694092	-0.046631	142.937352	-80.711595	-81.452357
31253		9.129860	0.972398	-1.829819	0.639141	-0.281357	0.015835	-0.545654	-0.687988	-0.046387	143.911934	-80.582345	-82.055768
31254		9.502384	1.341347	-1.622240	0.565116	-0.253778	-0.001690	-0.543701	-0.687500	-0.035889	144.749723	-80.462298	-82.571495
31255		9.784043	1.715564	-1.160181	0.481377	-0.224910	-0.006106	-0.535400	-0.687256	-0.034912	145.425951	-80.349451	-82.964471
31256		9.883705	2.265476	-0.717111	0.386474	-0.201341	-0.005838	-0.538330	-0.692627	-0.023682	146.021818	-80.250863	-83.338944
31257		10.125425	2.560404	-0.206333	0.321506	-0.223752	0.014420	-0.532959	-0.692871	-0.024170	146.637751	-80.143624	-83.763967
31258		10.542190	2.610813	0.581352	0.229297	-0.262732	0.085272	-0.542480	-0.677734	-0.025391	147.482787	-80.042456	-84.483034
31259		11.327239	2.768841	0.892617	0.130579	-0.298726	0.219501	-0.536865	-0.684814	-0.015381	148.655440	-79.958778	-85.584705
31260		12.007779	2.915197	0.439043	0.003108	-0.283451	0.402662	-0.541260	-0.685547	-0.012207	150.253400	-79.934727	-87.200375
31261		12.412953	2.480092	-0.020582	-0.108383	-0.274074	0.556357	-0.542969	-0.672363	-0.004150	152.168708	-79.946106	-89.195532
31262		12.572591	1.758572	-0.781235	-0.203938	-0.281548	0.627337	-0.543945	-0.672607	-0.011475	154.282972	-79.962525	-91.455978
31263		13.129292	1.358821	-2.037149	-0.233840	-0.273651	0.654950	-0.544434	-0.667480	-0.011230	156.420118	-79.972538	-93.749235
31264		13.551260	0.510097	-2.517887	-0.152953	-0.239238	0.623139	-0.559326	-0.661621	-0.010498	158.504326	-79.981253	-95.949337
31265		13.493502	-0.419932	-1.961562	-0.127110	-0.184847	0.529064	-0.553711	-0.657471	-0.012451	160.221033	-79.985417	-97.753459
31266		13.159409	-0.404763	-1.341549	-0.152942	-0.171954	0.411523	-0.559570	-0.657227	-0.006836	161.584553	-79.967896	-99.221703
31267		12.811239	-0.067032	-0.789206	-0.176804	-0.150640	0.353674	-0.567139	-0.659424	-0.009521	162.693625	-79.944747	-100.437735
31268		12.221886	0.066280	-0.196863	-0.205373	-0.078792	0.312819	-0.565186	-0.653320	-0.012207	163.625301	-79.951883	-101.498043
31269		11.493021	0.411537	0.244804	-0.228330	0.006983	0.283700	-0.555176	-0.650879	-0.001465	164.343588	-79.997842	-102.347032
31270		10.817156	0.610780	0.531896	-0.231051	0.112322	0.281449	-0.558838	-0.651123	-0.012207	165.008320	-80.100938	-103.150925
31271		10.299298	0.660210	0.815120	-0.213658	0.227264	0.292281	-0.560791	-0.642578	-0.009277	165.601526	-80.267053	-103.863756
31272		9.433767	0.498999	1.016652	-0.190214	0.331095	0.295204	-0.567627	-0.649170	-0.016357	166.195028	-80.490654	-104.570874
31273		8.702600	0.506085	1.105920	-0.166898	0.418055	0.301578	-0.563965	-0.641846	-0.019531	166.745717	-80.762057	-105.212341
31274		8.058335	0.525334	1.283427	-0.141779	0.488822	0.306128	-0.567627	-0.637451	-0.023438	167.348410	-81.072720	-105.899569
31275		7.728269	0.592752	1.423577	-0.136436	0.506109	0.323913	-0.569824	-0.642822	-0.020264	168.009728	-81.394136	-106.634022
31276		7.896021	0.639857	1.326087	-0.152449	0.492034	0.332141	-0.572754	-0.637939	-0.026123	168.803198	-81.706939	-107.519130
31277		8.153744	0.543334	1.180535	-0.196748	0.460446	0.324135	-0.572021	-0.633789	-0.030273	169.580522	-81.999865	-108.404296
31278		8.396743	0.491214	1.046457	-0.246445	0.413581	0.294266	-0.569092	-0.639893	-0.032715	170.348820	-82.260972	-109.317078
31279		8.917428	0.352645	1.009662	-0.289777	0.366151	0.231200	-0.570801	-0.624268	-0.040039	170.861094	-82.488953	-109.987312
31280		9.403744	0.125792	0.871089	-0.324381	0.316089	0.168917	-0.574219	-0.627686	-0.039551	171.199816	-82.681310	-110.510956
31281		9.692357	0.036358	0.765745	-0.352923	0.281649	0.129763	-0.578613	-0.626465	-0.044434	171.338896	-82.851820	-110.840714
31282		9.704586	-0.014237	0.654941	-0.349176	0.255468	0.110638	-0.576904	-0.626221	-0.047119	171.474741	-83.004395	-111.173843
31283		9.591065	0.074652	0.561299	-0.329495	0.219358	0.095872	-0.572998	-0.627441	-0.046387	171.533538	-83.136811	-111.408841
31284		9.582718	0.166417	0.406304	-0.302061	0.192498	0.085900	-0.575439	-0.614990	-0.058594	171.640196	-83.251492	-111.685201
31285		9.570742	0.229311	0.261843	-0.265738	0.177793	0.053119	-0.568848	-0.617920	-0.058105	171.569441	-83.356928	-111.752744
31286		9.370457	0.181566	0.185285	-0.223232	0.168832	0.013267	-0.568115	-0.619873	-0.053467	171.389664	-83.452094	-111.695175
31287		9.220693	0.168462	0.157349	-0.196618	0.162752	-0.034421	-0.563477	-0.621582	-0.063965	170.930570	-83.541538	-111.331891
31288		9.309131	0.117722	0.105206	-0.173662	0.155747	-0.080085	-0.570068	-0.616699	-0.067139	170.306704	-83.620479	-110.798870
31289		9.481815	0.287403	0.065557	-0.163050	0.147431	-0.133568	-0.566406	-0.622803	-0.064453	169.350585	-83.690440	-109.916184
31290		9.607310	0.479455	0.003110	-0.160183	0.130863	-0.184411	-0.567871	-0.624512	-0.062744	168.192894	-83.741797	-108.838483
31291		9.700555	0.551830	0.044367	-0.145378	0.112681	-0.220093	-0.560791	-0.621582	-0.066406	166.803657	-83.777731	-107.510038
31292		9.735387	0.619410	0.040238	-0.145293	0.097660	-0.244234	-0.563232	-0.627930	-0.070557	165.357581	-83.796782	-106.133814
31293		9.585842	0.603342	0.088904	-0.144360	0.079546	-0.253688	-0.562988	-0.615723	-0.074707	163.820695	-83.802090	-104.656328
31294		9.430447	0.482281	0.203512	-0.163305	0.073220	-0.252493	-0.561279	-0.635986	-0.073242	162.349927	-83.798558	-103.265683
31295		9.370643	0.572933	0.275562	-0.194573	0.086598	-0.260797	-0.558350	-0.630371	-0.074707	160.736356	-83.798105	-101.739962
31296		9.462249	0.651470	0.315176	-0.251206	0.097617	-0.278546	-0.550049	-0.633545	-0.072021	159.046945	-83.794205	-100.180034
31297		9.493429	0.823707	0.337238	-0.295470	0.124717	-0.285750	-0.548828	-0.626465	-0.073975	157.181536	-83.799043	-98.459099
31298		9.480460	0.983719	0.260015	-0.319166	0.139345	-0.266022	-0.554199	-0.627441	-0.081787	155.428461	-83.809383	-96.874324
31299		9.436433	1.041839	0.203125	-0.333078	0.147545	-0.242471	-0.556152	-0.636475	-0.078857	153.690435	-83.825353	-95.303224
31300		9.429313	0.997790	0.078410	-0.320785	0.144327	-0.224638	-0.545166	-0.626953	-0.087158	152.109669	-83.838860	-93.892778
31301		9.470360	0.877709	-0.093326	-0.296749	0.146183	-0.217817	-0.546387	-0.633789	-0.089111	150.497155	-83.851467	-92.427040
31302		9.526449	0.714171	-0.116410	-0.278264	0.146454	-0.208029	-0.548340	-0.640381	-0.087158	149.000941	-83.862471	-91.077196
31303		9.470593	0.579198	-0.201094	-0.275078	0.147348	-0.193685	-0.541504	-0.637207	-0.093994	147.496872	-83.874682	-89.708079
31304		9.496563	0.634202	-0.344788	-0.285511	0.144218	-0.173923	-0.537842	-0.645996	-0.086670	146.146767	-83.887916	-88.509419
31305		9.418245	0.726811	-0.402880	-0.299292	0.150191	-0.155847	-0.545166	-0.640137	-0.094238	144.776738	-83.906776	-87.289108
31306		9.322083	0.860395	-0.445524	-0.301122	0.152599	-0.128179	-0.537109	-0.633301	-0.107422	143.578719	-83.933336	-86.252475
31307		9.221634	0.913120	-0.506982	-0.301569	0.161648	-0.101471	-0.527344	-0.638916	-0.095947	142.387191	-83.970675	-85.213084
31308		9.173998	0.893089	-0.542673	-0.302046	0.156694	-0.070049	-0.530518	-0.643311	-0.107666	141.402116	-84.015240	-84.391243
31309		8.995437	0.897202	-0.655482	-0.301392	0.155630	-0.036598	-0.538818	-0.640137	-0.104980	140.480193	-84.069477	-83.622980
31310		8.932140	0.811323	-0.778121	-0.312423	0.158459	0.000640	-0.530762	-0.641602	-0.108643	139.755385	-84.138100	-83.068934
31311		8.877033	0.804686	-0.807273	-0.337939	0.159953	0.033027	-0.536133	-0.637939	-0.112061	139.062194	-84.218075	-82.551814
31312		8.854075	0.839910	-0.920999	-0.371994	0.161550	0.063344	-0.533203	-0.637207	-0.112549	138.529620	-84.310365	-82.225430
31313		8.866971	0.935358	-0.932041	-0.406262	0.160238	0.096715	-0.532227	-0.645996	-0.115234	138.039925	-84.413739	-81.952289
31314		8.871337	1.049326	-0.934462	-0.460771	0.151228	0.137668	-0.534180	-0.632813	-0.121094	137.797154	-84.529669	-81.968280
31315		8.792077	1.186369	-0.877478	-0.530199	0.115419	0.178415	-0.533203	-0.632813	-0.118896	137.763985	-84.645261	-82.225137
31316		8.582116	1.305832	-0.931402	-0.592304	0.052078	0.213194	-0.541748	-0.627197	-0.130371	138.203930	-84.747949	-83.002462
31317		8.463838	1.301502	-1.007193	-0.656265	-0.025397	0.243640	-0.535156	-0.627197	-0.131592	139.019083	-84.827355	-84.183619
31318		8.333093	1.329369	-1.039937	-0.720202	-0.112262	0.263583	-0.532471	-0.627686	-0.134277	140.363067	-84.874733	-85.942030
31319		8.273838	1.364681	-1.089028	-0.759894	-0.186878	0.261375	-0.541016	-0.621826	-0.135742	141.914024	-84.883625	-87.921419
31320		8.270035	1.395970	-1.209760	-0.759856	-0.236873	0.260943	-0.540527	-0.622559	-0.141846	143.737006	-84.864493	-90.183498
31321		8.308118	1.289304	-1.296409	-0.733650	-0.262241	0.262395	-0.536377	-0.617676	-0.149902	145.574581	-84.827578	-92.435734
31322		8.480812	1.127872	-1.394617	-0.693486	-0.279020	0.279789	-0.549316	-0.611572	-0.149170	147.631834	-84.780948	-94.895114
31323		8.788958	0.741317	-1.380244	-0.617230	-0.281483	0.295351	-0.539551	-0.609619	-0.141846	149.701741	-84.730290	-97.314065
31324		9.005874	0.247460	-1.413169	-0.543824	-0.295942	0.290037	-0.549316	-0.605469	-0.150879	151.857782	-84.661963	-99.786965
31325		9.394422	-0.037081	-1.447707	-0.489603	-0.312703	0.259031	-0.559570	-0.609131	-0.155518	153.783540	-84.569934	-101.988270
31326		9.677134	-0.119106	-1.521112	-0.442423	-0.297507	0.237371	-0.547119	-0.613037	-0.149658	155.584121	-84.472490	-104.046427
31327		9.785354	-0.123745	-1.417556	-0.376423	-0.285565	0.226759	-0.555908	-0.597900	-0.159668	157.199353	-84.374571	-105.871310
31328		9.871566	-0.038602	-1.405317	-0.331901	-0.278312	0.225479	-0.551270	-0.603271	-0.144287	158.826361	-84.273531	-107.692094
31329		10.060901	0.014732	-1.481611	-0.284920	-0.250591	0.197653	-0.552002	-0.599365	-0.151123	160.153456	-84.179050	-109.175318
31330		9.977497	0.111423	-1.444013	-0.239149	-0.218482	0.182557	-0.552002	-0.597168	-0.145752	161.389775	-84.093735	-110.550540
31331		9.891381	0.099531	-1.236990	-0.205790	-0.183433	0.166671	-0.556641	-0.594727	-0.148193	162.404429	-84.024070	-111.674518
31332		9.924996	-0.062121	-0.978608	-0.194339	-0.140951	0.161267	-0.550293	-0.590576	-0.139160	163.368626	-83.972498	-112.750648
31333		10.124033	-0.260626	-0.692380	-0.225558	-0.134695	0.149784	-0.559570	-0.595459	-0.141357	164.168500	-83.923160	-113.670257
31334		10.487823	-0.322490	-0.499467	-0.284811	-0.112383	0.118551	-0.554932	-0.592773	-0.149658	164.788074	-83.877705	-114.452129
31335		11.054298	-0.441608	-0.089585	-0.275025	-0.119711	0.055613	-0.559814	-0.583740	-0.141113	165.032079	-83.820761	-114.841289
31336		11.400951	-0.637363	0.082561	-0.265267	-0.140785	-0.015310	-0.557861	-0.597656	-0.140381	165.002525	-83.738980	-114.959102
31337		11.706788	-1.008799	0.182412	-0.185348	-0.168734	-0.090041	-0.556152	-0.592285	-0.147461	164.627939	-83.633316	-114.674261
31338		12.062692	-0.897828	0.179327	-0.131285	-0.185351	-0.197929	-0.559814	-0.592529	-0.145508	163.849601	-83.498718	-113.961342
31339		12.504805	-0.507009	-0.056763	-0.032571	-0.175592	-0.304022	-0.552246	-0.595703	-0.140625	162.591468	-83.353298	-112.698776
31340		12.791234	-0.200045	-0.775795	0.043460	-0.121684	-0.422372	-0.536133	-0.604980	-0.137451	160.860509	-83.209628	-110.925429
31341		12.776112	0.320634	-0.972939	-0.000408	-0.081582	-0.461481	-0.545898	-0.598145	-0.136719	158.887316	-83.075729	-108.923343
31342		11.734313	0.941944	-0.903085	-0.076005	-0.049106	-0.329345	-0.539795	-0.603271	-0.142822	157.506701	-82.977978	-107.570961
31343		10.758586	1.396151	-0.671375	-0.155487	-0.012791	-0.099659	-0.542480	-0.602295	-0.143555	156.972669	-82.949897	-107.107745
31344		10.537794	1.230407	-0.169765	-0.151075	0.042413	0.075181	-0.542725	-0.599365	-0.139160	157.141115	-82.987545	-107.359329
31345		10.502913	0.649599	0.295643	-0.124182	0.084670	0.141536	-0.538574	-0.609375	-0.137939	157.486246	-83.064413	-107.773817
31346		10.284272	0.349396	0.639878	-0.148525	0.143001	0.122393	-0.548584	-0.601074	-0.142090	157.689511	-83.165366	-108.058923
31347		9.756862	0.217094	1.110508	-0.177912	0.199791	0.094674	-0.541992	-0.604980	-0.147461	157.599305	-83.292917	-108.055760
31348		9.242369	-0.015993	1.402130	-0.200886	0.261442	0.054878	-0.531982	-0.604248	-0.146240	157.249746	-83.441779	-107.814372
31349		8.794055	-0.064344	1.567051	-0.259540	0.322423	-0.001671	-0.543457	-0.603760	-0.143799	156.405856	-83.612480	-107.099632
31350		8.444246	-0.129932	1.684289	-0.300481	0.398394	-0.074470	-0.532715	-0.597412	-0.146973	155.041040	-83.801518	-105.894406
31351		8.330436	-0.185362	1.697635	-0.309042	0.463067	-0.159786	-0.537598	-0.609619	-0.153320	152.954452	-84.001139	-103.958794
31352		8.563496	-0.398276	1.626803	-0.307101	0.530283	-0.242639	-0.536377	-0.608643	-0.162354	150.207966	-84.200786	-101.369247
31353		8.876482	-0.651873	1.658458	-0.303445	0.567194	-0.296842	-0.527100	-0.607422	-0.170166	146.826921	-84.390194	-98.130759
31354		9.259020	-0.756261	1.531624	-0.280336	0.543993	-0.320016	-0.527100	-0.601563	-0.174316	143.287370	-84.539373	-94.730674
31355		9.896674	-0.875069	1.366472	-0.238599	0.510964	-0.313345	-0.521484	-0.614014	-0.175293	139.676206	-84.657275	-91.225247
31356		10.033663	-1.043296	1.394092	-0.210662	0.477095	-0.294312	-0.522461	-0.610840	-0.179932	136.247547	-84.746174	-87.897767
31357		9.997189	-1.070186	1.285389	-0.166983	0.419892	-0.260067	-0.510010	-0.613037	-0.178223	133.070402	-84.809494	-84.787851
31358		9.980982	-1.100602	1.187120	-0.135192	0.373128	-0.209732	-0.514404	-0.616455	-0.187012	130.361028	-84.860951	-82.139877
31359		10.061696	-1.053119	1.008024	-0.084953	0.318266	-0.122652	-0.518555	-0.616699	-0.184082	128.171227	-84.921885	-79.974484
31360		10.051353	-1.024110	0.933437	-0.035649	0.274239	-0.024711	-0.516357	-0.616211	-0.195801	126.656856	-85.005087	-78.469416
31361		9.696318	-1.036535	0.845556	-0.000024	0.236573	0.077918	-0.510010	-0.620117	-0.190186	125.628097	-85.120941	-77.420993
31362		10.131885	-0.964492	0.693014	0.032569	0.219133	0.163826	-0.506348	-0.600342	-0.194092	125.095853	-85.269175	-76.862815
31363		10.410979	-0.851760	0.649287	0.056450	0.212231	0.243738	-0.513428	-0.607178	-0.191650	124.815450	-85.453268	-76.533068
31364		10.355136	-0.756992	0.621799	0.071232	0.223979	0.295109	-0.506104	-0.613281	-0.197998	124.763775	-85.664385	-76.434973
31365		10.150870	-0.713437	0.617419	0.079804	0.235506	0.300204	-0.509277	-0.601563	-0.189209	124.553627	-85.882741	-76.162305
31366		9.738271	-0.750045	0.591232	0.076072	0.241210	0.293385	-0.512939	-0.606445	-0.195313	124.352335	-86.098580	-75.911500
31367		9.493427	-0.648238	0.560080	0.076835	0.258062	0.287586	-0.517822	-0.605713	-0.191162	123.856315	-86.318181	-75.354057
31368		9.262614	-0.618789	0.512665	0.080227	0.273328	0.280987	-0.517334	-0.600098	-0.193115	123.264267	-86.537978	-74.709479
31369		9.272855	-0.582821	0.488290	0.100751	0.285145	0.282612	-0.520508	-0.607422	-0.191406	122.377073	-86.762886	-73.746620
31370		9.433430	-0.500685	0.444080	0.103482	0.285433	0.283664	-0.518555	-0.604248	-0.193359	121.499606	-86.986433	-72.803147
31371		9.434877	-0.524415	0.357334	0.107941	0.290063	0.258241	-0.513672	-0.602295	-0.198975	120.129214	-87.198841	-71.352646
31372		9.382434	-0.559800	0.367391	0.109631	0.286575	0.232117	-0.526611	-0.602783	-0.199219	118.576784	-87.394431	-69.730285
31373		9.304634	-0.483366	0.371355	0.120246	0.276828	0.199571	-0.519287	-0.598145	-0.197998	116.518311	-87.569147	-67.584360
31374		9.336152	-0.432263	0.290078	0.134879	0.270730	0.175756	-0.515381	-0.599854	-0.197510	114.276716	-87.725940	-65.258213
31375		9.329357	-0.481486	0.320645	0.145995	0.269275	0.163852	-0.518066	-0.605225	-0.204102	111.459817	-87.871990	-62.338957
31376		9.323735	-0.482488	0.315308	0.143355	0.274326	0.164207	-0.519287	-0.588623	-0.193604	108.367486	-88.013445	-59.157130
31377		9.353617	-0.525035	0.306413	0.131666	0.269288	0.165177	-0.521240	-0.590332	-0.198730	104.660940	-88.147083	-55.356394
31378		9.396889	-0.635194	0.209795	0.133752	0.275617	0.157440	-0.516846	-0.594482	-0.196045	100.493862	-88.269203	-51.105294
31379		9.561955	-0.694641	0.235251	0.123557	0.263859	0.157323	-0.511719	-0.601807	-0.196289	95.694423	-88.378044	-46.216293
31380		9.661294	-0.718640	0.189319	0.116490	0.264633	0.152956	-0.520020	-0.596680	-0.200439	90.486454	-88.473704	-40.934278
31381		9.682136	-0.821714	0.118033	0.114713	0.260740	0.149208	-0.510986	-0.591309	-0.202637	84.463445	-88.549950	-34.826752
31382		9.534808	-0.845017	0.154684	0.110904	0.245066	0.147086	-0.513672	-0.602295	-0.202148	78.483372	-88.612766	-28.775972
31383		9.465191	-0.808981	0.074507	0.110392	0.235172	0.136494	-0.511719	-0.598145	-0.204834	72.070058	-88.650613	-22.280774
31384		9.370521	-0.770598	0.090314	0.106529	0.226164	0.121433	-0.516846	-0.599609	-0.200928	65.961033	-88.669747	-16.103713
31385		9.313890	-0.623533	0.033544	0.093116	0.213874	0.101705	-0.515869	-0.593750	-0.205322	60.034959	-88.661649	-10.105840
31386		9.193761	-0.498996	-0.029840	0.072537	0.197429	0.070751	-0.508545	-0.592529	-0.210693	55.169403	-88.636089	-5.192045
31387		9.045044	-0.396225	-0.066867	0.060601	0.166351	0.012703	-0.515137	-0.599365	-0.207275	51.757997	-88.580347	-1.728056
31388		8.843993	-0.388423	-0.126578	0.052276	0.129253	-0.037999	-0.512695	-0.581299	-0.206055	50.115803	-88.517768	-0.050059
31389		8.655492	-0.412487	-0.414162	0.054410	0.073215	-0.079474	-0.510254	-0.595703	-0.209229	49.943468	-88.451029	0.160358
31390		8.647837	-0.446219	-0.577439	0.079879	0.014711	-0.107581	-0.509277	-0.601807	-0.204102	51.227974	-88.399063	-1.073533
31391		8.643165	-0.573664	-0.786140	0.121551	-0.045232	-0.127031	-0.516602	-0.593750	-0.203613	53.496531	-88.352587	-3.266533
31392		8.705194	-0.809305	-0.825303	0.166827	-0.094973	-0.142603	-0.510254	-0.595459	-0.197754	56.787524	-88.317533	-6.457972
31393		8.650961	-1.068201	-0.923690	0.213632	-0.149299	-0.157627	-0.504150	-0.599365	-0.202148	60.847369	-88.280379	-10.380401
31394		8.666603	-1.226338	-0.989367	0.242599	-0.187409	-0.178038	-0.512207	-0.598633	-0.194580	65.706926	-88.238217	-15.097820
31395		8.690765	-1.280148	-0.959435	0.266568	-0.226906	-0.199620	-0.508545	-0.597900	-0.185547	70.957247	-88.176488	-20.181198
31396		8.678861	-1.189040	-0.963873	0.276049	-0.258598	-0.229935	-0.508057	-0.610352	-0.189209	76.666446	-88.091596	-25.729854
31397		8.694736	-0.945102	-0.894516	0.280208	-0.286559	-0.264383	-0.499756	-0.608887	-0.188721	82.215099	-87.970216	-31.104483
31398		8.692229	-0.697889	-0.845386	0.293649	-0.306130	-0.297039	-0.506592	-0.611816	-0.185791	87.594858	-87.816224	-36.314192
31399		8.728218	-0.565469	-0.626204	0.312163	-0.322292	-0.326841	-0.503418	-0.616455	-0.183350	92.315310	-87.627442	-40.842777
31400		8.843047	-0.431403	-0.456113	0.304641	-0.323283	-0.352886	-0.502441	-0.614746	-0.173584	96.440472	-87.411413	-44.791769
31401		8.985479	-0.355794	-0.316078	0.295941	-0.343352	-0.366060	-0.497314	-0.617432	-0.171631	100.005422	-87.174783	-48.174405
31402		9.205981	-0.107379	-0.159956	0.278415	-0.350424	-0.376716	-0.497070	-0.616943	-0.156494	103.175360	-86.922551	-51.183490
31403		9.343372	0.154796	0.082369	0.275293	-0.348996	-0.382395	-0.493896	-0.624756	-0.166748	105.737617	-86.660131	-53.575302
31404		9.549444	0.443183	0.860500	0.268759	-0.378082	-0.388223	-0.497314	-0.627686	-0.153076	108.261051	-86.383509	-55.943788
31405		10.030042	0.982023	1.611857	0.255113	-0.422712	-0.373490	-0.503418	-0.632568	-0.148682	110.733052	-86.101014	-58.258182
31406		10.853729	1.504734	1.757547	0.254620	-0.436389	-0.279397	-0.484131	-0.632324	-0.148193	113.348509	-85.858097	-60.728509
31407		11.703807	1.669272	1.667632	0.288735	-0.404289	-0.123257	-0.493408	-0.632324	-0.149170	115.909730	-85.697852	-63.114386
31408		12.118460	1.318136	1.216066	0.356698	-0.366873	0.033775	-0.493896	-0.636719	-0.138184	118.715224	-85.617792	-65.717661
31409		11.891880	0.475299	0.678865	0.458460	-0.317831	0.117764	-0.490234	-0.634521	-0.135254	121.409259	-85.585905	-68.139758
31410		11.139204	-0.475431	0.389904	0.563523	-0.266100	0.100452	-0.494873	-0.630615	-0.134277	123.812528	-85.551300	-70.221057
31411		10.505094	-1.265542	0.416240	0.683471	-0.219652	0.039935	-0.492920	-0.636719	-0.121582	125.636856	-85.499811	-71.641685
31412		10.325609	-1.572627	0.752930	0.743161	-0.181402	-0.009003	-0.491455	-0.633301	-0.120850	127.101214	-85.433023	-72.678171
31413		10.406592	-1.526900	0.876546	0.725561	-0.142581	-0.016725	-0.497314	-0.636963	-0.102295	128.196354	-85.377355	-73.343231
31414		10.694133	-1.131204	1.063738	0.691299	-0.106875	-0.014651	-0.500488	-0.633057	-0.104004	129.137032	-85.331490	-73.884286
31415		10.960324	-0.593459	1.370801	0.652119	-0.061460	0.003634	-0.483887	-0.635986	-0.108398	129.808252	-85.312887	-74.166224
31416		11.037474	-0.062321	1.557470	0.616402	-0.025283	0.028631	-0.488281	-0.640869	-0.095703	130.445808	-85.315012	-74.446229
31417		10.829324	0.462041	1.586216	0.575207	0.015132	0.031322	-0.496338	-0.638184	-0.093506	130.786016	-85.336713	-74.440185
31418		10.412808	0.900904	1.603862	0.552810	0.050087	0.031142	-0.487061	-0.643799	-0.095459	130.999812	-85.367889	-74.331572
31419		10.115891	1.109799	1.623910	0.526187	0.088990	0.029435	-0.486328	-0.640137	-0.083984	130.905651	-85.416593	-73.917874
31420		9.977065	1.255773	1.619413	0.485531	0.124125	0.026995	-0.501465	-0.650635	-0.086182	130.655229	-85.473661	-73.382256
31421		9.700667	1.364402	1.556432	0.427563	0.158164	0.026256	-0.479492	-0.641113	-0.082764	130.085004	-85.546358	-72.547736
31422		9.567519	1.525842	1.433721	0.357754	0.192185	0.034147	-0.486084	-0.637451	-0.094238	129.375682	-85.630716	-71.625389
31423		9.708269	1.713174	1.404797	0.282552	0.214509	0.049706	-0.487061	-0.646240	-0.087646	128.441198	-85.732484	-70.509056
31424		9.700673	1.898090	1.437514	0.203999	0.221666	0.059672	-0.489746	-0.651367	-0.087158	127.507678	-85.836551	-69.450475
31425		9.665085	2.011797	1.401694	0.132905	0.220622	0.020555	-0.494873	-0.642090	-0.088135	126.202776	-85.923982	-68.048990
31426		9.634491	2.033204	1.411304	0.072670	0.202985	-0.039245	-0.489746	-0.638428	-0.089844	124.746918	-85.972191	-66.542415
31427		9.915536	1.942561	1.341689	0.015800	0.182949	-0.124893	-0.488525	-0.647705	-0.089844	122.871622	-85.972880	-64.636547
31428		10.128985	1.758023	1.326871	-0.021040	0.168039	-0.206977	-0.488525	-0.635254	-0.093994	120.846371	-85.922074	-62.612977
31429		10.057533	1.452038	1.246935	-0.048610	0.161383	-0.264561	-0.488525	-0.636230	-0.092773	118.576168	-85.837571	-60.347985
31430		9.872218	1.279052	1.127687	-0.073658	0.155480	-0.284790	-0.482666	-0.644043	-0.097412	116.463417	-85.733217	-58.266496
31431		9.840987	1.185238	0.971153	-0.095131	0.162607	-0.281733	-0.484375	-0.650146	-0.094238	114.294794	-85.628138	-56.129554
31432		9.701447	1.127515	0.895148	-0.097985	0.173488	-0.275992	-0.481934	-0.654053	-0.097168	112.275505	-85.521485	-54.155209
31433		9.535901	1.044823	0.853340	-0.092075	0.187296	-0.257493	-0.473877	-0.653564	-0.095459	110.203134	-85.423207	-52.112499
31434		9.529551	0.982536	0.705759	-0.085524	0.204632	-0.232725	-0.468994	-0.647949	-0.097900	108.265134	-85.335348	-50.212011
31435		9.547367	0.873950	0.724514	-0.052314	0.220436	-0.220237	-0.468018	-0.649658	-0.104248	106.236016	-85.252187	-48.189357
31436		9.638056	0.772411	0.736496	-0.037904	0.233691	-0.212714	-0.467773	-0.647949	-0.100586	104.313340	-85.169413	-46.276407
31437		9.631803	0.756126	0.696116	-0.023927	0.243186	-0.205733	-0.464600	-0.650879	-0.093262	102.313441	-85.086233	-44.266286
31438		9.522246	0.716393	0.664030	-0.011366	0.247146	-0.194537	-0.460693	-0.654785	-0.099609	100.475302	-85.004575	-42.422457
31439		9.428175	0.764726	0.635931	-0.008450	0.246523	-0.172360	-0.473389	-0.654297	-0.114746	98.628299	-84.929644	-40.556452
31440		9.361237	0.834575	0.574203	-0.009001	0.246414	-0.154721	-0.462402	-0.659180	-0.098633	96.946160	-84.860678	-38.867457
31441		9.285472	0.881034	0.561353	-0.000103	0.238390	-0.121274	-0.457031	-0.658691	-0.103027	95.290382	-84.804766	-37.188282
31442		9.287294	0.882317	0.616704	-0.003377	0.241021	-0.099690	-0.467773	-0.645752	-0.100586	93.754882	-84.758546	-35.642998
31443		9.395177	0.860535	0.634902	-0.020120	0.234523	-0.094753	-0.460938	-0.661133	-0.110352	92.186894	-84.709541	-34.063250
31444		9.501960	0.922492	0.568117	-0.060934	0.228598	-0.093935	-0.455811	-0.663330	-0.109131	90.752757	-84.659016	-32.652645
31445		9.509400	0.951858	0.540897	-0.086448	0.225843	-0.092488	-0.456055	-0.659180	-0.110596	89.258395	-84.603946	-31.184766
31446		9.474186	0.992831	0.414110	-0.116341	0.223861	-0.083917	-0.455811	-0.657959	-0.119873	87.875928	-84.552674	-29.857706
31447		9.420482	1.068988	0.407565	-0.123825	0.225778	-0.071948	-0.454590	-0.661133	-0.112549	86.412426	-84.502644	-28.442106
31448		9.398377	1.116414	0.443973	-0.135302	0.222484	-0.053095	-0.452637	-0.665283	-0.115234	85.064441	-84.462918	-27.160391
31449		9.365521	1.147144	0.423082	-0.131104	0.216426	-0.033782	-0.450439	-0.662109	-0.110352	83.676771	-84.428765	-25.824989
31450		9.381926	1.229565	0.483180	-0.153202	0.208594	-0.011464	-0.463379	-0.660400	-0.120605	82.405143	-84.407926	-24.630160
31451		9.349607	1.298662	0.418795	-0.160160	0.195553	0.008481	-0.449463	-0.657227	-0.123291	81.114075	-84.393650	-23.408459
31452		9.328450	1.338066	0.452110	-0.175963	0.171197	0.031338	-0.453369	-0.661621	-0.122314	80.019171	-84.395519	-22.404258
31453		9.314461	1.370968	0.337334	-0.180008	0.151852	0.048185	-0.453125	-0.667480	-0.117432	78.932571	-84.403479	-21.399435
31454		9.314593	1.287062	0.331149	-0.185696	0.137971	0.067782	-0.447998	-0.651367	-0.120605	77.976438	-84.426001	-20.540305
31455		9.391092	1.243213	0.310097	-0.191818	0.131054	0.091142	-0.448486	-0.657227	-0.125000	76.938173	-84.457147	-19.590922
31456		9.371659	1.317927	0.297032	-0.214925	0.125606	0.107334	-0.445557	-0.654053	-0.129150	75.964020	-84.500423	-18.730606
31457		9.400812	1.330255	0.279551	-0.243819	0.113963	0.136962	-0.451660	-0.663330	-0.130859	74.900520	-84.556217	-17.785939
31458		9.379071	1.445427	0.297782	-0.279307	0.109946	0.148102	-0.458008	-0.663330	-0.138916	73.880980	-84.621401	-16.917244
31459		9.309712	1.507471	0.233042	-0.315204	0.094452	0.164618	-0.459473	-0.652344	-0.125732	72.799291	-84.692295	-15.995582
31460		9.285389	1.553106	0.194710	-0.342857	0.077449	0.165282	-0.453857	-0.647461	-0.134766	71.854971	-84.769519	-15.239193
31461		9.322297	1.507226	0.175965	-0.370005	0.054125	0.171323	-0.454346	-0.661377	-0.147705	70.917188	-84.848490	-14.493781
31462		9.343953	1.545971	0.056183	-0.405223	0.034968	0.169908	-0.453125	-0.644775	-0.147949	70.133374	-84.934105	-13.934606
31463		9.403122	1.579582	0.002634	-0.433092	0.011824	0.168717	-0.457275	-0.646240	-0.144043	69.374939	-85.018143	-13.405715
31464		9.438253	1.555417	-0.159354	-0.446082	-0.002201	0.168743	-0.460205	-0.640869	-0.157715	68.756152	-85.109446	-13.035828
31465		9.503574	1.535377	-0.215198	-0.449015	-0.020293	0.181048	-0.454102	-0.643799	-0.156494	68.118860	-85.205767	-12.637823
31466		9.426486	1.488224	-0.231816	-0.458146	-0.031639	0.192050	-0.465088	-0.645264	-0.150146	67.582231	-85.315102	-12.357418
31467		9.378097	1.497655	-0.214976	-0.477484	-0.051733	0.213154	-0.455811	-0.641846	-0.152100	67.005593	-85.434701	-12.036765
31468		9.261292	1.499498	-0.268513	-0.492610	-0.068819	0.226228	-0.464600	-0.638428	-0.159424	66.559000	-85.569980	-11.866577
31469		9.241963	1.531996	-0.284410	-0.500773	-0.083078	0.243395	-0.460938	-0.636230	-0.153564	66.048702	-85.712240	-11.625963
31470		9.220959	1.486452	-0.327527	-0.499657	-0.089278	0.268017	-0.459229	-0.637451	-0.160889	65.567022	-85.873916	-11.424708
31471		9.259784	1.376686	-0.289370	-0.475895	-0.100913	0.290659	-0.463379	-0.638184	-0.154053	64.989467	-86.044736	-11.102483
31472		9.253313	1.252233	-0.346457	-0.444822	-0.118853	0.311866	-0.461182	-0.628174	-0.169922	64.546070	-86.236068	-10.908193
31473		9.255023	1.090686	-0.309107	-0.411439	-0.122324	0.328388	-0.469727	-0.629639	-0.167725	63.953344	-86.431302	-10.533897
31474		9.248212	0.905653	-0.299520	-0.397732	-0.128021	0.345794	-0.468018	-0.622314	-0.173096	63.389558	-86.642102	-10.192056
31475		9.301465	0.918279	-0.221872	-0.405117	-0.134590	0.358793	-0.480469	-0.614502	-0.172607	62.653168	-86.855564	-9.670388
31476		9.395455	0.833046	-0.147994	-0.440861	-0.145137	0.376926	-0.470215	-0.627197	-0.172852	61.927070	-87.086158	-9.190901
31477		9.639483	0.551155	0.262178	-0.471215	-0.164370	0.387565	-0.475830	-0.614258	-0.176025	61.102405	-87.321474	-8.618967
31478		10.144337	-0.075595	0.788245	-0.438789	-0.181169	0.364016	-0.483643	-0.615967	-0.178955	60.646371	-87.554957	-8.408816
31479		10.688316	-0.984986	1.265873	-0.338740	-0.169731	0.297566	-0.481934	-0.610352	-0.181641	60.373085	-87.746462	-8.312911
31480		11.207664	-1.698800	1.481801	-0.234418	-0.140448	0.186657	-0.472168	-0.617920	-0.186768	60.740267	-87.879927	-8.809450
31481		11.524198	-1.887072	1.383266	-0.200732	-0.103022	0.046395	-0.478271	-0.606445	-0.181885	61.570814	-87.927147	-9.738934
31482		11.644248	-1.112128	1.358263	-0.212137	-0.059417	-0.078190	-0.486084	-0.620850	-0.170410	62.895914	-87.904095	-11.181218
31483		11.344765	-0.458060	1.421691	-0.224477	-0.007897	-0.130205	-0.479492	-0.611816	-0.175293	63.652975	-87.835323	-12.050755
31484		10.711457	0.120636	1.343370	-0.268019	0.027386	-0.113963	-0.484131	-0.616943	-0.178467	63.928079	-87.770501	-12.474419
31485		10.185075	0.638508	1.370086	-0.337094	0.073720	-0.060894	-0.479004	-0.610840	-0.178223	63.049150	-87.716330	-11.771336
31486		10.057249	0.925172	1.515713	-0.384294	0.112984	-0.009659	-0.476563	-0.612793	-0.184326	61.508465	-87.682046	-10.444449
31487		9.945680	0.785843	1.711519	-0.398668	0.132060	0.024751	-0.479980	-0.601563	-0.187744	59.377622	-87.652653	-8.523678
31488		9.874786	0.674762	1.692372	-0.426193	0.158870	0.053687	-0.472656	-0.604980	-0.187744	56.900855	-87.631560	-6.283890
31489		9.899114	0.517495	1.855912	-0.429256	0.204565	0.075750	-0.480225	-0.611572	-0.195068	53.644440	-87.595566	-3.254011
31490		9.882374	0.284917	1.955630	-0.415249	0.239830	0.075989	-0.471191	-0.616455	-0.200195	50.258913	-87.546123	-0.098254
31491		9.873268	-0.029751	2.113325	-0.392566	0.258483	0.064872	-0.469971	-0.604492	-0.195801	46.826697	-87.470450	3.128912
31492		9.792782	-0.301043	2.237980	-0.370007	0.263883	0.052862	-0.471191	-0.597900	-0.197266	43.778663	-87.386736	5.973125
31493		9.663281	-0.458959	2.206842	-0.368894	0.268610	0.044453	-0.462402	-0.607422	-0.203613	40.859815	-87.284139	8.700437
31494		9.596665	-0.550758	2.218428	-0.384202	0.273170	0.037430	-0.469482	-0.607910	-0.207275	38.263746	-87.178350	11.084472
31495		9.530775	-0.477201	2.134252	-0.394078	0.273022	0.040377	-0.465088	-0.604004	-0.209961	35.735696	-87.061028	13.406596
31496		9.446112	-0.490204	2.030112	-0.402809	0.275769	0.042280	-0.467285	-0.605469	-0.214600	33.434013	-86.946003	15.485643
31497		9.445561	-0.557116	1.874542	-0.402976	0.270798	0.047724	-0.467041	-0.604980	-0.214355	31.201369	-86.822886	17.507367
31498		9.427574	-0.581885	1.738815	-0.394070	0.270225	0.033475	-0.461670	-0.596680	-0.216309	29.324105	-86.700205	19.166811
31499		9.451281	-0.714444	1.623554	-0.370533	0.267751	0.020899	-0.470703	-0.606445	-0.228271	27.644804	-86.564255	20.653395
31500		9.488452	-0.918163	1.489902	-0.333261	0.267993	0.001997	-0.470947	-0.606689	-0.230713	26.317140	-86.429372	21.797568
31501		9.550489	-1.204729	1.427544	-0.280734	0.267683	-0.006421	-0.458252	-0.595459	-0.230713	25.124080	-86.282667	22.848947
31502		9.596152	-1.465033	1.416278	-0.221156	0.265583	-0.004437	-0.461914	-0.598877	-0.227539	24.090902	-86.144728	23.762722
31503		9.732244	-1.618711	1.395032	-0.160801	0.260928	0.016307	-0.464600	-0.593506	-0.238037	22.968589	-86.004404	24.812432
31504		9.917365	-1.660005	1.370908	-0.096483	0.251428	0.053024	-0.467529	-0.596924	-0.230713	21.758511	-85.884233	25.975457
31505		9.940224	-1.705561	1.431982	-0.044551	0.233931	0.101885	-0.459473	-0.600342	-0.233154	20.294111	-85.773028	27.435299
31506		9.930651	-1.672481	1.360835	-0.010654	0.206531	0.156236	-0.457520	-0.593506	-0.241943	18.641253	-85.692815	29.091961
31507		9.865071	-1.523649	1.350307	0.024202	0.185929	0.199695	-0.468262	-0.596436	-0.241455	16.765179	-85.618981	31.004547
31508		9.825630	-1.400021	1.345745	0.053110	0.172065	0.242615	-0.461914	-0.589600	-0.243652	14.724705	-85.563369	33.086928
31509		9.735830	-1.259342	1.255417	0.080072	0.159183	0.275052	-0.471436	-0.591064	-0.239258	12.511022	-85.504553	35.370632
31510		9.787081	-1.138700	1.265985	0.102507	0.149467	0.301411	-0.459961	-0.600830	-0.234375	10.223957	-85.456219	37.729079
31511		9.798807	-1.035152	1.211702	0.118566	0.142482	0.313180	-0.464844	-0.593018	-0.240479	7.898592	-85.396445	40.147347
31512		9.796720	-0.961160	1.200687	0.127608	0.138973	0.312313	-0.468018	-0.587891	-0.243408	5.670263	-85.340124	42.461663
31513		9.730274	-0.886835	1.248210	0.132365	0.130711	0.302805	-0.464844	-0.587646	-0.246826	3.555581	-85.271910	44.676941
31514		9.632327	-0.822206	1.290261	0.126028	0.139370	0.279922	-0.468750	-0.594238	-0.244629	1.667972	-85.201069	46.648885
31515		9.579334	-0.848084	1.382051	0.118523	0.143639	0.260095	-0.470947	-0.586914	-0.244385	-0.042134	-85.113308	48.450707
31516		9.491411	-0.813956	1.445147	0.111678	0.147229	0.238197	-0.478271	-0.583252	-0.240479	-1.541617	-85.028700	50.025316
31517		9.484935	-0.765224	1.436104	0.108050	0.145304	0.227137	-0.473145	-0.583008	-0.245850	-2.924726	-84.932804	51.493379
31518		9.495751	-0.747912	1.507291	0.094768	0.151743	0.222292	-0.471924	-0.580566	-0.247559	-4.225796	-84.839714	52.859500
31519		9.498859	-0.733766	1.519522	0.080313	0.153154	0.216888	-0.477539	-0.584961	-0.236328	-5.453690	-84.734116	54.156226
31520		9.460698	-0.680183	1.474121	0.070324	0.150647	0.214073	-0.477295	-0.589844	-0.247314	-6.623242	-84.637000	55.376634
31521		9.367700	-0.698801	1.469789	0.066109	0.148210	0.197628	-0.476318	-0.576416	-0.240234	-7.654148	-84.530966	56.467773
31522		9.324655	-0.745843	1.450171	0.063802	0.138870	0.190940	-0.472168	-0.585205	-0.243896	-8.619305	-84.438334	57.479487
31523		9.264189	-0.736168	1.418547	0.057621	0.135585	0.184767	-0.478516	-0.579102	-0.240479	-9.518415	-84.337218	58.433696
31524		9.278284	-0.822921	1.473490	0.061054	0.123918	0.172362	-0.480957	-0.584717	-0.238525	-10.331802	-84.251872	59.291631
31525		9.251728	-0.854310	1.438750	0.059961	0.117507	0.164624	-0.487061	-0.583984	-0.239990	-11.078888	-84.160474	60.094709
31526		9.289886	-0.862897	1.414355	0.051940	0.110833	0.154057	-0.478516	-0.579590	-0.247803	-11.764825	-84.082355	60.819534
31527		9.245854	-0.881157	1.460156	0.042679	0.104334	0.140172	-0.480957	-0.572510	-0.236816	-12.363303	-83.999388	61.463497
31528		9.269841	-0.924435	1.378424	0.035392	0.102405	0.115301	-0.479736	-0.580322	-0.242188	-12.829531	-83.929320	61.958061
31529		9.242327	-0.841869	1.354913	0.027495	0.095391	0.091496	-0.479004	-0.579102	-0.239746	-13.166077	-83.856550	62.320034
31530		9.225403	-0.816064	1.282859	0.023012	0.086563	0.045918	-0.475342	-0.580566	-0.242920	-13.282707	-83.803847	62.455953
31531		9.193223	-0.868625	1.246773	0.032953	0.069969	0.014658	-0.476318	-0.579346	-0.249512	-13.244543	-83.755185	62.444217
31532		9.153892	-0.867414	1.156548	0.049330	0.050274	-0.024292	-0.484619	-0.582764	-0.249512	-13.030714	-83.731896	62.262890
31533		9.132547	-0.987652	1.101004	0.068886	0.034075	-0.065073	-0.470947	-0.582031	-0.243896	-12.612655	-83.713435	61.889657
31534		9.085491	-1.057253	1.104104	0.081485	0.007886	-0.099496	-0.469727	-0.573975	-0.250244	-12.048853	-83.722798	61.374768
31535		9.095477	-1.066378	1.094862	0.103575	-0.019667	-0.131771	-0.485107	-0.586426	-0.240479	-11.330577	-83.741457	60.719483
31536		9.146642	-1.096788	1.111002	0.120564	-0.036756	-0.163710	-0.476807	-0.584961	-0.246582	-10.452515	-83.781472	59.911028
31537		9.271571	-1.123103	1.127679	0.150615	-0.049168	-0.179013	-0.475586	-0.589111	-0.237793	-9.477453	-83.819327	59.034598
31538		9.306537	-1.092461	1.129805	0.185239	-0.065378	-0.201030	-0.475098	-0.584717	-0.242676	-8.366346	-83.875817	58.029153
31539		9.343254	-1.113821	1.124282	0.212242	-0.083543	-0.215838	-0.479248	-0.584717	-0.242432	-7.157771	-83.932353	56.953518
31540		9.346747	-1.090351	1.118244	0.249399	-0.100118	-0.231070	-0.471680	-0.587646	-0.235352	-5.827276	-84.005949	55.764656
31541		9.300697	-1.020717	1.093265	0.280250	-0.114950	-0.245868	-0.465088	-0.592285	-0.234131	-4.382547	-84.076559	54.490986
31542		9.295699	-0.958786	1.063030	0.307977	-0.126712	-0.263606	-0.475586	-0.593994	-0.230713	-2.782199	-84.160093	53.064907
31543		9.267619	-0.927359	1.016602	0.332097	-0.147842	-0.281855	-0.467285	-0.600830	-0.225098	-1.039239	-84.242719	51.521644
31544		9.273658	-0.908632	0.905208	0.358793	-0.166993	-0.301314	-0.466797	-0.598145	-0.229492	0.897860	-84.340257	49.786835
31545		9.281696	-0.929208	0.755287	0.377913	-0.188096	-0.313526	-0.457764	-0.600830	-0.224854	2.963549	-84.434664	47.946107
31546		9.280603	-0.928123	0.613528	0.416723	-0.200715	-0.340491	-0.461182	-0.609375	-0.219971	5.310775	-84.536936	45.833188
31547		9.296465	-0.953878	0.552343	0.457657	-0.220174	-0.366747	-0.466064	-0.609375	-0.214355	7.905896	-84.631087	43.507090
31548		9.339449	-1.011787	0.399649	0.515218	-0.237717	-0.401439	-0.460205	-0.615234	-0.207031	10.885686	-84.729545	40.816231
31549		9.272864	-1.001007	0.445269	0.568647	-0.259013	-0.446493	-0.456543	-0.618896	-0.201904	14.262108	-84.812133	37.770053
31550		9.359943	-0.814707	0.519681	0.627367	-0.283755	-0.483087	-0.463867	-0.609619	-0.206543	18.086460	-84.892773	34.296474
31551		9.468690	-0.813014	0.996680	0.678435	-0.301170	-0.521490	-0.448975	-0.625732	-0.195313	22.258237	-84.945723	30.515580
31552		9.717816	-0.407333	1.643027	0.625840	-0.318249	-0.538285	-0.460693	-0.631348	-0.191162	26.674846	-84.985458	26.447188
31553		10.246375	0.374225	1.986537	0.582025	-0.335732	-0.517304	-0.444824	-0.629639	-0.187744	30.981588	-85.005727	22.475728
31554		10.874884	1.061541	2.255972	0.523859	-0.331579	-0.452797	-0.440186	-0.635986	-0.175537	34.979192	-85.025234	18.769586
31555		11.298745	1.475670	2.311423	0.465769	-0.331610	-0.342865	-0.448730	-0.632080	-0.170654	38.309494	-85.055649	15.711578
31556		11.321791	1.634003	2.143950	0.406966	-0.329999	-0.222150	-0.447510	-0.643799	-0.174316	41.105734	-85.121044	13.144407
31557		10.999138	1.440191	1.982349	0.367702	-0.323598	-0.125286	-0.434570	-0.637695	-0.167236	43.351098	-85.205647	11.119353
31558		10.607364	0.980210	1.736393	0.339603	-0.313030	-0.073177	-0.444580	-0.647217	-0.159668	45.437920	-85.305629	9.225941
31559		10.069918	0.645535	1.427044	0.316296	-0.285951	-0.051375	-0.434082	-0.646729	-0.156250	47.253767	-85.393260	7.602811
31560		9.746941	0.281509	1.156722	0.326235	-0.262184	-0.045534	-0.445801	-0.633545	-0.160156	49.081043	-85.475087	5.962568
31561		9.509799	-0.002570	1.006971	0.345605	-0.250318	-0.051753	-0.440674	-0.641846	-0.155273	50.841296	-85.540817	4.412402
31562		9.315890	-0.248770	0.816617	0.369318	-0.237594	-0.067411	-0.443115	-0.642090	-0.149902	52.763615	-85.595636	2.701891
31563		9.264762	-0.375519	0.788800	0.362898	-0.234365	-0.074593	-0.447266	-0.645264	-0.146240	54.629870	-85.637305	1.055570
31564		9.266107	-0.101893	0.749418	0.329493	-0.231057	-0.088253	-0.453125	-0.637207	-0.139648	56.655667	-85.671175	-0.781404
31565		9.290988	0.283352	0.744267	0.300393	-0.233818	-0.087023	-0.439453	-0.652100	-0.141846	58.593123	-85.697915	-2.534906
31566		9.340246	0.604237	0.786113	0.280756	-0.233000	-0.081031	-0.447266	-0.644531	-0.130127	60.627487	-85.726205	-4.408334
31567		9.470099	0.865940	0.854251	0.261434	-0.235323	-0.064931	-0.443848	-0.651611	-0.132813	62.516059	-85.755247	-6.135090
31568		9.552605	0.935379	0.915875	0.250055	-0.240610	-0.043615	-0.442627	-0.653076	-0.128418	64.505874	-85.795077	-7.981331
31569		9.641495	0.960588	0.870271	0.233572	-0.250007	-0.034286	-0.449463	-0.650146	-0.135742	66.437595	-85.834653	-9.767209
31570		9.705727	0.861493	0.894929	0.236985	-0.257731	-0.019983	-0.440918	-0.648193	-0.122314	68.544064	-85.881213	-11.737722
31571		9.707403	0.744591	0.810485	0.233408	-0.259190	-0.017834	-0.441895	-0.648682	-0.121338	70.571560	-85.921927	-13.619529
31572		9.672161	0.657173	0.830622	0.233775	-0.264044	-0.020095	-0.447510	-0.651123	-0.120850	72.807618	-85.959017	-15.721598
31573		9.607741	0.643676	0.768440	0.227274	-0.262111	-0.025285	-0.444824	-0.652344	-0.118652	74.942742	-85.985731	-17.714664
31574		9.582406	0.667283	0.732608	0.228501	-0.260465	-0.029688	-0.449463	-0.653320	-0.112549	77.229551	-86.005474	-19.870494
31575		9.547284	0.712095	0.704625	0.225341	-0.259138	-0.030364	-0.443848	-0.644287	-0.108887	79.391497	-86.017971	-21.891471
31576		9.547222	0.760669	0.710090	0.225846	-0.265359	-0.030373	-0.446289	-0.648438	-0.113525	81.747356	-86.025956	-24.117974
31577		9.519530	0.750034	0.608749	0.228414	-0.271366	-0.025546	-0.447021	-0.650146	-0.106445	84.022629	-86.030685	-26.250754
31578		9.542926	0.788571	0.589491	0.224962	-0.270862	-0.016347	-0.443848	-0.655518	-0.108643	86.421575	-86.034385	-28.520927
31579		9.546911	0.825012	0.626132	0.229290	-0.278420	-0.000323	-0.453125	-0.661865	-0.098389	88.750461	-86.041472	-30.706931
31580		9.569087	0.739040	0.550866	0.227943	-0.277661	0.013698	-0.438965	-0.654053	-0.094482	91.211398	-86.049346	-33.037495
31581		9.613151	0.729863	0.441920	0.231323	-0.282609	0.023683	-0.443115	-0.658691	-0.092285	93.593846	-86.057236	-35.275984
31582		9.619849	0.630766	0.455933	0.235330	-0.285145	0.036547	-0.445313	-0.656006	-0.095215	96.147497	-86.064063	-37.695196
31583		9.582359	0.588363	0.329604	0.238832	-0.289102	0.050068	-0.440674	-0.656738	-0.082275	98.626351	-86.072929	-40.025965
31584		9.529924	0.534311	0.293376	0.241921	-0.284707	0.065107	-0.446289	-0.653564	-0.072754	101.230807	-86.081240	-42.492269
31585		9.491694	0.446509	0.209896	0.246916	-0.289763	0.064998	-0.446289	-0.652588	-0.091064	103.757473	-86.084002	-44.876275
31586		9.473830	0.483668	0.195812	0.251126	-0.295939	0.059820	-0.450684	-0.654053	-0.087402	106.447961	-86.072457	-47.423522
31587		9.470018	0.488355	0.133402	0.263389	-0.300742	0.049000	-0.450439	-0.654541	-0.066650	109.011413	-86.049647	-49.824998
31588		9.556598	0.505493	0.151533	0.264401	-0.301304	0.037682	-0.451660	-0.656494	-0.075439	111.630742	-86.009338	-52.293440
31589		9.552714	0.514926	0.161778	0.257511	-0.299180	0.026865	-0.456055	-0.656250	-0.070801	114.024999	-85.960498	-54.528903
31590		9.535361	0.559277	0.219295	0.249790	-0.306964	0.013707	-0.453613	-0.649658	-0.073242	116.474687	-85.891842	-56.835980
31591		9.558414	0.594187	0.194783	0.240752	-0.310523	0.005554	-0.459717	-0.654053	-0.063965	118.725989	-85.816207	-58.938110
31592		9.453911	0.706920	0.192144	0.213453	-0.317439	-0.009324	-0.452637	-0.649170	-0.068359	120.968745	-85.720200	-61.059028
31593		9.408447	0.724787	0.135493	0.199470	-0.332445	-0.013661	-0.443115	-0.646240	-0.058350	123.085880	-85.616955	-63.050842
31594		9.390210	0.724882	0.087107	0.182715	-0.330960	-0.037595	-0.455811	-0.660889	-0.056885	125.078016	-85.491897	-64.938650
31595		9.367717	0.693593	0.049172	0.158912	-0.328591	-0.047244	-0.447998	-0.656494	-0.058105	126.809820	-85.364233	-66.567885
31596		9.376578	0.677172	0.010120	0.138332	-0.328871	-0.059339	-0.449707	-0.656738	-0.052734	128.469853	-85.221205	-68.148670
31597		9.420474	0.592546	0.055333	0.106132	-0.333974	-0.064885	-0.443604	-0.656006	-0.051514	129.941424	-85.076493	-69.547767
31598		9.467921	0.611059	-0.036105	0.074131	-0.334571	-0.062278	-0.450439	-0.661377	-0.044189	131.399260	-84.923402	-70.963194
31599		9.536261	0.636242	-0.038940	0.044903	-0.329371	-0.060826	-0.451416	-0.658691	-0.037598	132.668369	-84.776463	-72.194893
31600		9.619176	0.585648	-0.046138	0.017313	-0.328714	-0.058538	-0.452881	-0.661377	-0.045166	133.925707	-84.621744	-73.442326
31601		9.600484	0.634331	-0.062961	-0.018600	-0.325074	-0.061387	-0.450195	-0.658691	-0.046631	135.002097	-84.471698	-74.517608
31602		9.647326	0.669639	-0.040598	-0.049441	-0.321755	-0.056563	-0.451660	-0.663330	-0.040771	136.070467	-84.316235	-75.614229
31603		9.668400	0.664427	-0.096106	-0.079602	-0.320009	-0.043671	-0.458008	-0.659180	-0.038818	137.052784	-84.171604	-76.630669
31604		9.691858	0.645830	-0.191343	-0.103177	-0.312038	-0.041558	-0.449463	-0.653564	-0.036621	138.007143	-84.022421	-77.644198
31605		9.743557	0.579487	-0.195371	-0.116221	-0.310195	-0.034177	-0.447021	-0.659668	-0.030762	138.876824	-83.882314	-78.569025
31606		9.767381	0.531507	-0.206582	-0.135724	-0.297264	-0.033528	-0.447510	-0.655762	-0.032715	139.704116	-83.739418	-79.474035
31607		9.800183	0.536559	-0.276967	-0.156157	-0.279650	-0.032088	-0.445068	-0.660645	-0.030029	140.381240	-83.610819	-80.228647
31608		9.818352	0.542568	-0.287608	-0.160251	-0.260194	-0.026860	-0.450684	-0.659912	-0.031982	141.033181	-83.484413	-80.971794
31609		9.844775	0.584686	-0.233459	-0.179950	-0.242448	-0.023811	-0.442627	-0.656494	-0.042236	141.560044	-83.373625	-81.589253
31610		9.878673	0.633931	-0.268614	-0.188527	-0.233495	-0.011044	-0.445068	-0.660156	-0.034180	142.128832	-83.263215	-82.265332
31611		9.914399	0.669747	-0.342958	-0.190474	-0.218855	0.000701	-0.453125	-0.657715	-0.041748	142.636571	-83.170394	-82.869884
31612		9.919431	0.615534	-0.360281	-0.193715	-0.195789	0.012110	-0.446533	-0.656250	-0.035400	143.146311	-83.083799	-83.489750
31613		9.945535	0.550439	-0.401260	-0.194094	-0.173356	0.026328	-0.444824	-0.663330	-0.036621	143.593403	-83.019443	-84.035511
31614		9.978920	0.474758	-0.408028	-0.191526	-0.153956	0.042176	-0.451172	-0.648682	-0.039307	144.078656	-82.961153	-84.629621
31615		9.954412	0.390111	-0.457881	-0.180609	-0.143394	0.057184	-0.452637	-0.653809	-0.036865	144.551500	-82.919979	-85.193673
31616		9.961368	0.375253	-0.438369	-0.172644	-0.129783	0.070546	-0.453125	-0.654785	-0.033936	145.074563	-82.881148	-85.815099
31617		9.978681	0.325829	-0.466648	-0.157186	-0.122717	0.082652	-0.451660	-0.661377	-0.041504	145.591627	-82.856802	-86.410266
31618		9.935057	0.292017	-0.457304	-0.140147	-0.116093	0.090244	-0.456787	-0.651855	-0.037354	146.161823	-82.829376	-87.060508
31619		9.872065	0.255927	-0.461486	-0.119482	-0.099534	0.081061	-0.445068	-0.656982	-0.035645	146.628867	-82.814231	-87.583531
31620		9.803597	0.274805	-0.465561	-0.100455	-0.090099	0.076947	-0.455811	-0.655762	-0.035400	147.099413	-82.793721	-88.110465
31621		9.792640	0.244583	-0.496883	-0.076848	-0.086530	0.068730	-0.449219	-0.649414	-0.037842	147.507977	-82.780002	-88.559944
31622		9.772928	0.236374	-0.519559	-0.048872	-0.081659	0.059959	-0.449463	-0.656494	-0.037109	147.917843	-82.757405	-88.995960
31623		9.732578	0.238108	-0.516148	-0.026905	-0.085233	0.056795	-0.453613	-0.655762	-0.034180	148.302748	-82.739932	-89.392767
31624		9.721403	0.209795	-0.547529	-0.001810	-0.089665	0.044614	-0.453857	-0.656982	-0.027588	148.694486	-82.708080	-89.783368
31625		9.723244	0.250438	-0.525049	0.016418	-0.090264	0.038260	-0.443848	-0.653809	-0.037109	149.040490	-82.682003	-90.115968
31626		9.726137	0.280291	-0.543466	0.025874	-0.094043	0.025334	-0.454834	-0.654541	-0.027832	149.377960	-82.641730	-90.435915
31627		9.688969	0.318207	-0.550888	0.031316	-0.102264	0.021658	-0.455566	-0.646240	-0.028320	149.690700	-82.604423	-90.726414
31628		9.723142	0.363328	-0.573907	0.036146	-0.107764	0.013439	-0.458252	-0.657227	-0.033447	150.012053	-82.553473	-91.024232
31629		9.638222	0.419469	-0.602642	0.028752	-0.104219	0.005964	-0.452393	-0.650879	-0.033447	150.261669	-82.510330	-91.252607
31630		9.652728	0.463863	-0.639923	0.019551	-0.101268	-0.000463	-0.447754	-0.649170	-0.032715	150.499745	-82.458327	-91.476081
31631		9.646012	0.530061	-0.609913	0.011543	-0.094378	-0.004867	-0.451416	-0.649658	-0.025146	150.672597	-82.416808	-91.637021
31632		9.653965	0.509501	-0.626942	0.000568	-0.084409	-0.010877	-0.455811	-0.653076	-0.031494	150.820300	-82.370131	-91.780340
31633		9.690058	0.470348	-0.637314	-0.003168	-0.081440	-0.014020	-0.450195	-0.656738	-0.030762	150.920427	-82.332423	-91.876445
31634		9.686250	0.438956	-0.635294	-0.010719	-0.073085	-0.019145	-0.460205	-0.653076	-0.030273	151.004811	-82.289047	-91.962425
31635		9.659628	0.372583	-0.637839	-0.013766	-0.075241	-0.018914	-0.449951	-0.651855	-0.021484	151.066413	-82.253050	-92.025808
31636		9.685343	0.299037	-0.710469	-0.013255	-0.066186	-0.020256	-0.460205	-0.656006	-0.028809	151.129637	-82.212800	-92.091913
31637		9.655593	0.199681	-0.702655	-0.013310	-0.063800	-0.019066	-0.458008	-0.654297	-0.028564	151.166962	-82.182487	-92.130545
31638		9.668409	0.137642	-0.675236	-0.012959	-0.057559	-0.017420	-0.452881	-0.659668	-0.025146	151.222327	-82.147337	-92.188557
31639		9.652098	0.158477	-0.745044	-0.010433	-0.054480	-0.015735	-0.455566	-0.663574	-0.030762	151.254498	-82.122625	-92.220329
31640		9.659659	0.150794	-0.717756	-0.005749	-0.047555	-0.022276	-0.464600	-0.653320	-0.029053	151.275782	-82.091153	-92.239770
31641		9.667848	0.131880	-0.730282	0.007944	-0.037015	-0.026493	-0.451416	-0.645996	-0.017334	151.245109	-82.072259	-92.197471
31642		9.681501	0.059086	-0.740859	0.019583	-0.028105	-0.033105	-0.446045	-0.656006	-0.019043	151.203499	-82.047571	-92.138758
31643		9.704103	0.097858	-0.738318	0.037926	-0.018248	-0.043233	-0.453613	-0.648682	-0.025635	151.093671	-82.033463	-91.999180
31644		9.672110	0.099581	-0.695268	0.048966	-0.005998	-0.046775	-0.451660	-0.652100	-0.029053	150.977041	-82.016037	-91.847710
31645		9.669664	0.191261	-0.706164	0.055225	0.001103	-0.050206	-0.448486	-0.660889	-0.023682	150.815062	-82.009602	-91.645463
31646		9.660493	0.228960	-0.656670	0.062422	0.011110	-0.055074	-0.453857	-0.659668	-0.027588	150.643557	-81.998290	-91.430785
31647		9.669609	0.333252	-0.684236	0.063583	0.014417	-0.060663	-0.454834	-0.657715	-0.022461	150.423483	-81.995379	-91.165034
31648		9.684982	0.331664	-0.578286	0.075467	0.009109	-0.062500	-0.451172	-0.657227	-0.020752	150.238212	-81.980758	-90.928900
31649		9.671740	0.389196	-0.652141	0.085632	0.000795	-0.064438	-0.457031	-0.654297	-0.022217	150.045994	-81.969756	-90.678521
31650		9.708989	0.342930	-0.695333	0.108480	0.002519	-0.067978	-0.443359	-0.656494	-0.016357	149.875284	-81.950082	-90.437972
31651		9.751671	0.374606	-0.716995	0.116730	0.006016	-0.067159	-0.446533	-0.662354	-0.015381	149.682197	-81.940657	-90.168717
31652		9.750888	0.392263	-0.675873	0.121931	0.014979	-0.066779	-0.449707	-0.653320	-0.021240	149.499555	-81.927272	-89.908317
31653		9.725356	0.449667	-0.690355	0.122285	0.021195	-0.065121	-0.447510	-0.659912	-0.015381	149.286634	-81.925669	-89.615819
31654		9.750699	0.523361	-0.694053	0.122028	0.023159	-0.059742	-0.450439	-0.653320	-0.022949	149.112582	-81.918125	-89.364032
31655		9.705465	0.577412	-0.722541	0.124106	0.024767	-0.057304	-0.450195	-0.655029	-0.014160	148.920645	-81.920304	-89.091688
31656		9.701775	0.561148	-0.670433	0.120469	0.025941	-0.053986	-0.448975	-0.657227	-0.021484	148.760228	-81.915609	-88.854572
31657		9.659522	0.527320	-0.687238	0.127795	0.026539	-0.051703	-0.446045	-0.657715	-0.010742	148.585874	-81.920077	-88.597869
31658		9.611447	0.547043	-0.705973	0.126456	0.022829	-0.041876	-0.441162	-0.661865	-0.009277	148.477284	-81.917303	-88.409635
31659		9.582999	0.569041	-0.710560	0.129763	0.025311	-0.046207	-0.445801	-0.664795	-0.019043	148.325276	-81.922632	-88.174378
31660		9.611306	0.553832	-0.702582	0.125332	0.026388	-0.044455	-0.441895	-0.663818	-0.013672	148.199655	-81.920691	-87.969594
31661		9.580034	0.543133	-0.696870	0.124253	0.027576	-0.048240	-0.461914	-0.663086	-0.012207	148.032331	-81.926325	-87.722081
31662		9.600333	0.537126	-0.721109	0.121232	0.025390	-0.047968	-0.451660	-0.667969	-0.018066	147.894474	-81.922682	-87.507313
31663		9.579859	0.550582	-0.693417	0.121666	0.021600	-0.046784	-0.437012	-0.667236	-0.014160	147.743283	-81.925668	-87.277611
31664		9.630516	0.571346	-0.681835	0.114333	0.015719	-0.047123	-0.441650	-0.659180	-0.016113	147.625434	-81.917454	-87.087042
31665		9.590322	0.582291	-0.669461	0.117663	0.010583	-0.050735	-0.448730	-0.666504	-0.004883	147.482414	-81.913725	-86.867912
31666		9.562518	0.592220	-0.715461	0.110606	0.018581	-0.050243	-0.443848	-0.663818	-0.005859	147.346171	-81.905803	-86.660917
31667		9.613957	0.600825	-0.743984	0.106766	0.023893	-0.052267	-0.448730	-0.667236	-0.002686	147.163082	-81.907837	-86.407635
31668		9.676194	0.633558	-0.749566	0.101189	0.034541	-0.047542	-0.447266	-0.673584	-0.015137	146.996001	-81.908263	-86.174940
31669		9.661861	0.593045	-0.718459	0.100283	0.031625	-0.046044	-0.440674	-0.663086	-0.008545	146.812896	-81.915714	-85.925422
31670		9.625366	0.623483	-0.755193	0.100483	0.027505	-0.040704	-0.438232	-0.656006	-0.010498	146.683818	-81.914728	-85.731524
31671		9.617337	0.635012	-0.785693	0.099488	0.027012	-0.038070	-0.443848	-0.661621	-0.010254	146.536906	-81.922283	-85.519036
31672		9.623530	0.583725	-0.781110	0.096453	0.024843	-0.037818	-0.451660	-0.662354	-0.013184	146.421046	-81.920810	-85.340823
31673		9.601272	0.550924	-0.783147	0.097027	0.023838	-0.039653	-0.443848	-0.664063	0.000244	146.274164	-81.926190	-85.129818
31674		9.561145	0.561104	-0.770127	0.097313	0.016554	-0.043022	-0.449951	-0.665283	-0.008545	146.159968	-81.918997	-84.952790
31675		9.553035	0.572595	-0.802055	0.098473	0.007735	-0.038390	-0.437500	-0.656982	-0.007568	146.054451	-81.916965	-84.782727
31676		9.541301	0.563999	-0.783748	0.100154	0.005534	-0.036377	-0.445068	-0.662598	0.002930	145.989345	-81.906579	-84.653632
31677		9.541139	0.566666	-0.783791	0.094435	0.005089	-0.035514	-0.443604	-0.664063	-0.001221	145.897442	-81.904119	-84.499664
31678		9.544555	0.588791	-0.834876	0.087317	0.000335	-0.032455	-0.439453	-0.661621	-0.004883	145.850195	-81.892481	-84.396033
31679		9.534419	0.625542	-0.787702	0.084040	-0.002151	-0.028061	-0.439209	-0.672363	-0.001221	145.793855	-81.888916	-84.284023
31680		9.543184	0.606070	-0.796244	0.074324	-0.007598	-0.025524	-0.440674	-0.660645	0.004395	145.780430	-81.875731	-84.222073
31681		9.542973	0.607674	-0.797550	0.069234	-0.010649	-0.020097	-0.449463	-0.666016	-0.001709	145.761554	-81.870661	-84.156477
31682		9.500096	0.583302	-0.776945	0.065814	-0.016660	-0.020252	-0.443604	-0.668945	-0.002197	145.781321	-81.854880	-84.132979
31683		9.551476	0.588627	-0.808986	0.061830	-0.020886	-0.010979	-0.439941	-0.668457	-0.001953	145.811661	-81.847889	-84.121414
31684		9.580709	0.557715	-0.845057	0.053221	-0.028298	-0.012166	-0.441650	-0.668701	-0.001221	145.876981	-81.829195	-84.151222
31685		9.571420	0.579822	-0.840562	0.057166	-0.028467	-0.011941	-0.447021	-0.660889	0.006836	145.918446	-81.818262	-84.153591
31686		9.575960	0.480277	-0.869565	0.054022	-0.028188	-0.010588	-0.439209	-0.671143	-0.002197	145.988830	-81.800119	-84.188054
31687		9.585576	0.446128	-0.920163	0.050647	-0.029028	-0.012649	-0.442139	-0.672119	-0.000244	146.025612	-81.788674	-84.189466
31688		9.596789	0.458205	-0.941237	0.049356	-0.023005	-0.014251	-0.446777	-0.666992	0.003906	146.069461	-81.771813	-84.199822
31689		9.627592	0.473490	-0.947751	0.048805	-0.022020	-0.012386	-0.443848	-0.668945	-0.000244	146.090659	-81.763758	-84.186576
31690		9.643475	0.458093	-0.884822	0.045102	-0.020744	-0.009179	-0.443848	-0.665283	0.004150	146.143566	-81.749591	-84.208548
31691		9.617193	0.509474	-0.904766	0.043856	-0.022315	-0.009988	-0.442627	-0.673584	-0.001953	146.170669	-81.742144	-84.204136
31692		9.630061	0.567190	-0.896234	0.035655	-0.019880	-0.005143	-0.439453	-0.668213	-0.001953	146.229305	-81.729671	-84.237367
31693		9.632391	0.599820	-0.909050	0.030510	-0.015305	-0.000526	-0.443848	-0.665283	0.004150	146.264341	-81.728541	-84.248730
31694		9.641243	0.578079	-0.918096	0.020267	-0.014562	0.001945	-0.444092	-0.673096	0.007324	146.325576	-81.720849	-84.293498
31695		9.554709	0.572263	-1.009050	0.017675	-0.014448	0.008995	-0.442139	-0.668945	0.006592	146.383077	-81.723119	-84.334954
31696		9.539768	0.540740	-0.941043	0.008220	-0.013570	0.013020	-0.440430	-0.663574	-0.001221	146.471444	-81.719394	-84.414116
31697		9.517620	0.503324	-0.945687	0.009336	-0.014743	0.016873	-0.442383	-0.665771	0.003174	146.550842	-81.723969	-84.482547
31698		9.520097	0.534522	-0.957756	-0.004577	-0.008358	0.013054	-0.441162	-0.667725	0.001953	146.620633	-81.722717	-84.550345
31699		9.518395	0.486939	-0.988052	-0.003411	-0.017127	0.017718	-0.441895	-0.666260	0.004150	146.701025	-81.726363	-84.627173
31700		9.557503	0.491860	-0.961236	-0.005543	-0.016396	0.016464	-0.437744	-0.668701	0.003906	146.798841	-81.722303	-84.723851
31701		9.529697	0.494930	-1.009729	-0.008274	-0.019837	0.018992	-0.439697	-0.669922	0.009033	146.886822	-81.724968	-84.811148
31702		9.537702	0.485336	-0.979075	-0.012121	-0.022105	0.017668	-0.450439	-0.674072	0.001709	146.996983	-81.718496	-84.924109
31703		9.539283	0.529952	-0.952034	-0.014715	-0.022808	0.017158	-0.443848	-0.671387	0.015381	147.081964	-81.719101	-85.012140
31704		9.557017	0.485818	-0.969117	-0.019680	-0.023902	0.011983	-0.441650	-0.662354	0.002197	147.172604	-81.709943	-85.109753
31705		9.538973	0.527536	-0.956477	-0.024769	-0.026922	0.017415	-0.446289	-0.670410	0.005371	147.261757	-81.708575	-85.207772
31706		9.516647	0.490195	-0.962230	-0.030974	-0.028768	0.018996	-0.440674	-0.669434	0.005371	147.379105	-81.699193	-85.338919
31707		9.608956	0.545455	-0.937444	-0.033104	-0.028038	0.017749	-0.445557	-0.669434	0.007568	147.466859	-81.697319	-85.440409
31708		9.580261	0.562161	-0.946543	-0.042546	-0.027163	0.021798	-0.438232	-0.666992	0.009766	147.583075	-81.689507	-85.577115
31709		9.608692	0.542063	-0.942107	-0.048927	-0.024155	0.025619	-0.433105	-0.666748	0.004883	147.679894	-81.691837	-85.696893
31710		9.599683	0.561405	-0.936882	-0.054706	-0.029745	0.028393	-0.446533	-0.668457	0.003906	147.816128	-81.684714	-85.860872
31711		9.577366	0.523374	-0.942661	-0.059979	-0.028727	0.028506	-0.437012	-0.666504	0.007813	147.925834	-81.685615	-86.000107
31712		9.577948	0.507674	-0.985166	-0.065470	-0.028028	0.032779	-0.440674	-0.666748	0.001465	148.066600	-81.680556	-86.174901
31713		9.557513	0.515531	-0.961453	-0.063986	-0.026159	0.029452	-0.446777	-0.672607	0.004639	148.172162	-81.682881	-86.312261
31714		9.554803	0.480744	-0.953060	-0.063799	-0.031028	0.027231	-0.448242	-0.662354	0.007080	148.301353	-81.674581	-86.474392
31715		9.573642	0.495104	-0.901604	-0.067307	-0.034618	0.028225	-0.447510	-0.662354	0.013428	148.418679	-81.672328	-86.625591
31716		9.574093	0.479797	-0.944714	-0.065492	-0.034058	0.027194	-0.446533	-0.663086	0.001709	148.552505	-81.662435	-86.793392
31717		9.605032	0.492104	-0.951758	-0.066909	-0.030781	0.028641	-0.440918	-0.658691	0.005859	148.663693	-81.662066	-86.938134
31718		9.596056	0.511557	-0.946544	-0.068109	-0.027176	0.025930	-0.444580	-0.665039	0.000488	148.777380	-81.655067	-87.087098
31719		9.584482	0.498510	-0.930523	-0.066211	-0.029041	0.023774	-0.440186	-0.662842	0.003662	148.869116	-81.653997	-87.211792
31720		9.575516	0.518263	-0.925233	-0.067541	-0.028191	0.024101	-0.448486	-0.662842	0.000732	148.978732	-81.645883	-87.356316
31721		9.624143	0.488052	-0.947086	-0.067154	-0.024338	0.024500	-0.442871	-0.668701	0.005371	149.063020	-81.647259	-87.474045
31722		9.604905	0.470435	-1.003008	-0.064380	-0.015704	0.020072	-0.449707	-0.666748	0.002686	149.135696	-81.644034	-87.579405
31723		9.593428	0.457692	-0.985783	-0.062322	-0.014032	0.022452	-0.439209	-0.672119	0.001465	149.195596	-81.649804	-87.669689
31724		9.612582	0.472308	-0.932337	-0.063525	-0.010416	0.019744	-0.448486	-0.669189	-0.000244	149.257100	-81.649052	-87.763262
31725		9.572639	0.478043	-0.921254	-0.061761	-0.015037	0.020609	-0.440186	-0.663574	0.000977	149.313368	-81.653730	-87.849569
31726		9.541470	0.462315	-0.918123	-0.063091	-0.014185	0.020936	-0.444824	-0.666504	-0.008789	149.386652	-81.651439	-87.954795
31727		9.580833	0.466723	-0.891197	-0.061328	-0.018807	0.021798	-0.445313	-0.665039	0.008789	149.455030	-81.654577	-88.053095
31728		9.552779	0.470683	-0.939174	-0.054335	-0.016840	0.021754	-0.447754	-0.668213	-0.001465	149.541309	-81.651174	-88.166384
31729		9.572428	0.471893	-0.926601	-0.053117	-0.020480	0.024480	-0.446045	-0.665771	0.002441	149.627339	-81.654198	-88.277723
31730		9.593019	0.447392	-0.994454	-0.050265	-0.014250	0.018927	-0.444336	-0.663086	0.005371	149.701245	-81.651210	-88.376149
31731		9.612242	0.461675	-0.941127	-0.051344	-0.012299	0.022674	-0.449463	-0.661865	-0.005127	149.766419	-81.657695	-88.465369
31732		9.601722	0.422876	-1.004157	-0.047824	-0.008720	0.021703	-0.446289	-0.660156	-0.004883	149.840245	-81.658211	-88.562301
31733		9.598171	0.414132	-0.913607	-0.047439	-0.004860	0.022105	-0.450195	-0.660889	0.000488	149.891447	-81.668208	-88.635224
31734		9.583845	0.475229	-0.949082	-0.050867	-0.010876	0.021960	-0.447266	-0.664063	-0.004150	149.968749	-81.667698	-88.737428
31735		9.589432	0.432384	-0.907187	-0.049779	-0.012838	0.018226	-0.449951	-0.654297	0.001709	150.021631	-81.672568	-88.813371
31736		9.578397	0.406575	-0.930287	-0.043920	-0.014110	0.023807	-0.450439	-0.660889	0.001709	150.115535	-81.670945	-88.928330
31737		9.641110	0.420806	-0.979918	-0.040531	-0.008841	0.016382	-0.447266	-0.669434	-0.005615	150.160282	-81.677238	-88.990645
31738		9.609557	0.417812	-0.935822	-0.036503	-0.003078	0.022258	-0.445068	-0.663574	-0.000488	150.231764	-81.680621	-89.078647
31739		9.640780	0.430443	-0.940154	-0.032368	-0.002890	0.018275	-0.453613	-0.663330	-0.002197	150.275963	-81.690336	-89.135743
31740		9.640435	0.441622	-0.899921	-0.032905	-0.001918	0.020152	-0.444336	-0.667725	0.001465	150.340261	-81.693674	-89.214397
31741		9.600218	0.459787	-0.847662	-0.036416	-0.005511	0.021136	-0.446777	-0.652588	0.000244	150.397656	-81.702872	-89.287152
31742		9.603415	0.478077	-0.898587	-0.049732	-0.004519	0.025104	-0.447021	-0.651367	-0.000732	150.474453	-81.706289	-89.388178
31743		9.595194	0.484867	-0.931114	-0.057579	-0.004197	0.024768	-0.446045	-0.664795	-0.003174	150.530363	-81.717153	-89.471594
31744		9.587385	0.479083	-1.003711	-0.052801	0.000942	0.024616	-0.451660	-0.663574	0.004639	150.593400	-81.723125	-89.560489
31745		9.607302	0.479780	-0.988898	-0.056156	0.008468	0.029424	-0.446045	-0.660889	-0.008057	150.641935	-81.741539	-89.635697
31746		9.647442	0.470641	-0.999358	-0.057716	0.021063	0.023701	-0.447510	-0.666260	-0.004883	150.660420	-81.757283	-89.682411
31747		9.596447	0.464428	-0.966665	-0.056117	0.021272	0.026819	-0.447510	-0.661621	-0.002930	150.675487	-81.781334	-89.723844
31748		9.596394	0.475176	-0.923707	-0.064701	0.026686	0.023056	-0.448242	-0.660400	0.001465	150.677082	-81.799703	-89.757534
31749		9.605394	0.452299	-0.929072	-0.065873	0.022700	0.021110	-0.448486	-0.656250	-0.004639	150.664811	-81.822836	-89.776890
31750		9.574907	0.424247	-0.962871	-0.067992	0.023440	0.019896	-0.452148	-0.664551	-0.005615	150.660012	-81.838698	-89.806021
31751		9.589533	0.467302	-0.988632	-0.064597	0.024230	0.021960	-0.448242	-0.662598	-0.011230	150.648648	-81.862844	-89.825633
31752		9.569725	0.475792	-0.959653	-0.063124	0.026147	0.018630	-0.449463	-0.663574	-0.006348	150.636992	-81.879704	-89.845017
31753		9.570100	0.474279	-0.956654	-0.059549	0.030425	0.025272	-0.447998	-0.664063	-0.003174	150.627921	-81.907834	-89.864065
31754		9.579177	0.450892	-0.961528	-0.055362	0.031319	0.028888	-0.447998	-0.658936	-0.003174	150.646661	-81.930159	-89.909656
31755		9.602204	0.484408	-0.953871	-0.058214	0.037163	0.024254	-0.446777	-0.666992	0.000488	150.622070	-81.961317	-89.912131
31756		9.642591	0.475328	-0.961838	-0.065398	0.042410	0.027785	-0.444824	-0.666748	-0.007813	150.609300	-81.988871	-89.931701
31757		9.623449	0.470729	-0.971406	-0.072835	0.046583	0.027888	-0.447754	-0.662842	-0.001709	150.570215	-82.025691	-89.928012
31758		9.612489	0.457025	-0.948442	-0.075153	0.046935	0.030850	-0.454346	-0.662842	-0.011230	150.553659	-82.056368	-89.949400
31759		9.581812	0.440622	-0.939792	-0.078191	0.044770	0.031107	-0.451416	-0.665527	-0.009277	150.526914	-82.093229	-89.961337
31760		9.551629	0.412026	-0.971844	-0.069802	0.043461	0.029586	-0.447754	-0.662598	-0.009033	150.515967	-82.121819	-89.985288
31761		9.540052	0.410375	-0.908804	-0.070326	0.044402	0.031491	-0.442871	-0.652344	-0.014648	150.495905	-82.158566	-89.999435
31762		9.548633	0.399015	-0.872191	-0.058744	0.040423	0.027423	-0.445557	-0.658691	-0.010986	150.489776	-82.185033	-90.021851
31763		9.538036	0.372993	-0.890807	-0.054888	0.035037	0.029458	-0.455566	-0.665039	-0.009277	150.490685	-82.216510	-90.048159
31764		9.569124	0.396879	-0.850967	-0.049636	0.026388	0.029999	-0.452881	-0.666260	-0.005615	150.528401	-82.236703	-90.109557
31765		9.573039	0.415260	-0.898730	-0.047439	0.023214	0.030075	-0.451416	-0.653320	-0.006104	150.561274	-82.262457	-90.163903
31766		9.553702	0.410312	-0.910707	-0.042656	0.020732	0.030649	-0.451416	-0.654541	-0.015869	150.617668	-82.279999	-90.240107
31767		9.531324	0.372455	-0.913081	-0.042113	0.019770	0.028771	-0.449707	-0.659668	-0.013916	150.656787	-82.303648	-90.297609
31768		9.534623	0.402950	-0.921133	-0.042653	0.013102	0.031346	-0.449219	-0.666992	-0.003906	150.732242	-82.317554	-90.393038
31769		9.531185	0.379611	-0.869758	-0.036730	0.006308	0.026977	-0.457031	-0.657715	-0.014648	150.796427	-82.333876	-90.472721
31770		9.550988	0.379779	-0.854823	-0.034071	0.004590	0.026319	-0.445313	-0.661133	-0.010498	150.876369	-82.342089	-90.567711
31771		9.571331	0.368218	-0.880876	-0.031531	-0.002987	0.019887	-0.450195	-0.658447	-0.011475	150.937110	-82.351766	-90.640956
31772		9.571362	0.366469	-0.881267	-0.029021	-0.007511	0.022230	-0.448975	-0.658936	-0.005859	151.030069	-82.352747	-90.746155
31773		9.571360	0.364662	-0.882039	-0.027624	-0.010776	0.020736	-0.460938	-0.657715	-0.007080	151.112944	-82.358685	-90.839398
31774		9.571311	0.363042	-0.883244	-0.026160	-0.016444	0.018076	-0.451904	-0.654297	-0.013184	151.210480	-82.353990	-90.947561
31775		9.579221	0.352120	-0.852664	-0.027564	-0.020803	0.020251	-0.451904	-0.656738	-0.006104	151.312623	-82.354747	-91.060294
31776		9.558850	0.360288	-0.828671	-0.026826	-0.028970	0.014868	-0.448730	-0.662354	-0.006348	151.423135	-82.342821	-91.181937
31777		9.589935	0.372972	-0.835750	-0.027384	-0.043260	0.018106	-0.450928	-0.655273	-0.022217	151.562850	-82.331545	-91.332387
31778		9.581637	0.380896	-0.871656	-0.025571	-0.035052	0.016385	-0.457031	-0.665283	-0.009277	151.691249	-82.316893	-91.471360
31779		9.604686	0.403194	-0.910701	-0.025746	-0.030886	0.011107	-0.441162	-0.663330	-0.017578	151.779898	-82.309900	-91.569524
31780		9.640735	0.374044	-0.875336	-0.025275	-0.029437	0.010387	-0.446289	-0.655762	-0.022705	151.874055	-82.296396	-91.673779
31781		9.603757	0.413346	-0.875671	-0.025481	-0.029850	0.014563	-0.453125	-0.657959	-0.014404	151.973178	-82.290743	-91.782297
31782		9.600442	0.379179	-0.868922	-0.027207	-0.032854	0.014461	-0.444336	-0.661377	-0.005615	152.087599	-82.276555	-91.908124
31783		9.580048	0.387629	-0.845768	-0.028932	-0.035860	0.014360	-0.456055	-0.655029	-0.015869	152.196053	-82.267747	-92.027993
31784		9.587915	0.377171	-0.816526	-0.025796	-0.028502	0.012299	-0.457031	-0.661377	-0.014160	152.293919	-82.255126	-92.136303
31785		9.588110	0.364307	-0.860154	-0.024481	-0.036987	0.012636	-0.455811	-0.662354	-0.002930	152.400255	-82.245257	-92.251578
31786		9.587461	0.374972	-0.822845	-0.028191	-0.033379	0.017101	-0.456055	-0.662109	-0.009521	152.523450	-82.231376	-92.386842
31787		9.599653	0.361934	-0.924709	-0.026971	-0.024840	0.009649	-0.454834	-0.657959	-0.009277	152.593420	-82.226794	-92.466779
31788		9.642081	0.398510	-0.907683	-0.027755	-0.014279	0.016217	-0.455811	-0.660889	-0.006104	152.676184	-82.222344	-92.560989
31789		9.627315	0.352470	-0.881150	-0.025557	-0.009825	0.015601	-0.456787	-0.661377	-0.013184	152.740251	-82.226922	-92.634156
31790		9.630407	0.384317	-0.891482	-0.027207	-0.007606	0.013663	-0.454102	-0.663086	-0.014160	152.800927	-82.225172	-92.705756
31791		9.618783	0.371674	-0.874073	-0.024416	-0.006503	0.009985	-0.459717	-0.659668	-0.014404	152.838374	-82.229937	-92.751466
31792		9.618745	0.370950	-0.874792	-0.024819	-0.010363	0.009542	-0.453613	-0.657227	-0.015625	152.890299	-82.225688	-92.812853
31793		9.607080	0.358475	-0.857780	-0.025285	-0.011821	0.010269	-0.451172	-0.650879	-0.008789	152.938707	-82.227795	-92.870131
31794		9.619004	0.357760	-0.916970	-0.028712	-0.002572	0.008732	-0.447510	-0.652100	-0.006836	152.970450	-82.227298	-92.913400
31795		9.638748	0.359182	-0.903008	-0.029379	-0.004449	0.013632	-0.453369	-0.657959	-0.010254	153.015401	-82.233982	-92.969388
31796		9.602440	0.386662	-0.941045	-0.026387	0.000096	0.014572	-0.449707	-0.654297	-0.018311	153.065302	-82.236355	-93.029637
31797		9.599367	0.352496	-0.931296	-0.027242	0.002407	0.014191	-0.449463	-0.658203	-0.011475	153.100636	-82.246662	-93.074806
31798		9.582866	0.382167	-0.954516	-0.022925	0.006095	0.014791	-0.460205	-0.659424	-0.014160	153.142063	-82.252147	-93.124499
31799		9.579827	0.348048	-0.944312	-0.021927	0.006604	0.012175	-0.451172	-0.656738	-0.011230	153.165306	-82.264055	-93.154419
31800		9.559860	0.356424	-0.917185	-0.016427	0.006611	0.015436	-0.462646	-0.663330	-0.015137	153.212062	-82.269962	-93.205731
31801		9.619177	0.361736	-0.873901	-0.013312	0.006353	0.014032	-0.453125	-0.658936	-0.010986	153.248089	-82.282199	-93.243601
31802		9.596380	0.325389	-0.877931	-0.012314	0.006864	0.011415	-0.457520	-0.659912	-0.015137	153.281710	-82.287190	-93.279279
31803		9.596822	0.312443	-0.917969	-0.009075	0.004814	0.016462	-0.454590	-0.659180	-0.012207	153.332613	-82.299229	-93.329686
31804		9.565532	0.297198	-0.913908	-0.005371	0.001210	0.011989	-0.452881	-0.655029	-0.004150	153.383266	-82.301465	-93.378534
31805		9.577199	0.307884	-0.931819	-0.002724	-0.000504	0.011308	-0.448730	-0.663818	-0.020508	153.428926	-82.309412	-93.419879
31806		9.585323	0.297218	-0.899807	-0.001869	-0.002817	0.011690	-0.461426	-0.654297	-0.013428	153.488173	-82.309495	-93.475374
31807		9.574017	0.272666	-0.922991	0.002955	-0.007702	0.011049	-0.449219	-0.662598	-0.016113	153.549722	-82.313670	-93.529631
31808		9.565500	0.292749	-0.915682	-0.000649	-0.016530	0.013834	-0.462891	-0.652832	-0.010254	153.643700	-82.307244	-93.619466
31809		9.548827	0.322293	-0.941104	0.001529	-0.019702	0.013876	-0.451660	-0.649414	-0.001953	153.738147	-82.305932	-93.707691
31810		9.565232	0.290199	-0.919282	0.002526	-0.019191	0.011258	-0.454834	-0.662842	-0.015625	153.828876	-82.297448	-93.792413
31811		9.576999	0.288909	-0.979969	0.004036	-0.024246	0.016199	-0.456299	-0.657715	-0.011963	153.942167	-82.294298	-93.898098
31812		9.545128	0.285360	-0.937982	0.004296	-0.026224	0.010853	-0.450195	-0.653320	-0.011719	154.045042	-82.282049	-93.994057
31813		9.548382	0.305640	-0.990711	0.006943	-0.027942	0.010173	-0.451660	-0.654541	-0.010010	154.143633	-82.275416	-94.083291
31814		9.567897	0.306803	-0.979199	0.008735	-0.027345	0.009110	-0.454102	-0.651611	-0.008545	154.243927	-82.262109	-94.174083
31815		9.619068	0.310218	-1.011903	0.010936	-0.022889	0.008493	-0.449463	-0.650391	-0.014404	154.329060	-82.257599	-94.247382
31816		9.598867	0.318874	-0.987508	0.014460	-0.019291	0.007534	-0.449463	-0.651611	-0.012207	154.411492	-82.248025	-94.316840
31817		9.618694	0.308572	-1.015947	0.012400	-0.020923	0.005152	-0.455811	-0.653076	-0.007324	154.480904	-82.243639	-94.373455
31818		9.578708	0.315445	-1.005830	0.009872	-0.024013	0.003494	-0.457520	-0.661377	-0.014160	154.553598	-82.230602	-94.435740
31819		9.575067	0.293620	-0.957968	0.009348	-0.023069	0.005392	-0.456299	-0.652100	-0.005615	154.626140	-82.225148	-94.497394
31820		9.558473	0.312283	-1.024620	0.008610	-0.025561	0.002669	-0.458984	-0.657471	-0.004395	154.697368	-82.211087	-94.558933
31821		9.558053	0.323634	-0.986196	0.006375	-0.019985	0.003799	-0.457520	-0.664551	-0.005859	154.756814	-82.206796	-94.608996
31822		9.609235	0.327569	-1.018255	0.004665	-0.015353	0.003031	-0.455811	-0.651855	-0.007324	154.808617	-82.198097	-94.653213
31823		9.589133	0.336768	-0.993132	0.010307	-0.012526	0.003279	-0.458252	-0.653564	-0.002197	154.854910	-82.197494	-94.687783
31824		9.608854	0.338528	-0.979781	0.007684	-0.003174	0.003296	-0.458496	-0.651367	-0.007080	154.887690	-82.195168	-94.711053
31825		9.613839	0.295483	-0.938466	0.009804	-0.003946	0.004509	-0.450928	-0.649658	-0.002441	154.923432	-82.199306	-94.735220
31826		9.594010	0.292934	-0.953123	-0.000546	-0.006688	0.002564	-0.457275	-0.651367	-0.013916	154.954929	-82.194974	-94.761954
31827		9.554348	0.288397	-0.982253	0.000367	-0.011408	0.001779	-0.453369	-0.662109	-0.005371	154.988024	-82.194531	-94.788905
31828		9.522824	0.274207	-0.979927	0.002000	-0.021272	0.004388	-0.456787	-0.656250	-0.001465	155.053534	-82.183061	-94.848499
31829		9.522647	0.273892	-0.981739	-0.000509	-0.016727	0.002065	-0.458252	-0.653320	-0.001953	155.096727	-82.179869	-94.886157
31830		9.573832	0.277814	-1.013541	0.001498	-0.012692	0.005616	-0.455078	-0.653076	-0.004639	155.151303	-82.173141	-94.935007
31831		9.624925	0.293224	-1.004246	0.001851	-0.006427	0.007228	-0.457031	-0.659424	-0.006104	155.197572	-82.176542	-94.974389
31832		9.621521	0.271303	-0.954863	0.003231	-0.009691	0.005717	-0.454102	-0.650391	-0.000244	155.248181	-82.171388	-95.018232
31833		9.641246	0.273195	-0.941603	0.003091	-0.007898	-0.000741	-0.458984	-0.668945	-0.001221	155.267641	-82.172068	-95.029843
31834		9.616435	0.301629	-1.039152	0.005466	-0.015272	0.004592	-0.462402	-0.657471	-0.005615	155.324909	-82.163732	-95.079115
31835		9.604893	0.277638	-1.062842	0.002376	-0.007375	0.005333	-0.458252	-0.652344	-0.010986	155.366142	-82.166132	-95.113294
31836		9.573354	0.275007	-1.018808	0.004575	-0.002915	0.004706	-0.455811	-0.660889	0.001221	155.401786	-82.164249	-95.141255
31837		9.553545	0.272457	-1.033044	0.007297	0.000597	0.002182	-0.449707	-0.663574	-0.009766	155.420194	-82.170007	-95.149459
31838		9.545204	0.293629	-1.024397	0.007432	0.003424	-0.000827	-0.458984	-0.654297	-0.003906	155.425533	-82.170106	-95.145178
31839		9.553480	0.284103	-0.991893	0.002199	0.004459	-0.000628	-0.461426	-0.659912	-0.001465	155.423606	-82.177156	-95.135832
31840		9.604722	0.299979	-0.981149	0.009440	0.007460	0.002723	-0.451904	-0.657959	-0.005127	155.436560	-82.180204	-95.138075
31841		9.596552	0.309448	-1.012687	0.005778	0.005653	-0.002766	-0.455811	-0.659424	-0.004639	155.426856	-82.187357	-95.118778
31842		9.604842	0.299716	-0.980057	0.005395	0.004808	0.005589	-0.452881	-0.643799	-0.014404	155.452990	-82.189705	-95.136664
31843		9.588308	0.330223	-1.003245	0.007376	0.005827	0.000343	-0.463379	-0.657715	-0.007568	155.455597	-82.197681	-95.128905
31844		9.573586	0.285422	-0.975097	0.003465	0.006003	0.000199	-0.463623	-0.660400	-0.007324	155.458074	-82.199369	-95.124029
31845		9.540447	0.347130	-1.022015	0.003522	0.003598	-0.000969	-0.457275	-0.657715	-0.009277	155.457719	-82.205898	-95.115696
31846		9.553853	0.283173	-0.988564	0.003387	0.000772	0.002040	-0.456787	-0.654785	-0.004639	155.476252	-82.205297	-95.127070
31847		9.585393	0.285318	-1.032854	0.000602	0.004283	-0.003737	-0.454102	-0.658691	-0.005371	155.462464	-82.211446	-95.106711
31848		9.545677	0.292913	-1.020190	0.006966	0.001966	-0.000097	-0.459229	-0.658203	-0.002197	155.472835	-82.210959	-95.107777
31849		9.605269	0.287526	-1.018008	0.004731	0.007547	0.001026	-0.451660	-0.654297	-0.006348	155.474110	-82.219899	-95.100182
31850		9.596831	0.320730	-0.968184	0.006713	0.008565	-0.004220	-0.456543	-0.654297	0.000488	155.457116	-82.221871	-95.073776
31851		9.593670	0.288198	-0.957969	0.007294	0.005213	-0.007283	-0.455566	-0.656494	-0.000732	155.432309	-82.227580	-95.038279
31852		9.522538	0.282381	-0.941622	0.008595	-0.003282	-0.006951	-0.456787	-0.657471	-0.005615	155.426619	-82.222726	-95.022194
31853		9.573964	0.275455	-1.012940	0.010385	-0.002686	-0.008019	-0.456787	-0.653320	-0.004150	155.414654	-82.224136	-94.997957
31854		9.545763	0.295233	-1.018711	0.010795	0.001175	-0.007578	-0.455566	-0.651367	-0.009766	155.400070	-82.221454	-94.971622
31855		9.573757	0.288532	-0.972496	0.009063	-0.001827	-0.007677	-0.451904	-0.657715	-0.004395	155.387169	-82.223390	-94.947263
31856		9.576905	0.322091	-0.982398	0.010718	-0.004055	-0.005735	-0.457520	-0.654785	-0.007813	155.388717	-82.218422	-94.937255
31857		9.537060	0.330209	-0.970759	0.008769	-0.010499	-0.010451	-0.456299	-0.663330	-0.005371	155.380243	-82.215130	-94.917540
31858		9.548511	0.342601	-0.989711	0.010309	-0.007918	-0.006174	-0.460449	-0.655518	-0.008301	155.386641	-82.208046	-94.912663
31859		9.548391	0.343069	-0.990712	0.008111	-0.012376	-0.005544	-0.455322	-0.656006	-0.009521	155.399863	-82.204952	-94.915363
31860		9.513689	0.296735	-0.978456	0.015659	-0.013765	-0.008702	-0.460449	-0.660156	-0.003662	155.409881	-82.194218	-94.911046
31861		9.579580	0.346357	-1.037811	0.018715	-0.011624	-0.008943	-0.460449	-0.657471	-0.000488	155.415040	-82.190682	-94.899456
31862		9.655761	0.299125	-1.053955	0.019125	-0.007764	-0.008504	-0.456299	-0.656494	-0.003906	155.417363	-82.183123	-94.885366
31863		9.644127	0.287923	-1.036486	0.022921	-0.003128	-0.006025	-0.466797	-0.658691	-0.010010	155.421618	-82.184679	-94.870325
31864		9.627323	0.331199	-1.019785	0.018811	0.001236	-0.011463	-0.457031	-0.650391	-0.001709	155.396914	-82.181103	-94.829137
31865		9.612754	0.275448	-1.032283	0.021750	0.008189	-0.009375	-0.458496	-0.655762	0.000732	155.368170	-82.187782	-94.781629
31866		9.615987	0.308985	-1.041139	0.018113	0.009402	-0.006071	-0.455078	-0.655273	0.003662	155.349310	-82.189742	-94.746743
31867		9.644305	0.290510	-1.034110	0.021378	0.019593	-0.011171	-0.460938	-0.658691	0.000977	155.293825	-82.201819	-94.672146
31868		9.607885	0.331858	-1.029543	0.019257	0.020361	-0.012383	-0.453125	-0.657227	0.000244	155.232338	-82.207961	-94.593576
31869		9.588263	0.330574	-1.041736	0.021847	0.021044	-0.011894	-0.460693	-0.654053	0.000488	155.171413	-82.220573	-94.513320
31870		9.517503	0.313167	-1.064083	0.021051	0.020951	-0.013445	-0.448242	-0.654541	0.000000	155.105583	-82.226742	-94.429332
31871		9.517484	0.326076	-1.021720	0.020120	0.018038	-0.011985	-0.448730	-0.657959	0.001221	155.048303	-82.237706	-94.353680
31872		9.480989	0.367435	-1.017666	0.015334	0.012894	-0.011839	-0.450684	-0.656982	-0.005127	154.999364	-82.240057	-94.290048
31873		9.472843	0.377787	-1.048845	0.017517	0.009717	-0.011785	-0.456299	-0.655029	-0.006104	154.955575	-82.246649	-94.229539
31874		9.532699	0.361507	-1.086424	0.014750	0.016249	-0.008781	-0.451904	-0.664063	-0.003906	154.911868	-82.251470	-94.171528
31875		9.572426	0.366780	-1.056433	0.018740	0.021298	-0.010476	-0.460938	-0.654785	-0.003906	154.852902	-82.264399	-94.095244
31876		9.631942	0.374283	-1.012081	0.017748	0.020793	-0.007853	-0.452881	-0.652100	-0.002686	154.806093	-82.271788	-94.032372
31877		9.589208	0.349193	-0.988108	0.017222	0.021743	-0.005959	-0.455566	-0.653809	-0.001953	154.762814	-82.286056	-93.972737
31878		9.549862	0.345223	-1.014306	0.016096	0.023012	-0.009795	-0.453369	-0.664307	0.003906	154.703348	-82.294106	-93.898051
31879		9.620963	0.364352	-0.987623	0.015509	0.026369	-0.006737	-0.457764	-0.659668	0.005371	154.647432	-82.310475	-93.826546
31880		9.657875	0.324421	-0.987398	0.013268	0.031948	-0.005627	-0.460205	-0.657227	-0.005859	154.585684	-82.324154	-93.751197
31881		9.689240	0.351028	-0.947589	0.015728	0.034401	-0.011590	-0.451416	-0.664795	0.000732	154.496197	-82.343500	-93.645854
31882		9.655044	0.305153	-0.930552	0.016666	0.037304	-0.013041	-0.454834	-0.658936	-0.001709	154.397370	-82.358086	-93.531134
31883		9.661952	0.360229	-0.987006	0.022376	0.037719	-0.013943	-0.454102	-0.656738	0.000732	154.295208	-82.378412	-93.409086
31884		9.741996	0.346339	-1.006943	0.024740	0.055649	-0.009475	-0.450684	-0.658203	-0.010742	154.179583	-82.403296	-93.272762
31885		9.753864	0.370546	-0.978331	0.019340	0.071516	-0.006481	-0.451416	-0.655762	0.003174	154.039380	-82.442846	-93.114196
31886		9.763054	0.349725	-0.979321	0.021163	0.079717	-0.008209	-0.454102	-0.656494	-0.002686	153.878687	-82.480350	-92.934501
31887		9.703805	0.367510	-0.933409	0.014264	0.075332	-0.009285	-0.447510	-0.655762	0.005371	153.714543	-82.521008	-92.754542
31888		9.581695	0.357543	-0.880871	0.019619	0.061855	-0.011086	-0.460449	-0.656738	-0.000732	153.573027	-82.548480	-92.595110
31889		9.428493	0.321809	-0.866863	0.012412	0.041193	-0.014263	-0.454102	-0.656006	-0.005371	153.452416	-82.570233	-92.460104
31890		9.383999	0.372948	-0.893844	0.011854	0.023857	-0.019791	-0.456787	-0.656982	-0.008545	153.345304	-82.575915	-92.339868
31891		9.337192	0.366955	-0.993814	0.006749	0.005485	-0.012970	-0.457520	-0.662842	-0.001465	153.295618	-82.579694	-92.280074
31892		9.335478	0.443336	-1.045222	-0.005934	0.003102	-0.012019	-0.454346	-0.662109	-0.007324	153.249724	-82.576724	-92.231853
31893		9.366798	0.458115	-1.048892	-0.012472	-0.001981	-0.003221	-0.456543	-0.664551	-0.004639	153.242210	-82.579126	-92.225713
31894		9.350693	0.476794	-1.114054	-0.016764	-0.012639	0.004473	-0.449707	-0.669922	-0.007813	153.286032	-82.572352	-92.274223
31895		9.429816	0.473517	-1.098744	-0.019772	-0.014135	0.012321	-0.454590	-0.659912	0.001465	153.359045	-82.572435	-92.353589
31896		9.485648	0.446571	-1.047303	-0.034698	-0.010948	0.014383	-0.451660	-0.662109	0.006836	153.428044	-82.569055	-92.437851
31897		9.572905	0.432962	-0.999259	-0.038362	-0.006688	0.026454	-0.450684	-0.654541	-0.000488	153.532440	-82.576492	-92.559079
31898		9.631543	0.450046	-0.916301	-0.049420	-0.004317	0.021070	-0.452393	-0.652588	-0.003662	153.606354	-82.578187	-92.656803
31899		9.648125	0.417763	-0.892455	-0.052065	-0.002606	0.021747	-0.452881	-0.663086	-0.001465	153.676395	-82.586478	-92.751379
31900		9.707263	0.423133	-0.849700	-0.054970	-0.001940	0.018977	-0.452881	-0.651123	-0.001221	153.734392	-82.588833	-92.836258
31901		9.746715	0.426384	-0.821058	-0.052700	0.000099	0.017202	-0.455078	-0.660400	-0.000244	153.781202	-82.597315	-92.907827
31902		9.760071	0.361723	-0.787494	-0.042744	-0.004052	0.009963	-0.452881	-0.650879	-0.001953	153.814791	-82.596286	-92.961026
31903		9.757320	0.316426	-0.818890	-0.031998	-0.008107	0.004277	-0.454346	-0.663086	-0.003662	153.838576	-82.597277	-92.997398
31904		9.729538	0.323522	-0.866170	-0.016611	-0.009839	0.001472	-0.460449	-0.660889	-0.003662	153.864756	-82.591121	-93.028027
31905		9.701266	0.342994	-0.872978	-0.005251	-0.009619	-0.007950	-0.459229	-0.653564	-0.000244	153.858314	-82.588262	-93.018782
31906		9.634012	0.346180	-0.949192	-0.000308	-0.016283	-0.002116	-0.453369	-0.657715	-0.006592	153.892078	-82.577884	-93.047640
31907		9.572695	0.426941	-1.003849	-0.005583	-0.005229	-0.001437	-0.448486	-0.656250	-0.005371	153.902883	-82.578920	-93.055834
31908		9.541318	0.413135	-1.000178	-0.006091	0.003342	-0.000211	-0.452393	-0.658447	-0.001953	153.902834	-82.579120	-93.053935
31909		9.513656	0.420422	-1.045950	-0.011773	0.010540	0.000024	-0.451904	-0.658936	-0.003418	153.884965	-82.588516	-93.036667
31910		9.525013	0.444050	-1.022027	-0.019719	0.015687	0.002045	-0.448242	-0.653320	-0.003662	153.862070	-82.595634	-93.019604
31911		9.524771	0.455766	-0.979454	-0.025138	0.023921	0.005733	-0.454346	-0.656494	0.002930	153.833135	-82.613319	-92.998866
31912		9.521386	0.434288	-0.926681	-0.034343	0.027520	0.006924	-0.454102	-0.656250	0.001465	153.798013	-82.627753	-92.977924
31913		9.569558	0.417284	-0.903350	-0.037224	0.035813	0.003493	-0.459473	-0.653564	-0.002197	153.730412	-82.650986	-92.925049
31914		9.567178	0.372129	-0.931038	-0.034930	0.030857	0.010001	-0.455322	-0.651855	-0.002930	153.700343	-82.667911	-92.909543
31915		9.591956	0.331151	-0.871824	-0.033664	0.032395	0.010842	-0.456299	-0.660645	0.000732	153.670405	-82.691302	-92.892822
31916		9.632147	0.323014	-0.880553	-0.026693	0.034359	0.010785	-0.457764	-0.662842	-0.010742	153.641025	-82.710222	-92.873252
31917		9.640452	0.312653	-0.844809	-0.021046	0.037180	0.011066	-0.456787	-0.657227	-0.012207	153.609017	-82.736063	-92.847399
31918		9.672745	0.313763	-0.885282	-0.016403	0.039493	0.013965	-0.450439	-0.654541	-0.005371	153.587801	-82.758425	-92.830119
31919		9.652911	0.322171	-0.855182	-0.017662	0.037946	0.013133	-0.454102	-0.654541	-0.001953	153.563990	-82.785156	-92.810514
31920		9.653284	0.320750	-0.851494	-0.013173	0.037438	0.019032	-0.450928	-0.665283	-0.007568	153.569126	-82.807755	-92.817933
31921		9.628798	0.371299	-0.863110	-0.014339	0.041109	0.016377	-0.458984	-0.656982	-0.008789	153.554104	-82.836864	-92.805095
31922		9.618047	0.346420	-0.881937	-0.014275	0.038706	0.015207	-0.443115	-0.658203	-0.009521	153.540385	-82.859137	-92.794146
31923		9.575268	0.319340	-0.856842	-0.012632	0.036479	0.017153	-0.456299	-0.660400	-0.009277	153.538493	-82.886052	-92.793659
31924		9.550760	0.370169	-0.869139	-0.015034	0.028599	0.013125	-0.452637	-0.646484	0.002441	153.536370	-82.902610	-92.794836
31925		9.568002	0.326612	-0.883376	-0.011793	0.023543	0.009380	-0.451416	-0.657715	-0.006104	153.530394	-82.920931	-92.789487
31926		9.532273	0.354580	-0.919404	-0.011732	0.021144	0.008205	-0.464600	-0.653564	-0.009033	153.525154	-82.932409	-92.785615
31927		9.552122	0.356202	-0.902901	-0.015954	0.022681	0.005763	-0.449951	-0.655518	-0.008057	153.503417	-82.949397	-92.767146
31928		9.543863	0.377057	-0.892259	-0.013367	0.023363	0.006269	-0.452637	-0.655273	-0.009277	153.484546	-82.961518	-92.750484
31929		9.576175	0.378782	-0.934130	-0.021656	0.022252	0.006657	-0.454102	-0.659912	-0.011963	153.463529	-82.978389	-92.735850
31930		9.528692	0.395343	-0.952279	-0.021654	0.022250	0.006660	-0.456299	-0.654541	-0.003662	153.443716	-82.990037	-92.723024
31931		9.556340	0.387262	-0.903572	-0.024933	0.019685	0.011050	-0.454102	-0.653809	-0.003662	153.444768	-83.006734	-92.732629
31932		9.548760	0.396079	-0.933855	-0.027516	0.018999	0.010549	-0.456787	-0.655762	-0.009766	153.444586	-83.017713	-92.742966
31933		9.537165	0.383710	-0.914011	-0.031734	0.020535	0.008109	-0.455811	-0.655273	-0.007080	153.427947	-83.034072	-92.738565
31934		9.550614	0.371669	-1.011101	-0.036114	0.019250	0.008663	-0.449707	-0.655029	-0.007324	153.414404	-83.044697	-92.740403
31935		9.590037	0.375524	-0.980329	-0.036898	0.019161	0.007109	-0.451172	-0.654297	-0.012695	153.393296	-83.060020	-92.734409
31936		9.598029	0.365567	-0.946015	-0.037742	0.021465	0.006736	-0.449951	-0.649902	-0.011475	153.365972	-83.071284	-92.723304
31937		9.625603	0.357593	-0.897303	-0.041808	0.018809	0.009566	-0.459229	-0.660400	-0.013916	153.352715	-83.087026	-92.728151
31938		9.606178	0.354825	-0.910180	-0.035836	0.010252	0.011583	-0.444580	-0.654053	-0.009521	153.370668	-83.093793	-92.761556
31939		9.606321	0.354250	-0.908892	-0.037778	0.013843	0.007377	-0.450439	-0.658936	-0.007813	153.361138	-83.106396	-92.767933
31940		9.593877	0.353588	-0.849105	-0.038726	0.010931	0.008811	-0.457275	-0.657959	-0.006836	153.364340	-83.112798	-92.788146
31941		9.586250	0.362706	-0.880285	-0.035770	0.007847	0.010411	-0.454834	-0.663086	-0.012939	153.382243	-83.123092	-92.820841
31942		9.602580	0.330981	-0.855632	-0.033184	0.008528	0.010920	-0.465576	-0.648682	-0.010742	153.402773	-83.128803	-92.855308
31943		9.594961	0.339995	-0.886842	-0.032706	0.009979	0.010210	-0.453125	-0.656250	-0.012939	153.417396	-83.140238	-92.883313
31944		9.575492	0.337355	-0.900239	-0.026468	0.009470	0.007424	-0.455078	-0.654053	-0.011963	153.424975	-83.145533	-92.900859
31945		9.603664	0.317601	-0.893333	-0.024359	0.008697	0.008645	-0.451416	-0.659668	-0.005859	153.440203	-83.155791	-92.924445
31946		9.574929	0.347637	-0.857962	-0.017444	0.003053	0.009217	-0.450439	-0.659180	-0.007813	153.474366	-83.158256	-92.963557
31947		9.563885	0.323820	-0.880403	-0.018063	0.005798	0.004671	-0.457764	-0.651611	-0.006104	153.482751	-83.165893	-92.976291
31948		9.563953	0.323436	-0.879799	-0.022977	0.005448	0.007122	-0.450195	-0.656982	-0.012939	153.499741	-83.169047	-93.001299
31949		9.607336	0.348794	-0.900242	-0.025869	0.006137	0.004345	-0.459473	-0.652588	-0.009766	153.501817	-83.176836	-93.012332
31950		9.592150	0.303675	-0.872516	-0.027188	0.006989	0.004688	-0.453125	-0.655029	-0.005371	153.502717	-83.180157	-93.023565
31951		9.599764	0.358169	-0.931116	-0.021120	0.003655	0.004884	-0.460205	-0.657227	-0.009277	153.515622	-83.186816	-93.042726
31952		9.595661	0.336130	-0.880717	-0.027353	0.004156	0.007678	-0.459717	-0.659424	-0.010742	153.535348	-83.189447	-93.073014
31953		9.603423	0.325845	-0.848113	-0.019012	0.002880	0.006105	-0.441162	-0.659912	0.000488	153.556410	-83.196036	-93.099513
31954		9.595732	0.335148	-0.880324	-0.018277	-0.004650	0.008271	-0.453369	-0.657959	-0.001709	153.602754	-83.194297	-93.151371
31955		9.543920	0.330237	-0.851141	-0.014149	-0.004379	0.004261	-0.455078	-0.656250	-0.006836	153.634225	-83.196429	-93.184618
31956		9.567642	0.353488	-0.887039	-0.016956	-0.005505	0.007931	-0.449951	-0.652588	-0.013672	153.681665	-83.194156	-93.236816
31957		9.583784	0.321877	-0.863948	-0.015101	-0.007292	0.005687	-0.459229	-0.654785	-0.009033	153.724657	-83.195273	-93.282858
31958		9.556441	0.329333	-0.911261	-0.013781	-0.008146	0.005345	-0.451416	-0.654541	-0.006348	153.768346	-83.190978	-93.329447
31959		9.615155	0.334930	-0.868474	-0.017263	-0.004132	0.005662	-0.459229	-0.657715	-0.013672	153.803773	-83.193715	-93.369097
31960		9.615135	0.334382	-0.868907	-0.018749	-0.006112	0.008990	-0.457275	-0.654541	-0.003662	153.855956	-83.191378	-93.427107
31961		9.653526	0.349046	-0.800016	-0.019168	-0.009958	0.008513	-0.456543	-0.648682	-0.008301	153.915037	-83.191846	-93.491862
31962		9.586258	0.363681	-0.835667	-0.019167	-0.009960	0.008514	-0.452637	-0.656982	-0.009766	153.972973	-83.187396	-93.555908
31963		9.622689	0.322704	-0.839271	-0.023322	-0.010803	0.004892	-0.452148	-0.660400	-0.009521	154.015633	-83.186447	-93.606364
31964		9.590445	0.319887	-0.796039	-0.028598	-0.007393	0.006270	-0.459961	-0.654541	-0.015137	154.052999	-83.182744	-93.655136
31965		9.642942	0.312790	-0.866502	-0.039771	0.002181	0.004483	-0.452393	-0.659424	-0.008301	154.056966	-83.188372	-93.676419
31966		9.655600	0.313335	-0.924287	-0.042296	0.009106	0.003387	-0.452393	-0.659424	-0.010254	154.039436	-83.192445	-93.677808
31967		9.631966	0.289459	-0.887745	-0.037662	0.011399	0.006303	-0.449951	-0.651367	-0.011719	154.033195	-83.203183	-93.687336
31968		9.627796	0.332340	-0.927801	-0.038446	0.011317	0.004748	-0.454834	-0.656006	-0.010986	154.019090	-83.208737	-93.689952
31969		9.668621	0.313371	-0.978722	-0.032972	0.021300	0.008632	-0.457764	-0.648438	-0.013916	154.004857	-83.225172	-93.688716
31970		9.644352	0.300108	-0.900381	-0.028816	0.022135	0.012260	-0.456299	-0.650391	-0.007080	154.005971	-83.238183	-93.701101
31971		9.588554	0.337989	-0.909573	-0.027691	0.027884	0.007865	-0.456299	-0.662354	-0.007080	153.978052	-83.257868	-93.683054
31972		9.581162	0.347242	-0.938944	-0.025332	0.028111	0.012548	-0.451660	-0.648926	-0.011475	153.969698	-83.274030	-93.683895
31973		9.596024	0.337776	-0.831093	-0.025889	0.028483	0.006818	-0.453857	-0.647705	-0.008789	153.936558	-83.293654	-93.659486
31974		9.597049	0.326112	-0.869293	-0.017192	0.023448	0.006306	-0.451660	-0.655273	-0.020264	153.915409	-83.305844	-93.642747
31975		9.549675	0.343250	-0.887456	-0.014805	0.020739	0.002151	-0.459717	-0.657715	-0.021240	153.884216	-83.320304	-93.614051
31976		9.565948	0.311606	-0.862203	-0.007348	0.014724	0.008426	-0.452637	-0.652588	-0.007080	153.896695	-83.328539	-93.625492
31977		9.566083	0.311215	-0.860855	-0.002154	0.013154	0.000600	-0.450684	-0.662354	-0.015625	153.882424	-83.338712	-93.606684
31978		9.557726	0.332269	-0.851243	-0.004066	0.007323	0.003434	-0.454102	-0.663086	-0.010010	153.890791	-83.341880	-93.612093
31979		9.549345	0.353248	-0.841923	-0.000951	0.007078	0.002034	-0.458252	-0.655518	-0.018555	153.896333	-83.349177	-93.612476
31980		9.581684	0.355614	-0.885472	0.000251	0.001004	0.003467	-0.454346	-0.664307	-0.003174	153.920994	-83.349102	-93.631800
31981		9.581706	0.355322	-0.885351	0.002047	0.001610	0.002413	-0.452881	-0.654297	-0.011963	153.942321	-83.353719	-93.646328
31982		9.597812	0.323807	-0.861693	0.005946	0.001441	0.002573	-0.454346	-0.650146	-0.011230	153.965367	-83.353643	-93.660739
31983		9.578261	0.321743	-0.876181	0.005217	-0.001020	-0.000185	-0.455566	-0.654297	-0.012695	153.982740	-83.356230	-93.669292
31984		9.601294	0.356658	-0.870756	0.003365	0.000759	0.002067	-0.454834	-0.649902	-0.011230	154.003547	-83.355674	-93.682937
31985		9.590184	0.333416	-0.893935	0.006536	-0.001871	-0.000531	-0.458008	-0.659424	-0.016113	154.022103	-83.357738	-93.692008
31986		9.589329	0.344442	-0.853677	0.012421	-0.008039	0.002625	-0.451904	-0.657959	-0.016357	154.069496	-83.352788	-93.727197
31987		9.585792	0.311212	-0.845380	0.010546	-0.006811	-0.002765	-0.450928	-0.659912	-0.007813	154.090581	-83.351709	-93.736839
31988		9.578074	0.321237	-0.878409	0.015592	-0.010671	0.000029	-0.460449	-0.654785	0.000488	154.133877	-83.344748	-93.766073
31989		9.596736	0.334312	-0.824240	0.014808	-0.010748	-0.001530	-0.461914	-0.653564	-0.006104	154.172345	-83.341897	-93.790134
31990		9.585530	0.311210	-0.848352	0.009591	-0.009728	-0.001345	-0.452881	-0.653076	-0.004883	154.203998	-83.335075	-93.811109
31991		9.577000	0.332620	-0.840626	0.005384	-0.008178	-0.003775	-0.452393	-0.667725	-0.012695	154.221673	-83.333019	-93.819791
31992		9.597259	0.323615	-0.867907	0.008862	-0.012191	-0.004101	-0.465576	-0.660156	-0.011719	154.245918	-83.324238	-93.833729
31993		9.572606	0.376265	-0.883912	0.005692	-0.009559	-0.001504	-0.451904	-0.658447	-0.012207	154.275972	-83.322016	-93.855289
31994		9.580178	0.366459	-0.852647	0.009285	-0.008349	-0.003613	-0.448730	-0.648193	-0.014160	154.294368	-83.315338	-93.863094
31995		9.608109	0.347161	-0.847720	0.012482	-0.010427	0.001432	-0.458496	-0.663574	-0.007568	154.342683	-83.313311	-93.898738
31996		9.608035	0.346957	-0.848642	0.017337	-0.007683	0.000174	-0.451172	-0.651123	-0.007324	154.380881	-83.307915	-93.921835
31997		9.628335	0.337474	-0.875516	0.019557	-0.003235	-0.000394	-0.452637	-0.656494	-0.012207	154.410587	-83.309151	-93.934608
31998		9.655556	0.329325	-0.829159	0.018716	-0.000927	-0.000757	-0.460693	-0.655029	-0.007568	154.431171	-83.307014	-93.939175
31999		9.628323	0.337307	-0.875711	0.026632	0.003955	-0.002220	-0.453613	-0.652832	-0.011719	154.441703	-83.311537	-93.928737
32000		9.608770	0.335355	-0.889984	0.023574	0.001814	-0.002013	-0.456787	-0.653809	-0.012207	154.453752	-83.310506	-93.921908
32001		9.616474	0.325436	-0.857403	0.024953	0.008570	-0.002948	-0.458740	-0.651611	-0.007813	154.450201	-83.317215	-93.898299
32002		9.628437	0.337540	-0.874364	0.023383	0.008413	-0.006067	-0.454346	-0.651611	-0.008057	154.430330	-83.318592	-93.859442
32003		9.616570	0.325761	-0.856204	0.023043	0.002742	-0.000102	-0.451660	-0.661133	-0.009277	154.450928	-83.322982	-93.861084
32004		9.585137	0.311771	-0.852571	0.025263	0.007187	-0.000672	-0.458984	-0.656982	-0.006348	154.458516	-83.325061	-93.848789
32005		9.608215	0.346569	-0.846762	0.021192	0.004523	0.002149	-0.444092	-0.656006	-0.002930	154.483986	-83.330866	-93.856506
32006		9.596339	0.334336	-0.828834	0.019452	0.001531	0.002011	-0.452637	-0.652832	-0.009033	154.512041	-83.330682	-93.868170
32007		9.588699	0.343794	-0.860983	0.015858	0.000324	0.004120	-0.456543	-0.655029	-0.002686	154.551876	-83.334714	-93.893088
32008		9.568361	0.352728	-0.834710	0.013754	0.001098	0.002902	-0.456787	-0.648438	-0.006348	154.581532	-83.334524	-93.909650
32009		9.616748	0.323487	-0.855073	0.012265	-0.000882	0.006229	-0.463379	-0.656494	-0.009277	154.631934	-83.338535	-93.947438
32010		9.608315	0.344039	-0.846658	0.012265	-0.000882	0.006229	-0.458252	-0.656982	-0.018799	154.679653	-83.338132	-93.983045
32011		9.577617	0.318404	-0.884405	0.008167	-0.004109	0.001408	-0.450195	-0.656250	-0.003662	154.712609	-83.339330	-94.006305
32012		9.569131	0.339390	-0.876427	0.007211	-0.007021	0.002831	-0.450684	-0.651123	-0.004883	154.755199	-83.334910	-94.039664
32013		9.609023	0.331637	-0.888644	0.004210	-0.001549	0.002437	-0.460205	-0.660156	-0.007324	154.785209	-83.337513	-94.061427
32014		9.609010	0.331480	-0.888838	0.000841	-0.002309	0.000369	-0.458984	-0.652832	-0.005127	154.803340	-83.334931	-94.073835
32015		9.608983	0.331294	-0.889199	0.000670	-0.005142	0.003353	-0.451172	-0.651123	-0.005859	154.843291	-83.335978	-94.108071
32016		9.577480	0.317182	-0.886326	-0.000170	-0.002833	0.002984	-0.457520	-0.657471	-0.014893	154.873514	-83.333760	-94.133237
32017		9.620849	0.342648	-0.907562	-0.004858	-0.002739	0.001259	-0.457031	-0.659180	-0.006592	154.895461	-83.335482	-94.152562
32018		9.596989	0.318622	-0.872727	-0.002561	-0.010111	0.006541	-0.466797	-0.658691	-0.004150	154.955200	-83.330346	-94.208823
32019		9.601175	0.339942	-0.923372	-0.005814	-0.005650	0.002682	-0.455811	-0.650391	-0.005127	154.989701	-83.330929	-94.241388
32020		9.588447	0.339161	-0.865617	-0.008567	-0.009164	0.005160	-0.461426	-0.655518	-0.003174	155.037802	-83.325941	-94.289398
32021		9.587613	0.350003	-0.825908	-0.011320	-0.012679	0.007639	-0.456543	-0.656738	-0.012451	155.105676	-83.324019	-94.358495
32022		9.576380	0.326267	-0.850117	-0.014688	-0.013439	0.005573	-0.446533	-0.657715	0.000244	155.160751	-83.316896	-94.417058
32023		9.596611	0.316339	-0.877696	-0.014379	-0.014818	0.007847	-0.460205	-0.659180	-0.012207	155.231315	-83.313784	-94.490602
32024		9.576172	0.325311	-0.852829	-0.018534	-0.015656	0.004221	-0.452393	-0.655273	-0.010742	155.282494	-83.305169	-94.547464
32025		9.576792	0.313547	-0.895004	-0.022658	-0.015932	0.008238	-0.455078	-0.648926	-0.008301	155.352119	-83.301613	-94.625250
32026		9.603930	0.305090	-0.850080	-0.022548	-0.020710	0.005855	-0.452148	-0.653809	-0.010986	155.418222	-83.290741	-94.699455
32027		9.575777	0.323966	-0.857762	-0.028298	-0.018755	0.007947	-0.459961	-0.659424	-0.000977	155.488952	-83.285587	-94.781343
32028		9.596632	0.302826	-0.926708	-0.025605	-0.022853	0.006068	-0.452393	-0.654053	-0.005615	155.558155	-83.273628	-94.860436
32029		9.595743	0.313730	-0.888065	-0.028717	-0.022606	0.007473	-0.467529	-0.657715	-0.001709	155.634436	-83.266292	-94.948003
32030		9.575273	0.322722	-0.863830	-0.029502	-0.022686	0.005916	-0.463379	-0.657715	-0.007324	155.699927	-83.254360	-95.025608
32031		9.606575	0.336164	-0.869268	-0.029977	-0.024147	0.006632	-0.452881	-0.657471	-0.003418	155.774976	-83.246088	-95.113013
32032		9.574871	0.321975	-0.868557	-0.030033	-0.031765	0.007232	-0.452881	-0.651123	-0.007813	155.863405	-83.229695	-95.214029
32033		9.578750	0.343363	-0.921332	-0.033143	-0.031522	0.008641	-0.456055	-0.655518	-0.008057	155.958614	-83.217854	-95.323200
32034		9.594648	0.311766	-0.900500	-0.033815	-0.026375	0.005299	-0.457031	-0.659180	-0.005615	156.025008	-83.203797	-95.404212
32035		9.606308	0.323081	-0.920570	-0.035089	-0.024975	0.013295	-0.455322	-0.652100	-0.000977	156.126231	-83.196445	-95.520795
32036		9.634138	0.302833	-0.916971	-0.034133	-0.022063	0.011877	-0.455078	-0.645264	0.002197	156.212360	-83.186141	-95.621869
32037		9.605974	0.321465	-0.924618	-0.035759	-0.019830	0.009959	-0.452637	-0.650879	-0.003662	156.288871	-83.180641	-95.713386
32038		9.645080	0.324575	-0.897662	-0.034439	-0.020687	0.009616	-0.462646	-0.649170	-0.002441	156.361799	-83.170506	-95.801344
32039		9.605658	0.320098	-0.928366	-0.031542	-0.021395	0.012390	-0.461426	-0.647705	-0.007813	156.453933	-83.164731	-95.906461
32040		9.625171	0.320939	-0.915603	-0.038176	-0.014748	0.015336	-0.462402	-0.644531	-0.016113	156.538037	-83.158992	-96.007834
32041		9.608959	0.351060	-0.940078	-0.035166	-0.010225	0.016325	-0.460693	-0.655029	0.000000	156.623713	-83.160032	-96.109072
32042		9.577420	0.336134	-0.937678	-0.040327	-0.011591	0.015334	-0.457764	-0.657959	-0.004883	156.700408	-83.155919	-96.204225
32043		9.597587	0.325816	-0.964831	-0.036314	-0.006534	0.013703	-0.452148	-0.655029	-0.008057	156.767089	-83.158131	-96.286560
32044		9.577384	0.334184	-0.938741	-0.036676	-0.002764	0.012636	-0.459229	-0.662842	0.000732	156.817349	-83.158032	-96.352982
32045		9.585745	0.312059	-0.947643	-0.038465	-0.003376	0.013702	-0.458740	-0.651611	-0.000977	156.876540	-83.161817	-96.429004
32046		9.585754	0.311231	-0.947822	-0.037460	-0.002844	0.011086	-0.446777	-0.662354	-0.001953	156.919721	-83.161312	-96.488748
32047		9.597618	0.322520	-0.965633	-0.035665	-0.002239	0.010029	-0.455566	-0.648438	-0.011719	156.962370	-83.164799	-96.546248
32048		9.625663	0.302136	-0.959714	-0.035551	0.005909	0.017102	-0.455078	-0.649414	-0.010498	157.016807	-83.170246	-96.616227
32049		9.618509	0.300303	-1.032082	-0.036550	0.002454	0.010878	-0.457764	-0.643555	-0.009277	157.053927	-83.176474	-96.669125
32050		9.648991	0.335081	-0.953298	-0.038603	0.003758	0.017325	-0.455566	-0.658936	-0.013916	157.111798	-83.180822	-96.744322
32051		9.609220	0.341363	-0.940984	-0.038501	-0.001015	0.014926	-0.457275	-0.654541	-0.005371	157.172380	-83.186088	-96.822054
32052		9.577766	0.326596	-0.937513	-0.044547	0.002316	0.014785	-0.462646	-0.647705	-0.005859	157.218464	-83.189093	-96.888809
32053		9.609910	0.328380	-0.981090	-0.046697	0.005476	0.014788	-0.457031	-0.652588	-0.014893	157.262562	-83.197726	-96.954419
32054		9.610043	0.327412	-0.980114	-0.047103	0.011629	0.014935	-0.457275	-0.651611	-0.009277	157.290735	-83.205675	-97.004608
32055		9.610200	0.326595	-0.978847	-0.048677	0.011484	0.011825	-0.458740	-0.654297	-0.009277	157.309004	-83.216786	-97.045602
32056		9.562743	0.343411	-0.997734	-0.045946	0.007908	0.017570	-0.457520	-0.652100	-0.005127	157.356670	-83.223344	-97.114752
32057		9.578944	0.311195	-0.973573	-0.050197	0.008954	0.007517	-0.456543	-0.653564	-0.013184	157.360208	-83.232116	-97.141540
32058		9.567160	0.298588	-0.955159	-0.045364	0.004593	0.014464	-0.455322	-0.652100	-0.011230	157.400709	-83.236230	-97.203137
32059		9.587431	0.288703	-0.981111	-0.042519	0.003364	0.009579	-0.454102	-0.648438	-0.013672	157.427928	-83.242471	-97.249513
32060		9.591071	0.321437	-0.989395	-0.046409	0.003529	0.009444	-0.464600	-0.660889	-0.011719	157.447510	-83.244911	-97.290647
32061		9.571496	0.319253	-1.003357	-0.044303	0.002741	0.010653	-0.463867	-0.658936	-0.011230	157.480014	-83.251060	-97.343501
32062		9.590628	0.331169	-0.947731	-0.045565	0.001206	0.009807	-0.470215	-0.652588	-0.008301	157.506077	-83.252345	-97.390674
32063		9.583491	0.330180	-1.020323	-0.042194	0.001948	0.011867	-0.459473	-0.656250	-0.003662	157.547603	-83.258372	-97.451446
32064		9.563912	0.327830	-1.034408	-0.042191	0.001943	0.011872	-0.458496	-0.652100	-0.009277	157.583559	-83.260493	-97.506632
32065		9.552061	0.315140	-1.016608	-0.036458	0.000005	0.009742	-0.454102	-0.651123	-0.016113	157.622249	-83.264884	-97.560780
32066		9.551546	0.325276	-0.975506	-0.039082	0.001700	0.010461	-0.457520	-0.652344	-0.013184	157.654178	-83.266559	-97.610117
32067		9.592005	0.306630	-1.027966	-0.035856	0.006705	0.007286	-0.457520	-0.655518	-0.015137	157.669266	-83.273949	-97.640451
32068		9.580204	0.294036	-1.009616	-0.041272	0.007233	0.011693	-0.462891	-0.655029	-0.010498	157.695353	-83.278821	-97.685168
32069		9.588616	0.272217	-1.017615	-0.036423	0.009990	0.010424	-0.464355	-0.651611	-0.007324	157.718709	-83.288628	-97.724213
32070		9.572744	0.303093	-1.039471	-0.035679	0.012429	0.013200	-0.465332	-0.645508	-0.010986	157.745351	-83.296578	-97.766261
32071		9.600831	0.282816	-1.032690	-0.031571	0.012745	0.009160	-0.460205	-0.653320	-0.018311	157.761788	-83.307598	-97.795342
32072		9.620021	0.294592	-0.976254	-0.031477	0.007988	0.006735	-0.462646	-0.652344	-0.013428	157.769966	-83.311788	-97.816373
32073		9.580887	0.290873	-1.004035	-0.026890	0.012635	0.010861	-0.460205	-0.652588	-0.015381	157.796279	-83.323067	-97.853015
32074		9.597039	0.258667	-0.979699	-0.024883	0.013740	0.005620	-0.462891	-0.648682	-0.010742	157.792605	-83.330066	-97.858309
32075		9.600815	0.291523	-0.986983	-0.023260	0.011488	0.007525	-0.467773	-0.656738	-0.013672	157.808444	-83.339982	-97.882102
32076		9.597295	0.257742	-0.977431	-0.017224	0.008157	0.007645	-0.457031	-0.650879	-0.015625	157.828746	-83.344456	-97.907117
32077		9.545055	0.263011	-0.905947	-0.014692	0.011212	0.009358	-0.462402	-0.656006	-0.015869	157.858355	-83.354601	-97.939981
32078		9.589279	0.277559	-0.966160	-0.013255	0.015607	0.007251	-0.467041	-0.651855	-0.008545	157.865409	-83.362942	-97.949368
32079		9.569840	0.275433	-0.978974	-0.010198	0.017752	0.007045	-0.456299	-0.649414	-0.016602	157.875412	-83.376048	-97.959819
32080		9.601579	0.288371	-0.980458	-0.016048	0.014432	0.010937	-0.459961	-0.655029	-0.018799	157.899976	-83.384560	-97.988444
32081		9.601764	0.287850	-0.978796	-0.015180	0.019259	0.003092	-0.453613	-0.659424	-0.018799	157.885458	-83.397551	-97.977166
32082		9.622191	0.278433	-1.003496	-0.011987	0.017130	0.008113	-0.462402	-0.650635	-0.009766	157.894456	-83.406886	-97.987777
32083		9.590191	0.274610	-0.957915	-0.018145	0.015213	0.009742	-0.462646	-0.647217	-0.007568	157.916512	-83.419107	-98.014858
32084		9.562457	0.293481	-0.962009	-0.014209	0.012669	0.008662	-0.456543	-0.656494	-0.014404	157.935181	-83.426191	-98.036485
32085		9.566279	0.326051	-0.969257	-0.014209	0.012668	0.008664	-0.460449	-0.657471	-0.015381	157.959953	-83.436816	-98.063822
32086		9.543167	0.290465	-0.973787	-0.012987	0.016568	0.010741	-0.463135	-0.656250	-0.018066	157.981749	-83.446416	-98.087892
32087		9.595151	0.294402	-1.001846	-0.014994	0.012605	0.007106	-0.456299	-0.650635	-0.009766	157.998737	-83.456683	-98.108322
32088		9.582690	0.292064	-0.942126	-0.010843	0.013405	0.010724	-0.460938	-0.649902	-0.016357	158.027734	-83.464596	-98.138402
32089		9.586523	0.324685	-0.949369	-0.014467	0.011695	0.005188	-0.462891	-0.652832	-0.010010	158.038216	-83.473913	-98.151548
32090		9.563366	0.289148	-0.954251	-0.014905	0.010700	0.013551	-0.460693	-0.650635	-0.005127	158.083225	-83.480992	-98.200086
32091		9.583113	0.289643	-0.938565	-0.014729	0.013570	0.010591	-0.461914	-0.658936	-0.020508	158.115949	-83.492433	-98.235554
32092		9.590877	0.278059	-0.905365	-0.017000	0.011485	0.012355	-0.465332	-0.652832	-0.005371	158.152931	-83.499666	-98.277220
32093		9.572095	0.265096	-0.959580	-0.020407	0.013117	0.011519	-0.454590	-0.656738	-0.016113	158.187416	-83.511074	-98.318176
32094		9.579843	0.253642	-0.926405	-0.018570	0.011362	0.009239	-0.461182	-0.655029	-0.016357	158.209335	-83.517573	-98.345586
32095		9.615925	0.289422	-0.977856	-0.021582	0.006843	0.008220	-0.462891	-0.652100	-0.015137	158.238894	-83.524868	-98.382273
32096		9.600323	0.243239	-0.951056	-0.019574	0.010799	0.011864	-0.460693	-0.656738	-0.013428	158.273723	-83.531623	-98.423253
32097		9.616176	0.288054	-0.975790	-0.022233	0.012026	0.004926	-0.463379	-0.650635	-0.018311	158.278491	-83.540991	-98.435327
32098		9.580303	0.251087	-0.922337	-0.019047	0.009889	0.009945	-0.454346	-0.650635	-0.012939	158.306438	-83.546852	-98.469077
32099		9.572136	0.271636	-0.912390	-0.021883	0.008245	0.005966	-0.461426	-0.656006	-0.019775	158.323301	-83.554396	-98.493038
32100		9.603813	0.284899	-0.914520	-0.020572	0.007397	0.005606	-0.456055	-0.651611	-0.016113	158.334682	-83.558008	-98.510995
32101		9.564709	0.281584	-0.942985	-0.018913	0.002770	0.006281	-0.460938	-0.645996	-0.005615	158.364754	-83.562681	-98.546722
32102		9.567804	0.324779	-0.910083	-0.018128	0.002828	0.007842	-0.456299	-0.649414	-0.019287	158.396694	-83.564331	-98.583958
32103		9.591951	0.271228	-0.896012	-0.017298	0.000514	0.008180	-0.451416	-0.648682	-0.013916	158.441643	-83.568167	-98.633262
32104		9.584419	0.281323	-0.927697	-0.019436	0.003673	0.008207	-0.451416	-0.644531	-0.008545	158.473036	-83.570338	-98.670702
32105		9.596508	0.293185	-0.944428	-0.013402	0.009872	0.001368	-0.460205	-0.652344	-0.020752	158.470035	-83.577618	-98.669191
32106		9.593545	0.249287	-0.976189	-0.012795	0.007055	0.005886	-0.466797	-0.653564	-0.012451	158.487990	-83.581103	-98.689278
32107		9.639667	0.251530	-0.873342	-0.008249	0.011227	0.002368	-0.459961	-0.652832	-0.016357	158.490703	-83.589445	-98.691376
32108		9.632186	0.262060	-0.904455	-0.010960	0.005304	0.003601	-0.466309	-0.650391	-0.016602	158.502185	-83.591515	-98.703890
32109		9.612666	0.260539	-0.918377	-0.008161	0.006486	-0.000081	-0.459473	-0.649902	-0.013916	158.502255	-83.596801	-98.703229
32110		9.656363	0.286261	-0.937888	-0.008729	0.009760	0.003068	-0.453613	-0.644531	-0.008545	158.504160	-83.601135	-98.704821
32111		9.616620	0.293563	-0.924758	-0.006499	0.014216	0.002535	-0.455811	-0.654297	-0.020508	158.503088	-83.610979	-98.701433
32112		9.585147	0.279802	-0.920611	-0.002570	0.011677	0.001447	-0.461182	-0.647949	-0.022705	158.497206	-83.615994	-98.691637
32113		9.549165	0.320147	-0.915903	-0.005109	0.011455	0.008613	-0.469482	-0.650635	-0.016602	158.530331	-83.625701	-98.722671
32114		9.545537	0.286300	-0.906307	-0.005713	0.014272	0.004097	-0.461914	-0.648438	-0.015625	158.530432	-83.632656	-98.720708
32115		9.585543	0.278370	-0.916914	-0.009297	0.013031	0.006219	-0.458008	-0.647217	-0.013672	158.548102	-83.642735	-98.738433
32116		9.565376	0.286604	-0.889246	-0.008210	0.011678	0.010038	-0.465088	-0.648193	-0.016357	158.580138	-83.649552	-98.770042
