// General information: 
//  MT Manager version: 2022.2.0 
//  XDA version: 2022.2.0 build 7381 rev 124627 built on 2023-07-19
// Device information: 
//  DeviceId: 00B4BCF6
//  ProductCode: MTW2-3A7G6
//  Firmware Version: 4.6.0
//  Hardware Version: 2.0.0
// Device settings: 
//  Filter Profile: human(46.1)
//  Option Flags: Orientation Smoother Disabled, Position/Velocity Smoother Disabled, Continuous Zero Rotation Update Disabled, AHS Disabled, ICC Disabled
// Coordinate system: ENU
PacketCounter	SampleTimeFine	Acc_X	Acc_Y	Acc_Z	Gyr_X	Gyr_Y	Gyr_Z	Mag_X	Mag_Y	Mag_Z	Roll	Pitch	Yaw
64318		-2.127249	-6.729435	6.843383	-0.005774	0.002691	-0.003444	-0.702637	0.165771	-0.221680	-44.239173	12.068122	121.321227
64319		-2.142700	-6.711195	6.841624	-0.004688	-0.000199	-0.004975	-0.709229	0.164063	-0.223145	-44.239512	12.066206	121.321451
64320		-2.161255	-6.727289	6.840673	-0.005343	0.001301	-0.000152	-0.712402	0.161865	-0.217529	-44.239678	12.065755	121.324773
64321		-2.163914	-6.762014	6.841231	-0.002561	-0.005958	-0.006415	-0.696289	0.174805	-0.221191	-44.238433	12.060825	121.326386
64322		-2.121575	-6.697355	6.817032	-0.007601	-0.001222	-0.003392	-0.697998	0.170654	-0.216064	-44.239962	12.058043	121.329378
64323		-2.161277	-6.727877	6.864227	-0.003692	-0.003045	-0.003261	-0.695557	0.170898	-0.219238	-44.239335	12.055625	121.336022
64324		-2.127894	-6.730576	6.890326	-0.004688	-0.000199	-0.004975	-0.699463	0.168213	-0.225342	-44.239421	12.052630	121.337933
64325		-2.141713	-6.713079	6.864223	-0.006991	-0.002700	-0.006593	-0.703369	0.173096	-0.222412	-44.241009	12.049033	121.340383
64326		-2.126823	-6.731741	6.889518	-0.007512	-0.001266	-0.006639	-0.697754	0.173828	-0.220215	-44.242767	12.044936	121.342031
64327		-2.140618	-6.714459	6.863215	-0.010424	-0.002289	-0.005056	-0.700928	0.174316	-0.224121	-44.246221	12.042136	121.346523
64328		-2.157369	-6.731625	6.837634	-0.008901	-0.001810	-0.008282	-0.698730	0.179199	-0.227539	-44.248873	12.037158	121.347704
64329		-2.158095	-6.731708	6.861471	-0.008469	-0.003200	-0.004991	-0.698730	0.161621	-0.222168	-44.251126	12.034074	121.352178
64330		-2.120495	-6.736743	6.814144	-0.009422	-0.000376	-0.008328	-0.700928	0.172852	-0.224121	-44.254204	12.029667	121.352755
64331		-2.136713	-6.682752	6.884274	-0.016289	0.000444	-0.005254	-0.704102	0.168945	-0.223145	-44.261273	12.027883	121.352991
64332		-2.155552	-6.735258	6.834628	-0.013030	0.004880	-0.005284	-0.700195	0.170898	-0.220947	-44.266599	12.026850	121.352697
64333		-2.103704	-6.722860	6.860673	-0.011943	0.001991	-0.006817	-0.699463	0.175049	-0.225830	-44.271445	12.025082	121.352959
64334		-2.120488	-6.704544	6.882777	-0.012985	0.004859	-0.006908	-0.700684	0.162598	-0.225342	-44.276885	12.023391	121.351992
64335		-2.117936	-6.706961	6.832878	-0.017551	0.008178	-0.002215	-0.700195	0.171875	-0.228760	-44.285070	12.026025	121.350071
64336		-2.121227	-6.742675	6.832211	-0.018895	0.007613	-0.005483	-0.703369	0.169678	-0.218506	-44.294006	12.026033	121.348575
64337		-2.139737	-6.724038	6.878282	-0.015506	0.007225	-0.005397	-0.698975	0.169678	-0.226074	-44.301216	12.026993	121.347051
64338		-2.141466	-6.760095	6.853579	-0.011596	0.005403	-0.005266	-0.701172	0.166992	-0.224854	-44.305763	12.026182	121.346551
64339		-2.102490	-6.694531	6.877648	-0.011119	0.003990	-0.003598	-0.698242	0.169678	-0.214844	-44.310028	12.026535	121.345626
64340		-2.172799	-6.724324	6.849336	-0.007209	0.002169	-0.003466	-0.693115	0.174316	-0.226807	-44.311629	12.025117	121.347204
64341		-2.172662	-6.725060	6.848656	-0.011029	0.003949	-0.006845	-0.700684	0.169678	-0.218018	-44.316117	12.024136	121.348065
64342		-2.138074	-6.728936	6.849817	-0.010984	0.003929	-0.008468	-0.698730	0.171875	-0.220947	-44.320467	12.021438	121.346826
64343		-2.102102	-6.733498	6.826537	-0.012939	0.004840	-0.008535	-0.698486	0.170898	-0.219238	-44.326273	12.020122	121.346385
64344		-2.134621	-6.696600	6.847254	-0.012984	0.004860	-0.006912	-0.705811	0.172852	-0.224121	-44.331713	12.018428	121.345418
64345		-2.121817	-6.750812	6.848183	-0.016373	0.005247	-0.007001	-0.705811	0.169678	-0.231445	-44.339388	12.017917	121.345008
64346		-2.133240	-6.699311	6.820825	-0.008819	0.006489	-0.001977	-0.700928	0.174072	-0.228027	-44.342150	12.018867	121.345442
64347		-2.117708	-6.718669	6.821436	-0.008683	0.006430	-0.006848	-0.699219	0.176514	-0.226563	-44.345512	12.018973	121.341833
64348		-2.119011	-6.718760	6.845149	-0.007685	0.003582	-0.005136	-0.705078	0.174561	-0.221191	-44.347651	12.017467	121.342133
64349		-2.139073	-6.734596	6.868152	-0.010208	0.005946	-0.003623	-0.699219	0.169189	-0.224121	-44.351560	12.018633	121.343441
64350		-2.139220	-6.735292	6.867424	-0.007295	0.006973	-0.005203	-0.697510	0.166748	-0.219727	-44.353771	12.018489	121.342325
64351		-2.120619	-6.720209	6.867442	-0.008207	0.005016	-0.005181	-0.709229	0.172607	-0.219238	-44.356588	12.018580	121.341246
64352		-2.117938	-6.721874	6.818206	-0.003430	0.005172	-0.003446	-0.697998	0.170898	-0.218994	-44.356278	12.018403	121.341603
64353		-2.120935	-6.721079	6.866493	-0.005953	0.007535	-0.001934	-0.697998	0.179199	-0.224365	-44.357733	12.020818	121.343165
64354		-2.118490	-6.722646	6.817274	-0.003952	0.006606	-0.003491	-0.690674	0.174316	-0.226074	-44.357848	12.021210	121.342916
64355		-2.155810	-6.719004	6.863478	-0.007341	0.006993	-0.003580	-0.698242	0.169189	-0.227539	-44.360199	12.022842	121.343795
64356		-2.104598	-6.741745	6.841841	-0.006819	0.005559	-0.003536	-0.694580	0.164063	-0.220215	-44.361871	12.022787	121.343956
64357		-2.139065	-6.739403	6.839209	-0.008252	0.005035	-0.003559	-0.699707	0.166992	-0.228516	-44.364575	12.023536	121.342205
64358		-2.104742	-6.742923	6.840636	-0.006251	0.004106	-0.005116	-0.702881	0.179443	-0.225342	-44.365935	12.022254	121.342300
64359		-2.156042	-6.721424	6.861036	-0.009594	0.004473	-0.006829	-0.699951	0.170166	-0.222168	-44.369647	12.021530	121.340914
64360		-2.120444	-6.725671	6.837914	-0.009342	0.007922	-0.002025	-0.712646	0.168457	-0.221680	-44.372835	12.023049	121.340740
64361		-2.139222	-6.741843	6.836754	-0.001863	0.000872	-0.003314	-0.704834	0.173096	-0.227051	-44.371500	12.022176	121.342513
64362		-2.120444	-6.726511	6.837087	-0.006727	0.005521	-0.006784	-0.703613	0.174072	-0.215576	-44.373399	12.020804	121.341329
64363		-2.136070	-6.708388	6.835252	-0.005775	0.002692	-0.003449	-0.707031	0.165771	-0.230225	-44.374471	12.020647	121.344125
64364		-2.120420	-6.727586	6.836038	-0.007295	0.006973	-0.005205	-0.703613	0.170898	-0.224854	-44.376683	12.020503	121.343008
64365		-2.120602	-6.728179	6.835397	-0.007341	0.006992	-0.003582	-0.706299	0.174805	-0.220947	-44.379035	12.022073	121.339859
64366		-2.139380	-6.744525	6.834059	-0.007249	0.006955	-0.006829	-0.705078	0.170654	-0.217041	-44.381360	12.021270	121.338069
64367		-2.156327	-6.726060	6.856401	-0.010504	0.002516	-0.006811	-0.700928	0.173584	-0.218750	-44.385419	12.019659	121.339980
64368		-2.107548	-6.747826	6.883424	-0.007249	0.006955	-0.006829	-0.697021	0.170410	-0.232422	-44.387744	12.018856	121.338190
64369		-2.119079	-6.731620	6.808230	-0.011595	0.005402	-0.005276	-0.702148	0.168945	-0.213623	-44.392543	12.019104	121.337049
64370		-2.174815	-6.744106	6.853481	-0.007684	0.003583	-0.005142	-0.694336	0.167236	-0.223877	-44.394682	12.017597	121.337348
64371		-2.100379	-6.717313	6.807538	-0.008728	0.006450	-0.005230	-0.708984	0.165283	-0.222656	-44.397921	12.018199	121.336713
64372		-2.154862	-6.730266	6.828466	-0.008252	0.005035	-0.003562	-0.706543	0.173340	-0.217773	-44.400372	12.017919	121.337078
64373		-2.104954	-6.752534	6.831084	-0.010208	0.005944	-0.003630	-0.704346	0.175781	-0.222656	-44.404277	12.018967	121.337194
64374		-2.156427	-6.731285	6.851240	-0.011548	0.005384	-0.006902	-0.699951	0.167480	-0.215088	-44.408938	12.017491	121.336019
64375		-2.139417	-6.751472	6.827185	-0.014120	0.007763	-0.003767	-0.701660	0.169189	-0.226074	-44.415250	12.019236	121.336675
64376		-2.139487	-6.752511	6.826135	-0.012981	0.004860	-0.006927	-0.698242	0.177002	-0.223389	-44.420690	12.017536	121.335704
64377		-2.140925	-6.752981	6.849497	-0.012640	0.008269	-0.005367	-0.703613	0.164795	-0.229980	-44.426342	12.018914	121.333948
64378		-2.136714	-6.719978	6.823656	-0.009686	0.004511	-0.003588	-0.701416	0.174072	-0.224365	-44.429572	12.018410	121.334518
64379		-2.139795	-6.755198	6.823379	-0.012164	0.006853	-0.003700	-0.699707	0.171875	-0.222900	-44.434687	12.019869	121.331832
64380		-2.122791	-6.739664	6.847677	-0.007342	0.006992	-0.003583	-0.709717	0.176025	-0.222656	-44.436786	12.020382	121.331385
64381		-2.154401	-6.738528	6.796165	-0.010114	0.005909	-0.006880	-0.707764	0.169678	-0.217041	-44.440920	12.020164	121.330968
64382		-2.141609	-6.756984	6.845334	-0.011207	0.008793	-0.005344	-0.692627	0.169922	-0.225586	-44.445541	12.020707	121.329047
64383		-2.121637	-6.742628	6.820823	-0.011072	0.003969	-0.005238	-0.701172	0.182129	-0.221436	-44.449915	12.020314	121.329039
64384		-2.138719	-6.724536	6.842838	-0.015935	0.008619	-0.008711	-0.702148	0.179932	-0.223633	-44.457523	12.019434	121.325782
64385		-2.121659	-6.744919	6.818551	-0.015506	0.007220	-0.005420	-0.697021	0.172363	-0.220215	-44.464732	12.020386	121.328181
64386		-2.125988	-6.779793	6.842497	-0.009591	0.004476	-0.006839	-0.696533	0.177979	-0.218994	-44.468188	12.018563	121.327406
64387		-2.118771	-6.712310	6.816224	-0.010732	0.007377	-0.003678	-0.696533	0.170654	-0.221924	-44.472523	12.020211	121.328981
64388		-2.123287	-6.746962	6.840333	-0.008728	0.006451	-0.005234	-0.703613	0.159668	-0.219971	-44.475514	12.019840	121.328067
64389		-2.107644	-6.766360	6.840867	-0.010161	0.005927	-0.005259	-0.705322	0.168701	-0.225342	-44.479534	12.020193	121.325318
64390		-2.140583	-6.764717	6.813695	-0.008205	0.005018	-0.005191	-0.696533	0.172607	-0.207764	-44.482099	12.019254	121.325010
64391		-2.140724	-6.765408	6.812964	-0.009299	0.007901	-0.003654	-0.694824	0.171631	-0.221680	-44.485653	12.021054	121.325801
64392		-2.121993	-6.750431	6.812990	-0.009929	0.001069	-0.008404	-0.702637	0.165283	-0.220215	-44.489148	12.017210	121.325772
64393		-2.137505	-6.732574	6.810981	-0.008728	0.006451	-0.005234	-0.701416	0.166748	-0.218994	-44.492394	12.017811	121.324004
64394		-2.142017	-6.767241	6.835067	-0.010732	0.007376	-0.003680	-0.698730	0.165039	-0.221924	-44.496476	12.018442	121.323359
64395		-2.104813	-6.736521	6.835811	-0.009590	0.004477	-0.006842	-0.701904	0.177002	-0.219971	-44.500186	12.017566	121.321025
64396		-2.122130	-6.753511	6.809894	-0.009347	0.007917	-0.002030	-0.697998	0.177490	-0.222900	-44.503378	12.019080	121.320848
64397		-2.123875	-6.753690	6.833508	-0.007819	0.008410	-0.005253	-0.694580	0.175537	-0.224609	-44.506273	12.020537	121.321534
64398		-2.106850	-6.738085	6.857976	-0.008253	0.005034	-0.003569	-0.706055	0.171875	-0.216553	-44.508725	12.020255	121.321898
64399		-2.158608	-6.752209	6.829931	-0.011255	0.008809	-0.003725	-0.709229	0.170898	-0.227051	-44.513488	12.022450	121.321930
64400		-2.140074	-6.772834	6.781440	-0.015844	0.003811	-0.006992	-0.705566	0.179688	-0.220947	-44.520483	12.020294	121.321366
64401		-2.124297	-6.757002	6.830102	-0.006820	0.005560	-0.003543	-0.696777	0.176270	-0.224121	-44.522415	12.021265	121.322667
64402		-2.141623	-6.738674	6.852361	-0.013598	0.006326	-0.003735	-0.695068	0.178955	-0.225098	-44.528054	12.021444	121.322431
64403		-2.125951	-6.758114	6.852840	-0.006724	0.005528	-0.006791	-0.699707	0.173340	-0.220947	-44.530212	12.021134	121.322235
64404		-2.123136	-6.759638	6.803498	-0.007343	0.006993	-0.003586	-0.707520	0.168213	-0.216309	-44.532313	12.021645	121.321788
64405		-2.139039	-6.741599	6.801565	-0.007295	0.006977	-0.005211	-0.705566	0.176270	-0.221680	-44.534777	12.022443	121.321545
64406		-2.159088	-6.757462	6.824582	-0.005724	0.002678	-0.005082	-0.702637	0.180176	-0.222900	-44.535711	12.020591	121.322246
64407		-2.124781	-6.760857	6.826134	-0.007343	0.006993	-0.003587	-0.704834	0.171143	-0.220703	-44.538068	12.022131	121.324295
64408		-2.124856	-6.761580	6.825395	-0.011070	0.003969	-0.005249	-0.696533	0.172363	-0.220215	-44.542189	12.020739	121.324395
64409		-2.121838	-6.728026	6.824124	-0.010546	0.002536	-0.005207	-0.701416	0.170166	-0.218506	-44.546139	12.019749	121.325378
64410		-2.141824	-6.744215	6.846844	-0.011593	0.005402	-0.005293	-0.707764	0.170654	-0.219971	-44.550686	12.018925	121.324871
64411		-2.124575	-6.764113	6.822972	-0.009113	0.003061	-0.005180	-0.696777	0.170410	-0.220215	-44.553853	12.018132	121.325908
64412		-2.138793	-6.746719	6.796565	-0.011118	0.003984	-0.003626	-0.700684	0.166748	-0.222900	-44.557862	12.017399	121.326680
64413		-2.090220	-6.768681	6.823375	-0.013550	0.006310	-0.005364	-0.706787	0.167725	-0.226807	-44.563869	12.017875	121.324249
64414		-2.124548	-6.766820	6.820296	-0.011545	0.005387	-0.006918	-0.698242	0.163330	-0.218994	-44.568528	12.016392	121.323071
64415		-2.141782	-6.748596	6.842540	-0.009252	0.007886	-0.005281	-0.702637	0.173096	-0.220703	-44.572199	12.017527	121.318930
64416		-2.124524	-6.768495	6.818642	-0.010972	0.003940	-0.008501	-0.705078	0.164063	-0.224854	-44.576544	12.014816	121.317686
64417		-2.118609	-6.736090	6.768381	-0.017414	0.008110	-0.007130	-0.700928	0.173340	-0.216064	-44.585072	12.015315	121.313975
64418		-2.141504	-6.786911	6.791298	-0.009588	0.004480	-0.006849	-0.700439	0.173340	-0.218262	-44.588527	12.013488	121.313198
64419		-2.140270	-6.752835	6.814426	-0.009874	0.009347	-0.002076	-0.708496	0.171387	-0.221680	-44.592402	12.016511	121.314358
64420		-2.126224	-6.771773	6.839258	-0.009637	0.004494	-0.005226	-0.696777	0.169434	-0.226074	-44.595744	12.015343	121.314253
64421		-2.124868	-6.773103	6.813957	-0.014123	0.007756	-0.003785	-0.710693	0.173584	-0.223145	-44.602068	12.017064	121.312288
64422		-2.143680	-6.789982	6.811953	-0.014549	0.009161	-0.007077	-0.704834	0.176514	-0.218994	-44.608786	12.017055	121.309492
64423		-2.123985	-6.740538	6.835512	-0.015646	0.012041	-0.005538	-0.703369	0.168457	-0.218994	-44.616502	12.019815	121.307898
64424		-2.142622	-6.792748	6.785107	-0.014884	0.005756	-0.008647	-0.697754	0.172119	-0.217773	-44.623256	12.017784	121.305848
64425		-2.121222	-6.743770	6.784334	-0.016555	0.010082	-0.005525	-0.696533	0.172363	-0.224121	-44.631323	12.019702	121.303646
64426		-2.124628	-6.744143	6.831755	-0.014739	0.014000	-0.005553	-0.701172	0.169189	-0.224609	-44.638432	12.022278	121.299494
64427		-2.146376	-6.795507	6.830027	-0.015457	0.007203	-0.007067	-0.695068	0.175049	-0.221924	-44.645759	12.022459	121.296027
64428		-2.121931	-6.747253	6.780648	-0.014457	0.004350	-0.005359	-0.705322	0.174316	-0.225342	-44.651863	12.021178	121.295927
64429		-2.140368	-6.764123	6.778746	-0.012926	0.004850	-0.008580	-0.708008	0.175293	-0.220215	-44.657671	12.019806	121.294577
64430		-2.143241	-6.764276	6.826581	-0.010160	0.005928	-0.005272	-0.693604	0.174561	-0.221191	-44.661440	12.019204	121.293864
64431		-2.125954	-6.784044	6.802725	-0.009111	0.003063	-0.005189	-0.706055	0.166992	-0.222900	-44.664613	12.018441	121.295674
64432		-2.122914	-6.750382	6.801675	-0.009061	0.003050	-0.006813	-0.704102	0.177979	-0.217773	-44.667640	12.016045	121.295504
64433		-2.141411	-6.766928	6.800072	-0.009685	0.004508	-0.003606	-0.699707	0.164795	-0.225098	-44.671126	12.016479	121.296899
64434		-2.127128	-6.785842	6.825018	-0.007679	0.003589	-0.005160	-0.703125	0.174072	-0.220703	-44.673264	12.014969	121.297197
64435		-2.124018	-6.787130	6.775797	-0.005247	0.001262	-0.003422	-0.710938	0.171875	-0.218018	-44.673914	12.014162	121.297778
64436		-2.141016	-6.768571	6.798561	-0.004672	-0.000183	-0.005005	-0.693604	0.176270	-0.217041	-44.673992	12.011177	121.299694
64437		-2.122170	-6.753231	6.799078	-0.005722	0.002682	-0.005088	-0.699463	0.175293	-0.222900	-44.675181	12.010258	121.302399
64438		-2.126445	-6.787731	6.823351	-0.005821	0.002707	-0.001839	-0.699219	0.171387	-0.221191	-44.675890	12.009726	121.304443
64439		-2.120585	-6.754520	6.773831	-0.004765	0.004629	-0.006725	-0.707764	0.173096	-0.218262	-44.676842	12.008981	121.303688
64440		-2.126467	-6.788639	6.822442	-0.006396	0.004152	-0.000257	-0.698242	0.170898	-0.221436	-44.677868	12.009675	121.305796
64441		-2.120885	-6.755362	6.772897	-0.003957	0.006613	-0.003488	-0.705566	0.175537	-0.221680	-44.678243	12.011004	121.306073
64442		-2.125787	-6.754619	6.845504	-0.006063	0.007556	0.001315	-0.703857	0.177979	-0.225830	-44.679234	12.013719	121.307433
64443		-2.126053	-6.790046	6.796703	-0.002049	0.005719	-0.001791	-0.704834	0.166260	-0.226318	-44.678296	12.015430	121.309468
64444		-2.126553	-6.755216	6.844677	-0.005964	0.007532	-0.001935	-0.702637	0.176025	-0.218994	-44.679509	12.016825	121.309485
64445		-2.123771	-6.756258	6.795570	-0.001475	0.004274	-0.003374	-0.700928	0.170898	-0.221680	-44.678251	12.017259	121.309629
64446		-2.161070	-6.788009	6.793568	-0.000567	0.006233	-0.003386	-0.705566	0.172363	-0.220947	-44.676387	12.017540	121.309577
64447		-2.144130	-6.771966	6.818674	-0.000517	0.006221	-0.005011	-0.696777	0.177246	-0.226074	-44.674890	12.018099	121.308774
64448		-2.111398	-6.809782	6.796478	-0.005539	0.006123	0.001355	-0.702393	0.180420	-0.224609	-44.675453	12.020246	121.310742
64449		-2.143085	-6.772901	6.793595	-0.001849	0.005671	-0.008290	-0.699219	0.170898	-0.225830	-44.674963	12.019351	121.309862
64450		-2.107237	-6.776396	6.771061	-0.004914	0.004666	-0.001853	-0.707031	0.176758	-0.225830	-44.675322	12.019612	121.311094
64451		-2.143333	-6.773500	6.792920	-0.001092	0.007666	-0.003428	-0.694336	0.179443	-0.216553	-44.674147	12.021448	121.309760
64452		-2.129342	-6.791952	6.818246	-0.003482	0.005192	-0.001823	-0.709717	0.165283	-0.221436	-44.673727	12.021936	121.310787
64453		-2.126718	-6.757784	6.817610	-0.001999	0.005707	-0.003417	-0.704102	0.169678	-0.217285	-44.672899	12.022904	121.311719
64454		-2.108324	-6.742251	6.818201	-0.003956	0.006613	-0.003489	-0.697021	0.171631	-0.213379	-44.673018	12.023299	121.311467
64455		-2.131358	-6.792420	6.841631	-0.002906	0.003748	-0.003406	-0.704102	0.169189	-0.219238	-44.672536	12.023428	121.313535
64456		-2.125784	-6.759020	6.792193	-0.004583	0.008070	-0.000282	-0.705566	0.174561	-0.228271	-44.672860	12.025708	121.314019
64457		-2.110446	-6.778084	6.792853	-0.007871	0.008425	-0.003635	-0.702393	0.173340	-0.217285	-44.675648	12.027727	121.312356
64458		-2.127966	-6.759706	6.815316	-0.006820	0.005560	-0.003552	-0.698975	0.175293	-0.215088	-44.677323	12.027668	121.312512
64459		-2.126592	-6.760584	6.790384	-0.005863	0.007508	-0.005187	-0.694580	0.169678	-0.222656	-44.679014	12.028641	121.313375
64460		-2.146834	-6.776453	6.813363	-0.003431	0.005181	-0.003448	-0.698242	0.166992	-0.220215	-44.678705	12.028469	121.313730
64461		-2.126794	-6.761313	6.789595	-0.003380	0.005169	-0.005073	-0.693359	0.179443	-0.231689	-44.678765	12.028548	121.311155
64462		-2.111070	-6.780280	6.790467	-0.004863	0.004654	-0.003479	-0.701172	0.172119	-0.219727	-44.679235	12.028149	121.311715
64463		-2.147043	-6.777506	6.812250	-0.003431	0.005181	-0.003448	-0.700684	0.180176	-0.226318	-44.679189	12.028977	121.311518
64464		-2.114497	-6.780116	6.838550	-0.000669	0.006258	-0.000136	-0.711914	0.174805	-0.222900	-44.677103	12.030578	121.312809
64465		-2.143316	-6.743734	6.787090	-0.002050	0.005719	-0.001792	-0.703857	0.172607	-0.217041	-44.676166	12.032272	121.314937
64466		-2.147989	-6.778095	6.811365	-0.005007	0.009479	-0.003574	-0.698975	0.169434	-0.217285	-44.677140	12.033800	121.313470
64467		-2.148298	-6.778476	6.810889	-0.003956	0.006613	-0.003491	-0.697754	0.170166	-0.223633	-44.677514	12.035066	121.313912
64468		-2.128503	-6.763351	6.787029	-0.004533	0.008058	-0.001908	-0.706055	0.179688	-0.214844	-44.677950	12.036687	121.313724
64469		-2.110265	-6.747829	6.787579	-0.002524	0.007140	-0.003459	-0.698242	0.173340	-0.222168	-44.677548	12.038226	121.314814
64470		-2.114951	-6.782029	6.812013	0.000288	0.008206	-0.001771	-0.705811	0.169434	-0.222900	-44.675222	12.039962	121.314622
64471		-2.129477	-6.763742	6.786333	0.001864	0.003908	-0.001645	-0.699951	0.179199	-0.223145	-44.671871	12.040916	121.315455
64472		-2.165520	-6.760401	6.808653	0.006212	0.005477	-0.003175	-0.701660	0.167236	-0.214111	-44.666039	12.040975	121.315802
64473		-2.131455	-6.762905	6.811050	0.002720	0.005879	-0.000031	-0.695313	0.174561	-0.222656	-44.662225	12.043361	121.318252
64474		-2.133344	-6.762239	6.835623	0.006634	0.004068	0.000117	-0.708252	0.172607	-0.215576	-44.655744	12.044171	121.320551
64475		-2.096267	-6.765487	6.789224	0.000288	0.008206	-0.001772	-0.696045	0.169189	-0.222412	-44.653674	12.046806	121.321393
64476		-2.149826	-6.743409	6.834368	0.001339	0.005340	-0.001688	-0.705078	0.176270	-0.212646	-44.650493	12.047408	121.322417
64477		-2.133971	-6.797136	6.787128	-0.000566	0.006234	-0.003387	-0.697021	0.174561	-0.221436	-44.648881	12.048570	121.323381
64478		-2.132912	-6.762371	6.811125	0.002823	0.005856	-0.003281	-0.696045	0.177490	-0.222900	-44.645033	12.048740	121.323528
64479		-2.130090	-6.762915	6.762463	0.002719	0.005879	-0.000031	-0.696289	0.170654	-0.222656	-44.641223	12.051182	121.325309
64480		-2.137950	-6.795963	6.836053	0.007067	0.007449	-0.001561	-0.694580	0.168945	-0.218994	-44.634931	12.052695	121.325519
64481		-2.099695	-6.764255	6.813886	0.005583	0.006933	0.000032	-0.700928	0.177734	-0.220459	-44.629562	12.055534	121.324814
64482		-2.130104	-6.727212	6.787051	0.001772	0.008721	-0.003367	-0.700439	0.168701	-0.219482	-44.626570	12.056838	121.323747
64483		-2.134897	-6.761008	6.811856	0.007015	0.007460	0.000064	-0.694580	0.174561	-0.219727	-44.620422	12.059907	121.325151
64484		-2.153987	-6.776468	6.811090	0.003626	0.007839	-0.000043	-0.706299	0.170410	-0.211426	-44.616002	12.062189	121.325833
64485		-2.118516	-6.779307	6.789119	0.004677	0.004974	0.000043	-0.708740	0.174072	-0.219238	-44.610980	12.064187	121.329279
64486		-2.136292	-6.760080	6.812340	0.003626	0.007839	-0.000043	-0.705322	0.178223	-0.224609	-44.606560	12.066470	121.329962
64487		-2.135143	-6.760072	6.788210	0.007593	0.006016	-0.001518	-0.709473	0.168701	-0.222412	-44.600096	12.068333	121.332598
64488		-2.138609	-6.758971	6.837209	0.005162	0.008342	-0.003261	-0.700195	0.177246	-0.226807	-44.595119	12.069526	121.331731
64489		-2.118883	-6.743176	6.814012	0.005583	0.006934	0.000031	-0.692383	0.176758	-0.226807	-44.589751	12.072391	121.332392
64490		-2.120660	-6.777620	6.790134	0.003573	0.007851	0.001581	-0.695801	0.172119	-0.222900	-44.585220	12.075331	121.333748
64491		-2.136861	-6.758784	6.788952	0.004256	0.006382	-0.003251	-0.696045	0.169922	-0.216309	-44.580857	12.076685	121.332255
64492		-2.140257	-6.757905	6.837748	0.002299	0.007288	-0.003326	-0.703857	0.174805	-0.225098	-44.577436	12.077422	121.331795
64493		-2.118900	-6.742890	6.789798	-0.003101	0.008583	-0.001885	-0.701416	0.164795	-0.219482	-44.577351	12.080153	121.331305
64494		-2.173796	-6.755823	6.810560	-0.002575	0.007151	-0.001842	-0.704102	0.174805	-0.210693	-44.576582	12.081431	121.331522
64495		-2.121066	-6.742919	6.813587	0.000013	0.004789	-0.004972	-0.705811	0.170166	-0.220215	-44.574651	12.081293	121.332384
64496		-2.141308	-6.758491	6.836840	-0.000565	0.006233	-0.003391	-0.699707	0.178223	-0.223145	-44.572786	12.081574	121.332331
64497		-2.137196	-6.724502	6.812007	-0.000145	0.004825	-0.000098	-0.699219	0.177979	-0.223633	-44.570529	12.083503	121.334862
64498		-2.127643	-6.776652	6.862399	0.003770	0.003014	0.000054	-0.692383	0.170654	-0.220459	-44.565602	12.083855	121.337571
64499		-2.142185	-6.758358	6.836696	-0.002155	0.005742	0.001451	-0.702881	0.165039	-0.214844	-44.564441	12.086799	121.339377
64500		-2.156772	-6.740233	6.810809	-0.000618	0.006245	-0.001766	-0.699463	0.165039	-0.221680	-44.562465	12.087738	121.339997
64501		-2.141394	-6.758784	6.812023	0.002193	0.007312	-0.000077	-0.703613	0.164063	-0.219971	-44.559071	12.090592	121.338901
64502		-2.141739	-6.758766	6.811933	-0.000565	0.006233	-0.003392	-0.696533	0.170166	-0.219238	-44.557206	12.090872	121.338848
64503		-2.143547	-6.758465	6.836163	0.000867	0.006761	-0.003359	-0.690918	0.168945	-0.214355	-44.554815	12.092213	121.336931
64504		-2.159541	-6.739943	6.834724	-0.000565	0.006233	-0.003392	-0.703125	0.180908	-0.223145	-44.552949	12.092492	121.336878
64505		-2.126936	-6.742444	6.861224	-0.000998	0.002853	-0.001712	-0.702393	0.167236	-0.224365	-44.551149	12.092954	121.340169
64506		-2.125074	-6.778168	6.788208	-0.003954	0.006611	-0.003501	-0.708740	0.168213	-0.222412	-44.551268	12.093344	121.339914
64507		-2.125618	-6.743173	6.836417	0.001919	0.003896	-0.003272	-0.703369	0.177490	-0.223389	-44.548019	12.093573	121.338884
64508		-2.158523	-6.740806	6.809686	-0.001577	0.004298	-0.000131	-0.701904	0.169922	-0.216797	-44.546282	12.094373	121.340988
64509		-2.110271	-6.761807	6.837544	0.001340	0.005340	-0.001691	-0.708984	0.169678	-0.212646	-44.543352	12.095845	121.342909
64510		-2.141591	-6.759754	6.786495	0.000434	0.003380	-0.001680	-0.706055	0.173828	-0.222412	-44.540519	12.095648	121.344743
64511		-2.140700	-6.724958	6.810457	0.000760	0.006785	-0.000109	-0.698730	0.176758	-0.220947	-44.537905	12.098294	121.347188
64512		-2.145352	-6.758905	6.835162	0.003351	0.004423	-0.003239	-0.702148	0.174561	-0.222168	-44.533627	12.097896	121.347943
64513		-2.141032	-6.724593	6.810712	0.005780	0.002098	-0.001493	-0.705078	0.167969	-0.219238	-44.527858	12.098153	121.351271
64514		-2.142302	-6.759144	6.786878	0.001865	0.003908	-0.001647	-0.702637	0.173584	-0.226318	-44.524248	12.098184	121.352903
64515		-2.127114	-6.742358	6.836755	0.006214	0.005478	-0.003173	-0.698730	0.173828	-0.219482	-44.518666	12.099112	121.352353
64516		-2.142577	-6.758666	6.787268	0.003351	0.004423	-0.003239	-0.698242	0.174561	-0.215576	-44.514388	12.098713	121.353107
64517		-2.161751	-6.739212	6.834746	0.001812	0.003920	-0.000022	-0.706543	0.173584	-0.218750	-44.510921	12.100259	121.356775
64518		-2.124366	-6.742551	6.788426	0.003351	0.004423	-0.003239	-0.701660	0.176025	-0.217285	-44.506643	12.099860	121.357529
64519		-2.143462	-6.723043	6.835980	0.003823	0.003003	-0.001570	-0.708496	0.168213	-0.223389	-44.502078	12.100402	121.361512
64520		-2.127854	-6.741480	6.837390	0.001339	0.005340	-0.001692	-0.699951	0.170654	-0.218018	-44.498896	12.101000	121.362537
64521		-2.128123	-6.741224	6.837559	0.006633	0.004070	0.000121	-0.699951	0.177734	-0.214600	-44.492662	12.102642	121.364089
64522		-2.144367	-6.722332	6.836395	0.003585	0.012641	-0.003395	-0.689453	0.172363	-0.226807	-44.488971	12.105539	121.361404
64523		-2.125876	-6.741460	6.789037	0.003677	0.007828	-0.001671	-0.700195	0.177002	-0.228516	-44.484916	12.108059	121.361618
64524		-2.148062	-6.756268	6.836918	0.005635	0.006923	-0.001593	-0.705322	0.174072	-0.220703	-44.479400	12.109343	121.362034
64525		-2.129921	-6.740099	6.838109	0.005109	0.008356	-0.001638	-0.694824	0.170898	-0.229736	-44.474567	12.112106	121.362011
64526		-2.113404	-6.723554	6.863658	0.005635	0.006923	-0.001593	-0.703369	0.177002	-0.225098	-44.469052	12.113390	121.362427
64527		-2.147495	-6.755691	6.813171	0.003823	0.003003	-0.001570	-0.703857	0.174316	-0.224121	-44.464487	12.114011	121.362866
64528		-2.147624	-6.755399	6.813419	0.006215	0.005478	-0.003174	-0.703857	0.174561	-0.223633	-44.458654	12.114070	121.363214
64529		-2.147716	-6.755357	6.813432	-0.002901	0.003744	-0.003417	-0.696045	0.174316	-0.228027	-44.458166	12.114208	121.364289
64530		-2.131071	-6.739304	6.838534	-0.000238	0.009637	-0.001827	-0.693115	0.175781	-0.228516	-44.456270	12.116508	121.363493
64531		-2.149867	-6.755273	6.837334	-0.001415	0.004259	-0.005010	-0.701416	0.163818	-0.221436	-44.455120	12.116283	121.361750
64532		-2.149864	-6.755477	6.837133	-0.002429	0.002324	-0.001748	-0.695313	0.166504	-0.220215	-44.453843	12.115624	121.363990
64533		-2.145502	-6.721677	6.812184	-0.002901	0.003744	-0.003418	-0.706543	0.169678	-0.229492	-44.453351	12.115678	121.362252
64534		-2.149817	-6.756116	6.836516	-0.006670	0.000728	-0.003473	-0.708984	0.169189	-0.217041	-44.454517	12.113674	121.364424
64535		-2.145099	-6.722701	6.811301	-0.008953	-0.001772	-0.005120	-0.700684	0.180420	-0.229248	-44.457168	12.110818	121.365654
64536		-2.147441	-6.757722	6.811173	-0.005129	0.001231	-0.006690	-0.702881	0.173828	-0.221924	-44.457777	12.107729	121.366275
64537		-2.164700	-6.739412	6.833616	-0.010640	0.002549	-0.002004	-0.702637	0.175537	-0.220215	-44.461500	12.107979	121.368670
64538		-2.148528	-6.759059	6.834012	-0.016999	-0.001584	-0.010253	-0.696533	0.171143	-0.217773	-44.468980	12.102309	121.368956
64539		-2.146036	-6.760799	6.808562	-0.017433	-0.004964	-0.008573	-0.705566	0.166504	-0.223145	-44.476521	12.096770	121.372187
64540		-2.163577	-6.778248	6.806278	-0.023631	-0.005656	-0.010378	-0.703369	0.161377	-0.225830	-44.487461	12.089385	121.374095
64541		-2.130216	-6.747529	6.879724	-0.029356	-0.007769	-0.010515	-0.700439	0.169922	-0.218506	-44.501760	12.081894	121.372996
64542		-2.127423	-6.750068	6.853572	-0.027492	-0.003859	-0.012162	-0.706543	0.176025	-0.219238	-44.515223	12.074528	121.373423
64543		-2.159119	-6.749956	6.824969	-0.030449	-0.000102	-0.013955	-0.700684	0.180664	-0.223877	-44.531109	12.068804	121.372390
64544		-2.156401	-6.752608	6.798657	-0.028869	-0.004398	-0.013826	-0.704346	0.172363	-0.222900	-44.545458	12.060549	121.372348
64545		-2.122472	-6.757351	6.823382	-0.031299	-0.002073	-0.015574	-0.707275	0.173584	-0.225098	-44.561805	12.053437	121.371220
64546		-2.139921	-6.775647	6.820273	-0.031408	-0.002052	-0.012326	-0.710693	0.175537	-0.221191	-44.577679	12.046744	121.370844
64547		-2.100187	-6.746415	6.796145	-0.024574	-0.002812	-0.013729	-0.707275	0.178467	-0.220215	-44.589946	12.040039	121.370352
64548		-2.135104	-6.745353	6.816590	-0.023670	-0.000851	-0.013738	-0.710205	0.168457	-0.220459	-44.601612	12.033267	121.368895
64549		-2.118368	-6.765782	6.816300	-0.022766	0.001110	-0.013748	-0.699951	0.163818	-0.219238	-44.613178	12.028122	121.367185
64550		-2.150995	-6.730075	6.836634	-0.019108	0.004148	-0.010436	-0.707031	0.163086	-0.226318	-44.622371	12.024718	121.365052
64551		-2.117409	-6.769141	6.813261	-0.023552	0.007387	-0.010634	-0.700928	0.170898	-0.218018	-44.634651	12.023351	121.357776
64552		-2.116853	-6.771026	6.811561	-0.024196	0.000582	-0.013788	-0.708252	0.174561	-0.213623	-44.646744	12.017142	121.355714
64553		-2.150726	-6.769858	6.807885	-0.013493	0.006284	-0.007046	-0.709717	0.171631	-0.217529	-44.652856	12.016769	121.355591
64554		-2.115015	-6.739068	6.833246	-0.016137	0.005189	-0.013620	-0.703125	0.172363	-0.222168	-44.660711	12.012504	121.351705
64555		-2.115558	-6.774979	6.808032	-0.012329	0.003402	-0.010214	-0.702393	0.169434	-0.219238	-44.666183	12.009707	121.350032
64556		-2.129493	-6.757644	6.781555	-0.010103	0.005910	-0.006934	-0.696777	0.170898	-0.217285	-44.670062	12.008428	121.348635
64557		-2.133812	-6.792424	6.805482	-0.004864	0.004651	-0.003491	-0.701416	0.172852	-0.220703	-44.670781	12.008838	121.348957
64558		-2.131103	-6.758439	6.804871	-0.004755	0.004634	-0.006743	-0.697998	0.171387	-0.226563	-44.671471	12.007117	121.348165
64559		-2.116670	-6.777302	6.829984	-0.007562	0.003567	-0.008440	-0.697754	0.174561	-0.220703	-44.674074	12.005151	121.345959
64560		-2.112107	-6.743765	6.804898	-0.006186	0.004105	-0.006779	-0.704590	0.167969	-0.220459	-44.675540	12.003199	121.345371
64561		-2.130583	-6.760217	6.803267	-0.007781	0.003601	-0.001938	-0.697510	0.172363	-0.226807	-44.677706	12.003828	121.346536
64562		-2.113691	-6.744765	6.828033	-0.009575	0.004478	-0.006893	-0.697998	0.171631	-0.215820	-44.681157	12.001983	121.345747
64563		-2.097692	-6.763950	6.828698	-0.005712	0.002682	-0.005112	-0.699951	0.172363	-0.210693	-44.682333	12.000977	121.345966
64564		-2.128651	-6.762298	6.777178	-0.005283	0.006067	-0.006785	-0.704590	0.177002	-0.220947	-44.683451	11.999822	121.344567
64565		-2.130151	-6.762517	6.801116	-0.004227	0.003203	-0.006702	-0.701416	0.168457	-0.219482	-44.683958	11.998345	121.346435
64566		-2.132793	-6.797362	6.800870	-0.004435	0.008036	-0.005165	-0.700195	0.165283	-0.226807	-44.684618	11.998645	121.344900
64567		-2.152020	-6.778749	6.847891	-0.003852	0.006596	-0.006750	-0.698242	0.171631	-0.219238	-44.685203	11.998545	121.340568
64568		-2.098466	-6.800865	6.802350	-0.004271	0.008012	-0.010044	-0.698242	0.177002	-0.219238	-44.686190	11.996870	121.337011
64569		-2.131555	-6.763926	6.823907	-0.000782	0.002823	-0.008214	-0.705566	0.170898	-0.223389	-44.684822	11.994665	121.337320
64570		-2.113751	-6.783060	6.800543	-0.004700	0.004627	-0.008371	-0.702881	0.171631	-0.225586	-44.685620	11.992284	121.335854
64571		-2.095051	-6.767396	6.801470	0.002982	0.005845	-0.008146	-0.698242	0.169189	-0.225098	-44.682347	11.991346	121.332424
64572		-2.112577	-6.748534	6.824653	0.003774	0.007823	-0.004900	-0.704590	0.172363	-0.223145	-44.678263	11.991666	121.331087
64573		-2.112679	-6.748528	6.824628	0.000495	0.008178	-0.008267	-0.700928	0.171875	-0.221680	-44.676624	11.991627	121.326631
64574		-2.129421	-6.764926	6.798949	-0.002311	0.007110	-0.009967	-0.702637	0.174561	-0.220703	-44.676404	11.989616	121.323477
64575		-2.146130	-6.781409	6.773193	-0.001410	0.009072	-0.009973	-0.702148	0.167969	-0.219238	-44.676080	11.989242	121.319677
64576		-2.130100	-6.800270	6.774171	-0.001299	0.009056	-0.013225	-0.703369	0.174316	-0.217529	-44.675728	11.986711	121.314364
64577		-2.112914	-6.784256	6.799610	0.005052	0.004928	-0.011320	-0.699707	0.172607	-0.218506	-44.671465	11.984064	121.311896
64578		-2.094323	-6.768202	6.800891	0.004730	0.009778	-0.006532	-0.703857	0.172607	-0.216797	-44.667141	11.984524	121.309074
64579		-2.111927	-6.749104	6.824290	0.010190	0.008490	-0.009590	-0.702881	0.169678	-0.222168	-44.660089	11.984031	121.306613
64580		-2.128839	-6.764574	6.799481	0.013887	0.006721	-0.002927	-0.701904	0.177979	-0.218262	-44.649946	11.984697	121.306552
64581		-2.096422	-6.766043	6.827015	0.013887	0.006721	-0.002927	-0.708252	0.167236	-0.221924	-44.640049	11.986196	121.307268
64582		-2.132061	-6.797157	6.801305	0.016219	0.009214	-0.002897	-0.707520	0.166016	-0.225098	-44.628780	11.987891	121.306194
64583		-2.115572	-6.779823	6.827822	0.020193	0.007404	-0.004365	-0.709473	0.172607	-0.216064	-44.615450	11.989050	121.302746
64584		-2.131721	-6.759961	6.827783	0.021568	0.007943	-0.002703	-0.695313	0.169434	-0.228760	-44.600990	11.990305	121.302276
64585		-2.113571	-6.742845	6.829966	0.015317	0.007252	-0.002893	-0.704346	0.162598	-0.218750	-44.590316	11.992030	121.301344
64586		-2.114165	-6.741654	6.830958	0.020826	0.014209	-0.001214	-0.708252	0.167480	-0.225830	-44.576687	11.996441	121.298919
64587		-2.129244	-6.721990	6.806431	0.021299	0.012787	0.000454	-0.699951	0.171143	-0.215820	-44.562763	12.001713	121.295172
64588		-2.115807	-6.738620	6.833443	0.025803	0.009545	-0.000969	-0.701660	0.170410	-0.214600	-44.545863	12.004320	121.294768
64589		-2.099094	-6.755417	6.812122	0.032314	0.013650	0.002420	-0.706055	0.171631	-0.218018	-44.525532	12.010725	121.295803
64590		-2.134551	-6.750373	6.811792	0.037607	0.012389	0.004241	-0.701660	0.165283	-0.217773	-44.501659	12.016587	121.296409
64591		-2.137105	-6.747589	6.838330	0.034014	0.009335	-0.000705	-0.693848	0.172852	-0.214355	-44.480255	12.019972	121.296275
64592		-2.134589	-6.745816	6.791721	0.034689	0.011339	0.005789	-0.700439	0.177979	-0.220459	-44.457827	12.026025	121.297965
64593		-2.102742	-6.745309	6.821008	0.044228	0.003422	0.002993	-0.697998	0.177490	-0.216309	-44.429747	12.028538	121.304492
64594		-2.101619	-6.741888	6.800194	0.062438	0.002137	0.008487	-0.699951	0.174805	-0.225098	-44.390398	12.031904	121.311089
64595		-2.106675	-6.701477	6.901541	0.066144	0.005173	0.010166	-0.703613	0.170166	-0.228027	-44.349285	12.038030	121.319077
64596		-2.122907	-6.713188	6.856235	0.070379	0.006778	0.011888	-0.700684	0.163818	-0.227783	-44.305482	12.044651	121.325206
64597		-2.145848	-6.723558	6.908238	0.062869	0.005519	0.006781	-0.707275	0.170410	-0.220703	-44.266562	12.049542	121.326465
64598		-2.159167	-6.701548	6.862034	0.057520	0.006790	0.006576	-0.698730	0.170410	-0.223633	-44.230591	12.054037	121.330369
64599		-2.125545	-6.699850	6.868453	0.063984	0.002643	0.005236	-0.698730	0.170654	-0.225098	-44.190919	12.057091	121.335211
64600		-2.105850	-6.679494	6.849715	0.073667	-0.001832	0.008888	-0.699951	0.165283	-0.225830	-44.144756	12.058960	121.343612
64601		-2.177346	-6.633205	6.922471	0.076212	-0.004178	0.007381	-0.702148	0.172119	-0.227783	-44.097306	12.060077	121.350434
64602		-2.125720	-6.649474	6.907049	0.073253	-0.000429	0.005565	-0.698486	0.162598	-0.228027	-44.051791	12.061186	121.356867
64603		-2.111976	-6.662608	6.937460	0.065474	0.003160	0.003603	-0.696777	0.165771	-0.226807	-44.011444	12.063824	121.358313
64604		-2.143392	-6.656462	6.890521	0.063515	0.004061	0.003513	-0.703369	0.165283	-0.229980	-43.972071	12.065957	121.362056
64605		-2.165001	-6.702188	6.894413	0.068393	0.004205	0.002025	-0.699951	0.168213	-0.222168	-43.930275	12.068382	121.361846
64606		-2.145734	-6.646569	6.923700	0.069621	0.001290	-0.002761	-0.705811	0.172119	-0.234375	-43.887720	12.066874	121.364069
64607		-2.112307	-6.679211	6.907152	0.074874	0.004827	-0.004322	-0.708252	0.167236	-0.231689	-43.842826	12.067055	121.362587
64608		-2.146763	-6.671605	6.909489	0.071899	0.003804	-0.001142	-0.703613	0.166748	-0.227539	-43.799036	12.067225	121.364473
64609		-2.126611	-6.651011	6.891123	0.082184	0.002656	-0.004066	-0.705322	0.171143	-0.234375	-43.749746	12.066587	121.362433
64610		-2.127561	-6.680127	6.873153	0.089794	-0.000865	0.002755	-0.692871	0.172852	-0.234375	-43.694963	12.066364	121.367860
64611		-2.089012	-6.642079	6.857183	0.107648	-0.000750	0.003276	-0.705078	0.168457	-0.227295	-43.630147	12.067319	121.371290
64612		-2.002346	-6.693562	6.799706	0.135942	-0.012606	0.020696	-0.698242	0.167236	-0.221680	-43.546340	12.069298	121.389072
64613		-1.978873	-6.633048	6.762119	0.184612	-0.023140	0.048432	-0.695068	0.165039	-0.231445	-43.431526	12.078593	121.422509
64614		-1.917985	-6.620801	6.854195	0.225053	-0.029883	0.087167	-0.704834	0.165771	-0.233398	-43.289268	12.099454	121.475569
64615		-1.957779	-6.671071	6.796877	0.248758	-0.031266	0.130088	-0.697510	0.159912	-0.238770	-43.129661	12.137280	121.544113
64616		-2.020578	-6.626639	6.883586	0.268384	-0.039045	0.171397	-0.707764	0.161133	-0.233887	-42.954108	12.186955	121.637052
64617		-2.051151	-6.583458	6.972808	0.253199	-0.035484	0.203220	-0.702148	0.164063	-0.232422	-42.784775	12.251073	121.735694
64618		-2.136353	-6.590494	7.009422	0.212506	-0.028403	0.229365	-0.706299	0.165771	-0.234619	-42.636549	12.327232	121.849713
64619		-2.169204	-6.588185	7.021432	0.153965	-0.021291	0.255065	-0.698975	0.162109	-0.240723	-42.520126	12.416889	121.967212
64620		-2.129158	-6.573144	7.203945	0.055617	-0.013271	0.300852	-0.699219	0.159912	-0.240234	-42.455969	12.526672	122.106549
64621		-1.719790	-6.889113	7.099308	-0.088673	0.005641	0.340182	-0.697266	0.168701	-0.231445	-42.472320	12.660424	122.247892
64622		-0.541338	-6.206237	7.798957	-0.288064	0.164823	0.498024	-0.694092	0.167725	-0.236084	-42.601066	12.921886	122.401927
64623		0.120866	-6.969253	7.802240	-0.547628	0.314570	0.865897	-0.686523	0.175537	-0.231445	-42.855362	13.390588	122.651240
64624		-1.124642	-7.081180	7.819732	-0.811107	0.453421	1.178009	-0.672852	0.182373	-0.229980	-43.239867	14.040163	122.980341
64625		-0.454720	-7.618184	8.213963	-1.061396	0.765880	1.388733	-0.668213	0.201660	-0.233398	-43.774036	14.905794	123.268814
64626		0.348015	-8.669278	7.826970	-0.806299	1.396790	1.680282	-0.651123	0.205078	-0.229248	-44.194719	16.149274	123.414902
64627		-0.888641	-7.826244	8.295113	-0.632041	1.894074	2.014922	-0.629639	0.219238	-0.234619	-44.533464	17.731826	123.489298
64628		-2.099877	-8.042326	8.141505	-0.573140	2.214422	2.260871	-0.606689	0.228760	-0.237305	-44.848737	19.543936	123.523522
64629		-3.678976	-8.441546	8.799788	-0.615414	2.475230	2.442206	-0.580566	0.229980	-0.252930	-45.203315	21.535622	123.512231
64630		-4.193184	-8.675937	9.247748	-0.790023	2.600157	2.557252	-0.554199	0.255371	-0.250977	-45.666035	23.624069	123.480407
64631		-5.307943	-10.049743	10.116212	-1.005462	2.597357	2.644480	-0.528564	0.267334	-0.255859	-46.245934	25.747218	123.466521
64632		-5.925489	-10.574432	9.060377	-1.220646	2.468478	2.660940	-0.494873	0.275391	-0.253906	-46.930969	27.825949	123.493631
64633		-4.021871	-11.578122	9.332191	-1.218466	2.270816	2.563373	-0.468506	0.288818	-0.254395	-47.602529	29.787101	123.544644
64634		-1.696401	-11.290357	8.765564	-0.888257	1.859896	2.389974	-0.448486	0.289795	-0.249756	-48.030014	31.516691	123.700145
64635		1.059801	-10.810116	8.073734	-0.465219	1.364104	2.251740	-0.424072	0.304199	-0.261230	-48.115134	32.998066	124.036327
64636		2.800516	-9.687590	8.400198	-0.116197	0.893886	2.155505	-0.410645	0.308594	-0.262451	-47.880396	34.257886	124.576408
64637		3.219387	-8.832489	8.452660	-0.061904	0.463631	2.048582	-0.391357	0.316406	-0.253906	-47.499012	35.303489	125.303730
64638		1.480019	-11.521544	10.321443	-0.193135	-0.253213	1.651104	-0.382080	0.316406	-0.262695	-47.068899	35.899429	126.228858
64639		4.192664	-11.690289	9.086194	-0.347454	-0.855002	1.026549	-0.375732	0.318359	-0.248535	-46.712587	35.992232	127.171752
64640		5.529079	-10.804418	7.008552	-0.354646	-1.217779	0.530355	-0.375977	0.329590	-0.254883	-46.393544	35.732253	128.059427
64641		6.269304	-9.747048	5.380399	-0.236516	-1.369528	0.203664	-0.377197	0.318359	-0.249512	-46.062898	35.271183	128.859159
64642		6.247489	-9.087837	4.725662	-0.085683	-1.418339	-0.049577	-0.382568	0.315186	-0.246582	-45.712711	34.684313	129.551815
64643		5.727201	-8.653907	4.731035	-0.027234	-1.444950	-0.319364	-0.387451	0.324707	-0.247314	-45.408139	33.970890	130.116868
64644		5.218319	-8.431779	4.922390	-0.065513	-1.487774	-0.620012	-0.400391	0.322021	-0.245361	-45.204805	33.117975	130.548771
64645		4.627180	-8.363091	5.294774	-0.173159	-1.538687	-0.919380	-0.411865	0.322998	-0.244629	-45.137883	32.119214	130.854478
64646		3.988104	-8.186186	5.508809	-0.305499	-1.599452	-1.208876	-0.426025	0.328369	-0.239014	-45.209088	30.981066	131.048714
64647		3.474420	-7.946813	5.505751	-0.413014	-1.659446	-1.455568	-0.444580	0.323242	-0.238525	-45.390188	29.715401	131.156274
64648		2.989124	-7.637629	5.545083	-0.493936	-1.691826	-1.642731	-0.456787	0.327881	-0.230225	-45.651008	28.363833	131.197466
64649		2.313995	-7.321590	5.743294	-0.592752	-1.700930	-1.782016	-0.479736	0.331055	-0.222168	-45.994218	26.947982	131.187406
64650		1.695567	-7.337354	5.982022	-0.683530	-1.700780	-1.905302	-0.495117	0.330811	-0.216553	-46.407489	25.484803	131.133496
64651		1.162151	-7.653248	6.256554	-0.763181	-1.687804	-1.999817	-0.523193	0.335205	-0.212158	-46.880470	23.983096	131.045714
64652		0.490199	-8.225564	6.782362	-0.805584	-1.675900	-2.104926	-0.528564	0.333984	-0.197754	-47.388235	22.445189	130.923005
64653		-0.254960	-9.102105	7.416284	-0.811443	-1.679814	-2.231260	-0.567627	0.332031	-0.188965	-47.910141	20.847154	130.765853
64654		-1.028745	-9.968929	7.966936	-0.784674	-1.705246	-2.397714	-0.579834	0.330566	-0.183594	-48.424708	19.171254	130.569627
64655		-1.650176	-10.514748	8.235276	-0.724403	-1.738416	-2.598903	-0.613770	0.322266	-0.172119	-48.915246	17.390334	130.325870
64656		-2.057035	-10.682213	8.087891	-0.638403	-1.757148	-2.786181	-0.641846	0.328125	-0.164307	-49.361307	15.523761	130.034869
64657		-2.405543	-10.604108	7.828750	-0.529057	-1.732554	-2.937619	-0.669678	0.314941	-0.153564	-49.749756	13.593851	129.691513
64658		-2.689464	-10.502848	7.359356	-0.427732	-1.668096	-3.038800	-0.694092	0.309570	-0.148438	-50.079087	11.645780	129.295954
64659		-3.058760	-10.504314	6.933106	-0.342242	-1.539704	-3.110948	-0.732422	0.286865	-0.131348	-50.360562	9.706500	128.829516
64660		-3.437014	-10.588226	6.523903	-0.236237	-1.363811	-3.160235	-0.760986	0.276611	-0.123291	-50.577848	7.812078	128.277206
64661		-3.846933	-10.338960	6.032761	-0.092799	-1.143423	-3.158759	-0.779297	0.273926	-0.100830	-50.707050	5.992330	127.635603
64662		-4.293316	-9.471308	5.685554	0.059416	-0.880063	-3.098741	-0.808838	0.256836	-0.098389	-50.736522	4.298256	126.902896
64663		-4.936685	-8.733643	5.669827	0.163391	-0.608101	-2.960402	-0.822510	0.230469	-0.093506	-50.691118	2.760039	126.101276
64664		-5.991694	-8.731863	5.914675	0.277454	-0.364851	-2.739584	-0.847168	0.212891	-0.096924	-50.560192	1.413531	125.270476
64665		-7.301361	-8.798935	6.041376	0.432735	-0.193659	-2.500990	-0.862549	0.201904	-0.094238	-50.322856	0.233571	124.447569
64666		-8.717547	-8.542952	6.122653	0.601754	-0.092002	-2.255433	-0.880371	0.186768	-0.095215	-49.972037	-0.792815	123.663840
64667		-10.114470	-7.925342	6.064681	0.755710	-0.048879	-2.014585	-0.880859	0.163086	-0.094727	-49.522103	-1.695980	122.943391
64668		-11.265780	-6.918315	5.855119	0.850795	-0.065433	-1.774941	-0.902100	0.148193	-0.087891	-49.009338	-2.491633	122.311657
64669		-12.147174	-5.504279	5.501624	0.843180	-0.125592	-1.527743	-0.899414	0.134521	-0.093506	-48.499079	-3.200827	121.792153
64670		-11.695330	-2.650181	4.149863	0.643507	-0.211640	-1.150770	-0.911621	0.126953	-0.100342	-48.107197	-3.774452	121.447356
64671		-13.324975	-0.635794	3.134967	0.330355	0.223095	-0.542442	-0.923828	0.130615	-0.097900	-47.896377	-3.922881	121.147788
64672		-12.413341	0.056483	1.551957	-0.053149	0.220580	-0.123863	-0.920166	0.125244	-0.092041	-47.915239	-3.891497	121.009993
64673		-13.346987	-0.545612	1.412398	-0.298136	0.532239	0.377234	-0.925781	0.121338	-0.101074	-48.079475	-3.529099	120.931834
64674		-13.629320	-1.555157	0.607918	-0.294764	0.796069	0.795463	-0.895996	0.126709	-0.094971	-48.244374	-2.885956	120.899857
64675		-14.099470	-1.710652	-0.408784	-0.108327	1.165941	1.164160	-0.892090	0.133057	-0.099365	-48.302774	-1.945042	120.849077
64676		-14.822796	-0.813574	-2.497110	0.078197	1.666362	1.465024	-0.887939	0.150879	-0.113281	-48.252324	-0.683774	120.698956
64677		-14.385086	0.588844	-4.397336	0.267221	2.371313	1.737957	-0.865723	0.161621	-0.137939	-48.098617	0.963542	120.354297
64678		-0.180071	-0.686524	1.585485	0.522565	3.021421	1.845919	-0.847412	0.162842	-0.144775	-47.816360	2.907650	119.780525
64679		-3.765089	-8.956332	12.521211	-0.042961	3.393712	1.900052	-0.832764	0.186768	-0.168701	-47.888616	5.019226	119.071388
64680		-8.365075	-10.380604	19.455110	0.152468	3.204020	2.131717	-0.807129	0.184814	-0.184082	-47.856468	7.155809	118.530024
64681		-8.014542	-3.779139	21.978303	0.193571	2.698072	2.489373	-0.781738	0.204102	-0.195313	-47.770385	9.250595	118.344180
64682		-23.279914	-31.790442	34.500407	1.546734	2.873516	2.164686	-0.748047	0.204102	-0.219482	-46.948356	11.277506	117.971144
64683		-9.047076	-14.986641	1.731418	0.363790	0.135750	0.253574	-0.748779	0.209717	-0.224121	-46.728453	11.436967	118.018459
64684		2.408013	-4.623857	3.911390	0.840055	0.372089	0.147913	-0.746826	0.208252	-0.224121	-46.263809	11.644427	117.924123
64685		-4.171010	-6.512532	10.468167	0.778772	0.443482	0.374997	-0.744385	0.216064	-0.237549	-45.821994	11.975764	117.893318
64686		-1.105023	-5.171151	7.098277	0.272882	0.157829	0.195265	-0.746094	0.199951	-0.234619	-45.659780	12.118179	117.910873
64687		-3.667471	-8.350533	6.320868	0.455000	0.147905	0.210775	-0.736328	0.200684	-0.233154	-45.391046	12.264004	117.939314
64688		-2.104396	-6.543720	6.756610	0.410785	0.039171	0.098653	-0.741455	0.204834	-0.234131	-45.147452	12.319102	117.967645
64689		-2.767733	-7.440887	6.588325	0.396261	0.035042	0.094288	-0.741455	0.196289	-0.242188	-44.912361	12.371792	117.995914
64690		-2.464329	-7.148396	6.723700	0.361793	0.003882	0.050193	-0.737549	0.200684	-0.236816	-44.697890	12.392751	118.019129
64691		-2.306227	-6.870838	6.788177	0.323380	-0.005001	0.036542	-0.749512	0.198730	-0.240967	-44.506105	12.405682	118.040161
64692		-2.273156	-6.832162	6.959871	0.263856	-0.010632	0.024985	-0.741455	0.195068	-0.243164	-44.348696	12.410443	118.058919
64693		-2.224401	-7.064848	6.497684	0.263778	-0.043561	0.022648	-0.748291	0.202393	-0.245117	-44.188906	12.401878	118.089973
64694		-2.135599	-6.996301	6.528967	0.325019	-0.069489	0.049715	-0.739258	0.193848	-0.249512	-43.989056	12.392167	118.143203
64695		-2.198476	-6.845437	6.691691	0.377423	-0.084332	0.069236	-0.739502	0.190674	-0.249512	-43.756418	12.385049	118.210453
64696		-2.223160	-6.602932	7.004354	0.367920	-0.084822	0.066815	-0.746582	0.188721	-0.256104	-43.529133	12.375338	118.277067
64697		-2.239405	-6.593264	7.028030	0.339475	-0.082926	0.063361	-0.746094	0.194580	-0.253418	-43.318934	12.365976	118.341174
64698		-2.311373	-6.494997	7.113477	0.304392	-0.083974	0.051557	-0.744629	0.188965	-0.257080	-43.129559	12.350157	118.400845
64699		-2.198877	-6.514912	7.074388	0.267960	-0.077372	0.039447	-0.739502	0.186035	-0.251709	-42.963041	12.333356	118.452401
64700		-2.154531	-6.464682	7.047108	0.248856	-0.083145	0.040263	-0.751465	0.181396	-0.257568	-42.806650	12.313137	118.506784
64701		-2.162313	-6.442708	7.161025	0.222083	-0.082022	0.042093	-0.747803	0.183594	-0.259033	-42.665829	12.295132	118.561226
64702		-2.193875	-6.495904	7.150762	0.186454	-0.079379	0.045128	-0.738525	0.188477	-0.254883	-42.545120	12.278129	118.616104
64703		-2.177732	-6.499232	7.190570	0.157932	-0.073944	0.048411	-0.735596	0.187744	-0.258057	-42.441195	12.265755	118.669992
64704		-2.177438	-6.452144	7.223911	0.127346	-0.059333	0.054489	-0.748291	0.180908	-0.259766	-42.355211	12.260656	118.720930
64705		-2.192453	-6.460840	7.206791	0.092216	-0.045088	0.055484	-0.743408	0.178711	-0.256348	-42.290717	12.263075	118.766451
64706		-2.195521	-6.382417	7.257856	0.067312	-0.027072	0.051855	-0.748291	0.187988	-0.256348	-42.242075	12.270526	118.803513
64707		-2.189848	-6.451298	7.168390	0.047866	-0.010274	0.046896	-0.744629	0.183594	-0.259033	-42.206679	12.284331	118.831595
64708		-2.190046	-6.449129	7.146425	0.021456	0.007238	0.044882	-0.738770	0.185791	-0.260742	-42.187814	12.303618	118.852126
64709		-2.170968	-6.503261	7.079104	0.012931	0.012174	0.045903	-0.746094	0.188721	-0.254883	-42.174386	12.326550	118.870952
64710		-2.197838	-6.610937	6.935950	0.023383	0.011102	0.041490	-0.743896	0.183594	-0.256836	-42.155039	12.346162	118.888502
64711		-2.185210	-6.519817	6.983874	0.037733	0.003604	0.042480	-0.751465	0.188965	-0.262939	-42.126988	12.364123	118.909228
64712		-2.190608	-6.514422	7.011019	0.052675	-0.000632	0.038417	-0.745361	0.184570	-0.260254	-42.090140	12.377549	118.930077
64713		-2.187907	-6.476422	6.989096	0.066992	-0.015252	0.028274	-0.742676	0.182617	-0.255859	-42.045054	12.382008	118.952051
64714		-2.148079	-6.414731	7.117962	0.064885	-0.019019	0.034916	-0.747559	0.187500	-0.254395	-41.999979	12.386236	118.978616
64715		-2.210133	-6.480957	7.021573	0.064189	-0.021088	0.031699	-0.729736	0.178955	-0.260010	-41.955684	12.389486	119.004378
64716		-2.262941	-6.490118	7.021970	0.080656	-0.025970	0.035918	-0.740723	0.183350	-0.260010	-41.900891	12.391091	119.034114
64717		-2.211695	-6.432190	7.055613	0.098662	-0.033939	0.032152	-0.739990	0.185303	-0.256836	-41.835724	12.388984	119.065108
64718		-2.177949	-6.495602	7.046745	0.117891	-0.037667	0.038048	-0.742676	0.192383	-0.261230	-41.758416	12.386340	119.100352
64719		-2.234483	-6.427865	7.119457	0.121155	-0.042602	0.044962	-0.737305	0.178223	-0.261719	-41.678441	12.385331	119.140326
64720		-2.183612	-6.438288	7.134389	0.105912	-0.045328	0.042798	-0.747070	0.180664	-0.267090	-41.606915	12.381122	119.180630
64721		-2.201526	-6.446226	7.141220	0.104894	-0.038926	0.047310	-0.733643	0.183594	-0.268555	-41.536347	12.382480	119.220197
64722		-2.200071	-6.403359	7.146680	0.100910	-0.041844	0.052190	-0.737305	0.182617	-0.260010	-41.467094	12.383236	119.263262
64723		-2.185107	-6.377178	7.178862	0.092899	-0.042962	0.058455	-0.742676	0.182861	-0.270020	-41.402010	12.386992	119.309297
64724		-2.214264	-6.407081	7.111309	0.087404	-0.046370	0.064946	-0.746582	0.182861	-0.267334	-41.338909	12.390536	119.359735
64725		-2.178114	-6.402569	7.097565	0.086556	-0.062416	0.077218	-0.736816	0.178467	-0.259766	-41.274062	12.392914	119.421579
64726		-2.165095	-6.411188	7.131478	0.078455	-0.072823	0.093814	-0.743652	0.176514	-0.259033	-41.211154	12.395855	119.494990
64727		-2.138880	-6.293866	7.255808	0.065715	-0.070576	0.104629	-0.740234	0.186768	-0.260010	-41.154964	12.404923	119.572092
64728		-2.104793	-6.397354	7.198580	0.048112	-0.073190	0.120442	-0.737061	0.178711	-0.272949	-41.106858	12.417601	119.657422
64729		-2.137595	-6.393166	7.150744	0.037407	-0.069250	0.147612	-0.742432	0.176270	-0.269775	-41.062857	12.443292	119.753044
64730		-2.160069	-6.476226	7.109514	0.021881	-0.069139	0.168252	-0.741943	0.185059	-0.266113	-41.025475	12.475582	119.858007
64731		-2.148729	-6.454473	7.113072	0.020533	-0.072843	0.199420	-0.747314	0.173096	-0.258545	-40.985759	12.519063	119.978015
64732		-2.215355	-6.423451	7.181723	0.011440	-0.055395	0.222577	-0.738770	0.186279	-0.259033	-40.950100	12.577570	120.101846
64733		-2.209220	-6.257231	7.271495	-0.000720	-0.033126	0.235533	-0.747070	0.192383	-0.261963	-40.922140	12.651654	120.222698
64734		-1.944956	-5.990141	7.598808	-0.035237	-0.012534	0.252680	-0.735596	0.181885	-0.259033	-40.913574	12.739909	120.343525
64735		-1.651332	-6.047441	7.580055	-0.098396	0.039157	0.288314	-0.738770	0.187500	-0.264648	-40.942122	12.865068	120.460092
64736		-1.881815	-6.182516	7.461744	-0.156795	0.103249	0.338039	-0.727295	0.185791	-0.260010	-41.004185	13.035593	120.574209
64737		-1.927289	-6.208655	7.398815	-0.207511	0.156711	0.378676	-0.739746	0.192139	-0.263184	-41.095794	13.245761	120.685347
64738		-1.765652	-6.193173	7.473946	-0.236747	0.211438	0.445946	-0.727539	0.204102	-0.256348	-41.201550	13.503985	120.805051
64739		-1.630518	-6.415310	7.363846	-0.271391	0.286883	0.542598	-0.721191	0.198242	-0.261719	-41.323669	13.832531	120.937677
64740		-1.647179	-6.481882	7.348823	-0.288548	0.384217	0.656302	-0.717041	0.208008	-0.260986	-41.451700	14.245195	121.082351
64741		-1.486080	-6.633475	7.382716	-0.284487	0.524336	0.790909	-0.713379	0.217041	-0.264404	-41.575446	14.770431	121.230884
64742		-1.562539	-6.639957	7.431651	-0.275258	0.684900	0.943398	-0.710205	0.209717	-0.258057	-41.691285	15.421740	121.383212
64743		-1.556060	-6.704692	7.544660	-0.253720	0.860118	1.110849	-0.683838	0.223877	-0.260498	-41.791997	16.213080	121.539535
64744		-1.544632	-6.795008	7.514900	-0.239130	1.044931	1.293804	-0.676758	0.228027	-0.269531	-41.879831	17.152510	121.703183
64745		-1.576176	-6.912994	7.535103	-0.183724	1.272559	1.507272	-0.660400	0.238770	-0.275635	-41.932146	18.271781	121.870459
64746		-1.607750	-7.248625	7.327864	-0.128765	1.501819	1.755249	-0.654297	0.238770	-0.278076	-41.943092	19.582914	122.057376
64747		-1.826161	-7.583882	7.125042	-0.009194	1.727108	2.048386	-0.626953	0.256104	-0.288818	-41.866148	21.102992	122.287925
64748		-1.731615	-7.598483	7.123339	0.154093	1.960557	2.411544	-0.596680	0.260498	-0.283203	-41.660107	22.860091	122.596576
64749		-1.492122	-8.022360	7.211546	0.332534	2.230965	2.847528	-0.572266	0.270264	-0.294434	-41.299622	24.897976	123.011284
64750		-1.738875	-8.361708	7.157819	0.551999	2.565107	3.412168	-0.538574	0.272705	-0.316162	-40.729114	27.288797	123.584067
64751		-2.009781	-8.091712	7.405889	0.758530	2.941505	4.044650	-0.489746	0.279297	-0.330322	-39.920546	30.072725	124.358692
64752		-2.808121	-7.990980	7.756180	0.936838	3.376851	4.644595	-0.443359	0.291748	-0.347168	-38.867935	33.255673	125.336492
64753		-4.964338	-8.095105	8.666899	1.057276	3.853100	5.161678	-0.392334	0.292236	-0.352539	-37.586183	36.819093	126.509529
64754		-8.734771	-8.766606	10.673942	0.986902	4.241028	5.525106	-0.331787	0.294678	-0.371094	-36.152847	40.661223	127.891688
64755		-13.176295	-10.379717	13.993222	0.635547	4.732065	5.637277	-0.260498	0.291016	-0.369385	-34.808088	44.742792	129.333500
64756		-11.655109	-10.065110	12.233979	0.095625	5.040700	5.530544	-0.204590	0.288330	-0.370117	-33.687189	48.912143	130.791277
64757		-10.941025	-10.483022	11.707790	-0.748710	5.312287	5.384804	-0.137939	0.290771	-0.366455	-32.991401	53.149379	132.234616
64758		-9.587071	-10.771922	13.323714	-1.367391	5.420570	5.269556	-0.076660	0.292725	-0.349609	-32.528897	57.393554	133.747350
64759		-6.967439	-11.517137	12.742442	-1.552359	5.399852	5.240218	-0.007324	0.288574	-0.336182	-31.898135	61.610208	135.508605
64760		-4.884010	-10.057128	11.097270	-1.633775	5.146622	5.273412	0.053955	0.277100	-0.305420	-30.704726	65.698575	137.881357
64761		-2.906646	-6.473945	9.253133	-1.973397	5.027244	5.325390	0.112549	0.285156	-0.273926	-28.855775	69.712894	141.098084
64762		-5.200814	-4.825280	12.835110	-2.626045	4.443434	5.385479	0.160889	0.278564	-0.254150	-25.613820	73.389941	146.097238
64763		-4.946487	-3.820778	14.124524	-3.193504	3.016873	5.205536	0.206787	0.260254	-0.217285	-19.771449	76.138244	154.044308
64764		-13.974831	-10.467383	22.408193	-4.035951	-0.110798	4.667724	0.239990	0.251953	-0.191406	-11.277073	76.793202	165.155874
64765		-8.071696	-20.054863	18.777371	-4.371062	-2.379432	3.145813	0.240967	0.265869	-0.182373	-5.663310	75.702883	173.511140
64766		-3.834519	-19.820184	13.468060	-3.754008	-3.807295	1.990363	0.225830	0.270264	-0.184082	-3.053701	73.609503	178.444622
64767		-0.503989	-16.866300	7.482699	-2.960070	-4.390016	0.989593	0.227051	0.279053	-0.188232	-2.579405	71.119430	-179.279333
64768		1.188142	-14.281028	3.725303	-2.221890	-4.519552	0.163813	0.200684	0.276611	-0.181641	-3.231777	68.534794	-178.620374
64769		2.202873	-12.273077	1.657800	-1.622524	-4.334886	-0.538267	0.167480	0.295410	-0.202881	-4.498543	66.030476	-178.985987
64770		2.812973	-11.076316	0.151454	-1.180260	-3.948083	-1.169581	0.154053	0.312256	-0.209229	-6.143030	63.712791	179.942449
64771		3.136358	-10.484508	-0.706233	-0.736808	-3.433715	-1.685741	0.123779	0.315186	-0.215332	-7.955517	61.635936	178.378010
64772		3.268788	-9.821655	-1.183161	-0.313535	-2.863757	-2.137656	0.090820	0.332764	-0.217773	-9.834812	59.822264	176.427367
64773		3.172228	-8.775937	-0.968347	-0.037669	-2.322547	-2.538345	0.063721	0.333740	-0.224854	-11.822482	58.235828	174.135330
64774		2.807559	-7.750669	-0.194119	-0.015353	-1.827566	-2.913467	0.034424	0.345215	-0.231934	-14.014669	56.838915	171.545295
64775		2.118370	-7.219260	1.056343	-0.244145	-1.405664	-3.297587	0.010010	0.366699	-0.228516	-16.562025	55.557242	168.649491
64776		1.200739	-7.366219	2.525784	-0.598523	-1.100238	-3.705901	-0.026855	0.380615	-0.214355	-19.496893	54.297678	165.480328
64777		0.353470	-7.930343	4.062893	-0.932348	-0.921960	-4.114616	-0.064697	0.392578	-0.209473	-22.759849	52.947971	162.092980
64778		-0.502894	-8.673948	5.510418	-1.171274	-0.846558	-4.509126	-0.092285	0.402344	-0.201416	-26.196631	51.433269	158.590427
64779		-1.454104	-9.452814	6.952460	-1.260300	-0.853940	-4.872434	-0.133789	0.434326	-0.177002	-29.640508	49.685946	155.068439
64780		-2.456433	-10.012680	8.222042	-1.177782	-0.935968	-5.169053	-0.177490	0.450684	-0.160889	-32.873993	47.688270	151.660184
64781		-3.429596	-10.118972	9.373038	-0.966257	-1.094076	-5.390010	-0.215820	0.466309	-0.152344	-35.748344	45.421264	148.466223
64782		-4.420446	-9.791288	10.398278	-0.724889	-1.325522	-5.518602	-0.268066	0.480225	-0.144775	-38.169236	42.911267	145.585747
64783		-5.345609	-9.289202	11.257232	-0.544794	-1.624929	-5.575143	-0.319824	0.493652	-0.121826	-40.154335	40.163457	143.065089
64784		-5.874165	-8.573836	11.832087	-0.458113	-1.965558	-5.574376	-0.379639	0.497559	-0.102295	-41.752769	37.217950	140.925418
64785		-6.342047	-8.340072	12.255286	-0.487362	-2.296091	-5.521996	-0.445068	0.494385	-0.076660	-43.070459	34.104028	139.145906
64786		-6.740010	-8.515718	12.410785	-0.564861	-2.616059	-5.434279	-0.505615	0.490723	-0.052246	-44.166690	30.869814	137.704194
64787		-6.843371	-9.052660	12.512633	-0.637259	-2.886948	-5.337734	-0.548340	0.477051	-0.020508	-45.097358	27.535378	136.546164
64788		-6.925555	-9.944841	12.625860	-0.664464	-3.094187	-5.235094	-0.588379	0.461182	0.014404	-45.880409	24.152641	135.618840
64789		-7.074744	-11.276726	12.855458	-0.632433	-3.227962	-5.130004	-0.626709	0.450684	0.039307	-46.530152	20.742346	134.866525
64790		-7.562262	-12.933868	13.236685	-0.581931	-3.325782	-5.053507	-0.664063	0.435547	0.057861	-47.064837	17.326473	134.243256
64791		-8.214085	-15.372305	13.842978	-0.490713	-3.376653	-5.089107	-0.704590	0.426758	0.066162	-47.499992	13.863135	133.669696
64792		-9.400131	-17.995393	14.254726	-0.285584	-3.396326	-5.228903	-0.767822	0.398438	0.087402	-47.785143	10.337450	133.080010
64793		-11.210721	-19.186950	14.639710	-0.001418	-3.389867	-5.447321	-0.828857	0.375488	0.116943	-47.883087	6.711878	132.421652
64794		-13.703666	-19.323838	14.556199	0.210800	-3.376880	-5.673763	-0.906494	0.317139	0.151123	-47.823225	3.002572	131.676094
64795		-17.129479	-18.253235	14.017204	0.375307	-3.348039	-5.809135	-0.959229	0.240479	0.195801	-47.623432	-0.758522	130.860830
64796		-20.544668	-15.410515	12.334308	0.456010	-3.330355	-5.735038	-0.995605	0.134766	0.249512	-47.322814	-4.470680	130.049155
64797		-23.056568	-11.088801	9.537381	0.396648	-3.280842	-5.378669	-0.981201	0.038574	0.296631	-47.016758	-8.015605	129.333010
64798		-23.924773	-6.029162	6.074959	0.119870	-3.102879	-4.783784	-0.968262	-0.040283	0.332764	-46.849352	-11.232751	128.755995
64799		-23.030161	-0.510796	2.164402	-0.402631	-2.750030	-4.061680	-0.939453	-0.113770	0.367432	-46.981846	-14.014199	128.310856
64800		-22.123075	3.870644	-0.038478	-1.139897	-2.111953	-3.377401	-0.910156	-0.150879	0.371094	-47.518930	-16.257306	127.874663
64801		-23.298014	4.454583	-0.512347	-1.741942	-1.419261	-2.666342	-0.881592	-0.187012	0.380371	-48.388320	-17.940567	127.440596
64802		-25.279505	2.952536	-0.413480	-1.779888	-0.833137	-1.884897	-0.860840	-0.216064	0.387451	-49.289639	-19.068420	127.074122
64803		-27.552167	1.530327	0.365609	-1.319589	-0.396802	-1.096695	-0.831787	-0.218018	0.369873	-49.963727	-19.697183	126.830794
64804		-28.520226	1.319047	0.910230	-0.689557	-0.127161	-0.404972	-0.816895	-0.238525	0.371582	-50.324604	-19.922522	126.736340
64805		-21.030625	2.979548	-0.207663	-0.276474	0.024300	0.254353	-0.796387	-0.235596	0.382568	-50.512907	-19.802519	126.828060
64806		-16.683578	-1.290582	-4.526084	0.804431	2.582883	2.277524	-0.788086	-0.226807	0.363525	-49.947863	-17.853359	126.512381
64807		-4.985325	-2.822408	2.124849	2.091988	2.887392	2.303293	-0.769531	-0.230713	0.362549	-48.630319	-15.774267	126.105757
64808		10.140185	-2.627554	7.958322	1.353333	2.619217	2.356538	-0.760742	-0.218262	0.342285	-47.795846	-13.768181	125.883049
64809		0.811325	-6.640873	8.222832	0.031686	2.533091	2.539722	-0.748047	-0.209473	0.337646	-47.755412	-11.715684	125.787768
64810		-4.605476	-3.833349	10.467228	-0.222103	2.868428	2.435232	-0.734131	-0.212158	0.330811	-47.828573	-9.578728	125.506864
64811		-4.149333	-3.403382	12.802978	-0.667107	3.328696	2.292476	-0.700195	-0.208008	0.323486	-48.130054	-7.326428	124.967239
64812		-7.184497	-8.216214	18.556092	-0.920899	3.268100	2.519486	-0.699219	-0.200928	0.315918	-48.608386	-5.004153	124.528042
64813		-7.126838	-5.857861	18.136299	-0.740504	2.902965	2.873024	-0.681152	-0.197510	0.302490	-49.019790	-2.669733	124.363700
64814		-6.047373	-11.406917	13.158382	-1.260518	2.599513	2.743147	-0.665527	-0.188477	0.300293	-49.737033	-0.507661	124.260339
64815		-4.128414	-15.608846	9.319964	-1.001035	2.449998	2.473603	-0.654541	-0.175049	0.299072	-50.309697	1.481121	124.099006
64816		-3.541249	-13.044878	7.153324	-0.696360	2.483365	2.236780	-0.642578	-0.170410	0.287109	-50.718361	3.374503	123.819481
64817		-3.923875	-12.534515	7.699335	-0.489175	2.443650	1.971614	-0.626221	-0.182373	0.293945	-51.024016	5.135500	123.449010
64818		-6.446514	-16.823650	11.191876	0.307398	2.470242	1.792195	-0.625000	-0.170654	0.278809	-50.892666	6.824086	122.998002
64819		-10.716922	-22.430876	11.755082	1.612406	1.977047	1.064989	-0.625244	-0.173340	0.264160	-50.029489	8.017101	122.512513
64820		-3.990684	-6.299779	9.309804	1.481597	1.130315	0.390676	-0.613525	-0.170898	0.262695	-49.228718	8.606561	122.164346
64821		-1.990731	-6.066975	8.569630	1.078146	0.910693	0.392431	-0.615723	-0.168945	0.254883	-48.646816	9.120372	121.919314
64822		-3.273133	-8.924412	6.447633	0.854582	0.668195	0.286082	-0.613525	-0.168701	0.256592	-48.183442	9.496438	121.743319
64823		-2.405193	-7.114445	7.433391	0.710931	0.456296	0.182389	-0.610352	-0.172363	0.247070	-47.794622	9.750583	121.620900
64824		-2.227321	-7.191518	7.105463	0.546468	0.329528	0.153259	-0.606445	-0.172363	0.248779	-47.492592	9.941983	121.543275
64825		-2.273468	-7.465468	6.824153	0.432235	0.222350	0.110732	-0.607422	-0.161865	0.252930	-47.251279	10.076465	121.495398
64826		-2.002743	-6.810221	7.187264	0.334401	0.160527	0.081390	-0.604248	-0.165283	0.257080	-47.063170	10.172471	121.463037
64827		-2.064702	-7.130162	6.795137	0.244205	0.111240	0.069108	-0.606201	-0.172363	0.242188	-46.924131	10.246425	121.446799
64828		-1.947372	-6.931708	6.848245	0.196860	0.086615	0.057175	-0.607178	-0.165771	0.245361	-46.810943	10.303513	121.436685
64829		-2.011807	-7.101690	6.750454	0.151498	0.069261	0.048722	-0.603027	-0.166260	0.245361	-46.723257	10.352564	121.430412
64830		-1.941267	-6.923282	6.769664	0.114923	0.055342	0.032488	-0.601074	-0.164551	0.247559	-46.656389	10.387100	121.423867
64831		-1.855915	-6.967192	6.657463	0.103450	0.047729	0.023801	-0.606201	-0.160156	0.251221	-46.596366	10.417330	121.416860
64832		-1.857969	-6.924255	6.640920	0.110153	0.055168	0.030611	-0.604492	-0.160889	0.248047	-46.532348	10.451030	121.409712
64833		-1.860469	-6.880656	6.624889	0.122255	0.053261	0.032655	-0.602051	-0.162109	0.247803	-46.461324	10.487147	121.403984
64834		-1.795693	-6.739557	6.714992	0.139598	0.066389	0.046407	-0.611572	-0.161133	0.244141	-46.380136	10.531853	121.398528
64835		-1.743333	-6.809901	6.505520	0.181089	0.075677	0.065921	-0.601318	-0.167725	0.241943	-46.274662	10.590650	121.396843
64836		-1.643750	-6.862938	6.353781	0.287360	0.085218	0.099230	-0.596436	-0.164307	0.238281	-46.106319	10.664686	121.404964
64837		-1.734004	-6.804477	6.518586	0.398333	0.090024	0.142344	-0.603516	-0.163086	0.251709	-45.871683	10.760693	121.428562
64838		-1.805264	-6.990508	6.392390	0.491620	0.076682	0.187855	-0.606934	-0.162354	0.240723	-45.578726	10.867605	121.476955
64839		-1.944518	-7.087323	6.564321	0.553376	0.057865	0.214073	-0.602051	-0.167725	0.244873	-45.246892	10.979709	121.544274
64840		-2.093584	-6.819154	6.962862	0.547006	0.027722	0.210107	-0.596680	-0.161133	0.245361	-44.916159	11.075301	121.623331
64841		-2.123847	-6.794208	6.948059	0.501164	0.011952	0.198261	-0.604248	-0.158691	0.241699	-44.611387	11.161602	121.704280
64842		-2.085738	-6.708491	7.032640	0.456501	0.011205	0.176673	-0.593506	-0.171631	0.238770	-44.333462	11.236191	121.777239
64843		-2.228223	-6.752686	7.126120	0.399117	0.000771	0.156578	-0.599121	-0.158691	0.240479	-44.089290	11.300491	121.846155
64844		-2.158241	-6.694004	7.034181	0.349258	-0.011832	0.130402	-0.595947	-0.155029	0.239502	-43.874505	11.346557	121.909687
64845		-2.075763	-6.761450	6.917218	0.322271	-0.012429	0.114645	-0.598877	-0.162842	0.236084	-43.676570	11.388277	121.966751
64846		-2.023036	-6.655068	6.917095	0.309172	-0.020649	0.110929	-0.599609	-0.158691	0.234131	-43.485524	11.422555	122.025936
64847		-1.995468	-6.668214	6.916966	0.320268	-0.029312	0.121014	-0.595947	-0.162109	0.242920	-43.286727	11.459380	122.092772
64848		-2.097208	-6.686844	7.031616	0.321637	-0.051335	0.132732	-0.599365	-0.158203	0.240479	-43.084127	11.488985	122.173784
64849		-2.153228	-6.605289	7.097939	0.306826	-0.059987	0.137182	-0.602295	-0.164795	0.237549	-42.889089	11.518820	122.260023
64850		-2.083537	-6.517726	7.121714	0.280354	-0.071584	0.131656	-0.612305	-0.159424	0.236816	-42.708508	11.538957	122.348835
64851		-2.156098	-6.561442	7.065231	0.267968	-0.073011	0.127925	-0.597412	-0.163330	0.239014	-42.535384	11.559184	122.436442
64852		-2.089650	-6.474445	7.159302	0.248900	-0.069006	0.115761	-0.600342	-0.158447	0.236572	-42.374321	11.573741	122.517511
64853		-2.109343	-6.435687	7.198770	0.225908	-0.067943	0.108506	-0.597168	-0.157471	0.231201	-42.227305	11.588158	122.594836
64854		-2.113588	-6.452510	7.215151	0.200348	-0.077583	0.101551	-0.597168	-0.151611	0.230957	-42.094570	11.593200	122.673194
64855		-2.128359	-6.418965	7.203215	0.185809	-0.081623	0.091473	-0.600098	-0.153076	0.234863	-41.970899	11.594917	122.748540
64856		-2.123988	-6.370468	7.191074	0.180087	-0.083730	0.091320	-0.594482	-0.156982	0.235840	-41.850176	11.593087	122.824869
64857		-2.109364	-6.409552	7.183106	0.181576	-0.083232	0.089621	-0.590088	-0.154053	0.232422	-41.728958	11.593109	122.900035
64858		-2.108851	-6.358491	7.243403	0.170218	-0.082801	0.081150	-0.591797	-0.158203	0.240479	-41.614862	11.587491	122.971550
64859		-2.086773	-6.294218	7.254782	0.170469	-0.079293	0.085837	-0.591553	-0.153809	0.235596	-41.500648	11.587477	123.043522
64860		-2.069352	-6.263028	7.291765	0.171772	-0.073940	0.085599	-0.590088	-0.154053	0.243164	-41.385967	11.587073	123.113534
64861		-2.177999	-6.271839	7.348296	0.178084	-0.073309	0.083992	-0.585205	-0.155273	0.241211	-41.268005	11.588660	123.182379
64862		-2.074001	-6.340625	7.248882	0.182485	-0.067121	0.075640	-0.598877	-0.153076	0.240234	-41.148594	11.587154	123.245378
64863		-2.074996	-6.399590	7.168044	0.188442	-0.061457	0.081956	-0.593750	-0.146484	0.252441	-41.025779	11.592823	123.308770
64864		-2.113347	-6.453167	7.134088	0.182845	-0.063683	0.076987	-0.589111	-0.157227	0.239258	-40.906303	11.593050	123.371040
64865		-2.078655	-6.367363	7.242527	0.172595	-0.062424	0.079946	-0.597656	-0.150879	0.241699	-40.792670	11.597299	123.433924
64866		-2.082611	-6.425655	7.209254	0.149559	-0.066004	0.078035	-0.593750	-0.156250	0.236328	-40.691989	11.596672	123.497547
64867		-1.974643	-6.391500	7.174835	0.128446	-0.066606	0.092310	-0.591064	-0.151855	0.234375	-40.602224	11.603507	123.567518
64868		-1.967784	-6.429528	7.260528	0.102738	-0.068399	0.117952	-0.591309	-0.148926	0.230713	-40.524603	11.616516	123.649789
64869		-1.950626	-6.369127	7.289685	0.070135	-0.069224	0.148340	-0.592041	-0.145264	0.232422	-40.462988	11.642875	123.745698
64870		-1.961049	-6.356724	7.390879	0.009824	-0.065309	0.181412	-0.588867	-0.155273	0.234375	-40.433047	11.680657	123.855091
64871		-1.907909	-6.429648	7.398158	-0.063254	-0.049008	0.231654	-0.592285	-0.154297	0.238770	-40.441731	11.746700	123.980486
64872		-1.884364	-6.401376	7.391969	-0.147880	-0.028039	0.297716	-0.588623	-0.147217	0.233154	-40.494198	11.844014	124.127550
64873		-2.011399	-6.356538	7.517717	-0.254086	0.017467	0.357513	-0.587158	-0.138916	0.239990	-40.605452	11.986110	124.283606
64874		-1.604095	-6.289394	7.635459	-0.373564	0.073155	0.423000	-0.583740	-0.149414	0.243408	-40.783004	12.174756	124.447428
64875		-0.917989	-5.933398	7.816589	-0.510904	0.144844	0.563322	-0.585938	-0.143799	0.234619	-41.031440	12.450159	124.645132
64876		-1.454419	-6.183548	7.595607	-0.626454	0.213748	0.729211	-0.586426	-0.140869	0.237793	-41.334924	12.816317	124.888604
64877		-1.491721	-6.224551	7.600960	-0.703373	0.338736	0.818846	-0.581543	-0.138428	0.236572	-41.683307	13.273885	125.120912
64878		-1.092124	-6.102787	7.667952	-0.773908	0.507771	0.908379	-0.583984	-0.133545	0.238770	-42.077012	13.836863	125.323635
64879		-1.048509	-6.508014	7.484924	-0.815642	0.709933	1.037324	-0.572021	-0.134521	0.237549	-42.499224	14.538955	125.498597
64880		-0.992987	-7.057594	7.325371	-0.775992	0.975041	1.212872	-0.574707	-0.127197	0.232910	-42.905357	15.419768	125.638986
64881		-1.135453	-7.293855	7.096922	-0.651081	1.277185	1.424976	-0.559326	-0.128418	0.228516	-43.247472	16.513109	125.743268
64882		-1.382665	-7.660734	7.086636	-0.504650	1.553460	1.674295	-0.553955	-0.120361	0.225586	-43.506693	17.817916	125.837239
64883		-1.327604	-7.811201	6.946200	-0.247754	1.861838	1.981070	-0.560791	-0.109131	0.207031	-43.615795	19.374248	125.933307
64884		-1.585354	-8.208583	7.016303	0.001508	2.162185	2.320614	-0.544678	-0.105469	0.205811	-43.571131	21.187332	126.053308
64885		-1.756013	-8.729416	6.632133	0.293148	2.443925	2.741463	-0.537354	-0.098633	0.190918	-43.326973	23.285060	126.248850
64886		-1.932758	-8.627515	6.740002	0.580318	2.721322	3.262500	-0.521973	-0.090820	0.183838	-42.853838	25.699712	126.582584
64887		-1.762944	-8.905971	6.970874	0.849497	3.048727	3.867204	-0.499268	-0.071533	0.178223	-42.130871	28.485148	127.096363
64888		-2.467477	-8.971866	7.578897	1.055068	3.486861	4.510060	-0.486084	-0.066650	0.160645	-41.172268	31.694231	127.797637
64889		-4.975761	-10.095763	8.811414	1.217310	3.952806	5.136170	-0.463623	-0.058594	0.142822	-39.965140	35.328858	128.716172
64890		-9.538450	-10.255285	11.200900	1.162533	4.363394	5.582939	-0.444580	-0.042969	0.127197	-38.613240	39.288251	129.842897
64891		-15.265283	-11.491581	14.885569	0.504508	4.485359	5.638973	-0.409912	-0.031006	0.110352	-37.474841	43.303399	131.125800
64892		-13.242381	-13.133439	12.065147	-0.375911	4.594940	5.381549	-0.383789	-0.020264	0.096924	-36.807020	47.262558	132.364979
64893		-10.625682	-13.116221	15.321871	-1.145588	4.583418	5.144640	-0.350342	-0.010254	0.082031	-36.535588	51.129186	133.587641
64894		-7.019895	-12.491213	12.965554	-1.243888	4.705184	5.131371	-0.331787	0.002686	0.080811	-36.218418	55.042209	134.872561
64895		-3.794824	-12.116795	12.390576	-1.164084	4.549647	5.152570	-0.291260	0.013672	0.057861	-35.549802	58.883923	136.462747
64896		-1.660371	-10.012635	9.050521	-1.161921	4.425792	5.172033	-0.250977	0.022217	0.059814	-34.468524	62.659972	138.461269
64897		0.366684	-8.797288	8.477905	-1.094261	3.993382	5.303424	-0.213867	0.021729	0.053955	-32.420397	66.242907	141.422848
64898		-1.790362	-8.419379	8.450753	-0.898877	3.522237	5.208355	-0.179443	0.020508	0.044678	-29.158581	69.504274	145.495855
64899		-10.706373	-12.712614	16.792589	-1.143767	1.702388	4.564106	-0.146240	0.017578	0.039063	-24.444857	71.553319	151.187382
64900		-5.840475	-17.266998	16.912184	-1.594929	-0.291033	2.918855	-0.118652	0.019531	0.031982	-20.451717	72.035993	156.350286
64901		-3.198072	-16.685947	14.596261	-1.940478	-1.736358	1.501923	-0.108887	0.021729	0.023682	-18.107309	71.376070	159.988823
64902		-0.181120	-14.441901	9.191182	-1.830556	-2.583531	0.492578	-0.099854	0.016602	0.017090	-17.097395	70.047717	162.167558
64903		2.298363	-10.898709	5.159683	-1.504186	-2.949096	-0.151664	-0.084229	0.020508	0.011719	-16.875876	68.400503	163.325232
64904		3.023029	-7.867717	2.847953	-1.282703	-2.983711	-0.572127	-0.088867	0.027832	0.000000	-17.149861	66.667286	163.821661
64905		3.140249	-6.481936	1.686465	-1.181090	-2.820651	-0.854436	-0.082275	0.036865	-0.025879	-17.786710	64.972502	163.864947
64906		2.954506	-6.464464	1.224017	-1.079520	-2.573434	-1.048569	-0.076660	0.036133	-0.028076	-18.624226	63.381635	163.619281
64907		2.570372	-6.862314	1.422833	-0.920187	-2.326539	-1.212415	-0.086182	0.041992	-0.040283	-19.578136	61.888130	163.138884
64908		2.135561	-7.435677	1.810734	-0.744861	-2.134977	-1.407626	-0.081787	0.045166	-0.043701	-20.609733	60.459822	162.446087
64909		1.631609	-7.941530	2.537510	-0.598403	-1.987959	-1.645908	-0.089600	0.051270	-0.052246	-21.756531	59.050020	161.515999
64910		1.287270	-8.150718	3.141262	-0.526146	-1.879485	-1.923080	-0.091553	0.055176	-0.069336	-23.037368	57.632216	160.362933
64911		1.083401	-8.280782	3.646894	-0.552924	-1.789442	-2.226223	-0.098389	0.064697	-0.083252	-24.512915	56.172165	158.980815
64912		0.867558	-8.422473	4.110776	-0.632596	-1.711637	-2.545818	-0.113037	0.072021	-0.088135	-26.171734	54.659267	157.403732
64913		0.490667	-8.743071	4.759170	-0.750731	-1.644222	-2.872575	-0.116943	0.077393	-0.092529	-28.022856	53.062651	155.645812
64914		-0.075128	-9.122637	5.485119	-0.864260	-1.618043	-3.204139	-0.125488	0.096924	-0.085938	-30.002320	51.359440	153.765181
64915		-0.728951	-9.551404	6.269571	-0.955266	-1.637484	-3.530825	-0.148193	0.100098	-0.095947	-32.064108	49.503548	151.802747
64916		-1.234678	-9.779431	6.886868	-1.020206	-1.690952	-3.855568	-0.169189	0.114502	-0.098877	-34.136082	47.483648	149.814108
64917		-1.737958	-9.913923	7.494069	-1.063301	-1.764724	-4.162419	-0.193848	0.120850	-0.103516	-36.182048	45.273848	147.832189
64918		-2.178916	-9.940113	7.993052	-1.090326	-1.838279	-4.438613	-0.222656	0.124268	-0.105957	-38.148024	42.896512	145.901848
64919		-2.520700	-9.897190	8.455477	-1.096681	-1.916157	-4.667845	-0.250488	0.126953	-0.105225	-40.007529	40.347795	144.051517
64920		-3.041337	-9.959864	9.025951	-1.097387	-1.979648	-4.842171	-0.266846	0.135010	-0.100830	-41.729779	37.673339	142.311621
64921		-3.605645	-9.913648	9.625104	-1.090186	-2.055738	-4.975872	-0.296143	0.129395	-0.105225	-43.312976	34.867287	140.694804
64922		-4.100762	-10.214396	10.233381	-1.082126	-2.137040	-5.053167	-0.325684	0.132813	-0.107422	-44.740785	31.973607	139.224972
64923		-4.640377	-10.592881	10.867015	-1.036071	-2.233238	-5.100863	-0.340332	0.127441	-0.107178	-46.007170	28.983263	137.902149
64924		-5.224529	-11.217367	11.593770	-0.966989	-2.328117	-5.093934	-0.369873	0.130371	-0.108887	-47.097184	25.946154	136.736019
64925		-5.785675	-12.155263	12.340856	-0.876503	-2.430177	-5.060708	-0.407471	0.126221	-0.111816	-48.020963	22.855010	135.718969
64926		-6.491441	-13.326123	13.232712	-0.776226	-2.546110	-5.032055	-0.426758	0.122314	-0.108398	-48.783019	19.729717	134.839747
64927		-7.234355	-14.897444	14.073851	-0.674365	-2.679852	-5.048628	-0.459229	0.117432	-0.111572	-49.409454	16.526224	134.071518
64928		-8.171237	-16.894290	14.830511	-0.559350	-2.821598	-5.136734	-0.500244	0.113770	-0.109863	-49.905690	13.235855	133.379241
64929		-9.582738	-18.857222	15.233785	-0.386413	-2.939336	-5.304896	-0.533936	0.093750	-0.112305	-50.261259	9.812281	132.711007
64930		-11.473929	-19.191648	15.389035	-0.240017	-2.978300	-5.559949	-0.565430	0.070557	-0.118896	-50.497401	6.269698	131.990917
64931		-14.516288	-19.347203	15.409056	-0.157772	-3.014139	-5.829801	-0.593994	0.050781	-0.111328	-50.648771	2.581570	131.205446
64932		-18.465331	-18.752416	14.704103	-0.031960	-3.039343	-5.998400	-0.629883	0.041992	-0.120850	-50.675012	-1.180970	130.377694
64933		-21.913994	-16.135722	12.508982	0.133124	-3.068094	-5.973961	-0.668701	0.020264	-0.113037	-50.555384	-4.951855	129.567820
64934		-23.813697	-11.910704	8.975204	0.237992	-3.035986	-5.668564	-0.700684	-0.000244	-0.106201	-50.331034	-8.564262	128.839556
64935		-24.081561	-6.801958	4.376195	0.201071	-2.885229	-5.070445	-0.734619	-0.031006	-0.097412	-50.110404	-11.862482	128.246315
64936		-23.234713	-0.376059	0.156058	-0.131416	-2.470213	-4.294581	-0.756104	-0.041016	-0.090332	-50.068208	-14.658497	127.743777
64937		-23.423900	3.979438	-2.130966	-0.788069	-1.867065	-3.430474	-0.785400	-0.066650	-0.083252	-50.398063	-16.859307	127.296488
64938		-23.825442	5.889269	-2.942932	-1.455130	-1.231417	-2.516965	-0.792969	-0.073486	-0.072021	-51.114526	-18.422993	126.916661
64939		-25.335331	5.015027	-2.323671	-1.896491	-0.632784	-1.670155	-0.802734	-0.077881	-0.064697	-52.096048	-19.401906	126.593542
64940		-26.756950	2.768017	-0.708966	-1.919610	-0.177969	-0.936789	-0.810791	-0.077881	-0.078125	-53.107656	-19.890594	126.337587
64941		-27.151976	0.904064	0.622625	-1.634073	0.158567	-0.395350	-0.805176	-0.072754	-0.066895	-53.969627	-20.020300	126.121318
64942		-25.359420	-0.414619	0.761817	-1.101974	0.474270	0.055007	-0.814453	-0.067627	-0.073486	-54.526962	-19.836200	125.910513
64943		-7.762000	-3.898457	-1.721793	0.045550	1.476381	1.240199	-0.804932	-0.057861	-0.088867	-54.405418	-18.765515	125.623239
64944		-11.956431	-4.128400	-0.236837	2.162956	3.935753	2.662315	-0.786621	-0.044434	-0.105957	-52.877726	-16.200500	124.671586
64945		5.494688	-3.509822	2.841244	2.431488	2.977119	2.473020	-0.762939	-0.032959	-0.135254	-51.356744	-14.033230	124.182604
64946		11.654298	-8.199726	8.014752	1.976856	3.181161	2.748686	-0.747314	-0.029297	-0.164795	-50.128023	-11.660899	123.761291
64947		-3.942580	-4.244730	11.168657	1.106765	3.059264	2.827886	-0.729492	-0.008057	-0.176514	-49.440329	-9.291143	123.468066
64948		-6.913871	-2.167785	12.631920	0.162737	3.311976	2.290218	-0.708984	0.006104	-0.194824	-49.261386	-7.059963	122.881082
64949		-4.417374	-3.644702	14.081765	-0.154541	3.508083	2.270526	-0.685059	0.006836	-0.214355	-49.279750	-4.761259	122.207011
64950		-8.690499	-5.565761	23.864676	0.271632	3.457772	3.057873	-0.653809	0.025635	-0.240723	-49.100744	-2.140973	121.855834
64951		-11.698199	-5.112105	25.937510	-0.315597	2.621722	3.114163	-0.645264	0.040771	-0.246582	-49.280325	0.193320	121.888755
64952		-7.231950	-12.730043	16.401964	-0.887649	1.884817	2.807672	-0.619873	0.062500	-0.251709	-49.782192	2.117470	122.115213
64953		-3.670901	-16.042875	8.988066	-0.367869	1.551012	2.614777	-0.598877	0.078125	-0.260498	-49.975073	3.838775	122.405342
64954		-3.017724	-15.680857	4.805324	0.020453	1.622606	2.291449	-0.579834	0.083496	-0.264404	-49.950060	5.441483	122.542476
64955		-4.790098	-24.757604	8.624446	1.207351	2.065727	1.711631	-0.563232	0.092041	-0.283447	-49.284384	6.958561	122.278545
64956		-10.509604	-14.745648	6.541066	2.252998	1.219451	0.782682	-0.558105	0.078125	-0.294189	-48.020261	7.756147	122.052313
64957		-0.737234	-1.544648	10.846817	1.717694	0.840351	0.548703	-0.549072	0.066895	-0.305664	-47.054084	8.316729	121.911556
64958		-3.456244	-9.416823	6.808827	1.439519	0.756844	0.627732	-0.544434	0.072998	-0.320557	-46.236849	8.875177	121.846294
64959		-3.779471	-8.356949	7.639418	1.195511	0.423039	0.327236	-0.534424	0.057129	-0.315430	-45.556286	9.182062	121.805844
64960		-1.913503	-5.310987	8.792364	0.792522	0.326348	0.206455	-0.530273	0.053467	-0.325439	-45.107525	9.396785	121.759257
64961		-2.353756	-7.469009	7.155492	0.537171	0.270809	0.152228	-0.536621	0.057861	-0.328857	-44.805117	9.571829	121.714358
64962		-1.973790	-7.031137	7.041451	0.456776	0.196570	0.080817	-0.534424	0.051270	-0.330322	-44.548401	9.683577	121.671327
64963		-1.954820	-6.692544	7.266115	0.369578	0.160871	0.065043	-0.529053	0.047363	-0.325439	-44.340523	9.779110	121.636506
64964		-1.761047	-7.172514	6.589390	0.349181	0.125084	0.062852	-0.528320	0.049805	-0.331787	-44.141783	9.854654	121.615830
64965		-1.829300	-6.645095	7.047986	0.343642	0.113250	0.074023	-0.532471	0.042969	-0.336182	-43.944816	9.934411	121.604646
64966		-1.946760	-6.686309	7.036263	0.283881	0.120911	0.055593	-0.529541	0.045410	-0.334717	-43.783695	10.005481	121.583104
64967		-1.759959	-6.588678	6.966073	0.273851	0.134885	0.045079	-0.540039	0.046387	-0.340088	-43.630302	10.082827	121.551492
64968		-1.756267	-6.274788	7.198852	0.251588	0.154132	0.047209	-0.522705	0.041748	-0.346680	-43.490638	10.164491	121.513462
64969		-1.722352	-6.240799	7.263008	0.232154	0.173175	0.067408	-0.524658	0.038330	-0.339355	-43.362192	10.266727	121.476320
64970		-1.916236	-6.702148	7.000808	0.219608	0.162093	0.083464	-0.519287	0.039063	-0.343018	-43.238732	10.366126	121.450830
64971		-1.820563	-6.447332	7.065274	0.231322	0.132172	0.079385	-0.526855	0.036133	-0.337646	-43.106923	10.456096	121.435542
64972		-1.964031	-6.334568	7.262143	0.209333	0.121881	0.072268	-0.527832	0.044189	-0.342285	-42.987304	10.534389	121.421712
64973		-1.835856	-6.361504	7.209686	0.184492	0.105734	0.071787	-0.522461	0.046875	-0.347412	-42.880952	10.610382	121.414040
64974		-1.811580	-6.559278	7.056026	0.186509	0.082352	0.087069	-0.517578	0.042969	-0.342041	-42.770327	10.677880	121.422505
64975		-1.949231	-6.763897	6.990752	0.199387	0.047043	0.111197	-0.512939	0.027588	-0.349609	-42.647939	10.744515	121.455219
64976		-1.995191	-6.780013	7.002409	0.208634	0.000374	0.129002	-0.517578	0.041992	-0.341309	-42.515154	10.793650	121.514340
64977		-2.021194	-6.673256	7.086446	0.212846	-0.028685	0.142916	-0.523926	0.038086	-0.343506	-42.376797	10.840400	121.590817
64978		-2.025315	-6.409446	7.240314	0.210505	-0.034720	0.134722	-0.516113	0.030518	-0.347900	-42.239741	10.876593	121.666442
64979		-1.978681	-6.412942	7.233974	0.196458	-0.035544	0.122783	-0.523926	0.030762	-0.354248	-42.111756	10.912351	121.737126
64980		-1.966334	-6.415670	7.224368	0.185057	-0.036328	0.132190	-0.519287	0.040527	-0.355469	-41.989242	10.946554	121.812466
64981		-2.086435	-6.565600	7.259638	0.172374	-0.059021	0.135736	-0.515869	0.044678	-0.354004	-41.872113	10.976981	121.898086
64982		-2.087104	-6.588108	7.200263	0.159501	-0.085194	0.134517	-0.520264	0.029053	-0.353516	-41.760326	10.990904	121.993610
64983		-2.010206	-6.441239	7.187923	0.156004	-0.106101	0.135026	-0.515869	0.034912	-0.349121	-41.649068	11.000612	122.097318
64984		-2.029053	-6.408399	7.222181	0.144349	-0.105572	0.136246	-0.519287	0.034668	-0.357178	-41.544268	11.006101	122.201553
64985		-2.050700	-6.373923	7.304539	0.140317	-0.102656	0.122893	-0.520508	0.029785	-0.350830	-41.443222	11.012324	122.298651
64986		-2.014462	-6.401303	7.246095	0.136130	-0.091309	0.119048	-0.519287	0.031250	-0.347412	-41.345597	11.017067	122.389873
64987		-1.998113	-6.264089	7.373936	0.130216	-0.083934	0.113679	-0.520508	0.035645	-0.356934	-41.252449	11.027557	122.475731
64988		-2.049538	-6.304340	7.309475	0.126778	-0.074174	0.103393	-0.517822	0.031006	-0.351563	-41.162729	11.033486	122.553509
64989		-2.031837	-6.277287	7.319061	0.118973	-0.074328	0.090121	-0.517090	0.025635	-0.356201	-41.078660	11.039000	122.625350
64990		-1.994124	-6.308401	7.234601	0.121352	-0.071865	0.088397	-0.515137	0.029297	-0.347900	-40.993468	11.040056	122.695660
64991		-2.000038	-6.329628	7.294019	0.120215	-0.073613	0.096541	-0.524658	0.033691	-0.355225	-40.908171	11.048096	122.770067
64992		-1.981498	-6.267283	7.325797	0.117190	-0.069861	0.096284	-0.513672	0.028320	-0.353027	-40.824828	11.052773	122.843098
64993		-1.982346	-6.294042	7.287391	0.112519	-0.061777	0.097462	-0.529297	0.025635	-0.358398	-40.744691	11.066093	122.913417
64994		-2.019021	-6.207600	7.386941	0.103799	-0.055522	0.090490	-0.516357	0.023926	-0.349609	-40.670533	11.074634	122.978442
64995		-2.019425	-6.199700	7.369924	0.099644	-0.044181	0.086668	-0.518799	0.029297	-0.350586	-40.599927	11.091408	123.037321
64996		-1.984345	-6.196140	7.330256	0.095795	-0.037803	0.078164	-0.522949	0.023926	-0.357666	-40.532668	11.102912	123.090179
64997		-2.009071	-6.236820	7.362701	0.085458	-0.031889	0.077716	-0.513672	0.022461	-0.355469	-40.471800	11.121588	123.140462
64998		-2.034071	-6.315718	7.347582	0.070809	-0.022893	0.072189	-0.512939	0.037598	-0.353027	-40.420424	11.137263	123.185046
64999		-2.001176	-6.350647	7.283354	0.063979	-0.022109	0.073652	-0.515625	0.028564	-0.357422	-40.372884	11.158618	123.229856
65000		-1.986249	-6.328859	7.287541	0.053857	-0.017263	0.084666	-0.520752	0.029541	-0.364258	-40.330520	11.181308	123.277897
65001		-2.011496	-6.336471	7.339615	0.042840	-0.022835	0.087954	-0.520508	0.023193	-0.352539	-40.293763	11.207591	123.329382
65002		-1.966072	-6.352950	7.346405	0.026650	-0.024355	0.117041	-0.515625	0.019287	-0.357910	-40.263607	11.239114	123.394567
65003		-2.018130	-6.220658	7.410575	0.001070	-0.021813	0.131147	-0.515625	0.020996	-0.354492	-40.247032	11.281790	123.464958
65004		-1.958192	-6.260385	7.391689	-0.033876	-0.011401	0.143143	-0.514404	0.024902	-0.357178	-40.250134	11.328607	123.536929
65005		-1.973090	-6.292693	7.439006	-0.074527	0.005392	0.162905	-0.520264	0.026123	-0.361816	-40.275966	11.394952	123.611232
65006		-1.927875	-6.213079	7.455267	-0.114042	0.027762	0.188932	-0.518555	0.031494	-0.353516	-40.323729	11.475913	123.688800
65007		-1.699587	-6.131092	7.551676	-0.176059	0.039596	0.237723	-0.520752	0.028320	-0.354980	-40.403440	11.585076	123.783426
65008		-1.414418	-6.166940	7.604699	-0.266050	0.049954	0.341192	-0.520264	0.036621	-0.355225	-40.526044	11.732547	123.920161
65009		-1.755200	-6.266170	7.449535	-0.342220	0.095219	0.418887	-0.510254	0.036865	-0.348145	-40.688326	11.933806	124.073773
65010		-1.689244	-6.185125	7.594989	-0.435123	0.147138	0.487611	-0.508057	0.045166	-0.357178	-40.901219	12.179011	124.237580
65011		-1.493775	-6.237894	7.553172	-0.521046	0.202009	0.567327	-0.509033	0.048340	-0.349121	-41.159617	12.483323	124.414563
65012		-1.575600	-6.199228	7.485664	-0.590693	0.288769	0.652348	-0.504150	0.042236	-0.355225	-41.456453	12.853214	124.594262
65013		-1.462708	-6.234577	7.599359	-0.674254	0.373989	0.741439	-0.495361	0.055664	-0.352539	-41.798820	13.299160	124.777924
65014		-1.402688	-6.331933	7.412927	-0.743463	0.487237	0.845611	-0.497803	0.057129	-0.349121	-42.179857	13.829708	124.960150
65015		-1.386091	-6.600209	7.272561	-0.763751	0.635427	0.973860	-0.483154	0.067871	-0.339111	-42.571980	14.478261	125.136056
65016		-1.162528	-6.864542	7.267834	-0.744074	0.863464	1.136363	-0.473145	0.065186	-0.342041	-42.957346	15.282524	125.287002
65017		-1.121046	-7.211242	7.179093	-0.662947	1.131131	1.338172	-0.460693	0.081787	-0.341553	-43.300717	16.283094	125.411989
65018		-1.205628	-7.289270	6.984554	-0.544764	1.384690	1.574542	-0.450195	0.081787	-0.346436	-43.576250	17.478485	125.530467
65019		-1.290033	-7.769897	7.147112	-0.353227	1.695009	1.876092	-0.433838	0.101074	-0.346680	-43.739683	18.926428	125.647335
65020		-1.416183	-7.699352	6.902383	-0.129049	2.024072	2.205644	-0.403320	0.094727	-0.341797	-43.770208	20.637107	125.769119
65021		-1.565994	-8.230085	6.654962	0.154566	2.338818	2.589143	-0.387207	0.098633	-0.363037	-43.619487	22.633811	125.931181
65022		-1.805025	-8.253163	6.541246	0.429591	2.633171	3.027475	-0.359131	0.108398	-0.355225	-43.271656	24.921027	126.177819
65023		-2.030594	-8.227043	6.729019	0.652656	2.997002	3.537217	-0.326660	0.099121	-0.363525	-42.740271	27.561766	126.528503
65024		-2.408854	-8.079099	7.030181	0.843454	3.350030	4.132782	-0.286621	0.097900	-0.374023	-41.999095	30.574589	127.054405
65025		-3.699812	-8.445037	7.892454	1.010865	3.759528	4.728344	-0.242920	0.097900	-0.382080	-41.035667	33.985443	127.769104
65026		-6.882099	-10.023357	9.442913	1.162101	4.196715	5.197357	-0.191650	0.091309	-0.386963	-39.853777	37.746050	128.645252
65027		-11.316660	-10.303091	12.149570	1.024255	4.565522	5.343177	-0.149658	0.078369	-0.388428	-38.667128	41.710685	129.579324
65028		-14.191317	-10.997864	13.627423	0.439315	4.677300	5.147535	-0.101807	0.071777	-0.372803	-37.780252	45.639637	130.495215
65029		-12.043397	-11.919271	11.960444	-0.210913	4.669678	4.903453	-0.062500	0.062500	-0.374023	-37.239196	49.474211	131.388684
65030		-9.632624	-12.288914	13.647866	-0.645059	4.735388	4.683984	-0.017822	0.058594	-0.359863	-36.971920	53.255776	132.200902
65031		-7.451333	-11.629032	12.219952	-0.741575	4.768853	4.610489	0.026611	0.051270	-0.346680	-36.706359	57.027106	133.039440
65032		-4.404784	-11.105600	12.099700	-0.871287	4.635164	4.559397	0.062256	0.041748	-0.326172	-36.338093	60.714724	134.049947
65033		-3.862165	-9.257455	9.120585	-1.179641	4.396419	4.609020	0.094482	0.031006	-0.300293	-35.750360	64.304904	135.471604
65034		-1.395140	-8.793685	9.781357	-1.289541	3.905535	4.645825	0.136475	0.022461	-0.293457	-34.480323	67.665548	137.667710
65035		-2.853586	-8.046036	12.776893	-1.125424	2.965282	4.465449	0.165527	0.013184	-0.277832	-31.949999	70.487591	141.063875
65036		-8.822152	-8.989769	21.033922	-1.375830	0.520399	4.106560	0.167969	0.001221	-0.263428	-27.143032	71.907207	146.971359
65037		-7.150322	-15.613945	18.951705	-1.969451	-1.677469	2.802287	0.173584	0.000732	-0.277100	-22.596907	71.705866	152.942099
65038		-2.985312	-15.106551	14.404402	-2.171731	-3.101323	1.804414	0.163574	0.008545	-0.280762	-19.168077	70.410678	157.879959
65039		0.211257	-12.809488	8.225778	-1.812176	-3.808313	1.205927	0.134521	0.013428	-0.295410	-16.653426	68.539268	161.671906
65040		1.623510	-9.481502	4.531200	-1.526597	-4.111870	0.760365	0.108643	0.018799	-0.302490	-14.961642	66.387898	164.447743
65041		2.116671	-7.640875	2.295623	-1.471589	-4.123939	0.343203	0.091553	0.032471	-0.310303	-14.105236	64.142113	166.318283
65042		2.630657	-7.553936	1.077046	-1.461456	-3.930582	-0.032826	0.056396	0.032959	-0.326172	-13.899097	61.949608	167.486375
65043		2.836806	-8.125235	0.422785	-1.341375	-3.605857	-0.381956	0.043701	0.049805	-0.337158	-14.152071	59.884170	168.076751
65044		2.636479	-8.942316	0.373195	-1.093982	-3.246402	-0.730640	0.011475	0.058350	-0.330811	-14.676417	57.975765	168.193855
65045		2.292652	-9.440673	0.619636	-0.775845	-2.910774	-1.080224	-0.023193	0.068848	-0.337891	-15.380727	56.196233	167.885891
65046		1.870364	-9.305555	1.263366	-0.537685	-2.626255	-1.462732	-0.037109	0.075439	-0.351807	-16.255792	54.517372	167.194142
65047		1.531272	-8.886825	1.925513	-0.504267	-2.373324	-1.897187	-0.063965	0.087158	-0.347412	-17.430322	52.891968	166.097986
65048		1.156778	-8.402644	2.522942	-0.635065	-2.150562	-2.343003	-0.099854	0.091553	-0.349609	-18.932533	51.299808	164.652709
65049		0.709048	-8.154568	3.343127	-0.880797	-1.961701	-2.776035	-0.125732	0.107666	-0.339844	-20.794453	49.692435	162.897412
65050		0.094851	-8.301781	4.373123	-1.125483	-1.828434	-3.170046	-0.157227	0.109375	-0.334961	-22.917347	48.041446	160.932486
65051		-0.589637	-8.525357	5.278581	-1.295053	-1.746970	-3.518394	-0.178223	0.110596	-0.319580	-25.210630	46.294642	158.821969
65052		-1.105638	-8.594741	6.289772	-1.394411	-1.706918	-3.811092	-0.223633	0.114990	-0.312500	-27.545860	44.446004	156.660713
65053		-1.824606	-8.650755	7.286061	-1.448089	-1.703590	-4.060996	-0.256104	0.117188	-0.313232	-29.870351	42.460292	154.493023
65054		-2.545915	-8.654722	8.216465	-1.479518	-1.750139	-4.279491	-0.289795	0.120117	-0.298828	-32.111011	40.336114	152.383990
65055		-3.145964	-8.759853	8.871076	-1.472945	-1.827279	-4.447884	-0.316650	0.116943	-0.286865	-34.232068	38.052451	150.369586
65056		-3.588563	-8.931391	9.451298	-1.435690	-1.906077	-4.582661	-0.352051	0.118164	-0.277588	-36.185997	35.644534	148.480220
65057		-3.971179	-9.235047	9.795668	-1.360030	-1.984085	-4.678211	-0.386230	0.122559	-0.268311	-37.963404	33.107876	146.719526
65058		-4.185575	-9.607226	10.208440	-1.249214	-2.039313	-4.753892	-0.410645	0.114990	-0.259521	-39.538559	30.490255	145.085226
65059		-4.499479	-10.072130	10.784616	-1.136053	-2.083372	-4.814648	-0.444092	0.106201	-0.250732	-40.936743	27.782701	143.558218
65060		-4.936204	-10.374983	11.298708	-1.033095	-2.127473	-4.857939	-0.472900	0.099365	-0.237305	-42.157702	25.023129	142.139467
65061		-5.436120	-10.425851	11.700553	-0.986745	-2.157981	-4.891872	-0.510254	0.084717	-0.222168	-43.259363	22.198665	140.808987
65062		-5.708065	-10.443856	12.031676	-0.964894	-2.152762	-4.885847	-0.543457	0.078125	-0.206543	-44.252473	19.370675	139.562893
65063		-6.358636	-11.009295	12.808083	-0.925391	-2.108743	-4.812718	-0.565186	0.062988	-0.192139	-45.144679	16.557302	138.398494
65064		-7.469776	-12.315610	13.769207	-0.802232	-2.067404	-4.687442	-0.595215	0.058594	-0.183350	-45.882649	13.810307	137.328168
65065		-9.269160	-14.224814	14.916736	-0.499341	-2.035316	-4.568106	-0.617676	0.043457	-0.168701	-46.385151	11.100370	136.335008
65066		-11.864837	-15.591341	15.765027	-0.094895	-2.059127	-4.516431	-0.633301	0.028320	-0.149902	-46.595896	8.410504	135.399502
65067		-14.455802	-15.755416	15.857515	0.222982	-2.175892	-4.539575	-0.667480	0.017578	-0.140137	-46.578027	5.650217	134.514598
65068		-17.122622	-15.344534	15.355987	0.387321	-2.328745	-4.597184	-0.688232	0.002686	-0.130371	-46.416195	2.820353	133.670826
65069		-19.388870	-14.132801	13.840099	0.400530	-2.547379	-4.641752	-0.715332	-0.028320	-0.115479	-46.206113	-0.123338	132.892948
65070		-20.762985	-11.687179	11.186462	0.278264	-2.749236	-4.593626	-0.731934	-0.053955	-0.100830	-46.025077	-3.113060	132.207432
65071		-20.764692	-7.858054	7.451217	0.003355	-2.833123	-4.395297	-0.747314	-0.075928	-0.082275	-45.977690	-6.062060	131.628154
65072		-20.125791	-2.709589	3.935925	-0.560430	-2.643044	-4.075849	-0.773438	-0.088867	-0.063965	-46.228302	-8.795654	131.099644
65073		-19.898314	0.328224	1.373377	-1.293106	-2.236093	-3.661972	-0.775635	-0.105225	-0.054199	-46.880324	-11.207048	130.583515
65074		-20.119985	1.523630	0.221868	-1.828860	-1.721036	-3.162851	-0.799072	-0.120850	-0.041992	-47.818200	-13.208701	130.073342
65075		-20.535843	1.674056	0.057436	-2.058274	-1.158643	-2.657355	-0.796387	-0.127686	-0.020020	-48.870448	-14.791863	129.546174
65076		-21.319479	1.027545	0.321492	-1.910941	-0.617447	-2.141677	-0.811279	-0.141113	-0.016357	-49.818237	-15.953840	128.999447
65077		-21.793787	0.723608	0.721769	-1.426601	-0.143376	-1.611099	-0.811523	-0.146729	-0.010010	-50.482300	-16.716778	128.453442
65078		-22.101238	0.432758	1.322194	-0.756012	0.247885	-1.078573	-0.802490	-0.159912	-0.007813	-50.761879	-17.104849	127.932999
65079		-20.585129	0.983219	1.911984	-0.126534	0.535994	-0.538329	-0.805420	-0.156982	-0.007568	-50.702422	-17.148050	127.484530
65080		-10.339085	0.170410	-1.451595	0.820580	2.160751	1.128639	-0.798584	-0.158447	-0.020996	-50.070772	-15.861021	126.923941
65081		-9.855927	-2.342570	0.915514	2.192669	3.221797	1.721294	-0.783691	-0.165527	-0.041504	-48.614160	-13.907098	126.144285
65082		3.551455	1.971502	6.172260	2.082717	2.787991	1.813457	-0.779053	-0.160645	-0.046143	-47.306290	-12.066430	125.644849
65083		9.991527	-0.751361	10.225273	0.331774	3.216478	1.859281	-0.775146	-0.153076	-0.063477	-46.994501	-10.028737	125.010541
65084		-1.880441	-2.907104	9.299084	-0.703761	3.146749	1.905447	-0.755859	-0.141357	-0.057861	-47.304258	-8.002896	124.427928
65085		-6.463578	-4.890166	12.476613	-0.862573	3.223689	1.907389	-0.748047	-0.128662	-0.075684	-47.721837	-5.946463	123.803296
65086		-7.588270	-6.333753	16.231276	-0.806593	3.010344	1.964815	-0.736084	-0.124512	-0.079590	-48.136593	-3.955763	123.279211
65087		-5.712576	-6.235862	18.491718	-0.377255	2.672460	2.488270	-0.718994	-0.115479	-0.087402	-48.341456	-1.868322	123.090138
65088		-6.273954	-3.796809	17.217324	-0.523557	2.439542	2.872775	-0.705078	-0.103516	-0.089600	-48.639930	0.289975	123.138180
65089		-5.735225	-10.787659	13.153834	-1.108787	2.169846	2.680648	-0.699219	-0.083984	-0.089355	-49.270523	2.269806	123.212988
65090		-4.425468	-16.990341	10.119786	-0.548493	1.860284	2.560785	-0.687500	-0.080078	-0.096924	-49.574366	4.076943	123.361950
65091		-4.150086	-17.035432	6.562743	-0.046983	1.833716	2.200130	-0.679443	-0.059570	-0.096191	-49.596393	5.723603	123.383289
65092		-5.013175	-23.995083	9.328133	1.010430	2.161519	1.593599	-0.667725	-0.064453	-0.106934	-49.053835	7.222691	123.040846
65093		-10.442566	-13.875417	7.758225	2.183374	1.243788	0.789542	-0.668945	-0.065186	-0.112549	-47.831551	8.039924	122.809385
65094		-0.903031	-2.764023	9.853096	1.700956	0.838830	0.534387	-0.667236	-0.069824	-0.126953	-46.875552	8.590016	122.665665
65095		-3.362938	-8.506367	7.771337	1.484111	0.752299	0.630939	-0.653809	-0.073975	-0.134277	-46.032399	9.155398	122.605316
65096		-3.537985	-7.873765	7.656475	1.144933	0.411351	0.348461	-0.650146	-0.081299	-0.127197	-45.378367	9.462064	122.579561
65097		-2.145085	-5.701688	8.602415	0.836946	0.322428	0.246509	-0.649902	-0.072266	-0.133301	-44.901392	9.699026	122.551568
65098		-2.633566	-6.861555	7.805962	0.509183	0.250207	0.155496	-0.644287	-0.078125	-0.130127	-44.613286	9.862664	122.517232
65099		-1.925842	-6.678627	7.211311	0.358141	0.198485	0.073770	-0.649902	-0.077637	-0.149414	-44.413829	9.979965	122.470700
65100		-1.980426	-6.823510	7.102847	0.282019	0.180633	0.059846	-0.646729	-0.083252	-0.143066	-44.257821	10.077036	122.426045
65101		-1.923772	-6.977266	6.900754	0.261527	0.153152	0.059196	-0.653320	-0.069824	-0.146240	-44.111594	10.170172	122.392438
65102		-1.951086	-6.563641	7.209794	0.223701	0.128777	0.051534	-0.642090	-0.079834	-0.147705	-43.985950	10.242796	122.365766
65103		-1.890130	-6.688476	7.029350	0.195057	0.122682	0.048955	-0.646484	-0.084961	-0.143555	-43.876402	10.319447	122.340545
65104		-1.939397	-6.569716	7.183889	0.171912	0.120213	0.035087	-0.644775	-0.086670	-0.146973	-43.781070	10.382105	122.310688
65105		-1.909020	-6.490942	7.145296	0.134844	0.119063	0.032231	-0.645264	-0.083008	-0.149170	-43.707036	10.450722	122.280112
65106		-1.788540	-6.573479	6.915854	0.141268	0.123226	0.037219	-0.639160	-0.085938	-0.145020	-43.629356	10.515554	122.250106
65107		-1.892259	-6.505653	7.064007	0.154402	0.113685	0.047503	-0.645752	-0.085449	-0.147705	-43.542569	10.588052	122.228302
65108		-1.924117	-6.648081	6.998090	0.160902	0.104810	0.052670	-0.645752	-0.083252	-0.138672	-43.451110	10.651412	122.212404
65109		-1.899499	-6.533546	7.082241	0.167996	0.094508	0.056252	-0.647461	-0.083984	-0.155273	-43.354429	10.719441	122.202195
65110		-1.945265	-6.483563	7.137920	0.173322	0.080265	0.059852	-0.644043	-0.088135	-0.150635	-43.253450	10.775441	122.199373
65111		-1.938295	-6.661793	7.003962	0.178235	0.075670	0.063284	-0.646484	-0.086182	-0.149170	-43.148892	10.838394	122.199896
65112		-1.999073	-6.731657	6.938840	0.190564	0.064169	0.070353	-0.649414	-0.087891	-0.143311	-43.035947	10.891780	122.208173
65113		-1.996816	-6.698923	7.049360	0.202830	0.052682	0.079058	-0.643799	-0.083496	-0.156982	-42.914260	10.951256	122.224797
65114		-2.055284	-6.593407	7.105727	0.193735	0.037825	0.080614	-0.643555	-0.089844	-0.154541	-42.796614	10.997542	122.248149
65115		-2.026211	-6.545934	7.119536	0.184783	0.027714	0.072297	-0.649170	-0.091064	-0.149170	-42.683861	11.043820	122.271988
65116		-2.015732	-6.480798	7.179296	0.156163	0.026444	0.063176	-0.640137	-0.086670	-0.153076	-42.588244	11.078452	122.292539
65117		-2.001144	-6.418475	7.188591	0.135156	0.026472	0.055924	-0.637939	-0.087891	-0.142578	-42.505114	11.117786	122.309971
65118		-2.004366	-6.513810	7.076733	0.131649	0.026854	0.059028	-0.646240	-0.095459	-0.152344	-42.423872	11.150927	122.328683
65119		-1.992152	-6.521599	7.062550	0.145776	0.019284	0.064518	-0.647217	-0.087646	-0.149902	-42.333337	11.190486	122.352756
65120		-1.954741	-6.549051	6.930062	0.178420	0.005724	0.072367	-0.645508	-0.091797	-0.150391	-42.222519	11.219751	122.385651
65121		-1.966393	-6.601937	6.968895	0.217191	-0.003537	0.093324	-0.641357	-0.091064	-0.155518	-42.086845	11.260593	122.431278
65122		-2.026667	-6.596494	7.005863	0.261739	-0.018941	0.108049	-0.640381	-0.089600	-0.155029	-41.923304	11.292885	122.489457
65123		-2.146570	-6.633957	7.116316	0.289863	-0.042318	0.117567	-0.641602	-0.094727	-0.160889	-41.740882	11.326176	122.560950
65124		-2.125610	-6.420187	7.204885	0.287127	-0.055299	0.099751	-0.644287	-0.087646	-0.159180	-41.560634	11.339389	122.629839
65125		-2.165215	-6.287944	7.363077	0.246585	-0.045257	0.073652	-0.642578	-0.095215	-0.158936	-41.406487	11.354334	122.683413
65126		-2.058906	-6.314482	7.290032	0.221050	-0.032526	0.057727	-0.637207	-0.096436	-0.164063	-41.269416	11.361071	122.725152
65127		-2.063502	-6.296312	7.352258	0.189742	-0.026643	0.048434	-0.638672	-0.089355	-0.154785	-41.151378	11.374274	122.760520
65128		-2.097349	-6.281066	7.337100	0.166950	-0.017508	0.040918	-0.642334	-0.095459	-0.163574	-41.047883	11.380994	122.789116
65129		-2.061762	-6.237008	7.348042	0.137600	-0.012523	0.031768	-0.641357	-0.097412	-0.157715	-40.962202	11.393912	122.811749
65130		-2.078741	-6.208803	7.354123	0.115453	-0.004900	0.021098	-0.643066	-0.091797	-0.157471	-40.890882	11.398566	122.826787
65131		-2.079668	-6.272558	7.291100	0.106060	-0.001786	0.023980	-0.640869	-0.096436	-0.152832	-40.824732	11.413159	122.841894
65132		-2.079692	-6.301255	7.250704	0.105029	-0.007302	0.017616	-0.647461	-0.094971	-0.156494	-40.759501	11.415433	122.856321
65133		-2.047325	-6.294371	7.284354	0.105313	-0.012204	0.014526	-0.639160	-0.096436	-0.164063	-40.693812	11.421933	122.871233
65134		-2.079087	-6.249846	7.287020	0.100662	-0.017203	0.014583	-0.634033	-0.093262	-0.156494	-40.630600	11.418739	122.888091
65135		-2.060986	-6.261899	7.271409	0.099823	-0.019209	0.012990	-0.643311	-0.099609	-0.166748	-40.567661	11.421582	122.904985
65136		-2.044364	-6.272410	7.280439	0.107145	-0.026042	0.018309	-0.636475	-0.099609	-0.158691	-40.499744	11.415890	122.926850
65137		-2.062639	-6.315569	7.265138	0.116487	-0.038498	0.027160	-0.642090	-0.097168	-0.157959	-40.424564	11.415546	122.957352
65138		-2.007900	-6.256891	7.298842	0.120418	-0.044968	0.032376	-0.647949	-0.096680	-0.155518	-40.346391	11.406761	122.992632
65139		-2.026704	-6.262040	7.331295	0.118463	-0.053438	0.042428	-0.637207	-0.094482	-0.150879	-40.267627	11.405458	123.035566
65140		-1.971498	-6.313523	7.248679	0.109868	-0.052922	0.053591	-0.643311	-0.094482	-0.163818	-40.193043	11.400951	123.083289
65141		-1.995206	-6.351771	7.307093	0.111311	-0.066415	0.068826	-0.641357	-0.094971	-0.157715	-40.115086	11.403590	123.142884
65142		-2.008331	-6.289459	7.311349	0.106708	-0.077067	0.088697	-0.644531	-0.100830	-0.165527	-40.037416	11.401321	123.215382
65143		-1.956971	-6.265228	7.346160	0.090291	-0.095366	0.108644	-0.652832	-0.104492	-0.154053	-39.965829	11.405746	123.303669
65144		-1.960556	-6.253965	7.401651	0.067361	-0.101010	0.137695	-0.636475	-0.095215	-0.156006	-39.904575	11.410805	123.407106
65145		-1.925798	-6.178138	7.453579	0.030391	-0.099118	0.159628	-0.643311	-0.093750	-0.153320	-39.862459	11.432108	123.519672
65146		-1.983596	-6.185946	7.477887	-0.013025	-0.093012	0.182893	-0.636963	-0.095459	-0.153076	-39.843764	11.457135	123.640418
65147		-1.891044	-6.225636	7.510186	-0.065000	-0.073156	0.220054	-0.646240	-0.091309	-0.150146	-39.852672	11.511947	123.770425
65148		-1.733666	-6.276112	7.518372	-0.121951	-0.022263	0.263911	-0.644775	-0.094482	-0.149170	-39.894182	11.597885	123.901046
65149		-1.790051	-6.276693	7.555007	-0.183482	0.045311	0.318306	-0.648193	-0.092773	-0.153809	-39.970607	11.741011	124.030666
65150		-1.260320	-5.668503	8.050383	-0.283894	0.125415	0.389178	-0.635498	-0.087646	-0.159180	-40.104183	11.938268	124.161701
65151		-1.039328	-6.113109	7.701181	-0.399573	0.207103	0.555119	-0.634033	-0.087891	-0.151611	-40.294097	12.240259	124.335701
65152		-1.689791	-6.222341	7.589516	-0.457573	0.308654	0.655966	-0.627441	-0.089600	-0.155762	-40.515428	12.617361	124.515236
65153		-1.245736	-6.119090	7.825585	-0.540672	0.431776	0.750021	-0.630615	-0.069092	-0.153076	-40.784054	13.090945	124.688284
65154		-1.028009	-6.492467	7.574950	-0.616355	0.615336	0.876961	-0.630371	-0.069092	-0.157227	-41.098756	13.685377	124.844828
65155		-1.003651	-6.910730	7.552954	-0.596647	0.847805	1.047757	-0.620361	-0.067383	-0.153564	-41.404071	14.452188	124.983921
65156		-1.018919	-7.117567	7.448122	-0.519996	1.119472	1.252077	-0.612305	-0.054199	-0.159424	-41.669031	15.406900	125.103405
65157		-1.183010	-7.557076	7.539926	-0.376580	1.406802	1.479773	-0.608154	-0.049561	-0.158936	-41.853581	16.578369	125.206894
65158		-1.308602	-7.962628	7.448846	-0.196801	1.720670	1.749893	-0.592773	-0.049316	-0.173340	-41.935594	17.980656	125.303012
65159		-1.456227	-8.198437	7.194454	-0.000560	1.978177	2.077933	-0.584717	-0.038086	-0.170410	-41.888098	19.624614	125.443269
65160		-1.614619	-8.631834	7.313585	0.246251	2.215033	2.480308	-0.561035	-0.029053	-0.178955	-41.662940	21.516755	125.676201
65161		-1.537970	-8.175570	7.346507	0.467137	2.474070	2.939373	-0.547119	-0.023926	-0.189941	-41.256457	23.698953	126.030854
65162		-1.649663	-7.904919	7.604109	0.619369	2.743511	3.438704	-0.522217	-0.019531	-0.194824	-40.685066	26.176523	126.538904
65163		-1.993434	-7.401614	7.714905	0.742749	3.074556	3.932461	-0.497803	-0.010010	-0.212402	-39.953061	28.981794	127.195304
65164		-3.336446	-7.639644	7.755787	0.844693	3.342566	4.436242	-0.471924	-0.012695	-0.207764	-39.025885	32.075025	128.062906
65165		-5.514819	-7.945538	8.907748	0.898960	3.509505	4.843546	-0.429199	0.000977	-0.228516	-37.889688	35.379321	129.176525
65166		-8.833643	-8.048787	10.274372	0.885010	3.747061	5.030520	-0.394287	0.003418	-0.243896	-36.625041	38.831786	130.427751
65167		-12.762746	-10.091443	13.429178	0.599413	3.926623	4.862655	-0.364990	0.012939	-0.236572	-35.480777	42.293762	131.654699
65168		-11.236046	-10.116715	11.373551	0.021649	4.080462	4.555493	-0.340576	0.008545	-0.247803	-34.697816	45.705828	132.760284
65169		-9.305986	-9.548792	11.284689	-0.603691	4.163982	4.371852	-0.298828	0.016357	-0.249268	-34.260201	49.093452	133.821012
65170		-7.119875	-8.048604	10.149433	-0.831249	4.295870	4.431301	-0.260986	0.018799	-0.243164	-33.839415	52.552956	134.975021
65171		-4.842819	-8.548458	9.852799	-0.996395	4.268783	4.526045	-0.228516	0.012695	-0.243408	-33.277015	56.026747	136.367334
65172		-3.762472	-7.620243	8.695185	-1.250515	4.159301	4.609630	-0.181152	0.016357	-0.237061	-32.522685	59.460914	138.103425
65173		-3.846224	-6.118986	7.427527	-1.629663	4.102076	4.839026	-0.142578	0.017334	-0.222168	-31.433760	62.924072	140.408332
65174		-4.980100	-7.269367	7.820433	-1.973010	3.687579	4.812998	-0.119629	0.019043	-0.211182	-29.831987	66.146374	143.431177
65175		-4.264493	-8.321880	12.330396	-2.029424	2.803292	4.515453	-0.084961	0.011963	-0.203125	-27.360109	68.795579	147.362714
65176		-5.301566	-8.327969	16.027506	-2.145431	0.775851	4.092927	-0.062256	0.016602	-0.189453	-23.419784	70.202111	152.878737
65177		-9.836624	-15.616649	19.263994	-2.860938	-1.288916	2.974280	-0.060791	0.014893	-0.181396	-19.898342	70.141321	158.362046
65178		-5.040254	-17.079358	14.693085	-3.069555	-2.595179	1.883706	-0.059570	0.015625	-0.178467	-17.610269	69.077178	162.676758
65179		-0.670782	-14.957153	9.347644	-2.576049	-3.427292	1.087510	-0.066650	0.021484	-0.172119	-16.161640	67.372336	165.824353
65180		1.225225	-12.028800	5.514870	-2.078272	-3.759792	0.491228	-0.075928	0.024170	-0.161621	-15.385585	65.372831	167.968522
65181		2.014557	-10.443517	3.304986	-1.710164	-3.782770	0.000003	-0.080078	0.017334	-0.164307	-15.178819	63.274314	169.284739
65182		2.317760	-9.734149	2.117822	-1.414139	-3.604942	-0.427925	-0.086182	0.013672	-0.167480	-15.395946	61.214599	169.952474
65183		2.745603	-9.682982	1.139591	-1.121798	-3.284531	-0.821410	-0.099854	0.005127	-0.164795	-15.946722	59.267096	170.059346
65184		2.735496	-9.904330	0.950295	-0.813656	-2.903954	-1.216297	-0.101074	0.004395	-0.160400	-16.731767	57.471788	169.682370
65185		2.535590	-9.905040	1.058509	-0.523597	-2.545785	-1.653870	-0.114258	-0.002441	-0.166992	-17.755861	55.788595	168.817633
65186		2.301754	-9.487933	1.435882	-0.341235	-2.238606	-2.093901	-0.118164	-0.013184	-0.166016	-18.993129	54.190590	167.543198
65187		2.088396	-8.690453	1.916768	-0.349371	-1.947666	-2.545969	-0.113281	-0.008545	-0.170654	-20.542000	52.636750	165.867223
65188		1.656896	-8.144911	2.635510	-0.544025	-1.672974	-2.994560	-0.128418	-0.014648	-0.177002	-22.434567	51.113798	163.855156
65189		0.948096	-7.976203	3.551488	-0.822338	-1.454718	-3.424458	-0.125732	-0.017090	-0.176025	-24.681043	49.553912	161.553787
65190		0.252196	-8.152219	4.491097	-1.053080	-1.319602	-3.807393	-0.133057	-0.009766	-0.177979	-27.138637	47.918227	159.084614
65191		-0.623248	-8.291835	5.669426	-1.229385	-1.248194	-4.154932	-0.130859	-0.010986	-0.178955	-29.732343	46.142605	156.508487
65192		-1.563771	-8.510634	6.677379	-1.340869	-1.249541	-4.459096	-0.139648	0.002930	-0.180176	-32.326853	44.209965	153.931366
65193		-2.282828	-8.673513	7.556018	-1.358950	-1.287683	-4.683684	-0.145996	0.010742	-0.182373	-34.825640	42.096504	151.422998
65194		-2.979486	-8.710649	8.304449	-1.295189	-1.366761	-4.844790	-0.148926	0.025879	-0.187744	-37.113961	39.830459	149.061955
65195		-3.662079	-8.785601	9.037205	-1.203605	-1.463771	-4.937351	-0.154785	0.049072	-0.196533	-39.172295	37.407799	146.876052
65196		-4.286248	-9.007669	9.564690	-1.100729	-1.572138	-4.985094	-0.165283	0.061035	-0.204590	-40.971302	34.878311	144.892290
65197		-4.705923	-9.111141	9.944551	-1.020137	-1.683887	-5.023146	-0.189697	0.082275	-0.214600	-42.557166	32.224955	143.087658
65198		-4.869871	-9.351577	10.258874	-0.970358	-1.763046	-5.049361	-0.207520	0.108887	-0.227295	-43.954583	29.505573	141.444003
65199		-5.290804	-9.992581	10.658945	-0.931168	-1.824254	-5.057371	-0.231689	0.126465	-0.242188	-45.201421	26.709925	139.937123
65200		-5.544928	-10.709012	11.164958	-0.875386	-1.867313	-5.076233	-0.269287	0.142578	-0.257568	-46.296189	23.879085	138.544375
65201		-6.016812	-11.858181	12.004902	-0.785286	-1.912046	-5.089292	-0.310059	0.141602	-0.272949	-47.242964	20.986490	137.249477
65202		-6.960103	-13.085412	13.061569	-0.672908	-1.999277	-5.112577	-0.360107	0.147949	-0.291260	-48.024833	18.049456	136.057387
65203		-7.774200	-14.394070	13.991696	-0.531274	-2.117162	-5.221157	-0.403564	0.153809	-0.316650	-48.651364	14.990519	134.931471
65204		-8.526707	-15.247208	14.488225	-0.338331	-2.238572	-5.330675	-0.445801	0.153809	-0.329102	-49.090997	11.845612	133.863495
65205		-9.463886	-15.661123	14.656316	-0.109610	-2.355414	-5.411937	-0.499268	0.141357	-0.332275	-49.335383	8.598998	132.847044
65206		-10.927693	-15.369956	14.439117	0.094923	-2.461193	-5.452596	-0.547363	0.125000	-0.352783	-49.395965	5.309178	131.879590
65207		-12.647041	-14.828057	13.924882	0.276883	-2.538024	-5.427949	-0.595459	0.106934	-0.357666	-49.296335	1.986271	130.958720
65208		-14.337701	-14.373796	12.955987	0.487312	-2.581475	-5.250299	-0.648682	0.084717	-0.355713	-49.020220	-1.257411	130.114383
65209		-16.109313	-13.755103	11.608689	0.734821	-2.631502	-4.911049	-0.695557	0.055664	-0.354492	-48.563768	-4.381564	129.398185
65210		-17.351174	-12.106714	9.466692	0.961989	-2.716323	-4.449601	-0.742676	0.035645	-0.348877	-47.955723	-7.320680	128.863340
65211		-17.698296	-8.365216	6.719125	0.930855	-2.751082	-3.904063	-0.784424	0.007813	-0.351318	-47.370572	-10.046692	128.522283
65212		-17.898882	-4.194718	4.005573	0.492990	-2.637169	-3.356892	-0.813721	-0.022705	-0.334229	-47.047236	-12.485299	128.324587
65213		-17.497235	-0.586815	1.605681	-0.205882	-2.392636	-2.773484	-0.842773	-0.038818	-0.327148	-47.147308	-14.590267	128.249180
65214		-17.143646	1.881285	-0.086502	-0.987211	-1.997999	-2.209976	-0.869629	-0.033691	-0.305420	-47.708098	-16.297906	128.239103
65215		-18.508019	2.888109	-0.113756	-1.691764	-1.470899	-1.732364	-0.888428	-0.044434	-0.286621	-48.668073	-17.604280	128.208526
65216		-20.317700	1.884594	-0.020241	-2.056316	-0.936891	-1.348663	-0.889160	-0.052490	-0.279541	-49.813409	-18.540627	128.109650
65217		-21.298119	0.415229	0.198179	-1.880158	-0.373519	-0.969437	-0.910400	-0.041504	-0.280273	-50.826648	-19.106257	127.913542
65218		-20.789902	-1.224446	0.302956	-1.178962	0.157041	-0.540057	-0.905762	-0.043701	-0.276123	-51.409285	-19.291107	127.637846
65219		-19.089436	-2.059301	0.989770	-0.146334	0.627142	-0.030245	-0.903320	-0.036865	-0.281250	-51.392419	-19.078543	127.333636
65220		-11.208610	-1.262737	0.463595	0.666256	0.871649	0.590260	-0.895020	-0.038818	-0.288330	-50.949584	-18.502405	127.150795
65221		-7.091303	-1.443947	1.056176	1.794663	3.134587	2.238057	-0.885986	-0.024902	-0.317627	-49.744624	-16.364762	126.563659
65222		-2.552496	-4.089013	6.080999	1.726340	2.806882	2.173826	-0.854004	-0.036865	-0.331299	-48.643396	-14.371633	126.149398
65223		8.939867	-4.859951	7.628973	1.076953	2.755563	2.052472	-0.842773	-0.024902	-0.356201	-47.932158	-12.438251	125.746472
65224		1.549255	-4.096987	5.333700	0.382176	2.713731	2.249732	-0.817139	-0.010254	-0.374756	-47.653925	-10.439574	125.458903
65225		-1.677681	-2.628838	6.606403	-0.072027	2.975413	2.386802	-0.797363	0.006836	-0.395996	-47.639093	-8.276201	125.119877
65226		-5.966874	-6.358937	12.577156	-0.673247	3.229068	2.083732	-0.774170	0.027588	-0.407227	-47.951225	-6.149621	124.550850
65227		-6.452085	-8.587372	15.993971	-0.975646	2.953523	1.877231	-0.759521	0.040039	-0.417236	-48.459655	-4.214937	124.007745
65228		-4.434853	-5.088666	15.615450	-0.625214	2.652572	2.293718	-0.733643	0.051025	-0.431641	-48.800631	-2.224840	123.739247
65229		-5.714232	-3.975300	15.515622	-0.614947	2.580051	2.796378	-0.705811	0.076172	-0.443848	-49.149127	-0.039833	123.679575
65230		-6.838001	-12.327707	15.011597	-0.809099	2.138940	2.746589	-0.680908	0.084229	-0.452637	-49.608915	1.951939	123.777816
65231		-4.963815	-14.580670	11.330316	-0.497885	1.742559	2.497089	-0.656738	0.109863	-0.445557	-49.882280	3.695831	123.944590
65232		-3.713621	-13.578421	7.677070	-0.305947	1.674468	2.196821	-0.638184	0.114990	-0.453125	-50.049190	5.276148	124.023802
65233		-4.333530	-17.305612	6.285409	0.227771	1.856409	1.822131	-0.622559	0.125732	-0.469482	-49.930002	6.766781	123.883651
65234		-10.056015	-23.205513	10.403171	1.655123	1.657095	1.036278	-0.605713	0.117676	-0.484619	-49.021994	7.834443	123.548933
65235		-3.237506	-5.610322	9.642369	1.565465	0.879032	0.468140	-0.593750	0.113525	-0.489990	-48.150788	8.376327	123.350551
65236		-1.632213	-6.337375	7.796887	1.372144	0.785606	0.560653	-0.593018	0.098877	-0.492676	-47.379656	8.916031	123.235782
65237		-3.446362	-9.122206	6.502183	1.230392	0.584759	0.458592	-0.577881	0.099121	-0.507080	-46.682100	9.344021	123.172864
65238		-2.356299	-6.553521	7.927060	1.019665	0.413414	0.315253	-0.582031	0.088867	-0.515625	-46.102875	9.637400	123.129196
65239		-2.279366	-6.754740	7.554564	0.792540	0.348140	0.273445	-0.575684	0.089844	-0.517578	-45.651449	9.895947	123.098561
65240		-2.399814	-7.297002	7.176081	0.626528	0.285575	0.185739	-0.577148	0.082520	-0.517578	-45.297001	10.085714	123.059795
65241		-1.930675	-6.474995	7.435406	0.497340	0.235007	0.131139	-0.572754	0.081543	-0.515137	-45.016396	10.240931	123.020617
65242		-2.151876	-6.918317	7.092674	0.399985	0.196338	0.112416	-0.570068	0.067383	-0.518311	-44.790467	10.365198	122.990177
65243		-1.934055	-6.779120	7.009150	0.344319	0.163745	0.097014	-0.562012	0.076660	-0.529541	-44.594729	10.477730	122.967260
65244		-1.968832	-6.736545	7.052118	0.308803	0.132283	0.100425	-0.565430	0.062988	-0.531494	-44.417134	10.571212	122.958859
65245		-2.071604	-6.692683	7.113069	0.272596	0.108705	0.084308	-0.561279	0.065430	-0.531006	-44.259290	10.656010	122.953717
65246		-2.010489	-6.574557	7.158295	0.225918	0.095822	0.064616	-0.566650	0.066162	-0.536865	-44.129140	10.720255	122.945679
65247		-1.941917	-6.628660	6.954094	0.189108	0.081819	0.055133	-0.560791	0.064453	-0.535156	-44.019304	10.782166	122.939587
65248		-1.917273	-6.650331	6.942762	0.199375	0.075945	0.058704	-0.558105	0.061768	-0.535645	-43.903285	10.835894	122.937378
65249		-1.944379	-6.651297	6.953478	0.205068	0.065063	0.060521	-0.558105	0.064453	-0.533691	-43.782578	10.892817	122.940547
65250		-1.990497	-6.668344	6.987664	0.204759	0.048630	0.060556	-0.567139	0.067383	-0.537598	-43.661202	10.935976	122.950363
65251		-2.017842	-6.566496	7.121563	0.196686	0.043966	0.061865	-0.563965	0.059814	-0.536621	-43.543539	10.984446	122.962806
65252		-2.019094	-6.517126	7.084776	0.183663	0.035731	0.056528	-0.566162	0.063232	-0.537598	-43.433537	11.020615	122.976279
65253		-1.969175	-6.489191	7.050731	0.177069	0.031612	0.056280	-0.564209	0.059570	-0.542969	-43.326558	11.061490	122.991478
65254		-1.976054	-6.544240	7.012872	0.183930	0.026092	0.059778	-0.567383	0.060303	-0.542236	-43.215352	11.094864	123.010333
65255		-1.981393	-6.598452	6.951845	0.204060	0.023995	0.066937	-0.559570	0.052490	-0.548096	-43.091398	11.136466	123.033257
65256		-1.969623	-6.496511	7.040097	0.232174	0.013518	0.076096	-0.556641	0.048340	-0.542725	-42.950180	11.170870	123.064243
65257		-1.978709	-6.547191	7.031106	0.243925	0.011610	0.087817	-0.559082	0.050537	-0.542725	-42.800638	11.215103	123.101205
65258		-2.025210	-6.559932	7.093369	0.245002	0.008764	0.087774	-0.558350	0.046875	-0.548584	-42.650647	11.251889	123.139276
65259		-2.065747	-6.538808	7.106549	0.235067	0.005008	0.085767	-0.555176	0.049072	-0.545410	-42.505759	11.292162	123.178175
65260		-2.148032	-6.584244	7.166098	0.223517	-0.007502	0.083898	-0.557617	0.047607	-0.543945	-42.367062	11.320382	123.221186
65261		-2.166856	-6.618404	7.107597	0.217738	-0.052236	0.074752	-0.562500	0.043701	-0.546875	-42.228553	11.331788	123.278013
65262		-2.002228	-6.527282	7.059684	0.217441	-0.060417	0.078075	-0.558350	0.041260	-0.547607	-42.089706	11.335090	123.339398
65263		-2.073335	-6.504641	7.095049	0.228155	-0.062918	0.078344	-0.562988	0.046143	-0.550537	-41.944098	11.342883	123.401990
65264		-2.041575	-6.489032	7.137453	0.217179	-0.055536	0.080994	-0.561523	0.039063	-0.549561	-41.805509	11.349086	123.462759
65265		-2.080723	-6.433098	7.246596	0.203634	-0.057611	0.069150	-0.564697	0.040283	-0.554199	-41.675141	11.355180	123.519288
65266		-2.061956	-6.366766	7.284287	0.178198	-0.045969	0.066427	-0.558105	0.038330	-0.552734	-41.560853	11.359670	123.570010
65267		-2.027578	-6.320735	7.321532	0.153032	-0.039193	0.060607	-0.558350	0.039551	-0.555664	-41.461603	11.370042	123.615672
65268		-2.078300	-6.324277	7.279339	0.126857	-0.029579	0.053079	-0.559082	0.040039	-0.553223	-41.379118	11.376343	123.654225
65269		-2.061897	-6.333808	7.264730	0.111545	-0.027316	0.046060	-0.557373	0.034180	-0.551270	-41.305778	11.386035	123.688938
65270		-2.063901	-6.360359	7.248618	0.101850	-0.022874	0.042397	-0.559326	0.033203	-0.559814	-41.239044	11.391088	123.720234
65271		-2.047304	-6.371517	7.232818	0.099624	-0.025421	0.039132	-0.562012	0.035156	-0.556641	-41.173273	11.398757	123.751182
65272		-2.047163	-6.328221	7.262936	0.099365	-0.020540	0.042218	-0.564209	0.032715	-0.550781	-41.108146	11.404680	123.781514
65273		-2.011314	-6.288522	7.270663	0.093114	-0.021232	0.042059	-0.567383	0.030029	-0.553223	-41.046167	11.415051	123.812150
65274		-2.031133	-6.260955	7.323715	0.084632	-0.024475	0.038668	-0.555420	0.031738	-0.556152	-40.989482	11.417874	123.842441
65275		-2.032171	-6.254293	7.329117	0.074100	-0.018421	0.044721	-0.563232	0.036377	-0.564209	-40.938367	11.430267	123.873188
65276		-2.084889	-6.262714	7.306515	0.060640	-0.017000	0.041079	-0.563721	0.032959	-0.553467	-40.895775	11.437179	123.901688
65277		-2.051545	-6.296401	7.265349	0.059636	-0.014169	0.039328	-0.566895	0.031494	-0.557861	-40.853727	11.449219	123.928439
65278		-2.071684	-6.270750	7.316465	0.062226	-0.016565	0.036200	-0.560059	0.032959	-0.559814	-40.810676	11.454451	123.954627
65279		-2.054201	-6.249636	7.321170	0.061274	-0.013767	0.032824	-0.563721	0.026123	-0.551758	-40.768288	11.464073	123.978358
65280		-2.056172	-6.280034	7.302111	0.057179	-0.020210	0.031295	-0.563232	0.031250	-0.552246	-40.728276	11.465850	124.003774
65281		-2.038373	-6.223089	7.353915	0.051878	-0.023690	0.034529	-0.550537	0.039307	-0.552979	-40.690367	11.471653	124.032052
65282		-2.038824	-6.219002	7.357246	0.039268	-0.024990	0.037525	-0.558350	0.029541	-0.554932	-40.659702	11.473648	124.062054
65283		-2.023281	-6.270553	7.314375	0.033969	-0.023746	0.035728	-0.573242	0.027344	-0.553223	-40.631936	11.479733	124.090889
65284		-2.025069	-6.339155	7.246568	0.034246	-0.025005	0.043906	-0.550049	0.026123	-0.549316	-40.603577	11.484072	124.123732
65285		-1.990447	-6.303203	7.274349	0.027888	-0.030333	0.052065	-0.560791	0.032227	-0.556152	-40.577356	11.493246	124.162326
65286		-1.996170	-6.333686	7.302091	0.018372	-0.031786	0.064905	-0.564453	0.030518	-0.559570	-40.555710	11.502430	124.207081
65287		-2.045282	-6.275494	7.298459	0.012014	-0.037109	0.073061	-0.564453	0.031982	-0.554932	-40.536204	11.516339	124.257584
65288		-2.036235	-6.325206	7.327110	0.003843	-0.033238	0.084126	-0.565186	0.021729	-0.553711	-40.521043	11.532017	124.311443
65289		-1.997615	-6.258389	7.303113	-0.000607	-0.039426	0.093973	-0.557617	0.031494	-0.563477	-40.506708	11.552577	124.372134
65290		-1.988438	-6.309673	7.306663	-0.010838	-0.044002	0.118268	-0.558838	0.027588	-0.551758	-40.496055	11.576246	124.445280
65291		-2.009183	-6.253634	7.351679	-0.032394	-0.030299	0.131959	-0.564453	0.026855	-0.555176	-40.497178	11.614800	124.519415
65292		-2.012894	-6.219618	7.348224	-0.053286	-0.022840	0.145860	-0.564209	0.033203	-0.551514	-40.509899	11.657958	124.596811
65293		-2.016611	-6.151011	7.366686	-0.061861	-0.004444	0.158037	-0.563477	0.034424	-0.548096	-40.527423	11.717417	124.672730
65294		-2.021424	-6.201044	7.486852	-0.084721	0.008707	0.168444	-0.566162	0.033447	-0.553467	-40.558403	11.782774	124.748171
65295		-2.015570	-6.226451	7.432556	-0.136068	0.032891	0.185987	-0.556396	0.026855	-0.550049	-40.618622	11.868898	124.822269
65296		-2.010635	-6.219127	7.398406	-0.166995	0.049937	0.205774	-0.562988	0.032959	-0.551758	-40.696367	11.966260	124.898475
65297		-1.849204	-6.103747	7.489401	-0.206101	0.062527	0.228707	-0.559326	0.041992	-0.552490	-40.794895	12.081333	124.980028
65298		-1.689371	-6.220627	7.464618	-0.236640	0.089211	0.295125	-0.562500	0.032471	-0.553467	-40.907121	12.229453	125.080521
65299		-1.997446	-6.312025	7.359017	-0.275808	0.123483	0.338300	-0.560547	0.046143	-0.544678	-41.039871	12.412266	125.186805
65300		-1.920990	-6.232048	7.414889	-0.310214	0.163869	0.365105	-0.557617	0.049316	-0.552246	-41.193295	12.619432	125.288860
65301		-1.873865	-6.275673	7.372754	-0.337067	0.213864	0.409551	-0.544189	0.052490	-0.547607	-41.361325	12.868543	125.390780
65302		-1.994187	-6.389920	7.270366	-0.356168	0.269746	0.452310	-0.547119	0.066406	-0.547852	-41.541078	13.154832	125.489012
65303		-1.943583	-6.418962	7.248375	-0.372361	0.326638	0.496609	-0.545898	0.060059	-0.549316	-41.729966	13.485885	125.583790
65304		-1.865568	-6.382673	7.323886	-0.382282	0.406852	0.550106	-0.530518	0.057373	-0.544434	-41.926555	13.868701	125.669405
65305		-1.862175	-6.496550	7.297628	-0.385395	0.524703	0.597989	-0.525391	0.066406	-0.548340	-42.130389	14.323445	125.728336
65306		-1.850930	-6.716864	7.247487	-0.370168	0.663487	0.661992	-0.521484	0.078125	-0.542236	-42.332700	14.858799	125.758433
65307		-1.850887	-7.213385	7.051681	-0.322716	0.832816	0.756943	-0.514648	0.083496	-0.541992	-42.514393	15.505540	125.760695
65308		-2.007175	-7.508135	7.063349	-0.189936	1.012947	0.882432	-0.502686	0.081543	-0.549072	-42.625710	16.273956	125.743569
65309		-2.016530	-7.713868	7.195645	-0.052515	1.186348	1.023898	-0.490479	0.080566	-0.552734	-42.660782	17.173154	125.717453
65310		-2.340289	-8.026585	6.885649	0.125849	1.358433	1.186195	-0.466064	0.082031	-0.560791	-42.593887	18.205066	125.693060
65311		-2.840955	-7.942235	6.925617	0.313397	1.440480	1.368179	-0.455078	0.085205	-0.561035	-42.403654	19.344767	125.718707
65312		-3.052946	-7.504711	7.031077	0.471458	1.470861	1.523632	-0.436768	0.094971	-0.567871	-42.101080	20.554488	125.807330
65313		-3.312929	-6.899338	7.176373	0.556259	1.478363	1.650224	-0.419434	0.078613	-0.571533	-41.725157	21.817856	125.959216
65314		-3.569785	-6.577558	7.052289	0.601861	1.474331	1.762690	-0.396729	0.087402	-0.565674	-41.295294	23.118663	126.175878
65315		-3.834811	-6.207988	7.042407	0.603867	1.464333	1.858674	-0.377197	0.076172	-0.578125	-40.834344	24.452097	126.455196
65316		-4.186846	-6.108088	7.019729	0.593239	1.449751	1.945535	-0.357910	0.071045	-0.579102	-40.346910	25.806995	126.797363
65317		-4.373237	-5.847920	6.866868	0.564517	1.408725	2.024060	-0.343994	0.080566	-0.588867	-39.836153	27.172480	127.212089
65318		-4.874872	-5.968268	6.990607	0.608964	1.356678	2.074666	-0.327393	0.072021	-0.592041	-39.260256	28.527512	127.693196
65319		-5.331914	-5.700986	6.891092	0.640856	1.274883	2.125046	-0.312256	0.065430	-0.591064	-38.615936	29.861923	128.256523
65320		-5.756953	-5.590163	6.705251	0.589934	1.167229	2.182926	-0.288818	0.067871	-0.591064	-37.939041	31.160409	128.919597
65321		-5.760520	-5.317008	6.301665	0.514577	1.161480	2.225677	-0.268799	0.065674	-0.597412	-37.264624	32.466707	129.635136
65322		-6.652999	-4.234951	5.992284	0.147167	1.167083	2.308331	-0.252441	0.055420	-0.598389	-36.749044	33.795397	130.420093
65323		-7.791368	-6.145295	6.967686	-0.291678	1.125680	2.384263	-0.238525	0.062988	-0.600342	-36.422158	35.128483	131.288852
65324		-7.192105	-7.365445	6.874757	-0.467198	1.061194	2.434037	-0.215576	0.058350	-0.603027	-36.133906	36.442422	132.235765
65325		-6.691017	-6.860447	6.663783	-0.524140	0.999702	2.547683	-0.192871	0.071289	-0.591797	-35.789792	37.764236	133.300111
65326		-7.153109	-6.728580	6.798823	-0.670193	0.913361	2.658435	-0.175049	0.071533	-0.583984	-35.428140	39.075133	134.496419
65327		-7.518370	-5.469041	6.047002	-0.997211	0.854643	2.799018	-0.164795	0.071289	-0.589111	-35.140991	40.402108	135.835751
65328		-7.853152	-4.998927	6.166088	-1.565816	0.770236	2.947658	-0.153076	0.078613	-0.572266	-35.049779	41.732754	137.336833
65329		-7.660821	-4.851305	6.369903	-2.323728	0.614700	3.059085	-0.127441	0.094727	-0.556641	-35.252838	43.030767	139.007367
65330		-7.133710	-4.649237	6.599878	-3.099980	0.395506	3.169253	-0.104004	0.108154	-0.545166	-35.738616	44.268213	140.873659
65331		-6.840359	-5.318357	7.405016	-3.685528	0.052683	3.248155	-0.096924	0.137695	-0.526855	-36.366214	45.388843	142.975415
65332		-5.640246	-6.278290	8.216942	-3.914958	-0.431672	3.309819	-0.078369	0.158691	-0.512939	-36.883355	46.320368	145.377668
65333		-4.925799	-7.019115	9.604987	-3.839537	-1.063446	3.387136	-0.074707	0.185303	-0.487549	-37.045097	47.001177	148.176604
65334		-3.958273	-7.053112	10.518582	-3.592091	-1.826572	3.454910	-0.067139	0.192139	-0.473877	-36.710773	47.350654	151.435468
65335		-2.426184	-6.518081	10.345080	-3.260321	-2.511180	3.508300	-0.076172	0.212891	-0.459717	-35.886647	47.380797	155.091102
65336		-0.853707	-5.216360	9.037487	-2.939691	-3.067967	3.581660	-0.066650	0.233154	-0.446045	-34.653364	47.128987	159.060668
65337		-4.391747	-6.142413	9.869920	-2.843188	-3.621428	3.554419	-0.070313	0.244385	-0.430664	-33.237926	46.543253	163.230453
65338		-2.845604	-7.757546	8.823536	-2.892604	-4.123759	3.150404	-0.089600	0.256104	-0.427246	-31.992310	45.523833	167.260259
65339		-0.354009	-7.647566	6.982049	-2.804195	-4.330262	2.777373	-0.097900	0.263184	-0.414307	-30.950586	44.235700	171.009441
65340		0.592200	-7.161395	5.224965	-2.565506	-4.330658	2.493778	-0.102295	0.283691	-0.406250	-30.049007	42.820638	174.449284
65341		1.371429	-6.237967	4.436801	-2.354643	-4.176777	2.250061	-0.126709	0.286377	-0.401367	-29.309793	41.376240	177.560642
65342		1.779727	-5.513124	4.346161	-2.273194	-3.895028	2.004777	-0.127686	0.299561	-0.383301	-28.812284	39.981275	-179.681484
65343		1.812507	-5.187420	4.768275	-2.289622	-3.586500	1.750274	-0.137695	0.312500	-0.370117	-28.590865	38.656401	-177.264706
65344		1.717036	-4.989659	5.494540	-2.380692	-3.317533	1.479940	-0.154541	0.326904	-0.355713	-28.655949	37.392046	-175.159600
65345		1.555624	-4.923318	6.276009	-2.507557	-3.093809	1.191713	-0.160400	0.339600	-0.335449	-29.002871	36.163856	-173.341878
65346		1.410098	-4.838064	6.891704	-2.613209	-2.912498	0.941933	-0.174316	0.353271	-0.321045	-29.575181	34.970533	-171.755413
65347		1.370544	-4.715833	7.463420	-2.676443	-2.733451	0.721992	-0.190186	0.357910	-0.307373	-30.324875	33.815042	-170.369983
65348		1.284674	-4.612960	8.122933	-2.695273	-2.571885	0.551746	-0.191162	0.384277	-0.289307	-31.192214	32.708617	-169.139680
65349		1.076212	-4.613747	8.886035	-2.695952	-2.426640	0.406097	-0.196777	0.380859	-0.265381	-32.150123	31.641974	-168.039782
65350		0.746720	-4.804465	9.749404	-2.679119	-2.323003	0.262625	-0.208740	0.398193	-0.248535	-33.170711	30.600975	-167.048641
65351		0.417206	-4.993308	10.551066	-2.640711	-2.253508	0.117544	-0.201416	0.408447	-0.232178	-34.233532	29.558170	-166.152404
65352		0.027716	-5.163155	11.342704	-2.593684	-2.234159	-0.050753	-0.224854	0.414551	-0.204590	-35.323574	28.488644	-165.340579
65353		-0.376983	-5.167474	11.997667	-2.543244	-2.247131	-0.222981	-0.224365	0.420410	-0.195801	-36.432866	27.364048	-164.600034
65354		-0.807274	-4.853586	12.323382	-2.478497	-2.290028	-0.377156	-0.234863	0.441650	-0.185303	-37.537744	26.184575	-163.905122
65355		-1.114689	-4.176144	12.507184	-2.416607	-2.342030	-0.500922	-0.245850	0.449951	-0.171143	-38.631553	24.944439	-163.234125
65356		-1.581555	-3.824494	12.807659	-2.372532	-2.383410	-0.579524	-0.260986	0.456543	-0.152100	-39.713720	23.674786	-162.566004
65357		-2.189547	-3.721598	13.142356	-2.304968	-2.443862	-0.627334	-0.267822	0.462646	-0.139404	-40.763391	22.366549	-161.877240
65358		-2.670425	-3.849201	13.493352	-2.184720	-2.532462	-0.658140	-0.278320	0.474365	-0.116699	-41.743623	21.025931	-161.148593
65359		-3.072677	-3.880480	13.610322	-2.015565	-2.638135	-0.668236	-0.303955	0.491699	-0.108154	-42.623819	19.641491	-160.364362
65360		-3.418959	-3.915989	13.572955	-1.817630	-2.756866	-0.665605	-0.300537	0.494873	-0.092041	-43.387888	18.225248	-159.516199
65361		-3.649196	-3.757110	13.346292	-1.628593	-2.880787	-0.649047	-0.323242	0.500732	-0.083496	-44.042133	16.767938	-158.597561
65362		-3.843480	-3.696187	12.927353	-1.485506	-2.982186	-0.640062	-0.334717	0.506836	-0.073486	-44.622347	15.288513	-157.624199
65363		-4.108782	-3.741052	12.433524	-1.390091	-3.056170	-0.648386	-0.357178	0.521973	-0.063721	-45.162273	13.778602	-156.614831
65364		-4.374226	-3.882088	11.733746	-1.292537	-3.077902	-0.683002	-0.374512	0.518066	-0.048828	-45.672875	12.261139	-155.603669
65365		-4.669358	-3.963703	10.970246	-1.169932	-3.040644	-0.735547	-0.389893	0.524902	-0.030762	-46.143634	10.739271	-154.621475
65366		-4.977030	-4.179619	10.331366	-1.001544	-2.929712	-0.809349	-0.404297	0.530273	-0.032227	-46.557036	9.244277	-153.709299
65367		-5.521557	-4.679259	9.975381	-0.783975	-2.767392	-0.895625	-0.417725	0.534424	-0.022705	-46.881302	7.777072	-152.893368
65368		-6.348993	-5.737631	9.579213	-0.481818	-2.610077	-1.022469	-0.434082	0.534180	-0.020020	-47.068898	6.327661	-152.190654
65369		-7.080566	-7.045904	8.554043	-0.048375	-2.487000	-1.159571	-0.458252	0.538574	-0.018799	-47.033848	4.864459	-151.593122
65370		-7.202434	-7.035507	7.206286	0.422327	-2.347288	-1.270905	-0.475586	0.547119	-0.017090	-46.754333	3.413038	-151.103691
65371		-7.047704	-6.042857	5.816898	0.690769	-2.123399	-1.354642	-0.494873	0.534668	-0.010010	-46.337256	2.007563	-150.749744
65372		-7.038109	-5.344275	4.689815	0.762494	-1.853256	-1.367402	-0.522705	0.531982	-0.020508	-45.892806	0.706020	-150.523634
65373		-7.061606	-4.467973	4.090851	0.683613	-1.570705	-1.313884	-0.536621	0.531006	-0.014160	-45.496372	-0.465807	-150.401380
65374		-7.152825	-3.613817	3.862361	0.454284	-1.287700	-1.225097	-0.556152	0.519531	-0.016846	-45.234488	-1.484512	-150.365673
65375		-7.120748	-2.920622	3.801411	0.146567	-1.000949	-1.121399	-0.564209	0.516602	-0.009766	-45.144636	-2.348166	-150.407734
65376		-7.014458	-2.761817	4.055029	-0.117067	-0.709411	-1.015061	-0.571777	0.515381	-0.012451	-45.203958	-3.048056	-150.525726
65377		-7.105571	-3.220278	4.674331	-0.196431	-0.429152	-0.907877	-0.594238	0.520752	-0.012207	-45.301059	-3.593313	-150.713788
65378		-4.079017	-0.642286	2.903982	-0.260461	0.143101	-0.408623	-0.591064	0.522217	-0.013672	-45.434130	-3.703166	-150.933218
65379		-11.429040	-1.894299	0.939558	0.017510	1.086358	0.248592	-0.587402	0.520996	-0.020020	-45.399006	-3.166758	-151.273395
65380		-4.280636	1.863305	1.052733	0.162114	1.240729	0.540146	-0.574219	0.521729	-0.024658	-45.289978	-2.447817	-151.558057
65381		0.285401	-2.895057	7.467250	-0.008771	1.586317	0.692259	-0.568604	0.516602	-0.024170	-45.277624	-1.527424	-151.921276
65382		0.135505	-5.725033	10.501333	-0.457836	1.455972	0.687335	-0.566895	0.532959	-0.035400	-45.531756	-0.662143	-152.235015
65383		0.092082	-5.048146	8.922491	-0.823280	1.152429	0.749585	-0.546631	0.542725	-0.034424	-45.997459	0.105307	-152.404624
65384		-0.327171	-4.019299	6.451857	-0.758139	1.145444	1.097920	-0.540771	0.552246	-0.024902	-46.429988	1.012785	-152.439267
65385		-1.185698	-4.275359	7.894655	-0.577760	1.319160	1.455703	-0.525391	0.562500	-0.030762	-46.754799	2.137290	-152.411213
65386		-2.985019	-8.072389	11.170138	-0.643763	1.503745	1.621419	-0.497559	0.552490	-0.030029	-47.121042	3.403571	-152.402503
65387		-3.990596	-10.195393	10.225546	-0.544020	1.358048	1.614819	-0.485840	0.561279	-0.024902	-47.422751	4.610619	-152.342006
65388		-2.413773	-10.407684	8.109086	-0.703080	1.365465	1.410789	-0.468750	0.573242	-0.022217	-47.826050	5.734361	-152.371406
65389		-3.579620	-13.599501	8.030734	-0.398077	1.436608	1.268946	-0.454834	0.577148	-0.029297	-48.061613	6.825311	-152.491978
65390		-4.704023	-15.165399	9.353567	0.097651	1.329400	1.043564	-0.449463	0.577148	-0.033936	-48.024323	7.778531	-152.656101
65391		-4.613767	-12.287768	8.827710	0.365247	0.991623	0.667589	-0.428467	0.581787	-0.044189	-47.832734	8.443201	-152.818865
65392		-5.095381	-11.181789	10.465110	0.727678	0.710610	0.427030	-0.428223	0.578613	-0.050293	-47.433743	8.897648	-152.952457
65393		-2.636785	-6.563734	7.802904	0.635381	0.311352	0.220446	-0.419434	0.580566	-0.044434	-47.071025	9.111820	-152.993916
65394		-1.221429	-6.200162	6.871226	0.520713	0.313458	0.195290	-0.419434	0.588135	-0.060547	-46.778735	9.315469	-153.045484
65395		-1.857157	-7.158056	6.726079	0.533309	0.341893	0.222184	-0.426025	0.584717	-0.065186	-46.476309	9.542868	-153.096796
65396		-1.893240	-6.789933	7.184898	0.503493	0.297489	0.189609	-0.420654	0.576416	-0.071777	-46.193176	9.738358	-153.141863
65397		-2.097446	-6.329522	7.600513	0.426188	0.254138	0.172036	-0.426025	0.574951	-0.071533	-45.949272	9.910695	-153.174460
65398		-2.019848	-6.680203	7.296945	0.308975	0.205335	0.136080	-0.419922	0.577637	-0.076416	-45.774667	10.047765	-153.201145
65399		-1.968975	-6.824257	7.032840	0.247700	0.181093	0.105279	-0.415771	0.580811	-0.080566	-45.632325	10.163743	-153.229330
65400		-1.906708	-6.682869	7.137153	0.202979	0.173498	0.072716	-0.419922	0.576904	-0.083252	-45.520671	10.262247	-153.267924
65401		-1.854425	-6.813809	6.895420	0.188162	0.170218	0.063947	-0.413330	0.573730	-0.086670	-45.414644	10.357112	-153.307997
65402		-1.954051	-6.935728	6.845101	0.191371	0.167446	0.047908	-0.411621	0.574707	-0.086914	-45.311081	10.443205	-153.353885
65403		-1.911670	-6.836299	6.930394	0.197547	0.158853	0.037575	-0.400879	0.577148	-0.089600	-45.200857	10.522916	-153.399734
65404		-1.938962	-6.773632	6.920048	0.193931	0.156001	0.026066	-0.414795	0.572266	-0.082275	-45.096676	10.595681	-153.449568
65405		-1.914107	-6.885058	6.814255	0.189399	0.154179	0.011772	-0.408691	0.569092	-0.092285	-44.992793	10.663222	-153.503837
65406		-1.938145	-6.708650	6.955923	0.165866	0.162714	-0.007277	-0.401855	0.568848	-0.091797	-44.907830	10.725381	-153.569961
65407		-1.833589	-6.779868	6.781148	0.173419	0.169907	-0.013300	-0.410156	0.578125	-0.100342	-44.816338	10.789363	-153.640868
65408		-1.813408	-6.687026	6.841621	0.187173	0.171228	-0.009717	-0.403564	0.576172	-0.099121	-44.720126	10.854207	-153.711326
65409		-1.915844	-6.717639	7.009092	0.184054	0.158708	0.010352	-0.400879	0.569092	-0.104980	-44.619960	10.923388	-153.767638
65410		-1.956059	-6.970148	6.827786	0.184411	0.133760	0.023537	-0.409424	0.570313	-0.101563	-44.519910	10.986549	-153.808728
65411		-1.972437	-6.900463	6.857737	0.190085	0.107523	0.037679	-0.402832	0.565674	-0.108398	-44.410213	11.045974	-153.832501
65412		-1.972179	-6.814173	6.969349	0.184176	0.087029	0.046061	-0.412354	0.569824	-0.104248	-44.304869	11.099163	-153.844892
65413		-1.999276	-6.646865	7.141891	0.154061	0.074121	0.050775	-0.397461	0.571533	-0.108643	-44.212158	11.150208	-153.849371
65414		-2.015280	-6.644024	7.109207	0.128492	0.060294	0.049927	-0.396240	0.566650	-0.108398	-44.136284	11.193993	-153.849093
65415		-2.011278	-6.581212	7.117575	0.107334	0.046181	0.047229	-0.408203	0.567383	-0.114990	-44.068393	11.232149	-153.843556
65416		-1.942397	-6.542937	7.088148	0.093771	0.035836	0.044361	-0.402832	0.575928	-0.113281	-44.010911	11.263642	-153.835579
65417		-1.939811	-6.512761	7.028946	0.098338	0.036299	0.051345	-0.396973	0.570557	-0.113770	-43.947012	11.299351	-153.824214
65418		-1.915880	-6.521784	7.032824	0.105532	0.026738	0.061237	-0.402588	0.571289	-0.116943	-43.880650	11.333778	-153.805373
65419		-2.010127	-6.494885	7.052655	0.112410	0.024606	0.057904	-0.404297	0.574219	-0.114990	-43.807170	11.367228	-153.786418
65420		-2.000004	-6.468978	7.140658	0.107114	0.023848	0.058059	-0.395020	0.562012	-0.116211	-43.739896	11.399154	-153.767660
65421		-2.075863	-6.479445	7.149538	0.093468	0.019714	0.051871	-0.396973	0.564209	-0.122559	-43.677326	11.428149	-153.749189
65422		-2.020817	-6.506824	7.150781	0.083606	0.018482	0.045042	-0.399414	0.566406	-0.124268	-43.624151	11.452663	-153.733698
65423		-2.051101	-6.604643	7.080011	0.074941	0.018472	0.045006	-0.403564	0.564697	-0.116943	-43.572626	11.478403	-153.717569
65424		-2.027146	-6.548098	7.068622	0.078283	0.019788	0.044086	-0.401855	0.562256	-0.118652	-43.522664	11.503055	-153.702961
65425		-2.049319	-6.504358	7.083750	0.086305	0.022982	0.045331	-0.391602	0.564209	-0.123291	-43.464937	11.530773	-153.688458
65426		-2.035901	-6.534106	7.079046	0.094225	0.019162	0.041109	-0.395508	0.565430	-0.126465	-43.406020	11.553963	-153.674811
65427		-1.986160	-6.504419	7.099521	0.103782	0.016058	0.045091	-0.393066	0.570313	-0.121338	-43.337711	11.578678	-153.657566
65428		-2.017201	-6.566670	7.024037	0.113757	0.014504	0.049367	-0.400391	0.571777	-0.128418	-43.266498	11.603140	-153.638477
65429		-2.028572	-6.599948	6.998053	0.121388	0.012003	0.052566	-0.394775	0.559814	-0.128174	-43.187106	11.629050	-153.616355
65430		-2.048496	-6.654238	7.037779	0.128610	0.005883	0.056601	-0.397217	0.560059	-0.128662	-43.106034	11.652693	-153.590660
65431		-2.043888	-6.622545	6.981214	0.129215	0.000558	0.056562	-0.393311	0.558350	-0.134033	-43.020871	11.675314	-153.562184
65432		-2.064019	-6.608850	7.007217	0.132118	-0.017021	0.055523	-0.386963	0.572266	-0.130371	-42.936000	11.688860	-153.527739
65433		-2.083534	-6.561088	7.026437	0.137330	-0.031613	0.054457	-0.391113	0.565674	-0.131348	-42.843769	11.697073	-153.487289
65434		-2.055630	-6.534395	7.026702	0.129738	-0.037391	0.055779	-0.387939	0.566162	-0.138916	-42.758577	11.702051	-153.444592
65435		-2.028842	-6.607351	6.976391	0.139751	-0.050810	0.053194	-0.386475	0.559326	-0.139893	-42.663528	11.701570	-153.397046
65436		-2.031111	-6.661940	6.929167	0.155633	-0.063179	0.060704	-0.389404	0.565430	-0.140381	-42.560994	11.697447	-153.341996
65437		-1.991097	-6.557727	7.030759	0.173309	-0.079606	0.074987	-0.387695	0.559814	-0.137207	-42.442548	11.693065	-153.273683
65438		-2.063381	-6.472447	7.130035	0.174181	-0.084784	0.080108	-0.385010	0.565430	-0.141113	-42.325975	11.687078	-153.201744
65439		-2.079826	-6.421000	7.152636	0.175147	-0.086556	0.079270	-0.385498	0.559326	-0.136475	-42.205579	11.681118	-153.128872
65440		-2.095325	-6.403667	7.182464	0.162445	-0.084157	0.067720	-0.388916	0.562744	-0.142822	-42.096890	11.670349	-153.062583
65441		-2.072818	-6.395333	7.250290	0.155229	-0.084270	0.067103	-0.391602	0.562744	-0.143311	-41.989188	11.660419	-152.995929
65442		-2.041414	-6.401010	7.259692	0.141370	-0.077407	0.058985	-0.390869	0.565186	-0.134521	-41.893908	11.648944	-152.936125
65443		-2.035618	-6.379806	7.237174	0.129670	-0.076384	0.063888	-0.390625	0.559814	-0.136719	-41.801782	11.640928	-152.873994
65444		-2.055672	-6.341915	7.288878	0.122796	-0.076248	0.068373	-0.392578	0.559326	-0.145752	-41.716436	11.633343	-152.810587
65445		-2.021421	-6.305974	7.255476	0.116893	-0.069601	0.067409	-0.389893	0.565186	-0.139160	-41.631869	11.629386	-152.749589
65446		-2.028743	-6.316305	7.329668	0.111159	-0.069805	0.066175	-0.390381	0.559326	-0.148682	-41.553904	11.623546	-152.689670
65447		-2.057577	-6.289322	7.339459	0.101895	-0.060323	0.063864	-0.385742	0.561523	-0.149902	-41.478972	11.622054	-152.633837
65448		-2.028795	-6.231517	7.328878	0.093431	-0.053144	0.069214	-0.384766	0.559570	-0.151855	-41.412203	11.624371	-152.579054
65449		-2.032550	-6.324006	7.286840	0.092026	-0.045557	0.061551	-0.385498	0.561523	-0.156494	-41.344264	11.628219	-152.529950
65450		-1.986995	-6.337909	7.274595	0.092358	-0.049454	0.068975	-0.388672	0.555420	-0.151367	-41.278410	11.631908	-152.476689
65451		-2.021772	-6.344943	7.218558	0.105370	-0.042240	0.076243	-0.388428	0.558838	-0.149902	-41.201771	11.642612	-152.422393
65452		-2.052458	-6.351207	7.236240	0.110290	-0.048018	0.074449	-0.386475	0.555176	-0.151855	-41.125251	11.648850	-152.367261
65453		-2.057851	-6.318012	7.268802	0.106485	-0.052930	0.076327	-0.387207	0.560791	-0.148193	-41.047130	11.654824	-152.308792
65454		-2.008700	-6.321176	7.224684	0.106457	-0.052969	0.076349	-0.377930	0.552002	-0.154297	-40.972238	11.659492	-152.250902
65455		-2.063552	-6.366351	7.228381	0.116086	-0.067159	0.082464	-0.387451	0.555664	-0.151611	-40.886966	11.661451	-152.184254
65456		-1.980226	-6.296276	7.336542	0.081791	-0.075088	0.100681	-0.381836	0.561523	-0.152344	-40.822310	11.665499	-152.107119
65457		-2.015241	-6.554262	7.134727	0.068053	-0.084120	0.119148	-0.390869	0.558350	-0.156006	-40.759963	11.673667	-152.017738
65458		-1.975205	-6.328911	7.299648	0.063924	-0.094657	0.154148	-0.386719	0.559082	-0.153564	-40.699205	11.689042	-151.909412
65459		-2.020629	-6.356513	7.308014	0.045031	-0.100564	0.184176	-0.380127	0.552490	-0.158691	-40.642905	11.714146	-151.784883
65460		-1.979001	-6.281384	7.373633	0.016632	-0.101205	0.209067	-0.380615	0.561035	-0.156982	-40.603676	11.746963	-151.649621
65461		-1.848230	-6.354507	7.423401	-0.032502	-0.086517	0.251589	-0.382324	0.551514	-0.156250	-40.586617	11.803131	-151.500415
65462		-1.924296	-6.417945	7.376772	-0.085384	-0.053777	0.300655	-0.365967	0.556885	-0.157227	-40.600906	11.890660	-151.342431
65463		-2.243264	-6.096495	7.446132	-0.144138	-0.031051	0.340700	-0.373535	0.558594	-0.158691	-40.643547	12.004213	-151.174687
65464		-1.930190	-6.401488	7.316243	-0.214160	-0.038835	0.418321	-0.362061	0.554932	-0.156494	-40.721268	12.142422	-150.970135
65465		-0.922647	-5.978738	7.824672	-0.279523	0.014929	0.494274	-0.360107	0.561035	-0.152344	-40.829946	12.333808	-150.751923
65466		-1.534232	-6.098640	7.632082	-0.346656	0.105465	0.606000	-0.359863	0.570068	-0.139893	-40.976249	12.605685	-150.519816
65467		-1.520499	-6.328179	7.551413	-0.427793	0.187923	0.683280	-0.352539	0.570557	-0.146240	-41.164187	12.943863	-150.285161
65468		-1.177146	-6.316319	7.655904	-0.486395	0.313361	0.783895	-0.347656	0.562988	-0.142334	-41.388566	13.373970	-150.056275
65469		-0.930902	-6.597683	7.660401	-0.500932	0.536865	0.902474	-0.337646	0.571289	-0.138184	-41.624615	13.946656	-149.862916
65470		-0.848441	-6.888422	7.679363	-0.441590	0.821371	1.049071	-0.319092	0.574219	-0.138672	-41.839923	14.696872	-149.719374
65471		-1.066024	-6.982151	7.773651	-0.370052	1.100887	1.228833	-0.298584	0.573975	-0.136719	-42.017688	15.636017	-149.608575
65472		-1.279555	-6.994896	7.712862	-0.280458	1.364531	1.435026	-0.292480	0.574951	-0.126221	-42.150028	16.766249	-149.514835
65473		-1.591850	-6.994546	7.619435	-0.208792	1.598498	1.643999	-0.266602	0.578613	-0.122803	-42.236988	18.076588	-149.423154
65474		-1.865669	-6.921310	7.497775	-0.168467	1.789385	1.859371	-0.248047	0.580566	-0.123047	-42.296357	19.550767	-149.314753
65475		-2.039268	-7.227548	7.277550	-0.110577	1.958664	2.103576	-0.219971	0.586670	-0.127686	-42.302180	21.190847	-149.164249
65476		-2.316257	-7.360197	6.995087	-0.015725	2.104459	2.399889	-0.196045	0.579834	-0.127197	-42.223514	23.006900	-148.937072
65477		-2.632365	-7.217899	6.898950	0.086476	2.247244	2.733364	-0.161377	0.584961	-0.122070	-42.034104	25.010947	-148.605580
65478		-2.966468	-6.830410	7.018609	0.164012	2.404892	3.086565	-0.126709	0.569824	-0.125732	-41.741652	27.216428	-148.159754
65479		-3.491150	-6.666446	7.012028	0.207638	2.599012	3.421875	-0.084717	0.573730	-0.115234	-41.355478	29.629505	-147.608511
65480		-5.253242	-5.583865	6.957641	0.012120	2.847544	3.704851	-0.047363	0.572510	-0.113770	-41.030591	32.254144	-146.994593
65481		-7.245913	-5.879772	8.519212	-0.529714	3.076969	3.888973	0.003906	0.561279	-0.104004	-40.976523	35.044591	-146.357638
65482		-9.644738	-8.231409	10.609339	-1.223772	3.269710	3.910098	0.042480	0.546387	-0.085938	-41.337129	37.928389	-145.788536
65483		-9.649184	-10.168686	10.622060	-1.940572	3.369679	3.693134	0.084717	0.541016	-0.056885	-42.200418	40.775883	-145.403378
65484		-10.086214	-9.035764	9.787518	-2.615643	3.278351	3.568805	0.126953	0.547363	-0.018555	-43.492832	43.542490	-145.099035
65485		-9.147887	-8.723478	9.047258	-3.130400	3.217077	3.542396	0.159180	0.534180	0.025879	-45.111923	46.277009	-144.857481
65486		-8.167675	-8.541250	9.489886	-3.594616	3.080679	3.524166	0.192139	0.527100	0.067383	-47.023202	48.954855	-144.659251
65487		-6.476618	-7.642911	9.685196	-4.063576	2.849056	3.518685	0.224609	0.508545	0.111816	-49.182441	51.543027	-144.444236
65488		-3.990797	-7.180258	9.870826	-4.280018	2.296140	3.559533	0.252197	0.501221	0.158203	-51.240803	53.951413	-143.951772
65489		-2.926465	-9.521222	10.249279	-4.058386	1.559834	3.299920	0.278076	0.490723	0.197266	-52.900304	55.988821	-143.143444
65490		-0.369807	-10.869312	12.061567	-3.491477	0.734331	2.920166	0.297852	0.480469	0.226318	-53.884662	57.582509	-141.931490
65491		-2.800321	-10.779665	12.936675	-2.768974	-0.616942	2.573040	0.319824	0.461670	0.250488	-53.599264	58.557215	-139.730523
65492		-3.398068	-14.078514	13.505641	-2.275717	-1.792106	1.825049	0.333984	0.452881	0.252441	-52.514077	58.775549	-136.936159
65493		0.096258	-11.500928	10.304499	-1.825504	-2.390192	1.168173	0.327637	0.453125	0.256348	-51.102041	58.446867	-134.061280
65494		1.944946	-9.134008	6.995830	-1.295264	-2.660946	0.792214	0.337646	0.446045	0.256104	-49.482086	57.821352	-131.282746
65495		2.537829	-6.888929	4.836033	-0.879522	-2.705184	0.590847	0.341309	0.443604	0.247314	-47.801045	57.040707	-128.694079
65496		2.567451	-6.042906	3.834432	-0.605973	-2.625930	0.469611	0.339355	0.443359	0.230225	-46.191101	56.210413	-126.353228
65497		2.242212	-5.965490	3.470631	-0.437153	-2.489876	0.364894	0.343750	0.451904	0.226563	-44.720253	55.346504	-124.274837
65498		1.725846	-6.727819	3.645021	-0.320979	-2.373125	0.220694	0.335938	0.446777	0.209229	-43.421418	54.456506	-122.465341
65499		1.051671	-7.739842	4.140533	-0.245214	-2.326925	-0.028128	0.336182	0.455811	0.192627	-42.323368	53.454925	-120.936123
65500		0.524268	-8.539013	4.350353	-0.188153	-2.342983	-0.375420	0.331299	0.456299	0.187256	-41.451137	52.310789	-119.709920
65501		-0.007822	-8.908624	4.356872	-0.142331	-2.373957	-0.771470	0.320557	0.470215	0.180664	-40.816683	50.980752	-118.798591
65502		-0.242022	-8.740883	3.983165	-0.101870	-2.382246	-1.152909	0.297119	0.480469	0.168213	-40.403079	49.513408	-118.187600
65503		-0.497898	-8.342612	3.590201	-0.075046	-2.350142	-1.470695	0.289795	0.483887	0.151611	-40.182276	47.925460	-117.837377
65504		-0.898471	-7.804164	3.360403	-0.079925	-2.277455	-1.722536	0.265625	0.499268	0.144531	-40.128016	46.290504	-117.703822
65505		-1.385908	-7.411443	3.209099	-0.151335	-2.189696	-1.930893	0.240967	0.519043	0.138916	-40.248222	44.601354	-117.750794
65506		-1.854021	-7.366079	3.214095	-0.260312	-2.081591	-2.101585	0.213623	0.533936	0.129639	-40.529777	42.911531	-117.945389
65507		-2.282996	-7.453414	3.308954	-0.378816	-1.944585	-2.260753	0.188721	0.542725	0.128662	-40.974255	41.204513	-118.284116
65508		-2.563600	-7.780737	3.447179	-0.473261	-1.791247	-2.411357	0.159180	0.561035	0.134766	-41.547501	39.520739	-118.753884
65509		-2.905943	-8.310213	3.837928	-0.515923	-1.621892	-2.545830	0.120850	0.571777	0.130615	-42.214807	37.837180	-119.347200
65510		-3.428464	-8.851497	4.395016	-0.527150	-1.453441	-2.679966	0.092529	0.586914	0.137451	-42.939464	36.184011	-120.052809
65511		-3.984186	-9.335094	4.958197	-0.513236	-1.312039	-2.815833	0.059082	0.600342	0.146240	-43.699607	34.511862	-120.856390
65512		-4.589836	-9.634650	5.470376	-0.485725	-1.204756	-2.940748	0.030762	0.606445	0.136963	-44.459794	32.842888	-121.729234
65513		-4.940710	-9.928281	5.775147	-0.449717	-1.127977	-3.058607	-0.008301	0.617676	0.149902	-45.208559	31.130274	-122.653883
65514		-5.198058	-10.118944	6.019033	-0.391607	-1.051198	-3.159239	-0.043457	0.622070	0.146240	-45.917272	29.415262	-123.618847
65515		-5.462077	-10.347910	6.204942	-0.319744	-0.977488	-3.231656	-0.079834	0.643555	0.155029	-46.576487	27.671540	-124.612419
65516		-5.835887	-10.636955	6.458929	-0.225207	-0.914946	-3.285613	-0.118652	0.648926	0.160889	-47.158414	25.938526	-125.621430
65517		-6.137615	-10.776664	6.677391	-0.121647	-0.860672	-3.311965	-0.161621	0.649170	0.171143	-47.658442	24.188750	-126.634599
65518		-6.523903	-10.793328	6.877978	-0.030940	-0.825235	-3.314711	-0.203369	0.645752	0.178467	-48.070553	22.462450	-127.636047
65519		-6.879372	-10.694181	6.962887	0.037506	-0.805015	-3.299074	-0.248047	0.648926	0.184814	-48.410599	20.726359	-128.615928
65520		-7.248123	-10.445771	7.020279	0.062094	-0.802486	-3.256995	-0.293213	0.640137	0.194580	-48.693394	19.022571	-129.558786
65521		-7.465291	-10.526961	7.023072	0.055425	-0.776027	-3.186839	-0.321289	0.629395	0.214844	-48.945870	17.337069	-130.467766
65522		-7.772376	-10.482559	6.986388	0.048977	-0.773903	-3.105436	-0.359131	0.617676	0.211182	-49.160975	15.701916	-131.330604
65523		-7.875982	-10.573525	6.984705	0.027571	-0.762573	-3.019582	-0.387939	0.604736	0.212158	-49.356719	14.088122	-132.152113
65524		-8.113282	-10.783730	7.160973	0.026965	-0.756922	-2.939676	-0.412842	0.600098	0.225586	-49.519284	12.525939	-132.934999
65525		-8.336010	-11.026325	7.494312	0.040514	-0.777984	-2.873750	-0.423584	0.593506	0.238281	-49.646749	10.966424	-133.674315
65526		-8.696215	-11.250232	8.118533	0.064510	-0.852434	-2.842710	-0.452393	0.591797	0.238037	-49.729318	9.407898	-134.362535
65527		-9.023356	-10.984640	8.705806	0.044140	-0.989951	-2.864777	-0.474121	0.593506	0.246094	-49.798099	7.772659	-134.992434
65528		-9.049214	-10.232100	8.941118	-0.048902	-1.168750	-2.926688	-0.502930	0.590088	0.250488	-49.892530	6.058638	-135.562178
65529		-8.815852	-9.331137	8.603909	-0.190590	-1.367064	-2.952925	-0.525879	0.576416	0.267822	-50.045048	4.244864	-136.048129
65530		-8.320137	-8.401402	7.855733	-0.299534	-1.522692	-2.903753	-0.559814	0.574463	0.278076	-50.237309	2.408070	-136.441444
65531		-7.691468	-7.455111	7.048177	-0.371599	-1.602490	-2.738025	-0.587891	0.563477	0.299805	-50.457175	0.601312	-136.731164
65532		-7.412084	-6.958828	6.618929	-0.435266	-1.632573	-2.515043	-0.612305	0.562744	0.309082	-50.703551	-1.106359	-136.919679
65533		-7.549101	-6.989844	6.735896	-0.517900	-1.667743	-2.297440	-0.624268	0.547852	0.325195	-50.996516	-2.742007	-137.005223
65534		-7.939548	-7.075715	6.919197	-0.639234	-1.767540	-2.157949	-0.640869	0.540527	0.347656	-51.361697	-4.340624	-136.987345
65535		-7.824248	-6.761236	6.456198	-0.810134	-1.912607	-2.101280	-0.655762	0.524170	0.370117	-51.835212	-5.974747	-136.871415
00000		-7.328906	-5.852983	5.310625	-0.970248	-2.013088	-2.039778	-0.670898	0.513184	0.386719	-52.412397	-7.605783	-136.673213
00001		-6.632925	-4.767732	4.013849	-1.126642	-1.991664	-1.897342	-0.686035	0.505859	0.414551	-53.094328	-9.170032	-136.415538
00002		-5.889620	-3.711955	2.932842	-1.268933	-1.806028	-1.660958	-0.691162	0.492432	0.434570	-53.866001	-10.550918	-136.142315
00003		-5.815468	-3.322548	2.552200	-1.389866	-1.509712	-1.378381	-0.693359	0.479248	0.457031	-54.709499	-11.703810	-135.891768
00004		-6.173302	-3.843518	2.724295	-1.410014	-1.222504	-1.100258	-0.699463	0.462402	0.480713	-55.562245	-12.621631	-135.668462
00005		-6.563801	-4.751966	3.130720	-1.281045	-0.971267	-0.876478	-0.702148	0.453857	0.501465	-56.337564	-13.354606	-135.479259
00006		-6.702740	-5.431853	3.230668	-1.008355	-0.760208	-0.721718	-0.698730	0.453613	0.514404	-56.947195	-13.939573	-135.334810
00007		-6.562153	-5.743983	3.140077	-0.635726	-0.531714	-0.622351	-0.700439	0.437744	0.523438	-57.327175	-14.408103	-135.265884
00008		-6.417114	-5.703366	2.925354	-0.239598	-0.281608	-0.565052	-0.703369	0.433594	0.537354	-57.453244	-14.767797	-135.301658
00009		-6.221115	-5.233377	2.613871	0.122306	-0.006427	-0.505085	-0.706299	0.432617	0.535645	-57.342658	-15.015733	-135.455254
00010		-5.857451	-4.594780	2.190583	0.395416	0.294057	-0.424032	-0.717041	0.423828	0.525879	-57.041376	-15.128684	-135.734155
00011		-5.633540	-4.192955	2.045505	0.563764	0.613716	-0.308904	-0.716553	0.427246	0.516602	-56.613024	-15.085234	-136.134822
00012		-5.394293	-4.192486	2.191954	0.602334	0.945458	-0.227024	-0.724854	0.431885	0.517822	-56.126706	-14.893620	-136.672251
00013		-5.343609	-4.657255	2.674490	0.578238	1.262469	-0.197401	-0.729248	0.424805	0.503906	-55.621532	-14.581073	-137.352568
00014		5.538178	-12.435517	2.429397	1.505178	2.479549	0.362165	-0.727295	0.433594	0.482178	-54.495397	-13.597460	-138.426657
00015		1.444763	-5.922980	0.499119	2.871223	3.411472	0.730613	-0.735596	0.438477	0.442383	-52.549184	-12.098270	-139.778896
00016		3.769854	-0.122095	2.938865	2.524490	3.214849	0.573024	-0.741943	0.437500	0.412842	-50.850788	-10.699393	-141.041880
00017		4.652222	1.057842	4.754373	1.307063	3.553368	0.714268	-0.748047	0.447754	0.386475	-49.874530	-9.085549	-142.364007
00018		-0.089881	0.785681	6.000102	0.435945	3.601978	0.863799	-0.736816	0.448730	0.368164	-49.441909	-7.372829	-143.625673
00019		-3.212207	-0.868066	10.441090	-0.344152	3.678889	0.887719	-0.745850	0.450684	0.347656	-49.493782	-5.616975	-144.901272
00020		-5.559172	-4.095515	13.776623	-0.585768	3.487852	0.965322	-0.743164	0.448242	0.350342	-49.730665	-3.901329	-146.065090
00021		-5.083940	-1.530959	15.172907	-0.234567	3.132977	1.493073	-0.726807	0.457031	0.331543	-49.819981	-2.088479	-146.880453
00022		-4.680060	1.917076	18.252531	0.153652	3.121467	2.476337	-0.721924	0.464355	0.304199	-49.722197	0.149294	-147.325684
00023		-8.405727	-1.084410	19.518342	-0.101956	2.702084	3.149990	-0.696533	0.469482	0.300049	-49.775878	2.528587	-147.337303
00024		-7.043364	-12.630995	16.256464	-0.480092	2.362510	3.134093	-0.672607	0.489990	0.293701	-50.040819	4.773535	-147.212239
00025		-7.112863	-23.545374	10.666698	-0.072688	2.149868	2.632176	-0.647217	0.482666	0.288574	-50.072806	6.723489	-147.184080
00026		-10.685532	-31.796193	11.795534	1.443338	2.126050	1.600050	-0.639404	0.492920	0.267334	-49.287056	8.210107	-147.518566
00027		-6.449374	-9.535255	6.725609	1.813070	1.031945	0.669534	-0.640869	0.494873	0.262451	-48.271530	8.892146	-147.708590
00028		-0.850125	-2.171731	10.483658	1.350463	0.930703	0.655890	-0.626465	0.493652	0.244873	-47.518228	9.527818	-147.850192
00029		-3.399277	-8.401618	6.829844	0.996102	0.792008	0.625528	-0.620605	0.493896	0.229980	-46.956901	10.103234	-147.937157
00030		-2.441281	-6.870500	7.341184	0.957954	0.634865	0.474858	-0.618164	0.500000	0.216064	-46.419346	10.549966	-148.012555
00031		-3.369188	-6.139707	8.840025	0.633045	0.444753	0.355487	-0.614258	0.506836	0.202148	-46.058631	10.877634	-148.052268
00032		-2.465864	-7.373815	6.713916	0.432728	0.325190	0.243883	-0.617432	0.503906	0.203369	-45.814876	11.106813	-148.085732
00033		-2.407268	-6.914598	7.197982	0.345359	0.259058	0.177579	-0.608398	0.504395	0.194336	-45.617593	11.287736	-148.117369
00034		-2.302439	-6.686362	7.195382	0.256704	0.210723	0.139088	-0.617188	0.505127	0.198730	-45.473639	11.428343	-148.144419
00035		-2.117955	-6.818826	6.923843	0.214580	0.195495	0.107721	-0.613281	0.508545	0.190674	-45.351643	11.555413	-148.177320
00036		-2.249470	-7.130005	6.699174	0.188596	0.170917	0.098159	-0.612305	0.505615	0.201172	-45.246767	11.663421	-148.204067
00037		-2.110914	-7.305536	6.520100	0.198693	0.135896	0.099785	-0.613770	0.506348	0.198730	-45.129577	11.763342	-148.215034
00038		-2.205670	-7.127496	6.662612	0.221672	0.089692	0.104584	-0.614502	0.501953	0.196777	-44.998322	11.841192	-148.205034
00039		-2.192727	-6.961921	6.737403	0.233360	0.068347	0.106676	-0.613037	0.508789	0.190918	-44.854976	11.916548	-148.184791
00040		-2.163425	-6.832929	6.799773	0.241122	0.041493	0.106832	-0.615967	0.501221	0.188232	-44.708161	11.975654	-148.153576
00041		-2.329740	-6.655563	7.007760	0.234421	0.033992	0.091281	-0.601807	0.501709	0.185303	-44.562515	12.030704	-148.125241
00042		-2.290168	-6.683686	6.972128	0.186035	0.007368	0.067430	-0.609863	0.507813	0.185059	-44.447658	12.059893	-148.096172
00043		-2.224457	-6.690521	6.983546	0.161960	0.005719	0.057593	-0.607910	0.503662	0.177246	-44.343952	12.089771	-148.070125
00044		-2.261969	-6.765101	6.883353	0.147800	-0.004228	0.054965	-0.607666	0.506592	0.180664	-44.251053	12.109114	-148.041424
00045		-2.226214	-6.882541	6.757078	0.157462	-0.026400	0.061259	-0.605225	0.504150	0.177734	-44.146812	12.127182	-148.000625
00046		-2.194184	-6.637183	6.915148	0.165515	-0.035169	0.060309	-0.600098	0.509521	0.180176	-44.040607	12.135822	-147.956985
00047		-2.197637	-6.602752	6.953028	0.155988	-0.032257	0.052928	-0.599609	0.507813	0.172363	-43.937447	12.148013	-147.917269
00048		-2.157509	-6.479976	7.009338	0.149846	-0.032842	0.042965	-0.604004	0.501709	0.169189	-43.841941	12.150573	-147.881866
00049		-2.133726	-6.444321	7.067951	0.135566	-0.026815	0.035056	-0.605225	0.502686	0.179688	-43.752507	12.157790	-147.851891
00050		-2.160376	-6.493611	7.033550	0.113037	-0.013058	0.036681	-0.602783	0.507568	0.169189	-43.680330	12.165951	-147.827154
00051		-2.157728	-6.529569	6.988215	0.106912	-0.010954	0.029347	-0.607666	0.500977	0.172119	-43.609136	12.177396	-147.806003
00052		-2.156735	-6.599894	6.948616	0.104809	-0.011276	0.037213	-0.604004	0.509521	0.167725	-43.541764	12.186448	-147.781737
00053		-2.218080	-6.564091	6.996507	0.114315	-0.017513	0.038274	-0.593262	0.508301	0.177002	-43.464958	12.198625	-147.754127
00054		-2.159758	-6.526238	6.984557	0.120063	-0.020229	0.036764	-0.603516	0.506104	0.170898	-43.388110	12.203713	-147.726420
00055		-2.178378	-6.490763	7.037277	0.120544	-0.021389	0.034436	-0.596680	0.503662	0.173096	-43.307740	12.212686	-147.698866
00056		-2.191517	-6.466185	7.031132	0.114924	-0.015069	0.030029	-0.604980	0.512451	0.169189	-43.234875	12.217207	-147.676091
00057		-2.163817	-6.477600	7.034543	0.101474	-0.019713	0.021797	-0.600830	0.512207	0.169678	-43.166698	12.221847	-147.654599
00058		-2.150111	-6.508165	7.029216	0.094851	-0.008442	0.024705	-0.599609	0.510986	0.165771	-43.106372	12.227001	-147.636746
00059		-2.180536	-6.515603	7.045496	0.087678	-0.011546	0.017877	-0.596436	0.511230	0.168457	-43.047144	12.233467	-147.620204
00060		-2.147643	-6.483270	7.008938	0.088733	-0.009037	0.014724	-0.604492	0.510986	0.164063	-42.991174	12.234434	-147.606380
00061		-2.163652	-6.528846	7.013284	0.092462	-0.009903	0.019962	-0.604004	0.507080	0.165527	-42.929157	12.242358	-147.589598
00062		-2.165956	-6.555670	7.025954	0.095686	-0.012318	0.024913	-0.599609	0.509033	0.158691	-42.867995	12.245893	-147.570086
00063		-2.208568	-6.546905	7.028708	0.103893	-0.014786	0.020700	-0.605225	0.515381	0.153076	-42.798961	12.252002	-147.551038
00064		-2.189444	-6.531638	6.985628	0.114501	-0.016424	0.017521	-0.595459	0.511230	0.156494	-42.727342	12.250890	-147.533064
00065		-2.181146	-6.493594	7.059690	0.111067	-0.012323	0.023821	-0.599121	0.507813	0.161133	-42.654141	12.259195	-147.513652
00066		-2.193708	-6.526166	7.033439	0.114339	-0.018012	0.022414	-0.604980	0.501465	0.157471	-42.582031	12.259268	-147.492939
00067		-2.169193	-6.492135	7.089432	0.111912	-0.021568	0.018776	-0.598389	0.508789	0.153809	-42.508046	12.261657	-147.472037
00068		-2.181162	-6.468489	7.082694	0.108034	-0.022278	0.018419	-0.603516	0.505127	0.153320	-42.439556	12.258330	-147.451363
00069		-2.192885	-6.501295	7.056690	0.115100	-0.026704	0.021137	-0.590576	0.511230	0.153809	-42.363111	12.259394	-147.427419
00070		-2.160862	-6.500882	7.028885	0.126523	-0.028907	0.024516	-0.595703	0.510254	0.156738	-42.282914	12.255557	-147.401494
00071		-2.190029	-6.448616	7.067727	0.135471	-0.036758	0.025374	-0.602051	0.509521	0.158936	-42.193597	12.253908	-147.371767
00072		-2.180253	-6.408080	7.143518	0.139232	-0.038228	0.026896	-0.593262	0.507324	0.150635	-42.105127	12.246950	-147.341152
00073		-2.138933	-6.432991	7.163670	0.128473	-0.040816	0.032354	-0.598633	0.506592	0.154541	-42.018858	12.246153	-147.306819
00074		-2.150607	-6.351769	7.176685	0.108364	-0.035610	0.031815	-0.591553	0.512207	0.152100	-41.947845	12.242109	-147.275109
00075		-2.155397	-6.332226	7.241806	0.081958	-0.031293	0.033611	-0.593506	0.504150	0.150146	-41.888909	12.245747	-147.243975
00076		-2.166147	-6.333758	7.206844	0.064719	-0.025773	0.035486	-0.597412	0.510986	0.149170	-41.843379	12.247240	-147.214519
00077		-2.168286	-6.305859	7.236807	0.051268	-0.024379	0.036245	-0.592041	0.506348	0.152588	-41.802343	12.254768	-147.184937
00078		-2.167168	-6.324780	7.214418	0.038825	-0.022586	0.034943	-0.589844	0.506104	0.146973	-41.771959	12.257376	-147.156960
00079		-2.167818	-6.321545	7.217057	0.029169	-0.022613	0.037200	-0.594482	0.504150	0.151367	-41.743627	12.265973	-147.127644
00080		-2.154676	-6.300386	7.226729	0.021357	-0.022749	0.043946	-0.602295	0.514404	0.151855	-41.722393	12.271919	-147.095661
00081		-2.182644	-6.414916	7.168481	0.009248	-0.022997	0.048921	-0.593994	0.506348	0.147217	-41.704335	12.284779	-147.061056
00082		-2.145642	-6.368915	7.224566	-0.000445	-0.019706	0.057530	-0.597412	0.509521	0.152588	-41.694566	12.297186	-147.024307
00083		-2.200585	-6.430716	7.162099	-0.003689	-0.032611	0.061897	-0.586914	0.511230	0.150879	-41.681904	12.310840	-146.980265
00084		-2.166924	-6.339682	7.268748	-0.019492	-0.023899	0.069468	-0.596191	0.507813	0.148193	-41.681565	12.325990	-146.936644
00085		-2.146510	-6.291599	7.340582	-0.045105	-0.012235	0.064412	-0.590576	0.508789	0.152588	-41.694075	12.349300	-146.899442
00086		-2.175409	-6.377480	7.270131	-0.078904	0.001971	0.063579	-0.591797	0.510742	0.158447	-41.730459	12.373293	-146.868497
00087		-2.145261	-6.406022	7.333045	-0.106039	0.020405	0.071908	-0.582275	0.510498	0.150635	-41.779868	12.413429	-146.840774
00088		-2.165212	-6.647154	7.208604	-0.126189	0.050876	0.081147	-0.589355	0.509033	0.156494	-41.845776	12.465070	-146.821311
00089		-2.091651	-6.712409	7.022974	-0.149144	0.081943	0.112986	-0.591797	0.512451	0.156982	-41.921200	12.547195	-146.799816
00090		-1.886527	-7.217359	6.702011	-0.154869	0.095016	0.176149	-0.588867	0.505615	0.155029	-41.998246	12.654085	-146.756327
00091		-1.450361	-7.190450	6.914591	-0.174090	0.157488	0.299703	-0.580078	0.519775	0.157227	-42.076646	12.839971	-146.683291
00092		-0.737475	-6.323606	7.591174	-0.310083	0.181074	0.537464	-0.578857	0.512939	0.153809	-42.214651	13.122469	-146.516529
00093		-1.447080	-6.602137	7.531603	-0.340835	0.345019	0.751090	-0.573730	0.519287	0.160645	-42.359792	13.561866	-146.321754
00094		-1.130035	-6.678111	7.808628	-0.283786	0.531224	0.903372	-0.562744	0.526611	0.156738	-42.475669	14.134656	-146.135744
00095		-1.317897	-5.942802	8.052134	-0.221374	0.720253	1.038301	-0.552002	0.522461	0.155762	-42.554909	14.844179	-145.966477
00096		-1.603273	-5.715579	7.955072	-0.301392	0.859327	1.141312	-0.550781	0.526123	0.158203	-42.684072	15.648249	-145.809333
00097		-1.901638	-5.831532	7.503951	-0.430276	0.952742	1.258040	-0.530762	0.529785	0.161865	-42.878187	16.541507	-145.639989
00098		-2.212307	-6.119953	7.254120	-0.553319	1.004630	1.363919	-0.519043	0.530029	0.156982	-43.137118	17.494463	-145.448981
00099		-2.488143	-6.399099	6.962414	-0.661292	1.045530	1.465806	-0.504883	0.533936	0.166504	-43.443767	18.509237	-145.233271
00100		-2.822014	-6.506568	7.006388	-0.786718	1.113574	1.566977	-0.492188	0.547363	0.171631	-43.818649	19.589581	-145.007508
00101		-3.128572	-6.017653	7.434475	-1.014451	1.194321	1.662183	-0.477783	0.552734	0.188232	-44.316043	20.746374	-144.780466
00102		-3.116851	-5.696187	7.341342	-1.280186	1.261454	1.790223	-0.460938	0.557617	0.189941	-44.959007	21.980457	-144.537926
00103		-3.589999	-5.763260	7.097111	-1.576353	1.274753	1.935893	-0.446045	0.561523	0.201416	-45.746052	23.285522	-144.250972
00104		-3.809330	-6.189283	7.697509	-1.992508	1.290093	2.026968	-0.414551	0.560059	0.212891	-46.764255	24.634816	-143.952361
00105		-4.592201	-6.239228	7.501564	-2.567536	1.346686	2.132877	-0.402100	0.562500	0.235596	-48.104591	26.059439	-143.660612
00106		-6.203960	-7.449781	7.578074	-3.247869	1.416673	2.193628	-0.382813	0.562012	0.263184	-49.854074	27.539780	-143.418182
00107		-6.862249	-7.018909	8.351052	-4.162641	1.437240	2.153199	-0.362549	0.570068	0.308594	-52.156807	29.019632	-143.257021
00108		-5.619771	-8.101292	8.482486	-5.031447	1.214203	2.040614	-0.353516	0.570801	0.355469	-54.958400	30.373007	-143.097264
00109		-4.120154	-9.632407	10.022956	-5.322577	0.715376	1.973244	-0.325195	0.572510	0.390625	-57.827516	31.544633	-142.758565
00110		-4.045460	-10.359391	12.468540	-4.846681	-0.184321	1.930881	-0.317139	0.544922	0.441650	-60.187509	32.438637	-141.975581
00111		-3.033981	-9.692725	13.422216	-3.894163	-1.267601	1.973992	-0.286865	0.544678	0.481445	-61.645253	33.076506	-140.559151
00112		-3.203828	-7.539259	13.813493	-2.874837	-2.190184	2.153661	-0.267334	0.537354	0.508789	-62.177757	33.574615	-138.534207
00113		-6.115848	-9.488376	15.079059	-1.888674	-3.413183	2.149686	-0.225830	0.529297	0.530518	-61.711117	33.742736	-135.755347
00114		-4.200863	-8.405609	12.934010	-1.122481	-4.169752	1.855467	-0.190674	0.535400	0.537354	-60.615918	33.521900	-132.621093
00115		-2.427491	-5.344580	10.260007	-0.582153	-4.638165	1.710737	-0.164063	0.519531	0.539551	-59.101962	33.033964	-129.272834
00116		-1.723491	-2.726611	7.750646	-0.328482	-4.804253	1.804999	-0.132324	0.528320	0.545898	-57.429266	32.465540	-125.837664
00117		-1.165284	-1.901259	6.404015	-0.254225	-4.785954	1.974085	-0.101563	0.529297	0.542236	-55.725620	31.895926	-122.386577
00118		-0.835102	-2.505563	5.864591	-0.187256	-4.708179	2.125889	-0.062744	0.522705	0.531494	-54.038037	31.340034	-118.967828
00119		-0.876990	-3.641695	5.955951	-0.097938	-4.632026	2.183636	-0.020752	0.507080	0.526611	-52.346839	30.746560	-115.602122
00120		-0.905439	-4.279889	5.967771	-0.013350	-4.565957	2.129976	0.009521	0.512451	0.519043	-50.701840	30.073644	-112.342274
00121		-0.826146	-4.652238	5.860886	0.057791	-4.499563	2.040237	0.043701	0.504395	0.508789	-49.098662	29.300088	-109.195450
00122		-0.840236	-4.817381	5.905609	0.118978	-4.419471	1.965977	0.081787	0.494141	0.492920	-47.569486	28.457348	-106.175525
00123		-0.990549	-4.865338	5.930601	0.130737	-4.341118	1.903665	0.108887	0.494385	0.473877	-46.117594	27.542707	-103.266272
00124		-1.182728	-4.870272	6.034659	0.060178	-4.271743	1.841533	0.138428	0.478760	0.459473	-44.809428	26.577145	-100.471872
00125		-1.367118	-4.819110	6.294813	-0.140606	-4.212578	1.758370	0.163330	0.478760	0.439209	-43.699187	25.540808	-97.785254
00126		-1.595593	-4.972504	6.596551	-0.475987	-4.165546	1.625386	0.186035	0.462158	0.427002	-42.888966	24.441112	-95.227496
00127		-1.628870	-5.555884	6.699005	-0.839799	-4.120078	1.440094	0.209961	0.452881	0.418213	-42.382117	23.251419	-92.808131
00128		-1.536746	-6.377586	6.679980	-1.086007	-4.049830	1.223454	0.230225	0.455078	0.407959	-42.133855	22.004221	-90.551451
00129		-1.482664	-7.104171	6.688311	-1.178972	-3.944354	1.004303	0.243896	0.431641	0.392822	-42.038733	20.699797	-88.459925
00130		-1.461610	-7.372952	6.630391	-1.123704	-3.804185	0.794279	0.256348	0.433350	0.382324	-42.023299	19.384307	-86.542698
00131		-1.578359	-7.352173	6.669830	-1.027083	-3.656442	0.609860	0.276611	0.420654	0.365967	-42.038576	18.048422	-84.781821
00132		-1.718751	-6.991002	6.834811	-0.943638	-3.506236	0.457043	0.280273	0.414795	0.354736	-42.093439	16.731345	-83.163752
00133		-1.892482	-6.484158	7.013491	-0.926113	-3.366853	0.336212	0.277588	0.410156	0.343262	-42.201169	15.416115	-81.662734
00134		-2.003628	-6.103534	7.222751	-0.963385	-3.231050	0.250054	0.294678	0.402100	0.335205	-42.393323	14.142116	-80.260763
00135		-2.444188	-6.205734	7.839409	-1.014564	-3.124459	0.193221	0.294434	0.403564	0.320068	-42.656425	12.883112	-78.927602
00136		-3.026349	-6.381310	8.665894	-1.069951	-3.092804	0.125535	0.302490	0.396484	0.311523	-42.993308	11.631261	-77.637090
00137		-3.574818	-6.377245	9.360359	-1.161797	-3.118540	0.021461	0.313232	0.388916	0.304443	-43.412808	10.322763	-76.377486
00138		-3.899813	-6.197519	9.526550	-1.240391	-3.179969	-0.073095	0.315674	0.387695	0.292725	-43.911983	8.974781	-75.128414
00139		-4.042544	-5.813419	9.256892	-1.273497	-3.225607	-0.128841	0.322266	0.388184	0.287109	-44.455141	7.583909	-73.876078
00140		-4.068075	-5.382075	8.828788	-1.245728	-3.228229	-0.127492	0.316895	0.386719	0.279785	-45.014999	6.217636	-72.613189
00141		-4.103856	-5.100532	8.532938	-1.162487	-3.187897	-0.081544	0.326416	0.390381	0.264404	-45.551578	4.885774	-71.338225
00142		-4.130273	-4.992463	8.385347	-1.054361	-3.121163	-0.025120	0.328857	0.385742	0.253906	-46.058549	3.627970	-70.058749
00143		-4.098262	-4.940289	8.242759	-0.939659	-3.044630	0.027397	0.331787	0.378418	0.237549	-46.523380	2.421133	-68.781391
00144		-4.012743	-4.896545	8.040863	-0.836530	-2.951181	0.070248	0.332275	0.383545	0.229248	-46.959584	1.290890	-67.517872
00145		-3.777732	-4.932005	7.654039	-0.744601	-2.833381	0.091905	0.335938	0.388428	0.213135	-47.363847	0.213730	-66.287982
00146		-3.629532	-5.053009	7.265195	-0.659580	-2.681720	0.108008	0.331787	0.380615	0.201660	-47.745392	-0.778307	-65.108519
00147		-3.550431	-5.186216	6.865148	-0.557550	-2.503953	0.131746	0.333496	0.379883	0.191406	-48.082761	-1.695007	-63.989521
00148		-3.621853	-5.458484	6.545685	-0.467020	-2.319652	0.142672	0.334229	0.377441	0.188477	-48.386783	-2.519971	-62.939166
00149		-3.954434	-5.786771	6.647949	-0.389384	-2.141432	0.131812	0.336426	0.382080	0.167969	-48.653033	-3.286359	-61.965368
00150		-4.266216	-6.107724	6.679385	-0.320598	-1.997110	0.089052	0.334229	0.379395	0.153320	-48.891735	-4.002741	-61.065442
00151		-4.445637	-6.047957	6.489841	-0.239165	-1.869335	0.037415	0.338623	0.376221	0.150146	-49.085465	-4.698636	-60.237577
00152		-4.520943	-5.648272	5.862526	-0.174050	-1.722381	-0.005127	0.340088	0.380371	0.136963	-49.248788	-5.346713	-59.486050
00153		-2.610357	-6.482323	3.164395	0.290666	-0.921242	0.540690	0.342285	0.375000	0.131348	-49.133448	-5.465247	-58.878210
00154		-5.885697	-3.446000	0.941626	0.976417	-0.267982	0.935359	0.353760	0.361572	0.121826	-48.615705	-5.163146	-58.404143
00155		-6.419042	-1.235064	0.225932	1.266035	0.264221	1.122761	0.360352	0.358398	0.113281	-47.911945	-4.589357	-58.084438
00156		-8.848768	0.056201	-0.172685	1.031423	1.040180	1.339741	0.365723	0.350342	0.107910	-47.324588	-3.621309	-58.003161
00157		-6.931290	-0.247358	-1.122810	0.790492	1.791408	1.372484	0.376709	0.339600	0.123291	-46.855101	-2.351807	-58.216385
00158		0.234772	-3.438520	4.998564	0.630464	2.339100	1.273896	0.398682	0.322510	0.130127	-46.478298	-0.901952	-58.686647
00159		-1.991677	-7.565726	11.250151	-0.211459	2.346483	0.994905	0.398193	0.317627	0.155273	-46.591560	0.432206	-59.266710
00160		-2.434547	-7.593947	10.623074	-0.744523	2.083901	0.788776	0.406738	0.314941	0.161621	-47.025736	1.578167	-59.824100
00161		-2.368059	-4.349069	9.350327	-0.456836	1.968165	1.092873	0.413330	0.315674	0.183594	-47.296470	2.800271	-60.221799
00162		-3.312847	-3.301001	12.892089	-0.001007	2.082917	1.670201	0.425293	0.297119	0.196533	-47.308787	4.312160	-60.446518
00163		-5.114607	-4.446347	13.986420	-0.041222	1.756854	2.018862	0.445068	0.286377	0.214355	-47.320597	5.841707	-60.398094
00164		-3.996308	-11.310397	11.551640	-0.429470	1.731717	1.927986	0.456299	0.272217	0.226074	-47.562152	7.325743	-60.377800
00165		-5.253870	-24.471925	11.918951	0.311407	1.860084	1.596842	0.465088	0.260254	0.235840	-47.398237	8.717919	-60.542260
00166		-13.060494	-19.516607	9.367265	1.481213	0.946030	0.749977	0.464600	0.250977	0.244873	-46.563181	9.401145	-60.642774
00167		-1.514386	-1.202042	11.813116	0.709793	0.352013	0.242736	0.468262	0.250977	0.235107	-46.157456	9.639816	-60.689096
00168		-2.536109	-6.165045	8.612226	0.224408	0.470578	0.375380	0.479248	0.244873	0.238281	-46.033814	9.980954	-60.730966
00169		-1.055864	-8.634798	5.150697	0.193547	0.382242	0.270209	0.470947	0.251709	0.237549	-45.923215	10.243379	-60.777123
00170		-1.775074	-5.592786	7.742004	0.301113	0.418362	0.341864	0.477539	0.239746	0.239502	-45.754295	10.550079	-60.809295
00171		-2.493969	-7.143178	6.785239	0.259463	0.339141	0.307762	0.476563	0.236328	0.246338	-45.600077	10.810814	-60.820812
00172		-2.602396	-7.650287	6.544211	0.390603	0.244080	0.251268	0.476318	0.239990	0.244629	-45.373103	11.010682	-60.815662
00173		-2.072474	-6.268398	7.345747	0.380691	0.195063	0.205458	0.479736	0.241211	0.239258	-45.145869	11.171910	-60.807525
00174		-2.184514	-6.849588	7.002988	0.331550	0.192616	0.171280	0.479248	0.228760	0.242432	-44.954685	11.318466	-60.812553
00175		-2.186415	-7.105719	6.794953	0.295086	0.166105	0.136020	0.479736	0.234863	0.244629	-44.779476	11.439865	-60.820068
00176		-2.216526	-7.030513	6.876619	0.271727	0.132943	0.115352	0.479248	0.231934	0.241211	-44.622149	11.539606	-60.822889
00177		-2.228897	-7.039033	6.751162	0.254776	0.089139	0.096733	0.480469	0.233887	0.242188	-44.466959	11.613881	-60.814505
00178		-2.228547	-6.690554	7.086520	0.243680	0.068485	0.073783	0.484131	0.231934	0.238281	-44.323783	11.670584	-60.807779
00179		-2.213558	-6.552367	7.150571	0.192177	0.058131	0.043483	0.481201	0.231201	0.241943	-44.206371	11.710856	-60.808666
00180		-2.176937	-6.548153	7.137820	0.144131	0.044184	0.021825	0.494873	0.230713	0.242676	-44.122594	11.736803	-60.813609
00181		-2.207750	-6.787104	6.978864	0.126156	0.032521	0.014347	0.484863	0.225830	0.234619	-44.043320	11.754970	-60.816178
00182		-2.214780	-6.906810	6.816611	0.136362	0.000436	0.019032	0.483398	0.229248	0.233398	-43.960597	11.761790	-60.804436
00183		-2.168239	-6.828432	6.889166	0.152999	-0.024864	0.019539	0.483643	0.237793	0.237061	-43.860808	11.758385	-60.781478
00184		-2.107438	-6.677565	6.959395	0.146492	-0.024373	0.018114	0.485840	0.226807	0.227295	-43.770308	11.754546	-60.760048
00185		-2.095304	-6.668882	6.990798	0.129360	-0.029724	0.011972	0.482178	0.229492	0.230713	-43.684376	11.746088	-60.738345
00186		-2.129513	-6.501536	7.081745	0.104562	-0.023413	0.001596	0.484131	0.235352	0.233154	-43.619410	11.736054	-60.724310
00187		-2.032970	-6.515271	7.010699	0.095006	-0.025576	-0.004005	0.485596	0.230225	0.227783	-43.554903	11.722979	-60.711081
00188		-2.035865	-6.586020	6.932864	0.091688	-0.022537	-0.001171	0.485840	0.227295	0.233643	-43.497634	11.712186	-60.698597
00189		-2.064269	-6.622797	6.953150	0.103300	-0.026949	0.002380	0.484375	0.226074	0.228027	-43.427747	11.701038	-60.682140
00190		-2.136920	-6.547670	7.058180	0.105717	-0.027380	-0.001186	0.486328	0.225098	0.225098	-43.362057	11.688196	-60.667742
00191		-2.091731	-6.495657	7.128420	0.105824	-0.032965	-0.008278	0.483154	0.233398	0.229004	-43.291196	11.670336	-60.653442
00192		-2.024235	-6.377966	7.107192	0.090056	-0.022583	-0.021125	0.485596	0.230225	0.224854	-43.236600	11.651634	-60.649494
00193		-2.025065	-6.447575	7.083567	0.081983	-0.015335	-0.017700	0.478027	0.230225	0.217773	-43.181639	11.637429	-60.646316
00194		-2.028033	-6.520272	7.004713	0.069472	-0.006607	-0.015806	0.480713	0.240723	0.221436	-43.139677	11.627481	-60.646525
00195		-2.056670	-6.558867	7.023318	0.080105	-0.002465	-0.017314	0.485840	0.234375	0.229736	-43.086816	11.618819	-60.648358
00196		-2.034405	-6.557584	7.017717	0.092714	0.000672	-0.013755	0.480225	0.229492	0.221924	-43.031950	11.612721	-60.650615
00197		-2.044610	-6.496311	7.087193	0.095511	0.004294	-0.013620	0.483887	0.234619	0.224854	-42.970526	11.608355	-60.653588
00198		-2.018689	-6.470090	7.080930	0.099868	0.004609	-0.005952	0.478516	0.232910	0.224121	-42.911206	11.606959	-60.654086
00199		-2.047195	-6.433525	7.075714	0.103519	0.012495	0.000680	0.482422	0.231201	0.225342	-42.844636	11.611632	-60.654207
00200		-2.045821	-6.475031	7.106292	0.102519	0.011809	0.006465	0.481445	0.229736	0.223633	-42.783301	11.618098	-60.652242
00201		-2.048479	-6.470189	7.058317	0.107756	0.014967	0.003041	0.485840	0.235596	0.220703	-42.714309	11.624748	-60.652321
00202		-2.030834	-6.539461	7.079641	0.115088	0.012931	0.015236	0.480957	0.231689	0.219482	-42.645099	11.635089	-60.647014
00203		-2.022907	-6.534543	7.054160	0.117601	0.008302	0.022208	0.487549	0.230225	0.216064	-42.568298	11.646377	-60.636189
00204		-2.012911	-6.577990	7.053437	0.123203	0.006334	0.033359	0.477539	0.232178	0.219238	-42.492326	11.660939	-60.620432
00205		-2.090105	-6.553967	7.073600	0.124418	-0.004853	0.036312	0.472656	0.225586	0.221191	-42.409378	11.672097	-60.598298
00206		-2.129696	-6.510960	7.103173	0.132126	-0.013157	0.034084	0.483643	0.233154	0.217041	-42.326660	11.678643	-60.574499
00207		-2.068377	-6.462864	7.108364	0.134975	-0.013377	0.033298	0.480469	0.230957	0.214844	-42.237283	11.684987	-60.550286
00208		-2.089431	-6.499672	7.098952	0.138029	-0.021358	0.030778	0.485352	0.230469	0.209961	-42.150812	11.686709	-60.524677
00209		-2.083251	-6.513865	7.131513	0.137413	-0.019697	0.034067	0.486572	0.224365	0.221436	-42.059504	11.690606	-60.497637
00210		-2.116069	-6.497597	7.130925	0.149225	-0.028509	0.029323	0.486572	0.234131	0.212158	-41.966176	11.688646	-60.469854
00211		-2.057812	-6.472647	7.138646	0.144076	-0.030408	0.031458	0.489258	0.229492	0.210693	-41.870480	11.686912	-60.439759
00212		-2.033387	-6.445711	7.081576	0.151243	-0.039142	0.037847	0.487549	0.228271	0.212402	-41.774406	11.683579	-60.404119
00213		-2.037742	-6.457532	7.094332	0.164224	-0.048636	0.054154	0.485107	0.226807	0.207031	-41.663780	11.682609	-60.357030
00214		-2.075450	-6.410720	7.127084	0.175300	-0.061034	0.064522	0.479004	0.229980	0.205566	-41.549842	11.679914	-60.301229
00215		-2.049162	-6.429418	7.097715	0.187269	-0.061996	0.075642	0.485352	0.225342	0.208740	-41.423117	11.681187	-60.239559
00216		-2.043981	-6.386127	7.164015	0.200157	-0.062461	0.092333	0.486816	0.227783	0.205078	-41.292351	11.688170	-60.171004
00217		-1.987805	-6.356199	7.175230	0.197985	-0.061726	0.109966	0.491699	0.215576	0.203613	-41.156485	11.702249	-60.094333
00218		-1.953766	-6.373301	7.168534	0.199613	-0.058896	0.138546	0.483398	0.227539	0.197510	-41.022128	11.727859	-60.006728
00219		-1.917825	-6.260970	7.217858	0.210091	-0.053699	0.158289	0.498535	0.215088	0.206299	-40.875575	11.763178	-59.911699
00220		-1.871756	-6.253368	7.230709	0.199870	-0.041834	0.191496	0.482422	0.223389	0.198730	-40.737468	11.815591	-59.807010
00221		-1.811599	-6.113783	7.373068	0.171285	-0.015907	0.224882	0.490967	0.224365	0.201416	-40.609855	11.891714	-59.696621
00222		-1.934229	-6.249045	7.409390	0.131206	0.005373	0.265736	0.497070	0.213623	0.201660	-40.507643	11.991890	-59.576588
00223		-1.950666	-6.426241	7.245593	0.090413	0.021453	0.315553	0.496094	0.210693	0.195557	-40.420440	12.117561	-59.439608
00224		-2.374949	-5.939586	7.440856	0.006957	0.012244	0.417138	0.489502	0.198242	0.202148	-40.375081	12.276624	-59.254194
00225		-1.222377	-6.776782	7.513361	-0.080171	0.024435	0.544712	0.496582	0.206299	0.198975	-40.363067	12.488413	-59.015524
00226		-1.456953	-6.034389	7.789146	-0.175442	0.068777	0.685552	0.502930	0.199707	0.197266	-40.399220	12.771733	-58.731205
00227		-1.511142	-6.141437	7.771015	-0.270906	0.163631	0.790421	0.508789	0.192383	0.205322	-40.481377	13.135570	-58.435369
00228		-1.272926	-6.137634	7.891100	-0.345671	0.305391	0.898839	0.515137	0.186279	0.206787	-40.610365	13.602145	-58.146176
00229		-1.275251	-6.170581	7.927659	-0.398007	0.460235	1.014378	0.514160	0.181396	0.204346	-40.764012	14.179462	-57.864612
00230		-1.116504	-6.326542	7.996563	-0.420010	0.660231	1.133279	0.521729	0.177979	0.224854	-40.938300	14.889175	-57.608944
00231		-1.187655	-6.181168	8.047334	-0.430423	0.898567	1.274430	0.528320	0.166992	0.228027	-41.118457	15.755003	-57.383376
00232		-1.219867	-6.372773	7.874294	-0.452677	1.116689	1.462516	0.535645	0.147705	0.249268	-41.313593	16.787304	-57.161971
00233		-1.327023	-6.953873	7.763267	-0.411723	1.361328	1.715026	0.547607	0.136963	0.258789	-41.471668	18.019888	-56.924832
00234		-1.372215	-7.757531	7.303026	-0.279726	1.648562	2.036407	0.544434	0.125488	0.268311	-41.544305	19.499384	-56.659171
00235		-1.303263	-8.152321	7.294990	-0.096066	1.970163	2.441464	0.565674	0.108398	0.281738	-41.479578	21.268980	-56.334475
00236		-1.502937	-7.806755	7.444104	0.110970	2.292332	2.903551	0.570313	0.077637	0.312988	-41.256085	23.353036	-55.919132
00237		-1.637839	-7.522071	7.079279	0.324753	2.575418	3.388583	0.584717	0.051025	0.319580	-40.835138	25.737293	-55.368930
00238		-2.269431	-7.563605	7.017519	0.492405	2.859652	3.889486	0.593750	0.012695	0.354248	-40.227114	28.429702	-54.658284
00239		-2.922092	-8.395045	6.984673	0.675115	3.211610	4.386417	0.605713	-0.015625	0.373779	-39.397960	31.448001	-53.783972
00240		-4.671171	-9.096505	7.590683	0.854229	3.614269	4.948800	0.612549	-0.067383	0.396973	-38.310006	34.838269	-52.694061
00241		-8.414041	-8.350873	9.984978	0.681618	4.082038	5.441400	0.625244	-0.111084	0.440674	-37.138257	38.590677	-51.396543
00242		-11.526328	-9.331174	13.374469	0.166489	4.574954	5.626453	0.625488	-0.151855	0.477051	-36.161258	42.616826	-50.046255
00243		-11.213161	-9.936109	12.857355	-0.323474	4.953733	5.558458	0.614258	-0.201904	0.513184	-35.422649	46.775995	-48.739813
00244		-10.023696	-9.784719	11.758140	-1.093641	5.156738	5.394506	0.609375	-0.250977	0.559326	-35.106128	50.971585	-47.491146
00245		-9.920436	-10.477511	13.618104	-1.815029	5.170410	5.205133	0.598389	-0.303711	0.608643	-35.159256	55.103636	-46.261311
00246		-8.077300	-9.887135	11.923699	-2.048444	5.134769	5.146022	0.569336	-0.357666	0.646973	-35.218771	59.205793	-44.938022
00247		-5.377286	-8.421862	11.564516	-2.431173	4.957303	5.025667	0.548828	-0.407715	0.682617	-35.305433	63.178375	-43.451366
00248		-6.839822	-6.555380	8.966094	-2.827605	4.557298	5.057033	0.525391	-0.465332	0.720215	-35.056271	66.980898	-41.393109
00249		-5.247033	-3.643364	13.140377	-3.238833	3.616420	5.045330	0.514893	-0.510498	0.734619	-33.793868	70.314035	-38.049262
00250		-4.975935	-4.378628	17.003561	-3.208027	1.895492	4.963972	0.484863	-0.571533	0.742676	-30.112921	72.741924	-32.234126
00251		-12.419490	-7.177820	21.632007	-3.403431	-0.819242	4.875604	0.477783	-0.623291	0.715088	-23.098936	73.560796	-22.872423
00252		-7.782807	-16.570771	17.916906	-3.453740	-3.140293	3.826425	0.490234	-0.656982	0.684814	-16.277330	72.599953	-13.677666
00253		-2.526712	-14.538470	11.490024	-2.836921	-4.277727	3.005537	0.500244	-0.703125	0.642090	-11.130808	70.603466	-6.543580
00254		0.480703	-11.744671	5.628302	-2.370946	-4.722475	2.187928	0.518311	-0.721680	0.599854	-8.000218	68.138679	-1.750467
00255		1.879700	-10.246483	2.156625	-2.182230	-4.729825	1.407555	0.540039	-0.751465	0.546143	-6.597947	65.531664	1.136087
00256		2.964816	-10.026044	0.155005	-1.973369	-4.477834	0.689296	0.553223	-0.762695	0.491699	-6.308089	63.023441	2.710226
00257		3.270335	-10.850708	-0.521051	-1.714884	-4.052516	-0.042680	0.567139	-0.763672	0.456055	-6.863906	60.693422	3.199185
00258		3.106802	-11.785647	-0.709288	-1.327586	-3.542159	-0.808657	0.583496	-0.766113	0.416016	-7.955934	58.618082	2.812816
00259		3.288245	-11.992818	-0.941626	-0.870580	-2.997304	-1.567384	0.605957	-0.752441	0.387939	-9.474200	56.763222	1.614837
00260		3.396429	-11.385070	-0.873651	-0.453595	-2.406051	-2.267091	0.614502	-0.726318	0.358154	-11.252925	55.170395	-0.220324
00261		2.846739	-10.434298	-0.252144	-0.198417	-1.824379	-2.889163	0.644043	-0.717529	0.338135	-13.347606	53.773342	-2.643579
00262		1.836010	-9.558628	0.955204	-0.158865	-1.327235	-3.463248	0.668701	-0.675049	0.322510	-15.741392	52.535903	-5.523460
00263		0.552829	-9.134222	2.394022	-0.275810	-0.991183	-4.003820	0.695068	-0.636963	0.312012	-18.509820	51.291849	-8.827400
00264		-0.650524	-8.714981	3.770278	-0.454236	-0.791360	-4.487860	0.701904	-0.593262	0.283691	-21.520931	49.982760	-12.387490
00265		-1.652607	-8.495000	5.031005	-0.664554	-0.721909	-4.895630	0.718506	-0.541260	0.274902	-24.727798	48.471679	-16.105906
00266		-2.598215	-8.500715	6.174679	-0.844299	-0.716615	-5.212466	0.740967	-0.484619	0.265381	-27.940705	46.776061	-19.802110
00267		-3.328310	-8.452985	6.956261	-0.918814	-0.771458	-5.437279	0.762207	-0.429688	0.252197	-31.049950	44.825312	-23.391513
00268		-4.050598	-8.288654	7.681042	-0.901233	-0.868641	-5.564699	0.773193	-0.373535	0.228760	-33.881688	42.691486	-26.741171
00269		-4.741951	-7.897437	8.233105	-0.831384	-0.996683	-5.583700	0.787598	-0.301025	0.218750	-36.396171	40.348698	-29.803590
00270		-5.331814	-7.682268	8.728237	-0.756018	-1.143799	-5.522251	0.790039	-0.239990	0.192627	-38.543115	37.901854	-32.521861
00271		-5.924145	-7.818823	9.249576	-0.686383	-1.315304	-5.410692	0.792725	-0.159180	0.169678	-40.367034	35.314213	-34.910412
00272		-6.196118	-8.241781	9.750998	-0.603543	-1.505593	-5.279536	0.791260	-0.101563	0.128418	-41.862799	32.673733	-36.970279
00273		-6.270613	-8.761372	10.201066	-0.512030	-1.680563	-5.146440	0.782959	-0.026367	0.105957	-43.088036	29.936051	-38.755231
00274		-6.417088	-9.582619	10.760997	-0.406913	-1.845977	-5.010822	0.755127	0.052246	0.066895	-44.052657	27.189782	-40.289098
00275		-6.707816	-10.681927	11.340177	-0.218745	-2.005372	-4.902430	0.733887	0.126953	0.031250	-44.761049	24.366904	-41.623421
00276		-7.146659	-11.250745	11.955613	-0.037979	-2.180007	-4.774412	0.704346	0.197266	-0.003662	-45.224492	21.548539	-42.761044
00277		-7.450647	-11.838363	12.433823	0.074941	-2.376860	-4.683858	0.643066	0.275146	-0.037109	-45.517428	18.645548	-43.734311
00278		-7.933573	-12.494273	13.156900	0.107436	-2.571246	-4.632468	0.582275	0.322510	-0.065186	-45.701121	15.717422	-44.571753
00279		-8.461716	-13.104698	13.623451	0.084674	-2.767433	-4.604177	0.514893	0.367920	-0.084961	-45.830490	12.685445	-45.295233
00280		-9.150194	-13.789512	13.940478	0.046343	-2.960403	-4.581927	0.449951	0.400879	-0.095215	-45.921287	9.619203	-45.913135
00281		-10.098496	-14.395088	13.963907	0.028696	-3.135880	-4.571097	0.374023	0.424072	-0.113525	-45.978761	6.453205	-46.444764
00282		-11.102490	-14.350347	13.381443	0.055205	-3.272819	-4.529459	0.308838	0.436523	-0.115723	-45.983349	3.283100	-46.897405
00283		-12.146268	-13.351724	12.457787	0.053745	-3.338994	-4.422122	0.254150	0.453857	-0.120117	-45.962992	0.099781	-47.279465
00284		-13.281096	-11.967953	11.195287	0.000468	-3.326069	-4.218104	0.195068	0.451172	-0.138916	-45.952864	-2.963109	-47.585921
00285		-14.480391	-10.216936	9.870363	-0.093194	-3.257343	-3.921133	0.157227	0.460693	-0.129150	-45.988482	-5.903985	-47.802557
00286		-15.186213	-8.158774	8.229495	-0.233665	-3.167834	-3.513639	0.124268	0.465820	-0.125977	-46.109145	-8.613840	-47.889921
00287		-15.256825	-5.175999	6.069213	-0.485414	-3.036637	-3.060420	0.083008	0.460205	-0.136719	-46.394527	-11.107646	-47.841094
00288		-15.256731	-2.479900	4.090202	-0.927150	-2.766548	-2.662437	0.059082	0.465576	-0.123291	-46.947445	-13.305741	-47.728388
00289		-15.535990	-1.390679	2.682949	-1.351126	-2.379343	-2.286984	0.035889	0.473389	-0.117188	-47.750472	-15.212662	-47.605882
00290		-15.906063	-1.128487	1.531590	-1.565631	-1.910395	-1.881623	0.015381	0.464355	-0.106445	-48.674465	-16.746538	-47.500187
00291		-16.499384	-1.304670	0.833015	-1.542023	-1.382940	-1.492117	0.000244	0.478760	-0.096436	-49.570097	-17.926622	-47.454559
00292		-17.437009	-1.394134	0.737119	-1.316348	-0.854849	-1.133379	0.001221	0.469238	-0.081543	-50.309144	-18.739390	-47.495817
00293		-18.465054	-1.178574	0.690793	-1.012615	-0.400314	-0.813607	-0.002441	0.481445	-0.068848	-50.848336	-19.255688	-47.617203
00294		-17.939146	-0.790599	0.328345	-0.722402	0.040629	-0.468936	-0.018799	0.476807	-0.062988	-51.195699	-19.450374	-47.811365
00295		-16.457858	-0.651135	0.210270	-0.467236	0.497535	-0.047437	-0.011230	0.483154	-0.061279	-51.379170	-19.299094	-48.060775
00296		-7.236136	-2.019166	-2.296027	0.182674	2.026700	1.238177	0.006104	0.480957	-0.051758	-51.117759	-18.019419	-48.543774
00297		-10.494079	-6.491762	-3.763058	1.507478	3.464973	1.959203	0.030029	0.457764	-0.057373	-50.003998	-15.894129	-49.396632
00298		2.793140	-2.061333	-0.434668	2.906167	3.869221	2.080152	0.057129	0.454346	-0.063232	-48.102737	-13.541676	-50.316209
00299		4.117642	-0.459275	6.907758	1.810200	4.239353	2.161056	0.094482	0.442139	-0.059814	-46.858979	-10.989430	-51.287222
00300		-0.374681	-5.748326	7.396240	0.150901	4.384405	1.797508	0.107178	0.427734	-0.032227	-46.577940	-8.518101	-52.422377
00301		-5.106626	-7.546664	7.552693	-0.619195	4.457175	1.343295	0.132568	0.434814	-0.018555	-46.760590	-6.207949	-53.758650
00302		-6.703410	-8.661051	9.452825	-1.279644	4.532033	0.790503	0.142822	0.428223	0.013916	-47.348304	-4.107900	-55.353321
00303		-8.518699	-11.063176	11.679842	-1.388780	4.430097	0.597186	0.153320	0.438232	0.044189	-48.053294	-2.146762	-56.998764
00304		-6.408691	-8.456629	15.689999	-0.597296	4.017518	0.989976	0.163330	0.424561	0.069336	-48.366144	-0.190440	-58.333344
00305		-9.153267	-2.293347	22.350120	0.126660	3.665828	1.574714	0.185059	0.418213	0.078125	-48.305873	1.881718	-59.298816
00306		-9.055590	3.898105	22.948178	-0.556224	2.754030	1.995004	0.193848	0.411865	0.090332	-48.643161	3.782952	-59.718977
00307		-6.257663	-4.666770	19.089260	-0.843728	2.269040	2.515789	0.220947	0.404297	0.107666	-49.122376	5.728010	-59.746748
00308		-7.190292	-32.204983	18.134629	0.507232	2.463115	2.336755	0.240967	0.386719	0.122803	-48.850938	7.663777	-59.930368
00309		-12.740703	-25.418469	-3.020055	1.847998	1.059975	1.017097	0.251953	0.377930	0.114014	-47.793892	8.508048	-59.992989
00310		-0.552165	-0.920859	10.697650	2.011502	0.885039	0.717146	0.264160	0.376953	0.102295	-46.653044	9.153305	-60.083339
00311		-3.810745	-5.707744	10.468308	1.218072	0.777674	0.750826	0.264893	0.379150	0.097412	-45.953261	9.778447	-60.104527
00312		-2.780359	-8.426632	6.418873	0.796616	0.501650	0.459784	0.264404	0.372559	0.094238	-45.497804	10.166899	-60.122844
00313		-2.501453	-6.374642	8.221884	0.543850	0.389969	0.327508	0.265137	0.365967	0.095703	-45.184736	10.463973	-60.146146
00314		-2.705484	-7.274870	6.987960	0.342140	0.323198	0.279384	0.273438	0.360596	0.094482	-44.989172	10.707215	-60.160673
00315		-2.385966	-7.436680	6.742227	0.299729	0.232378	0.222699	0.270752	0.355469	0.093018	-44.811573	10.898247	-60.160123
00316		-2.388846	-6.892989	7.093959	0.267220	0.190662	0.207010	0.274414	0.358154	0.094727	-44.654092	11.058443	-60.148703
00317		-2.382360	-6.877709	7.062121	0.215745	0.143645	0.162572	0.279785	0.370605	0.086670	-44.522301	11.189141	-60.135758
00318		-2.388108	-6.839662	6.984192	0.163129	0.113227	0.122727	0.281250	0.362061	0.098877	-44.424934	11.283794	-60.127031
00319		-2.391405	-6.880623	6.871902	0.123718	0.073844	0.062273	0.283936	0.359863	0.088379	-44.348374	11.345725	-60.126983
00320		-2.172270	-6.941033	6.700275	0.138175	0.050548	0.053508	0.268555	0.356689	0.091309	-44.265892	11.386950	-60.121332
00321		-2.216830	-6.795629	6.851267	0.169923	0.028580	0.050050	0.273438	0.356934	0.087402	-44.160271	11.425436	-60.107797
00322		-2.185447	-6.765852	6.817572	0.169224	0.015108	0.035336	0.281494	0.362549	0.083984	-44.058617	11.444816	-60.095208
00323		-2.101998	-6.769601	6.838440	0.177993	-0.001357	0.026551	0.282715	0.358643	0.085938	-43.947938	11.461565	-60.079285
00324		-2.174100	-6.616647	6.980255	0.165083	-0.004178	0.022756	0.277588	0.364502	0.083496	-43.848135	11.467939	-60.064104
00325		-2.193793	-6.752718	6.906714	0.151724	-0.007174	0.016170	0.277832	0.356445	0.085938	-43.752928	11.478096	-60.050180
00326		-2.199650	-6.715239	6.949416	0.147412	-0.017637	0.023166	0.276611	0.361328	0.078369	-43.662125	11.479009	-60.029366
00327		-2.224115	-6.774815	6.940236	0.149309	-0.036001	0.015481	0.271729	0.353760	0.085449	-43.566087	11.476888	-60.004108
00328		-2.186365	-6.747128	6.906636	0.156961	-0.049397	0.013468	0.282715	0.354248	0.078125	-43.468091	11.460710	-59.974618
00329		-2.127752	-6.519228	7.042715	0.155273	-0.063730	0.004628	0.275146	0.354004	0.073975	-43.367412	11.442688	-59.942875
00330		-2.093614	-6.414071	7.072633	0.151200	-0.061506	-0.005576	0.277832	0.353760	0.077393	-43.273392	11.413878	-59.916689
00331		-2.074197	-6.433424	7.018389	0.150789	-0.049801	-0.002875	0.282715	0.357178	0.069824	-43.177041	11.398601	-59.893814
00332		-2.111751	-6.515541	6.989467	0.161542	-0.040644	-0.004655	0.279053	0.356689	0.069336	-43.078702	11.378789	-59.875673
00333		-2.082398	-6.535262	6.957961	0.179919	-0.032148	-0.006862	0.276367	0.359863	0.069824	-42.967419	11.369248	-59.861632
00334		-2.091842	-6.469726	6.980487	0.200327	-0.028544	-0.004948	0.278564	0.353271	0.071777	-42.847854	11.354331	-59.848510
00335		-2.110808	-6.450728	7.005848	0.217694	-0.022468	-0.007590	0.278320	0.353271	0.065918	-42.715792	11.348499	-59.838706
00336		-2.097580	-6.436137	7.042586	0.240566	-0.012110	-0.014846	0.284668	0.348877	0.068604	-42.575308	11.336608	-59.836415
00337		-2.004831	-6.358375	7.151454	0.233654	0.000114	-0.013626	0.280518	0.356689	0.055908	-42.436400	11.337917	-59.838201
00338		-2.057273	-6.383379	7.136148	0.220525	0.006738	-0.009392	0.274414	0.354736	0.055176	-42.308405	11.336100	-59.841037
00339		-2.035856	-6.319195	7.223106	0.201448	0.017807	-0.002787	0.279297	0.358154	0.061035	-42.188397	11.349061	-59.845117
00340		-2.109228	-6.391145	7.240351	0.174407	0.027515	-0.004688	0.272705	0.354004	0.061768	-42.088031	11.357891	-59.854068
00341		-2.112267	-6.381895	7.195830	0.156695	0.027587	-0.006507	0.272949	0.350098	0.056641	-41.994723	11.373574	-59.863572
00342		-2.082803	-6.379486	7.160787	0.148613	0.035221	-0.014550	0.276367	0.356934	0.062744	-41.910574	11.381938	-59.879792
00343		-2.100550	-6.392185	7.149096	0.145953	0.039669	-0.010192	0.283203	0.355713	0.054199	-41.824683	11.401376	-59.895593
00344		-2.055938	-6.261645	7.248142	0.135309	0.042743	-0.014345	0.278076	0.352051	0.055908	-41.748722	11.413078	-59.914630
00345		-2.110131	-6.396808	7.166256	0.134992	0.050292	-0.001240	0.282959	0.359131	0.059082	-41.669169	11.440489	-59.930627
00346		-2.087787	-6.367973	7.161217	0.133558	0.045576	0.000844	0.279785	0.357910	0.051270	-41.593120	11.459236	-59.944098
00347		-2.112570	-6.408607	7.095510	0.132314	0.044077	-0.003574	0.273682	0.354492	0.060059	-41.514860	11.483115	-59.958658
00348		-2.080195	-6.504947	7.108749	0.139306	0.032061	0.009335	0.278809	0.351074	0.055176	-41.433734	11.499319	-59.963126
00349		-2.124494	-6.308879	7.172795	0.140836	0.024988	0.015971	0.281250	0.352783	0.051270	-41.347473	11.522411	-59.961694
00350		-2.140201	-6.422079	7.156189	0.141104	0.020238	0.019103	0.278320	0.349121	0.055420	-41.263540	11.537232	-59.957260
00351		-2.106077	-6.448070	7.090162	0.152632	0.012067	0.021770	0.278076	0.350342	0.049805	-41.169043	11.556921	-59.948255
00352		-2.118160	-6.431949	7.133189	0.170450	0.003565	0.025759	0.277832	0.352783	0.050293	-41.066411	11.567039	-59.934425
00353		-2.158077	-6.440467	7.081431	0.191807	-0.001778	0.025274	0.279053	0.348145	0.045654	-40.948149	11.581999	-59.918524
00354		-2.130797	-6.398962	7.190948	0.215514	-0.027688	0.037021	0.281250	0.353760	0.041992	-40.816281	11.582746	-59.887707
00355		-2.105487	-6.419209	7.109315	0.225883	-0.045306	0.044997	0.276123	0.343994	0.047852	-40.673462	11.586093	-59.846423
00356		-2.097909	-6.478350	7.119608	0.232364	-0.067311	0.070088	0.280518	0.354980	0.043213	-40.525961	11.581784	-59.785837
00357		-2.033736	-6.527110	7.074252	0.236703	-0.095535	0.107201	0.273193	0.343018	0.040283	-40.367642	11.586103	-59.697840
00358		-2.049723	-6.583379	7.043550	0.239636	-0.132435	0.157045	0.282227	0.338135	0.032715	-40.203240	11.585220	-59.573854
00359		-1.780854	-6.712523	7.110262	0.232185	-0.143554	0.214567	0.284912	0.352783	0.035400	-40.034316	11.607584	-59.419762
00360		-1.722385	-6.589455	7.314152	0.213832	-0.076021	0.287925	0.280029	0.345459	0.036865	-39.877005	11.678936	-59.258262
00361		-1.730604	-6.686932	7.455887	0.128394	0.005096	0.381364	0.286621	0.339111	0.028809	-39.763288	11.826978	-59.084742
00362		-1.549755	-6.714063	7.511656	0.020636	0.136938	0.490108	0.295166	0.331055	0.038330	-39.713397	12.065613	-58.911466
00363		-0.344375	-5.814280	8.492968	-0.109922	0.333356	0.699864	0.298340	0.335693	0.035889	-39.730262	12.474439	-58.716708
00364		-0.345294	-7.741288	7.973748	-0.052055	0.628774	1.046282	0.306641	0.329834	0.043457	-39.704557	13.133402	-58.476069
00365		-0.631978	-7.581744	8.233591	0.046247	0.927490	1.334893	0.307861	0.321533	0.046631	-39.611998	14.035674	-58.215085
00366		-0.027789	-7.628683	8.704421	0.143973	1.314462	1.658643	0.334229	0.314209	0.056396	-39.460160	15.220226	-57.949228
00367		-0.064312	-7.860124	8.967826	0.193204	1.742997	2.130991	0.347412	0.296387	0.061035	-39.254542	16.770943	-57.621693
00368		0.026642	-7.923762	9.305932	0.228007	2.144841	2.800147	0.362305	0.277588	0.081055	-38.970130	18.735320	-57.124719
00369		-0.266706	-6.565204	8.910594	0.220767	2.584443	3.560087	0.389160	0.263184	0.086426	-38.596927	21.170497	-56.415397
00370		-0.756799	-6.733428	8.333768	0.108184	3.043370	4.327588	0.421631	0.225098	0.107910	-38.172347	24.075727	-55.478853
00371		-0.559159	-8.991579	8.032496	0.134882	3.461375	4.991737	0.451172	0.187744	0.139160	-37.586810	27.399344	-54.319693
00372		-1.875763	-8.864769	8.497013	0.384578	3.807325	5.491189	0.480225	0.151611	0.165771	-36.695808	31.036713	-52.951194
00373		-4.812236	-6.512711	9.210688	0.394321	4.060560	5.844914	0.514160	0.112549	0.196045	-35.598560	34.891641	-51.358494
00374		-10.091708	-7.829452	12.567868	-0.008923	4.410980	6.004906	0.535156	0.059326	0.229736	-34.574650	38.936213	-49.650019
00375		-12.531995	-11.933461	14.932164	-0.608128	4.821128	5.804295	0.548340	0.006348	0.269531	-33.874048	43.090878	-48.058554
00376		-13.108130	-11.681540	14.151163	-1.390516	4.959033	5.547982	0.567871	-0.042480	0.320801	-33.593382	47.217735	-46.542617
00377		-9.915268	-10.373780	11.559419	-1.886823	5.036774	5.517782	0.578125	-0.089600	0.363525	-33.454268	51.368689	-44.938136
00378		-7.570762	-10.861699	12.051824	-2.154296	4.908818	5.539293	0.574219	-0.135986	0.406250	-33.190128	55.461114	-43.075280
00379		-4.382154	-9.601825	11.176658	-2.477270	4.509025	5.604727	0.573486	-0.201660	0.459717	-32.574314	59.371668	-40.664203
00380		-4.079981	-7.578613	9.500473	-2.738013	3.928671	5.648197	0.577637	-0.252441	0.495117	-31.306564	62.993396	-37.430382
00381		-3.545043	-8.897987	11.795477	-2.580845	2.943013	5.676569	0.568604	-0.307373	0.515137	-28.625531	66.075096	-32.827248
00382		-6.432727	-6.679543	15.905520	-2.148246	1.216606	5.709037	0.558594	-0.367188	0.527832	-23.612832	68.142342	-26.054248
00383		-10.035492	-14.217056	19.036393	-2.552418	-1.260806	4.610050	0.563232	-0.423096	0.514404	-18.225450	68.401495	-18.683717
00384		-5.004797	-15.361604	14.618648	-2.819004	-2.537474	3.462832	0.571045	-0.453369	0.496826	-14.116113	67.553956	-12.511779
00385		-0.350651	-13.328492	8.767978	-2.529034	-3.493204	2.557991	0.561523	-0.499756	0.460938	-11.223802	65.907759	-7.786818
00386		2.226068	-10.617754	3.949973	-2.306489	-3.786568	1.820464	0.566895	-0.526123	0.429688	-9.508667	63.957676	-4.437271
00387		3.279582	-9.261413	1.003129	-2.170917	-3.709642	1.163463	0.571777	-0.543701	0.399902	-8.815188	61.950203	-2.259779
00388		4.042806	-8.969563	-0.618509	-1.997169	-3.420849	0.566049	0.567627	-0.557861	0.368652	-8.831825	60.060099	-0.973105
00389		4.267129	-9.509725	-1.260146	-1.753848	-2.977184	-0.022446	0.580566	-0.566406	0.330811	-9.422692	58.358693	-0.486007
00390		3.921126	-10.272504	-1.091548	-1.427964	-2.487511	-0.656846	0.582275	-0.576172	0.316406	-10.431687	56.887005	-0.714498
00391		3.547043	-10.815442	-0.552518	-1.081771	-2.025813	-1.340202	0.577393	-0.555664	0.296631	-11.864310	55.583914	-1.684347
00392		3.027373	-10.689034	0.141626	-0.794729	-1.615630	-2.036088	0.584229	-0.550293	0.282227	-13.646776	54.420613	-3.306951
00393		2.431109	-10.023330	0.898793	-0.667311	-1.243093	-2.712372	0.601074	-0.531982	0.266357	-15.862780	53.318455	-5.566808
00394		1.698013	-9.370556	1.656165	-0.682898	-0.938748	-3.345658	0.610352	-0.514648	0.255615	-18.450540	52.236228	-8.327602
00395		1.006784	-8.920416	2.559791	-0.786667	-0.705721	-3.900229	0.621582	-0.477051	0.261719	-21.406493	51.074071	-11.509458
00396		0.259643	-8.693230	3.546524	-0.929323	-0.522652	-4.391100	0.631592	-0.443848	0.252441	-24.595673	49.812598	-14.957397
00397		-0.609186	-8.756831	4.704477	-1.082682	-0.404249	-4.822417	0.641846	-0.418213	0.247070	-27.977606	48.357657	-18.598177
00398		-1.500957	-8.886782	5.873733	-1.204979	-0.353246	-5.206288	0.642822	-0.369385	0.242676	-31.384735	46.702156	-22.283033
00399		-2.299875	-9.143939	7.047176	-1.251959	-0.367572	-5.516980	0.656006	-0.322754	0.238525	-34.720701	44.774616	-25.925337
00400		-3.187697	-9.391280	8.222583	-1.210026	-0.433166	-5.744505	0.663330	-0.274414	0.225342	-37.805106	42.625453	-29.388035
00401		-4.037813	-9.388103	9.404582	-1.109581	-0.583551	-5.892659	0.672119	-0.217041	0.216064	-40.575918	40.203085	-32.601827
00402		-4.999844	-9.247093	10.469799	-0.988699	-0.796078	-5.976577	0.661377	-0.157715	0.202881	-42.953204	37.580289	-35.488066
00403		-5.694499	-9.193947	11.403413	-0.842423	-1.077232	-5.977178	0.662109	-0.103760	0.189697	-44.933285	34.727721	-38.013797
00404		-6.272438	-8.974442	12.045166	-0.665302	-1.394938	-5.884628	0.638428	-0.042236	0.159180	-46.478508	31.755068	-40.140214
00405		-6.657957	-8.511022	12.491591	-0.541528	-1.745622	-5.711984	0.628418	0.012939	0.135498	-47.664575	28.645097	-41.871242
00406		-6.688604	-8.442603	12.876829	-0.485636	-2.074728	-5.513552	0.591553	0.053955	0.098389	-48.564559	25.498787	-43.241457
00407		-6.881490	-8.960070	13.314407	-0.446996	-2.377146	-5.272518	0.552490	0.099121	0.074463	-49.247406	22.294369	-44.288078
00408		-7.106701	-10.121698	13.921216	-0.418139	-2.656105	-5.027425	0.518799	0.126465	0.055420	-49.753124	19.115051	-45.046587
00409		-7.363154	-11.636468	14.461379	-0.347558	-2.908376	-4.840932	0.474609	0.156250	0.031982	-50.112909	15.887712	-45.577982
00410		-7.898745	-13.596380	15.147789	-0.207193	-3.139370	-4.718292	0.437988	0.189209	0.009766	-50.316935	12.658750	-45.932669
00411		-8.810607	-15.321811	15.697713	-0.034316	-3.330241	-4.676273	0.411865	0.208740	-0.002441	-50.382131	9.347084	-46.173877
00412		-10.240637	-16.657860	15.714219	0.150231	-3.500302	-4.712021	0.377441	0.241455	-0.021484	-50.317351	5.988139	-46.350095
00413		-12.026797	-17.228917	15.076015	0.367317	-3.623385	-4.765108	0.341064	0.251953	-0.041504	-50.116594	2.532309	-46.498171
00414		-14.457043	-16.500132	13.556538	0.591178	-3.685556	-4.762675	0.315430	0.275879	-0.069824	-49.777486	-0.915838	-46.633864
00415		-16.772286	-14.353440	11.135585	0.760449	-3.668016	-4.613553	0.279053	0.297607	-0.090576	-49.335141	-4.316624	-46.745260
00416		-18.304920	-11.331954	8.097504	0.807632	-3.573810	-4.242468	0.244629	0.311768	-0.116943	-48.865956	-7.495177	-46.785341
00417		-18.892119	-7.249099	4.528359	0.680512	-3.395750	-3.676050	0.215820	0.320068	-0.134766	-48.486505	-10.382100	-46.709875
00418		-18.342113	-1.863046	0.936379	0.137387	-3.044563	-3.078855	0.195068	0.337158	-0.145508	-48.434321	-12.859906	-46.567201
00419		-18.007078	1.594080	-1.191199	-0.783119	-2.452826	-2.569038	0.174805	0.349121	-0.152100	-48.903782	-14.908268	-46.476994
00420		-17.814493	2.263577	-2.174240	-1.661129	-1.730256	-2.100699	0.165527	0.360107	-0.151123	-49.845713	-16.467831	-46.505409
00421		-18.801165	0.624440	-1.682309	-2.142648	-0.967787	-1.710341	0.152344	0.382324	-0.136719	-51.013493	-17.586513	-46.706608
00422		-20.190606	-1.766034	-0.510995	-2.073739	-0.276779	-1.409088	0.138184	0.394531	-0.124023	-52.078311	-18.317787	-47.099715
00423		-21.062733	-3.159790	0.415075	-1.528293	0.313779	-1.182217	0.142578	0.401367	-0.112305	-52.768456	-18.749768	-47.680824
00424		-20.680874	-3.556706	1.198488	-0.738804	0.811624	-0.958244	0.128174	0.406250	-0.109131	-52.951467	-18.907007	-48.418565
00425		-11.289312	-1.958763	-0.738366	0.145687	1.489393	-0.129408	0.131348	0.415527	-0.101563	-52.624191	-18.449100	-49.178329
00426		-20.096149	1.650085	-0.984318	1.191407	3.441196	1.390988	0.162598	0.401367	-0.096680	-51.603563	-16.609650	-50.292792
00427		-1.098563	-0.433554	3.761506	1.552827	3.146565	1.482849	0.182129	0.395752	-0.099854	-50.470872	-14.810767	-51.189127
00428		3.174963	-3.886997	10.452878	1.121685	3.004557	1.765099	0.203613	0.381592	-0.093262	-49.661225	-12.930780	-51.876055
00429		0.622398	-4.528317	10.274853	0.369086	2.671292	2.058973	0.229980	0.367188	-0.077881	-49.365035	-11.035353	-52.278723
00430		-2.498226	-0.470393	11.319525	0.070525	2.804054	2.283565	0.269775	0.355957	-0.081299	-49.258596	-8.996400	-52.645647
00431		-4.508993	-1.686868	12.871409	-0.260817	3.131596	2.397617	0.282227	0.355469	-0.051025	-49.341498	-6.779880	-53.110822
00432		-6.493824	-5.755166	18.103688	-0.492881	2.975216	2.667792	0.310791	0.336182	-0.028076	-49.592241	-4.510865	-53.410588
00433		-6.971532	-5.801470	18.523862	-0.483744	2.630047	3.020124	0.337891	0.320313	-0.015381	-49.862770	-2.209839	-53.438485
00434		-6.755152	-12.109508	14.704785	-0.648298	2.151545	3.001446	0.366943	0.294189	-0.006348	-50.235350	-0.100469	-53.275299
00435		-4.819846	-14.642287	11.283425	-0.310796	1.789131	2.795639	0.383789	0.287354	0.013184	-50.403125	1.795214	-53.038117
00436		-4.216735	-15.702442	7.545448	-0.100625	1.761382	2.438407	0.413574	0.275635	0.025635	-50.453203	3.514544	-52.921989
00437		-4.096701	-16.550520	5.893393	0.270152	1.839617	1.926883	0.418945	0.247559	0.038574	-50.300107	5.046219	-53.026434
00438		-5.326925	-20.795426	11.894025	1.195735	1.985655	1.336515	0.435791	0.240723	0.050293	-49.650216	6.363758	-53.403117
00439		-8.587334	-11.281306	9.167356	1.964406	1.213416	0.653300	0.437744	0.231689	0.038086	-48.552778	7.111321	-53.681723
00440		-1.847934	-4.695533	8.808129	1.512406	0.858424	0.450245	0.447510	0.228027	0.041748	-47.708631	7.631035	-53.873502
00441		-2.801948	-8.636876	6.698864	1.334414	0.767528	0.417191	0.439697	0.222168	0.029053	-46.961054	8.114762	-54.032612
00442		-3.044967	-7.334899	7.792112	1.117536	0.565119	0.282734	0.451416	0.223877	0.032715	-46.336078	8.454071	-54.154257
00443		-2.224144	-6.185147	8.310823	0.797617	0.422440	0.191142	0.449463	0.214355	0.031006	-45.888742	8.710619	-54.250085
00444		-2.393367	-7.329246	7.175270	0.570033	0.310043	0.134463	0.451660	0.207031	0.029541	-45.570706	8.888968	-54.320484
00445		-1.923519	-7.125197	6.913820	0.469320	0.256920	0.079652	0.459961	0.206299	0.026123	-45.307970	9.034361	-54.390431
00446		-1.910541	-7.001619	6.961215	0.400052	0.222065	0.072745	0.460205	0.208740	0.025146	-45.085690	9.152739	-54.448219
00447		-1.803715	-6.976866	6.816469	0.372392	0.191172	0.072045	0.455322	0.209229	0.027100	-44.874920	9.268664	-54.493260
00448		-1.830013	-6.798384	6.953064	0.356043	0.183333	0.087223	0.458740	0.202148	0.027100	-44.674414	9.377547	-54.528393
00449		-1.980032	-6.892097	6.951888	0.344288	0.171243	0.082908	0.453857	0.203125	0.030273	-44.477836	9.489705	-54.560083
00450		-1.963774	-6.624219	7.158663	0.294451	0.144605	0.074809	0.459717	0.203369	0.026123	-44.310876	9.577985	-54.583917
00451		-1.851831	-6.507335	7.195646	0.255265	0.132456	0.062884	0.458984	0.201172	0.019531	-44.164136	9.666119	-54.607617
00452		-1.910627	-6.502890	7.235333	0.225375	0.116390	0.064966	0.462891	0.204102	0.021729	-44.035515	9.738985	-54.623698
00453		-1.908629	-6.591704	7.079927	0.205330	0.102460	0.061148	0.460205	0.211182	0.022461	-43.915458	9.813866	-54.635653
00454		-1.832486	-6.597976	7.005668	0.202649	0.103163	0.064614	0.462646	0.200928	0.022949	-43.798960	9.881194	-54.646246
00455		-1.909241	-6.465443	7.101195	0.200243	0.102880	0.072024	0.454590	0.194092	0.023926	-43.681096	9.960310	-54.653527
00456		-1.803924	-6.656806	6.869883	0.225125	0.101427	0.088384	0.465332	0.201416	0.022705	-43.549838	10.036356	-54.653126
00457		-1.881672	-6.697094	6.945027	0.258707	0.095074	0.101260	0.463135	0.199463	0.021973	-43.395793	10.123490	-54.644602
00458		-1.988623	-6.677669	7.046435	0.262649	0.085722	0.111653	0.468506	0.198242	0.023193	-43.240119	10.202133	-54.627674
00459		-2.018827	-6.551477	7.085985	0.267016	0.068375	0.115467	0.468018	0.188721	0.020752	-43.078331	10.283353	-54.602038
00460		-2.143853	-6.191956	7.526452	0.207422	0.055205	0.097136	0.458740	0.188721	0.016357	-42.953115	10.343447	-54.578737
00461		-1.953221	-6.514504	7.059802	0.173542	0.038261	0.084670	0.461182	0.186523	0.013916	-42.844973	10.399660	-54.553948
00462		-1.969493	-6.600703	7.006419	0.184949	0.035671	0.082541	0.468506	0.189453	0.017334	-42.732274	10.445770	-54.528908
00463		-2.019086	-6.548613	7.076520	0.190566	0.031203	0.079840	0.458496	0.187988	0.009766	-42.614241	10.496779	-54.503198
00464		-2.051625	-6.552127	7.101851	0.184711	0.018521	0.067711	0.472900	0.183105	0.012939	-42.501533	10.529804	-54.477568
00465		-2.015080	-6.574883	7.055757	0.195175	0.010837	0.063015	0.469727	0.187744	0.012939	-42.380718	10.565358	-54.450900
00466		-2.029006	-6.529756	7.134752	0.199836	0.007765	0.060922	0.471680	0.185547	0.007324	-42.259050	10.591103	-54.423830
00467		-2.004343	-6.549202	7.069298	0.214838	0.002013	0.069814	0.468750	0.182861	0.006104	-42.125814	10.625181	-54.390643
00468		-2.032337	-6.472904	7.161375	0.222249	0.001265	0.069062	0.472168	0.185303	0.007813	-41.990135	10.651163	-54.357386
00469		-2.062821	-6.473433	7.189662	0.225971	-0.007119	0.075657	0.461914	0.188965	0.008789	-41.849401	10.683205	-54.317973
00470		-2.082096	-6.399654	7.248300	0.216315	-0.022780	0.067990	0.466797	0.186279	0.003174	-41.715421	10.698347	-54.275708
00471		-2.056913	-6.392297	7.215983	0.203520	-0.022117	0.058326	0.463379	0.172852	0.010498	-41.587871	10.716983	-54.237909
00472		-2.071378	-6.374853	7.208150	0.189271	-0.022291	0.051661	0.467773	0.173584	-0.000488	-41.470712	10.725948	-54.202890
00473		-2.047743	-6.364823	7.261934	0.176222	-0.024796	0.048374	0.467285	0.184326	0.006348	-41.359443	10.739310	-54.168359
00474		-2.053907	-6.352775	7.219278	0.175625	-0.022908	0.040405	0.470459	0.175537	-0.009033	-41.250958	10.743618	-54.137995
00475		-2.054794	-6.339492	7.230692	0.167724	-0.027715	0.045199	0.466797	0.179443	0.002197	-41.144640	10.754204	-54.103709
00476		-2.024220	-6.306878	7.282203	0.166675	-0.032748	0.042631	0.467773	0.180176	-0.005615	-41.040387	10.754990	-54.068578
00477		-2.078603	-6.253080	7.329575	0.155827	-0.030484	0.040109	0.463135	0.177246	-0.010010	-40.941142	10.762161	-54.035458
00478		-2.029286	-6.333710	7.272477	0.145424	-0.029862	0.034259	0.470215	0.174072	-0.001953	-40.849954	10.760938	-54.005116
00479		-2.055804	-6.290879	7.272741	0.146851	-0.035665	0.039388	0.468262	0.170166	-0.000732	-40.755579	10.765313	-53.970338
00480		-1.971941	-6.273580	7.318140	0.138581	-0.038854	0.047569	0.463135	0.168945	-0.006836	-40.666573	10.765064	-53.930696
00481		-2.056229	-6.268452	7.291960	0.137450	-0.041295	0.058412	0.463379	0.169189	-0.007080	-40.575648	10.773808	-53.885363
00482		-2.015508	-6.297099	7.244118	0.132805	-0.045417	0.061244	0.464111	0.177979	-0.001221	-40.488347	10.775671	-53.837171
00483		-2.022124	-6.309474	7.255317	0.139708	-0.055035	0.071084	0.465332	0.166016	-0.009521	-40.394141	10.782837	-53.781006
00484		-1.994952	-6.356960	7.243397	0.143313	-0.060646	0.079923	0.471924	0.174561	-0.008789	-40.298180	10.784824	-53.718753
00485		-1.969513	-6.327322	7.239525	0.144697	-0.072998	0.093227	0.478027	0.168945	-0.014893	-40.198050	10.791989	-53.645957
00486		-1.993703	-6.225276	7.357785	0.135769	-0.080213	0.108978	0.471924	0.173096	-0.014648	-40.102595	10.795932	-53.563382
00487		-2.008405	-6.184155	7.378066	0.111979	-0.086435	0.118865	0.472412	0.167969	-0.008545	-40.018146	10.806271	-53.474088
00488		-1.963706	-6.021558	7.570513	0.061517	-0.071457	0.125349	0.476807	0.163574	-0.008789	-39.964447	10.819861	-53.387463
00489		-1.981383	-6.149752	7.428616	0.017658	-0.069086	0.136881	0.473389	0.163086	-0.016602	-39.933694	10.844132	-53.296588
00490		-1.929506	-6.321610	7.323262	-0.008558	-0.065343	0.166771	0.470459	0.160645	-0.009766	-39.917010	10.875542	-53.193690
00491		-1.932752	-6.261165	7.440503	-0.039674	-0.055563	0.200764	0.474854	0.164307	-0.006592	-39.914569	10.929044	-53.079253
00492		-1.964701	-6.248677	7.537411	-0.099256	-0.026253	0.235531	0.469238	0.162598	-0.011475	-39.946590	11.002925	-52.960193
00493		-1.986121	-6.227992	7.507025	-0.158194	0.009202	0.268758	0.481445	0.161377	-0.015625	-40.010592	11.109868	-52.839619
00494		-1.961544	-6.219515	7.554745	-0.235685	0.044219	0.310490	0.471924	0.157471	-0.013672	-40.119011	11.242568	-52.713638
00495		-1.850562	-6.321419	7.558643	-0.320693	0.083560	0.357618	0.472168	0.156250	-0.006592	-40.273327	11.415222	-52.581716
00496		-1.424032	-6.105497	7.707680	-0.417444	0.180412	0.423174	0.484375	0.152100	-0.011475	-40.485516	11.649868	-52.457722
00497		-1.042521	-5.742093	7.806624	-0.562970	0.176205	0.561427	0.500488	0.145996	0.001465	-40.766498	11.939602	-52.271618
00498		-1.672176	-6.048602	7.711690	-0.665896	0.233764	0.698183	0.489990	0.142334	0.010498	-41.098962	12.301739	-52.048411
00499		-1.627607	-6.311205	7.481867	-0.747213	0.311058	0.777842	0.493408	0.151611	0.009033	-41.474355	12.733165	-51.821924
00500		-1.240903	-6.423633	7.482086	-0.831959	0.413401	0.888379	0.504639	0.137451	0.004639	-41.896610	13.247474	-51.589590
00501		-1.204751	-6.570763	7.354958	-0.844186	0.579812	1.039697	0.505615	0.133057	0.025635	-42.322784	13.896602	-51.360148
00502		-1.335475	-7.133319	7.090295	-0.798773	0.794686	1.196938	0.521484	0.120117	0.040283	-42.726918	14.694669	-51.152249
00503		-1.266055	-7.480034	6.894014	-0.650084	1.076447	1.380957	0.523438	0.112061	0.045898	-43.051275	15.687997	-50.982431
00504		-1.394833	-7.418980	7.041745	-0.463396	1.351378	1.601106	0.532227	0.106934	0.064697	-43.272729	16.879323	-50.833145
00505		-1.517501	-7.438681	7.237982	-0.265531	1.679803	1.830703	0.549072	0.085693	0.070313	-43.387624	18.301805	-50.721391
00506		-1.837557	-7.766793	7.111042	-0.007562	1.985889	2.129302	0.552979	0.067139	0.086670	-43.351824	19.965739	-50.605676
00507		-2.023253	-7.951801	6.764561	0.242140	2.241898	2.442481	0.572754	0.047363	0.103760	-43.155046	21.862438	-50.452492
00508		-2.491319	-8.139831	6.613028	0.513280	2.464112	2.805436	0.579834	0.028320	0.127441	-42.766519	23.990079	-50.215838
00509		-2.625799	-7.881216	6.545853	0.761188	2.679774	3.212117	0.602051	-0.001221	0.144775	-42.174496	26.367059	-49.856911
00510		-2.879901	-7.710793	6.867846	0.988248	2.887003	3.663084	0.613037	-0.031006	0.173096	-41.360748	28.997753	-49.329211
00511		-3.395246	-7.923631	7.153809	1.174653	3.153443	4.142050	0.633789	-0.069580	0.185791	-40.321282	31.917879	-48.612532
00512		-4.363991	-9.219026	8.316814	1.350517	3.404187	4.592255	0.637451	-0.102051	0.223389	-39.026044	35.097744	-47.672710
00513		-7.215121	-9.081550	9.977123	1.475966	3.751853	4.996579	0.644287	-0.149658	0.256836	-37.487595	38.558970	-46.522372
00514		-11.321402	-9.861801	11.392810	1.312410	4.013856	5.196251	0.657471	-0.203857	0.277832	-35.867597	42.180501	-45.186733
00515		-13.029302	-10.095196	12.865563	1.014307	4.236825	5.210246	0.663086	-0.249756	0.325195	-34.265773	45.882673	-43.722986
00516		-10.666195	-10.574401	10.721236	0.635237	4.384863	5.188600	0.655273	-0.294434	0.370361	-32.690889	49.616789	-42.091163
00517		-9.836773	-12.566312	13.055168	0.273223	4.521959	5.053077	0.651367	-0.340088	0.406494	-31.161118	53.346389	-40.339996
00518		-7.839480	-12.574222	13.018332	0.231567	4.625127	4.938583	0.638916	-0.387695	0.445801	-29.428384	57.060562	-38.395346
00519		-5.251157	-11.082521	11.612401	0.272054	4.652371	4.852068	0.630371	-0.428955	0.490479	-27.310044	60.725111	-36.106736
00520		-3.206467	-7.808120	9.450026	0.080283	4.690635	4.956499	0.613281	-0.468750	0.533447	-24.602575	64.383606	-33.111894
00521		-2.095071	-7.900346	9.555169	-0.166942	4.698960	5.079130	0.593750	-0.518311	0.573486	-20.973603	67.990663	-29.044584
00522		-3.926417	-9.843846	11.341293	-0.552644	4.187157	4.868236	0.569336	-0.556152	0.600586	-16.233556	71.155080	-23.653348
00523		-3.600147	-7.222184	12.806924	-0.736972	3.060576	4.503466	0.539307	-0.604736	0.627930	-10.022733	73.446679	-16.693997
00524		-12.777118	-13.885898	23.392732	-1.729925	0.061166	3.639467	0.536377	-0.647461	0.620850	-3.985074	73.733251	-9.369681
00525		-7.000509	-21.160629	18.772377	-2.454662	-1.879370	1.996666	0.541748	-0.662842	0.599121	-1.440676	72.702597	-5.243881
00526		-2.728579	-20.013340	13.153968	-2.167668	-3.221909	0.748804	0.553467	-0.685547	0.556641	-1.239369	70.863718	-3.726838
00527		0.326556	-16.516988	7.324389	-1.617890	-3.814953	-0.221327	0.567871	-0.697021	0.522949	-2.342544	68.664479	-3.913146
00528		1.640996	-13.280517	3.939863	-1.169038	-3.978481	-1.005376	0.588379	-0.691162	0.487061	-4.085310	66.352961	-5.076470
00529		1.966806	-10.812944	2.017864	-0.906690	-3.836293	-1.609874	0.606934	-0.685059	0.453125	-6.187024	64.069183	-6.815633
00530		2.201020	-9.636010	0.731815	-0.724123	-3.497749	-2.044752	0.631836	-0.670166	0.413818	-8.377317	61.929451	-8.810241
00531		2.334730	-8.726590	0.018683	-0.490104	-3.096176	-2.305802	0.643555	-0.657715	0.379150	-10.497735	59.949793	-10.909633
00532		2.307451	-7.353413	-0.018441	-0.367985	-2.685673	-2.488415	0.657715	-0.630127	0.353760	-12.520059	58.154367	-13.024033
00533		1.794942	-6.816795	0.736302	-0.397085	-2.348244	-2.643637	0.685303	-0.606934	0.329834	-14.567947	56.477620	-15.180498
00534		1.165241	-6.998577	2.090741	-0.538895	-2.105065	-2.783015	0.695801	-0.577881	0.299561	-16.644915	54.884106	-17.323753
00535		0.554631	-7.325056	3.437215	-0.764990	-1.966297	-2.974760	0.713379	-0.556396	0.280518	-18.864513	53.276311	-19.515920
00536		0.358451	-7.541210	4.581016	-1.006315	-1.932038	-3.223699	0.709961	-0.518311	0.251221	-21.198595	51.600944	-21.735381
00537		0.045984	-7.847320	5.613214	-1.204582	-1.951092	-3.472906	0.726563	-0.481201	0.233154	-23.628401	49.792274	-23.975102
00538		-0.578445	-7.980165	6.827978	-1.366663	-2.004562	-3.701705	0.733887	-0.439453	0.204834	-26.054658	47.856571	-26.160554
00539		-1.226686	-8.095424	7.958098	-1.489454	-2.114967	-3.901003	0.731934	-0.403564	0.181152	-28.444417	45.737833	-28.258816
00540		-1.734054	-8.054640	8.936215	-1.593350	-2.265727	-4.071113	0.730713	-0.354736	0.160400	-30.720384	43.455247	-30.202589
00541		-2.140326	-7.780563	9.637489	-1.682267	-2.437103	-4.205989	0.737549	-0.328125	0.139893	-32.884237	40.979128	-31.978119
00542		-2.532065	-7.420431	10.236715	-1.783811	-2.610995	-4.297799	0.726563	-0.274170	0.110596	-34.904824	38.362377	-33.544951
00543		-2.955514	-7.450783	10.893913	-1.881834	-2.765455	-4.359080	0.728027	-0.242676	0.096924	-36.815829	35.594661	-34.918355
00544		-3.527059	-7.685085	11.480722	-1.941816	-2.926800	-4.391130	0.721924	-0.208740	0.070068	-38.579163	32.727896	-36.080333
00545		-3.833151	-8.114953	11.949058	-1.930104	-3.073018	-4.409401	0.719482	-0.174316	0.053223	-40.197609	29.742773	-37.056922
00546		-4.087683	-8.688912	12.404747	-1.853057	-3.193645	-4.412110	0.734863	-0.125977	0.025146	-41.637477	26.703172	-37.860349
00547		-4.404224	-9.381249	13.031403	-1.755247	-3.290415	-4.405925	0.738281	-0.097412	0.003662	-42.929288	23.588452	-38.520656
00548		-4.811163	-10.077954	13.625743	-1.688207	-3.382544	-4.412571	0.740234	-0.052734	-0.020996	-44.094942	20.441267	-39.054894
00549		-5.156586	-11.034680	14.249561	-1.648703	-3.468487	-4.426405	0.750732	0.001465	-0.048096	-45.182855	17.223611	-39.483529
00550		-5.691334	-12.609173	15.072718	-1.634899	-3.559146	-4.482300	0.758789	0.051514	-0.083008	-46.209899	13.960581	-39.826641
00551		-6.638018	-14.687568	15.968574	-1.636075	-3.653471	-4.641174	0.771973	0.101563	-0.102295	-47.215983	10.568286	-40.129625
00552		-7.989328	-16.881261	16.054660	-1.576478	-3.718292	-4.917834	0.785645	0.179688	-0.154297	-48.166509	7.049806	-40.450646
00553		-9.561323	-17.503873	15.771437	-1.412077	-3.618337	-5.300845	0.780273	0.262207	-0.212646	-49.020424	3.380163	-40.902049
00554		-12.576900	-17.145962	15.470928	-1.243694	-3.402322	-5.667222	0.755127	0.366455	-0.263184	-49.747716	-0.354270	-41.532297
00555		-16.813875	-15.360896	14.931824	-1.029155	-3.120175	-5.884440	0.720215	0.463379	-0.316650	-50.309680	-4.105192	-42.323668
00556		-21.783493	-12.557926	14.191036	-0.874690	-2.799695	-5.913507	0.663818	0.554443	-0.364990	-50.714094	-7.740692	-43.241135
00557		-25.623758	-9.560420	12.226738	-0.716886	-2.471468	-5.720686	0.585205	0.656982	-0.407227	-50.965574	-11.191390	-44.220886
00558		-27.259183	-6.235809	8.749286	-0.501984	-2.093022	-5.307737	0.509766	0.744629	-0.422852	-51.029676	-14.309964	-45.223579
00559		-27.123166	-2.773931	4.020599	-0.189845	-1.647630	-4.716864	0.419678	0.804443	-0.450928	-50.868831	-17.013520	-46.224863
00560		-28.026691	0.432425	0.311525	0.076359	-0.998403	-3.983952	0.346924	0.841553	-0.466064	-50.496452	-19.142478	-47.276570
00561		-29.108412	3.281009	-2.256167	0.264484	-0.415673	-3.058457	0.296631	0.882568	-0.478271	-50.007841	-20.647462	-48.267788
00562		-29.339099	6.496688	-2.448220	0.032553	0.197662	-2.120715	0.250977	0.912598	-0.470459	-49.653074	-21.503460	-49.196322
00563		-29.776715	6.113976	-0.652376	-0.579767	0.765467	-1.398223	0.244873	0.939697	-0.471924	-49.648426	-21.831018	-50.108605
00564		-18.047258	5.005701	-2.573905	-0.997740	1.342966	-0.383347	0.237549	0.975586	-0.457520	-49.929662	-21.502524	-50.889278
00565		-23.665841	-0.790438	-2.880460	-0.042771	4.110498	1.247262	0.281982	1.000977	-0.438232	-49.457835	-19.431456	-52.307710
00566		-1.616947	-0.780967	4.512937	1.130572	3.596225	1.221595	0.321533	1.017822	-0.437988	-48.443100	-17.551016	-53.457372
00567		12.106414	0.590059	9.319020	0.165085	3.495876	1.725804	0.369385	1.038330	-0.428467	-48.101757	-15.475426	-54.325229
00568		-2.560843	-3.489337	11.928470	-0.799093	3.234135	2.407942	0.426270	1.066650	-0.408203	-48.439637	-13.213042	-54.800734
00569		-8.719905	-3.920057	16.844207	-0.595342	3.196875	2.488746	0.487305	1.091553	-0.393799	-48.688715	-10.927916	-55.235780
00570		-6.322838	-4.006516	17.992311	-0.655660	3.061077	2.599083	0.548828	1.100586	-0.375732	-49.004123	-8.653072	-55.577425
00571		-6.216177	-7.667602	17.990061	-0.624758	2.841865	3.082344	0.623047	1.115479	-0.350830	-49.349626	-6.246512	-55.652217
00572		-6.458047	-9.856272	15.210469	-0.577653	2.672273	3.267619	0.689209	1.127441	-0.338623	-49.683281	-3.829055	-55.597161
00573		-5.676096	-15.491093	12.457214	-0.780675	2.364497	2.804686	0.745117	1.134766	-0.309814	-50.126676	-1.720104	-55.595257
00574		-3.483035	-12.304911	8.882681	-0.489466	2.110558	2.508076	0.808594	1.135010	-0.294189	-50.404842	0.157471	-55.602712
00575		-3.137567	-11.494558	7.555606	-0.372743	2.105112	2.384337	0.870605	1.129639	-0.277100	-50.615600	1.986792	-55.661378
00576		-4.300834	-14.624159	7.942489	-0.061059	2.105643	2.140682	0.917236	1.124023	-0.251709	-50.655882	3.699752	-55.812470
00577		-5.388022	-18.699394	9.752389	0.512697	2.086434	1.657571	0.958252	1.113770	-0.246582	-50.383186	5.201351	-56.128771
00578		-10.215212	-19.685655	11.335310	2.073277	1.660460	0.792448	0.971680	1.099854	-0.257080	-49.235817	6.161589	-56.560731
00579		-2.367565	-4.664311	9.992700	1.644709	1.033645	0.415067	0.984131	1.098145	-0.266846	-48.323111	6.740052	-56.847837
00580		-3.283476	-7.373185	8.700438	1.191252	0.798926	0.412591	0.995850	1.086182	-0.276611	-47.660169	7.221383	-57.027208
00581		-2.659010	-8.400446	6.603318	0.940855	0.554844	0.257380	1.003418	1.086914	-0.284424	-47.134971	7.554542	-57.159035
00582		-2.098528	-6.609557	7.869036	0.772836	0.469709	0.185665	1.007813	1.080078	-0.291016	-46.706165	7.815317	-57.280166
00583		-2.149493	-7.224099	7.267304	0.551970	0.342963	0.143605	1.012207	1.079834	-0.294434	-46.398333	8.019636	-57.363610
00584		-1.841457	-7.182247	6.862546	0.437713	0.299908	0.089963	1.019043	1.069336	-0.288574	-46.157392	8.174872	-57.449163
00585		-1.774149	-6.853511	7.099029	0.353345	0.277099	0.074559	1.024902	1.067139	-0.290771	-45.963657	8.325228	-57.531269
00586		-1.613580	-7.072735	6.633096	0.302721	0.247261	0.064615	1.019531	1.071533	-0.291016	-45.798638	8.449621	-57.604126
00587		-1.704428	-6.894348	6.825368	0.300952	0.256682	0.067065	1.018311	1.069824	-0.296143	-45.634395	8.589173	-57.679999
00588		-1.804145	-6.786604	6.926230	0.283016	0.244876	0.061169	1.029297	1.064697	-0.293457	-45.480959	8.711604	-57.752607
00589		-1.618492	-6.920089	6.661294	0.335026	0.219360	0.094378	1.025879	1.062256	-0.301025	-45.293383	8.847666	-57.801252
00590		-1.786220	-6.702229	7.100643	0.326002	0.198034	0.118912	1.035156	1.052979	-0.303955	-45.108892	8.975107	-57.830265
00591		-1.816285	-6.825168	7.048918	0.276623	0.175384	0.114210	1.032715	1.046875	-0.299316	-44.950761	9.101639	-57.851964
00592		-1.812805	-6.807604	6.908845	0.239952	0.153672	0.104234	1.043945	1.057129	-0.307617	-44.813652	9.205294	-57.868145
00593		-1.704231	-6.588477	6.929757	0.250984	0.139686	0.115039	1.036865	1.049316	-0.310547	-44.667788	9.317693	-57.874329
00594		-1.769069	-6.560955	7.056091	0.247707	0.143416	0.128014	1.050049	1.037842	-0.314941	-44.523931	9.426807	-57.875980
00595		-1.829149	-6.633100	7.026815	0.230835	0.125691	0.136745	1.052979	1.043213	-0.303711	-44.387090	9.542161	-57.866950
00596		-1.939198	-6.796801	6.987335	0.195438	0.104364	0.139980	1.050781	1.040039	-0.311768	-44.269630	9.640067	-57.847255
00597		-1.868184	-6.921667	6.849869	0.184104	0.084236	0.138297	1.054688	1.041504	-0.314697	-44.156498	9.738934	-57.820312
00598		-1.944463	-6.795224	6.963822	0.177832	0.060994	0.134724	1.056885	1.037598	-0.315430	-44.046386	9.816822	-57.784859
00599		-1.968491	-6.728715	6.986394	0.166182	0.044081	0.123939	1.059814	1.035889	-0.314453	-43.941650	9.893276	-57.747340
00600		-1.974246	-6.691171	6.996378	0.156036	0.028073	0.110226	1.052246	1.037354	-0.324951	-43.843369	9.947711	-57.708577
00601		-2.007936	-6.649056	7.050670	0.129852	0.021065	0.096707	1.058594	1.038330	-0.324463	-43.759693	10.003687	-57.672979
00602		-1.936763	-6.678924	7.010576	0.121790	0.011475	0.090103	1.065430	1.033936	-0.319336	-43.681246	10.043166	-57.635825
00603		-1.895592	-6.678741	6.906926	0.129808	-0.001722	0.090559	1.067139	1.025391	-0.327637	-43.596352	10.087124	-57.593518
00604		-1.855547	-6.651217	6.892439	0.163605	-0.011103	0.110788	1.075439	1.023438	-0.332764	-43.490750	10.125278	-57.538452
00605		-1.895128	-6.630038	6.895675	0.199591	-0.024209	0.133795	1.074707	1.024902	-0.334229	-43.360980	10.176698	-57.468725
00606		-1.861060	-6.620626	6.886852	0.245359	-0.035762	0.154890	1.065918	1.021729	-0.333740	-43.203363	10.221642	-57.384935
00607		-1.877948	-6.596969	6.938358	0.282474	-0.047717	0.174776	1.067871	1.015869	-0.345215	-43.021170	10.278845	-57.288175
00608		-1.924245	-6.590024	6.950433	0.320065	-0.048427	0.192953	1.076416	1.008057	-0.350098	-42.816736	10.332802	-57.182813
00609		-1.993745	-6.599124	7.031847	0.346249	-0.051432	0.197150	1.068359	1.014404	-0.349121	-42.595745	10.396403	-57.074626
00610		-2.042856	-6.511005	7.111816	0.347997	-0.056949	0.186099	1.077881	1.007813	-0.360596	-42.374946	10.443321	-56.968405
00611		-2.007861	-6.440823	7.143712	0.360634	-0.060734	0.178740	1.087646	1.000488	-0.372314	-42.146193	10.495014	-56.864044
00612		-2.039964	-6.351702	7.299325	0.357691	-0.056465	0.175528	1.083008	0.997314	-0.372314	-41.920460	10.537257	-56.762182
00613		-2.192830	-6.212501	7.469182	0.294362	-0.063345	0.150697	1.085205	0.990479	-0.374512	-41.731454	10.576301	-56.668625
00614		-2.044013	-6.478351	7.322927	0.254191	-0.084539	0.132941	1.084961	0.991699	-0.376221	-41.566257	10.589636	-56.574128
00615		-2.042591	-6.385402	7.315424	0.213471	-0.086186	0.124574	1.092529	0.987549	-0.373779	-41.423912	10.608402	-56.482961
00616		-2.030353	-6.347905	7.295502	0.184192	-0.085916	0.122681	1.091553	0.983154	-0.389648	-41.299489	10.616794	-56.392347
00617		-2.054412	-6.378493	7.289577	0.170713	-0.083171	0.123452	1.091064	0.979248	-0.393311	-41.181860	10.635996	-56.302775
00618		-2.007460	-6.299791	7.306932	0.145434	-0.086476	0.114165	1.099609	0.975342	-0.395264	-41.080247	10.640579	-56.215643
00619		-2.001930	-6.312490	7.339913	0.137219	-0.080151	0.118913	1.090332	0.974365	-0.400146	-40.982319	10.659016	-56.129174
00620		-2.077191	-6.283647	7.364577	0.116224	-0.078484	0.114187	1.093506	0.971680	-0.400879	-40.897965	10.666781	-56.045065
00621		-2.042138	-6.207475	7.356746	0.094084	-0.070683	0.106999	1.092773	0.973877	-0.401367	-40.826316	10.684565	-55.967420
00622		-2.043420	-6.198988	7.363542	0.079536	-0.067516	0.098340	1.098145	0.975098	-0.402100	-40.765014	10.690946	-55.894457
00623		-2.076498	-6.155581	7.446253	0.055309	-0.051992	0.077964	1.104004	0.971680	-0.403809	-40.719211	10.705791	-55.836722
00624		-2.001522	-6.225600	7.316549	0.035762	-0.040974	0.068212	1.094238	0.975098	-0.406738	-40.687310	10.712328	-55.787156
00625		-1.986893	-6.300479	7.331982	0.017777	-0.025500	0.067715	1.103027	0.972900	-0.399414	-40.665669	10.734756	-55.744007
00626		-1.993578	-6.300097	7.279049	0.015905	-0.017028	0.075879	1.102783	0.966064	-0.415771	-40.646177	10.754523	-55.700135
00627		-1.994221	-6.295072	7.334637	0.014828	-0.003385	0.086522	1.109375	0.966064	-0.411133	-40.626197	10.793509	-55.657041
00628		-2.096495	-6.241875	7.394568	0.005055	0.001126	0.084245	1.102051	0.971680	-0.417236	-40.613468	10.824266	-55.616337
00629		-2.022409	-6.391850	7.253209	0.000923	0.005633	0.087716	1.103027	0.966553	-0.407715	-40.601930	10.867561	-55.576108
00630		-2.011558	-6.288887	7.335208	-0.002739	0.008341	0.099145	1.100586	0.972656	-0.413086	-40.592877	10.906997	-55.531520
00631		-1.992114	-6.396978	7.282447	-0.013498	0.011888	0.125214	1.116455	0.966797	-0.415039	-40.586838	10.966937	-55.477021
00632		-2.007673	-6.419315	7.282296	-0.024508	0.018201	0.153389	1.112305	0.964600	-0.414063	-40.586295	11.030874	-55.412109
00633		-2.021905	-6.518879	7.272942	-0.046176	0.019888	0.187161	1.104248	0.958496	-0.415527	-40.594167	11.117337	-55.333154
00634		-1.999027	-6.502608	7.276171	-0.074658	0.031489	0.224860	1.116699	0.955322	-0.406006	-40.617012	11.213727	-55.241588
00635		-1.830965	-6.210245	7.496735	-0.127101	0.026828	0.275420	1.123291	0.962402	-0.406982	-40.663866	11.336153	-55.126153
00636		-1.554936	-6.339104	7.502975	-0.214846	0.010448	0.372047	1.122314	0.947510	-0.403320	-40.752188	11.478568	-54.961449
00637		-1.892828	-6.404185	7.431864	-0.313640	0.042869	0.462766	1.127441	0.943359	-0.401611	-40.889888	11.678346	-54.769447
00638		-1.869589	-6.312823	7.356658	-0.408043	0.064714	0.519505	1.141846	0.940186	-0.396484	-41.078870	11.900420	-54.560900
00639		-1.737154	-6.223211	7.465326	-0.495829	0.103436	0.582344	1.142334	0.941162	-0.388672	-41.313468	12.172560	-54.340489
00640		-1.648836	-6.287977	7.432698	-0.556768	0.177741	0.661223	1.158447	0.931152	-0.376465	-41.582088	12.498568	-54.114941
00641		-1.457360	-6.362546	7.441656	-0.635717	0.264659	0.747661	1.169434	0.927002	-0.374023	-41.892595	12.904564	-53.887071
00642		-1.174543	-6.728390	7.376304	-0.639618	0.443269	0.842907	1.180420	0.913086	-0.358398	-42.211913	13.415568	-53.689602
00643		-1.300844	-6.679172	7.296981	-0.569097	0.700438	0.970950	1.194336	0.910645	-0.342285	-42.498953	14.094385	-53.540971
00644		-1.291825	-6.849953	7.208337	-0.558082	0.902217	1.114547	1.211426	0.899170	-0.320557	-42.784608	14.906205	-53.413540
00645		-1.334525	-6.958336	7.251674	-0.487475	1.150198	1.291476	1.236328	0.887451	-0.311768	-43.033491	15.899863	-53.312919
00646		-1.283697	-7.076097	7.228474	-0.382438	1.437704	1.502483	1.251221	0.868164	-0.278320	-43.230024	17.088575	-53.241089
00647		-1.428493	-7.751870	7.237558	-0.183186	1.779624	1.776009	1.285400	0.846436	-0.251465	-43.316622	18.535341	-53.193051
00648		-1.528229	-8.125962	6.847911	0.075806	2.106831	2.110642	1.326904	0.819824	-0.228027	-43.251089	20.242224	-53.133127
00649		-1.792832	-8.108730	7.003187	0.328300	2.386629	2.473709	1.367676	0.768311	-0.196045	-43.019397	22.215536	-53.022432
00650		-2.057883	-8.102403	6.896956	0.544866	2.650660	2.869771	1.399658	0.725830	-0.162109	-42.628433	24.446099	-52.829208
00651		-2.433937	-8.361685	6.759422	0.757951	2.908334	3.348044	1.443115	0.684570	-0.125977	-42.046531	26.975624	-52.496721
00652		-2.941542	-8.471973	7.137242	0.986518	3.202299	3.908995	1.493164	0.615723	-0.077881	-41.230951	29.833886	-51.975494
00653		-3.908696	-8.527925	8.060938	1.146592	3.548556	4.469616	1.534180	0.541748	-0.037598	-40.192243	33.050552	-51.250130
00654		-6.902945	-9.459213	10.020390	1.206697	3.897811	4.892359	1.588135	0.453613	0.024414	-38.983338	36.556778	-50.348108
00655		-10.915913	-10.130298	11.613736	0.966035	4.114166	5.087472	1.625732	0.360840	0.098877	-37.772368	40.218929	-49.295005
00656		-13.097986	-10.890798	12.816334	0.492835	4.145963	4.991188	1.646973	0.268066	0.158936	-36.728350	43.839553	-48.161411
00657		-11.005483	-11.322745	11.544128	-0.162205	4.198678	4.813657	1.653809	0.184814	0.233154	-36.001791	47.416147	-47.019612
00658		-9.003235	-10.947561	12.174247	-0.574898	4.282412	4.698829	1.653564	0.096436	0.310303	-35.452481	50.978770	-45.862128
00659		-6.413838	-10.532005	11.389437	-0.547586	4.348771	4.730734	1.642090	0.019531	0.373291	-34.723771	54.578705	-44.556923
00660		-3.682909	-10.095698	11.000744	-0.544127	4.305551	4.695333	1.623047	-0.063477	0.451416	-33.772257	58.130569	-43.042715
00661		-2.932080	-8.352221	7.889597	-0.583494	4.184743	4.836575	1.599854	-0.147461	0.521484	-32.347437	61.652998	-41.012901
00662		-0.887768	-7.017332	8.262301	-0.691510	4.146309	4.975087	1.565186	-0.235352	0.576660	-30.338679	65.163844	-38.327112
00663		-2.890245	-9.670660	8.388136	-0.773099	3.759044	4.875872	1.535156	-0.306152	0.615967	-27.497556	68.400141	-34.757451
00664		-2.955720	-8.252063	10.639814	-0.743050	2.961688	4.515933	1.502930	-0.369873	0.651611	-23.570440	71.046607	-30.120808
00665		-9.337457	-12.916753	18.486809	-1.067300	0.696638	3.661069	1.483154	-0.417480	0.633301	-18.719161	72.173103	-24.366610
00666		-6.026845	-16.663325	17.339787	-1.816613	-0.962625	2.113121	1.471436	-0.430908	0.578857	-15.664966	72.001391	-20.065416
00667		-3.001353	-16.819211	13.471612	-2.054364	-2.222086	0.864049	1.431396	-0.426758	0.506592	-14.431608	70.892652	-17.523999
00668		-0.036349	-14.588867	8.375923	-1.788434	-2.943146	-0.044120	1.411865	-0.394531	0.430420	-14.357478	69.250246	-16.357567
00669		1.439731	-11.890025	5.266159	-1.471464	-3.254914	-0.746080	1.365234	-0.348145	0.344971	-15.056696	67.327892	-16.202214
00670		1.885163	-9.536946	3.121660	-1.261655	-3.269631	-1.287653	1.317139	-0.299805	0.272461	-16.238708	65.322325	-16.705788
00671		2.208568	-8.229798	2.017867	-1.133946	-3.064856	-1.675966	1.256836	-0.243652	0.205078	-17.741341	63.350885	-17.649999
00672		2.041443	-8.033695	1.494956	-0.954593	-2.765337	-1.938747	1.204346	-0.195557	0.163574	-19.332436	61.492946	-18.830255
00673		1.580032	-8.119734	1.790100	-0.701035	-2.512503	-2.117162	1.141113	-0.149170	0.130615	-20.887620	59.711487	-20.150924
00674		0.940650	-7.923797	2.389898	-0.478246	-2.352259	-2.276339	1.068848	-0.116455	0.100586	-22.338809	57.975662	-21.528883
00675		0.633515	-7.548178	3.077997	-0.414738	-2.240015	-2.459709	1.012695	-0.074219	0.085938	-23.813653	56.228707	-22.997756
00676		0.490041	-7.287503	3.687165	-0.494573	-2.170198	-2.655023	0.949463	-0.053223	0.058838	-25.343304	54.462917	-24.515242
00677		0.321748	-7.240193	4.289824	-0.643863	-2.132185	-2.865546	0.886230	-0.038574	0.062744	-26.987929	52.627215	-26.095457
00678		-0.039333	-7.467392	5.074262	-0.818279	-2.130800	-3.089802	0.833252	-0.020752	0.049805	-28.709126	50.718649	-27.694341
00679		-0.517213	-7.832702	5.869956	-0.974352	-2.171014	-3.310894	0.780518	-0.000977	0.053955	-30.497212	48.683226	-29.299803
00680		-0.971264	-8.162422	6.718303	-1.087166	-2.238775	-3.524114	0.731689	0.006836	0.047607	-32.270875	46.534738	-30.860456
00681		-1.508072	-8.295664	7.439789	-1.178718	-2.322300	-3.715541	0.686035	0.012451	0.058105	-34.023922	44.238246	-32.366124
00682		-1.840604	-8.314404	8.080817	-1.257344	-2.403262	-3.887046	0.643066	0.004883	0.047363	-35.710192	41.833622	-33.784090
00683		-2.366554	-8.351625	8.682841	-1.315427	-2.486671	-4.018559	0.625000	0.005127	0.042236	-37.329498	39.298526	-35.105764
00684		-2.905883	-8.363919	9.408201	-1.402260	-2.573384	-4.132907	0.591553	0.009033	0.052734	-38.872839	36.675672	-36.310889
00685		-3.698440	-8.652180	10.081530	-1.488415	-2.655716	-4.222498	0.568359	0.012451	0.033936	-40.364582	33.939720	-37.405921
00686		-4.112054	-8.937109	10.552376	-1.572817	-2.729023	-4.320167	0.549561	0.018311	0.028809	-41.796281	31.133361	-38.395769
00687		-4.393440	-9.498098	10.860132	-1.589616	-2.777820	-4.401589	0.546875	0.033691	0.013428	-43.159852	28.234485	-39.298511
00688		-4.576562	-10.323745	11.178071	-1.515679	-2.795834	-4.451719	0.531738	0.046387	0.003662	-44.394454	25.312204	-40.115578
00689		-4.987865	-11.351770	11.843894	-1.355778	-2.759694	-4.489117	0.522217	0.065674	-0.012207	-45.486468	22.353625	-40.882657
00690		-5.485571	-12.274810	12.558921	-1.152119	-2.738975	-4.539937	0.505859	0.095459	-0.022217	-46.402779	19.392171	-41.607203
00691		-5.961608	-13.205935	13.418090	-0.967125	-2.742395	-4.629290	0.479980	0.121826	-0.044922	-47.176957	16.360409	-42.308859
00692		-6.568604	-13.988472	13.988729	-0.832340	-2.783292	-4.764295	0.465088	0.147217	-0.056396	-47.827558	13.269710	-42.996069
00693		-7.271283	-14.715465	14.020937	-0.729514	-2.840121	-4.929533	0.445801	0.180176	-0.085449	-48.387955	10.058080	-43.680923
00694		-8.133787	-15.151266	13.592819	-0.646561	-2.843255	-5.081067	0.410889	0.220703	-0.091064	-48.859750	6.796057	-44.386456
00695		-9.460162	-15.432569	12.935668	-0.557254	-2.776293	-5.193123	0.375977	0.245361	-0.107178	-49.249172	3.484533	-45.133258
00696		-10.862201	-15.453243	12.260313	-0.443550	-2.639991	-5.285573	0.346924	0.270508	-0.112793	-49.527537	0.200327	-45.952675
00697		-12.498863	-15.132037	11.649919	-0.236697	-2.463700	-5.288985	0.302979	0.298096	-0.121094	-49.643771	-3.041772	-46.837621
00698		-13.775362	-13.498347	10.738107	-0.014281	-2.295431	-5.179095	0.268555	0.319580	-0.134766	-49.575964	-6.154743	-47.757704
00699		-14.347689	-10.931619	9.586941	0.105077	-2.155564	-4.929196	0.240479	0.339600	-0.146240	-49.398318	-9.120893	-48.655839
00700		-14.035298	-8.276594	8.255650	0.065719	-2.030515	-4.552891	0.207031	0.353760	-0.152588	-49.207524	-11.857891	-49.484638
00701		-13.471618	-5.775442	7.234816	-0.144898	-1.863954	-4.081065	0.178711	0.367432	-0.155518	-49.125433	-14.338602	-50.218980
00702		-13.438043	-4.120878	6.611085	-0.493437	-1.670626	-3.593661	0.154785	0.384766	-0.166260	-49.235476	-16.523115	-50.859699
00703		-13.821514	-3.666110	5.944965	-0.742853	-1.519088	-3.090598	0.135498	0.388184	-0.163330	-49.508327	-18.443715	-51.370242
00704		-14.551998	-3.402496	5.732476	-0.832597	-1.426317	-2.573875	0.110107	0.400879	-0.169922	-49.868871	-20.097493	-51.716635
00705		-15.247878	-2.618499	5.414324	-0.842331	-1.395912	-2.099299	0.096924	0.410889	-0.168213	-50.293301	-21.539683	-51.880486
00706		-15.453576	-1.096368	4.321279	-0.849836	-1.328163	-1.666072	0.091309	0.426514	-0.167969	-50.771769	-22.760811	-51.897115
00707		-16.200574	0.364144	3.228271	-0.905061	-1.198273	-1.210958	0.080566	0.430420	-0.157471	-51.334006	-23.734867	-51.785247
00708		-16.077558	1.235624	1.691606	-0.930864	-0.934814	-0.707487	0.075684	0.442139	-0.165283	-51.942094	-24.385541	-51.596541
00709		-15.606197	0.636359	0.937027	-0.845692	-0.520544	-0.190222	0.065918	0.443604	-0.160645	-52.504889	-24.653840	-51.405737
00710		-14.956336	-0.983722	1.037178	-0.562034	-0.058962	0.310155	0.081299	0.440918	-0.155273	-52.888098	-24.533305	-51.253429
00711		-14.229636	-2.659375	2.055598	-0.193430	0.357022	0.698905	0.079102	0.440430	-0.152344	-53.035087	-24.086718	-51.163065
00712		-13.403427	-4.023722	3.182468	0.107501	0.687813	0.919871	0.105957	0.437988	-0.152100	-52.974076	-23.428955	-51.156155
00713		-12.351852	-4.857662	4.085568	0.259077	0.973450	1.017540	0.117676	0.436035	-0.146973	-52.786966	-22.620631	-51.252443
00714		10.247365	-12.575497	6.100516	1.247175	2.380690	1.559525	0.143799	0.423584	-0.146729	-51.857795	-21.080071	-51.822921
00715		-4.684857	-4.685203	0.516725	1.792545	3.256623	2.464707	0.170654	0.409424	-0.147705	-50.624404	-18.803023	-52.425600
00716		14.661725	-1.814606	2.950544	1.566220	2.520201	1.818553	0.194580	0.394775	-0.149414	-49.583702	-17.078000	-52.883462
00717		5.195471	-0.845158	3.653933	0.648462	3.053609	2.398148	0.230957	0.377930	-0.136719	-49.089342	-14.888951	-53.328093
00718		-3.621670	-0.478722	9.029871	-0.107284	3.286443	2.586181	0.268311	0.374023	-0.112549	-49.039353	-12.536374	-53.788929
00719		-8.125675	-4.993134	15.658606	-0.640618	3.295846	2.178437	0.299561	0.363281	-0.085449	-49.282141	-10.350464	-54.409754
00720		-4.236446	-4.746161	15.830076	-0.680652	2.994714	2.380132	0.329346	0.353271	-0.062988	-49.602517	-8.199276	-54.828214
00721		-4.196803	-3.101605	15.951312	-0.193731	2.971285	3.289103	0.365967	0.335938	-0.049316	-49.701623	-5.652214	-54.902796
00722		-7.916944	-9.810981	16.168272	-0.391081	2.902291	3.590562	0.386963	0.319092	-0.020996	-49.928152	-3.008105	-54.841661
00723		-6.452469	-16.466158	13.314003	-0.544349	2.485117	3.106604	0.426270	0.285400	-0.004639	-50.237039	-0.718996	-54.788453
00724		-4.542932	-16.881215	9.963784	-0.248873	2.416783	2.710204	0.447266	0.275391	0.010498	-50.377838	1.359746	-54.858315
00725		-5.165342	-17.086980	7.769217	0.133494	2.381467	2.223093	0.467041	0.273926	0.030518	-50.306334	3.222699	-55.092813
00726		-4.042354	-14.543295	6.958413	0.556093	2.295463	1.716526	0.477539	0.246826	0.047852	-50.011919	4.819934	-55.469588
00727		-6.975246	-19.673277	14.447979	1.759560	2.354277	1.381953	0.498047	0.244141	0.047363	-49.050060	6.310018	-55.980935
00728		-7.947692	-10.151034	8.237391	2.274241	1.274492	0.808487	0.503906	0.223633	0.043701	-47.772477	7.140537	-56.217347
00729		-1.025976	-4.864515	8.331054	1.902750	1.016628	0.589952	0.510742	0.218506	0.043945	-46.704973	7.797416	-56.413914
00730		-4.360515	-8.377598	8.589280	1.605129	0.810269	0.561865	0.519531	0.218018	0.044434	-45.798542	8.350205	-56.523903
00731		-2.739795	-6.343780	8.480583	1.112146	0.488001	0.314037	0.515381	0.202881	0.049561	-45.168643	8.687852	-56.594660
00732		-2.212444	-6.574639	7.828203	0.842843	0.419904	0.254253	0.517822	0.208008	0.037598	-44.693299	8.960190	-56.658357
00733		-2.228924	-6.910081	7.462711	0.643478	0.319424	0.172615	0.518555	0.208252	0.044189	-44.329897	9.173396	-56.713579
00734		-1.873831	-6.711455	7.232003	0.552956	0.277172	0.147192	0.523193	0.204102	0.037354	-44.018432	9.345143	-56.760539
00735		-2.132647	-6.305895	7.717945	0.418175	0.239858	0.122336	0.516846	0.197998	0.039307	-43.782281	9.506095	-56.802652
00736		-1.866537	-6.630681	7.134821	0.351698	0.223706	0.110257	0.524902	0.202393	0.037354	-43.585154	9.641462	-56.842226
00737		-1.798635	-6.398144	7.236082	0.317866	0.213253	0.102764	0.528809	0.198730	0.040039	-43.406023	9.783909	-56.880919
00738		-1.773745	-6.308932	7.259851	0.282053	0.198140	0.120639	0.517334	0.196533	0.038086	-43.246350	9.912942	-56.905074
00739		-1.898170	-6.491340	7.170309	0.270940	0.183805	0.128934	0.528564	0.199951	0.033691	-43.090137	10.053487	-56.920215
00740		-2.012007	-6.550689	7.200528	0.256619	0.157685	0.124851	0.530518	0.192627	0.037109	-42.941890	10.167347	-56.925825
00741		-2.046018	-6.452192	7.257714	0.229210	0.136878	0.126639	0.534668	0.194824	0.035645	-42.806382	10.287321	-56.922699
00742		-2.116683	-6.547395	7.315958	0.186995	0.106682	0.117934	0.534180	0.195557	0.036377	-42.694867	10.377056	-56.910571
00743		-2.066090	-6.472173	7.266381	0.148710	0.076855	0.121527	0.537842	0.189697	0.035889	-42.601462	10.469709	-56.885506
00744		-2.024075	-6.496596	7.184795	0.150524	0.043574	0.131159	0.531738	0.185791	0.031494	-42.505179	10.537891	-56.842511
00745		-2.037373	-6.583496	7.129596	0.158375	0.032111	0.137810	0.536865	0.192383	0.042480	-42.401560	10.617798	-56.792544
00746		-2.006609	-6.351570	7.275855	0.126041	0.015245	0.137744	0.533936	0.180420	0.029785	-42.316573	10.676384	-56.735330
00747		-2.125451	-6.468770	7.192526	0.119285	-0.004460	0.132721	0.536865	0.183350	0.036621	-42.232900	10.738616	-56.672971
00748		-2.053387	-6.527422	7.066258	0.122417	-0.022330	0.114512	0.531006	0.180908	0.036377	-42.148973	10.772147	-56.610882
00749		-2.199505	-6.610388	7.116426	0.122062	-0.030647	0.102372	0.531738	0.177734	0.026367	-42.064113	10.811365	-56.551243
00750		-2.052889	-6.608850	7.041070	0.127645	-0.037547	0.083546	0.532715	0.182129	0.035156	-41.978506	10.826360	-56.496518
00751		-2.066481	-6.723744	6.933160	0.139898	-0.034844	0.084220	0.534668	0.177734	0.032715	-41.884554	10.856621	-56.443028
00752		-2.072403	-6.634488	7.007821	0.150641	-0.027058	0.083620	0.539063	0.177979	0.031982	-41.786479	10.875948	-56.392294
00753		-2.135287	-6.506007	7.117850	0.157427	-0.029051	0.081465	0.543945	0.173340	0.030518	-41.683138	10.907401	-56.342187
00754		-2.087393	-6.427617	7.189600	0.146916	-0.014429	0.061643	0.532959	0.177246	0.034668	-41.589882	10.923597	-56.305857
00755		-2.076811	-6.367485	7.251583	0.130774	-0.009903	0.050630	0.543457	0.173584	0.022217	-41.505729	10.951337	-56.276556
00756		-2.040682	-6.368617	7.181394	0.120090	-0.010465	0.045713	0.532715	0.180664	0.020996	-41.429422	10.963086	-56.248671
00757		-2.089151	-6.373194	7.213911	0.118055	-0.005191	0.030288	0.536865	0.180908	0.026123	-41.354565	10.985010	-56.230047
00758		-2.041100	-6.349119	7.250866	0.106909	-0.004200	0.028742	0.540283	0.173584	0.023926	-41.287667	10.992964	-56.211982
00759		-2.070909	-6.389958	7.129192	0.100701	-0.004601	0.031444	0.546875	0.180176	0.029785	-41.222686	11.015478	-56.193052
00760		-2.040874	-6.231295	7.326445	0.096220	-0.010698	0.028086	0.542969	0.176270	0.022461	-41.161477	11.020343	-56.172756
00761		-2.059130	-6.246233	7.311937	0.083882	-0.005616	0.029268	0.539307	0.177490	0.028564	-41.106224	11.041500	-56.154366
00762		-2.073892	-6.289450	7.264328	0.067125	-0.006679	0.027131	0.525879	0.170410	0.022461	-41.062050	11.047704	-56.136022
00763		-2.092472	-6.306275	7.248251	0.063423	0.000063	0.028175	0.541748	0.173584	0.034912	-41.019003	11.070817	-56.120270
00764		-2.082089	-6.302965	7.273443	0.059718	-0.002672	0.021223	0.543213	0.172363	0.025146	-40.979856	11.076506	-56.106052
00765		-2.104804	-6.373035	7.171659	0.065608	-0.001286	0.014488	0.545166	0.173096	0.026367	-40.936609	11.093818	-56.095799
00766		-2.061059	-6.375913	7.207026	0.079334	-0.007526	0.015489	0.542480	0.169189	0.031006	-40.886346	11.095232	-56.082246
00767		-2.045510	-6.297978	7.209394	0.090332	-0.018195	0.020310	0.541504	0.170654	0.022949	-40.827219	11.107324	-56.062953
00768		-2.055962	-6.338152	7.218169	0.103287	-0.023949	0.025853	0.541748	0.173828	0.014160	-40.761139	11.105467	-56.038550
00769		-2.059308	-6.302647	7.257405	0.105664	-0.032421	0.031754	0.542969	0.170654	0.021973	-40.691219	11.115552	-56.008774
00770		-2.046572	-6.195534	7.293196	0.104621	-0.034831	0.031364	0.538574	0.167236	0.022949	-40.623104	11.110965	-55.977793
00771		-2.039659	-6.213076	7.322404	0.090347	-0.032856	0.037957	0.540527	0.166504	0.019043	-40.561390	11.123040	-55.945103
00772		-2.015318	-6.238631	7.284607	0.082195	-0.038156	0.039968	0.538818	0.163330	0.019287	-40.505142	11.120143	-55.909051
00773		-2.024042	-6.228498	7.323322	0.070884	-0.036534	0.045806	0.538086	0.165039	0.016113	-40.453621	11.133400	-55.871475
00774		-2.017811	-6.248027	7.350678	0.060808	-0.035188	0.049874	0.535400	0.171387	0.021729	-40.408986	11.135416	-55.832149
00775		-2.028986	-6.320167	7.271064	0.050975	-0.034760	0.057937	0.541260	0.167480	0.015625	-40.367936	11.153816	-55.789839
00776		-2.040350	-6.262705	7.284024	0.041143	-0.034327	0.066001	0.540527	0.174316	0.017090	-40.333225	11.162136	-55.743654
00777		-2.006447	-6.292974	7.264423	0.032304	-0.031438	0.074419	0.537842	0.162842	0.012695	-40.301677	11.187974	-55.695243
00778		-2.021112	-6.258103	7.331809	0.020000	-0.034282	0.085118	0.535156	0.163086	0.022949	-40.277397	11.203348	-55.640544
00779		-2.035145	-6.302894	7.335897	0.004519	-0.034029	0.098714	0.543701	0.162842	0.020996	-40.259431	11.236931	-55.580300
00780		-2.078369	-6.239100	7.390701	-0.014601	-0.028854	0.107233	0.545166	0.169434	0.015625	-40.253398	11.262836	-55.517771
00781		-2.051957	-6.196267	7.375267	-0.030566	-0.024923	0.118958	0.549072	0.164307	0.019775	-40.254357	11.307807	-55.451910
00782		-2.017123	-6.177806	7.435435	-0.053303	-0.009122	0.129422	0.540283	0.161621	0.015869	-40.269931	11.350561	-55.386923
00783		-1.969879	-6.219885	7.396647	-0.077164	0.022402	0.145311	0.547119	0.162598	0.015625	-40.298648	11.425933	-55.327177
00784		-2.060547	-6.228925	7.406757	-0.091662	0.034959	0.155841	0.536377	0.156006	0.012695	-40.337028	11.497801	-55.267101
00785		-2.065820	-6.158057	7.429066	-0.110861	0.049831	0.172227	0.547852	0.162598	0.018555	-40.384551	11.595122	-55.205786
00786		-2.033330	-6.278466	7.356104	-0.128923	0.077130	0.174304	0.541992	0.153564	0.015869	-40.445678	11.692345	-55.153566
00787		-1.952623	-6.205776	7.381148	-0.131814	0.116014	0.195438	0.551025	0.157959	0.020020	-40.507998	11.827176	-55.107174
00788		-1.980629	-5.922502	7.622849	-0.166698	0.111480	0.213326	0.545654	0.151611	0.027100	-40.589705	11.954007	-55.050853
00789		-1.844905	-6.283716	7.349636	-0.190311	0.123823	0.289050	0.549316	0.153564	0.017578	-40.677236	12.127170	-54.966089
00790		-2.033124	-6.458797	7.238852	-0.208757	0.142383	0.340841	0.558105	0.140869	0.025146	-40.773302	12.315256	-54.865266
00791		-1.941752	-6.343491	7.331428	-0.230546	0.191492	0.376582	0.558350	0.149170	0.030518	-40.880616	12.550684	-54.768005
00792		-1.992970	-6.476559	7.304954	-0.233609	0.253381	0.420885	0.556396	0.145996	0.032959	-40.991824	12.817225	-54.674912
00793		-1.938045	-6.483916	7.366236	-0.228514	0.353677	0.451390	0.562988	0.141357	0.029053	-41.103811	13.151092	-54.607745
00794		-1.865831	-6.724829	7.441361	-0.197472	0.481167	0.490978	0.573242	0.127930	0.042480	-41.206652	13.542673	-54.572648
00795		-1.912703	-7.067048	7.336680	-0.144851	0.642707	0.537864	0.573242	0.123291	0.045898	-41.287677	14.033743	-54.580443
00796		-1.859415	-7.816466	7.150074	-0.017507	0.806701	0.647119	0.575928	0.130859	0.051270	-41.301300	14.624581	-54.603847
00797		-1.828572	-7.962123	7.399316	0.139757	0.978152	0.793574	0.576172	0.120361	0.064697	-41.224122	15.356481	-54.629020
00798		-2.043194	-7.808226	7.362606	0.298558	1.110663	0.977909	0.587891	0.113037	0.061279	-41.048844	16.203227	-54.621614
00799		-2.079013	-7.697246	7.364891	0.429139	1.195278	1.179584	0.590820	0.099854	0.077881	-40.779902	17.173781	-54.553003
00800		-2.428186	-6.933314	7.724439	0.514786	1.273925	1.378928	0.597168	0.084961	0.081787	-40.441735	18.240998	-54.418184
00801		-2.645353	-6.410215	7.842817	0.514465	1.344781	1.556242	0.615967	0.069824	0.089600	-40.080274	19.415245	-54.221654
00802		-2.594066	-6.295304	7.648475	0.488100	1.421045	1.721342	0.617432	0.057617	0.099365	-39.711499	20.671283	-53.968111
00803		-2.787983	-6.327810	7.558238	0.481595	1.524516	1.874888	0.634766	0.041992	0.114990	-39.324070	22.038320	-53.671236
00804		-3.285174	-6.215817	7.328127	0.483212	1.597168	2.019538	0.639404	0.026855	0.122070	-38.909009	23.477090	-53.319730
00805		-3.778334	-6.187172	7.408701	0.489944	1.610275	2.169906	0.650635	-0.001953	0.138428	-38.445816	24.983613	-52.883596
00806		-4.346918	-6.319196	7.528940	0.520903	1.562243	2.281547	0.658936	-0.028564	0.144043	-37.914687	26.493965	-52.352973
00807		-4.895570	-5.346557	6.816986	0.484391	1.520193	2.395829	0.664307	-0.044434	0.163330	-37.345422	28.030919	-51.723953
00808		-5.642680	-5.774325	7.046321	0.442409	1.500450	2.490688	0.679199	-0.071777	0.177490	-36.746181	29.575455	-51.010993
00809		-6.233110	-5.008827	6.339290	0.228245	1.507867	2.601487	0.684326	-0.089600	0.183105	-36.207969	31.165231	-50.212557
00810		-7.525489	-6.244520	7.490025	-0.127172	1.480981	2.736491	0.680664	-0.118896	0.208496	-35.795979	32.771907	-49.301043
00811		-7.507270	-7.583692	7.508830	-0.358875	1.440742	2.822784	0.698486	-0.145020	0.215576	-35.441203	34.393958	-48.294993
00812		-7.189328	-7.491997	7.208174	-0.522905	1.416591	2.953406	0.701904	-0.176270	0.224121	-35.091644	36.032232	-47.173095
00813		-7.272425	-7.623184	7.588606	-0.774750	1.326843	3.068441	0.703857	-0.207275	0.241699	-34.774594	37.671172	-45.910655
00814		-7.400422	-6.152927	6.929844	-1.190721	1.238894	3.201736	0.705811	-0.230957	0.257080	-34.573396	39.297125	-44.494645
00815		-7.951347	-5.202401	6.842158	-1.813560	1.121227	3.357269	0.716797	-0.262939	0.263916	-34.577845	40.926454	-42.894683
00816		-7.780886	-4.567515	7.296484	-2.565618	0.867508	3.463008	0.713867	-0.301514	0.274902	-34.841596	42.463441	-41.084557
00817		-7.036055	-4.014830	7.988375	-3.292347	0.507866	3.582250	0.713135	-0.333740	0.276855	-35.299914	43.889605	-39.003630
00818		-6.483704	-4.745814	9.375060	-3.711815	-0.096830	3.741969	0.701416	-0.385010	0.273682	-35.674436	45.087740	-36.506366
00819		-5.796685	-5.442630	10.376569	-3.795490	-0.853866	3.917959	0.706299	-0.420166	0.258545	-35.688659	46.007726	-33.486861
00820		-4.280975	-5.222973	10.350148	-3.578358	-1.648143	4.151731	0.702148	-0.467041	0.236816	-35.130308	46.615099	-29.882550
00821		-2.797621	-4.326417	9.166932	-3.206400	-2.352259	4.481431	0.688232	-0.506836	0.210938	-33.888482	46.965312	-25.666638
00822		-7.206372	-5.504544	10.204608	-3.036395	-3.087215	4.691867	0.687988	-0.550537	0.163818	-32.175862	46.946106	-20.946372
00823		-6.046701	-7.726666	9.178161	-3.114342	-3.813650	4.365336	0.662598	-0.576416	0.132080	-30.475948	46.383202	-16.165991
00824		-2.990652	-7.179804	7.048930	-3.183705	-4.234761	3.960559	0.655518	-0.615723	0.077637	-29.019117	45.400092	-11.600256
00825		-1.543948	-6.837103	4.565837	-3.110767	-4.378772	3.621138	0.640137	-0.643799	0.023926	-27.790107	44.180893	-7.336292
00826		-0.170980	-6.286018	3.343002	-2.950372	-4.309453	3.315792	0.619873	-0.667969	-0.034668	-26.796469	42.855217	-3.441961
00827		0.872708	-5.713825	2.833873	-2.754696	-4.070117	3.027080	0.595215	-0.688232	-0.074463	-26.013295	41.536769	0.063878
00828		1.628581	-4.994624	2.931476	-2.603946	-3.754790	2.732481	0.578369	-0.703613	-0.121826	-25.468602	40.276436	3.170503
00829		1.992842	-4.289244	3.439356	-2.562338	-3.425498	2.429055	0.555664	-0.713135	-0.154053	-25.185157	39.095336	5.903942
00830		2.261130	-3.880703	4.328411	-2.659558	-3.109870	2.093677	0.524658	-0.717041	-0.192627	-25.234838	37.991906	8.266152
00831		2.456353	-3.897263	5.187581	-2.810139	-2.830055	1.731132	0.510498	-0.718018	-0.230957	-25.614981	36.949424	10.278781
00832		2.341325	-4.287939	6.150128	-2.919914	-2.589843	1.368466	0.497559	-0.716797	-0.270996	-26.282946	35.956116	11.966640
00833		2.278774	-4.526563	7.190960	-2.971022	-2.392292	1.030846	0.468262	-0.709717	-0.299316	-27.161289	34.992002	13.377388
00834		2.037283	-4.675255	8.309624	-2.976244	-2.214132	0.713503	0.471680	-0.695557	-0.332275	-28.207599	34.056587	14.536251
00835		1.543433	-4.712378	9.297831	-2.956839	-2.084973	0.394779	0.445801	-0.676514	-0.358398	-29.379913	33.111566	15.470526
00836		1.359239	-4.480003	10.175427	-2.920258	-1.979602	0.103391	0.430176	-0.671143	-0.385498	-30.652530	32.157279	16.209302
00837		1.003005	-4.262091	11.060806	-2.864142	-1.896238	-0.149779	0.427246	-0.638184	-0.418701	-31.982489	31.175816	16.792091
00838		0.565175	-4.058538	11.910037	-2.782075	-1.845045	-0.364423	0.418457	-0.617432	-0.437500	-33.338119	30.171511	17.255130
00839		0.063104	-3.725883	12.597163	-2.686250	-1.841715	-0.551417	0.399902	-0.592285	-0.462402	-34.682081	29.109862	17.638324
00840		-0.523330	-3.436818	13.399074	-2.566649	-1.875861	-0.692000	0.378662	-0.571533	-0.487305	-35.986270	28.002279	17.981894
00841		-1.188600	-3.306678	13.965832	-2.418985	-1.966644	-0.785357	0.370361	-0.548584	-0.513184	-37.202093	26.817823	18.337207
00842		-1.771011	-2.963459	14.369329	-2.246582	-2.106727	-0.824783	0.360596	-0.509766	-0.522949	-38.305549	25.572796	18.748557
00843		-2.367621	-2.618191	14.487382	-2.079561	-2.280921	-0.816198	0.341553	-0.487305	-0.549805	-39.275791	24.248666	19.255144
00844		-2.832176	-2.294207	14.406088	-1.944780	-2.477917	-0.769947	0.316406	-0.473389	-0.565430	-40.138750	22.873389	19.878472
00845		-3.213314	-2.187100	14.121522	-1.862263	-2.668739	-0.707160	0.301270	-0.449707	-0.581299	-40.914999	21.434649	20.624611
00846		-3.349614	-2.358261	13.487500	-1.799521	-2.830531	-0.643119	0.270752	-0.428223	-0.599121	-41.642772	19.971656	21.476368
00847		-3.515499	-2.787475	12.746674	-1.693356	-2.952837	-0.574385	0.239502	-0.412842	-0.611084	-42.291071	18.480040	22.421145
00848		-3.890195	-3.574131	11.749575	-1.500693	-3.045447	-0.487488	0.218750	-0.384766	-0.626953	-42.835720	17.004877	23.448315
00849		-4.025722	-4.158058	10.825472	-1.244187	-3.112054	-0.392760	0.183838	-0.378906	-0.639404	-43.228135	15.534129	24.549928
00850		-3.999387	-4.652399	10.167569	-1.087351	-3.099202	-0.346078	0.165527	-0.364502	-0.647949	-43.563288	14.106606	25.666756
00851		-4.050321	-5.428797	9.591761	-1.018743	-3.057560	-0.386249	0.135254	-0.349121	-0.667969	-43.883356	12.673817	26.751986
00852		-3.894343	-6.165252	8.932795	-0.982574	-2.992495	-0.494409	0.105713	-0.330811	-0.676514	-44.233928	11.243726	27.766536
00853		-3.522334	-6.808477	8.311585	-0.931325	-2.880587	-0.629106	0.080566	-0.330322	-0.686279	-44.587666	9.798890	28.683811
00854		-3.354311	-7.352288	7.760347	-0.849648	-2.715638	-0.768708	0.041504	-0.317383	-0.698730	-44.946392	8.383137	29.480672
00855		-3.174095	-7.733314	7.467789	-0.756210	-2.520916	-0.924169	0.018311	-0.301270	-0.709961	-45.279435	6.975339	30.140113
00856		-3.142327	-7.927621	7.257051	-0.671847	-2.305647	-1.105209	0.003174	-0.275879	-0.706543	-45.607020	5.596418	30.644001
00857		-3.159312	-8.003581	7.087771	-0.609334	-2.091588	-1.303687	-0.021973	-0.280029	-0.711426	-45.915151	4.212329	30.986137
00858		-3.213178	-8.044854	7.009044	-0.556994	-1.875417	-1.528130	-0.048096	-0.268555	-0.716553	-46.221617	2.835477	31.156698
00859		-3.449968	-8.204597	6.804395	-0.464048	-1.667294	-1.739719	-0.063232	-0.263916	-0.718506	-46.475832	1.442649	31.162895
00860		-3.253018	-7.859293	6.413514	-0.311848	-1.443265	-1.899482	-0.081299	-0.245605	-0.719727	-46.654232	0.083057	31.018972
00861		-3.308014	-7.182760	6.123844	-0.162737	-1.193100	-1.972736	-0.101563	-0.234863	-0.717773	-46.733561	-1.219598	30.743838
00862		-3.460719	-6.491808	6.119520	-0.063658	-0.952026	-1.986574	-0.114258	-0.231934	-0.722168	-46.755788	-2.423111	30.364821
00863		-3.744746	-5.870095	6.128104	-0.001546	-0.749439	-1.943943	-0.122803	-0.236328	-0.714844	-46.722205	-3.538663	29.915998
00864		-4.040939	-5.199987	6.047003	0.047867	-0.580829	-1.830025	-0.139404	-0.225586	-0.717041	-46.659200	-4.530667	29.441629
00865		-4.386672	-4.569031	5.923757	0.087560	-0.454628	-1.649653	-0.146240	-0.236816	-0.723145	-46.557925	-5.405301	28.982002
00866		-4.704554	-4.052591	5.949456	0.088799	-0.360726	-1.408723	-0.154785	-0.221924	-0.725098	-46.464259	-6.133895	28.578286
00867		-2.920631	-1.830177	4.210670	-0.055658	-0.350202	-0.975957	-0.156250	-0.230469	-0.723145	-46.457818	-6.684820	28.338985
00868		-7.240747	-2.539273	4.203628	-0.042978	0.446451	-0.257251	-0.153564	-0.226074	-0.721191	-46.447235	-6.616187	28.053978
00869		-6.098113	-2.065240	3.812336	0.005360	0.325251	0.138858	-0.153564	-0.227539	-0.715088	-46.423236	-6.435929	27.975210
00870		-8.750201	-2.461968	4.600369	-0.074850	0.587801	0.544156	-0.153320	-0.229492	-0.722412	-46.461164	-5.978685	27.949702
00871		-8.975603	-3.419516	3.479177	-0.036634	0.714197	0.809949	-0.141846	-0.225342	-0.714844	-46.472338	-5.364176	27.974963
00872		-9.431955	-2.848381	2.050075	0.142055	1.057314	1.031542	-0.133545	-0.230225	-0.717285	-46.386350	-4.519186	27.947173
00873		-0.703538	-1.568619	3.106158	0.264865	1.466168	1.074539	-0.115723	-0.222656	-0.710938	-46.209780	-3.495025	27.767398
00874		-0.027914	-5.010549	8.766958	-0.173741	1.685767	0.978896	-0.103516	-0.227539	-0.712158	-46.291311	-2.422744	27.460976
00875		-0.392937	-7.678423	10.447610	-0.831447	1.589225	0.831602	-0.082520	-0.219971	-0.701904	-46.743835	-1.451461	27.130924
00876		-1.608073	-7.065672	8.837848	-0.837502	1.351057	0.949370	-0.073975	-0.216064	-0.705566	-47.218201	-0.526378	26.939906
00877		-1.792576	-4.899550	8.367058	-0.556408	1.232460	1.219516	-0.065918	-0.210938	-0.706787	-47.523829	0.465394	26.896869
00878		-1.596086	-4.812026	9.146230	-0.578385	1.227418	1.399635	-0.053955	-0.210693	-0.699951	-47.852616	1.531139	26.920527
00879		-1.988284	-7.382320	9.257321	-0.644065	1.281233	1.541890	-0.044434	-0.205566	-0.695313	-48.205969	2.678774	26.969295
00880		-2.185917	-10.768601	7.068142	-0.561755	1.259646	1.573949	-0.031982	-0.193604	-0.693115	-48.522022	3.831637	27.033036
00881		-2.500431	-12.930615	6.725184	-0.391881	1.276824	1.402218	-0.011719	-0.202881	-0.691406	-48.733813	4.918360	27.019226
00882		-3.613859	-13.653737	8.061409	-0.029254	1.302373	1.171982	-0.004150	-0.203125	-0.679688	-48.759214	5.914619	26.904386
00883		-4.573420	-13.073677	9.911818	0.346858	1.174634	0.926722	0.001709	-0.205566	-0.681396	-48.564276	6.758590	26.753432
00884		-3.345123	-9.750789	8.938122	0.511594	0.939134	0.689099	0.012207	-0.217285	-0.684082	-48.285933	7.410390	26.615737
00885		-1.830862	-7.696550	7.526241	0.527019	0.892059	0.582569	0.030762	-0.220703	-0.684814	-47.992067	8.001406	26.461257
00886		-3.577811	-9.640520	9.826425	0.783347	0.909849	0.542620	0.040283	-0.226563	-0.684326	-47.566287	8.581277	26.286169
00887		-3.556046	-7.873883	7.697856	0.836819	0.472514	0.352892	0.040771	-0.242432	-0.677979	-47.082926	8.915014	26.228532
00888		-1.278850	-6.557944	6.605396	0.812939	0.439193	0.288280	0.043457	-0.243652	-0.682861	-46.625594	9.206870	26.160909
00889		-2.414226	-7.446316	7.352571	0.815782	0.424618	0.295267	0.048584	-0.260986	-0.678955	-46.154492	9.498890	26.105837
00890		-2.513449	-6.844390	7.503417	0.638965	0.265748	0.201564	0.049072	-0.261719	-0.676514	-45.790477	9.686948	26.080118
00891		-1.847773	-6.922010	6.908860	0.549230	0.254589	0.158983	0.052979	-0.265137	-0.682129	-45.469235	9.855920	26.044220
00892		-2.137333	-6.895786	7.129636	0.490328	0.251027	0.123657	0.053711	-0.272705	-0.671143	-45.194613	10.006574	25.994844
00893		-2.106444	-6.456295	7.469558	0.376599	0.235008	0.074888	0.055664	-0.282959	-0.680664	-44.976870	10.133911	25.934084
00894		-2.005370	-6.370848	7.430354	0.252316	0.229420	0.021251	0.050781	-0.279297	-0.674072	-44.844536	10.234728	25.852457
00895		-1.936721	-6.594895	7.166830	0.179561	0.234521	-0.007444	0.054932	-0.280273	-0.677979	-44.745739	10.329023	25.758528
00896		-2.029226	-6.930069	7.007456	0.136271	0.217828	-0.020198	0.060059	-0.285156	-0.683350	-44.682331	10.408686	25.664799
00897		-1.970452	-6.957798	6.868508	0.101014	0.201867	-0.031115	0.053711	-0.285400	-0.668457	-44.628172	10.480430	25.574630
00898		-1.898049	-6.876766	6.877774	0.089065	0.160229	-0.031105	0.064453	-0.280518	-0.678711	-44.588539	10.532380	25.500056
00899		-1.936427	-6.947669	6.859403	0.076621	0.132376	-0.022709	0.067139	-0.283203	-0.676758	-44.542788	10.579315	25.441877
00900		-1.888152	-6.719227	7.041497	0.034338	0.127047	-0.028213	0.063965	-0.274902	-0.675781	-44.531906	10.618967	25.382114
00901		-1.872140	-6.815996	6.850853	0.002072	0.156401	-0.024190	0.065430	-0.283691	-0.674561	-44.530978	10.675176	25.313507
00902		-1.802278	-6.643622	6.958335	0.001632	0.162280	-0.016435	0.066406	-0.275635	-0.676270	-44.540714	10.733951	25.244210
00903		-1.891595	-6.580975	7.116190	-0.026511	0.170229	-0.005193	0.065186	-0.283936	-0.669189	-44.555978	10.803427	25.177804
00904		-2.052520	-6.427256	7.419949	-0.103660	0.179985	-0.008646	0.074951	-0.276367	-0.679199	-44.626972	10.872493	25.104404
00905		-2.109095	-6.632166	7.421013	-0.256829	0.194595	-0.028696	0.070557	-0.284424	-0.668457	-44.778104	10.942270	25.018062
00906		-2.200099	-6.683067	7.318628	-0.398484	0.227685	-0.044189	0.079834	-0.278809	-0.664063	-45.024818	11.015928	24.909902
00907		-2.190724	-6.682337	7.240334	-0.507680	0.246523	-0.070501	0.073242	-0.273926	-0.667725	-45.327402	11.089047	24.784280
00908		-1.989303	-6.811161	6.904066	-0.561890	0.235025	-0.078428	0.080078	-0.272461	-0.667725	-45.671453	11.150550	24.658220
00909		-1.915369	-6.818393	6.751246	-0.561867	0.194113	-0.059627	0.090576	-0.266357	-0.667969	-46.000433	11.205836	24.558128
00910		-2.076669	-6.804408	6.684805	-0.530623	0.167589	-0.059713	0.085693	-0.259521	-0.662842	-46.319942	11.246880	24.467291
00911		-1.855535	-6.988691	6.444386	-0.473343	0.158302	-0.049583	0.085938	-0.255859	-0.664795	-46.594792	11.291149	24.385806
00912		-2.008270	-6.971930	6.541437	-0.404117	0.129237	-0.032459	0.085693	-0.249268	-0.666504	-46.836691	11.327629	24.321773
00913		-1.885824	-7.026685	6.357147	-0.345742	0.103526	-0.005537	0.080566	-0.241943	-0.658936	-47.030671	11.368229	24.280875
00914		-1.851134	-7.122449	6.188444	-0.231887	0.076218	0.019847	0.088379	-0.248291	-0.657715	-47.165436	11.405562	24.260088
00915		-1.913751	-7.028018	6.395073	-0.143806	0.067338	0.054179	0.086670	-0.241455	-0.664063	-47.236185	11.456957	24.258227
00916		-1.895725	-7.083364	6.313506	-0.087531	0.052004	0.076032	0.088623	-0.236328	-0.662109	-47.281789	11.508459	24.270018
00917		-1.934336	-7.112743	6.195197	0.013212	0.030677	0.105645	0.084717	-0.240234	-0.670410	-47.255471	11.567221	24.304265
00918		-1.976270	-7.142131	6.294228	0.108420	0.001213	0.142290	0.090088	-0.243408	-0.664795	-47.179097	11.626812	24.364224
00919		-2.145029	-7.110126	6.521400	0.162726	-0.014533	0.163141	0.085693	-0.239014	-0.668457	-47.058614	11.691960	24.440902
00920		-2.134894	-7.019396	6.612733	0.170998	-0.016941	0.169750	0.091553	-0.251221	-0.669922	-46.942397	11.755741	24.519846
00921		-2.103811	-6.951029	6.652386	0.164062	-0.018723	0.159114	0.086426	-0.254150	-0.661377	-46.820961	11.817244	24.597008
00922		-2.201553	-6.918995	6.758979	0.133550	-0.007075	0.150811	0.086426	-0.249512	-0.664551	-46.728398	11.876684	24.664442
00923		-2.216892	-6.914063	6.744047	0.092807	-0.008570	0.135359	0.088135	-0.257813	-0.664307	-46.650483	11.932011	24.727982
00924		-2.151597	-6.896176	6.728341	0.073263	-0.007834	0.118336	0.089600	-0.252441	-0.666504	-46.594938	11.977452	24.782864
00925		-2.209313	-6.941674	6.759339	0.050897	-0.004429	0.106018	0.091553	-0.258301	-0.661621	-46.543762	12.022067	24.832970
00926		-2.221203	-6.909565	6.782657	0.027917	-0.009041	0.090196	0.083496	-0.260010	-0.666016	-46.516359	12.055245	24.877116
00927		-2.185292	-6.952309	6.681698	0.012598	-0.029548	0.075898	0.092285	-0.256104	-0.657227	-46.487403	12.077376	24.925815
00928		-2.153476	-6.968108	6.601405	0.025782	-0.037891	0.074365	0.082764	-0.251953	-0.665039	-46.459951	12.092551	24.975871
00929		-2.203036	-6.990205	6.598302	0.052019	-0.050567	0.071760	0.084473	-0.257568	-0.672119	-46.406928	12.104595	25.031844
00930		-2.140508	-6.994346	6.460114	0.088968	-0.062222	0.074831	0.085938	-0.260986	-0.667725	-46.341043	12.110260	25.092440
00931		-2.161234	-6.962361	6.520788	0.133445	-0.079861	0.077480	0.091797	-0.254883	-0.656006	-46.238362	12.112925	25.163148
00932		-2.155626	-6.977848	6.513215	0.179011	-0.095695	0.079764	0.086182	-0.268799	-0.660889	-46.117490	12.107146	25.239917
00933		-2.087330	-6.959563	6.485279	0.241208	-0.115993	0.091198	0.081787	-0.266357	-0.667480	-45.948816	12.100770	25.331420
00934		-2.264368	-6.838594	6.760795	0.255247	-0.122399	0.089485	0.085449	-0.265381	-0.672119	-45.781109	12.087925	25.423349
00935		-2.229669	-6.711540	6.846951	0.235930	-0.113509	0.063132	0.084229	-0.267578	-0.671875	-45.618217	12.070501	25.502241
00936		-2.197722	-6.765291	6.849822	0.215044	-0.110531	0.047049	0.083984	-0.277832	-0.665283	-45.478295	12.044565	25.571707
00937		-2.208616	-6.668262	6.925381	0.172792	-0.097258	0.029822	0.079590	-0.274902	-0.664063	-45.355962	12.019703	25.629990
00938		-2.167488	-6.730030	6.869405	0.141098	-0.087418	0.008846	0.074707	-0.277100	-0.670410	-45.263772	11.987237	25.673969
00939		-2.103553	-6.792233	6.727415	0.145257	-0.086993	0.004761	0.075439	-0.269775	-0.668213	-45.160354	11.956124	25.717513
00940		-2.071915	-6.841231	6.593398	0.198737	-0.108296	0.028627	0.074707	-0.271973	-0.671143	-45.031731	11.923081	25.778195
00941		-2.059357	-6.740470	6.586980	0.285609	-0.138716	0.051612	0.082275	-0.277588	-0.660645	-44.839663	11.889724	25.862345
00942		-2.019053	-6.616083	6.601904	0.407799	-0.187090	0.086057	0.068359	-0.286377	-0.667725	-44.579792	11.847346	25.979132
00943		-2.000653	-6.560211	6.758644	0.525713	-0.222004	0.116991	0.066895	-0.289795	-0.666016	-44.237844	11.805325	26.124342
00944		-1.965266	-6.589670	6.787496	0.619639	-0.261332	0.142986	0.068604	-0.298340	-0.678223	-43.845831	11.753716	26.294737
00945		-2.040316	-6.920250	6.839932	0.653945	-0.264680	0.170736	0.071289	-0.296631	-0.675781	-43.422709	11.713274	26.479235
00946		-2.132573	-6.718159	7.159349	0.561513	-0.223654	0.156845	0.061279	-0.305176	-0.680908	-43.066267	11.680514	26.639632
00947		-2.232338	-6.387975	7.456615	0.435832	-0.192542	0.122972	0.058350	-0.310303	-0.686035	-42.778506	11.649419	26.774291
00948		-1.986190	-6.626189	7.098952	0.341416	-0.167170	0.097502	0.060791	-0.312500	-0.671387	-42.558087	11.615833	26.886388
00949		-2.040033	-6.517879	7.141173	0.303534	-0.149269	0.095465	0.055908	-0.317139	-0.682129	-42.352181	11.591294	26.991760
00950		-2.051821	-6.533816	7.152894	0.259422	-0.136466	0.083147	0.065918	-0.319580	-0.672363	-42.182569	11.564427	27.085302
00951		-2.059210	-6.493402	7.167765	0.223973	-0.120956	0.082632	0.061768	-0.326904	-0.676758	-42.025786	11.546333	27.173794
00952		-2.008087	-6.450091	7.188042	0.218375	-0.118790	0.087799	0.062256	-0.318604	-0.681641	-41.880767	11.528278	27.262283
00953		-2.027932	-6.390111	7.196897	0.207120	-0.115972	0.096983	0.055420	-0.328857	-0.681152	-41.732927	11.517316	27.354948
00954		-1.990327	-6.414152	7.188075	0.208564	-0.113724	0.109590	0.057861	-0.328857	-0.681885	-41.592079	11.509290	27.450885
00955		-2.046150	-6.364753	7.237494	0.205321	-0.114747	0.128490	0.055176	-0.333984	-0.682617	-41.442716	11.510326	27.556781
00956		-2.057022	-6.313208	7.324454	0.184563	-0.103113	0.128078	0.050049	-0.333008	-0.681152	-41.314830	11.513398	27.656685
00957		-2.016560	-6.279878	7.318295	0.163593	-0.096871	0.126401	0.044189	-0.334473	-0.676270	-41.190975	11.520840	27.754756
00958		-2.025299	-6.195205	7.441901	0.125236	-0.081311	0.128386	0.058105	-0.332275	-0.683350	-41.098702	11.533035	27.846426
00959		-1.969980	-6.129143	7.439247	0.083621	-0.065301	0.129069	0.059082	-0.341553	-0.684082	-41.022836	11.554766	27.933570
00960		-1.997412	-6.167295	7.413496	0.042384	-0.051945	0.130392	0.042969	-0.343018	-0.679443	-40.980042	11.580189	28.014901
00961		-2.004964	-6.185682	7.451317	0.004203	-0.032690	0.136570	0.053711	-0.335449	-0.683350	-40.951444	11.618662	28.092907
00962		-2.011920	-6.184644	7.450304	-0.051378	-0.011740	0.141907	0.053711	-0.340332	-0.682617	-40.964345	11.665745	28.163949
00963		-1.979192	-6.235156	7.367587	-0.095636	0.011556	0.143475	0.046143	-0.342529	-0.677002	-40.995656	11.725932	28.228056
00964		-2.044707	-6.259539	7.411088	-0.136671	0.023838	0.160900	0.049316	-0.339600	-0.682617	-41.058365	11.795620	28.293788
00965		-2.008210	-6.294663	7.420428	-0.177223	0.043238	0.176554	0.047363	-0.337402	-0.682861	-41.135829	11.882029	28.360222
00966		-1.937664	-6.234374	7.409067	-0.222124	0.051926	0.211062	0.049072	-0.340576	-0.682617	-41.245008	11.982939	28.437066
00967		-1.802320	-6.218779	7.440540	-0.274223	0.049442	0.260813	0.052979	-0.328613	-0.683350	-41.370666	12.104056	28.537938
00968		-1.772481	-6.175770	7.464270	-0.344692	0.054431	0.340155	0.050537	-0.331055	-0.676758	-41.538073	12.255353	28.670117
00969		-1.765394	-6.292057	7.430606	-0.440555	0.057008	0.433894	0.045410	-0.328613	-0.686279	-41.743026	12.446030	28.843359
00970		-1.581158	-6.115259	7.690253	-0.574233	0.077355	0.538082	0.050293	-0.320801	-0.684082	-42.024430	12.683781	29.052084
00971		-1.341464	-6.316720	7.497709	-0.741123	0.112561	0.647292	0.058594	-0.319824	-0.687012	-42.384718	12.981610	29.294777
00972		-1.481144	-6.359895	7.389758	-0.877188	0.167448	0.774156	0.057617	-0.327637	-0.673340	-42.823041	13.351458	29.567277
00973		-1.449961	-6.316848	7.321053	-0.970957	0.240836	0.902676	0.061035	-0.315186	-0.682129	-43.299105	13.806060	29.864605
00974		-1.278811	-6.481620	7.224640	-1.042764	0.367362	1.034305	0.058594	-0.306396	-0.675049	-43.822053	14.366005	30.161742
00975		-1.401229	-6.533506	7.049140	-1.029707	0.562183	1.171123	0.066406	-0.301025	-0.665527	-44.332391	15.064537	30.434202
00976		-1.541783	-6.706738	6.898795	-1.037273	0.737861	1.324021	0.072021	-0.290527	-0.674316	-44.856043	15.897295	30.690728
00977		-1.667212	-7.038276	6.765735	-1.007760	0.924488	1.496138	0.075684	-0.287354	-0.663574	-45.353825	16.878472	30.936292
00978		-1.713594	-7.283429	6.706937	-0.919039	1.139699	1.696623	0.088135	-0.287109	-0.657471	-45.809732	18.028989	31.164602
00979		-1.780478	-7.498917	6.486588	-0.753584	1.389967	1.926260	0.111084	-0.285156	-0.657959	-46.163617	19.375790	31.375952
00980		-1.910251	-7.815531	6.172692	-0.535650	1.678910	2.192203	0.125244	-0.291504	-0.647461	-46.403482	20.947627	31.564108
00981		-2.187627	-7.978541	6.256123	-0.280014	2.001042	2.494503	0.131836	-0.296631	-0.632324	-46.489871	22.772710	31.736836
00982		-2.371232	-8.294026	6.086396	0.070400	2.406496	2.810763	0.168457	-0.309570	-0.632080	-46.396815	24.889130	31.861839
00983		-2.859637	-8.108099	6.492449	0.285094	2.820950	3.084166	0.186768	-0.327637	-0.615234	-46.195206	27.282095	31.927903
00984		-3.443278	-8.207228	6.708958	0.424324	3.287505	3.325543	0.203613	-0.347168	-0.604492	-45.966917	29.960340	31.892266
00985		-4.954589	-7.894310	7.446114	0.393195	3.803496	3.441419	0.242676	-0.357666	-0.579834	-45.846527	32.891092	31.674551
00986		-7.095302	-7.833468	8.858361	0.117948	4.243980	3.493302	0.267578	-0.374023	-0.568848	-46.017785	36.019644	31.248642
00987		-9.383014	-9.286377	10.506381	-0.222105	4.399837	3.476297	0.304688	-0.376953	-0.538818	-46.472338	39.199800	30.699111
00988		-9.414599	-9.776645	9.845342	-0.539762	4.257080	3.355492	0.336670	-0.416016	-0.511963	-47.175184	42.270077	30.092936
00989		-9.591601	-10.982250	10.020611	-0.698581	4.024769	3.305290	0.352051	-0.430420	-0.490479	-47.965530	45.221673	29.517708
00990		-8.826770	-10.949078	9.547292	-0.675132	3.869092	3.272810	0.387451	-0.436035	-0.469238	-48.782192	48.095317	28.923957
00991		-8.114833	-10.972187	9.224257	-0.539197	3.777655	3.265683	0.396729	-0.453125	-0.433105	-49.558410	50.923423	28.300181
00992		-6.947186	-9.724662	8.815742	-0.679606	3.663073	3.239886	0.412842	-0.474121	-0.422119	-50.478409	53.693897	27.627152
00993		-5.398393	-7.705942	7.547944	-1.083278	3.584308	3.195288	0.447021	-0.481934	-0.396484	-51.720224	56.404288	26.861414
00994		-4.333894	-6.264615	6.343122	-1.351324	3.401806	3.350664	0.451416	-0.500000	-0.366699	-53.077443	59.114214	26.169944
00995		-4.926223	-7.460354	9.287291	-1.240209	2.899102	3.278372	0.462402	-0.520020	-0.348633	-54.155276	61.606640	25.740314
00996		-2.402096	-6.893148	13.449237	-1.142535	1.473720	2.895279	0.460693	-0.527588	-0.339111	-54.251253	63.445810	26.367476
00997		-3.989064	-5.027155	16.024390	-1.292823	-0.270219	2.741746	0.448730	-0.550537	-0.340332	-52.788514	64.609374	28.811210
00998		-6.676810	-10.561981	15.442593	-1.749110	-1.939068	2.260565	0.436035	-0.545898	-0.360596	-50.223116	64.931318	32.752337
00999		-2.012746	-10.161990	10.734465	-1.927837	-2.851656	1.747278	0.415527	-0.554199	-0.389160	-47.287484	64.594267	37.211237
01000		0.621723	-9.032252	6.745140	-1.717969	-3.333146	1.402364	0.391357	-0.542480	-0.405518	-44.267464	63.836793	41.655507
01001		1.057046	-8.234975	4.408465	-1.441255	-3.544764	1.136294	0.362305	-0.545898	-0.433350	-41.371793	62.771991	45.814094
01002		1.050320	-8.412745	3.351037	-1.173012	-3.599052	0.879362	0.332275	-0.538330	-0.455811	-38.792024	61.516853	49.489233
01003		1.247839	-9.000849	2.863545	-0.887118	-3.535608	0.596145	0.313477	-0.533936	-0.478516	-36.582542	60.102214	52.597009
01004		1.344738	-9.800755	2.624258	-0.580689	-3.406009	0.266304	0.285156	-0.535400	-0.497070	-34.776383	58.604223	55.080290
01005		1.166201	-10.419585	2.683202	-0.275419	-3.259988	-0.139053	0.260498	-0.524170	-0.514160	-33.368393	56.990170	56.927360
01006		1.067106	-10.594582	2.689712	-0.017801	-3.099152	-0.587233	0.238037	-0.520264	-0.528564	-32.355684	55.314323	58.156212
01007		0.789915	-10.155760	2.636665	0.159500	-2.956010	-1.026007	0.224365	-0.512939	-0.543945	-31.702028	53.542816	58.846207
01008		0.507986	-9.238325	2.624258	0.196991	-2.823441	-1.411758	0.200684	-0.504150	-0.560791	-31.376899	51.739220	59.110441
01009		0.307827	-8.200867	2.665232	0.065489	-2.691658	-1.742870	0.181885	-0.484863	-0.570313	-31.400113	49.877305	59.032741
01010		0.102084	-7.581160	2.901619	-0.210578	-2.541243	-2.017974	0.166504	-0.479736	-0.578369	-31.769875	48.029649	58.699574
01011		-0.154121	-7.466093	3.342551	-0.539106	-2.393541	-2.260924	0.151123	-0.457031	-0.588867	-32.476535	46.152934	58.158674
01012		-0.568936	-7.757751	3.869828	-0.838125	-2.268705	-2.490514	0.126221	-0.434082	-0.612793	-33.444856	44.284257	57.468059
01013		-0.940887	-8.310808	4.572497	-1.053280	-2.149529	-2.708476	0.108398	-0.421631	-0.620361	-34.614002	42.367603	56.647065
01014		-1.292318	-8.852200	5.311741	-1.156087	-2.038767	-2.908127	0.090576	-0.382080	-0.629883	-35.876708	40.450516	55.736377
01015		-1.711342	-9.222868	6.046705	-1.186964	-1.937068	-3.092619	0.073730	-0.358643	-0.627197	-37.187923	38.475217	54.747842
01016		-2.200899	-9.483104	6.864549	-1.185555	-1.846549	-3.271891	0.052734	-0.338135	-0.638672	-38.499765	36.488221	53.704991
01017		-2.680232	-9.754778	7.847140	-1.180523	-1.784138	-3.439482	0.031738	-0.309326	-0.635010	-39.807435	34.421349	52.621930
01018		-3.186412	-10.047831	8.726290	-1.185438	-1.752030	-3.620268	0.009033	-0.290771	-0.652100	-41.092706	32.310476	51.516336
01019		-3.618224	-10.178391	9.625064	-1.195779	-1.742119	-3.810282	-0.013672	-0.276367	-0.650879	-42.364150	30.081520	50.389840
01020		-4.186569	-10.266188	10.334503	-1.207589	-1.753584	-3.976727	-0.033447	-0.248291	-0.652100	-43.594840	27.792060	49.272200
01021		-4.659998	-10.364623	10.894302	-1.194890	-1.782561	-4.106929	-0.057861	-0.242432	-0.651123	-44.768841	25.388008	48.183638
01022		-5.154651	-10.442407	11.323858	-1.158319	-1.818073	-4.191347	-0.079590	-0.223389	-0.655029	-45.854291	22.947242	47.148576
01023		-5.708081	-10.825560	11.777278	-1.074903	-1.851520	-4.229041	-0.109863	-0.195313	-0.666260	-46.830023	20.429970	46.177709
01024		-6.193413	-11.331910	12.019054	-0.901144	-1.899125	-4.233995	-0.136475	-0.189941	-0.667236	-47.637871	17.909438	45.283699
01025		-6.661330	-11.768889	11.991365	-0.689148	-1.946061	-4.215256	-0.172852	-0.171875	-0.658936	-48.267148	15.337613	44.463674
01026		-7.184244	-12.428996	11.880707	-0.410884	-1.972811	-4.208781	-0.197510	-0.176514	-0.656982	-48.687875	12.782183	43.692203
01027		-8.094101	-12.877101	11.666593	-0.105455	-1.981052	-4.182042	-0.233887	-0.177002	-0.656982	-48.893491	10.201084	42.956970
01028		-9.221233	-12.934585	11.321815	0.176705	-1.982437	-4.181032	-0.268799	-0.180664	-0.649414	-48.902338	7.648590	42.233222
01029		-10.948379	-12.514271	10.976070	0.403443	-1.979012	-4.178118	-0.298096	-0.192139	-0.643311	-48.749078	5.071226	41.510610
01030		-13.303766	-11.521547	10.421820	0.547249	-1.980221	-4.128167	-0.324707	-0.209229	-0.640137	-48.480449	2.545867	40.800523
01031		-15.600651	-9.670472	9.741733	0.572308	-1.988759	-3.993236	-0.332275	-0.224609	-0.633789	-48.164760	0.053400	40.134431
01032		-17.335705	-7.030397	8.705527	0.412772	-2.001734	-3.745344	-0.369629	-0.232178	-0.636230	-47.914635	-2.309847	39.556294
01033		-18.136896	-4.339699	7.251874	0.071578	-1.996853	-3.428503	-0.384766	-0.251465	-0.629883	-47.842093	-4.555593	39.090687
01034		-17.747441	-1.811537	5.137673	-0.351052	-1.938006	-3.052642	-0.409180	-0.254639	-0.616699	-48.007462	-6.598597	38.745120
01035		-16.686424	0.463460	2.848665	-0.785492	-1.738228	-2.594888	-0.416016	-0.242920	-0.623535	-48.420924	-8.387088	38.498719
01036		-17.239867	0.513893	1.041358	-0.925214	-1.122786	-1.944331	-0.426025	-0.252197	-0.618408	-48.909359	-9.649058	38.246771
01037		-16.947549	0.711430	0.021780	-0.727391	-0.749714	-1.290187	-0.439941	-0.251465	-0.613037	-49.293444	-10.500636	38.088520
01038		-17.403398	1.157290	-0.467041	-0.378146	-0.188101	-0.530050	-0.438477	-0.249512	-0.613525	-49.486848	-10.801909	37.974593
01039		-17.163817	1.272929	-0.359670	-0.057081	0.359825	0.180234	-0.442139	-0.249512	-0.612305	-49.498140	-10.596516	37.886730
01040		-17.723848	0.823044	-1.105841	0.212540	0.929748	0.832971	-0.433350	-0.246826	-0.613770	-49.357839	-9.888088	37.794935
01041		-16.790627	1.131794	-2.649457	0.582880	1.568332	1.360666	-0.422363	-0.255127	-0.622070	-48.991399	-8.713230	37.625715
01042		-11.118250	3.064531	-4.330631	0.906358	2.433112	1.699634	-0.394775	-0.254150	-0.623047	-48.414324	-7.062181	37.221115
01043		2.074863	1.721541	2.953095	0.620251	3.102898	1.727249	-0.373291	-0.257324	-0.629150	-47.983360	-5.138470	36.555132
01044		0.407957	-6.996016	11.556817	-0.869070	3.364055	1.561853	-0.349121	-0.253174	-0.627197	-48.418262	-3.187278	35.716405
01045		-5.703323	-9.904229	13.477223	-1.048841	2.998195	1.697273	-0.315186	-0.232178	-0.630859	-48.988165	-1.322092	35.070621
01046		-4.841739	-2.534492	14.490170	-0.363328	2.955492	2.310249	-0.294434	-0.235840	-0.631836	-49.192248	0.786622	34.661616
01047		-6.178284	-0.699516	16.786239	-0.526800	3.064473	2.890273	-0.260010	-0.230469	-0.645508	-49.495451	3.189299	34.412073
01048		-8.034336	-13.412292	17.949097	-0.705797	2.944178	3.050709	-0.235840	-0.221436	-0.637451	-49.909417	5.612893	34.259435
01049		-8.311010	-33.448858	17.446122	0.694314	2.786376	2.616750	-0.201904	-0.220215	-0.644043	-49.530745	7.792921	34.013339
01050		-16.855646	-22.559784	6.953872	2.224196	1.469593	1.135774	-0.196289	-0.241211	-0.634766	-48.283799	8.836175	33.808224
01051		-1.172369	-2.646158	9.772479	1.805756	0.823441	0.640701	-0.193604	-0.252441	-0.637451	-47.257925	9.431319	33.708480
01052		-2.557584	-6.889871	8.204283	1.575703	0.817248	0.786378	-0.180664	-0.271729	-0.647461	-46.357911	10.079548	33.678921
01053		-3.472231	-7.803835	7.324435	1.238899	0.531353	0.579576	-0.173340	-0.267334	-0.639160	-45.637262	10.536030	33.695194
01054		-3.554094	-6.246850	9.021771	0.889003	0.340211	0.400017	-0.177246	-0.287354	-0.647217	-45.120775	10.835241	33.721746
01055		-2.459016	-7.370651	6.601972	0.629157	0.175426	0.309028	-0.169678	-0.299561	-0.642090	-44.740850	11.037826	33.781562
01056		-2.637499	-7.366734	7.011853	0.652629	0.083384	0.289491	-0.165527	-0.306641	-0.646240	-44.347329	11.187329	33.871789
01057		-2.208917	-5.499246	8.149109	0.461356	0.065637	0.231849	-0.172607	-0.310547	-0.641357	-44.060456	11.313303	33.946586
01058		-2.402836	-6.987280	7.003935	0.331152	0.050507	0.182595	-0.168457	-0.307861	-0.644775	-43.856656	11.405820	34.006812
01059		-2.364564	-6.940671	6.973369	0.330097	0.010807	0.175409	-0.176758	-0.311523	-0.645508	-43.644696	11.486166	34.080981
01060		-2.389585	-6.736864	6.986740	0.292285	-0.051373	0.127337	-0.173340	-0.316895	-0.647705	-43.459367	11.514141	34.159533
01061		-2.215797	-6.838950	6.803329	0.289143	-0.069815	0.097861	-0.172119	-0.318359	-0.647461	-43.270863	11.529923	34.233614
01062		-2.229099	-6.313478	7.300486	0.242066	-0.055006	0.055982	-0.174316	-0.318115	-0.639648	-43.120020	11.527916	34.283386
01063		-2.182207	-6.642438	7.029228	0.200053	-0.040840	0.030869	-0.170898	-0.319336	-0.645996	-42.990608	11.529218	34.317310
01064		-2.149459	-6.810570	6.911356	0.169890	-0.035892	0.033273	-0.173340	-0.322754	-0.645508	-42.884587	11.526147	34.349736
01065		-2.220792	-6.799218	6.953151	0.164949	-0.039218	0.044131	-0.169678	-0.326904	-0.646484	-42.774378	11.533138	34.388656
01066		-2.189202	-6.500621	7.070478	0.159812	-0.036421	0.030760	-0.176270	-0.327637	-0.640625	-42.674306	11.528749	34.420201
01067		-2.147157	-6.444873	7.081289	0.168066	-0.042851	0.022159	-0.172607	-0.327393	-0.653076	-42.563996	11.525527	34.451083
01068		-2.103897	-6.445270	7.051596	0.160295	-0.041458	0.017452	-0.177979	-0.331299	-0.636963	-42.464404	11.513745	34.478864
01069		-2.104239	-6.458433	7.096910	0.154659	-0.042733	0.018512	-0.179932	-0.331055	-0.649414	-42.362156	11.509025	34.508069
01070		-2.124177	-6.592249	7.071694	0.138474	-0.041083	0.018689	-0.173584	-0.338623	-0.644531	-42.275006	11.497785	34.536195
01071		-2.134451	-6.556366	7.133884	0.129558	-0.035148	0.018264	-0.172852	-0.328857	-0.642334	-42.187833	11.496061	34.562254
01072		-2.101986	-6.480871	7.139856	0.124297	-0.026268	0.023350	-0.181396	-0.334473	-0.649170	-42.109573	11.492825	34.586552
01073		-2.161322	-6.471108	7.144852	0.097869	-0.019735	0.015357	-0.172119	-0.332275	-0.638184	-42.042077	11.496434	34.605269
01074		-2.140595	-6.428595	7.160380	0.081331	-0.012534	0.010059	-0.175049	-0.334717	-0.643799	-41.990658	11.493893	34.618411
01075		-2.130992	-6.473667	7.147389	0.068225	-0.006326	0.009969	-0.175781	-0.336914	-0.642090	-41.941711	11.501091	34.629521
01076		-2.099479	-6.430941	7.128588	0.064190	-0.002060	0.010682	-0.171143	-0.334961	-0.641602	-41.900874	11.503231	34.638839
01077		-2.111451	-6.428125	7.165208	0.062306	-0.002386	0.009653	-0.171631	-0.333252	-0.641602	-41.855712	11.511940	34.648259
01078		-2.100485	-6.421733	7.136588	0.057152	-0.002400	0.011592	-0.182129	-0.334961	-0.646973	-41.818799	11.514271	34.658110
01079		-2.121780	-6.397043	7.170631	0.052254	-0.000440	0.006287	-0.176270	-0.337158	-0.647949	-41.779895	11.522478	34.665292
01080		-2.092460	-6.380194	7.184851	0.041144	0.003791	0.003769	-0.182373	-0.329102	-0.647217	-41.753315	11.524456	34.669323
01081		-2.124553	-6.415012	7.210626	0.037348	-0.003452	0.002057	-0.180908	-0.339600	-0.644775	-41.723132	11.529721	34.675820
01082		-2.140882	-6.399631	7.134624	0.035023	0.003771	0.003131	-0.175049	-0.336914	-0.641357	-41.700112	11.531444	34.679582
01083		-2.152424	-6.398724	7.169557	0.043283	0.004133	-0.009951	-0.180176	-0.336914	-0.638428	-41.668222	11.535345	34.677870
01084		-2.111088	-6.352351	7.170792	0.044002	0.007097	-0.012135	-0.178223	-0.334961	-0.648682	-41.641649	11.532675	34.673671
01085		-2.128429	-6.389098	7.110237	0.052527	-0.002391	-0.015976	-0.182373	-0.331055	-0.641357	-41.604538	11.531465	34.671840
01086		-2.114803	-6.468154	7.022416	0.071618	-0.008206	-0.019262	-0.174072	-0.335938	-0.647461	-41.561579	11.519531	34.670460
01087		-2.096938	-6.418870	7.145713	0.087929	-0.014682	-0.022050	-0.184814	-0.341064	-0.641357	-41.503849	11.510718	34.670702
01088		-2.103574	-6.390619	7.149607	0.088181	-0.019596	-0.024788	-0.176758	-0.343750	-0.635498	-41.451007	11.491801	34.671289
01089		-2.102466	-6.408854	7.190475	0.092490	-0.022187	-0.028579	-0.175537	-0.342529	-0.631592	-41.390732	11.477255	34.671522
01090		-2.108776	-6.380563	7.194431	0.085586	-0.016282	-0.023969	-0.182373	-0.347656	-0.647461	-41.339568	11.460072	34.671150
01091		-2.126468	-6.382261	7.211185	0.094274	-0.014914	-0.031962	-0.177734	-0.346924	-0.644043	-41.279196	11.447345	34.667030
01092		-2.072854	-6.383408	7.198286	0.093028	-0.016856	-0.027257	-0.174316	-0.343750	-0.634033	-41.224017	11.428673	34.665400
01093		-2.072132	-6.401311	7.239241	0.090713	-0.016502	-0.021700	-0.177002	-0.341064	-0.650146	-41.164740	11.419110	34.666348
01094		-2.067904	-6.342924	7.230045	0.085962	-0.015192	-0.018814	-0.180664	-0.343262	-0.633789	-41.113007	11.404342	34.667758
01095		-2.077044	-6.367208	7.248594	0.080718	-0.012892	-0.013459	-0.177002	-0.346924	-0.632568	-41.059081	11.399401	34.670902
01096		-2.092345	-6.292992	7.214485	0.077806	-0.004362	-0.014041	-0.179443	-0.355713	-0.641846	-41.012432	11.391106	34.670232
01097		-2.054125	-6.291732	7.287336	0.081475	-0.010216	-0.011521	-0.181396	-0.347900	-0.640869	-40.958168	11.388012	34.673170
01098		-2.073951	-6.265774	7.322202	0.062060	0.000810	-0.009643	-0.173584	-0.355225	-0.642090	-40.920552	11.383607	34.672447
01099		-2.072984	-6.318652	7.286882	0.055463	0.001757	-0.007826	-0.181152	-0.348633	-0.639404	-40.881814	11.387042	34.672409
01100		-2.064061	-6.280530	7.331193	0.044689	0.009562	-0.006049	-0.178711	-0.348877	-0.644043	-40.854499	11.387777	34.669922
01101		-2.064427	-6.278062	7.333205	0.025923	0.010384	-0.005576	-0.188721	-0.345459	-0.649414	-40.833187	11.395756	34.667566
01102		-2.104195	-6.267776	7.320977	0.020906	0.021469	-0.012018	-0.184570	-0.350342	-0.645264	-40.820920	11.399420	34.657890
01103		-2.117598	-6.183077	7.412018	0.003356	0.037677	-0.021160	-0.179932	-0.344238	-0.649170	-40.816005	11.413365	34.638204
01104		-2.107735	-6.182450	7.378365	-0.009302	0.049976	-0.032465	-0.172119	-0.347168	-0.643799	-40.824996	11.421732	34.608590
01105		-2.106812	-6.217194	7.302799	-0.012824	0.053226	-0.034283	-0.172852	-0.347900	-0.646973	-40.831701	11.437476	34.577148
01106		-2.014464	-6.381351	7.144363	0.006905	0.039007	-0.027228	-0.177002	-0.356689	-0.645996	-40.830127	11.443045	34.554039
01107		-2.005368	-6.460032	7.108197	0.025325	0.025154	-0.012086	-0.188477	-0.352295	-0.642822	-40.810974	11.454899	34.543130
01108		-2.078612	-6.372711	7.197864	0.034328	0.011855	0.001232	-0.175049	-0.352295	-0.637939	-40.789132	11.459358	34.542990
01109		-2.100438	-6.349046	7.230131	0.038411	0.007320	0.004694	-0.176758	-0.351807	-0.644043	-40.759751	11.469716	34.546307
01110		-2.092115	-6.339868	7.254366	0.041917	0.004084	0.006532	-0.176270	-0.349121	-0.640625	-40.732504	11.472784	34.551483
01111		-2.071895	-6.357927	7.226604	0.033904	-0.000881	0.012736	-0.177246	-0.346191	-0.641602	-40.704439	11.482550	34.561482
01112		-2.084464	-6.327926	7.280792	0.035942	-0.003145	0.014472	-0.174805	-0.350098	-0.645508	-40.679364	11.485439	34.572938
01113		-2.092180	-6.307389	7.226447	0.038118	-0.001163	0.012375	-0.175049	-0.352539	-0.639648	-40.648958	11.494897	34.582876
01114		-2.093130	-6.275864	7.248224	0.037145	-0.001189	0.009807	-0.182617	-0.356445	-0.642334	-40.623752	11.496885	34.591520
01115		-2.093656	-6.273004	7.250548	0.036567	0.000110	0.008183	-0.176514	-0.355469	-0.642578	-40.594760	11.505290	34.599104
01116		-2.085401	-6.235131	7.294218	0.042504	-0.004062	0.012706	-0.177734	-0.351318	-0.641602	-40.566007	11.507101	34.610130
01117		-2.083593	-6.208080	7.262048	0.042463	-0.010629	0.013137	-0.181152	-0.355225	-0.645264	-40.532430	11.512632	34.623989
01118		-2.085158	-6.257086	7.280541	0.039667	-0.017877	0.014044	-0.173096	-0.354004	-0.640869	-40.504135	11.508912	34.640861
01119		-2.105681	-6.233157	7.313139	0.027438	-0.022543	0.020621	-0.178223	-0.351807	-0.648438	-40.477646	11.511985	34.662560
01120		-2.053927	-6.295300	7.257751	0.029255	-0.028751	0.022107	-0.177979	-0.353027	-0.651855	-40.453778	11.506507	34.687141
01121		-2.092200	-6.284173	7.246638	0.023064	-0.039913	0.029803	-0.177734	-0.354004	-0.638916	-40.427717	11.505358	34.719500
01122		-2.033971	-6.278415	7.305598	0.012196	-0.043208	0.039909	-0.177734	-0.352783	-0.642090	-40.410954	11.500168	34.757482
01123		-2.053840	-6.284513	7.317752	0.001031	-0.050155	0.045667	-0.177979	-0.347168	-0.647705	-40.395393	11.500374	34.800770
01124		-2.029918	-6.367179	7.195499	-0.010980	-0.055663	0.064571	-0.184082	-0.353271	-0.640381	-40.388781	11.498888	34.854450
01125		-2.014218	-6.406847	7.254624	-0.028530	-0.060467	0.091961	-0.179688	-0.352051	-0.639404	-40.385325	11.511714	34.922250
01126		-1.949802	-6.484167	7.273421	-0.066095	-0.057456	0.127495	-0.186768	-0.358154	-0.639648	-40.404538	11.532812	35.004636
01127		-1.897844	-6.655968	7.209259	-0.117627	-0.051328	0.183967	-0.176514	-0.350586	-0.650635	-40.444633	11.583772	35.109933
01128		-1.916394	-6.820194	7.245847	-0.206803	-0.028592	0.271234	-0.187256	-0.353516	-0.642334	-40.533639	11.671055	35.245299
01129		-1.532667	-6.988987	7.181148	-0.298466	0.029554	0.388807	-0.180420	-0.353760	-0.646484	-40.664873	11.833777	35.410745
01130		-1.634154	-6.239368	7.713294	-0.420502	0.119355	0.471175	-0.186035	-0.348877	-0.646484	-40.868992	12.060706	35.577941
01131		-0.407824	-5.699193	8.080946	-0.568381	0.218990	0.640284	-0.173096	-0.342041	-0.648438	-41.145617	12.400810	35.780955
01132		-1.436351	-6.147744	7.735752	-0.689803	0.353341	0.796892	-0.183105	-0.341064	-0.641602	-41.490923	12.853208	35.999265
01133		-1.049759	-6.184142	7.836880	-0.774602	0.543048	0.870080	-0.170898	-0.336182	-0.644287	-41.889009	13.421466	36.173169
01134		-0.573708	-6.623046	7.735951	-0.786494	0.775748	1.034227	-0.164795	-0.325928	-0.644043	-42.301737	14.147456	36.323021
01135		-0.643199	-6.868862	7.475430	-0.725926	1.059422	1.273343	-0.158691	-0.315918	-0.639160	-42.676910	15.091773	36.459615
01136		-0.974134	-7.564274	7.582913	-0.598172	1.331145	1.550072	-0.145996	-0.314697	-0.643555	-42.979099	16.253865	36.601568
01137		-1.404177	-7.390957	7.532648	-0.519571	1.639717	1.819981	-0.131104	-0.303711	-0.632324	-43.232912	17.655745	36.730887
01138		-1.858687	-7.813999	7.761208	-0.507173	1.917226	2.054128	-0.122314	-0.309814	-0.631348	-43.486162	19.261486	36.841912
01139		-2.782172	-7.414010	8.052584	-0.558609	2.188615	2.252191	-0.096924	-0.314697	-0.635010	-43.773270	21.062434	36.920089
01140		-4.312241	-7.747122	8.127547	-0.793648	2.358773	2.360559	-0.083008	-0.311035	-0.628662	-44.210393	22.973190	36.961280
01141		-5.589421	-7.834008	8.886187	-1.253551	2.463363	2.344208	-0.053955	-0.308105	-0.624756	-44.935558	24.923996	36.929697
01142		-6.935743	-9.139039	9.527882	-1.815998	2.344443	2.279689	-0.036621	-0.291260	-0.620361	-45.992144	26.796295	36.887967
01143		-5.945073	-10.623508	8.806327	-1.963222	2.178981	2.128819	-0.013916	-0.281494	-0.608154	-47.144088	28.543294	36.816962
01144		-3.458232	-11.640351	10.095196	-1.669058	1.782301	1.862253	-0.001709	-0.274414	-0.599365	-48.115916	30.019083	36.780826
01145		-1.468580	-10.756288	9.396398	-1.059097	1.223123	1.611731	0.008057	-0.269531	-0.599854	-48.661117	31.177225	36.890767
01146		0.060027	-9.719567	8.709336	-0.424556	0.799889	1.478427	0.006592	-0.262939	-0.596680	-48.767556	32.115524	37.147333
01147		0.770707	-8.051437	8.257151	0.131890	0.356063	1.413328	0.016846	-0.275146	-0.603760	-48.439388	32.858528	37.607318
01148		-1.387604	-7.493107	9.190035	0.374235	-0.116685	1.380826	0.009521	-0.282959	-0.594971	-47.843167	33.402516	38.301836
01149		-1.649905	-8.702861	9.716712	0.329546	-0.753216	1.018719	0.007080	-0.292236	-0.596191	-47.173694	33.540333	39.162996
01150		0.143719	-7.617348	8.032917	0.184105	-1.191184	0.632020	-0.002197	-0.288574	-0.610596	-46.571045	33.337303	40.061205
01151		0.858835	-6.856240	6.001472	0.146585	-1.434933	0.402802	-0.016357	-0.298828	-0.601563	-45.985372	32.933052	40.968404
01152		1.318756	-6.183245	4.657402	0.198351	-1.522732	0.290443	-0.028809	-0.301758	-0.607910	-45.391850	32.441835	41.852868
01153		1.268572	-6.066453	4.070576	0.277050	-1.516625	0.218988	-0.048584	-0.304932	-0.611084	-44.781017	31.912802	42.691480
01154		0.897930	-6.200743	3.986721	0.334097	-1.498997	0.119063	-0.060059	-0.312744	-0.604248	-44.184381	31.346928	43.459931
01155		0.652402	-6.325041	3.984305	0.343884	-1.478851	-0.029029	-0.069824	-0.322510	-0.612549	-43.632650	30.719258	44.138239
01156		0.461955	-6.328821	3.743021	0.347940	-1.448552	-0.196723	-0.082764	-0.330811	-0.610596	-43.142664	30.037703	44.708567
01157		0.413379	-6.206477	3.407454	0.371184	-1.382293	-0.337454	-0.102783	-0.327881	-0.612061	-42.695868	29.319256	45.172441
01158		0.201438	-6.019813	3.150844	0.388824	-1.281354	-0.450037	-0.106445	-0.330566	-0.621338	-42.299513	28.602727	45.526349
01159		-0.125399	-5.887508	3.095190	0.353414	-1.158572	-0.556186	-0.120605	-0.330566	-0.614990	-41.978193	27.889009	45.769356
01160		-0.548565	-6.194986	3.492979	0.257770	-1.044837	-0.686376	-0.130615	-0.334229	-0.615723	-41.770662	27.179673	45.894033
01161		-1.032100	-6.851709	4.179449	0.111988	-0.961541	-0.866494	-0.142578	-0.333252	-0.616699	-41.702724	26.429741	45.895207
01162		-1.724634	-7.769411	4.793666	-0.041628	-0.923521	-1.111001	-0.145020	-0.337158	-0.615479	-41.782411	25.610036	45.762913
01163		-2.202108	-8.386932	5.165078	-0.158860	-0.918476	-1.405511	-0.157227	-0.330566	-0.625732	-41.985090	24.671769	45.493779
01164		-2.566972	-8.588421	5.292120	-0.227952	-0.888436	-1.698270	-0.165039	-0.337158	-0.625244	-42.282275	23.640443	45.081370
01165		-2.933254	-8.327382	5.367678	-0.254625	-0.829192	-1.939499	-0.165039	-0.329102	-0.615479	-42.636904	22.530595	44.543622
01166		-3.449950	-7.791801	5.567554	-0.251586	-0.755905	-2.112581	-0.177246	-0.321533	-0.626221	-43.016567	21.389108	43.907998
01167		-4.302614	-7.269473	5.911681	-0.262095	-0.681747	-2.212793	-0.186035	-0.320557	-0.628174	-43.412817	20.227086	43.210333
01168		-4.923395	-6.546768	6.267011	-0.320061	-0.603950	-2.272949	-0.184082	-0.309570	-0.627930	-43.844018	19.077079	42.466976
01169		-5.629859	-6.228099	6.635387	-0.406287	-0.517740	-2.287078	-0.198730	-0.302490	-0.624756	-44.319614	17.943575	41.696561
01170		-6.035140	-6.225378	6.896436	-0.452909	-0.421485	-2.264033	-0.203125	-0.299561	-0.628174	-44.812273	16.860334	40.909675
01171		-6.477646	-6.555244	7.153207	-0.376435	-0.339365	-2.209817	-0.215088	-0.283447	-0.630371	-45.246587	15.819204	40.125157
01172		-6.781285	-6.730089	7.333821	-0.234227	-0.275198	-2.140171	-0.219482	-0.284912	-0.633789	-45.582684	14.834341	39.353074
01173		-6.996369	-6.747016	7.353290	-0.073677	-0.226112	-2.065860	-0.230225	-0.275879	-0.629883	-45.809303	13.889875	38.599945
01174		-7.078866	-6.657647	7.223082	0.054371	-0.195377	-1.978998	-0.239990	-0.283203	-0.634277	-45.944523	12.997170	37.874884
01175		-7.190559	-6.512037	6.990402	0.146089	-0.181982	-1.867093	-0.236816	-0.279541	-0.632080	-46.006228	12.149806	37.194467
01176		-7.121154	-6.232435	6.679782	0.167785	-0.165460	-1.753780	-0.250244	-0.281006	-0.630615	-46.038089	11.360081	36.555402
01177		-6.979685	-6.144769	6.332833	0.122704	-0.164772	-1.618280	-0.261230	-0.286865	-0.624512	-46.075769	10.622582	35.973558
01178		-6.756172	-6.063680	6.157617	0.045874	-0.157008	-1.493805	-0.269287	-0.284668	-0.627686	-46.142473	9.942614	35.440307
01179		-6.376443	-6.033065	5.966892	-0.049128	-0.142165	-1.360977	-0.269287	-0.284912	-0.628418	-46.248455	9.320429	34.956669
01180		-5.989303	-5.982547	5.812288	-0.149330	-0.116686	-1.235541	-0.284180	-0.280518	-0.621094	-46.401293	8.761472	34.514529
01181		-5.557046	-5.786360	5.652988	-0.235724	-0.075233	-1.114589	-0.277100	-0.285400	-0.617676	-46.593737	8.266787	34.105716
01182		-5.085084	-5.797128	5.559003	-0.318790	-0.014483	-0.989194	-0.285156	-0.281006	-0.615479	-46.827802	7.847796	33.723225
01183		-4.700237	-5.944551	5.573444	-0.366652	0.050005	-0.863055	-0.293945	-0.290283	-0.609863	-47.082490	7.505238	33.365485
01184		-4.415432	-6.075212	5.646522	-0.401450	0.107748	-0.740842	-0.294189	-0.283447	-0.607666	-47.352956	7.234917	33.032993
01185		-4.198515	-6.203130	5.713821	-0.439860	0.152395	-0.645689	-0.296143	-0.273438	-0.611816	-47.640632	7.021333	32.720093
01186		-4.081477	-6.657398	5.959644	-0.472103	0.179208	-0.572550	-0.302246	-0.280273	-0.604004	-47.944507	6.846648	32.425372
01187		-4.195631	-7.491057	6.475314	-0.459013	0.173080	-0.531584	-0.305176	-0.271973	-0.607666	-48.236800	6.687177	32.149977
01188		-4.190044	-8.146271	6.747751	-0.368191	0.126458	-0.524711	-0.297852	-0.267822	-0.606934	-48.474481	6.510024	31.898275
01189		-3.885103	-8.122197	6.596473	-0.241036	0.067744	-0.542768	-0.311523	-0.269775	-0.599365	-48.635490	6.304311	31.665572
01190		-3.077777	-8.741788	4.794244	-0.099083	0.042460	-0.406255	-0.312256	-0.279541	-0.600830	-48.708393	6.144965	31.496481
01191		-4.998909	-5.018241	5.314304	0.477488	0.585857	0.069670	-0.307373	-0.280029	-0.588623	-48.456457	6.399222	31.273439
01192		-4.112997	-5.483391	4.398238	0.540918	0.518111	0.167064	-0.296387	-0.277100	-0.592773	-48.161983	6.667501	31.118304
01193		-5.584354	-4.563145	4.662890	0.652127	0.689054	0.369078	-0.294434	-0.291992	-0.583252	-47.803481	7.091971	30.968972
01194		-5.697514	-4.066775	4.344879	0.607326	0.787131	0.496550	-0.289551	-0.291260	-0.586426	-47.471058	7.605389	30.830177
01195		-5.191600	-3.410993	3.229644	0.245068	1.056114	0.544592	-0.289551	-0.291504	-0.592285	-47.359961	8.248796	30.596955
01196		-4.230561	-5.296832	2.947643	0.149771	1.414216	0.556892	-0.271484	-0.287109	-0.586426	-47.329058	9.031794	30.216800
01197		-2.751936	-7.475990	7.249304	0.545218	1.728089	0.607527	-0.259766	-0.303955	-0.586914	-47.095495	9.964913	29.723140
01198		-3.820769	-14.067118	13.508244	0.746027	1.952268	0.524184	-0.256104	-0.310547	-0.586670	-46.778099	10.947374	29.104589
01199		-17.227845	-7.166822	22.083392	1.419785	0.467336	0.392618	-0.256836	-0.324219	-0.575439	-45.968949	11.300067	29.068555
01200		-2.003966	-1.423881	11.168958	-0.430546	-0.066924	-0.258011	-0.248047	-0.319824	-0.592285	-46.227538	11.166172	28.996144
01201		-0.206233	-5.766952	5.096312	-0.203359	0.159634	-0.052622	-0.244629	-0.316162	-0.581787	-46.355773	11.214233	28.910948
01202		-2.820708	-10.999921	4.244263	0.228259	0.235900	0.042053	-0.242188	-0.308838	-0.582764	-46.238173	11.324259	28.832225
01203		-2.010274	-7.866057	6.021434	0.249568	0.071488	-0.049590	-0.245361	-0.313232	-0.582275	-46.100195	11.338616	28.785390
01204		-1.529183	-5.540954	7.443376	0.268643	0.110385	0.049766	-0.250000	-0.313965	-0.590332	-45.948469	11.402255	28.763092
01205		-2.490862	-7.358604	6.877437	0.187914	0.078959	0.068132	-0.249756	-0.323242	-0.581055	-45.836997	11.468127	28.761049
01206		-2.049613	-7.849090	5.793682	0.208623	0.036414	0.042818	-0.242432	-0.315674	-0.585938	-45.714043	11.499447	28.767183
01207		-1.970223	-7.087379	6.453032	0.281538	0.033915	0.063446	-0.241455	-0.317383	-0.585205	-45.545703	11.545340	28.782296
01208		-1.994099	-6.835218	6.764603	0.290149	0.027693	0.078518	-0.254639	-0.313965	-0.590820	-45.372327	11.587701	28.806888
01209		-2.106423	-7.078707	6.511860	0.303067	0.024826	0.097788	-0.243652	-0.328613	-0.584961	-45.188022	11.643738	28.840158
01210		-2.204383	-7.040809	6.610393	0.321999	0.001215	0.091147	-0.237793	-0.331055	-0.584229	-44.993028	11.680357	28.881223
01211		-2.222266	-6.552013	7.049582	0.298897	-0.029898	0.077713	-0.250488	-0.330322	-0.590088	-44.808192	11.705802	28.929105
01212		-2.074698	-6.610219	6.858246	0.275095	-0.039697	0.065028	-0.243164	-0.339600	-0.584473	-44.638773	11.714977	28.976403
01213		-2.101311	-6.771529	6.824223	0.273549	-0.036763	0.062187	-0.243896	-0.336426	-0.583008	-44.469103	11.731046	29.020754
01214		-2.067046	-6.591526	6.898031	0.279388	-0.031917	0.059671	-0.245361	-0.345459	-0.577881	-44.298295	11.740984	29.062686
01215		-2.017540	-6.580994	6.824757	0.287093	-0.023172	0.062676	-0.250244	-0.347168	-0.582764	-44.121917	11.762506	29.101758
01216		-2.049859	-6.713942	6.813614	0.300646	-0.011995	0.069929	-0.249756	-0.341553	-0.586182	-43.939662	11.784483	29.139970
01217		-2.108712	-6.775224	6.819801	0.300732	-0.011371	0.079188	-0.249268	-0.349121	-0.585205	-43.754983	11.817119	29.181331
01218		-2.160955	-6.830726	6.848792	0.291627	-0.017033	0.086595	-0.248779	-0.347168	-0.584961	-43.575963	11.843362	29.228787
01219		-2.146221	-6.685893	6.909178	0.276617	-0.012684	0.087002	-0.239502	-0.346436	-0.586182	-43.404284	11.878223	29.274163
01220		-2.206260	-6.687761	6.976470	0.251107	0.000923	0.075633	-0.254883	-0.355713	-0.587646	-43.250844	11.907366	29.309903
01221		-2.456010	-6.816791	7.004141	0.232490	-0.018703	0.063311	-0.253174	-0.359619	-0.593506	-43.105989	11.930133	29.347737
01222		-2.315820	-6.584677	7.101924	0.199418	-0.043222	0.034830	-0.250977	-0.361084	-0.583984	-42.982074	11.924660	29.383811
01223		-2.175722	-6.627488	6.980310	0.165815	-0.043280	0.015153	-0.248779	-0.356689	-0.586670	-42.877672	11.918157	29.410862
01224		-2.194331	-6.625363	7.000765	0.149499	-0.041728	0.010810	-0.248047	-0.364502	-0.595215	-42.784625	11.903825	29.436003
01225		-2.175171	-6.578287	7.021690	0.131316	-0.028151	0.002524	-0.249512	-0.357422	-0.592041	-42.702404	11.898645	29.451558
01226		-2.149004	-6.587948	7.001775	0.130550	-0.021935	-0.006616	-0.250000	-0.357910	-0.588379	-42.623396	11.885814	29.461298
01227		-2.139286	-6.564265	7.108876	0.099727	-0.017144	-0.002934	-0.247559	-0.361572	-0.580811	-42.560702	11.883072	29.470101
01228		-2.096492	-6.601742	7.034759	0.084475	-0.020088	-0.001178	-0.249512	-0.370361	-0.582520	-42.507769	11.873106	29.481426
01229		-2.133873	-6.589899	7.024322	0.069273	-0.019441	0.004957	-0.252686	-0.359131	-0.586182	-42.461672	11.872372	29.494523
01230		-2.147190	-6.535425	7.046218	0.061313	-0.016037	0.003425	-0.254639	-0.357422	-0.586914	-42.421935	11.865880	29.506220
01231		-2.111396	-6.572018	7.023895	0.051604	-0.017837	0.008434	-0.254639	-0.371094	-0.586182	-42.385821	11.867099	29.520171
01232		-2.131518	-6.515230	7.098583	0.042754	-0.010831	0.008728	-0.257080	-0.361084	-0.586182	-42.356671	11.864844	29.532098
01233		-2.134881	-6.546652	7.059107	0.035708	-0.011047	0.005348	-0.254150	-0.368896	-0.584473	-42.330522	11.867679	29.542028
01234		-2.158793	-6.525341	7.090369	0.028350	-0.004589	0.001743	-0.260010	-0.359863	-0.589844	-42.310753	11.865364	29.548469
01235		-2.106292	-6.464798	7.138256	0.018571	-0.001588	-0.000897	-0.251953	-0.355713	-0.588867	-42.295775	11.869743	29.551961
01236		-2.147746	-6.544282	7.095726	0.014893	0.001639	-0.002702	-0.250244	-0.363281	-0.584961	-42.284617	11.868351	29.554023
01237		-2.148800	-6.553434	7.019773	0.006369	0.005965	-0.001822	-0.256592	-0.366943	-0.584229	-42.277345	11.875521	29.554137
01238		-2.110497	-6.559530	7.035828	0.002692	0.009192	-0.003628	-0.251221	-0.366455	-0.578613	-42.273872	11.876974	29.552822
01239		-2.118083	-6.503497	7.075120	-0.004891	0.009508	-0.000574	-0.243164	-0.366455	-0.592773	-42.273271	11.886078	29.552077
01240		-2.129349	-6.481859	7.072176	0.002692	0.009192	-0.003627	-0.253662	-0.358154	-0.585449	-42.269799	11.887531	29.550762
01241		-2.126458	-6.510239	7.051921	-0.010365	0.011946	0.000536	-0.252441	-0.368652	-0.582764	-42.272459	11.898045	29.549535
01242		-2.133750	-6.507254	7.105225	-0.005208	0.016186	-0.000799	-0.260254	-0.356689	-0.588379	-42.273828	11.903554	29.546692
01243		-2.139132	-6.489566	7.047659	-0.009469	0.012342	-0.000921	-0.256836	-0.361084	-0.582031	-42.276165	11.913624	29.544675
01244		-2.153500	-6.493037	7.078415	-0.008885	0.015409	-0.002978	-0.250732	-0.362793	-0.590576	-42.279774	11.917963	29.541192
01245		-2.123063	-6.506111	7.071222	-0.001848	0.015632	0.000411	-0.251221	-0.365234	-0.585693	-42.277919	11.929897	29.538453
01246		-2.124122	-6.568686	7.008774	-0.001846	0.011627	0.000036	-0.250732	-0.364990	-0.589355	-42.276918	11.933794	29.537766
01247		-2.111409	-6.503335	7.039008	0.003980	0.010122	0.003908	-0.247803	-0.366943	-0.592773	-42.271000	11.944689	29.538710
01248		-2.166994	-6.523972	7.089127	0.004259	0.003845	0.000125	-0.250732	-0.361084	-0.593018	-42.265858	11.945321	29.541128
01249		-2.129838	-6.477507	7.090531	0.000030	0.011617	0.005134	-0.253418	-0.363770	-0.599609	-42.262243	11.957273	29.542013
01250		-2.162064	-6.527200	7.034862	0.002379	0.007862	-0.004596	-0.249756	-0.371338	-0.585938	-42.258930	11.957789	29.540803
01251		-2.123841	-6.533446	7.050814	0.003002	0.010529	-0.002646	-0.246582	-0.366455	-0.586182	-42.254250	11.966236	29.538742
01252		-2.145707	-6.489479	7.045740	0.011528	0.006202	-0.003521	-0.247070	-0.371094	-0.586182	-42.245462	11.966463	29.538651
01253		-2.110896	-6.529447	7.020129	0.012154	0.004863	-0.001946	-0.247559	-0.364014	-0.592773	-42.235044	11.972728	29.539122
01254		-2.128238	-6.565710	7.010314	0.014305	0.002581	-0.000255	-0.253906	-0.359131	-0.576904	-42.224076	11.972676	29.541873
01255		-2.132052	-6.536572	7.030998	0.015242	0.002576	0.002295	-0.250000	-0.363281	-0.585693	-42.211361	11.979552	29.545080
01256		-2.163902	-6.522650	7.038516	0.019187	0.005089	0.001448	-0.252686	-0.362061	-0.585938	-42.197647	11.981219	29.547583
01257		-2.129199	-6.499637	7.075331	0.016139	0.002972	0.000839	-0.251709	-0.365479	-0.581055	-42.184618	11.987656	29.549999
01258		-2.112413	-6.523850	7.024874	0.014341	0.002184	0.003755	-0.248291	-0.366211	-0.584473	-42.173235	11.988976	29.554647
01259		-2.157718	-6.512519	7.064187	0.023175	-0.000807	0.003861	-0.249268	-0.365723	-0.584229	-42.155625	11.994917	29.559858
01260		-2.155073	-6.486210	7.031453	0.025324	-0.003087	0.005555	-0.248291	-0.369385	-0.587891	-42.137355	11.994687	29.567361
01261		-2.126466	-6.521445	7.061126	0.026536	-0.005364	0.004701	-0.253418	-0.373291	-0.590820	-42.117400	11.998969	29.574725
01262		-2.129924	-6.491305	7.082758	0.028058	-0.006306	0.004821	-0.250000	-0.367188	-0.588867	-42.097367	11.997084	29.583173
01263		-2.147678	-6.473683	7.059657	0.030831	-0.009921	0.008094	-0.239990	-0.364014	-0.588379	-42.074301	12.000676	29.593798
01264		-2.161055	-6.473976	7.093556	0.032936	-0.007798	0.006156	-0.251221	-0.361816	-0.590088	-42.051231	11.998662	29.603411
01265		-2.153568	-6.465200	7.118288	0.033167	-0.005671	-0.000882	-0.253906	-0.367676	-0.578613	-42.028007	12.000567	29.608460
01266		-2.118692	-6.451169	7.079709	0.032541	-0.008339	-0.002825	-0.249268	-0.375244	-0.595459	-42.005932	11.994871	29.614374
01267		-2.142342	-6.430137	7.110559	0.025776	0.001171	-0.008516	-0.252930	-0.364258	-0.591064	-41.988212	11.996712	29.613415
01268		-2.138355	-6.456891	7.092269	0.017886	0.000153	-0.006446	-0.251709	-0.381104	-0.583252	-41.975554	11.993241	29.614422
01269		-2.123634	-6.505568	7.076607	0.020034	-0.002124	-0.004748	-0.257324	-0.373535	-0.588867	-41.960533	11.995078	29.616392
01270		-2.109652	-6.501484	7.046406	0.021909	-0.006129	-0.000014	-0.245850	-0.370117	-0.585693	-41.944476	11.991394	29.622658
01271		-2.126413	-6.536941	7.037700	0.026517	-0.009347	0.004356	-0.241699	-0.370605	-0.581787	-41.924364	11.993587	29.631417
01272		-2.115388	-6.556672	7.042442	0.027451	-0.009344	0.006908	-0.253662	-0.367676	-0.596191	-41.904245	11.991178	29.641956
01273		-2.129454	-6.504246	7.061696	0.039315	-0.010204	0.007636	-0.250977	-0.371094	-0.583008	-41.876479	11.994204	29.652474
01274		-2.146548	-6.538571	7.053980	0.037201	-0.008313	0.009949	-0.249023	-0.375488	-0.583740	-41.850582	11.993388	29.663935
01275		-2.104984	-6.517737	7.038112	0.036845	-0.009257	0.004974	-0.244629	-0.362061	-0.583252	-41.824589	11.995746	29.672915
01276		-2.153368	-6.539476	7.036804	0.037777	-0.009251	0.007529	-0.249268	-0.367920	-0.587402	-41.798505	11.993595	29.683684
01277		-2.121591	-6.486511	7.094690	0.038670	-0.008856	0.006075	-0.247070	-0.370361	-0.585693	-41.771444	11.996490	29.692981
01278		-2.142034	-6.429975	7.168029	0.031721	-0.009868	0.010696	-0.244385	-0.372070	-0.585449	-41.748493	11.995275	29.705373
01279		-2.093574	-6.403634	7.173536	0.012603	-0.007353	0.013976	-0.257080	-0.374268	-0.587891	-41.735791	12.001774	29.717535
01280		-2.121868	-6.481389	7.099286	-0.004094	-0.013402	0.015198	-0.249268	-0.364746	-0.586670	-41.732663	12.000759	29.733273
01281		-2.119125	-6.509691	7.079388	-0.011272	-0.004502	0.027948	-0.246338	-0.370117	-0.578857	-41.732617	12.013753	29.750432
01282		-2.130350	-6.540491	7.091066	-0.007297	-0.014391	0.030025	-0.255371	-0.375732	-0.578857	-41.729891	12.017969	29.773038
01283		-2.163721	-6.475241	7.082210	-0.013034	-0.009667	0.034521	-0.251221	-0.375244	-0.582764	-41.729868	12.031214	29.795083
01284		-2.144297	-6.403656	7.133830	-0.015183	-0.007388	0.032822	-0.249023	-0.372559	-0.581787	-41.731967	12.039491	29.816183
01285		-2.135225	-6.426008	7.135626	-0.020961	-0.006282	0.032950	-0.260986	-0.366211	-0.582031	-41.736915	12.053545	29.836221
01286		-2.137060	-6.426984	7.134198	-0.025838	-0.000780	0.031980	-0.255371	-0.375000	-0.582520	-41.745726	12.064330	29.854375
01287		-2.146178	-6.434612	7.110132	-0.025881	-0.000391	0.027973	-0.250732	-0.373291	-0.581055	-41.754433	12.078966	29.869940
01288		-2.151470	-6.408103	7.127674	-0.038058	0.003159	0.026647	-0.257813	-0.370605	-0.593994	-41.771048	12.089405	29.884224
01289		-2.174042	-6.418920	7.134712	-0.028379	0.004947	0.021660	-0.252197	-0.369629	-0.585693	-41.782209	12.103878	29.894944
01290		-2.158026	-6.435993	7.157824	-0.031733	0.009509	0.020815	-0.253418	-0.372559	-0.589844	-41.796249	12.114810	29.904196
01291		-2.149708	-6.407357	7.143368	-0.036409	0.013507	0.008422	-0.257568	-0.363037	-0.584229	-41.813935	12.127849	29.905785
01292		-2.182509	-6.397149	7.147075	-0.040705	0.014064	0.004662	-0.260010	-0.374756	-0.590820	-41.834970	12.134560	29.906197
01293		-2.170708	-6.460090	7.050664	-0.040740	0.018463	0.001022	-0.250000	-0.372314	-0.580566	-41.856233	12.146848	29.902614
01294		-2.168263	-6.428354	7.089825	-0.037733	0.020971	-0.002378	-0.254150	-0.370850	-0.580811	-41.876781	12.153814	29.897246
01295		-2.169066	-6.483707	7.101587	-0.039260	0.021921	-0.002491	-0.255371	-0.364014	-0.582275	-41.897831	12.166195	29.890769
01296		-2.156958	-6.483923	7.066888	-0.040167	0.021536	-0.001026	-0.250000	-0.369629	-0.588623	-41.919700	12.173915	29.885764
01297		-2.179101	-6.495702	7.073102	-0.037750	0.020985	-0.002361	-0.255127	-0.365723	-0.589355	-41.939826	12.185902	29.879702
01298		-2.177096	-6.526302	7.050656	-0.031349	0.022544	-0.000536	-0.254395	-0.367920	-0.592041	-41.956683	12.194237	29.874510
01299		-2.136085	-6.500497	7.106431	-0.028933	0.017985	-0.002245	-0.250000	-0.362793	-0.582520	-41.971535	12.204949	29.869666
01300		-2.173003	-6.471759	7.053668	-0.032884	0.019491	-0.001019	-0.252441	-0.372803	-0.589111	-41.989066	12.211795	29.865456
01301		-2.195145	-6.483121	7.060248	-0.033198	0.022166	-0.001616	-0.260254	-0.367432	-0.589355	-42.006677	12.224484	29.859241
01302		-2.174783	-6.466649	7.125046	-0.033238	0.018558	-0.005998	-0.255127	-0.363037	-0.578857	-42.024794	12.229021	29.853224
01303		-2.172762	-6.444777	7.088040	-0.038096	0.015666	-0.003687	-0.254639	-0.373291	-0.586182	-42.044884	12.238109	29.848652
01304		-2.163480	-6.416576	7.073562	-0.032937	0.015893	-0.005389	-0.245850	-0.362793	-0.588623	-42.062553	12.241741	29.843943
01305		-2.135856	-6.456326	7.098955	-0.032630	0.017230	-0.004408	-0.252686	-0.366211	-0.588135	-42.079723	12.251176	29.838441
01306		-2.164673	-6.473841	7.083326	-0.028341	0.012658	-0.001021	-0.252686	-0.368164	-0.593506	-42.094087	12.255109	29.836901
01307		-2.151806	-6.473263	7.049491	-0.032016	0.011888	-0.003205	-0.250000	-0.367920	-0.587646	-42.110364	12.262688	29.834019
01308		-2.138879	-6.410428	7.077600	-0.033203	0.013774	0.001670	-0.251709	-0.368408	-0.592285	-42.127359	12.268128	29.833209
01309		-2.185254	-6.465234	7.050966	-0.037160	0.015280	0.002900	-0.252930	-0.368652	-0.582031	-42.146317	12.279451	29.831647
01310		-2.158096	-6.504898	7.076273	-0.030442	0.014157	0.005323	-0.251709	-0.367432	-0.588135	-42.161426	12.286458	29.832270
01311		-2.163700	-6.488355	7.017402	-0.025247	0.013981	0.007630	-0.243652	-0.367676	-0.588135	-42.173031	12.299009	29.833272
01312		-2.175190	-6.520508	7.027528	-0.017905	0.007504	0.011241	-0.251709	-0.352783	-0.588623	-42.179851	12.305467	29.839083
01313		-2.148813	-6.506324	7.039450	-0.021522	0.009942	0.017459	-0.249023	-0.371582	-0.585449	-42.188097	12.320046	29.845943
01314		-2.181791	-6.494506	7.044535	-0.016045	0.003481	0.015964	-0.249512	-0.365234	-0.589844	-42.193073	12.326616	29.855390
01315		-2.168762	-6.482978	7.088316	-0.017910	0.007509	0.011246	-0.256836	-0.367188	-0.586182	-42.199641	12.337732	29.860506
01316		-2.205285	-6.505437	7.051033	-0.019693	0.006322	0.018175	-0.248535	-0.365479	-0.585693	-42.206738	12.346360	29.869794
01317		-2.178731	-6.491112	7.063181	-0.016362	0.002152	0.014989	-0.247070	-0.360107	-0.583740	-42.211632	12.356608	29.878647
01318		-2.197783	-6.476352	7.036854	-0.016982	0.007504	0.013804	-0.251953	-0.356689	-0.581055	-42.217680	12.364056	29.885569
01319		-2.188405	-6.499002	7.038335	-0.013960	0.006008	0.010023	-0.251953	-0.368408	-0.586182	-42.221999	12.373993	29.890743
01320		-2.192886	-6.471517	7.057412	-0.005762	0.008738	0.004920	-0.248291	-0.371094	-0.583984	-42.222548	12.378546	29.893320
01321		-2.193742	-6.471838	7.056852	-0.006074	0.007406	0.003941	-0.255127	-0.369873	-0.586426	-42.223048	12.386697	29.895301
01322		-2.208108	-6.474970	7.087945	-0.002763	0.011653	-0.002485	-0.249512	-0.366943	-0.587891	-42.222814	12.389636	29.893511
01323		-2.205548	-6.450665	7.053257	-0.003721	0.012068	-0.009049	-0.256348	-0.368896	-0.585693	-42.223583	12.394730	29.888011
01324		-2.184414	-6.494537	7.058275	0.003287	0.008660	-0.010048	-0.250732	-0.365234	-0.587891	-42.220335	12.393486	29.884116
01325		-2.187804	-6.466402	7.078300	0.006337	0.006760	-0.009818	-0.246582	-0.369629	-0.586670	-42.214978	12.395997	29.880374
01326		-2.187663	-6.527982	7.016709	0.017327	0.001443	-0.008035	-0.246826	-0.363770	-0.584717	-42.202887	12.392466	29.880197
01327		-2.183672	-6.492518	7.060363	0.022524	0.001259	-0.005729	-0.250732	-0.363037	-0.581299	-42.187428	12.394180	29.880399
01328		-2.159004	-6.510199	7.032746	0.018850	0.000494	-0.007917	-0.245605	-0.363770	-0.580811	-42.174373	12.390292	29.880645
01329		-2.207119	-6.470919	7.091951	0.022210	-0.000071	-0.006706	-0.246582	-0.367676	-0.590088	-42.159093	12.391025	29.880944
01330		-2.192920	-6.466910	7.061623	0.017296	0.001848	-0.012041	-0.255371	-0.368408	-0.583252	-42.147429	12.386126	29.878862
01331		-2.202664	-6.496893	7.074274	0.012461	0.002560	-0.005345	-0.257813	-0.367920	-0.590576	-42.137841	12.388466	29.878716
01332		-2.164343	-6.450416	7.076394	0.003281	0.004650	-0.010435	-0.250244	-0.362305	-0.588867	-42.134294	12.385375	29.876229
01333		-2.195307	-6.437714	7.082884	0.002633	0.006395	-0.016018	-0.255615	-0.363037	-0.581055	-42.131670	12.385205	29.869931
01334		-2.204992	-6.468907	7.094448	-0.002849	0.008850	-0.014907	-0.250000	-0.366211	-0.584473	-42.132407	12.382181	29.863845
01335		-2.218733	-6.482007	7.048992	-0.004713	0.008869	-0.020011	-0.255127	-0.368164	-0.590332	-42.134582	12.381494	29.854837
01336		-2.190099	-6.467203	7.062230	0.004722	0.008921	-0.021959	-0.255371	-0.359863	-0.586670	-42.131644	12.375789	29.845656
01337		-2.196301	-6.473397	7.040035	0.010202	0.006470	-0.023067	-0.248291	-0.372070	-0.582275	-42.125371	12.372879	29.836261
01338		-2.177289	-6.488594	7.065939	0.015372	0.002686	-0.025153	-0.253418	-0.365967	-0.593750	-42.116102	12.363299	29.828142
01339		-2.158503	-6.512790	7.015946	0.027606	-0.005301	-0.020212	-0.260742	-0.368164	-0.575928	-42.098618	12.356452	29.824616
01340		-2.188147	-6.498292	7.024533	0.034328	-0.010432	-0.018169	-0.256348	-0.373535	-0.587158	-42.076733	12.343981	29.824689
01341		-2.179141	-6.489890	7.049608	0.037684	-0.010990	-0.016953	-0.250732	-0.364258	-0.583008	-42.052720	12.335932	29.824808
01342		-2.156020	-6.468892	7.119677	0.034346	-0.010826	-0.014151	-0.248291	-0.363037	-0.582764	-42.030421	12.324834	29.826775
01343		-2.165185	-6.445109	7.119251	0.030074	-0.006648	-0.013521	-0.247803	-0.369141	-0.579102	-42.010829	12.319913	29.826675
01344		-2.139467	-6.462738	7.092030	0.016972	-0.007481	-0.013764	-0.253174	-0.367920	-0.578613	-41.998730	12.310387	29.827491
01345		-2.193873	-6.492587	7.066420	0.014543	-0.006927	-0.012424	-0.257568	-0.363037	-0.587402	-41.987921	12.305728	29.827976
01346		-2.140435	-6.495511	7.051977	0.014228	-0.004252	-0.013019	-0.250244	-0.362793	-0.578125	-41.977597	12.297863	29.827846
01347		-2.174412	-6.516575	7.016948	0.009371	-0.003145	-0.010341	-0.260498	-0.364014	-0.584473	-41.969896	12.295578	29.827753
01348		-2.180093	-6.512739	7.071582	0.004829	-0.004714	-0.007066	-0.254150	-0.365479	-0.585449	-41.964365	12.289797	29.830398
01349		-2.137961	-6.494452	7.053702	0.002433	-0.004561	-0.001719	-0.249756	-0.376465	-0.581787	-41.959750	12.290181	29.834615
01350		-2.168960	-6.481773	7.060207	-0.001552	-0.002663	-0.004506	-0.244141	-0.371582	-0.578125	-41.957809	12.286254	29.837571
01351		-2.157989	-6.503638	7.062921	0.000902	0.000394	-0.001457	-0.243652	-0.374756	-0.586670	-41.954481	12.288813	29.839959
01352		-2.161387	-6.475779	7.082558	-0.005505	-0.001164	-0.003284	-0.253906	-0.368408	-0.586914	-41.954817	12.285992	29.842860
01353		-2.161695	-6.476214	7.082066	-0.007881	0.006606	0.006830	-0.253906	-0.373535	-0.583740	-41.956288	12.294339	29.846425
01354		-2.155279	-6.470250	7.104041	-0.003958	0.005507	0.001601	-0.251953	-0.365967	-0.583008	-41.955841	12.296232	29.848841
01355		-2.138622	-6.433660	7.114066	-0.012484	0.005837	0.002090	-0.257324	-0.368652	-0.581055	-41.960340	12.302400	29.850642
01356		-2.156495	-6.471444	7.102584	-0.007603	0.008341	0.003801	-0.263428	-0.368164	-0.584473	-41.962013	12.306344	29.852906
01357		-2.188739	-6.521341	7.046483	-0.001470	0.004155	0.008279	-0.245117	-0.373047	-0.590088	-41.959492	12.314130	29.858067
01358		-2.165054	-6.477819	7.079571	0.000339	0.000934	0.004986	-0.254883	-0.364990	-0.583008	-41.955884	12.315371	29.863752
01359		-2.165532	-6.477853	7.079394	-0.004238	0.003774	0.004633	-0.248535	-0.369385	-0.585693	-41.955277	12.321567	29.867472
01360		-2.186606	-6.487110	7.088220	-0.002149	0.002287	-0.001692	-0.250000	-0.363770	-0.584229	-41.953829	12.320827	29.869715
01361		-2.166264	-6.478236	7.078820	-0.004832	0.004714	0.007067	-0.256348	-0.370361	-0.589600	-41.953428	12.328325	29.874127
01362		-2.180996	-6.490891	7.033594	-0.000593	0.000940	0.002434	-0.248779	-0.358643	-0.583496	-41.950592	12.328591	29.878697
01363		-2.167015	-6.478182	7.078639	0.002767	0.000381	0.003647	-0.262207	-0.366455	-0.580078	-41.945812	12.332902	29.883316
01364		-2.198825	-6.465311	7.085057	-0.001187	0.001881	0.004868	-0.247803	-0.367920	-0.584229	-41.943167	12.334501	29.888580
01365		-2.150507	-6.441010	7.089168	-0.002463	0.004962	-0.002288	-0.250000	-0.363281	-0.587402	-41.942334	12.338461	29.888813
01366		-2.171568	-6.450461	7.097818	-0.007040	0.007803	-0.002640	-0.253662	-0.367676	-0.593262	-41.944238	12.339708	29.888480
01367		-2.189171	-6.488158	7.086468	-0.007943	0.007409	-0.001184	-0.258545	-0.373047	-0.590332	-41.946656	12.345102	29.888237
01368		-2.172294	-6.452082	7.096123	-0.018958	0.009095	-0.007373	-0.248535	-0.372803	-0.579102	-41.955939	12.345086	29.885332
01369		-2.154891	-6.469125	7.119806	-0.020771	0.012318	-0.004077	-0.250977	-0.369873	-0.583740	-41.966401	12.351433	29.881903
01370		-2.194014	-6.464122	7.102209	-0.016229	0.013889	-0.007348	-0.254639	-0.371826	-0.581543	-41.974520	12.353469	29.877128
01371		-2.170199	-6.484654	7.071735	-0.022645	0.016345	-0.008793	-0.256348	-0.362061	-0.591553	-41.986844	12.359691	29.870062
01372		-2.202200	-6.473818	7.076236	-0.024483	0.015960	-0.009886	-0.254395	-0.361328	-0.582764	-42.000104	12.361634	29.863368
01373		-2.150435	-6.479277	7.058962	-0.020844	0.017138	-0.011700	-0.254150	-0.356689	-0.583252	-42.011750	12.367049	29.854721
01374		-2.164548	-6.483739	7.088908	-0.018696	0.014851	-0.010008	-0.248535	-0.365723	-0.581543	-42.021614	12.368470	29.848408
01375		-2.151211	-6.482517	7.055751	-0.020534	0.014466	-0.011102	-0.253906	-0.370117	-0.587158	-42.032817	12.372941	29.841071
01376		-2.172315	-6.493113	7.063318	-0.015059	0.016031	-0.011820	-0.260254	-0.364746	-0.588623	-42.040866	12.374167	29.833505
01377		-2.190002	-6.469320	7.113350	-0.017175	0.013907	-0.009886	-0.256592	-0.375488	-0.584229	-42.050001	12.378832	29.826916
01378		-2.172776	-6.496004	7.060518	-0.017233	0.014720	-0.017898	-0.247803	-0.362549	-0.584717	-42.059754	12.377166	29.817217
01379		-2.183481	-6.475749	7.056446	-0.016583	0.012972	-0.012318	-0.247314	-0.360352	-0.584229	-42.068711	12.380469	29.809937
01380		-2.162192	-6.520647	7.060510	-0.013846	0.013756	-0.012675	-0.251221	-0.366943	-0.583740	-42.075954	12.380395	29.802891
01381		-2.165807	-6.493879	7.079235	-0.012934	0.010143	-0.014517	-0.250244	-0.372070	-0.581543	-42.082804	12.381619	29.795766
01382		-2.176458	-6.473495	7.075314	-0.018703	0.010849	-0.010384	-0.247070	-0.364014	-0.588867	-42.092371	12.381187	29.790860
01383		-2.172963	-6.503022	7.053996	-0.018398	0.012184	-0.009402	-0.253662	-0.366455	-0.586914	-42.102057	12.385211	29.785160
01384		-2.163028	-6.473763	7.040772	-0.021167	0.011811	-0.013047	-0.257813	-0.372803	-0.594971	-42.113366	12.384163	29.778717
01385		-2.186774	-6.509482	7.082245	-0.024534	0.012374	-0.014256	-0.255859	-0.370361	-0.578125	-42.127052	12.386371	29.770830
01386		-2.166115	-6.502273	7.071431	-0.022674	0.012352	-0.009153	-0.249023	-0.366943	-0.585449	-42.138907	12.387047	29.765868
01387		-2.173185	-6.510427	7.047094	-0.024846	0.011046	-0.015232	-0.252930	-0.370361	-0.588867	-42.152763	12.388284	29.758080
01388		-2.180139	-6.518538	7.022816	-0.021456	0.010075	-0.010014	-0.256348	-0.360840	-0.584229	-42.163808	12.387659	29.753640
01389		-2.152314	-6.504934	7.034752	-0.021764	0.008744	-0.010993	-0.238770	-0.369629	-0.581299	-42.175326	12.389518	29.748601
01390		-2.165929	-6.509603	7.064742	-0.020236	0.007798	-0.010876	-0.250244	-0.363037	-0.589355	-42.185560	12.387593	29.744684
01391		-2.165769	-6.511307	7.063221	-0.020864	0.009146	-0.012443	-0.255615	-0.362305	-0.583496	-42.196746	12.389032	29.738857
01392		-2.176209	-6.491155	7.059192	-0.017485	0.004573	-0.011625	-0.256104	-0.366943	-0.583496	-42.205201	12.385448	29.735886
01393		-2.176014	-6.492578	7.057944	-0.016569	0.008571	-0.008679	-0.255615	-0.371338	-0.579834	-42.213537	12.388061	29.731922
01394		-2.186417	-6.472224	7.054125	-0.015984	0.004042	-0.015512	-0.251953	-0.378418	-0.585938	-42.221449	12.382755	29.727473
01395		-2.157429	-6.510934	7.080820	-0.014443	0.006692	-0.010998	-0.253662	-0.357910	-0.582764	-42.228633	12.383652	29.723244
01396		-2.143241	-6.509222	7.048243	-0.014151	0.004429	-0.014414	-0.255371	-0.365723	-0.585205	-42.235424	12.378932	29.719121
01397		-2.174167	-6.497964	7.053555	-0.015056	0.004030	-0.012959	-0.247314	-0.359375	-0.586182	-42.242926	12.377910	29.715092
01398		-2.173609	-6.499308	7.052488	-0.015058	0.004031	-0.012958	-0.250732	-0.370605	-0.583984	-42.250067	12.373581	29.711759
01399		-2.162241	-6.522527	7.053943	-0.017523	0.004995	-0.015620	-0.251465	-0.366211	-0.587646	-42.259320	12.371917	29.706196
01400		-2.161631	-6.523946	7.052818	-0.014433	0.002685	-0.011389	-0.257813	-0.365723	-0.593506	-42.265843	12.367621	29.704077
01401		-2.160781	-6.525164	7.051952	-0.012286	-0.003203	-0.014107	-0.253418	-0.365479	-0.585205	-42.271273	12.363034	29.702407
01402		-2.157033	-6.501410	7.017097	-0.011619	-0.001374	-0.004138	-0.250488	-0.369385	-0.584473	-42.275167	12.359811	29.705037
01403		-2.156709	-6.502316	7.016357	-0.011039	0.001707	-0.006175	-0.243408	-0.362549	-0.585205	-42.279572	12.360334	29.704874
01404		-2.152356	-6.521715	7.072438	-0.007347	-0.001536	-0.004382	-0.252930	-0.358154	-0.583740	-42.281028	12.356949	29.707462
01405		-2.176609	-6.513029	7.024185	-0.010118	-0.001903	-0.008026	-0.252686	-0.364746	-0.588379	-42.284782	12.355200	29.707922
01406		-2.165422	-6.535567	7.026183	-0.008575	0.000743	-0.003512	-0.260986	-0.363281	-0.593994	-42.287053	12.353117	29.709988
01407		-2.141251	-6.492928	7.059218	-0.007947	-0.000605	-0.001946	-0.257324	-0.359375	-0.584229	-42.289123	12.354237	29.712574
01408		-2.150908	-6.524579	7.070236	-0.009186	-0.001919	-0.005476	-0.254150	-0.363037	-0.583740	-42.291701	12.350268	29.714839
01409		-2.168505	-6.509698	7.044473	-0.008594	0.004754	-0.003112	-0.259521	-0.363281	-0.578857	-42.294709	12.353180	29.714805
01410		-2.161401	-6.504245	7.066424	-0.008881	-0.000587	-0.004494	-0.248291	-0.368164	-0.579834	-42.297134	12.350155	29.716971
01411		-2.157351	-6.533023	7.045722	-0.012575	0.002657	-0.006284	-0.258545	-0.362549	-0.583496	-42.302547	12.350929	29.716391
01412		-2.136465	-6.524711	7.035968	-0.009529	0.004773	-0.005659	-0.247314	-0.358154	-0.581299	-42.305903	12.349726	29.715936
01413		-2.157226	-6.534701	7.044204	-0.009805	0.003023	-0.002640	-0.251465	-0.367188	-0.575195	-42.309434	12.352033	29.716793
01414		-2.154143	-6.510565	7.009492	-0.007673	0.001146	-0.004963	-0.247559	-0.361816	-0.583496	-42.311356	12.349561	29.718072
01415		-2.129079	-6.520717	7.056662	-0.008883	-0.000586	-0.004493	-0.256592	-0.358887	-0.586426	-42.314237	12.349598	29.719550
01416		-2.142860	-6.533436	7.011185	-0.001838	-0.000383	-0.001095	-0.255859	-0.364746	-0.589844	-42.312328	12.347970	29.723111
01417		-2.163484	-6.543038	7.019823	-0.007949	-0.000604	-0.001944	-0.254883	-0.365967	-0.580322	-42.314448	12.348952	29.725703
01418		-2.139355	-6.500288	7.053016	-0.005208	0.000181	-0.002302	-0.254150	-0.352783	-0.585205	-42.314630	12.347098	29.728517
01419		-2.167056	-6.516010	7.039080	-0.004274	0.000162	0.000246	-0.254150	-0.355713	-0.582520	-42.314516	12.349223	29.731757
01420		-2.156270	-6.538043	7.041395	-0.003370	0.000564	-0.001207	-0.251221	-0.370605	-0.591064	-42.313576	12.347954	29.734895
01421		-2.156099	-6.538443	7.041076	-0.006142	0.000200	-0.004850	-0.252197	-0.362061	-0.590088	-42.315018	12.348105	29.735911
01422		-2.159741	-6.511011	7.060698	-0.004903	0.001512	-0.001319	-0.245605	-0.362793	-0.590332	-42.315046	12.347194	29.738626
01423		-2.173727	-6.523598	7.015264	-0.003371	0.000564	-0.001207	-0.250977	-0.360596	-0.583984	-42.314602	12.348879	29.741078
01424		-2.138802	-6.502538	7.051109	-0.006771	0.001550	-0.006414	-0.253418	-0.357666	-0.581055	-42.316176	12.346019	29.741568
01425		-2.162621	-6.546322	7.017027	-0.005533	0.002862	-0.002883	-0.252441	-0.361816	-0.585693	-42.317329	12.348006	29.742388
01426		-2.166204	-6.518821	7.036739	-0.003076	-0.001694	-0.004626	-0.255859	-0.358154	-0.585693	-42.316346	12.344461	29.744935
01427		-2.166132	-6.519069	7.036532	-0.002761	0.003225	0.000760	-0.255615	-0.373291	-0.588135	-42.315616	12.347984	29.747190
01428		-2.145354	-6.510003	7.027440	-0.001238	-0.001311	-0.003531	-0.246582	-0.361084	-0.593018	-42.313512	12.345025	29.750060
01429		-2.165951	-6.519282	7.036390	0.000629	-0.001350	0.001565	-0.249268	-0.361328	-0.583252	-42.310387	12.346895	29.754472
01430		-2.165992	-6.519220	7.036435	-0.000275	-0.001752	0.003017	-0.249268	-0.362305	-0.584717	-42.307086	12.346274	29.760356
01431		-2.138276	-6.503831	7.050076	0.000000	0.000000	0.000000	-0.260010	-0.363525	-0.587402	-42.304589	12.348090	29.763556
01432		-2.165936	-6.519071	7.036591	0.003970	-0.001493	-0.001229	-0.255615	-0.358154	-0.581299	-42.299272	12.345940	29.767496
01433		-2.169503	-6.491159	7.056692	-0.002143	-0.001713	-0.002078	-0.262695	-0.354736	-0.586914	-42.298058	12.346205	29.770472
01434		-2.137723	-6.503778	7.050293	0.000599	-0.000928	-0.002436	-0.245850	-0.360352	-0.583008	-42.294831	12.343828	29.773665
01435		-2.151382	-6.507037	7.081696	-0.004275	0.000162	0.000246	-0.257813	-0.369141	-0.581543	-42.294786	12.345760	29.776911
01436		-2.165417	-6.519540	7.036316	-0.002162	0.002297	-0.001676	-0.249268	-0.364258	-0.575928	-42.293344	12.345043	29.779161
01437		-2.158450	-6.513770	7.058547	-0.006163	0.004211	-0.004447	-0.261475	-0.361084	-0.588135	-42.295163	12.346858	29.778773
01438		-2.144743	-6.511152	7.026562	-0.004954	0.005944	-0.004916	-0.258301	-0.359619	-0.586426	-42.295928	12.346438	29.778178
01439		-2.130852	-6.499390	7.071226	-0.005584	0.007295	-0.006480	-0.246094	-0.364990	-0.581299	-42.297872	12.348751	29.775692
01440		-2.165716	-6.521435	7.034467	-0.006488	0.006892	-0.005027	-0.250977	-0.355469	-0.576172	-42.299606	12.348690	29.774674
01441		-2.165751	-6.521819	7.034101	-0.000984	0.004453	-0.006145	-0.253418	-0.369629	-0.583252	-42.298650	12.349904	29.773457
01442		-2.138003	-6.506589	7.047614	-0.000050	0.004433	-0.003597	-0.243164	-0.362305	-0.586426	-42.296356	12.349352	29.774030
01443		-2.154839	-6.543818	7.036467	0.000245	0.002175	-0.007017	-0.251953	-0.356445	-0.587158	-42.294591	12.349241	29.773334
01444		-2.148414	-6.485097	7.044932	-0.000659	0.001773	-0.005564	-0.257568	-0.367188	-0.585938	-42.292604	12.346804	29.774104
01445		-2.176075	-6.500596	7.031196	-0.000051	0.004433	-0.003597	-0.249023	-0.357422	-0.583740	-42.290890	12.348946	29.774002
01446		-2.155306	-6.491302	7.022311	0.003920	0.002942	-0.004826	-0.249023	-0.356201	-0.592041	-42.286309	12.347288	29.774630
01447		-2.154365	-6.544037	7.036409	-0.001838	-0.000383	-0.001095	-0.252686	-0.363525	-0.578369	-42.284987	12.348333	29.777514
01448		-2.158105	-6.516207	7.056402	0.002386	0.003889	-0.004938	-0.249512	-0.358887	-0.587158	-42.281375	12.347034	29.777720
01449		-2.144424	-6.513112	7.024843	-0.000377	0.007114	-0.004178	-0.253418	-0.367188	-0.578369	-42.280144	12.350047	29.776309
01450		-2.158186	-6.516455	7.056149	-0.001919	0.004473	-0.008691	-0.247803	-0.361084	-0.584229	-42.279397	12.347548	29.774656
01451		-2.151010	-6.510532	7.078597	0.000548	0.003507	-0.006032	-0.247803	-0.359131	-0.576660	-42.277511	12.348294	29.773864
01452		-2.144017	-6.513704	7.024418	-0.001290	0.003123	-0.007127	-0.255371	-0.368896	-0.585938	-42.276144	12.345827	29.773422
01453		-2.168507	-6.495328	7.053162	-0.001312	0.007135	-0.006724	-0.256348	-0.361816	-0.579346	-42.275701	12.347821	29.770899
01454		-2.157650	-6.517088	7.055729	0.004823	0.003347	-0.006277	-0.256592	-0.366211	-0.588379	-42.270772	12.345776	29.770738
01455		-2.147544	-6.486029	7.044338	0.000547	0.003507	-0.006032	-0.252686	-0.360596	-0.594482	-42.268898	12.346480	29.769947
01456		-2.146736	-6.538759	7.058394	0.001511	0.003064	0.000515	-0.256592	-0.368408	-0.589355	-42.265211	12.346932	29.772845
01457		-2.157571	-6.516871	7.055953	0.003342	-0.000140	-0.002792	-0.258789	-0.362793	-0.579346	-42.261134	12.347315	29.774900
01458		-2.171783	-6.467184	7.073592	0.001800	-0.002781	-0.007306	-0.260498	-0.365967	-0.588867	-42.257515	12.342275	29.776708
01459		-2.136140	-6.507516	7.047323	0.001784	0.004818	-0.002501	-0.252197	-0.355225	-0.586426	-42.254724	12.344854	29.776936
01460		-2.167674	-6.495047	7.053677	-0.000030	0.000423	-0.003999	-0.256348	-0.359375	-0.586914	-42.252117	12.342446	29.778916
01461		-2.163663	-6.523121	7.033536	-0.003098	0.002317	-0.004223	-0.255371	-0.370117	-0.581787	-42.252077	12.343280	29.779383
01462		-2.142740	-6.514055	7.024482	-0.000030	0.000423	-0.003999	-0.257324	-0.370850	-0.593994	-42.249470	12.340872	29.781363
01463		-2.160164	-6.489454	7.075923	-0.001564	0.001370	-0.004111	-0.260010	-0.361816	-0.592041	-42.248471	12.341327	29.782252
01464		-2.156219	-6.517318	7.055953	0.003645	0.001191	-0.001808	-0.255127	-0.370361	-0.581787	-42.243620	12.340089	29.784880
01465		-2.135333	-6.508026	7.047097	-0.000661	0.001774	-0.005562	-0.256592	-0.361816	-0.588623	-42.242275	12.340136	29.784981
01466		-2.128255	-6.502198	7.069426	-0.005536	0.002860	-0.002883	-0.255371	-0.371094	-0.586670	-42.242925	12.339192	29.786484
01467		-2.166754	-6.496356	7.052754	-0.006744	0.001126	-0.002414	-0.251709	-0.369629	-0.589600	-42.244723	12.340153	29.788209
01468		-2.135124	-6.509296	7.045986	-0.004633	0.003264	-0.004334	-0.246094	-0.365723	-0.584961	-42.245024	12.338821	29.788923
01469		-2.148967	-6.512888	7.077050	-0.005864	0.005541	-0.003462	-0.252930	-0.373291	-0.594238	-42.246793	12.341232	29.788452
01470		-2.149024	-6.513343	7.076613	-0.004633	0.003264	-0.004334	-0.253174	-0.364746	-0.584473	-42.247094	12.339900	29.789166
01471		-2.148989	-6.513671	7.076322	-0.001892	0.004052	-0.004690	-0.256104	-0.369141	-0.583252	-42.246579	12.341185	29.788752
01472		-2.156093	-6.520157	7.053368	-0.007042	0.003383	0.001004	-0.254639	-0.362549	-0.585693	-42.247775	12.341960	29.791737
01473		-2.138282	-6.536051	7.078261	0.001147	0.002583	-0.008465	-0.255615	-0.361328	-0.584473	-42.245750	12.341148	29.790267
01474		-2.166626	-6.498970	7.050384	-0.005210	0.000179	-0.002302	-0.242920	-0.363281	-0.589355	-42.245933	12.339291	29.793079
01475		-2.135041	-6.511824	7.043675	-0.004331	0.004595	-0.003350	-0.253662	-0.364014	-0.582764	-42.246746	12.341283	29.793032
01476		-2.128186	-6.506111	7.065845	-0.004962	0.005946	-0.004913	-0.250244	-0.362061	-0.591064	-42.247516	12.340866	29.792437
01477		-2.145253	-6.543649	7.054313	-0.004028	0.005925	-0.002366	-0.245117	-0.363281	-0.584961	-42.248182	12.343779	29.792299
01478		-2.146252	-6.491277	7.039897	-0.004634	0.003265	-0.004333	-0.255371	-0.356689	-0.584717	-42.248484	12.342448	29.793012
01479		-2.156193	-6.522543	7.051132	-0.000055	0.004436	-0.003593	-0.257813	-0.359863	-0.584717	-42.246868	12.344237	29.792930
01480		-2.103971	-6.526125	7.035469	-0.009239	0.006105	-0.004668	-0.247803	-0.360107	-0.589111	-42.250079	12.343981	29.792379
01481		-2.160255	-6.495612	7.070243	-0.002797	0.003649	-0.003237	-0.252441	-0.356934	-0.582275	-42.249943	12.345551	29.792760
01482		-2.142572	-6.511692	7.094932	-0.008609	0.004754	-0.003104	-0.250977	-0.375244	-0.592041	-42.252534	12.345325	29.793420
01483		-2.174468	-6.508929	7.023981	-0.006196	0.008224	-0.004039	-0.251465	-0.366699	-0.588379	-42.254807	12.348507	29.791647
01484		-2.143041	-6.512841	7.093735	-0.006499	0.006894	-0.005022	-0.257568	-0.364746	-0.582031	-42.256547	12.348449	29.790630
01485		-2.150067	-6.519551	7.070577	-0.006802	0.005564	-0.006006	-0.262207	-0.366699	-0.589355	-42.259129	12.349728	29.789062
01486		-2.147247	-6.495214	7.035962	-0.006197	0.008225	-0.004037	-0.251709	-0.369385	-0.585938	-42.260717	12.350614	29.787948
01487		-2.129636	-6.511392	7.060542	-0.006802	0.005565	-0.006005	-0.250732	-0.362061	-0.590332	-42.263304	12.351874	29.786375
01488		-2.182185	-6.508970	7.075037	-0.009900	0.011470	-0.005821	-0.260986	-0.355957	-0.582764	-42.267454	12.353449	29.783207
01489		-2.130135	-6.512856	7.059041	-0.008611	0.004755	-0.003103	-0.254639	-0.365723	-0.596191	-42.270743	12.355467	29.783216
01490		-2.157882	-6.528988	7.044647	-0.008066	0.008270	-0.009128	-0.262695	-0.365967	-0.589844	-42.273879	12.354409	29.779875
01491		-2.123388	-6.508051	7.080377	-0.004664	0.007279	-0.003924	-0.252930	-0.362793	-0.584961	-42.275201	12.357161	29.778529
01492		-2.148372	-6.499013	7.032108	-0.006200	0.008226	-0.004035	-0.251465	-0.364502	-0.585449	-42.276791	12.358049	29.777416
01493		-2.148579	-6.499502	7.031593	-0.004967	0.005950	-0.004908	-0.261475	-0.366455	-0.580566	-42.278268	12.359838	29.776174
01494		-2.161615	-6.555972	7.076539	-0.006503	0.006897	-0.005019	-0.250000	-0.359619	-0.583740	-42.280010	12.359782	29.775157
01495		-2.148808	-6.500467	7.030632	-0.003431	0.005004	-0.004796	-0.247803	-0.368408	-0.581055	-42.280523	12.361195	29.774339
01496		-2.128096	-6.491502	7.021428	-0.003431	0.005004	-0.004796	-0.256104	-0.362793	-0.582520	-42.280326	12.360423	29.774167
01497		-2.144961	-6.519938	7.086632	-0.002800	0.003651	-0.003234	-0.254150	-0.357666	-0.591064	-42.280222	12.361847	29.774554
01498		-2.162970	-6.504748	7.061007	-0.008011	0.007416	-0.001132	-0.254395	-0.365723	-0.587891	-42.282512	12.363509	29.775020
01499		-2.138411	-6.523872	7.031494	-0.006203	0.004644	-0.008438	-0.253418	-0.360840	-0.580566	-42.284928	12.363330	29.772755
01500		-2.117662	-6.515125	7.022100	-0.006777	0.005139	-0.002006	-0.260010	-0.359131	-0.586426	-42.286399	12.363692	29.773740
01501		-2.163274	-6.506523	7.059279	-0.008615	0.004757	-0.003101	-0.256104	-0.359619	-0.588867	-42.289717	12.365597	29.773767
01502		-2.170289	-6.513283	7.036035	-0.007711	0.005163	-0.004551	-0.244385	-0.360107	-0.578369	-42.291962	12.364986	29.773638
01503		-2.129089	-6.495184	7.017721	-0.006175	0.007800	-0.000035	-0.252686	-0.363770	-0.576660	-42.293859	12.369349	29.773776
01504		-2.160232	-6.536190	7.037244	-0.011388	0.007981	-0.002337	-0.254639	-0.363770	-0.585449	-42.298243	12.370787	29.773495
01505		-2.160420	-6.537013	7.036422	-0.009549	0.004781	-0.005647	-0.255615	-0.362061	-0.588379	-42.302345	12.371689	29.772404
01506		-2.164579	-6.509792	7.055864	-0.005272	0.008206	-0.001483	-0.250244	-0.369141	-0.584961	-42.303165	12.373551	29.772404
01507		-2.133239	-6.522608	7.049093	-0.004065	0.006360	-0.006354	-0.259521	-0.364258	-0.588867	-42.304330	12.374835	29.770359
01508		-2.164860	-6.510684	7.054954	-0.006176	0.004218	-0.004439	-0.251221	-0.371826	-0.584229	-42.305605	12.373867	29.770652
01509		-2.161004	-6.539011	7.034386	-0.005875	0.005547	-0.003453	-0.253418	-0.364258	-0.586182	-42.307471	12.375908	29.770205
01510		-2.171970	-6.517812	7.031321	-0.007081	0.003811	-0.002989	-0.259033	-0.369873	-0.584229	-42.309096	12.375327	29.771288
01511		-2.140375	-6.530737	7.024520	-0.005272	0.004625	-0.005888	-0.253174	-0.359619	-0.583496	-42.310771	12.376023	29.770154
01512		-2.154226	-6.534321	7.055662	-0.002169	0.002300	-0.001671	-0.252197	-0.360352	-0.582031	-42.309331	12.375311	29.772405
01513		-2.147519	-6.528512	7.077959	-0.004943	0.005524	-0.000907	-0.260010	-0.363770	-0.587646	-42.310437	12.378292	29.773078
01514		-2.151456	-6.509899	7.021088	-0.000661	0.001785	-0.005556	-0.251709	-0.357178	-0.582764	-42.308451	12.375863	29.773847
01515		-2.154564	-6.535019	7.054912	-0.002473	0.004553	0.001750	-0.253418	-0.362305	-0.587646	-42.307816	12.379441	29.776053
01516		-2.158854	-6.507499	7.074618	-0.006149	0.003788	-0.000443	-0.257813	-0.372314	-0.584229	-42.308667	12.379833	29.778249
01517		-2.155106	-6.535736	7.054083	-0.005244	0.004195	-0.001892	-0.260742	-0.357910	-0.591309	-42.309931	12.381838	29.779004
01518		-2.148430	-6.530025	7.076287	-0.004039	0.005931	-0.002355	-0.247803	-0.357178	-0.579346	-42.309933	12.382400	29.779524
01519		-2.163267	-6.489789	7.016761	-0.004640	0.003272	-0.004327	-0.252197	-0.361328	-0.584717	-42.311001	12.383059	29.779603
01520		-2.134668	-6.527533	7.044099	-0.003435	0.005009	-0.004791	-0.244873	-0.365967	-0.593018	-42.310806	12.382291	29.779432
01521		-2.134778	-6.527871	7.043753	-0.004612	0.002841	-0.000332	-0.254639	-0.357666	-0.583984	-42.311454	12.384293	29.781372
01522		-2.180606	-6.518940	7.081212	-0.001269	0.006289	0.001288	-0.248047	-0.351807	-0.586914	-42.309560	12.386412	29.783331
01523		-2.132380	-6.503384	7.009122	-0.006178	0.004220	-0.004437	-0.251709	-0.361328	-0.583008	-42.311607	12.387399	29.783018
01524		-2.167113	-6.516358	7.049022	-0.002502	0.004985	-0.002244	-0.251709	-0.363037	-0.592041	-42.310638	12.387603	29.783960
01525		-2.149580	-6.532226	7.073905	-0.002502	0.004985	-0.002244	-0.254395	-0.364990	-0.576172	-42.310443	12.389745	29.784248
01526		-2.156749	-6.538509	7.051009	-0.002202	0.006314	-0.001258	-0.246826	-0.359863	-0.585205	-42.309323	12.390893	29.785093
01527		-2.147050	-6.507671	7.039378	-0.002803	0.003656	-0.003230	-0.246094	-0.358398	-0.588135	-42.309282	12.392073	29.785533
01528		-2.147176	-6.507916	7.039112	-0.002503	0.004985	-0.002244	-0.256348	-0.359131	-0.584229	-42.308313	12.392278	29.786475
01529		-2.157347	-6.539277	7.050115	-0.004946	0.005525	-0.000905	-0.254395	-0.373779	-0.589844	-42.309447	12.395134	29.787132
01530		-2.172566	-6.490237	7.067107	-0.008021	0.007419	-0.001126	-0.251465	-0.363770	-0.589600	-42.311742	12.396801	29.787598
01531		-2.154951	-6.515271	7.015030	-0.004068	0.006365	-0.006348	-0.257813	-0.364502	-0.582275	-42.312953	12.397900	29.785516
01532		-2.169046	-6.518993	7.045991	-0.006484	0.006472	-0.001015	-0.251953	-0.358887	-0.584229	-42.314277	12.399208	29.786404
01533		-2.148584	-6.509998	7.036757	-0.002504	0.004986	-0.002243	-0.254639	-0.363525	-0.583008	-42.314094	12.401292	29.786792
01534		-2.155783	-6.516476	7.013655	-0.008023	0.007420	-0.001125	-0.254150	-0.366943	-0.589111	-42.316390	12.402960	29.787258
01535		-2.131603	-6.526588	7.060818	-0.006485	0.006473	-0.001014	-0.250732	-0.367920	-0.586914	-42.318506	12.406133	29.787502
01536		-2.142741	-6.505312	7.057791	-0.005247	0.004197	-0.001890	-0.250244	-0.368652	-0.583740	-42.319009	12.406140	29.788910
01537		-2.149786	-6.511752	7.034767	-0.004614	0.002842	-0.000331	-0.247070	-0.364014	-0.585449	-42.319682	12.408021	29.790835
01538		-2.153001	-6.537088	7.068371	-0.004614	0.002842	-0.000331	-0.251709	-0.367432	-0.591553	-42.319562	12.408056	29.793454
01539		-2.154109	-6.484800	7.053994	-0.008623	0.004762	-0.003097	-0.243408	-0.355957	-0.584473	-42.322957	12.409669	29.793383
01540		-2.164086	-6.516477	7.064749	-0.006180	0.004223	-0.004435	-0.256836	-0.358154	-0.573975	-42.324234	12.408706	29.793676
01541		-2.157171	-6.519815	7.010124	-0.007419	0.006500	-0.003558	-0.254883	-0.359375	-0.589600	-42.327124	12.410861	29.792986
01542		-2.164543	-6.517639	7.063536	-0.008025	0.007421	-0.001122	-0.248047	-0.366211	-0.581543	-42.329421	12.412531	29.793452
01543		-2.164959	-6.518254	7.062842	-0.007753	0.009185	-0.004129	-0.250000	-0.352539	-0.585693	-42.332791	12.415593	29.791263
01544		-2.141405	-6.484571	7.019372	-0.009258	0.006119	-0.004655	-0.248779	-0.359131	-0.590820	-42.336014	12.415347	29.790712
01545		-2.140529	-6.537956	7.032645	-0.004070	0.006370	-0.006344	-0.248047	-0.368164	-0.587646	-42.337243	12.416349	29.788660
01546		-2.161527	-6.547901	7.040824	-0.009293	0.010133	-0.004238	-0.250488	-0.365723	-0.583740	-42.340788	12.417965	29.786703
01547		-2.141028	-6.539177	7.031358	-0.005610	0.007318	-0.006453	-0.255615	-0.357422	-0.580811	-42.342994	12.419308	29.784214
01548		-2.162885	-6.496211	7.025838	-0.005250	0.004198	-0.001888	-0.255371	-0.368408	-0.587402	-42.343498	12.419317	29.785621
01549		-2.166086	-6.521824	7.059200	-0.009260	0.006120	-0.004653	-0.258301	-0.358887	-0.592041	-42.347529	12.420834	29.784562
01550		-2.145487	-6.513188	7.049689	-0.009533	0.004356	-0.001647	-0.251709	-0.371826	-0.578369	-42.350478	12.421003	29.786012
01551		-2.124792	-6.504662	7.040106	-0.012303	0.004002	-0.005289	-0.257813	-0.365723	-0.585205	-42.356133	12.421364	29.785424
01552		-2.173296	-6.530163	7.034328	-0.005585	0.006884	-0.002457	-0.251709	-0.364258	-0.578613	-42.357111	12.422291	29.785523
01553		-2.145818	-6.515459	7.047489	-0.012304	0.004002	-0.005289	-0.248779	-0.362061	-0.591553	-42.362768	12.422638	29.784955
01554		-2.148880	-6.541586	7.080422	-0.013906	0.009401	-0.008973	-0.251709	-0.361572	-0.587891	-42.369335	12.422114	29.781234
01555		-2.166804	-6.526870	7.054313	-0.009870	0.007042	-0.002215	-0.249023	-0.364990	-0.579102	-42.373573	12.424922	29.780645
01556		-2.146343	-6.518312	7.044690	-0.011708	0.006661	-0.003312	-0.255859	-0.366455	-0.590576	-42.378121	12.425425	29.780461
01557		-2.153433	-6.525243	7.021137	-0.011709	0.006662	-0.003311	-0.254639	-0.362793	-0.585938	-42.383480	12.427632	29.779664
01558		-2.178501	-6.507677	7.049219	-0.008966	0.007452	-0.003661	-0.251953	-0.357666	-0.583496	-42.386556	12.428334	29.779016
01559		-2.157017	-6.551766	7.053541	-0.007426	0.006505	-0.003551	-0.245361	-0.355225	-0.586670	-42.389473	12.430372	29.778230
01560		-2.165143	-6.505705	7.016352	-0.011413	0.007991	-0.002321	-0.256836	-0.359619	-0.584229	-42.393872	12.431820	29.777949
01561		-2.147507	-6.522072	7.040854	-0.004671	0.003720	-0.008314	-0.256348	-0.361328	-0.590820	-42.395420	12.430828	29.776154
01562		-2.154479	-6.528758	7.017547	-0.011116	0.009320	-0.001332	-0.246094	-0.369141	-0.583984	-42.399670	12.433220	29.775776
01563		-2.161730	-6.535541	6.994058	-0.008968	0.007454	-0.003659	-0.250000	-0.364990	-0.585205	-42.403568	12.435592	29.774414
01564		-2.148283	-6.524262	7.038588	-0.009900	0.007484	-0.006204	-0.258301	-0.366943	-0.588379	-42.407419	12.435325	29.772652
01565		-2.169237	-6.534317	7.046668	-0.005318	0.008655	-0.005455	-0.257568	-0.359131	-0.580322	-42.409499	12.437497	29.770129
01566		-2.141885	-6.519526	7.059925	-0.008697	0.009223	-0.006661	-0.253418	-0.364014	-0.586914	-42.412852	12.437789	29.767480
01567		-2.155755	-6.532390	7.013775	-0.011715	0.006664	-0.003308	-0.253174	-0.358643	-0.582275	-42.418226	12.439935	29.766822
01568		-2.160017	-6.505467	7.033127	-0.007792	0.009634	-0.008107	-0.251221	-0.357422	-0.585938	-42.421230	12.439841	29.763385
01569		-2.191191	-6.546708	7.052268	-0.010526	0.011978	0.000650	-0.253418	-0.354980	-0.576660	-42.426010	12.445753	29.762243
01570		-2.150235	-6.528701	7.033874	-0.010240	0.010173	-0.006768	-0.245117	-0.361328	-0.583252	-42.430338	12.446405	29.759172
01571		-2.178147	-6.545054	7.018971	-0.012688	0.010711	-0.005429	-0.245605	-0.368408	-0.583740	-42.436815	12.449418	29.755908
01572		-2.136942	-6.527177	7.000535	-0.010242	0.010175	-0.006766	-0.258789	-0.362061	-0.587891	-42.441145	12.450070	29.752837
01573		-2.157933	-6.537524	7.008319	-0.012081	0.009795	-0.007864	-0.246338	-0.363281	-0.589600	-42.447431	12.451744	29.748737
01574		-2.158128	-6.538370	7.007470	-0.008068	0.007869	-0.005101	-0.252930	-0.356201	-0.583984	-42.450163	12.452065	29.747301
01575		-2.144845	-6.527168	7.051961	-0.012058	0.009354	-0.003870	-0.246826	-0.364990	-0.583008	-42.456032	12.455085	29.745105
01576		-2.179482	-6.549413	7.014489	-0.007796	0.009640	-0.008101	-0.249756	-0.362549	-0.589844	-42.459040	12.454994	29.741668
01577		-2.145425	-6.528653	7.050410	-0.008045	0.007428	-0.001107	-0.255371	-0.360840	-0.588867	-42.462188	12.458255	29.741380
01578		-2.159293	-6.541359	7.004321	-0.009908	0.007491	-0.006197	-0.248047	-0.357422	-0.588623	-42.466045	12.457992	29.739618
01579		-2.177563	-6.517698	7.055257	-0.004691	0.007303	-0.003891	-0.248535	-0.359131	-0.583984	-42.467525	12.460113	29.738294
01580		-2.159672	-6.542560	7.003082	-0.009274	0.006132	-0.004642	-0.250488	-0.353027	-0.580078	-42.470757	12.459877	29.737743
01581		-2.177824	-6.519006	7.053967	-0.007460	0.006955	-0.007534	-0.259033	-0.368164	-0.583740	-42.474128	12.460427	29.735177
01582		-2.153039	-6.538059	7.024319	-0.010817	0.007080	-0.004749	-0.254639	-0.364746	-0.586914	-42.478336	12.460550	29.734204
01583		-2.146511	-6.532762	7.046272	-0.006234	0.008252	-0.003998	-0.256348	-0.366699	-0.578369	-42.480787	12.463004	29.732595
01584		-2.185238	-6.527221	7.029035	-0.012360	0.008029	-0.004856	-0.249023	-0.360352	-0.584229	-42.485970	12.463487	29.731200
01585		-2.153981	-6.540391	7.021858	-0.011134	0.009325	-0.001320	-0.254639	-0.359863	-0.583008	-42.491067	12.467419	29.730324
01586		-2.147552	-6.535228	7.043668	-0.009912	0.007494	-0.006193	-0.245117	-0.358643	-0.595215	-42.494926	12.467157	29.728562
01587		-2.154414	-6.542024	7.020204	-0.009005	0.007907	-0.007639	-0.250977	-0.361328	-0.581299	-42.499283	12.468037	29.725243
01588		-2.168587	-6.546234	7.050820	-0.008982	0.007462	-0.003648	-0.249023	-0.360352	-0.581055	-42.502369	12.468748	29.724595
01589		-2.155857	-6.490616	7.005100	-0.008075	0.007875	-0.005093	-0.242676	-0.364258	-0.581055	-42.505945	12.470582	29.722639
01590		-2.155116	-6.544257	7.017907	-0.011161	0.009772	-0.005308	-0.249756	-0.361572	-0.580322	-42.510632	12.471625	29.720357
01591		-2.169402	-6.548551	7.048417	-0.008712	0.009237	-0.006646	-0.250244	-0.362549	-0.586670	-42.514835	12.473421	29.717037
01592		-2.187442	-6.533657	7.022367	-0.013250	0.007174	0.000584	-0.248779	-0.359131	-0.582031	-42.519946	12.475648	29.718333
01593		-2.160017	-6.519125	7.035522	-0.008691	0.005668	-0.011064	-0.253174	-0.360352	-0.592041	-42.524249	12.474220	29.714562
01594		-2.162754	-6.553599	6.991800	-0.011141	0.009327	-0.001315	-0.256348	-0.359863	-0.585693	-42.528514	12.476621	29.714183
01595		-2.156157	-6.548398	7.013723	-0.008329	0.002534	-0.006511	-0.257324	-0.354492	-0.584717	-42.531921	12.475625	29.713677
01596		-2.170056	-6.552512	7.044534	-0.006196	0.004241	-0.004420	-0.254639	-0.361816	-0.588135	-42.533207	12.474676	29.713973
01597		-2.167116	-6.527995	7.010031	-0.010530	0.008414	-0.003751	-0.248535	-0.366943	-0.587402	-42.538120	12.477218	29.712488
01598		-2.181439	-6.532143	7.040684	-0.005334	0.008671	-0.005435	-0.250977	-0.363525	-0.583008	-42.539386	12.477746	29.710587
01599		-2.129144	-6.535541	7.025205	-0.008375	0.006552	-0.006080	-0.249268	-0.355957	-0.587891	-42.543119	12.478587	29.708482
01600		-2.157471	-6.543139	7.087272	-0.005948	0.009585	-0.002997	-0.251221	-0.355957	-0.581055	-42.544587	12.480445	29.707273
01601		-2.161538	-6.524604	7.029974	-0.012076	0.009363	-0.003857	-0.250488	-0.364746	-0.581299	-42.550473	12.483323	29.705268
01602		-2.168344	-6.531280	7.006590	-0.004676	0.003742	-0.008301	-0.251221	-0.356934	-0.576172	-42.551208	12.480660	29.704084
01603		-2.157464	-6.553685	7.008381	-0.011170	0.009777	-0.005301	-0.242920	-0.367188	-0.581543	-42.556735	12.483136	29.701429
01604		-2.175331	-6.538613	6.982529	-0.004995	0.005984	-0.004871	-0.258301	-0.352295	-0.585693	-42.557525	12.482748	29.700839
01605		-2.155205	-6.521302	7.050087	-0.007742	0.005191	-0.004525	-0.249512	-0.354736	-0.590576	-42.560634	12.483584	29.700122
01606		-2.168825	-6.533827	7.004067	-0.007448	0.006519	-0.003533	-0.249756	-0.358398	-0.582520	-42.562749	12.483940	29.699898
01607		-2.151451	-6.550139	7.028611	-0.006246	0.008260	-0.003985	-0.261230	-0.364502	-0.585449	-42.565217	12.486274	29.698117
01608		-2.176616	-6.532694	7.056759	-0.012033	0.005348	-0.004286	-0.252686	-0.359375	-0.587158	-42.569929	12.485844	29.698031
01609		-2.158562	-6.557733	7.004255	-0.011740	0.006676	-0.003293	-0.256348	-0.359619	-0.584717	-42.575339	12.487764	29.697377
01610		-2.173926	-6.509267	7.021162	-0.010266	0.010194	-0.006742	-0.251465	-0.363525	-0.583008	-42.579685	12.488427	29.694307
01611		-2.120823	-6.565769	7.018919	-0.011789	0.010693	-0.002859	-0.256348	-0.365479	-0.583252	-42.585425	12.492199	29.692182
01612		-2.163884	-6.532741	7.021691	-0.011176	0.009781	-0.005295	-0.251953	-0.352051	-0.591064	-42.590122	12.493248	29.689900
01613		-2.185002	-6.543122	7.029376	-0.011177	0.009782	-0.005295	-0.258057	-0.360352	-0.587646	-42.595665	12.495681	29.687030
01614		-2.139445	-6.552639	6.991005	-0.009018	0.007922	-0.007625	-0.251709	-0.357178	-0.592529	-42.599183	12.495042	29.684480
01615		-2.153546	-6.557079	7.021496	-0.011766	0.007129	-0.007279	-0.246582	-0.354248	-0.591553	-42.605025	12.495576	29.681751
01616		-2.181129	-6.573273	7.006652	-0.006544	0.006937	-0.004973	-0.250488	-0.362793	-0.583496	-42.606794	12.495550	29.680738
01617		-2.164723	-6.536682	7.017763	-0.005908	0.005574	-0.003422	-0.251465	-0.357422	-0.587891	-42.608784	12.496913	29.680175
01618		-2.175954	-6.515523	7.014728	-0.008069	0.007434	-0.001091	-0.247070	-0.362305	-0.589600	-42.611106	12.498603	29.680641
01619		-2.175052	-6.568940	7.027673	-0.004385	0.005077	-0.007303	-0.252686	-0.362549	-0.594482	-42.612543	12.498242	29.678596
01620		-2.192721	-6.553555	7.002150	-0.003162	0.006367	-0.003765	-0.248535	-0.362549	-0.586426	-42.612212	12.498444	29.678331
01621		-2.140400	-6.556828	6.986784	-0.009930	0.007509	-0.006178	-0.250000	-0.367432	-0.583740	-42.616932	12.499538	29.675766
01622		-2.186286	-6.548881	7.023612	-0.005638	0.007354	-0.006415	-0.255127	-0.360596	-0.582764	-42.618351	12.499128	29.673965
01623		-2.154660	-6.561707	7.016829	-0.008385	0.006561	-0.006070	-0.253662	-0.358643	-0.586182	-42.622087	12.499848	29.672155
01624		-2.158919	-6.534792	7.036447	-0.007477	0.006977	-0.007514	-0.253906	-0.363281	-0.585205	-42.624631	12.498853	29.670029
01625		-2.175686	-6.572629	7.024027	-0.009346	0.010164	-0.004189	-0.248291	-0.353760	-0.585449	-42.629056	12.501813	29.667620
01626		-2.159358	-6.536267	7.034942	-0.008115	0.008342	-0.009063	-0.251709	-0.362549	-0.585449	-42.632227	12.500792	29.664283
01627		-2.155289	-6.564673	7.013860	-0.010549	0.008422	-0.003738	-0.252930	-0.357666	-0.586670	-42.637149	12.503185	29.662658
01628		-2.162245	-6.571430	6.990268	-0.010843	0.007096	-0.004731	-0.251221	-0.354736	-0.586426	-42.641371	12.503319	29.661687
01629		-2.152551	-6.541069	6.978410	-0.009934	0.007512	-0.006174	-0.248291	-0.361328	-0.589111	-42.646095	12.504374	29.659479
01630		-2.157000	-6.514270	6.997892	-0.009642	0.008839	-0.005179	-0.251709	-0.357910	-0.584717	-42.649822	12.505069	29.657621
01631		-2.176910	-6.577362	7.019216	-0.006551	0.006942	-0.004967	-0.253662	-0.354980	-0.587402	-42.652444	12.506341	29.655930
01632		-2.156350	-6.568524	7.009928	-0.009644	0.008840	-0.005178	-0.251709	-0.361328	-0.580322	-42.656172	12.507037	29.654071
01633		-2.167646	-6.547598	7.006676	-0.009352	0.010167	-0.004184	-0.255615	-0.360352	-0.592529	-42.660601	12.509959	29.651798
01634		-2.161184	-6.542449	7.028632	-0.008119	0.008348	-0.009058	-0.247314	-0.355713	-0.597412	-42.663775	12.508940	29.648461
01635		-2.188856	-6.558632	7.013705	-0.009354	0.010167	-0.004183	-0.250000	-0.364014	-0.589111	-42.668224	12.511866	29.645538
01636		-2.172623	-6.522344	7.024582	-0.010576	0.008881	-0.007720	-0.251953	-0.356934	-0.589111	-42.672727	12.511591	29.642566
01637		-2.147692	-6.541278	6.994853	-0.009939	0.007516	-0.006170	-0.253418	-0.361328	-0.589111	-42.677453	12.512612	29.640061
01638		-2.168592	-6.551674	7.002572	-0.010577	0.008882	-0.007718	-0.248047	-0.353271	-0.592529	-42.681957	12.512338	29.637090
01639		-2.179636	-6.530986	6.999189	-0.013326	0.008089	-0.007375	-0.248779	-0.359375	-0.579834	-42.688790	12.513126	29.633851
01640		-2.130326	-6.559917	7.017267	-0.010233	0.006191	-0.007163	-0.255127	-0.354736	-0.581299	-42.692813	12.511934	29.632190
01641		-2.154795	-6.550820	6.968563	-0.009359	0.010170	-0.004178	-0.248779	-0.353027	-0.590088	-42.697231	12.514816	29.630251
01642		-2.148257	-6.545756	6.990488	-0.010525	0.004866	-0.008157	-0.246582	-0.362061	-0.584717	-42.701400	12.512679	29.628689
01643		-2.158009	-6.577852	7.000664	-0.010505	0.004409	-0.004171	-0.254639	-0.357178	-0.582764	-42.705995	12.513138	29.628229
01644		-2.169040	-6.556954	6.997490	-0.009305	0.006153	-0.004618	-0.247070	-0.360840	-0.586426	-42.709245	12.512918	29.627681
01645		-2.169249	-6.557645	6.996777	-0.008376	0.006112	-0.002075	-0.247803	-0.362061	-0.580811	-42.712565	12.514895	29.627825
01646		-2.187063	-6.542531	6.970916	-0.009306	0.006153	-0.004617	-0.248779	-0.360840	-0.583496	-42.715815	12.514675	29.627277
01647		-2.145397	-6.568883	7.043313	-0.005358	0.008692	-0.005406	-0.249756	-0.357178	-0.585205	-42.717935	12.516433	29.624797
01648		-2.138105	-6.571716	6.988642	-0.009307	0.006154	-0.004617	-0.248047	-0.347656	-0.577393	-42.721186	12.516213	29.624250
01649		-2.152523	-6.576136	7.019139	-0.009364	0.010173	-0.004173	-0.246338	-0.358643	-0.591309	-42.725617	12.519065	29.622187
01650		-2.170267	-6.560986	6.993328	-0.006503	0.002930	-0.005401	-0.254395	-0.357178	-0.580322	-42.727057	12.517185	29.622585
01651		-2.156858	-6.549903	7.038234	-0.008690	0.005247	-0.007053	-0.247803	-0.354248	-0.588623	-42.730953	12.516837	29.620798
01652		-2.170209	-6.562332	6.992083	-0.007470	0.006531	-0.003515	-0.249756	-0.355469	-0.590088	-42.733081	12.517206	29.620575
01653		-2.163635	-6.557140	7.014173	-0.008690	0.005248	-0.007053	-0.256592	-0.352783	-0.589111	-42.736986	12.516857	29.618566
01654		-2.149443	-6.554175	6.982230	-0.007491	0.006992	-0.007499	-0.250732	-0.361328	-0.588135	-42.739538	12.515870	29.616442
01655		-2.180157	-6.595623	7.001049	-0.007471	0.006532	-0.003513	-0.249023	-0.356201	-0.593262	-42.742518	12.517424	29.615817
01656		-2.143130	-6.549436	7.003822	-0.003813	0.007746	-0.005296	-0.263916	-0.366699	-0.579102	-42.742823	12.517610	29.614342
01657		-2.138982	-6.577420	6.983005	-0.005924	0.005583	-0.003408	-0.252197	-0.359375	-0.585693	-42.744816	12.518791	29.614304
01658		-2.160916	-6.534584	6.977715	-0.006504	0.002932	-0.005400	-0.249023	-0.350098	-0.584717	-42.746257	12.516912	29.614703
01659		-2.170634	-6.566328	6.988199	-0.004666	0.003309	-0.004299	-0.254883	-0.361816	-0.584717	-42.747422	12.516784	29.614977
01660		-2.164063	-6.560917	7.010508	-0.005924	0.005584	-0.003407	-0.249268	-0.355713	-0.583740	-42.748572	12.516795	29.615178
01661		-2.159942	-6.588875	6.989694	-0.004086	0.005960	-0.002306	-0.244141	-0.352783	-0.587891	-42.749444	12.518547	29.615237
01662		-2.154708	-6.530585	6.998595	-0.008113	0.007901	-0.005058	-0.249756	-0.360596	-0.582764	-42.752203	12.518891	29.613803
01663		-2.139498	-6.580302	6.980131	-0.002557	0.005473	-0.006185	-0.246582	-0.356445	-0.584473	-42.752523	12.518924	29.612058
01664		-2.182267	-6.547046	6.983346	-0.009313	0.006157	-0.004612	-0.251953	-0.358887	-0.590576	-42.755778	12.518707	29.611511
01665		-2.144043	-6.553910	6.999356	-0.005926	0.005584	-0.003406	-0.248779	-0.363770	-0.580078	-42.757782	12.519861	29.610983
01666		-2.165135	-6.564026	7.007266	-0.008095	0.007440	-0.001073	-0.244873	-0.369385	-0.585693	-42.760119	12.521561	29.611450
01667		-2.176206	-6.543005	7.004230	-0.008345	0.002558	-0.006500	-0.245605	-0.348633	-0.583740	-42.763524	12.520222	29.610609
01668		-2.165335	-6.565381	7.005934	-0.008736	0.008809	-0.002618	-0.252686	-0.354004	-0.583008	-42.766491	12.521896	29.609865
01669		-2.140374	-6.584007	6.976368	-0.008056	0.003884	-0.005503	-0.252686	-0.355225	-0.584961	-42.769758	12.521502	29.609581
01670		-2.176525	-6.544965	7.002299	-0.005927	0.005586	-0.003405	-0.246094	-0.360352	-0.582520	-42.770911	12.521515	29.609782
01671		-2.144875	-6.557476	6.995760	-0.003468	0.005056	-0.004741	-0.248047	-0.356445	-0.586182	-42.771578	12.521899	29.609089
01672		-2.140620	-6.585381	6.974995	-0.005288	0.004217	-0.001859	-0.249268	-0.359131	-0.585938	-42.772101	12.521938	29.610501
01673		-2.159327	-6.562040	7.026161	-0.005928	0.005586	-0.003404	-0.255371	-0.362549	-0.589844	-42.774104	12.523058	29.610025
01674		-2.145114	-6.558706	6.994534	-0.001938	0.004571	-0.008620	-0.252930	-0.360352	-0.583008	-42.773370	12.520615	29.608384
01675		-2.151760	-6.564937	6.971398	-0.005639	0.006911	-0.002407	-0.250488	-0.351807	-0.582275	-42.775224	12.522669	29.608007
01676		-2.172785	-6.575033	6.979340	-0.006569	0.006956	-0.004949	-0.252686	-0.360352	-0.582520	-42.777006	12.522657	29.606997
01677		-2.134555	-6.581743	6.995512	-0.004379	0.004637	-0.003299	-0.253662	-0.353516	-0.583984	-42.778024	12.523399	29.607345
01678		-2.159790	-6.564176	7.024024	-0.003469	0.005057	-0.004740	-0.252197	-0.356445	-0.579834	-42.777847	12.522670	29.607182
01679		-2.145666	-6.560880	6.992325	-0.007129	0.003841	-0.002959	-0.261719	-0.357910	-0.587891	-42.780338	12.523200	29.608107
01680		-2.173189	-6.576712	6.977632	-0.002541	0.005013	-0.002197	-0.249756	-0.352295	-0.592285	-42.779387	12.523442	29.609057
01681		-2.166630	-6.571254	7.000026	-0.005039	0.006472	-0.008827	-0.252197	-0.363525	-0.580811	-42.781470	12.522794	29.606183
01682		-2.177714	-6.550036	6.997186	-0.005002	0.005542	-0.000860	-0.251465	-0.355957	-0.588867	-42.781851	12.523779	29.607498
01683		-2.160388	-6.566299	7.021855	-0.005931	0.005587	-0.003402	-0.251221	-0.355957	-0.580322	-42.783849	12.524857	29.607116
01684		-2.163813	-6.547289	6.964895	-0.008059	0.003887	-0.005501	-0.243896	-0.359863	-0.581299	-42.786271	12.523340	29.607092
01685		-2.146303	-6.563803	6.989386	-0.008122	0.007907	-0.005051	-0.254150	-0.356934	-0.585938	-42.789874	12.524742	29.605025
01686		-2.167314	-6.574005	6.997230	-0.006842	0.005167	-0.001961	-0.245117	-0.351807	-0.586670	-42.791379	12.525141	29.606015
01687		-2.157665	-6.543308	6.985789	-0.007771	0.005212	-0.004503	-0.243896	-0.365967	-0.577148	-42.794508	12.525623	29.605283
01688		-2.149882	-6.590886	7.021356	-0.001651	0.005901	-0.007618	-0.245850	-0.360352	-0.585449	-42.793631	12.524128	29.603543
01689		-2.178515	-6.553575	6.993622	-0.000434	0.007181	-0.004079	-0.248779	-0.352051	-0.592529	-42.792672	12.525586	29.601809
01690		-2.153685	-6.571734	6.964396	-0.005356	0.008238	-0.001406	-0.252441	-0.354736	-0.591797	-42.793539	12.527492	29.601813
01691		-2.172527	-6.548324	7.015666	-0.001921	0.004111	-0.004633	-0.251465	-0.359863	-0.581543	-42.793243	12.527452	29.601346
01692		-2.136406	-6.588142	6.988920	-0.002273	0.006806	-0.005180	-0.250000	-0.360840	-0.590088	-42.792573	12.527287	29.600296
01693		-2.168203	-6.576358	6.994743	-0.001651	0.005902	-0.007617	-0.247803	-0.357666	-0.586914	-42.792538	12.526819	29.597905
01694		-2.179218	-6.554964	6.992100	-0.002274	0.006806	-0.005179	-0.249268	-0.352783	-0.592773	-42.791868	12.526655	29.596855
01695		-2.161706	-6.571133	7.016926	-0.003203	0.006852	-0.007721	-0.246582	-0.354004	-0.580811	-42.792825	12.526547	29.593902
01696		-2.172944	-6.549809	7.014151	-0.003250	0.010406	-0.003287	-0.241943	-0.351563	-0.579102	-42.792849	12.528633	29.592231
01697		-2.148011	-6.568053	6.984867	-0.004114	0.006431	-0.006280	-0.252930	-0.363037	-0.591553	-42.794136	12.528892	29.590449
01698		-2.173201	-6.550485	7.013440	-0.001012	0.004533	-0.006072	-0.250244	-0.356934	-0.584717	-42.792630	12.527425	29.589921
01699		-2.148077	-6.568672	6.984265	-0.004737	0.007335	-0.003842	-0.245605	-0.365723	-0.582275	-42.794133	12.529011	29.588566
01700		-2.168934	-6.578694	6.992320	-0.003761	0.003736	-0.005734	-0.258057	-0.352539	-0.581787	-42.794102	12.527340	29.588502
01701		-2.169039	-6.579112	6.991895	-0.005648	0.006914	-0.002402	-0.243652	-0.353760	-0.589355	-42.795945	12.529295	29.588335
01702		-2.152828	-6.542425	7.003401	-0.004672	0.003315	-0.004294	-0.250000	-0.358398	-0.586670	-42.796265	12.528008	29.589059
01703		-2.158248	-6.601612	6.993419	-0.003828	0.007758	-0.005281	-0.244629	-0.355469	-0.589111	-42.797421	12.529200	29.586732
01704		-2.180367	-6.558644	6.988290	-0.003474	0.005062	-0.004735	-0.251953	-0.356201	-0.581055	-42.797247	12.528476	29.586569
01705		-2.142069	-6.565160	7.004701	-0.002834	0.003691	-0.003191	-0.249512	-0.353516	-0.589844	-42.797281	12.528762	29.587077
01706		-2.153262	-6.543813	7.001970	-0.005009	0.005543	-0.000857	-0.249756	-0.357666	-0.583008	-42.797665	12.529749	29.588392
01707		-2.163072	-6.575546	7.012369	-0.004690	0.003784	-0.008274	-0.252197	-0.356934	-0.588867	-42.799245	12.528088	29.586707
01708		-2.156513	-6.570144	7.034760	-0.004099	0.005965	-0.002297	-0.251709	-0.355957	-0.587402	-42.799279	12.528693	29.587234
01709		-2.148972	-6.572594	6.980299	-0.006225	0.004265	-0.004397	-0.249023	-0.362793	-0.587891	-42.801417	12.528737	29.587066
01710		-2.142430	-6.567300	7.002585	-0.006225	0.004265	-0.004397	-0.248047	-0.356445	-0.578613	-42.802718	12.527809	29.587366
01711		-2.169823	-6.583212	6.987790	-0.004386	0.004641	-0.003294	-0.252930	-0.360840	-0.580566	-42.803721	12.528425	29.587379
01712		-2.169958	-6.583684	6.987303	-0.006580	0.006962	-0.004941	-0.249268	-0.353271	-0.582031	-42.805509	12.528419	29.586370
01713		-2.142731	-6.568642	7.001233	-0.002835	0.003692	-0.003190	-0.253174	-0.355713	-0.586426	-42.805529	12.528670	29.587258
01714		-2.153783	-6.547325	6.998526	-0.004118	0.006435	-0.006276	-0.252197	-0.354004	-0.588623	-42.805986	12.527923	29.585884
01715		-2.181278	-6.563313	6.983621	-0.008402	0.006117	-0.002062	-0.247803	-0.357910	-0.582031	-42.809313	12.529633	29.586142
01716		-2.128894	-6.566233	6.968561	-0.005029	0.006013	-0.004836	-0.255615	-0.358643	-0.587402	-42.810122	12.529269	29.585557
01717		-2.143164	-6.570496	6.999361	-0.004674	0.003317	-0.004292	-0.246338	-0.357178	-0.580322	-42.811270	12.528922	29.585875
01718		-2.163946	-6.580524	7.007428	-0.003477	0.005065	-0.004732	-0.255127	-0.363037	-0.588623	-42.811097	12.528200	29.585712
01719		-2.160837	-6.555318	6.973537	-0.002549	0.005018	-0.002190	-0.248291	-0.356934	-0.586914	-42.810976	12.529377	29.586083
01720		-2.150031	-6.577203	6.975630	-0.002549	0.005018	-0.002190	-0.250732	-0.354492	-0.583496	-42.810031	12.529625	29.587034
01721		-2.157932	-6.575579	7.029244	-0.005941	0.005591	-0.003396	-0.256104	-0.361084	-0.585449	-42.812022	12.530572	29.586723
01722		-2.129456	-6.568347	6.966397	-0.003764	0.003741	-0.005730	-0.250488	-0.349365	-0.578369	-42.811993	12.528904	29.586658
01723		-2.164684	-6.582151	7.005672	-0.004085	0.005497	0.001687	-0.253906	-0.359863	-0.584473	-42.812428	12.531776	29.589191
01724		-2.148666	-6.545436	7.017214	-0.007138	0.003844	-0.002956	-0.243896	-0.351563	-0.592773	-42.814081	12.531232	29.590280
01725		-2.165012	-6.583106	7.004673	-0.006228	0.004268	-0.004395	-0.250977	-0.348145	-0.589355	-42.816222	12.531224	29.589739
01726		-2.182564	-6.567826	6.978975	-0.006870	0.005640	-0.005937	-0.245850	-0.360596	-0.582764	-42.818156	12.530274	29.588828
01727		-2.155464	-6.552815	6.992868	-0.003817	0.007292	-0.001293	-0.254639	-0.360352	-0.578125	-42.818882	12.532738	29.588619
01728		-2.134972	-6.543590	6.983964	-0.006584	0.006965	-0.004937	-0.247070	-0.352539	-0.595703	-42.820673	12.532734	29.587610
01729		-2.165753	-6.585200	7.002475	-0.009049	0.007491	-0.003602	-0.249023	-0.351563	-0.589355	-42.824625	12.534373	29.586420
01730		-2.176759	-6.564245	6.999458	-0.007443	0.002992	-0.007934	-0.246582	-0.360107	-0.585449	-42.826845	12.531532	29.585706
01731		-2.155983	-6.555115	6.990552	-0.005015	0.005545	-0.000853	-0.249268	-0.363770	-0.578369	-42.828063	12.533421	29.586159
01732		-2.156154	-6.555565	6.990078	-0.006229	0.004269	-0.004393	-0.247803	-0.353271	-0.584473	-42.829367	12.532496	29.586460
01733		-2.186843	-6.597021	7.008753	-0.004747	0.007342	-0.003833	-0.251465	-0.360352	-0.589355	-42.830844	12.533962	29.585268
01734		-2.145451	-6.578129	6.991487	-0.005033	0.006017	-0.004832	-0.251953	-0.358154	-0.585205	-42.831655	12.533601	29.584683
01735		-2.156465	-6.556933	6.988698	-0.004408	0.005117	-0.007269	-0.244873	-0.355957	-0.575684	-42.833079	12.532795	29.582780
01736		-2.183810	-6.572744	6.973953	-0.002552	0.005020	-0.002187	-0.244141	-0.356445	-0.582275	-42.832135	12.533045	29.583731
01737		-2.156556	-6.557584	6.988059	-0.003766	0.003744	-0.005728	-0.248779	-0.354248	-0.580078	-42.832914	12.532250	29.583060
01738		-2.166520	-6.589212	6.998463	-0.002624	0.009042	-0.001729	-0.252930	-0.352051	-0.585938	-42.832317	12.534369	29.582604
01739		-2.150432	-6.552526	7.010052	-0.007158	0.004319	-0.006934	-0.248291	-0.358643	-0.588135	-42.835212	12.533346	29.581760
01740		-2.156949	-6.558892	6.986710	-0.005946	0.005594	-0.003393	-0.243164	-0.367920	-0.592529	-42.836375	12.533368	29.581963
01741		-2.150611	-6.553586	7.009006	-0.005946	0.005594	-0.003392	-0.257568	-0.355713	-0.584473	-42.838364	12.534261	29.580457
01742		-2.178023	-6.569621	6.994019	-0.007785	0.005220	-0.004495	-0.259277	-0.360352	-0.583984	-42.840651	12.533696	29.580334
01743		-2.166982	-6.591976	6.995716	-0.008713	0.005269	-0.007036	-0.246338	-0.362305	-0.585449	-42.844517	12.533015	29.579497
01744		-2.180100	-6.604162	6.949492	-0.005662	0.006919	-0.002391	-0.246826	-0.358154	-0.585205	-42.845538	12.533984	29.579602
01745		-2.151083	-6.556006	7.006598	-0.007233	0.008343	-0.006473	-0.244141	-0.358643	-0.587158	-42.848780	12.534815	29.576288
01746		-2.157724	-6.562533	6.983051	-0.009984	0.007544	-0.006138	-0.242432	-0.361084	-0.585693	-42.852682	12.534586	29.574531
01747		-2.178739	-6.572816	6.990793	-0.005020	0.005546	-0.000850	-0.248291	-0.356689	-0.585693	-42.853892	12.536431	29.574421
01748		-2.158040	-6.563641	6.981912	-0.007161	0.004322	-0.006931	-0.244629	-0.357178	-0.583740	-42.855970	12.534540	29.573609
01749		-2.147030	-6.585769	6.983805	-0.003198	0.006396	-0.003724	-0.252197	-0.354736	-0.587402	-42.856473	12.535614	29.572644
01750		-2.179005	-6.574185	6.989422	-0.005037	0.006021	-0.004828	-0.250732	-0.361572	-0.584717	-42.857287	12.535256	29.572059
01751		-2.140812	-6.580728	7.005836	-0.002287	0.006821	-0.005161	-0.259766	-0.355713	-0.593018	-42.857437	12.535942	29.570629
01752		-2.158570	-6.565220	6.980263	-0.005665	0.006920	-0.002389	-0.254150	-0.354736	-0.577393	-42.858460	12.536912	29.570734
01753		-2.179605	-6.575379	6.988112	-0.005950	0.005597	-0.003390	-0.250977	-0.355225	-0.585205	-42.860434	12.537766	29.571379
01754		-2.152577	-6.560414	7.002011	-0.006309	0.008295	-0.003929	-0.250977	-0.361084	-0.586914	-42.862089	12.538713	29.570272
01755		-2.173719	-6.570690	7.009718	-0.007864	0.009245	-0.004032	-0.249268	-0.362793	-0.583496	-42.865537	12.540846	29.568249
01756		-2.174072	-6.571273	7.009062	-0.006309	0.008296	-0.003928	-0.258301	-0.356934	-0.585693	-42.867192	12.541794	29.567142
01757		-2.159975	-6.567846	6.977358	-0.005039	0.006023	-0.004826	-0.243164	-0.359619	-0.587158	-42.868806	12.542255	29.566362
01758		-2.147265	-6.556841	7.022410	-0.007865	0.009246	-0.004030	-0.249512	-0.357422	-0.588135	-42.871444	12.543561	29.564832
01759		-2.170268	-6.600357	6.986790	-0.007506	0.006547	-0.003491	-0.250244	-0.360840	-0.587402	-42.874405	12.544767	29.563457
01760		-2.160698	-6.569684	6.975403	-0.009346	0.006173	-0.004594	-0.253662	-0.351807	-0.583496	-42.877678	12.544563	29.562911
01761		-2.149657	-6.591978	6.977136	-0.005056	0.006501	-0.008802	-0.241943	-0.347412	-0.581299	-42.879719	12.543668	29.560240
01762		-2.160846	-6.570990	6.974127	-0.010887	0.006646	-0.000719	-0.250488	-0.359375	-0.584961	-42.883554	12.545174	29.561172
01763		-2.167651	-6.577353	6.950637	-0.004757	0.007348	-0.003823	-0.246338	-0.364258	-0.589844	-42.885033	12.546571	29.560003
01764		-2.155090	-6.566267	6.995749	-0.006029	0.009622	-0.002924	-0.250977	-0.356934	-0.593750	-42.886550	12.548467	29.558798
01765		-2.123579	-6.578692	6.989194	-0.005953	0.005599	-0.003387	-0.248291	-0.358154	-0.584717	-42.888535	12.549302	29.557663
01766		-2.162046	-6.573008	6.971853	-0.005954	0.005599	-0.003386	-0.246826	-0.354004	-0.587891	-42.889702	12.549329	29.557867
01767		-2.183128	-6.583188	6.979655	-0.005119	0.010049	-0.004359	-0.247803	-0.354736	-0.585449	-42.891676	12.551640	29.555187
01768		-2.162690	-6.574019	6.970700	-0.008422	0.006123	-0.002052	-0.249268	-0.358643	-0.585938	-42.894178	12.552407	29.555755
01769		-2.177110	-6.578559	7.001280	-0.005057	0.006504	-0.008799	-0.248535	-0.360352	-0.578613	-42.896220	12.551493	29.552710
01770		-2.173844	-6.553477	6.967290	-0.005955	0.005600	-0.003386	-0.249512	-0.360352	-0.579590	-42.897388	12.551520	29.552913
01771		-2.162959	-6.575649	6.969079	-0.006599	0.006976	-0.004924	-0.251465	-0.358887	-0.579590	-42.899965	12.552297	29.551660
01772		-2.156590	-6.570517	6.991295	-0.007526	0.007029	-0.007464	-0.252197	-0.362549	-0.586426	-42.902538	12.551333	29.549539
01773		-2.177527	-6.580937	6.998915	-0.009068	0.007500	-0.003590	-0.245361	-0.354004	-0.582520	-42.906460	12.552851	29.548628
01774		-2.156929	-6.571840	6.989948	-0.005688	0.007404	-0.006359	-0.244141	-0.356934	-0.583008	-42.907909	12.552475	29.546832
01775		-2.163410	-6.578057	6.966666	-0.003220	0.006881	-0.007693	-0.252930	-0.354980	-0.583984	-42.908820	12.552136	29.543943
01776		-2.163325	-6.578498	6.966276	-0.005878	0.001578	-0.003849	-0.255859	-0.353516	-0.586182	-42.909638	12.550294	29.545554
01777		-2.139251	-6.589152	7.013832	-0.005059	0.006507	-0.008796	-0.247314	-0.351318	-0.579590	-42.911675	12.549361	29.543506
01778		-2.139334	-6.589780	7.013217	-0.009071	0.007500	-0.003588	-0.243408	-0.353516	-0.592529	-42.914812	12.550107	29.542863
01779		-2.160433	-6.600130	7.020851	-0.006320	0.008302	-0.003919	-0.236084	-0.354004	-0.590576	-42.917283	12.551831	29.541011
01780		-2.133354	-6.539773	6.944911	-0.009071	0.007501	-0.003587	-0.254395	-0.361084	-0.583496	-42.920420	12.552577	29.540368
01781		-2.202231	-6.575397	6.946333	-0.007168	0.004332	-0.006925	-0.257080	-0.357910	-0.580078	-42.923306	12.551453	29.538327
01782		-2.157469	-6.576455	6.985439	-0.007798	0.005228	-0.004487	-0.246826	-0.357666	-0.591064	-42.925600	12.550895	29.538205
01783		-2.162107	-6.549680	7.005378	-0.005974	0.006083	-0.007358	-0.248779	-0.359375	-0.589600	-42.927982	12.550327	29.536317
01784		-2.172027	-6.581761	7.015287	-0.010081	0.011579	-0.005659	-0.252686	-0.361084	-0.585938	-42.932245	12.551975	29.533153
01785		-2.137157	-6.568774	6.975054	-0.008712	0.004802	-0.003050	-0.242432	-0.358643	-0.589355	-42.935683	12.552549	29.533068
01786		-2.167680	-6.610504	6.993396	-0.005062	0.006512	-0.008792	-0.240967	-0.359375	-0.591553	-42.936923	12.550849	29.530584
01787		-2.169151	-6.558077	6.979856	-0.007881	0.009253	-0.004018	-0.250488	-0.362793	-0.582520	-42.940380	12.552918	29.526986
01788		-2.151934	-6.574617	7.004337	-0.007251	0.008358	-0.006455	-0.249756	-0.361572	-0.584717	-42.942817	12.552904	29.524767
01789		-2.158517	-6.580922	6.980907	-0.005962	0.005604	-0.003380	-0.241943	-0.358398	-0.584229	-42.944758	12.553665	29.524417
01790		-2.152297	-6.575771	7.003143	-0.008164	0.007931	-0.005019	-0.253418	-0.355713	-0.578125	-42.947546	12.554032	29.522986
01791		-2.190709	-6.570173	6.985698	-0.004137	0.006460	-0.006250	-0.242188	-0.353271	-0.586670	-42.948785	12.554028	29.521468
01792		-2.158989	-6.582756	6.979032	-0.012475	0.008080	-0.004790	-0.247803	-0.365723	-0.591553	-42.954035	12.554547	29.520076
01793		-2.159339	-6.583538	6.978185	-0.008152	0.007449	-0.001043	-0.246826	-0.355225	-0.579102	-42.957197	12.557003	29.519061
01794		-2.159567	-6.584138	6.977549	-0.006890	0.005660	-0.005919	-0.242432	-0.359863	-0.592285	-42.959142	12.556066	29.518153
01795		-2.170775	-6.563016	6.974706	-0.004770	0.007356	-0.003810	-0.248047	-0.359863	-0.591797	-42.960607	12.557392	29.516507
01796		-2.139024	-6.575495	6.968144	-0.009642	0.004858	-0.005588	-0.246582	-0.355713	-0.589600	-42.964029	12.556248	29.516061
01797		-2.191848	-6.574149	6.981598	-0.009993	0.007076	-0.002146	-0.247559	-0.356201	-0.593750	-42.968318	12.558109	29.515100
