// General information: 
//  MT Manager version: 2022.2.0 
//  XDA version: 2022.2.0 build 7381 rev 124627 built on 2023-07-19
// Device information: 
//  DeviceId: 00B4BCF6
//  ProductCode: MTW2-3A7G6
//  Firmware Version: 4.6.0
//  Hardware Version: 2.0.0
// Device settings: 
//  Filter Profile: human(46.1)
//  Option Flags: Orientation Smoother Disabled, Position/Velocity Smoother Disabled, Continuous Zero Rotation Update Disabled, AHS Disabled, ICC Disabled
// Coordinate system: ENU
PacketCounter	SampleTimeFine	Acc_X	Acc_Y	Acc_Z	Gyr_X	Gyr_Y	Gyr_Z	Mag_X	Mag_Y	Mag_Z	Roll	Pitch	Yaw
51975		-4.692464	-0.171403	8.628311	0.000828	0.004610	0.001475	0.006592	-0.068359	-0.757568	-0.862716	28.493622	128.184815
51976		-4.691544	-0.172584	8.652414	-0.002749	0.005961	-0.003622	0.007568	-0.072510	-0.754395	-0.864160	28.492935	128.183539
51977		-4.682753	-0.150104	8.652601	0.002986	0.005215	-0.001131	-0.001953	-0.074951	-0.755127	-0.862199	28.491893	128.183642
51978		-4.669959	-0.182007	8.650223	-0.002749	0.005961	-0.003622	-0.002441	-0.071289	-0.761230	-0.863643	28.491206	128.182365
51979		-4.659828	-0.160792	8.674746	-0.001395	0.005907	-0.002343	0.005371	-0.064209	-0.757813	-0.864539	28.490458	128.181724
51980		-4.692125	-0.174417	8.675694	-0.003553	0.005301	0.000262	0.006348	-0.073242	-0.750000	-0.865233	28.489426	128.182986
51981		-4.693976	-0.173543	8.651076	-0.000041	0.005852	-0.001064	0.008301	-0.073242	-0.756592	-0.864996	28.488736	128.183173
51982		-4.670823	-0.183980	8.673353	-0.001436	0.011760	-0.003407	0.007080	-0.078125	-0.759033	-0.865649	28.491372	128.181980
51983		-4.698297	-0.172007	8.601492	-0.003935	0.007730	-0.003536	-0.004150	-0.081299	-0.750244	-0.868357	28.491756	128.180297
51984		-4.697641	-0.173306	8.625455	0.000615	0.008752	-0.000956	0.003662	-0.080811	-0.752686	-0.867058	28.492690	128.180731
51985		-4.663866	-0.162210	8.672549	-0.002094	0.008862	-0.003516	0.008789	-0.080811	-0.754150	-0.868640	28.493644	128.178871
51986		-4.705429	-0.198422	8.673022	-0.002857	0.002348	0.001433	0.010498	-0.068604	-0.755859	-0.868557	28.490931	128.180925
51987		-4.690091	-0.151240	8.624969	0.000615	0.008752	-0.000956	0.000000	-0.074707	-0.756836	-0.867870	28.491943	128.180900
51988		-4.711987	-0.143057	8.650592	0.000128	0.007566	0.000302	0.003174	-0.079102	-0.755859	-0.866453	28.492209	128.182166
51989		-4.676865	-0.184146	8.646446	-0.000740	0.008808	-0.002237	0.007324	-0.074463	-0.755127	-0.866909	28.493157	128.181358
51990		-4.698742	-0.176011	8.672079	0.001799	0.006986	-0.001044	-0.004395	-0.080322	-0.752930	-0.864950	28.493079	128.181752
51991		-4.679523	-0.183148	8.621382	-0.001227	0.007622	-0.000978	0.001709	-0.075439	-0.762695	-0.865280	28.493357	128.181728
51992		-4.668426	-0.163015	8.670080	-0.004465	0.012400	-0.003345	0.003418	-0.071777	-0.750244	-0.867651	28.496361	128.180569
51993		-4.671899	-0.161032	8.620946	0.002666	0.005744	0.001495	0.007080	-0.077148	-0.755371	-0.865016	28.495593	128.182355
51994		-4.693808	-0.152852	8.646561	-0.001927	0.010578	-0.002152	0.001709	-0.075195	-0.764893	-0.865553	28.497564	128.181991
51995		-4.703906	-0.175654	8.645637	-0.000741	0.008811	-0.002238	-0.003662	-0.065430	-0.756104	-0.866022	28.498542	128.181233
51996		-4.682116	-0.185126	8.643583	-0.002096	0.008866	-0.003519	0.000732	-0.084473	-0.756348	-0.867074	28.499520	128.179995
51997		-4.681490	-0.186517	8.667546	-0.002583	0.007679	-0.002260	0.007813	-0.081299	-0.757080	-0.868600	28.499783	128.179316
51998		-4.694079	-0.155972	8.693656	0.000443	0.007044	-0.002325	0.004883	-0.070068	-0.762207	-0.867817	28.499727	128.178875
51999		-4.708124	-0.175607	8.619691	-0.003601	0.011161	-0.000809	0.001465	-0.068359	-0.760254	-0.869495	28.502085	128.179009
52000		-4.683902	-0.187422	8.666223	-0.004150	0.011880	-0.005974	-0.001709	-0.071289	-0.754639	-0.872502	28.504768	128.176141
52001		-4.690097	-0.132220	8.643985	0.003956	0.007597	-0.003648	-0.001709	-0.071045	-0.755615	-0.870770	28.504981	128.174777
52002		-4.685546	-0.187745	8.665328	-0.003603	0.011163	-0.000810	0.003174	-0.062744	-0.753662	-0.871854	28.507299	128.175282
52003		-4.731465	-0.169754	8.668124	-0.003938	0.007737	-0.003543	0.004883	-0.067139	-0.752686	-0.874638	28.507602	128.174050
52004		-4.700268	-0.156789	8.666637	-0.003072	0.006494	-0.001003	0.005371	-0.072266	-0.759033	-0.875456	28.507243	128.174476
52005		-4.679619	-0.165222	8.640338	-0.000912	0.007102	-0.003607	0.004150	-0.073730	-0.758301	-0.876492	28.507236	128.173023
52006		-4.712112	-0.178897	8.641101	-0.002099	0.008871	-0.003522	-0.001709	-0.077637	-0.760010	-0.877547	28.508216	128.171783
52007		-4.657119	-0.176080	8.662324	-0.000912	0.007103	-0.003607	0.000732	-0.075684	-0.757568	-0.878515	28.508165	128.170181
52008		-4.691024	-0.188540	8.638678	0.001582	0.011137	-0.003478	0.001953	-0.066650	-0.756836	-0.877458	28.510444	128.168947
52009		-4.680030	-0.168028	8.687395	0.000287	0.009286	0.001666	0.004150	-0.078369	-0.754395	-0.876156	28.511689	128.170927
52010		-4.692684	-0.188446	8.637778	0.000607	0.008761	-0.000960	0.005371	-0.073486	-0.760254	-0.874863	28.512629	128.171358
52011		-4.682881	-0.166997	8.662205	-0.000746	0.008817	-0.002242	0.011475	-0.074463	-0.751465	-0.875314	28.513613	128.170527
52012		-4.684895	-0.166101	8.637462	-0.001234	0.007629	-0.000983	0.000244	-0.077393	-0.760010	-0.875077	28.513905	128.170955
52013		-4.684123	-0.167253	8.661529	-0.000534	0.004671	0.000191	0.000000	-0.075928	-0.755859	-0.874626	28.512546	128.171713
52014		-4.695209	-0.188878	8.636397	-0.001234	0.007630	-0.000983	-0.000244	-0.077148	-0.755615	-0.874390	28.512838	128.172140
52015		-4.685166	-0.167757	8.660955	-0.004273	0.004314	-0.006280	-0.000244	-0.080811	-0.756592	-0.878080	28.511145	128.168761
52016		-4.696027	-0.189853	8.635930	-0.003407	0.003070	-0.003739	0.007324	-0.072021	-0.750488	-0.879924	28.508800	128.167437
52017		-4.685835	-0.168634	8.660576	0.000273	0.005336	-0.003693	-0.000244	-0.071777	-0.754395	-0.880210	28.507761	128.165642
52018		-4.677168	-0.146149	8.660749	-0.001556	0.008155	0.001642	0.011475	-0.078613	-0.757080	-0.879344	28.508376	128.167776
52019		-4.665762	-0.176936	8.633973	-0.000048	0.005861	-0.001068	0.002197	-0.071533	-0.764893	-0.879018	28.507685	128.167750
52020		-4.679727	-0.145298	8.635704	-0.002423	0.009401	-0.000900	0.003662	-0.075195	-0.753174	-0.879445	28.508992	128.168213
52021		-4.656739	-0.155731	8.657997	-0.000583	0.010534	-0.000877	0.004150	-0.069580	-0.755127	-0.879412	28.510943	128.168453
52022		-4.680333	-0.146590	8.659031	0.000069	0.013438	-0.000771	-0.001709	-0.077637	-0.758789	-0.878391	28.514564	128.168961
52023		-4.666752	-0.179549	8.680754	-0.000262	0.010011	-0.003504	0.005615	-0.073486	-0.753662	-0.878976	28.516168	128.167478
52024		-4.692960	-0.168209	8.633042	0.001586	0.015098	0.001876	-0.000244	-0.073975	-0.757324	-0.876270	28.520763	128.169695
52025		-4.694373	-0.168355	8.632271	-0.002853	0.017702	-0.005773	0.006348	-0.072998	-0.754639	-0.879079	28.526771	128.166602
52026		-4.685292	-0.147101	8.656340	-0.001444	0.015737	0.001935	0.009277	-0.072754	-0.760010	-0.878093	28.531732	128.168851
52027		-4.728881	-0.182141	8.631868	-0.001287	0.013499	-0.002057	0.004150	-0.071289	-0.757813	-0.878846	28.535429	128.168208
52028		-4.706115	-0.192504	8.654069	-0.000909	0.011064	0.001745	0.009521	-0.070801	-0.756836	-0.877590	28.537712	128.170380
52029		-4.689996	-0.146286	8.630115	0.000551	0.014634	-0.002034	0.003418	-0.079102	-0.752686	-0.877309	28.542044	128.169848
52030		-4.712352	-0.138088	8.655468	0.002441	0.009904	-0.000941	0.008057	-0.072510	-0.756104	-0.874965	28.543638	128.170281
52031		-4.669351	-0.155613	8.627505	-0.002970	0.010128	-0.006074	0.008545	-0.084717	-0.746582	-0.877866	28.545340	128.166896
52032		-4.651949	-0.110767	8.627926	-0.001126	0.015218	-0.000694	0.001709	-0.072021	-0.754639	-0.877514	28.549981	128.167436
52033		-4.678649	-0.181067	8.674316	-0.006209	0.018873	-0.003097	-0.000244	-0.075684	-0.753662	-0.881341	28.556708	128.165728
52034		-4.712057	-0.194926	8.674485	-0.001830	0.018182	-0.001873	0.002441	-0.073975	-0.756104	-0.881774	28.563037	128.165470
52035		-4.705881	-0.171457	8.649644	-0.000531	0.023996	-0.001662	-0.001953	-0.071533	-0.753418	-0.881975	28.572650	128.164982
52036		-4.707877	-0.171532	8.648557	0.000656	0.022227	-0.001745	-0.004150	-0.070313	-0.761963	-0.880964	28.581298	128.164766
52037		-4.709950	-0.171657	8.647426	-0.001725	0.025773	-0.001584	0.005371	-0.074463	-0.755615	-0.881884	28.591867	128.164644
52038		-4.680366	-0.158219	8.645203	0.002328	0.025608	0.002266	0.001221	-0.077393	-0.754639	-0.878678	28.602486	128.167012
52039		-4.704059	-0.149926	8.669824	0.000271	0.028631	-0.000199	0.008057	-0.077637	-0.766846	-0.877968	28.614794	128.167342
52040		-4.694327	-0.180634	8.642123	0.001784	0.026337	-0.002907	0.003174	-0.073975	-0.757568	-0.876692	28.625786	128.166328
52041		-4.696623	-0.180568	8.640877	0.001456	0.026866	-0.000285	0.003174	-0.079102	-0.758545	-0.875337	28.637109	128.166722
52042		-4.708411	-0.202930	8.638966	0.001935	0.032020	0.003807	0.002441	-0.072021	-0.753662	-0.871902	28.651415	128.170034
52043		-4.691612	-0.158392	8.662838	0.004257	0.034353	0.002569	0.004395	-0.072998	-0.761719	-0.868072	28.667007	128.172182
52044		-4.694670	-0.158042	8.661187	0.001711	0.036188	0.001359	0.007324	-0.075928	-0.757080	-0.865549	28.683680	128.173857
52045		-4.729717	-0.171225	8.660381	0.000188	0.038494	0.004057	0.014160	-0.079346	-0.754150	-0.863625	28.701692	128.177012
52046		-4.740803	-0.113702	8.587928	-0.002734	0.042773	-0.000962	0.011719	-0.079590	-0.757080	-0.864407	28.722117	128.177108
52047		-4.737636	-0.170436	8.632313	-0.002137	0.032217	-0.000069	0.010010	-0.071045	-0.755859	-0.865004	28.736600	128.177159
52048		-4.763037	-0.161524	8.632212	-0.003002	0.033471	-0.002619	0.004639	-0.077637	-0.752197	-0.866416	28.751682	128.176263
52049		-4.743126	-0.171118	8.629284	-0.004628	0.028178	-0.000205	0.006836	-0.072266	-0.759521	-0.868528	28.763756	128.176644
52050		-4.746588	-0.170639	8.603625	-0.005806	0.025993	-0.005482	0.001221	-0.079346	-0.755615	-0.872412	28.774529	128.173950
52051		-4.738222	-0.149724	8.627436	-0.002231	0.020670	-0.005713	0.005859	-0.072754	-0.758301	-0.874827	28.782199	128.170859
52052		-4.726410	-0.181856	8.624593	-0.000824	0.014734	-0.003346	0.013428	-0.066406	-0.751953	-0.875131	28.786539	128.169672
52053		-4.750196	-0.172883	8.625359	-0.001313	0.013541	-0.002086	0.001221	-0.072266	-0.753174	-0.875939	28.790237	128.169219
52054		-4.726436	-0.184451	8.672079	-0.001958	0.010629	-0.002190	0.007568	-0.070068	-0.756104	-0.876510	28.792236	128.168829
52055		-4.761508	-0.195872	8.623640	0.000035	0.013486	-0.000800	0.010742	-0.080566	-0.761719	-0.876105	28.795831	128.169223
52056		-4.753234	-0.173473	8.623673	-0.002114	0.008910	-0.003554	0.008057	-0.072754	-0.749756	-0.877187	28.796833	128.167957
52057		-4.754998	-0.172562	8.598941	-0.000393	0.006410	0.001542	0.002930	-0.072510	-0.752930	-0.876180	28.796476	128.169553
52058		-4.746293	-0.150067	8.599217	-0.001410	0.005941	-0.002370	0.007568	-0.066895	-0.759766	-0.876471	28.795788	128.169092
52059		-4.721769	-0.161687	8.646376	-0.002697	0.000113	-0.002576	0.000977	-0.082275	-0.754639	-0.878153	28.791718	128.168568
52060		-4.745450	-0.151695	8.623429	-0.001349	0.000056	-0.001288	-0.000488	-0.075439	-0.759277	-0.878040	28.787668	128.168873
52061		-4.709543	-0.193022	8.619996	-0.004046	0.000169	-0.003864	0.000732	-0.078613	-0.756104	-0.880746	28.783544	128.167082
52062		-4.744284	-0.153601	8.647814	-0.002853	-0.001607	-0.003939	0.008545	-0.070557	-0.760010	-0.882321	28.778518	128.165671
52063		-4.754501	-0.175511	8.622933	-0.003186	-0.001081	-0.001316	0.007568	-0.075684	-0.758789	-0.883803	28.773772	128.165737
52064		-4.713440	-0.139721	8.622662	-0.001681	0.000582	0.001336	0.011230	-0.077637	-0.761963	-0.883057	28.770046	128.167752
52065		-4.731656	-0.185146	8.621646	-0.002304	-0.006296	-0.004118	0.012695	-0.068359	-0.758301	-0.884865	28.762370	128.165856
52066		-4.739129	-0.209099	8.645789	-0.001931	-0.008741	-0.000310	0.007324	-0.071777	-0.758057	-0.884735	28.753289	128.166890
52067		-4.688307	-0.150794	8.646376	-0.003830	-0.003995	-0.001419	0.009277	-0.074707	-0.751465	-0.886685	28.746964	128.167072
52068		-4.720800	-0.163565	8.623090	-0.003986	-0.005714	-0.002783	0.009033	-0.073242	-0.762695	-0.888524	28.739595	128.166459
52069		-4.728674	-0.187648	8.647007	-0.002698	0.000114	-0.002576	0.006592	-0.076416	-0.750244	-0.890136	28.735603	128.165593
52070		-4.742051	-0.156353	8.648989	-0.005729	0.000752	-0.002528	0.007813	-0.076416	-0.755859	-0.892925	28.731941	128.165082
52071		-4.696884	-0.175199	8.646121	-0.003186	-0.001081	-0.001316	0.008057	-0.076172	-0.753174	-0.894360	28.727245	128.164855
52072		-4.751220	-0.179860	8.648428	-0.004048	0.000171	-0.003864	0.011230	-0.071777	-0.748291	-0.896603	28.723238	128.163477
52073		-4.741741	-0.157503	8.649138	0.000062	-0.005884	0.001080	0.003418	-0.079346	-0.753418	-0.895440	28.715854	128.164914
52074		-4.742402	-0.156645	8.625017	-0.003498	-0.004518	-0.004044	0.005615	-0.069580	-0.750732	-0.897400	28.709159	128.163467
52075		-4.741043	-0.158138	8.649509	-0.003186	-0.001080	-0.001316	0.011719	-0.069092	-0.760498	-0.898859	28.704419	128.163402
52076		-4.727395	-0.190146	8.647652	-0.001288	-0.005826	-0.000208	0.001953	-0.071777	-0.750244	-0.898343	28.697008	128.164474
52077		-4.717715	-0.167769	8.648473	-0.002149	-0.004575	-0.002756	0.004639	-0.072510	-0.750977	-0.899721	28.690294	128.163778
52078		-4.694840	-0.177181	8.647191	-0.002325	-0.002332	0.001232	0.005615	-0.072998	-0.756836	-0.899365	28.684899	128.165754
52079		-4.727612	-0.189754	8.623764	-0.003187	-0.001080	-0.001316	0.004395	-0.068115	-0.756348	-0.900855	28.680173	128.165814
52080		-4.693276	-0.178820	8.671786	-0.002637	-0.005769	-0.001496	0.008789	-0.079102	-0.757813	-0.901517	28.672784	128.166044
52081		-4.740389	-0.158580	8.626088	-0.001018	-0.000467	-0.003912	0.005859	-0.065186	-0.758545	-0.902573	28.668414	128.164377
52082		-4.749364	-0.181237	8.625645	-0.000270	-0.005359	0.003703	0.008789	-0.073486	-0.758301	-0.900252	28.661307	128.167998
52083		-4.730483	-0.136126	8.627038	-0.002150	-0.004574	-0.002756	0.008057	-0.075684	-0.757813	-0.901653	28.654609	128.167418
52084		-4.675505	-0.132187	8.625047	-0.001601	-0.009262	-0.002938	0.012207	-0.067871	-0.759033	-0.902156	28.645205	128.166743
52085		-4.697231	-0.123452	8.626951	-0.004789	-0.010342	-0.004254	0.008545	-0.076172	-0.755615	-0.905464	28.635246	128.165008
52086		-4.680826	-0.157848	8.674076	-0.001114	-0.008067	-0.004198	0.007568	-0.073242	-0.757813	-0.906087	28.626516	128.163499
52087		-4.658052	-0.167375	8.672723	-0.001237	0.003698	-0.006355	0.001953	-0.077393	-0.766113	-0.908021	28.624546	128.160058
52088		-4.682394	-0.157507	8.649460	-0.001143	0.011299	-0.006069	0.002930	-0.075684	-0.764893	-0.909341	28.626893	128.157128
52089		-4.705375	-0.149761	8.674440	-0.001930	0.024113	-0.002978	0.016113	-0.070068	-0.756348	-0.910694	28.636540	128.155896
52090		-4.719701	-0.169439	8.599803	0.000474	0.016604	-0.008486	-0.002197	-0.072266	-0.757813	-0.911871	28.641905	128.151333
52091		-4.733139	-0.139213	8.625532	-0.002495	0.011359	-0.007359	0.000488	-0.074707	-0.755127	-0.914940	28.644286	128.147437
52092		-4.678599	-0.136723	8.647077	-0.006014	0.010804	-0.006052	0.006348	-0.074463	-0.762451	-0.919044	28.646350	128.144522
52093		-4.744249	-0.163360	8.623876	-0.005195	0.011476	-0.009937	0.008545	-0.076172	-0.761475	-0.924398	28.648706	128.138837
52094		-4.710300	-0.204149	8.595539	-0.007852	0.009668	-0.006082	0.004395	-0.072754	-0.757813	-0.929560	28.650118	128.135914
52095		-4.731167	-0.198137	8.645409	-0.007943	0.002065	-0.006368	-0.007080	-0.076904	-0.751953	-0.935330	28.647173	128.132605
52096		-4.678134	-0.193630	8.618623	-0.006438	0.003726	-0.003715	0.010010	-0.068848	-0.757813	-0.938910	28.645203	128.131291
52097		-4.654890	-0.204761	8.641295	-0.008496	0.006756	-0.006188	0.005127	-0.072998	-0.752441	-0.944973	28.644850	128.128168
52098		-4.731521	-0.201753	8.668920	-0.005000	0.011273	-0.002141	0.012695	-0.076416	-0.755371	-0.947276	28.647218	128.127800
52099		-4.688394	-0.219383	8.641171	-0.001969	0.010635	-0.002188	0.007324	-0.075195	-0.757080	-0.948341	28.649272	128.126894
52100		-4.735722	-0.199983	8.619082	0.001040	0.013957	0.003119	0.001709	-0.070801	-0.756592	-0.945550	28.653227	128.129931
52101		-4.686651	-0.141224	8.618852	-0.000465	0.012297	0.000465	0.002441	-0.073242	-0.764404	-0.944965	28.656167	128.131048
52102		-4.710145	-0.132070	8.619779	0.000575	0.008802	-0.000975	0.010254	-0.078125	-0.756348	-0.943696	28.657131	128.131468
52103		-4.697655	-0.164140	8.617261	-0.006684	0.011857	-0.000809	0.000977	-0.075195	-0.755859	-0.947027	28.659843	128.131609
52104		-4.706694	-0.188277	8.640509	-0.002457	0.009442	-0.000930	0.002441	-0.072266	-0.749756	-0.947484	28.661173	128.132051
52105		-4.719810	-0.158045	8.666447	-0.005157	0.009559	-0.003510	0.010498	-0.074463	-0.749756	-0.950783	28.662448	128.130533
52106		-4.730736	-0.179916	8.641113	-0.002237	0.005273	0.001514	0.011963	-0.078125	-0.754639	-0.950327	28.661414	128.132616
52107		-4.686276	-0.198475	8.637892	-0.003654	0.011221	-0.000856	0.013672	-0.078125	-0.760254	-0.951904	28.663861	128.132363
52108		-4.722084	-0.158823	8.665194	-0.001443	0.009908	0.002983	0.010986	-0.073730	-0.757324	-0.950557	28.665496	128.135355
52109		-4.719896	-0.212082	8.637688	-0.000956	0.011105	0.001723	0.007324	-0.078125	-0.752686	-0.949805	28.667919	128.136954
52110		-4.734163	-0.180358	8.639227	-0.001110	0.009387	0.000358	-0.002197	-0.077393	-0.754395	-0.949086	28.669230	128.138237
52111		-4.725868	-0.157747	8.639346	-0.001291	0.011629	0.004346	0.008057	-0.073975	-0.753662	-0.947640	28.671777	128.141540
52112		-4.725560	-0.158653	8.663302	0.002630	0.005774	0.001499	0.004150	-0.062012	-0.758301	-0.944402	28.671029	128.143608
52113		-4.726220	-0.158632	8.662943	-0.002460	0.009446	-0.000933	0.002441	-0.070313	-0.755615	-0.945477	28.672341	128.144187
52114		-4.727764	-0.157531	8.638313	0.001502	0.001661	0.002654	0.000977	-0.074951	-0.756104	-0.942503	28.669249	128.147053
52115		-4.738260	-0.179003	8.613201	-0.002392	0.003556	0.000148	0.009277	-0.071777	-0.757813	-0.943063	28.667108	128.148162
52116		-4.704472	-0.167827	8.661087	0.001683	-0.000581	-0.001334	0.007813	-0.074707	-0.761475	-0.941223	28.662693	128.148448
52117		-4.736189	-0.181217	8.661906	-0.000488	-0.001197	0.001260	0.000488	-0.071777	-0.761963	-0.940327	28.657987	128.150198
52118		-4.718858	-0.134862	8.638771	0.000153	0.001719	0.001364	0.002197	-0.074219	-0.750244	-0.938531	28.654915	128.152221
52119		-4.713908	-0.190402	8.660341	-0.001904	0.004753	-0.001112	0.014893	-0.074219	-0.756104	-0.939202	28.653445	128.152480
52120		-4.695825	-0.145364	8.661402	-0.000708	0.002975	-0.001186	0.006348	-0.068359	-0.760742	-0.938704	28.651068	128.152824
52121		-4.682932	-0.177410	8.659114	-0.001791	0.008402	-0.006182	0.002930	-0.080811	-0.749756	-0.940972	28.651838	128.149671
52122		-4.692852	-0.200178	8.658100	-0.000251	0.008134	0.002906	0.003418	-0.073975	-0.752930	-0.938958	28.652456	128.152632
52123		-4.739892	-0.180742	8.636077	-0.000625	0.010587	-0.000904	0.002441	-0.073486	-0.752686	-0.938754	28.654369	128.152460
52124		-4.685298	-0.177790	8.657827	-0.002126	0.008926	-0.003559	0.005615	-0.077637	-0.756104	-0.939842	28.655380	128.151192
52125		-4.732314	-0.158668	8.635800	-0.002462	0.009449	-0.000935	-0.000488	-0.077393	-0.754639	-0.940745	28.656657	128.151213
52126		-4.719695	-0.190680	8.633362	-0.002950	0.008252	0.000324	0.002441	-0.075928	-0.756592	-0.941085	28.657318	128.152487
52127		-4.733737	-0.158984	8.635015	0.001767	0.007032	-0.001051	0.012451	-0.075928	-0.748047	-0.939562	28.657144	128.152487
52128		-4.723768	-0.137571	8.659857	-0.001013	-0.000464	-0.003915	0.004639	-0.069336	-0.757813	-0.940075	28.652772	128.151087
52129		-4.720636	-0.191010	8.632840	-0.001684	0.000581	0.001333	0.010986	-0.072266	-0.757813	-0.939841	28.649091	128.152761
52130		-4.711766	-0.168751	8.633282	-0.003628	0.007266	-0.006215	0.006104	-0.071289	-0.759521	-0.942612	28.649125	128.149777
52131		-4.689716	-0.178361	8.631597	-0.003590	0.005336	0.000220	0.009277	-0.078125	-0.756348	-0.943876	28.648156	128.150881
52132		-4.702597	-0.147893	8.657685	0.000418	0.007091	-0.002342	0.005615	-0.070313	-0.756104	-0.943116	28.648127	128.150426
52133		-4.681607	-0.156097	8.631631	-0.001419	0.005953	-0.002374	0.003906	-0.078613	-0.761719	-0.943885	28.647463	128.149605
52134		-4.736624	-0.160592	8.633402	-0.000780	0.008870	-0.002270	0.004150	-0.079102	-0.754639	-0.943797	28.648454	128.149179
52135		-4.723950	-0.192697	8.630990	-0.003964	0.007791	-0.003592	0.013184	-0.073486	-0.753906	-0.946311	28.648757	128.147321
52136		-4.715461	-0.170346	8.631233	0.000568	0.008813	-0.000979	0.003418	-0.074707	-0.754639	-0.945047	28.649727	128.147738
52137		-4.714965	-0.171642	8.655304	-0.003743	0.003617	-0.001146	0.003174	-0.070557	-0.754883	-0.946749	28.647756	128.147692
52138		-4.683684	-0.158338	8.654292	0.002252	0.008232	-0.002311	0.004639	-0.081055	-0.751709	-0.944934	28.648381	128.147245
52139		-4.702818	-0.203593	8.652611	-0.000781	0.008872	-0.002271	0.007813	-0.075684	-0.761963	-0.945268	28.649310	128.146368
52140		-4.695332	-0.180002	8.628510	0.000416	0.007094	-0.002343	0.005615	-0.073242	-0.760498	-0.944509	28.649282	128.145913
52141		-4.686766	-0.157423	8.628807	0.000079	0.007616	0.000280	0.005615	-0.067139	-0.757324	-0.943603	28.649576	128.146951
52142		-4.718039	-0.171953	8.653623	0.001126	0.004117	-0.001156	0.012939	-0.076416	-0.747559	-0.942051	28.647854	128.147303
52143		-4.695958	-0.181341	8.651976	-0.003966	0.007793	-0.003595	0.011963	-0.069092	-0.750000	-0.944716	28.648271	128.145741
52144		-4.743746	-0.161149	8.605652	0.000265	0.005374	-0.003708	0.004395	-0.066162	-0.756592	-0.944462	28.647246	128.144414
52145		-4.688731	-0.158397	8.627722	-0.006440	0.003735	-0.003731	0.010498	-0.075439	-0.760010	-0.948658	28.645308	128.143199
52146		-4.698186	-0.181387	8.626927	0.000975	0.002397	-0.002520	0.004639	-0.070068	-0.752441	-0.947611	28.642588	128.142679
52147		-4.720044	-0.173609	8.652496	-0.002919	0.004294	-0.005031	0.005127	-0.078857	-0.752441	-0.950085	28.640946	128.140269
52148		-4.707031	-0.205809	8.650268	-0.003256	0.004816	-0.002408	0.009766	-0.082031	-0.761230	-0.951440	28.639613	128.139797
52149		-4.712716	-0.150647	8.628299	-0.001421	0.005956	-0.002376	0.003662	-0.078125	-0.749756	-0.952057	28.638951	128.138482
52150		-4.721610	-0.174711	8.651620	-0.003330	0.010714	-0.003492	0.001465	-0.072998	-0.751465	-0.953823	28.640987	128.137237
52151		-4.745856	-0.164834	8.628250	-0.001572	0.004236	-0.003740	0.004150	-0.076172	-0.759766	-0.955030	28.639208	128.135441
52152		-4.699864	-0.184616	8.649786	-0.004382	0.000699	-0.001252	0.003662	-0.071777	-0.759033	-0.956646	28.635528	128.135768
52153		-4.723752	-0.174603	8.626613	-0.000074	0.005898	-0.001084	0.005859	-0.078125	-0.759766	-0.956236	28.634758	128.136009
52154		-4.692275	-0.161442	8.625738	-0.003557	0.001376	-0.005137	0.005127	-0.077393	-0.762451	-0.958597	28.631428	128.133793
52155		-4.714879	-0.152740	8.627080	-0.003184	-0.001081	-0.001324	0.004395	-0.076660	-0.759033	-0.959925	28.626700	128.133632
52156		-4.691380	-0.163269	8.650031	-0.002397	0.003559	0.000144	0.001709	-0.075928	-0.758057	-0.959982	28.624671	128.134838
52157		-4.709108	-0.209814	8.672887	-0.001909	0.004758	-0.001116	0.007568	-0.076660	-0.751221	-0.960566	28.623233	128.134873
52158		-4.723986	-0.177259	8.650271	-0.002770	0.006017	-0.003669	0.013916	-0.082031	-0.754639	-0.962041	28.622575	128.133564
52159		-4.693490	-0.162937	8.625049	0.000825	0.000678	-0.003884	0.010742	-0.075439	-0.755127	-0.961829	28.618964	128.131221
52160		-4.724447	-0.177589	8.650012	-0.001049	0.003500	0.001436	0.007813	-0.073242	-0.756348	-0.960709	28.616914	128.133271
52161		-4.693950	-0.163251	8.624793	-0.003408	0.003098	-0.003773	0.007080	-0.073486	-0.758545	-0.963025	28.614650	128.131530
52162		-4.701262	-0.188512	8.672788	-0.002696	0.000119	-0.002585	0.006104	-0.074463	-0.762939	-0.964088	28.610624	128.130993
52163		-4.702348	-0.187798	8.648366	-0.003895	0.001899	-0.002513	0.000244	-0.069336	-0.757568	-0.966300	28.607617	128.130316
52164		-4.671699	-0.173443	8.623233	0.000487	0.001199	-0.001260	0.007080	-0.073975	-0.757813	-0.965130	28.604224	128.130632
52165		-4.701860	-0.189330	8.672446	-0.002622	0.007738	-0.002305	0.004395	-0.073975	-0.760986	-0.966618	28.604491	128.130227
52166		-4.703321	-0.188347	8.647826	0.000637	0.002920	0.000104	0.003174	-0.072021	-0.761230	-0.964946	28.602096	128.131415
52167		-4.687410	-0.140933	8.600167	-0.001274	0.007679	-0.001013	-0.000488	-0.068115	-0.750732	-0.965233	28.602347	128.131818
52168		-4.686074	-0.143345	8.648540	0.001237	0.007778	-0.006228	0.004395	-0.076660	-0.752930	-0.965221	28.602673	128.128820
52169		-4.695592	-0.166316	8.647687	-0.004044	0.000178	-0.003878	0.006104	-0.070557	-0.758057	-0.967932	28.598555	128.127300
52170		-4.696775	-0.165704	8.623208	-0.002921	0.004298	-0.005034	0.008789	-0.070801	-0.756592	-0.969911	28.596900	128.125119
52171		-4.706317	-0.188805	8.622335	-0.002921	0.004299	-0.005034	0.001465	-0.077148	-0.759766	-0.972428	28.595268	128.122936
52172		-4.683158	-0.199513	8.645112	-0.002773	0.006019	-0.003670	-0.000732	-0.065430	-0.757568	-0.973905	28.594612	128.121627
52173		-4.674493	-0.177311	8.645493	-0.002773	0.006020	-0.003671	0.002197	-0.076416	-0.765381	-0.975893	28.593800	128.120495
52174		-4.698548	-0.167368	8.622210	-0.001912	0.004760	-0.001118	0.006836	-0.069824	-0.759033	-0.976073	28.592447	128.120865
52175		-4.684514	-0.200326	8.644358	0.001123	0.004121	-0.001156	0.001221	-0.075439	-0.757080	-0.975004	28.590679	128.121201
52176		-4.698598	-0.168575	8.646010	0.001533	0.011222	-0.003501	0.006104	-0.075439	-0.751465	-0.973989	28.593005	128.119944
52177		-4.676735	-0.177928	8.644268	-0.002773	0.006021	-0.003671	0.004150	-0.065918	-0.755371	-0.975862	28.592282	128.118218
52178		-4.700100	-0.168883	8.645188	0.002541	0.011684	0.000416	0.002197	-0.072754	-0.756104	-0.973048	28.594911	128.119512
52179		-4.678509	-0.177864	8.643309	0.001193	0.011744	-0.000877	0.012695	-0.067139	-0.749512	-0.971966	28.597475	128.120156
52180		-4.688825	-0.200475	8.642017	0.000479	0.014726	-0.002068	0.000977	-0.079346	-0.754639	-0.971126	28.601822	128.119796
52181		-4.702623	-0.169782	8.667659	0.001974	0.016388	0.000589	-0.000732	-0.072021	-0.757813	-0.969057	28.607159	128.120778
52182		-4.704938	-0.168410	8.642565	0.003173	0.014609	0.000518	0.006592	-0.067871	-0.761963	-0.965864	28.611464	128.122107
52183		-4.692951	-0.200012	8.639788	0.001599	0.018852	-0.003227	0.000000	-0.067383	-0.756592	-0.965317	28.618063	128.121224
52184		-4.761145	-0.173673	8.667369	0.000850	0.012269	0.001744	0.002930	-0.069336	-0.760254	-0.963060	28.621039	128.123379
52185		-4.732174	-0.157737	8.617515	0.003590	0.008187	-0.001020	0.004395	-0.076904	-0.757080	-0.960658	28.621508	128.124208
52186		-4.710224	-0.166685	8.615850	0.001755	0.007046	-0.001054	0.001221	-0.077148	-0.751709	-0.958730	28.621465	128.124595
52187		-4.688123	-0.175696	8.614270	0.000781	0.004644	0.001467	0.000000	-0.073486	-0.760498	-0.956902	28.619973	128.126129
52188		-4.669558	-0.131706	8.639597	-0.003193	0.012450	-0.002140	0.008545	-0.070801	-0.757568	-0.958177	28.623015	128.125748
52189		-4.653035	-0.217938	8.634312	0.001822	0.014674	-0.000779	0.000732	-0.077148	-0.758301	-0.956653	28.627281	128.126252
52190		-4.648924	-0.141966	8.661091	0.000833	0.025807	0.000927	0.006348	-0.077881	-0.755615	-0.954732	28.638005	128.127728
52191		-4.674569	-0.263891	8.655096	0.002469	0.029196	0.004945	0.004639	-0.075195	-0.761719	-0.950969	28.650623	128.131282
52192		-4.717558	-0.168323	8.659568	0.002581	0.032864	-0.000134	0.006592	-0.075928	-0.756348	-0.948413	28.665379	128.131990
52193		-4.734653	-0.134869	8.635682	0.006988	0.030229	0.007563	0.001709	-0.069092	-0.752441	-0.941310	28.678658	128.137437
52194		-4.746354	-0.156874	8.633615	0.003144	0.028167	-0.000310	0.009521	-0.069580	-0.752197	-0.938461	28.690721	128.138083
52195		-4.726152	-0.165694	8.631035	0.002311	0.027491	0.003571	0.005859	-0.064697	-0.756104	-0.935417	28.702382	128.141366
52196		-4.727475	-0.166519	8.654192	0.002020	0.024047	0.000844	0.007324	-0.072754	-0.756348	-0.932828	28.712096	128.142811
52197		-4.739553	-0.187664	8.628036	0.004565	0.022207	0.002071	0.006592	-0.075195	-0.757324	-0.928964	28.720733	128.145324
52198		-4.732298	-0.164558	8.627689	0.004563	0.022209	0.002070	0.006592	-0.074707	-0.756104	-0.924523	28.729405	128.147591
52199		-4.711484	-0.173231	8.625473	0.003930	0.019285	0.001967	0.008789	-0.079346	-0.750488	-0.920871	28.736366	128.149504
52200		-4.744252	-0.187232	8.649374	0.006048	0.023880	0.004724	0.006348	-0.074707	-0.755859	-0.914751	28.746019	128.153490
52201		-4.738774	-0.161505	8.600280	0.008105	0.020837	0.007213	0.009033	-0.073486	-0.752930	-0.907000	28.753940	128.158495
52202		-4.725380	-0.194391	8.646143	0.009793	0.020258	0.005885	0.012451	-0.076416	-0.759277	-0.898349	28.761529	128.163281
52203		-4.751585	-0.181918	8.597620	0.008243	0.022569	0.008571	0.007080	-0.076904	-0.756104	-0.890175	28.770533	128.169366
52204		-4.734239	-0.136723	8.622376	0.008099	0.020846	0.007208	0.008545	-0.071045	-0.756592	-0.882078	28.778469	128.175013
52205		-4.725907	-0.114260	8.646527	0.008302	0.018599	0.003224	0.003418	-0.076660	-0.751465	-0.875555	28.785061	128.177873
52206		-4.723433	-0.167679	8.642974	0.008583	0.022054	0.005943	0.005127	-0.069092	-0.752197	-0.867582	28.793676	128.182685
52207		-4.725270	-0.166531	8.641992	0.013654	0.020310	0.001966	0.014648	-0.078857	-0.748779	-0.858404	28.801130	128.184819
52208		-4.742236	-0.131494	8.594133	0.009415	0.022738	0.002056	0.005127	-0.074463	-0.748779	-0.851180	28.810103	128.187086
52209		-4.728947	-0.164428	8.640021	0.011818	0.019171	0.001927	0.008057	-0.079346	-0.755127	-0.842956	28.817064	128.188579
52210		-4.776595	-0.143834	8.617148	0.012670	0.017912	0.004484	0.006592	-0.073486	-0.757324	-0.833077	28.823292	128.192483
52211		-4.754615	-0.152922	8.639563	0.009005	0.015625	0.004413	0.006836	-0.065918	-0.750488	-0.825694	28.828158	128.196011
52212		-4.746682	-0.129323	8.639585	0.010556	0.013315	0.001728	0.006836	-0.071045	-0.757324	-0.817873	28.831729	128.198158
52213		-4.747736	-0.128489	8.639018	0.006892	0.011026	0.001658	0.010010	-0.072510	-0.757813	-0.812770	28.833915	128.200686
52214		-4.759340	-0.148372	8.589153	0.004431	0.006950	0.001526	0.006836	-0.083008	-0.757080	-0.808493	28.833837	128.202761
52215		-4.749064	-0.127386	8.638304	0.007814	0.005785	-0.001123	0.003418	-0.078369	-0.754150	-0.803464	28.833049	128.202658
52216		-4.735995	-0.158586	8.636269	0.005005	0.002234	0.001367	0.005615	-0.069580	-0.765869	-0.798887	28.830267	128.204672
52217		-4.768040	-0.171984	8.636600	-0.003748	0.003629	-0.001173	0.006104	-0.075928	-0.755371	-0.800601	28.828125	128.205163
52218		-4.709830	-0.089704	8.613648	0.002460	0.004077	0.000131	0.007813	-0.079590	-0.761230	-0.797881	28.826389	128.206352
52219		-4.728585	-0.134833	8.612057	-0.000574	0.004717	0.000158	0.003662	-0.076172	-0.763428	-0.797249	28.824959	128.207183
52220		-4.760735	-0.148412	8.612323	-0.002406	0.003572	0.000123	0.007813	-0.080566	-0.750244	-0.797317	28.822934	128.208372
52221		-4.729075	-0.135279	8.611781	-0.002335	-0.000411	-0.005215	0.001465	-0.070801	-0.748291	-0.799337	28.818490	128.205672
52222		-4.750802	-0.127778	8.637343	-0.005858	-0.000973	-0.003926	0.010742	-0.073730	-0.753174	-0.802640	28.813829	128.204254
52223		-4.728052	-0.137358	8.636257	0.000210	-0.002254	-0.003980	0.008789	-0.080322	-0.753174	-0.802963	28.808351	128.202792
52224		-4.761122	-0.149070	8.588153	-0.005284	-0.005691	-0.004085	0.003906	-0.078369	-0.759766	-0.805965	28.800986	128.201314
52225		-4.737054	-0.160022	8.611712	-0.005563	-0.009147	-0.006803	0.013916	-0.076416	-0.760742	-0.810261	28.791552	128.197511
52226		-4.726356	-0.139211	8.637156	-0.005773	-0.006893	-0.002823	0.010254	-0.080078	-0.759033	-0.813140	28.783508	128.196870
52227		-4.713205	-0.170699	8.611200	-0.007970	-0.005574	-0.006680	0.010742	-0.075439	-0.755615	-0.818848	28.776301	128.193125
52228		-4.734548	-0.163476	8.636971	-0.004797	-0.004486	-0.005348	0.002441	-0.075928	-0.753174	-0.821971	28.769615	128.190813
52229		-4.734482	-0.164135	8.636994	-0.004743	0.003163	-0.005091	0.006348	-0.074951	-0.757324	-0.825411	28.767262	128.188299
52230		-4.702909	-0.151216	8.636399	-0.003889	0.001901	-0.002532	0.005127	-0.075439	-0.761230	-0.827158	28.764259	128.187768
52231		-4.725905	-0.142431	8.637350	-0.000941	0.007182	-0.003662	0.005859	-0.079346	-0.756592	-0.828016	28.764193	128.186377
52232		-4.704605	-0.150927	8.611531	-0.006784	0.004270	-0.001146	0.007324	-0.078857	-0.745605	-0.830996	28.762558	128.186730
52233		-4.745289	-0.188472	8.635363	0.000890	0.008328	-0.003626	0.007568	-0.069336	-0.751709	-0.830650	28.763183	128.184650
52234		-4.729027	-0.141218	8.587765	-0.000366	0.002465	-0.003821	0.009277	-0.078613	-0.750488	-0.830785	28.760492	128.183271
52235		-4.749478	-0.135616	8.661897	-0.001570	0.004251	-0.003760	0.007080	-0.078369	-0.755371	-0.832035	28.758834	128.181627
52236		-4.728804	-0.142787	8.611808	-0.000715	0.002990	-0.001200	0.005127	-0.077393	-0.749023	-0.831549	28.756465	128.181957
52237		-4.719888	-0.120380	8.612370	-0.002058	0.003048	-0.002498	0.004883	-0.069092	-0.755371	-0.832551	28.754060	128.180850
52238		-4.751805	-0.134183	8.612748	-0.002686	0.000116	-0.002595	0.002441	-0.081543	-0.760010	-0.833619	28.750033	128.180295
52239		-4.719292	-0.122112	8.636619	-0.002547	0.001844	-0.001236	0.000732	-0.076660	-0.755371	-0.834591	28.746871	128.180555
52240		-4.728368	-0.145078	8.635958	-0.001272	-0.003921	-0.006638	0.013672	-0.079102	-0.755371	-0.836101	28.740497	128.177397
52241		-4.728100	-0.145715	8.636094	-0.007691	-0.002117	-0.003964	0.002930	-0.079346	-0.750488	-0.840777	28.735162	128.175437
52242		-4.727808	-0.146475	8.636241	-0.004796	-0.004484	-0.005351	-0.000244	-0.074707	-0.762695	-0.843898	28.728476	128.173127
52243		-4.697184	-0.131324	8.587283	-0.002249	-0.006328	-0.004115	0.005859	-0.081543	-0.759766	-0.845497	28.720543	128.171434
52244		-4.726732	-0.147471	8.636813	-0.004081	-0.007473	-0.004151	0.002930	-0.071045	-0.757080	-0.847817	28.712155	128.169937
52245		-4.703520	-0.157245	8.635959	-0.004936	-0.006210	-0.006711	0.004150	-0.071045	-0.760254	-0.851806	28.704371	128.166570
52246		-4.662362	-0.121959	8.636313	-0.006229	0.001497	-0.007750	0.002686	-0.073242	-0.760254	-0.856526	28.701091	128.162637
52247		-4.701655	-0.161112	8.684802	-0.005513	-0.001493	-0.006551	0.008057	-0.082520	-0.754639	-0.860949	28.695980	128.159858
52248		-4.689957	-0.191542	8.634084	-0.009474	0.004387	-0.003742	0.000488	-0.071777	-0.757080	-0.866285	28.694390	128.158515
52249		-4.680676	-0.170671	8.658784	-0.001522	0.011902	-0.003500	-0.005615	-0.080322	-0.757324	-0.867350	28.697014	128.156870
52250		-4.705334	-0.160762	8.634906	-0.002100	0.016620	-0.003340	0.000488	-0.078613	-0.752686	-0.868393	28.702435	128.155669
52251		-4.715061	-0.184728	8.657806	-0.001246	0.015358	-0.000781	0.006348	-0.074707	-0.751465	-0.868366	28.706839	128.155728
52252		-4.721365	-0.129349	8.635380	-0.000530	0.012368	0.000419	0.008301	-0.079102	-0.749512	-0.867310	28.709856	128.157023
52253		-4.721683	-0.130577	8.659141	-0.001386	0.013633	-0.002142	0.012207	-0.088379	-0.753906	-0.867874	28.713582	128.156005
52254		-4.733369	-0.151354	8.609154	-0.003982	0.007828	-0.003637	0.003662	-0.075439	-0.757324	-0.870046	28.713963	128.154696
52255		-4.719053	-0.185708	8.655609	0.000029	0.009598	-0.006186	0.007080	-0.074951	-0.757080	-0.870908	28.715362	128.150678
52256		-4.743161	-0.175789	8.632002	-0.003127	0.006564	-0.001078	0.006348	-0.076172	-0.760986	-0.871781	28.715041	128.151054
52257		-4.703690	-0.138721	8.607563	0.000534	0.008857	-0.001004	0.007813	-0.073486	-0.753418	-0.870942	28.716012	128.151284
52258		-4.689354	-0.172842	8.654044	-0.002640	0.007770	-0.002340	0.009766	-0.078125	-0.757813	-0.871938	28.716371	128.150823
52259		-4.712690	-0.163983	8.654798	-0.000809	0.008917	-0.002303	0.011230	-0.076416	-0.757813	-0.872260	28.717433	128.150003
52260		-4.737575	-0.152603	8.606818	0.003082	0.007012	0.000233	0.002930	-0.075928	-0.756836	-0.869166	28.717381	128.151230
52261		-4.704832	-0.141123	8.654827	0.001739	0.007072	-0.001066	0.008789	-0.073975	-0.754395	-0.867621	28.717338	128.151312
52262		-4.673218	-0.128705	8.678281	0.000441	0.014784	-0.002109	0.004883	-0.073975	-0.760986	-0.866812	28.721718	128.150933
52263		-4.268291	-0.197722	8.978043	0.009093	0.069529	0.016636	0.003662	-0.074707	-0.743896	-0.855859	28.757595	128.162239
52264		-4.368351	-0.085096	9.050997	0.007482	0.299700	0.063173	0.002686	-0.070801	-0.751465	-0.831744	28.925753	128.201813
52265		-5.351246	-0.573739	8.602065	0.009741	0.269248	0.093141	0.009033	-0.074951	-0.759033	-0.796940	29.076465	128.261454
52266		-4.970514	-0.180807	8.744475	0.045113	0.172268	0.093899	0.010742	-0.077393	-0.748047	-0.740565	29.171807	128.322660
52267		-5.123810	-0.241560	8.614574	0.088567	0.144492	0.076153	0.012207	-0.072510	-0.756348	-0.665073	29.250946	128.372330
52268		-5.194286	-0.439848	8.528845	0.094402	0.046974	0.047212	0.018555	-0.082031	-0.752686	-0.594704	29.274080	128.404128
52269		-4.928200	-0.487619	8.544573	0.101039	-0.014870	-0.007898	0.009521	-0.077637	-0.755127	-0.538417	29.261482	128.399788
52270		-4.987250	-0.511175	8.644241	0.107692	-0.038086	-0.059293	0.013672	-0.084961	-0.759521	-0.494342	29.235277	128.362200
52271		-4.558856	0.750886	8.467833	0.080057	-0.039570	-0.051646	0.014893	-0.079346	-0.755371	-0.463977	29.208203	128.329185
52272		-4.552806	0.567953	8.485562	0.057693	-0.017971	-0.038112	0.018799	-0.081543	-0.755859	-0.441797	29.193655	128.305380
52273		-4.627913	0.306435	8.623478	0.030005	0.011562	-0.034759	0.015869	-0.083984	-0.753174	-0.434861	29.196163	128.283194
52274		-4.905459	0.207982	8.649766	0.019500	0.011666	-0.019167	0.012207	-0.071289	-0.755371	-0.428571	29.198685	128.271670
52275		-5.059686	0.000430	8.889522	0.014348	-0.009668	-0.018455	0.011963	-0.085693	-0.751953	-0.425415	29.189000	128.260734
52276		-5.125028	-0.150507	8.715824	0.024360	-0.055439	-0.019688	0.010986	-0.083008	-0.756836	-0.416344	29.153074	128.249196
52277		-4.888750	0.101053	8.649973	0.018383	-0.073587	-0.033219	0.005859	-0.075195	-0.755371	-0.415199	29.106641	128.228239
52278		-4.716326	0.458723	8.516771	0.006461	-0.082928	-0.038715	0.009766	-0.082764	-0.759521	-0.422362	29.054887	128.204366
52279		-4.714983	0.248395	8.512773	-0.007299	-0.079893	-0.042569	0.011230	-0.085693	-0.754150	-0.439022	29.004703	128.178187
52280		-4.725953	0.066529	8.558976	-0.017460	-0.076411	-0.055519	0.007568	-0.075684	-0.759033	-0.465176	28.956594	128.143333
52281		-4.838949	-0.049664	8.659607	-0.013906	-0.089398	-0.055922	0.012695	-0.084961	-0.751953	-0.489675	28.900983	128.108214
52282		-5.530349	-0.285357	9.213801	-0.000316	-0.140378	-0.052239	0.001465	-0.082764	-0.756592	-0.504689	28.816218	128.075953
52283		-5.629506	-0.597277	8.824842	0.035468	-0.239585	-0.037083	0.008057	-0.078613	-0.754395	-0.494301	28.674628	128.053656
52284		-4.984295	-0.473164	8.701979	0.059242	-0.292104	-0.032451	0.000488	-0.081787	-0.760986	-0.468454	28.503036	128.035195
52285		-5.035176	-0.595005	8.715373	0.076660	-0.311934	-0.006099	-0.004639	-0.091553	-0.756592	-0.424801	28.320193	128.033921
52286		-4.927924	-0.644295	8.677789	0.102139	-0.324444	0.009918	0.000244	-0.082031	-0.755371	-0.361286	28.130264	128.042918
52287		-5.030782	-0.612474	9.018932	0.132087	-0.335787	0.028435	-0.010986	-0.089600	-0.757324	-0.275331	27.933823	128.063061
52288		-5.258172	-0.731412	9.142454	0.169304	-0.359842	0.042415	-0.004150	-0.081055	-0.760498	-0.163838	27.723660	128.092517
52289		-5.542787	-1.005643	9.317440	0.207194	-0.415759	0.055104	-0.002930	-0.083252	-0.757080	-0.027567	27.481362	128.129543
52290		-4.862458	-0.999173	8.746344	0.228116	-0.471952	0.053396	-0.006348	-0.088379	-0.756104	0.120065	27.206841	128.164796
52291		-3.545852	-0.437663	8.050232	0.230434	-0.458993	0.020322	-0.021729	-0.095215	-0.753906	0.258257	26.940063	128.177694
52292		-3.085100	0.777028	7.996041	0.198543	-0.388906	0.009592	-0.027832	-0.091553	-0.749512	0.375373	26.713117	128.183502
52293		-3.342224	0.986393	8.077950	0.157143	-0.311945	0.012692	-0.023438	-0.092529	-0.749023	0.469267	26.530012	128.190800
52294		-3.921403	0.585012	8.265771	0.126483	-0.264401	0.016084	-0.026611	-0.102295	-0.753418	0.546842	26.374351	128.200604
52295		-3.951515	-0.094887	8.166504	0.135605	-0.253009	0.012031	-0.032959	-0.104980	-0.743164	0.628165	26.225170	128.206918
52296		-3.605091	0.153135	8.106826	0.162594	-0.203813	0.020491	-0.036133	-0.098877	-0.749268	0.727591	26.104166	128.219454
52297		-3.583115	0.403652	8.312653	0.152881	-0.158020	0.029993	-0.035400	-0.094727	-0.747559	0.824072	26.008991	128.237266
52298		-4.096371	0.078444	8.425934	0.141330	-0.129458	0.026002	-0.029297	-0.100830	-0.754150	0.912923	25.930499	128.253563
52299		-4.864807	-0.032715	8.859201	0.133675	-0.165360	0.009280	-0.034912	-0.094971	-0.750488	0.992104	25.831462	128.258529
52300		-4.848355	-0.066991	9.088465	0.170325	-0.219903	0.008534	-0.029053	-0.094727	-0.743652	1.092104	25.701295	128.262376
52301		-4.894973	-0.069698	9.302448	0.187942	-0.287596	0.028686	-0.043701	-0.094971	-0.754150	1.206638	25.532143	128.278109
52302		-4.224531	-0.369677	9.086959	0.205122	-0.316427	0.039612	-0.037109	-0.104248	-0.740234	1.334189	25.346278	128.299726
52303		-3.478750	-0.312233	8.692616	0.184944	-0.267569	0.031271	-0.044434	-0.100098	-0.748535	1.447466	25.188332	128.316495
52304		-3.409085	0.552496	8.628177	0.179236	-0.193230	0.031141	-0.040771	-0.104248	-0.751221	1.558295	25.073079	128.333910
52305		-3.250333	1.234446	8.964613	0.191232	-0.099314	0.080396	-0.055664	-0.103027	-0.746582	1.689184	25.010706	128.384076
52306		-4.069217	0.449165	9.359030	0.236276	-0.042108	0.169733	-0.041016	-0.110840	-0.750977	1.870644	24.979457	128.491394
52307		-5.245186	-0.887303	9.889109	0.303379	-0.065007	0.165515	-0.048584	-0.111816	-0.750244	2.088654	24.934564	128.595527
52308		-4.816651	-0.770287	9.513703	0.353150	-0.146574	0.230224	-0.047852	-0.118408	-0.742432	2.351736	24.841416	128.738107
52309		-3.971001	0.371111	9.238828	0.369016	-0.148935	0.257214	-0.051025	-0.114502	-0.745850	2.630242	24.745468	128.896549
52310		-4.221967	0.363845	9.196255	0.340652	-0.140097	0.249150	-0.047607	-0.118896	-0.746338	2.890306	24.654289	129.050059
52311		-4.076688	0.368384	9.065473	0.331547	-0.139392	0.233475	-0.057129	-0.124512	-0.754150	3.140114	24.563279	129.193059
52312		-3.988162	0.676669	9.205046	0.330049	-0.135467	0.253755	-0.060303	-0.123535	-0.744873	3.394468	24.473368	129.348514
52313		-3.830047	0.743190	8.922351	0.325108	-0.116426	0.251304	-0.054443	-0.131348	-0.749756	3.644847	24.393400	129.502622
52314		-3.964296	0.795577	9.012422	0.300647	-0.093420	0.224292	-0.066895	-0.123779	-0.742676	3.874620	24.327422	129.640272
52315		-3.757854	0.726231	8.749723	0.281867	-0.074446	0.204721	-0.059082	-0.135010	-0.737305	4.088255	24.272181	129.766143
52316		-3.193172	1.161819	8.507621	0.237636	-0.019576	0.173388	-0.049561	-0.129883	-0.732910	4.269724	24.249610	129.874628
52317		-3.082015	1.580540	8.382865	0.174055	0.070812	0.140215	-0.056641	-0.128418	-0.743408	4.407715	24.279809	129.965776
52318		-3.529637	1.443946	8.403596	0.099059	0.132239	0.095607	-0.059326	-0.133301	-0.749023	4.492821	24.346949	130.032838
52319		-3.703863	1.260606	8.444264	0.047004	0.177518	0.063431	-0.053955	-0.135498	-0.743164	4.540324	24.441095	130.082402
52320		-3.724524	1.336238	8.631397	0.024743	0.206275	0.047113	-0.053711	-0.132813	-0.737549	4.572057	24.552614	130.122964
52321		-3.728093	1.141590	8.578530	0.005527	0.237825	0.025434	-0.052979	-0.138672	-0.735352	4.587596	24.682970	130.151314
52322		-3.923149	0.908053	8.715674	-0.012834	0.273233	-0.005343	-0.050781	-0.133789	-0.742920	4.585629	24.835114	130.162413
52323		-4.072754	0.765517	8.598050	-0.032641	0.293397	-0.032506	-0.041992	-0.140137	-0.735107	4.565408	24.999772	130.156920
52324		-3.525023	0.685404	8.119207	-0.077133	0.335999	-0.079999	-0.041748	-0.130615	-0.740967	4.507972	25.191157	130.123959
52325		-2.492300	1.638467	7.642111	-0.188776	0.500836	-0.187143	-0.038574	-0.129395	-0.742432	4.360566	25.481458	130.030225
52326		-3.191166	1.933455	8.188901	-0.290204	0.671263	-0.302518	-0.042480	-0.137695	-0.747559	4.125910	25.873688	129.870712
52327		-4.567180	0.360771	8.599876	-0.319301	0.687176	-0.343117	-0.029785	-0.125977	-0.744873	3.861371	26.275662	129.683368
52328		-3.676384	0.768609	8.252456	-0.346639	0.687521	-0.372704	-0.021729	-0.125977	-0.740723	3.570412	26.678454	129.474579
52329		-3.169718	1.714992	7.956749	-0.424744	0.801671	-0.449005	-0.020020	-0.123047	-0.744873	3.211317	27.147931	129.217646
52330		-3.724751	1.487166	7.767876	-0.499736	0.896929	-0.536272	-0.005615	-0.121826	-0.747314	2.780908	27.673060	128.903077
52331		-4.079661	1.363980	8.191174	-0.568305	1.001872	-0.582570	0.000732	-0.122559	-0.752197	2.292829	28.257038	128.554800
52332		-8.319170	-2.282400	10.912683	-0.445328	0.861501	-0.360864	0.005859	-0.113037	-0.747559	1.936521	28.753815	128.341304
52333		-5.895572	-1.980031	9.756794	-0.407691	0.639246	-0.265963	0.009033	-0.103271	-0.747070	1.626302	29.120497	128.180548
52334		-5.186565	-0.050944	9.270080	-0.395850	0.560976	-0.187948	0.018311	-0.106934	-0.747559	1.345013	29.440485	128.067641
52335		-4.957442	-0.441038	9.064596	-0.330530	0.516650	-0.147181	0.022217	-0.095947	-0.745361	1.112188	29.734104	127.978868
52336		-5.297942	-0.360195	8.967950	-0.345681	0.496691	-0.133011	0.027832	-0.091553	-0.750244	0.874428	30.015862	127.897686
52337		-4.992952	0.413828	8.733387	-0.325083	0.447065	-0.129350	0.024658	-0.099609	-0.747070	0.647467	30.269080	127.817315
52338		-5.454676	-0.163405	8.775847	-0.330159	0.398787	-0.124288	0.034424	-0.093506	-0.744629	0.419066	30.494124	127.738283
52339		-5.262320	-0.157769	8.854099	-0.312794	0.370908	-0.092648	0.039551	-0.089844	-0.751221	0.210163	30.702878	127.678602
52340		-5.005934	-0.250142	8.859032	-0.271546	0.397963	-0.061406	0.040039	-0.096680	-0.750000	0.035179	30.926879	127.639290
52341		-5.128993	-0.028151	8.695998	-0.271887	0.451325	-0.025249	0.035889	-0.090576	-0.752686	-0.128380	31.181720	127.622650
52342		-5.295407	-0.499755	8.704456	-0.199936	0.503756	0.013396	0.043701	-0.089111	-0.745850	-0.237506	31.466290	127.631674
52343		-5.119368	-0.475615	8.877771	-0.113377	0.542151	0.054987	0.051758	-0.081787	-0.754150	-0.282787	31.772821	127.667720
52344		-5.175308	-0.422968	8.824751	-0.046537	0.617924	0.123809	0.052490	-0.080078	-0.749023	-0.264932	32.123117	127.750457
52345		-4.707176	-0.792768	9.066766	0.074293	0.692113	0.159879	0.052979	-0.084961	-0.752930	-0.164827	32.516067	127.858405
52346		-3.828394	-1.172515	9.599016	0.290481	0.876300	0.177576	0.059814	-0.092285	-0.742188	0.068162	33.014149	127.980018
52347		-4.589154	-0.510401	9.324792	0.473569	1.109768	0.224856	0.073975	-0.091064	-0.749268	0.427058	33.644965	128.138306
52348		-4.669426	-0.381728	9.201908	0.559665	1.281337	0.257195	0.084473	-0.092773	-0.751709	0.854033	34.373326	128.327044
52349		-3.725067	-0.782270	9.878364	0.640291	1.551287	0.268945	0.095703	-0.101807	-0.743896	1.340409	35.255039	128.536384
52350		-2.894581	-0.769421	10.381205	0.736968	1.963446	0.240852	0.110352	-0.107178	-0.745850	1.886404	36.371566	128.746563
52351		-2.159085	-0.333823	10.781216	0.788912	2.449882	0.165330	0.130615	-0.111084	-0.730713	2.450769	37.766662	128.932293
52352		-2.341748	0.424896	11.126602	0.750462	2.989127	0.107927	0.145508	-0.114746	-0.735596	2.996477	39.470303	129.116456
52353		-2.541002	0.675135	11.539477	0.686676	3.568856	0.063672	0.184082	-0.122803	-0.734863	3.520433	41.505649	129.317665
52354		-2.359688	1.096479	11.084541	0.558096	4.276566	0.004593	0.213623	-0.127197	-0.712891	3.992320	43.946364	129.540660
52355		-2.511539	2.227128	11.078576	0.342219	5.131677	-0.111049	0.253174	-0.134033	-0.699951	4.340820	46.881239	129.754410
52356		-3.442457	2.789488	11.414686	0.123999	6.173502	-0.273720	0.297852	-0.127441	-0.681885	4.547125	50.415768	129.933496
52357		-6.441577	2.892819	13.483015	0.145672	7.276711	-0.511431	0.348145	-0.131592	-0.664307	4.688315	54.596360	130.004333
52358		-12.681044	3.893060	17.047351	0.240671	7.964594	-0.791145	0.405762	-0.129639	-0.621582	4.708311	59.177383	129.862718
52359		-16.169793	4.697853	17.767740	0.066243	8.090428	-1.239719	0.458252	-0.129150	-0.592041	4.098495	63.860008	129.123475
52360		-16.485134	6.070707	15.898723	-0.206575	8.162930	-1.623290	0.517822	-0.118652	-0.546143	2.483597	68.579022	127.488760
52361		-18.889654	8.078240	17.224351	-0.654123	7.838058	-1.834815	0.562012	-0.113037	-0.513184	-0.713318	73.087159	124.501589
52362		-19.067534	6.653440	18.898564	-1.005288	7.119617	-1.987508	0.600342	-0.099121	-0.462402	-6.522348	77.086741	119.089209
52363		-14.698545	5.690493	16.659582	-1.139153	6.465649	-2.068846	0.638184	-0.081299	-0.425781	-16.807564	80.481518	109.273854
52364		-6.762803	4.862258	16.130198	-1.101805	5.941400	-1.954154	0.664551	-0.077393	-0.380615	-34.724095	83.087236	91.816033
52365		1.501797	1.897310	17.326754	-0.574997	5.053330	-1.676779	0.687500	-0.073242	-0.344727	-60.540033	84.356424	66.181799
52366		5.838422	-3.188176	12.188515	0.336146	4.886649	-2.081872	0.707764	-0.054932	-0.308838	-89.925284	83.901356	36.454306
52367		-18.650237	-0.425219	21.035464	1.224757	4.923041	-1.986229	0.721924	-0.052979	-0.276123	-110.494676	82.255751	15.031918
52368		-14.728565	-2.308765	21.394331	2.468657	3.135610	-1.283172	0.726807	-0.052246	-0.242188	-118.056561	80.845122	5.957306
52369		-14.700336	1.417170	11.531724	3.198093	1.436176	-0.600367	0.748047	-0.061279	-0.228027	-119.502759	80.153004	2.632397
52370		-13.127525	10.152675	7.328637	3.046711	-1.179861	-0.528653	0.735840	-0.076172	-0.230713	-113.465336	80.186048	6.987302
52371		-3.925170	6.005370	15.675403	3.262125	-2.971906	-0.634766	0.741455	-0.088135	-0.242920	-101.424577	80.355325	17.305638
52372		-0.748451	9.234545	12.175387	2.599503	-3.797479	-0.245529	0.734375	-0.084473	-0.263916	-87.038038	80.376947	30.384739
52373		3.142522	8.894690	8.596964	1.768173	-4.103220	-0.045124	0.715332	-0.103760	-0.288818	-72.623959	79.934670	43.982864
52374		5.631697	6.911734	6.702044	1.247041	-3.895146	0.045356	0.711914	-0.106201	-0.310059	-60.750772	79.070388	55.329100
52375		4.457590	4.994110	6.843451	0.904352	-3.788945	0.291034	0.709229	-0.111328	-0.333496	-50.860959	77.981815	64.889268
52376		1.796994	3.108704	7.004920	0.704922	-3.874021	0.625554	0.693604	-0.120850	-0.356201	-42.161108	76.708678	73.389692
52377		-1.325619	2.445329	7.676341	0.750388	-4.109324	1.040292	0.675537	-0.137451	-0.366211	-34.001505	75.213657	81.354427
52378		-3.283435	2.206061	7.865189	0.748599	-4.546021	1.456498	0.664307	-0.143799	-0.398438	-26.334826	73.374230	88.870301
52379		-3.290833	1.941915	7.242103	0.646186	-5.010062	1.821020	0.639648	-0.159912	-0.430176	-19.443510	71.123356	95.713649
52380		-2.989025	1.296584	7.682486	0.553276	-5.370172	2.075624	0.621826	-0.176758	-0.455566	-13.633145	68.505367	101.563484
52381		-3.197258	0.099006	8.185019	0.495374	-5.614273	2.245208	0.601563	-0.188721	-0.478027	-8.869734	65.589029	106.424421
52382		-4.247214	-0.473977	8.285527	0.523380	-5.819223	2.324988	0.563965	-0.203613	-0.515381	-5.024462	62.434772	110.365916
52383		-5.348758	-0.336403	8.079100	0.552547	-5.987907	2.326602	0.536133	-0.222656	-0.544189	-1.947464	59.079247	113.526017
52384		-5.851773	-0.405529	7.528761	0.483820	-6.118224	2.253800	0.510254	-0.218506	-0.554443	0.419697	55.586477	116.006415
52385		-5.793997	-1.006918	7.793347	0.405606	-6.184574	2.112391	0.474854	-0.232666	-0.579834	2.201647	52.004304	117.923654
52386		-6.610400	-2.118455	8.738177	0.419752	-6.236660	1.945630	0.439697	-0.245117	-0.609131	3.564428	48.375030	119.382801
52387		-7.764684	-2.841383	9.463259	0.547623	-6.283486	1.773212	0.409668	-0.239990	-0.630615	4.679562	44.699236	120.483887
52388		-10.039942	-2.646238	10.358434	0.738756	-6.323304	1.593331	0.380127	-0.238281	-0.652100	5.645487	41.004576	121.280048
52389		-12.147301	-1.794841	10.617795	0.895194	-6.366075	1.447966	0.354736	-0.251953	-0.674316	6.519201	37.277820	121.848433
52390		-13.073507	-0.524572	10.991551	0.896208	-6.415873	1.408816	0.319580	-0.253174	-0.698242	7.289483	33.527234	122.289867
52391		-14.473847	0.217392	11.010563	0.719739	-6.410886	1.485275	0.297852	-0.257080	-0.729980	7.925219	29.761988	122.711822
52392		-17.233035	0.173096	10.602337	0.491231	-6.296413	1.637425	0.274658	-0.255859	-0.757568	8.427872	26.053446	123.182379
52393		-21.160026	-0.532299	9.596107	0.223415	-6.047699	1.825386	0.241211	-0.254639	-0.781982	8.790764	22.459451	123.749440
52394		-24.600519	-1.334209	7.614964	-0.063942	-5.650675	1.994976	0.210938	-0.251953	-0.817871	8.993536	19.079849	124.422215
52395		-27.807276	-2.304082	4.026029	-0.355064	-5.011916	2.073786	0.177002	-0.255127	-0.846191	9.021386	16.047032	125.182916
52396		-30.628846	-3.125634	-0.188018	-0.692864	-4.145309	2.026270	0.157471	-0.239746	-0.875977	8.830580	13.516346	125.988190
52397		-32.663603	-5.555651	-4.454104	-0.922453	-3.187562	1.677272	0.139648	-0.237793	-0.903320	8.454047	11.557090	126.681444
52398		-23.063017	-13.085824	-3.428200	-0.102618	-2.068129	1.039130	0.126953	-0.229736	-0.924072	8.476055	10.293211	127.103880
52399		-43.068622	-9.475893	-15.953407	0.816388	0.723888	0.741947	0.140381	-0.236816	-0.942139	9.034323	10.630571	127.596143
52400		-41.866939	-6.329360	-19.184122	0.095115	0.271225	0.865472	0.167236	-0.236084	-0.959717	9.186461	10.701304	128.119699
52401		-31.780901	6.547466	-22.205209	-1.349437	2.258679	1.094576	0.194092	-0.208984	-0.961182	8.577818	11.877454	128.955790
52402		6.015201	-4.700563	9.758956	-0.621575	4.174139	-0.860828	0.257324	-0.197754	-0.962646	8.190052	14.311224	128.813190
52403		-15.532323	-4.619799	37.510880	-1.054339	4.463632	-1.142072	0.315918	-0.178955	-0.959473	7.503346	16.929126	128.503234
52404		-19.416939	0.356129	14.086795	-1.736370	3.422415	-0.598966	0.362793	-0.153076	-0.956543	6.476269	18.913011	128.396494
52405		-10.607088	3.414094	12.219138	-1.360487	3.227869	-0.951546	0.411377	-0.131592	-0.948975	5.571877	20.804981	128.026977
52406		-15.477627	-2.500401	15.315320	-1.221941	2.651098	-0.813998	0.440918	-0.114746	-0.947998	4.742952	22.355556	127.674927
52407		-8.957544	-10.469431	10.079148	-0.757449	1.981760	-0.695313	0.465820	-0.096924	-0.943115	4.179208	23.514491	127.340205
52408		-3.664615	3.401494	9.040334	-0.873181	2.010665	-0.643793	0.491211	-0.088135	-0.931152	3.550033	24.684610	127.022830
52409		-7.552195	7.577392	8.506601	-1.033277	2.003171	-0.907625	0.517578	-0.067871	-0.916260	2.743392	25.855202	126.518948
52410		-6.751949	-3.624702	9.808841	-0.929489	1.736447	-1.034781	0.544189	-0.062500	-0.923096	1.938490	26.869377	125.904029
52411		-12.328524	-8.188341	15.061453	-0.889031	1.285266	-0.566897	0.552002	-0.041504	-0.912354	1.273529	27.610777	125.562855
52412		-8.530949	-2.588859	9.894489	-0.517886	0.596621	-0.154219	0.562012	-0.030273	-0.904053	0.934924	27.950142	125.471423
52413		-4.046037	2.017874	9.886497	-0.390030	0.477163	-0.088205	0.558838	-0.034180	-0.901611	0.687216	28.220599	125.419195
52414		-7.044037	-1.658472	9.553815	-0.196003	0.295122	-0.044843	0.567139	-0.030273	-0.896484	0.563295	28.385857	125.393130
52415		-5.254578	-0.445641	9.731323	-0.040636	0.182756	0.000691	0.572754	-0.028564	-0.900391	0.541453	28.486955	125.395413
52416		-4.989562	-0.187446	9.007234	0.073229	0.153155	0.035896	0.572266	-0.033691	-0.892578	0.596292	28.570394	125.420838
52417		-4.417970	-0.203729	9.034816	0.105682	0.193507	0.051490	0.576660	-0.023682	-0.897949	0.674269	28.677328	125.456511
52418		-4.657813	0.145439	8.881958	0.132642	0.239780	0.068384	0.575928	-0.031250	-0.894043	0.773935	28.810100	125.504190
52419		-4.613735	0.058366	8.820423	0.128833	0.269605	0.074846	0.574951	-0.031738	-0.896240	0.873275	28.960318	125.556345
52420		-4.833676	0.037836	8.736884	0.118058	0.301791	0.078636	0.584229	-0.036133	-0.884277	0.968703	29.128376	125.612055
52421		-4.967743	0.114727	8.625301	0.105501	0.300843	0.075721	0.589844	-0.033447	-0.892090	1.055745	29.296324	125.665872
52422		-4.879933	0.369540	8.510014	0.071121	0.282087	0.065098	0.590820	-0.035156	-0.892578	1.120437	29.453099	125.713179
52423		-4.809810	0.420316	8.446554	0.030059	0.270914	0.047949	0.589355	-0.040771	-0.885254	1.155605	29.604121	125.748911
52424		-4.854768	0.431550	8.458223	-0.012259	0.255967	0.034779	0.591553	-0.034668	-0.885742	1.162852	29.746233	125.776244
52425		-4.925338	0.293800	8.496251	-0.031990	0.242715	0.026773	0.601807	-0.038086	-0.883301	1.155582	29.881338	125.797790
52426		-4.906116	0.329235	8.459834	-0.044865	0.238510	0.023978	0.599365	-0.036133	-0.885498	1.140601	30.013578	125.817794
52427		-5.006748	0.173532	8.449390	-0.053408	0.228129	0.013294	0.607178	-0.035400	-0.883545	1.116575	30.140492	125.830205
52428		-5.065009	0.131772	8.438375	-0.055200	0.215663	0.005271	0.608887	-0.032959	-0.877930	1.089330	30.259865	125.837449
52429		-4.941094	0.231342	8.403783	-0.064703	0.208552	0.001177	0.597168	-0.021729	-0.886475	1.054636	30.375712	125.841458
52430		-5.034892	0.226817	8.344192	-0.079442	0.199523	-0.004239	0.606689	-0.037842	-0.874023	1.010151	30.485945	125.842037
52431		-5.022598	0.079316	8.311705	-0.097524	0.170847	-0.008214	0.605713	-0.034424	-0.874023	0.953176	30.580293	125.839170
52432		-4.921214	0.106592	8.377878	-0.106942	0.172959	-0.003143	0.607666	-0.023438	-0.876221	0.893038	30.675299	125.839950
52433		-4.975893	0.059004	8.393207	-0.129950	0.179419	-0.000855	0.609375	-0.033203	-0.873291	0.819898	30.774493	125.841825
52434		-5.091021	-0.020295	8.285126	-0.151255	0.174219	-0.013027	0.614990	-0.023438	-0.878906	0.730855	30.870298	125.835740
52435		-5.059046	0.156423	8.155485	-0.195037	0.155992	-0.025366	0.612305	-0.026123	-0.875488	0.611729	30.956243	125.820690
52436		-4.976773	0.465292	8.102623	-0.274141	0.126345	-0.052652	0.615723	-0.021973	-0.870361	0.438219	31.024804	125.787329
52437		-5.109216	0.533358	8.218822	-0.315490	0.076536	-0.063782	0.617432	-0.016113	-0.870117	0.236342	31.065288	125.745682
52438		-5.068256	0.068162	8.409266	-0.326066	0.074885	-0.073552	0.614014	-0.018311	-0.868164	0.025473	31.104193	125.697677
52439		-4.855298	0.007398	8.556618	-0.323600	0.088124	-0.067367	0.612061	-0.014160	-0.873535	-0.182526	31.151059	125.653254
52440		-5.079994	-0.181394	8.665413	-0.291645	0.143757	-0.059401	0.614990	-0.006836	-0.871826	-0.369150	31.229171	125.614129
52441		-5.050689	-0.377460	8.630235	-0.243936	0.184210	-0.040425	0.624268	-0.005371	-0.872070	-0.522711	31.330954	125.586846
52442		-5.164595	-0.519574	8.638000	-0.183626	0.238680	-0.025013	0.629883	-0.000732	-0.863037	-0.636173	31.463471	125.569588
52443		-5.112052	-0.535563	8.674482	-0.118806	0.297202	0.014372	0.625000	-0.000732	-0.865723	-0.699643	31.630258	125.577704
52444		-5.022812	-0.353387	8.714180	-0.085229	0.362591	0.050372	0.634766	-0.006104	-0.867432	-0.730882	31.834269	125.609753
52445		-5.165449	-0.235388	8.570815	-0.057573	0.414311	0.072906	0.626709	0.000244	-0.854004	-0.738965	32.068574	125.656170
52446		-4.866892	-0.362104	8.754909	0.001631	0.461314	0.076406	0.638428	-0.008057	-0.858398	-0.711208	32.329339	125.705120
52447		-4.635717	-0.224532	8.869089	0.102777	0.531996	0.062469	0.648193	-0.007568	-0.856445	-0.631064	32.630935	125.744082
52448		-4.995363	-0.069001	8.756052	0.177658	0.605874	0.057946	0.647949	-0.009521	-0.848877	-0.508730	32.974303	125.780640
52449		-5.140551	-0.279804	8.836782	0.240098	0.663483	0.058016	0.656982	-0.009033	-0.849121	-0.350562	33.351033	125.817692
52450		-4.782865	-0.621420	9.092097	0.334441	0.753447	0.079431	0.656006	-0.013672	-0.837158	-0.128567	33.778822	125.871293
52451		-4.375236	-0.691134	9.357886	0.429685	0.950525	0.111012	0.676025	-0.027100	-0.844238	0.161425	34.319706	125.948947
52452		-4.109793	-0.992269	9.611593	0.538296	1.227508	0.155723	0.687744	-0.025391	-0.834717	0.535891	35.018360	126.063746
52453		-3.700293	-1.091117	10.030487	0.659166	1.579523	0.200605	0.694336	-0.020264	-0.817871	1.004759	35.917908	126.220401
52454		-3.169314	-1.210637	10.399727	0.733758	2.014497	0.257435	0.713623	-0.039795	-0.807129	1.554707	37.064433	126.436941
52455		-2.611835	-0.890577	10.887512	0.750099	2.499526	0.301228	0.740723	-0.042236	-0.788330	2.154631	38.486200	126.714267
52456		-2.275300	-0.695992	11.444234	0.789407	3.060383	0.305540	0.764648	-0.043945	-0.766846	2.814118	40.226304	127.039735
52457		-1.761734	-0.057496	11.584383	0.791585	3.760623	0.300979	0.794922	-0.051758	-0.739990	3.523987	42.363837	127.427699
52458		-1.312945	0.584547	10.805738	0.704024	4.663517	0.207846	0.836426	-0.061523	-0.698975	4.214615	45.017569	127.842259
52459		-1.079804	2.577624	10.336338	0.560078	5.780724	0.101480	0.880371	-0.057373	-0.649658	4.875550	48.309975	128.309173
52460		-2.509601	4.564787	12.194609	0.408881	7.138744	-0.027631	0.930908	-0.053711	-0.586182	5.540424	52.380602	128.867025
52461		-6.856323	3.504532	14.786938	0.448541	8.474332	-0.225278	0.992920	-0.049072	-0.514160	6.327836	57.218288	129.514973
52462		-15.734371	3.613921	19.553859	0.786059	9.316104	-0.605764	1.050537	-0.040771	-0.423096	7.276226	62.555430	130.088828
52463		-19.582565	5.874756	18.802467	0.732133	9.380410	-1.316984	1.099854	-0.028076	-0.323730	7.580286	67.976785	129.961097
52464		-20.189427	10.402061	18.817341	0.140592	9.325547	-1.924366	1.139404	-0.011475	-0.233643	6.393186	73.410552	128.618580
52465		-21.393091	12.220796	19.916977	-0.558942	8.805623	-2.364129	1.181885	0.011230	-0.145996	2.172962	78.539668	124.602566
52466		-20.521472	10.431637	21.930254	-0.949518	7.823680	-2.700230	1.206055	0.037842	-0.068848	-9.640677	82.929565	113.192851
52467		-13.806968	8.556407	20.331957	-1.004647	6.839399	-2.977692	1.239258	0.078857	-0.000977	-43.929661	85.776236	79.333950
52468		-3.510729	8.165879	20.458038	-0.856528	6.052273	-2.866508	1.275391	0.106201	0.056396	-95.586090	85.397251	28.035310
52469		15.323598	3.930649	12.806322	-0.652512	5.237571	-2.832113	1.295410	0.138916	0.118408	-119.258487	82.903330	4.622970
52470		-4.659091	2.072858	7.913349	0.104518	7.941542	-2.746403	1.333496	0.179688	0.206299	-135.754575	78.844933	-12.132670
52471		-25.342048	0.060744	24.322070	1.866477	5.988151	-1.975145	1.372803	0.210693	0.266113	-140.974697	75.531992	-18.580924
52472		-20.061038	-1.107808	19.949718	3.453558	4.120215	-1.052844	1.403076	0.226074	0.281982	-142.531459	73.307371	-22.251590
52473		-21.304151	5.598868	7.158759	3.872999	1.261457	-0.066937	1.474121	0.228027	0.261475	-141.652364	72.723634	-23.653598
52474		-7.366439	9.633332	13.338128	4.116049	-1.915537	0.305005	1.534668	0.203613	0.187012	-137.366628	73.675588	-21.641186
52475		-5.137387	11.625569	15.736125	3.457469	-3.754363	0.727027	1.601074	0.175781	0.066406	-130.813303	75.483564	-16.900020
52476		-4.666732	11.636453	11.370360	2.193566	-4.759369	1.152348	1.656494	0.107422	-0.076172	-121.990945	77.641286	-9.124573
52477		-2.424363	10.868798	8.362372	0.968633	-5.320635	1.373460	1.688965	0.024658	-0.244385	-109.358994	79.692750	3.187616
52478		-0.584375	7.665426	6.017882	0.040695	-5.535822	1.405104	1.690430	-0.060303	-0.414795	-91.693550	81.082123	21.074893
52479		0.675176	4.328580	3.803291	-0.621319	-5.624683	1.456005	1.660400	-0.150879	-0.602295	-70.306012	81.411555	43.067186
52480		1.456640	0.980719	2.733986	-0.977160	-5.479154	1.599189	1.597900	-0.234131	-0.777832	-50.567797	80.646285	63.610289
52481		0.563351	-0.098774	2.689006	-1.007611	-5.220347	1.818697	1.489502	-0.324951	-0.931152	-35.302641	79.146113	79.696336
52482		-0.680656	-0.689771	4.048381	-0.856423	-5.082234	1.974261	1.368164	-0.399902	-1.070313	-24.184618	77.165503	91.553418
52483		-2.309182	-1.012754	5.701926	-0.603873	-5.105806	2.094818	1.221191	-0.463379	-1.179443	-15.940920	74.811963	100.402010
52484		-4.410015	-1.546762	6.769658	-0.285772	-5.274018	2.204974	1.053467	-0.543213	-1.266846	-9.682164	72.137315	107.098059
52485		-6.258827	-1.081068	7.196926	-0.009590	-5.516957	2.268834	0.875977	-0.584473	-1.319824	-4.854541	69.150501	112.216823
52486		-6.941261	-0.533398	6.978611	0.202184	-5.745386	2.254456	0.688721	-0.619629	-1.337891	-1.193417	65.925604	116.050587
52487		-6.916489	-0.564693	6.167345	0.272160	-6.023443	2.250141	0.509766	-0.645264	-1.352539	1.615249	62.454683	118.993820
52488		-7.143504	-0.727730	5.756429	0.198113	-6.325550	2.268616	0.337891	-0.668701	-1.333496	3.736693	58.768854	121.296144
52489		-7.436023	-1.006145	6.652373	0.153173	-6.580924	2.215474	0.182129	-0.670410	-1.292969	5.313677	54.894970	123.072024
52490		-8.218021	-1.381453	7.894369	0.187441	-6.782154	2.099276	0.028076	-0.664307	-1.259521	6.477159	50.901683	124.394351
52491		-8.975237	-1.504428	8.490501	0.263437	-6.948626	1.966420	-0.096924	-0.663574	-1.195557	7.364639	46.798767	125.369377
52492		-9.496521	-1.355084	8.827340	0.335334	-7.027868	1.846109	-0.208496	-0.658691	-1.135254	8.061200	42.662311	126.084484
52493		-9.664936	-1.360261	8.717527	0.341928	-6.977772	1.785919	-0.311279	-0.647705	-1.084473	8.631658	38.543242	126.656649
52494		-11.645993	-1.576805	9.146558	0.357650	-6.787430	1.761617	-0.408936	-0.645020	-1.018555	9.131808	34.540902	127.150808
52495		-15.502507	-0.828255	10.131286	0.351349	-6.590488	1.722202	-0.490479	-0.633301	-0.958252	9.566653	30.639913	127.580577
52496		-19.511364	0.148788	10.485702	0.251213	-6.436370	1.676510	-0.559814	-0.620605	-0.892822	9.889052	26.838648	127.949888
52497		-22.205600	0.534580	10.603995	0.075082	-6.313733	1.663134	-0.620605	-0.611328	-0.823486	10.079649	23.096545	128.294936
52498		-23.773986	0.008175	9.629772	-0.110728	-6.150889	1.704201	-0.684082	-0.586426	-0.764160	10.150337	19.451418	128.662453
52499		-24.514186	-0.592196	7.128803	-0.235983	-5.849883	1.714952	-0.728027	-0.580322	-0.707764	10.137710	15.965954	129.059390
52500		-25.609268	-1.516890	4.220985	-0.273306	-5.286035	1.578751	-0.762207	-0.568604	-0.654297	10.074049	12.821333	129.430283
52501		-28.426072	-3.886909	0.753667	-0.118064	-4.526462	1.267236	-0.800049	-0.555908	-0.600830	10.061427	10.129316	129.698122
52502		-31.449122	-7.101993	-3.312757	0.402485	-3.684816	0.942941	-0.823975	-0.544189	-0.571289	10.318015	7.951590	129.858554
52503		-32.669471	-8.785131	-5.600451	1.065359	-2.857187	0.668884	-0.834473	-0.550537	-0.535889	10.939288	6.262440	129.934518
52504		-32.639289	-8.226318	-6.841314	1.540709	-2.162029	0.365093	-0.850342	-0.553467	-0.499512	11.818956	5.002571	129.895109
52505		-29.987870	-10.991968	-9.589297	1.810129	-1.304490	0.028033	-0.858398	-0.559326	-0.461426	12.845423	4.261791	129.750978
52506		-23.921152	-9.297801	-9.107406	2.037520	1.329561	0.060472	-0.847656	-0.566895	-0.461670	14.030641	4.990444	129.962358
52507		-29.920335	4.757645	-28.258726	-0.391834	1.696430	0.388353	-0.842529	-0.562012	-0.477783	13.849352	5.874982	130.414452
52508		21.702381	-2.947538	16.524743	-0.448644	3.006991	-1.640224	-0.816406	-0.571045	-0.508301	13.532558	7.767140	129.905520
52509		6.988984	4.506810	35.357999	-1.818146	4.824270	-1.784833	-0.786377	-0.567627	-0.548340	12.430177	10.685386	129.525072
52510		-20.232406	9.717343	9.348780	-2.869420	4.618172	-1.341349	-0.756836	-0.562744	-0.587402	10.739244	13.427537	129.298691
52511		-14.411143	17.540927	14.488647	-1.807105	4.772209	-1.080698	-0.720459	-0.567871	-0.633301	9.671366	16.223494	129.169697
52512		-17.826207	8.070014	19.223064	-2.308418	4.448757	-1.273405	-0.688965	-0.550293	-0.672852	8.247011	18.850718	128.830504
52513		-17.479498	-20.058384	12.293975	-1.566885	3.457797	-1.583640	-0.652832	-0.551025	-0.709473	7.121270	20.931468	128.156682
52514		-11.705044	-12.311403	14.345299	-0.916443	2.655537	-1.018087	-0.623535	-0.552246	-0.732910	6.437874	22.507017	127.727017
52515		-8.688947	6.926682	9.450035	-0.940008	2.269685	-0.939180	-0.608154	-0.551758	-0.742920	5.729457	23.853925	127.295093
52516		-5.154818	4.948787	8.341717	-1.009275	2.106041	-1.143827	-0.585449	-0.547363	-0.756592	4.905918	25.111976	126.701587
52517		-7.998734	-6.783982	10.770026	-0.959596	1.857751	-1.119082	-0.566406	-0.544922	-0.776123	4.089790	26.220371	126.085512
52518		-8.405359	-1.090240	10.110341	-0.964477	1.482579	-0.858031	-0.558594	-0.543213	-0.781006	3.319511	27.095663	125.598748
52519		-7.581612	0.497320	9.732841	-0.901867	1.242161	-0.784124	-0.543213	-0.545166	-0.800781	2.589070	27.826783	125.134838
52520		-11.619608	-6.929503	13.178089	-0.713243	0.671430	-0.375026	-0.524658	-0.543945	-0.806152	2.075635	28.215771	124.910245
52521		-4.440966	0.388470	10.054014	-0.613770	0.426119	-0.179119	-0.528809	-0.531006	-0.804443	1.673087	28.460609	124.803071
52522		-6.261081	-0.113266	9.265912	-0.386813	0.334356	-0.123981	-0.520752	-0.536621	-0.816162	1.416818	28.649899	124.729055
52523		-5.172563	-0.732300	9.393084	-0.252594	0.285076	-0.065142	-0.519043	-0.522461	-0.820313	1.253854	28.811545	124.691164
52524		-5.101599	0.211140	8.896452	-0.128007	0.239442	-0.033417	-0.522705	-0.524902	-0.818115	1.172767	28.944988	124.673598
52525		-5.072053	-0.406340	8.919004	-0.023409	0.232723	-0.006680	-0.515137	-0.531738	-0.820313	1.158829	29.075879	124.672632
52526		-4.805028	-0.088977	8.950079	0.055945	0.229692	0.019070	-0.517334	-0.526855	-0.829102	1.199701	29.203108	124.689222
52527		-4.873370	-0.144411	8.793153	0.109354	0.253469	0.032869	-0.509277	-0.521240	-0.826660	1.274718	29.345400	124.714679
52528		-4.799461	0.296149	8.626699	0.117608	0.245694	0.037929	-0.515381	-0.535156	-0.820068	1.357391	29.481513	124.744305
52529		-4.958283	0.352517	8.515523	0.097808	0.236265	0.035228	-0.509766	-0.532227	-0.822510	1.426765	29.613859	124.771536
52530		-5.005130	0.574863	8.377634	0.071251	0.199116	0.019686	-0.510742	-0.525879	-0.826660	1.476875	29.723496	124.788804
52531		-4.905394	0.541625	8.418783	0.038490	0.168792	0.002834	-0.501709	-0.529785	-0.832764	1.501343	29.817656	124.793824
52532		-4.805999	0.351767	8.513581	0.006412	0.161680	-0.005032	-0.508789	-0.533936	-0.825928	1.505976	29.906210	124.794266
52533		-4.922055	0.206349	8.556426	-0.014552	0.166887	-0.003836	-0.503418	-0.537109	-0.826416	1.497883	29.999384	124.794883
52534		-4.866510	0.102065	8.478193	-0.026213	0.164650	-0.001234	-0.500977	-0.535156	-0.824707	1.485098	30.089582	124.797869
52535		-4.905047	0.029379	8.446154	-0.039820	0.194811	-0.001830	-0.500732	-0.536133	-0.831055	1.463400	30.198726	124.800234
52536		-5.050697	0.094262	8.359748	-0.054984	0.190047	0.000748	-0.498291	-0.539551	-0.827881	1.434981	30.303444	124.804889
52537		-5.102408	0.203691	8.298903	-0.073346	0.167533	-0.012305	-0.495605	-0.531250	-0.832031	1.390259	30.397126	124.799713
52538		-5.146538	0.181975	8.315342	-0.078924	0.136384	-0.013223	-0.496826	-0.528809	-0.831299	1.342919	30.471303	124.794069
52539		-4.984110	0.014578	8.462240	-0.065320	0.119244	-0.016933	-0.497803	-0.538574	-0.835205	1.300752	30.537404	124.784893
52540		-4.935196	0.040488	8.554418	-0.066230	0.135322	-0.011982	-0.496582	-0.518799	-0.835205	1.261015	30.610949	124.779922
52541		-4.961595	-0.012661	8.499200	-0.069417	0.141539	-0.000252	-0.494873	-0.527588	-0.833984	1.222226	30.689604	124.782044
52542		-5.058319	0.035892	8.488924	-0.076796	0.146232	0.006156	-0.499268	-0.524902	-0.837646	1.182614	30.769175	124.789188
52543		-5.076063	0.159988	8.430534	-0.086584	0.144996	0.013963	-0.486572	-0.531250	-0.835449	1.138792	30.849653	124.800702
52544		-5.115835	0.213507	8.348739	-0.103864	0.128384	0.011353	-0.494629	-0.529053	-0.841309	1.085280	30.918951	124.810949
52545		-5.081957	0.190316	8.417576	-0.114873	0.114026	0.016709	-0.496582	-0.525146	-0.834473	1.025943	30.981689	124.823763
52546		-5.044947	0.087738	8.390329	-0.125328	0.108264	0.015275	-0.490479	-0.519287	-0.842529	0.961304	31.039440	124.836243
52547		-4.910512	0.054256	8.462880	-0.134514	0.121038	0.020143	-0.484619	-0.523926	-0.844482	0.891883	31.106196	124.851283
52548		-4.996252	0.195642	8.403428	-0.200034	0.151480	0.019937	-0.488525	-0.520508	-0.845947	0.786215	31.188695	124.867144
52549		-5.220562	0.377700	8.314187	-0.299060	0.148991	0.020900	-0.487061	-0.518799	-0.841797	0.622791	31.271508	124.882648
52550		-5.260143	0.619112	8.136370	-0.411538	0.083771	0.016939	-0.487793	-0.517822	-0.849854	0.394445	31.315307	124.895564
52551		-5.335320	0.170021	8.254670	-0.411713	0.046963	0.014173	-0.481445	-0.514648	-0.851807	0.163660	31.339805	124.905553
52552		-5.050646	-0.402873	8.627003	-0.296746	0.078692	0.028841	-0.491455	-0.510498	-0.849609	0.005057	31.380764	124.926079
52553		-5.017831	-0.285478	8.744925	-0.226156	0.149741	0.061080	-0.490723	-0.505127	-0.851563	-0.103099	31.464234	124.967351
52554		-5.062925	-0.160111	8.710508	-0.178040	0.226659	0.079648	-0.479980	-0.506348	-0.857910	-0.175985	31.590112	125.021634
52555		-5.010981	-0.302368	8.869374	-0.113364	0.321409	0.093141	-0.474854	-0.510498	-0.861328	-0.208310	31.772074	125.083966
52556		-4.659279	-0.441400	8.988950	-0.035226	0.443734	0.107876	-0.480469	-0.502686	-0.859375	-0.189240	32.022429	125.156855
52557		-3.834658	-0.540501	9.375676	0.139835	0.639504	0.094825	-0.470703	-0.505371	-0.857422	-0.075391	32.386545	125.220384
52558		-4.370317	-0.511484	9.343681	0.255879	0.883618	0.112349	-0.467773	-0.508545	-0.867920	0.113895	32.888697	125.298144
52559		-4.558121	-0.413255	9.148995	0.353955	1.059364	0.141667	-0.450439	-0.515625	-0.868408	0.371459	33.492764	125.398460
52560		-4.133509	-0.696210	9.433728	0.441284	1.290057	0.162815	-0.441650	-0.509521	-0.872559	0.692839	34.226903	125.520148
52561		-3.747173	-0.990563	9.673693	0.551940	1.599224	0.202262	-0.427979	-0.510254	-0.880127	1.099081	35.138574	125.678624
52562		-3.447776	-1.001412	10.010211	0.631877	1.966626	0.227620	-0.416992	-0.512207	-0.884277	1.575056	36.257894	125.872586
52563		-2.937295	-0.765231	10.553941	0.695267	2.383479	0.249830	-0.396240	-0.520264	-0.889160	2.113776	37.615271	126.106513
52564		-2.603893	-0.721750	11.272249	0.711179	2.880533	0.280605	-0.364502	-0.527100	-0.890625	2.705175	39.253340	126.401129
52565		-1.683663	-0.167854	11.450180	0.768665	3.530870	0.265781	-0.335938	-0.538330	-0.895020	3.364655	41.262134	126.740427
52566		-1.046918	0.969535	10.512382	0.723077	4.421075	0.169991	-0.298096	-0.541748	-0.910645	4.019110	43.779546	127.094494
52567		-1.084852	2.333728	11.079851	0.522668	5.511210	0.034898	-0.248291	-0.553223	-0.922607	4.577869	46.922951	127.459032
52568		-1.314284	2.965015	12.491692	0.348898	6.860314	-0.098371	-0.177979	-0.554932	-0.922363	5.094688	50.840233	127.878376
52569		-4.651332	3.130218	14.216867	0.406286	8.402026	-0.338288	-0.094727	-0.556396	-0.939697	5.673600	55.646572	128.309863
52570		-11.707370	3.641832	18.805571	0.744477	9.651811	-0.673382	-0.003662	-0.559814	-0.939209	6.426231	61.182352	128.690942
52571		-21.815340	5.848370	21.738219	0.742837	9.847045	-1.212749	0.092041	-0.579590	-0.917236	6.764590	66.861233	128.593382
52572		-21.108767	8.343985	18.254008	0.183489	9.623493	-1.814449	0.196045	-0.571777	-0.908936	5.697737	72.451490	127.344048
52573		-23.458324	10.315074	19.282361	-0.506235	9.042067	-2.121109	0.294189	-0.562256	-0.882080	2.194729	77.699204	124.022169
52574		-23.719761	8.859415	21.640061	-0.993200	7.871640	-2.279375	0.383057	-0.549316	-0.852783	-6.734450	82.162088	115.537728
52575		-17.635570	8.063775	20.862047	-1.206082	6.679787	-2.401091	0.453125	-0.526367	-0.830566	-30.828374	85.403402	92.008966
52576		-6.228331	9.462691	21.708733	-1.400585	5.506518	-2.250897	0.514404	-0.504395	-0.805176	-78.345881	86.248383	45.183687
52577		12.721483	1.094872	11.957160	-1.253471	4.393191	-2.312032	0.569824	-0.478516	-0.781494	-109.824170	84.694733	14.333821
52578		-13.113856	3.101510	12.170099	-0.564847	6.827783	-2.510930	0.623535	-0.463867	-0.740479	-131.774523	81.399758	-7.441106
52579		-22.280846	0.428603	23.930785	0.476584	4.270946	-2.069325	0.669189	-0.451904	-0.701660	-136.776771	78.849164	-12.795454
52580		-9.909526	-2.875085	18.011787	1.949758	2.863548	-1.391763	0.695801	-0.459473	-0.674316	-138.102052	77.104618	-15.293188
52581		-7.338814	1.344665	10.905326	2.688881	1.786545	-0.340276	0.722656	-0.478760	-0.648682	-138.780713	76.220899	-17.575355
52582		-12.476670	11.347907	-3.062287	1.988004	-0.660491	0.300227	0.709473	-0.498535	-0.641357	-137.111794	76.620789	-17.031009
52583		-0.515546	8.827701	10.660958	1.714595	-2.495284	-0.026936	0.693115	-0.507568	-0.656982	-131.576565	77.622215	-12.362400
52584		-2.635006	7.096099	11.372480	1.121594	-3.134951	0.136382	0.660645	-0.517578	-0.678467	-124.363782	78.794169	-5.652080
52585		-1.324085	7.394628	7.182690	0.364417	-3.597052	0.348288	0.637451	-0.528809	-0.700439	-115.051284	80.004268	3.606929
52586		0.830084	5.511010	5.813513	-0.020857	-3.763741	0.421418	0.593506	-0.528809	-0.731934	-103.353848	80.948827	15.477642
52587		1.282868	4.009900	4.733920	-0.215625	-3.892639	0.632105	0.559326	-0.531006	-0.759766	-89.183196	81.564290	29.936159
52588		0.557202	2.332933	3.818161	-0.250730	-4.089992	0.885070	0.508545	-0.541504	-0.777344	-72.963072	81.703351	46.472793
52589		-0.873003	1.483608	4.291217	-0.116115	-4.325810	1.133937	0.455811	-0.538574	-0.817139	-56.089949	81.216728	63.597415
52590		-1.964245	0.708518	5.023076	0.053286	-4.612302	1.345226	0.410400	-0.549316	-0.837402	-40.910235	80.030369	78.947747
52591		-2.774978	0.042146	4.918264	0.259393	-4.909202	1.551721	0.340576	-0.556152	-0.850830	-28.527311	78.203828	91.400572
52592		-3.540273	-0.073054	4.833526	0.467566	-5.165405	1.731121	0.273926	-0.569092	-0.864746	-19.096968	75.885620	100.798539
52593		-4.055709	0.483313	5.207601	0.545945	-5.377080	1.858402	0.211182	-0.576660	-0.876465	-12.043816	73.183998	107.787137
52594		-4.800811	1.044349	5.478636	0.478481	-5.545479	1.927453	0.136719	-0.584961	-0.874023	-6.886200	70.224761	112.927695
52595		-5.365243	1.189304	5.649415	0.319081	-5.712945	1.943337	0.057617	-0.583008	-0.893555	-3.116290	67.042534	116.775300
52596		-5.998584	0.807993	5.804003	0.134989	-5.879024	1.942590	-0.016113	-0.585938	-0.877686	-0.383423	63.704563	119.694340
52597		-6.735724	-0.032098	5.847821	0.000352	-6.045077	1.943999	-0.097168	-0.581055	-0.881104	1.649349	60.210453	121.993419
52598		-6.964589	-0.619290	5.863059	-0.040680	-6.190452	1.930315	-0.180664	-0.566895	-0.872070	3.182537	56.615559	123.818824
52599		-5.964656	-0.536996	6.078347	-0.078233	-6.230146	1.920745	-0.252441	-0.560547	-0.845459	4.369496	52.962616	125.322724
52600		-6.065987	-0.869018	6.082370	-0.065450	-6.105921	1.928922	-0.337402	-0.557861	-0.827881	5.334394	49.378871	126.607886
52601		-7.926215	-0.603034	7.089456	0.056866	-5.928855	1.928161	-0.414795	-0.546143	-0.793457	6.203677	45.869233	127.736777
52602		-10.531663	-0.139608	8.312248	0.169979	-5.846929	1.935041	-0.491211	-0.526367	-0.757813	6.997581	42.409655	128.735356
52603		-12.501832	0.220022	9.131075	0.216820	-5.891968	1.958785	-0.572021	-0.522949	-0.717041	7.711158	38.899117	129.636116
52604		-13.271192	0.721406	9.659483	0.231554	-5.974198	1.991997	-0.633301	-0.510742	-0.660645	8.338779	35.346068	130.454518
52605		-13.475725	1.278531	10.264210	0.200727	-6.012223	2.044966	-0.697021	-0.498779	-0.602539	8.883446	31.746271	131.227870
52606		-14.470732	1.690081	10.998740	0.164205	-5.980703	2.142737	-0.766113	-0.468506	-0.537354	9.364028	28.163995	131.999988
52607		-16.905326	1.768981	11.585087	0.148872	-5.904760	2.269323	-0.820801	-0.444092	-0.462158	9.808538	24.593657	132.803720
52608		-19.796334	1.884166	11.781164	0.170502	-5.819368	2.393835	-0.878662	-0.423096	-0.380371	10.231573	21.067342	133.639825
52609		-22.851504	1.567673	11.852222	0.233095	-5.751704	2.425070	-0.915283	-0.392090	-0.297607	10.637072	17.558031	134.456403
52610		-24.591593	1.060618	9.742062	0.290995	-5.651080	2.345833	-0.947754	-0.363525	-0.207764	11.006772	14.121164	135.196798
52611		-23.774849	0.386944	6.066607	0.341279	-5.373610	2.145425	-0.961670	-0.332275	-0.121094	11.338978	10.847861	135.821596
52612		-22.359499	-1.889502	1.542813	0.386007	-4.764938	1.802375	-0.968262	-0.295654	-0.055176	11.638523	7.962537	136.296255
52613		-22.091291	-4.362061	-1.795043	0.603468	-3.859922	1.367228	-0.975586	-0.281494	0.014893	12.022984	5.625110	136.612244
52614		-13.219530	-9.905534	-0.982766	1.463995	-2.601672	0.713242	-0.968018	-0.261963	0.064209	12.869187	4.077215	136.690344
52615		-25.094186	-9.705455	-8.856048	2.414770	0.175769	0.362023	-0.963867	-0.246582	0.104248	14.269412	4.116169	136.916369
52616		-35.784637	-5.959743	-12.404600	2.076036	-0.337543	0.167522	-0.958008	-0.240967	0.129395	15.462648	3.900408	136.959483
52617		-40.402698	7.937226	-22.709413	0.501872	1.125884	0.241370	-0.970703	-0.224365	0.136963	15.772624	4.477638	137.267008
52618		2.269535	6.374831	-23.373274	-1.738983	3.184107	-0.851081	-0.980957	-0.241455	0.128174	14.777864	6.361777	137.277112
52619		10.582515	-7.923711	29.111151	0.330560	5.839150	-1.411760	-1.009033	-0.245117	0.093018	14.979705	9.798400	137.355145
52620		-17.538869	26.589053	27.293001	-2.199891	6.570811	-0.744821	-1.014160	-0.251221	0.051270	13.827637	13.546750	137.889139
52621		-14.957472	13.699401	1.105550	-3.561296	6.449323	-3.022507	-1.026855	-0.279297	-0.005127	11.543782	17.527219	136.978337
52622		-13.614813	12.782982	11.402428	-4.113897	6.842363	-3.785051	-1.032227	-0.312500	-0.068359	8.669515	21.763089	135.442505
52623		-22.764437	-7.935364	6.245277	-3.696341	5.828665	-4.164315	-1.032471	-0.342773	-0.128662	5.703407	25.371818	133.317505
52624		-15.520268	-24.236908	19.847243	-3.592570	4.041669	-3.213617	-1.033936	-0.365479	-0.165039	2.812336	27.813773	131.457296
52625		-43.827961	-28.319114	30.585996	-2.539249	1.709749	-0.921749	-1.028564	-0.384033	-0.187012	1.092376	28.808989	130.896590
52626		-5.650674	11.260198	3.879613	-1.802595	-0.058892	-0.036284	-1.022705	-0.381104	-0.185791	0.049192	28.771336	130.873516
52627		-4.604311	-7.214486	10.405438	-0.780770	-0.191462	-0.279711	-1.022705	-0.379395	-0.186768	-0.485534	28.660852	130.691676
52628		-5.096630	-0.834501	9.394849	-0.414345	0.184912	-0.028253	-1.025146	-0.370361	-0.195557	-0.731139	28.762521	130.673062
52629		-5.067458	-1.108445	9.096765	-0.244977	0.186723	-0.052852	-1.026611	-0.374023	-0.200195	-0.889311	28.868849	130.636984
52630		-4.766143	-0.766519	9.160547	-0.116378	0.264827	-0.018821	-1.026123	-0.373779	-0.197021	-0.962011	29.016296	130.623015
52631		-5.336855	-0.893953	8.642422	-0.028768	0.298714	0.020538	-1.036133	-0.376465	-0.207275	-0.973981	29.187402	130.633331
52632		-5.238903	0.221073	8.759042	0.021625	0.248617	0.027890	-1.024170	-0.378418	-0.197021	-0.952676	29.326003	130.650059
52633		-4.833741	-0.627027	9.009233	0.062129	0.257065	0.039486	-1.031982	-0.375000	-0.201416	-0.906132	29.473472	130.673418
52634		-4.927292	-0.766374	8.910789	0.120300	0.304062	0.083670	-1.016846	-0.374512	-0.213867	-0.810191	29.644290	130.726679
52635		-5.188919	0.052670	8.531555	0.132914	0.303653	0.099145	-1.030273	-0.374512	-0.212158	-0.703440	29.818827	130.789524
52636		-5.392876	0.384351	8.240999	0.098329	0.237133	0.076556	-1.040283	-0.377197	-0.215576	-0.621490	29.951094	130.839442
52637		-5.411915	0.327542	8.078936	0.064370	0.142471	0.043183	-1.023682	-0.373535	-0.216797	-0.571308	30.032857	130.867111
52638		-5.184177	0.440909	8.087246	0.032328	0.052924	0.007603	-1.028809	-0.378662	-0.213623	-0.549129	30.059121	130.872936
52639		-4.875997	0.416887	8.337537	0.002228	0.000452	-0.034652	-1.032715	-0.370361	-0.223145	-0.559771	30.059141	130.850104
52640		-4.812824	0.136130	8.443045	-0.013874	-0.001053	-0.061008	-1.025391	-0.366943	-0.213867	-0.586634	30.054088	130.810865
52641		-4.725945	-0.152741	8.499625	-0.018402	0.005924	-0.061011	-1.020752	-0.369873	-0.217773	-0.617807	30.057073	130.770575
52642		-4.746158	-0.317933	8.609412	-0.016522	0.042976	-0.030430	-1.025391	-0.370117	-0.218018	-0.636212	30.077405	130.751260
52643		-4.782352	-0.150296	8.666171	-0.010007	0.073728	-0.015289	-1.023438	-0.379150	-0.220459	-0.647705	30.119487	130.740716
52644		-4.991792	-0.185251	8.531448	-0.012896	0.097242	-0.001968	-1.031982	-0.376953	-0.212402	-0.654803	30.171088	130.739824
52645		-5.086201	-0.140435	8.429261	-0.020771	0.093384	0.000192	-1.022949	-0.382568	-0.213379	-0.667418	30.224526	130.739359
52646		-5.143213	-0.194230	8.346273	-0.026399	0.080204	0.000926	-1.024414	-0.378906	-0.218506	-0.681232	30.266384	130.740494
52647		-5.194755	-0.121119	8.322269	-0.037163	0.043717	-0.006810	-1.018311	-0.372803	-0.216064	-0.705410	30.291348	130.735742
52648		-5.141123	-0.178546	8.343161	-0.039363	0.019856	-0.015201	-1.026611	-0.373535	-0.215576	-0.731815	30.298517	130.726643
52649		-5.134904	-0.167297	8.441978	-0.040075	-0.006443	-0.021019	-1.028076	-0.374512	-0.227295	-0.762221	30.294672	130.712868
52650		-5.017653	-0.089882	8.451876	-0.034826	-0.014823	-0.015875	-1.029297	-0.371582	-0.219971	-0.786098	30.281961	130.703624
52651		-5.054318	0.000785	8.482603	-0.039740	-0.018826	-0.021321	-1.034912	-0.369873	-0.219482	-0.816352	30.271027	130.689774
52652		-5.067689	-0.099417	8.427735	-0.043823	-0.034071	-0.025732	-1.027344	-0.375732	-0.222656	-0.848572	30.247199	130.674196
52653		-5.103592	-0.193474	8.422256	-0.045407	-0.049507	-0.024907	-1.019775	-0.366211	-0.209229	-0.883088	30.218661	130.658306
52654		-5.065549	-0.123121	8.308984	-0.046337	-0.061993	-0.023992	-1.024902	-0.373047	-0.217773	-0.915986	30.178837	130.644213
52655		-4.935604	-0.089572	8.465765	-0.051242	-0.071865	-0.030904	-1.023682	-0.374512	-0.216064	-0.955680	30.137444	130.624650
52656		-4.945822	-0.251782	8.506143	-0.043238	-0.060748	-0.025174	-1.022949	-0.383301	-0.218018	-0.987151	30.098306	130.609829
52657		-4.986574	-0.238639	8.533173	-0.042564	-0.046128	-0.022196	-1.029297	-0.378906	-0.222412	-1.019082	30.071729	130.595808
52658		-5.037766	-0.186127	8.464494	-0.038580	-0.044043	-0.027156	-1.026611	-0.382080	-0.219238	-1.048598	30.042127	130.579535
52659		-5.010530	-0.260084	8.535906	-0.035220	-0.055498	-0.020916	-1.028564	-0.375488	-0.219482	-1.075817	30.010196	130.566516
52660		-4.984822	-0.277462	8.587091	-0.032930	-0.053162	-0.019490	-1.026855	-0.380371	-0.213379	-1.099467	29.975440	130.555471
52661		-4.956163	-0.346790	8.609703	-0.026506	-0.045767	-0.010029	-1.027344	-0.374268	-0.211182	-1.118145	29.949202	130.549562
52662		-5.048933	-0.386085	8.606464	-0.013486	-0.040442	-0.002953	-1.028809	-0.373535	-0.213623	-1.125257	29.921912	130.549314
52663		-5.098816	-0.384877	8.558172	0.007670	-0.038531	0.018508	-1.031250	-0.377197	-0.210449	-1.115017	29.900144	130.562169
52664		-4.956601	-0.310154	8.569355	0.030017	-0.049704	0.029313	-1.031250	-0.381104	-0.213379	-1.086529	29.867904	130.583345
52665		-4.833535	-0.275897	8.552263	0.052064	-0.036427	0.035645	-1.023926	-0.371582	-0.218994	-1.045283	29.847525	130.607449
52666		-4.745949	-0.015680	8.574153	0.041162	-0.001409	0.027222	-1.021484	-0.374268	-0.212891	-1.011422	29.842907	130.626616
52667		-4.798610	-0.129557	8.661644	0.040904	0.023414	0.015028	-1.026123	-0.373291	-0.209473	-0.983707	29.856564	130.636383
52668		-4.916340	-0.201565	8.577979	0.041345	0.052307	0.017137	-1.029785	-0.371826	-0.209473	-0.953351	29.882604	130.648286
52669		-5.052440	-0.130639	8.478851	0.045416	0.055862	0.018655	-1.025146	-0.378174	-0.215576	-0.922016	29.914864	130.660115
52670		-5.046605	-0.103851	8.478372	0.041220	0.038734	0.015441	-1.029053	-0.376221	-0.214355	-0.892191	29.933102	130.671079
52671		-5.068108	-0.202276	8.517775	0.036166	0.032879	0.011224	-1.023682	-0.375244	-0.211670	-0.868460	29.952138	130.678268
52672		-5.154879	-0.208085	8.440229	0.037737	0.014358	0.015930	-1.030762	-0.369141	-0.216309	-0.840333	29.956406	130.689818
52673		-5.239810	-0.213726	8.363786	0.038431	-0.010436	0.015291	-1.022949	-0.376221	-0.213623	-0.813755	29.950680	130.700122
52674		-5.185166	-0.152931	8.370949	0.038959	-0.054610	0.011557	-1.025146	-0.382568	-0.215332	-0.786055	29.915392	130.709420
52675		-5.049834	-0.098185	8.357121	0.038290	-0.086848	0.004221	-1.027344	-0.376221	-0.217773	-0.762890	29.865838	130.713072
52676		-4.838839	0.001465	8.373711	0.032924	-0.102612	0.008732	-1.027588	-0.381348	-0.211914	-0.739405	29.803021	130.720876
52677		-4.647021	-0.064464	8.549105	0.033602	-0.077047	-0.007336	-1.016602	-0.377930	-0.205811	-0.722776	29.759009	130.716776
52678		-4.815717	-0.032383	8.476673	0.031167	-0.053116	-0.014524	-1.023926	-0.374268	-0.208740	-0.708150	29.724379	130.708774
52679		-4.865971	-0.033453	8.477678	0.019779	-0.047340	-0.017343	-1.022217	-0.369873	-0.210938	-0.702829	29.697298	130.697818
52680		-4.968948	-0.094361	8.497896	0.007509	-0.047856	-0.025505	-1.023926	-0.376221	-0.206787	-0.705358	29.665605	130.682529
52681		-5.017170	-0.092713	8.426212	0.003958	-0.062039	-0.028594	-1.017334	-0.383545	-0.210205	-0.712692	29.630027	130.664291
52682		-4.949771	-0.017521	8.460905	-0.014383	-0.082434	-0.046520	-1.029541	-0.376465	-0.210205	-0.734434	29.578368	130.635467
52683		-4.875496	-0.053277	8.489112	-0.034270	-0.101108	-0.051584	-1.022461	-0.373779	-0.210938	-0.770912	29.520239	130.602484
52684		-4.733327	-0.182769	8.634735	-0.042590	-0.094075	-0.055566	-1.020752	-0.375244	-0.207520	-0.811594	29.461810	130.567914
52685		-4.735622	-0.267478	8.656402	-0.049216	-0.027089	-0.044877	-1.024170	-0.375732	-0.206543	-0.854707	29.446092	130.538770
52686		-4.918996	-0.267304	8.580496	-0.063564	0.002677	-0.041916	-1.021973	-0.379883	-0.215576	-0.903390	29.443164	130.512322
52687		-4.991606	-0.319856	8.551861	-0.052866	-0.025557	-0.042414	-1.021240	-0.371338	-0.194092	-0.947801	29.428296	130.484813
52688		-4.825910	-0.321467	8.605584	-0.042185	-0.042044	-0.039996	-1.026611	-0.373779	-0.199951	-0.983352	29.399734	130.460137
52689		-4.647104	-0.109215	8.601502	-0.032909	-0.036270	-0.044699	-1.024414	-0.386719	-0.206787	-1.016998	29.378676	130.431278
52690		-4.544136	0.054615	8.616519	-0.035253	-0.015510	-0.032552	-1.025635	-0.382568	-0.206787	-1.046292	29.365366	130.411228
52691		-4.738559	0.031059	8.587815	-0.045446	-0.004492	-0.019654	-1.026367	-0.378662	-0.205566	-1.079189	29.362715	130.398495
52692		-4.796421	-0.105497	8.552983	-0.043814	-0.005461	-0.010610	-1.023682	-0.380615	-0.206543	-1.106366	29.355383	130.392760
52693		-4.823155	-0.232696	8.568070	-0.040014	0.000677	-0.012884	-1.025391	-0.377930	-0.203857	-1.133974	29.355746	130.384432
52694		-4.888323	-0.263404	8.589111	-0.036358	0.010849	-0.012454	-1.027344	-0.382080	-0.204834	-1.157574	29.357731	130.377279
52695		-4.950155	-0.344210	8.557304	-0.026860	0.007892	-0.007081	-1.024414	-0.378906	-0.195313	-1.175833	29.362286	130.372667
52696		-4.922867	-0.219497	8.493365	-0.011138	0.003559	-0.006704	-1.024902	-0.384033	-0.200928	-1.183084	29.360160	130.369391
52697		-4.953009	-0.291089	8.536564	-0.006560	-0.003439	-0.006774	-1.019775	-0.382324	-0.207275	-1.189552	29.358236	130.365128
52698		-4.967827	-0.205061	8.543054	0.003078	-0.010420	-0.004098	-1.025391	-0.380127	-0.207275	-1.187723	29.348133	130.363755
52699		-4.889256	-0.210280	8.520234	0.002472	-0.019278	-0.005687	-1.030518	-0.384033	-0.205078	-1.188569	29.337161	130.360420
52700		-4.853622	-0.257510	8.591828	0.003368	-0.024713	-0.003251	-1.025146	-0.379883	-0.208252	-1.186206	29.318880	130.359799
52701		-4.895331	-0.234075	8.545121	0.006160	-0.027075	-0.001947	-1.029053	-0.376465	-0.202148	-1.183688	29.303487	130.359026
52702		-4.903352	-0.257688	8.568897	0.006017	-0.023045	0.000754	-1.022705	-0.384277	-0.205322	-1.178532	29.286209	130.361010
52703		-4.881225	-0.210587	8.549441	0.009455	-0.028299	0.000696	-1.021484	-0.380615	-0.208252	-1.173279	29.270149	130.361984
52704		-4.858928	-0.165201	8.554633	0.006815	-0.036208	0.002937	-1.022217	-0.376221	-0.205811	-1.166882	29.245357	130.365574
52705		-4.761881	-0.070847	8.540260	0.003903	-0.035697	0.002856	-1.025146	-0.378174	-0.208252	-1.164070	29.225085	130.368063
52706		-4.693179	-0.105667	8.613629	-0.003955	-0.027129	-0.007443	-1.024902	-0.380859	-0.202393	-1.167232	29.205372	130.364715
52707		-4.827088	-0.234890	8.627676	-0.003351	-0.018266	-0.005852	-1.018799	-0.384033	-0.203857	-1.171461	29.194965	130.361269
52708		-4.812982	-0.265590	8.601777	-0.000979	-0.008166	-0.004164	-1.032227	-0.381592	-0.209717	-1.171990	29.186154	130.359821
52709		-4.847468	-0.223923	8.604628	-0.000623	-0.002986	-0.000116	-1.020752	-0.377197	-0.206055	-1.172928	29.184558	130.359933
52710		-4.856684	-0.244382	8.578608	0.002415	-0.001659	-0.001268	-1.033203	-0.375732	-0.199951	-1.170628	29.179507	130.360298
52711		-4.837233	-0.199446	8.582144	0.006578	0.003797	-0.000962	-1.019775	-0.381592	-0.201172	-1.167761	29.181784	130.359762
52712		-4.837765	-0.198899	8.581856	0.008594	0.008718	-0.003321	-1.024414	-0.381836	-0.203613	-1.162646	29.182654	130.358641
52713		-4.850915	-0.166419	8.583737	0.009130	0.004330	-0.011187	-1.025879	-0.388916	-0.203857	-1.161591	29.185113	130.351389
52714		-4.829344	-0.177699	8.607446	0.006324	0.006340	-0.004760	-1.034424	-0.386230	-0.199707	-1.158222	29.184604	130.349355
52715		-4.829319	-0.174111	8.558366	0.002776	0.010099	-0.011203	-1.020508	-0.379883	-0.197510	-1.160846	29.190362	130.342020
52716		-4.881592	-0.231735	8.553041	-0.000116	0.004734	-0.012756	-1.028809	-0.384766	-0.198730	-1.163716	29.188841	130.334760
52717		-4.901180	-0.276836	8.549417	0.001931	-0.002454	-0.010341	-1.021973	-0.383057	-0.207031	-1.166468	29.187415	130.328158
52718		-4.879187	-0.290338	8.597909	0.005995	-0.004722	-0.010286	-1.027588	-0.372559	-0.200195	-1.164983	29.180505	130.322646
52719		-4.895147	-0.388971	8.590796	0.016161	-0.010218	-0.014014	-1.021973	-0.380615	-0.196533	-1.160721	29.174591	130.313732
52720		-4.906519	-0.354219	8.569167	0.020849	-0.009502	-0.013847	-1.025635	-0.378906	-0.201660	-1.151832	29.164902	130.305946
52721		-4.876093	-0.285802	8.575211	0.030898	-0.016847	-0.016352	-1.024658	-0.383057	-0.202881	-1.139859	29.155169	130.295570
52722		-4.827939	-0.114547	8.540212	0.033214	-0.020015	-0.024130	-1.022949	-0.386963	-0.198486	-1.127104	29.139344	130.281173
52723		-4.683740	0.092020	8.533576	0.019779	-0.019192	-0.024523	-1.029541	-0.384521	-0.204102	-1.124095	29.128175	130.265467
52724		-4.628345	0.093266	8.559556	0.009852	-0.010011	-0.023250	-1.026855	-0.382080	-0.204834	-1.124501	29.118093	130.251519
52725		-4.724726	0.053173	8.580021	-0.002390	0.002337	-0.014199	-1.022217	-0.384766	-0.209229	-1.130982	29.119346	130.242332
52726		-4.770564	-0.113853	8.567325	-0.007968	0.000830	-0.010545	-1.024658	-0.384766	-0.203369	-1.137610	29.115616	130.236577
52727		-4.839204	-0.273043	8.579284	-0.009388	0.004782	-0.006591	-1.027100	-0.380859	-0.200439	-1.145659	29.118338	130.232364
52728		-4.884212	-0.254217	8.579924	0.000892	0.000787	-0.003821	-1.022949	-0.381592	-0.196289	-1.145065	29.114660	130.231019
52729		-4.820265	-0.229028	8.582479	-0.000030	0.005884	0.001476	-1.021240	-0.384766	-0.201904	-1.145196	29.118103	130.232077
52730		-4.833513	-0.198508	8.608841	0.006728	-0.000244	-0.003675	-1.019043	-0.380127	-0.204834	-1.141205	29.113836	130.230841
52731		-4.832752	-0.194430	8.560204	0.007484	-0.001637	0.001468	-1.027832	-0.378906	-0.210205	-1.136988	29.112962	130.231992
52732		-4.800785	-0.182949	8.586030	0.005715	-0.002873	0.001375	-1.020020	-0.382324	-0.199463	-1.131950	29.107246	130.234102
52733		-4.801007	-0.184120	8.610456	0.006335	0.000114	0.001488	-1.026367	-0.378418	-0.202148	-1.128392	29.107367	130.235245
52734		-4.800832	-0.181846	8.586027	0.004037	0.003617	0.001528	-1.028564	-0.385986	-0.199951	-1.124308	29.105371	130.237370
52735		-4.823258	-0.171635	8.586407	0.005715	-0.002874	0.001375	-1.027344	-0.385498	-0.202148	-1.121120	29.103767	130.238480
52736		-4.800725	-0.180927	8.586107	0.004188	-0.000426	-0.001177	-1.027100	-0.378174	-0.202637	-1.117787	29.099424	130.238883
52737		-4.822424	-0.167525	8.537811	0.001270	0.000090	-0.001249	-1.031006	-0.385254	-0.210449	-1.117996	29.099478	130.238237
52738		-4.822615	-0.169156	8.562245	0.002298	-0.003503	-0.000040	-1.022461	-0.380615	-0.205811	-1.115365	29.093385	130.239425
52739		-4.832397	-0.193165	8.585011	-0.000620	-0.002987	-0.000113	-1.022705	-0.385254	-0.203857	-1.116269	29.091683	130.239568
52740		-4.767213	-0.164666	8.539168	-0.002767	-0.003527	-0.002777	-1.033447	-0.380859	-0.205078	-1.117412	29.085546	130.238961
52741		-4.800083	-0.182796	8.610999	0.000272	-0.002202	-0.003934	-1.024170	-0.379639	-0.200928	-1.119023	29.084241	130.236593
52742		-4.821506	-0.169869	8.562855	-0.001996	-0.004583	-0.005369	-1.028076	-0.379395	-0.197998	-1.120543	29.077470	130.234301
52743		-4.766648	-0.167354	8.564000	-0.001497	-0.003438	-0.004027	-1.031006	-0.379150	-0.203857	-1.123184	29.075445	130.231892
52744		-4.779607	-0.137606	8.590499	-0.005322	0.002513	-0.006538	-1.027588	-0.384277	-0.199951	-1.127027	29.072726	130.228743
52745		-4.844248	-0.165337	8.612092	-0.003402	-0.000295	-0.009151	-1.032227	-0.383301	-0.201904	-1.132401	29.072428	130.222942
52746		-4.799435	-0.185418	8.611304	-0.005065	-0.000025	-0.002737	-1.021729	-0.385498	-0.191650	-1.134869	29.068298	130.222318
52747		-4.841080	-0.219199	8.583764	-0.003553	0.003748	-0.006446	-1.026367	-0.386963	-0.197998	-1.139488	29.070334	130.218242
52748		-4.809483	-0.208985	8.609346	-0.004172	0.000760	-0.006559	-1.022217	-0.374512	-0.202148	-1.142667	29.066611	130.215103
52749		-4.808762	-0.206039	8.560666	-0.003915	-0.001777	-0.002758	-1.026123	-0.382813	-0.199463	-1.146285	29.065514	130.213517
52750		-4.818834	-0.232235	8.607779	-0.000346	-0.005190	-0.004048	-1.022949	-0.387939	-0.195801	-1.146433	29.058411	130.212103
52751		-4.786571	-0.219799	8.609211	-0.002420	0.001661	0.001270	-1.024414	-0.382813	-0.196533	-1.147934	29.059319	130.213113
52752		-4.809043	-0.210139	8.609564	0.001270	0.000090	-0.001250	-1.022217	-0.392578	-0.197754	-1.146300	29.055272	130.213463
52753		-4.799561	-0.187671	8.611185	0.000346	0.005190	0.004048	-1.029297	-0.385498	-0.198975	-1.145355	29.058219	130.216248
52754		-4.831823	-0.198337	8.585217	0.002509	0.006066	-0.001023	-1.027100	-0.388672	-0.197266	-1.142976	29.057598	130.216669
52755		-4.822088	-0.174086	8.562443	0.001769	0.001236	0.000093	-1.030029	-0.383301	-0.203125	-1.142446	29.058222	130.216917
52756		-4.866499	-0.152937	8.538907	-0.000997	-0.002292	-0.002685	-1.023438	-0.386475	-0.195068	-1.142552	29.052795	130.216357
52757		-4.799312	-0.184093	8.562256	-0.002886	-0.005370	-0.001549	-1.024170	-0.385010	-0.208496	-1.145161	29.049612	130.215621
52758		-4.766768	-0.171869	8.563843	-0.003264	-0.004675	-0.004121	-1.020020	-0.393311	-0.196533	-1.147007	29.042803	130.214152
52759		-4.744478	-0.185710	8.612439	-0.003489	-0.008024	-0.009399	-1.022461	-0.386719	-0.200684	-1.152434	29.037996	130.208312
52760		-4.808362	-0.211438	8.609913	-0.001648	0.000605	-0.001322	-1.024414	-0.391113	-0.202637	-1.152498	29.034244	130.208608
52761		-4.818601	-0.235837	8.632393	-0.003947	0.004108	-0.001282	-1.021729	-0.385254	-0.198486	-1.155680	29.036460	130.207931
52762		-4.799133	-0.189478	8.611384	0.002267	0.002383	0.001436	-1.030029	-0.385010	-0.200684	-1.152635	29.033759	130.210011
52763		-4.808795	-0.209809	8.585133	0.002387	0.004225	0.000207	-1.032959	-0.380859	-0.189697	-1.151714	29.036045	130.210309
52764		-4.789689	-0.165007	8.588460	0.000619	0.002988	0.000113	-1.021729	-0.384277	-0.199463	-1.150038	29.033675	130.211514
52765		-4.812631	-0.157033	8.613087	0.001391	0.001932	-0.002479	-1.028076	-0.381348	-0.199463	-1.150521	29.034603	130.210086
52766		-4.789163	-0.161591	8.539683	-0.000224	-0.003348	-0.005278	-1.027588	-0.381348	-0.200928	-1.151002	29.028541	130.207842
52767		-4.758118	-0.154376	8.614046	0.000739	0.004829	-0.001116	-1.021484	-0.383789	-0.196777	-1.151434	29.031132	130.207275
52768		-4.777375	-0.197690	8.586092	-0.005940	-0.000478	-0.006654	-1.026855	-0.379639	-0.196777	-1.155645	29.026698	130.204093
52769		-4.787696	-0.222322	8.608520	-0.000788	0.007276	-0.003668	-1.029785	-0.384521	-0.198486	-1.157771	29.030641	130.201826
52770		-4.768697	-0.176130	8.587255	-0.001439	0.010172	-0.002305	-1.029053	-0.388916	-0.198242	-1.158089	29.032359	130.201352
52771		-4.779269	-0.198698	8.585015	-0.001439	0.010172	-0.002306	-1.021240	-0.380615	-0.200928	-1.160171	29.037958	130.199942
52772		-4.761076	-0.156025	8.612381	-0.001439	0.010171	-0.002306	-1.028564	-0.385254	-0.195313	-1.160489	29.039676	130.199467
52773		-4.758786	-0.208758	8.583553	0.000949	0.014395	-0.002100	-1.026611	-0.386475	-0.196533	-1.161156	29.047677	130.198141
52774		-4.827171	-0.179732	8.584043	0.000452	0.013248	-0.003443	-1.021973	-0.385742	-0.196777	-1.160773	29.051144	130.196880
52775		-4.806049	-0.189422	8.582945	0.000675	0.016594	0.001834	-1.031250	-0.382813	-0.204834	-1.160355	29.060435	130.198105
52776		-4.807683	-0.191175	8.606576	0.000453	0.013246	-0.003445	-1.024170	-0.387695	-0.193604	-1.159972	29.063900	130.196843
52777		-4.798604	-0.167154	8.583441	0.000211	0.009564	-0.000985	-1.029541	-0.378174	-0.195801	-1.160667	29.069117	130.196317
52778		-4.777380	-0.176949	8.582410	-0.000075	0.017980	-0.003314	-1.034912	-0.383057	-0.194580	-1.160576	29.075296	130.195077
52779		-4.769320	-0.154929	8.583256	-0.002870	0.020333	-0.004621	-1.030029	-0.385010	-0.197998	-1.164254	29.086622	130.192031
52780		-4.790469	-0.200454	8.578729	-0.009577	0.020906	-0.008689	-1.027344	-0.378174	-0.203613	-1.171340	29.094414	130.187227
52781		-4.805254	-0.171663	8.604223	-0.013487	0.019125	-0.011453	-1.024414	-0.382080	-0.197998	-1.183267	29.104948	130.179719
52782		-4.803621	-0.226326	8.574934	-0.019572	0.022680	-0.015412	-1.028320	-0.385742	-0.184814	-1.198239	29.113674	130.170479
52783		-4.818118	-0.197055	8.576004	-0.026519	0.019568	-0.017026	-1.019531	-0.385254	-0.198975	-1.219415	29.124374	130.159307
52784		-4.819790	-0.200462	8.574985	-0.029403	0.020406	-0.024848	-1.019531	-0.385742	-0.208008	-1.243024	29.131676	130.143903
52785		-4.789491	-0.193159	8.599913	-0.027346	0.013223	-0.022429	-1.027832	-0.381836	-0.200928	-1.266357	29.138652	130.129274
52786		-4.832436	-0.231520	8.595906	-0.027622	0.015416	-0.018497	-1.023926	-0.382568	-0.203125	-1.286888	29.143166	130.118099
52787		-4.834178	-0.236206	8.619418	-0.019523	0.016775	-0.016903	-1.025146	-0.385986	-0.197266	-1.304001	29.152220	130.107039
52788		-4.812789	-0.246170	8.593867	-0.014869	0.017165	-0.008988	-1.031494	-0.385254	-0.198486	-1.314204	29.157856	130.102070
52789		-4.836638	-0.238091	8.593363	-0.011951	0.016654	-0.008911	-1.021240	-0.378662	-0.208252	-1.324428	29.166925	130.096250
52790		-4.840924	-0.185070	8.596659	-0.009775	0.011321	-0.007717	-1.023193	-0.387451	-0.198730	-1.331265	29.169228	130.092202
52791		-4.851615	-0.208422	8.594223	-0.007141	0.013009	-0.003701	-1.024170	-0.384521	-0.196533	-1.337036	29.176263	130.089857
52792		-4.797787	-0.204521	8.570406	-0.009278	0.012463	-0.006374	-1.024902	-0.388672	-0.199219	-1.343169	29.179238	130.086671
52793		-4.799063	-0.207140	8.594249	-0.003694	0.007770	-0.003754	-1.017578	-0.392822	-0.199219	-1.346934	29.183255	130.084377
52794		-4.777684	-0.217230	8.593324	-0.003111	0.016628	-0.002162	-1.024170	-0.385254	-0.209717	-1.348218	29.188672	130.083889
52795		-4.833527	-0.220590	8.591384	-0.001961	0.014881	-0.002180	-1.022949	-0.379883	-0.200928	-1.350534	29.196760	130.082521
52796		-4.790036	-0.239965	8.589969	0.000671	0.016569	0.001838	-1.031738	-0.387939	-0.201904	-1.348370	29.202198	130.084659
52797		-4.801787	-0.263545	8.611556	0.008606	0.021971	0.006149	-1.024414	-0.389648	-0.202393	-1.342013	29.214440	130.088650
52798		-4.828816	-0.196520	8.590490	0.010745	0.022512	0.008820	-1.032227	-0.381836	-0.201172	-1.331883	29.223374	130.095281
52799		-4.789331	-0.160080	8.592639	0.015436	0.029446	0.002730	-1.026367	-0.383301	-0.202637	-1.322756	29.239832	130.096922
52800		-4.811161	-0.203184	8.587577	0.012852	0.028920	0.012962	-1.029297	-0.385742	-0.201416	-1.310133	29.252489	130.106180
52801		-4.778625	-0.243053	8.583711	0.016023	0.032081	0.010578	-1.029541	-0.388916	-0.197021	-1.298152	29.270535	130.112947
52802		-4.838700	-0.188223	8.560464	0.012090	0.036164	0.009273	-1.014893	-0.388428	-0.197754	-1.287194	29.287291	130.119685
52803		-4.830813	-0.160878	8.512109	0.010231	0.027216	0.008932	-1.033447	-0.381592	-0.199951	-1.279011	29.302506	130.125455
52804		-4.855920	-0.151710	8.535492	0.010886	0.024324	0.007572	-1.028564	-0.386719	-0.201172	-1.269198	29.312457	130.131256
52805		-4.822613	-0.192237	8.532085	0.009277	0.019055	0.004771	-1.026367	-0.389160	-0.203369	-1.262821	29.322930	130.134424
52806		-4.793206	-0.182104	8.581430	0.008499	0.020104	0.007358	-1.028076	-0.382324	-0.199219	-1.254411	29.330459	130.140150
52807		-4.846938	-0.239886	8.599507	0.014955	0.022062	0.007637	-1.028564	-0.382568	-0.203369	-1.243866	29.342669	130.145166
52808		-4.816945	-0.225554	8.599974	0.012250	0.025905	0.012824	-1.026855	-0.379395	-0.200684	-1.231582	29.353586	130.154406
52809		-4.840444	-0.210487	8.550390	0.017096	0.022595	0.010306	-1.029785	-0.388184	-0.196777	-1.218948	29.366111	130.161176
52810		-4.865397	-0.200463	8.573870	0.017179	0.024092	0.016809	-1.025635	-0.378906	-0.201660	-1.202536	29.376035	130.173069
52811		-4.857119	-0.174139	8.550325	0.016064	0.019968	0.015354	-1.021240	-0.391357	-0.207520	-1.188834	29.387094	130.183204
52812		-4.858650	-0.172259	8.549494	0.012811	0.015304	0.011227	-1.023438	-0.380615	-0.201660	-1.176660	29.391913	130.191554
52813		-4.818183	-0.135815	8.552241	0.009401	0.014670	0.009796	-1.024414	-0.387695	-0.202881	-1.168518	29.399854	130.198117
52814		-4.807337	-0.168386	8.573802	0.008257	0.016413	0.009806	-1.033691	-0.388184	-0.208496	-1.159416	29.405289	130.205521
52815		-4.809970	-0.170708	8.621644	0.008884	0.019387	0.009912	-1.023682	-0.379639	-0.201416	-1.151546	29.415908	130.212109
52816		-4.852448	-0.200990	8.568507	0.009927	0.022000	0.004856	-1.019531	-0.380371	-0.211670	-1.143119	29.424485	130.216186
52817		-4.867006	-0.167712	8.569522	0.010658	0.020613	0.010006	-1.026367	-0.382324	-0.204346	-1.134198	29.435782	130.222827
52818		-4.877890	-0.187093	8.542371	0.005972	0.019891	0.009819	-1.022461	-0.382080	-0.206055	-1.126417	29.443206	130.230201
52819		-4.892145	-0.154126	8.543530	0.006127	0.015863	0.007125	-1.022949	-0.381836	-0.208984	-1.120979	29.451732	130.235017
52820		-4.861094	-0.140870	8.544600	0.003521	0.008322	0.001652	-1.015381	-0.379150	-0.199951	-1.117168	29.452436	130.237168
52821		-4.848889	-0.172557	8.542303	0.001486	0.003424	0.004024	-1.030762	-0.384521	-0.204834	-1.115300	29.453787	130.240113
52822		-4.830300	-0.129509	8.570191	0.000132	0.001833	-0.001235	-1.026855	-0.385986	-0.198730	-1.114324	29.450741	130.240448
52823		-4.840224	-0.151656	8.568228	0.004039	0.003603	0.001536	-1.028809	-0.377930	-0.202148	-1.111786	29.452146	130.241760
52824		-4.796468	-0.172910	8.591946	-0.006219	0.007576	-0.001296	-1.027100	-0.390869	-0.200684	-1.114504	29.452390	130.241982
52825		-4.819431	-0.163291	8.591807	0.005447	0.005526	-0.000943	-1.024658	-0.377441	-0.202393	-1.111962	29.454843	130.241645
52826		-4.849343	-0.230162	8.585826	-0.002829	0.014063	0.001589	-1.030273	-0.377686	-0.204834	-1.111845	29.458835	130.243683
52827		-4.852850	-0.174104	8.564728	-0.000539	0.010575	0.001571	-1.024658	-0.375000	-0.199951	-1.111947	29.464183	130.244938
52828		-4.876690	-0.166152	8.588752	0.000243	0.009524	-0.001014	-1.030273	-0.380615	-0.202637	-1.110884	29.465546	130.245321
52829		-4.864162	-0.196543	8.561966	-0.001529	0.008293	-0.001112	-1.021729	-0.386230	-0.207764	-1.112397	29.469538	130.244845
52830		-4.854398	-0.172620	8.539172	-0.001012	0.003576	-0.001227	-1.029541	-0.388428	-0.194336	-1.112084	29.467492	130.245164
52831		-4.835397	-0.128148	8.542638	-0.002156	0.005319	-0.001218	-1.026123	-0.382813	-0.193604	-1.113965	29.469760	130.244661
52832		-4.823518	-0.162166	8.564830	-0.001639	0.000602	-0.001333	-1.027832	-0.383057	-0.206543	-1.114028	29.466009	130.244947
52833		-4.823639	-0.162703	8.564752	-0.007834	0.002318	-0.004088	-1.030273	-0.378174	-0.203857	-1.120058	29.466504	130.242602
52834		-4.855973	-0.176123	8.562917	-0.006062	0.003549	-0.003991	-1.027588	-0.385742	-0.208252	-1.123533	29.464411	130.241102
52835		-4.846126	-0.152712	8.540166	-0.005434	0.006522	-0.003885	-1.032471	-0.380615	-0.206055	-1.128140	29.467293	130.238843
52836		-4.834418	-0.187191	8.562244	-0.006062	0.003548	-0.003991	-1.025146	-0.388184	-0.202148	-1.131615	29.465200	130.237343
52837		-4.834693	-0.187776	8.562077	-0.003145	0.003036	-0.003902	-1.022949	-0.379150	-0.202881	-1.134883	29.466064	130.235124
52838		-4.857493	-0.178681	8.562002	-0.007988	0.006341	-0.001398	-1.022949	-0.381836	-0.204590	-1.138641	29.465600	130.235294
52839		-4.825630	-0.166943	8.563548	-0.005485	-0.000836	-0.011846	-1.026611	-0.382324	-0.203369	-1.145788	29.464134	130.227903
52840		-4.835206	-0.190185	8.561734	-0.008098	-0.001350	-0.001620	-1.028076	-0.389404	-0.199463	-1.149630	29.459262	130.228029
52841		-4.826000	-0.170341	8.587982	-0.005543	-0.001169	-0.004107	-1.034668	-0.386719	-0.196533	-1.154295	29.457669	130.225740
52842		-4.825256	-0.169298	8.563713	-0.006038	-0.002310	-0.005449	-1.027832	-0.379883	-0.200195	-1.158189	29.452203	130.223360
52843		-4.815957	-0.149514	8.590016	-0.006038	-0.002311	-0.005450	-1.017822	-0.388672	-0.199219	-1.163552	29.449916	130.220211
52844		-4.835279	-0.194911	8.586300	-0.006193	0.001713	-0.002757	-1.024170	-0.382813	-0.213623	-1.166690	29.446785	130.219549
52845		-4.835471	-0.195522	8.586178	-0.005699	0.002854	-0.001415	-1.024414	-0.382813	-0.199463	-1.170578	29.447477	130.218992
52846		-4.835897	-0.195947	8.585928	-0.002024	0.007149	-0.002453	-1.026611	-0.379639	-0.201660	-1.171264	29.447464	130.218458
52847		-4.858268	-0.184874	8.561430	-0.005072	0.005827	-0.001308	-1.020508	-0.384033	-0.202393	-1.174772	29.449837	130.217934
52848		-4.836680	-0.196440	8.585476	0.004193	-0.000419	-0.001153	-1.035400	-0.380615	-0.200928	-1.171426	29.445504	130.218357
52849		-4.848535	-0.161002	8.538647	-0.006216	0.007568	-0.001300	-1.023926	-0.382813	-0.205322	-1.175590	29.448852	130.217820
52850		-4.826939	-0.172900	8.562692	-0.002265	-0.002372	-0.001441	-1.033936	-0.389648	-0.203369	-1.176024	29.443397	130.218080
52851		-4.858917	-0.185938	8.561039	-0.003771	0.000061	-0.004010	-1.022461	-0.381348	-0.205811	-1.179602	29.442393	130.215869
52852		-4.836304	-0.196126	8.560979	-0.003253	-0.004654	-0.004126	-1.026855	-0.380127	-0.205811	-1.181455	29.435599	130.214394
52853		-4.858303	-0.186939	8.561365	-0.004530	-0.004745	-0.002883	-1.025879	-0.379395	-0.192871	-1.185063	29.431834	130.212994
52854		-4.825678	-0.174896	8.563362	-0.007710	-0.007902	-0.000504	-1.016846	-0.386963	-0.193604	-1.188277	29.423222	130.213947
52855		-4.825068	-0.175379	8.563696	0.000446	-0.006215	-0.006622	-1.025635	-0.381836	-0.201416	-1.190222	29.418551	130.210115
52856		-4.824560	-0.175730	8.563975	-0.005445	-0.005529	0.000937	-1.029053	-0.374512	-0.204590	-1.191689	29.411316	130.211983
52857		-4.814778	-0.155684	8.590567	-0.004505	-0.010603	-0.004343	-1.026367	-0.379395	-0.206055	-1.195693	29.404134	130.209717
52858		-4.823149	-0.176877	8.564746	-0.006300	-0.005979	-0.002983	-1.023682	-0.385010	-0.200684	-1.198912	29.396595	130.209015
52859		-4.841718	-0.222274	8.561423	-0.006275	-0.011837	-0.004443	-1.025635	-0.386719	-0.203613	-1.203940	29.388680	130.206709
52860		-4.843664	-0.168561	8.565968	-0.006044	-0.014363	-0.000633	-1.025879	-0.382080	-0.197998	-1.206196	29.376366	130.207669
52861		-4.819924	-0.178875	8.566520	-0.005754	-0.016556	-0.004563	-1.021240	-0.378906	-0.204834	-1.210924	29.365728	130.205357
52862		-4.808805	-0.157404	8.569190	-0.007886	-0.017098	-0.007240	-1.021484	-0.381592	-0.196289	-1.216346	29.351768	130.202014
52863		-4.774432	-0.144031	8.547474	-0.009134	-0.023051	-0.007461	-1.026367	-0.386475	-0.196533	-1.223884	29.337350	130.197900
52864		-4.806279	-0.163222	8.619872	-0.007726	-0.021128	-0.009940	-1.024170	-0.377686	-0.197998	-1.230051	29.321047	130.192844
52865		-4.813830	-0.184977	8.594507	-0.009390	-0.014670	-0.009811	-1.032471	-0.384521	-0.201660	-1.238530	29.311373	130.187082
52866		-4.821817	-0.206612	8.568901	-0.006632	-0.011154	-0.007026	-1.023682	-0.384521	-0.200928	-1.243198	29.300819	130.183805
52867		-4.798357	-0.217143	8.569254	-0.005486	-0.012897	-0.007038	-1.021973	-0.384033	-0.200195	-1.248549	29.292171	130.179847
52868		-4.821206	-0.213383	8.643151	-0.000567	-0.014699	-0.003041	-1.027588	-0.391846	-0.197754	-1.248435	29.279636	130.179241
52869		-4.809882	-0.189529	8.621300	-0.002858	-0.011215	-0.003019	-1.032227	-0.387451	-0.208740	-1.250996	29.271977	130.177903
52870		-4.753322	-0.183206	8.574590	-0.001218	-0.011816	-0.001687	-1.034912	-0.382324	-0.194580	-1.250840	29.261110	130.178145
52871		-4.743496	-0.162663	8.601189	0.004349	-0.004443	-0.003856	-1.024414	-0.387207	-0.200684	-1.249576	29.257293	130.176167
52872		-4.765160	-0.150992	8.577197	0.001640	-0.000600	0.001332	-1.022217	-0.377197	-0.202881	-1.246893	29.252889	130.178230
52873		-4.797795	-0.165548	8.599880	-0.002004	0.001293	-0.003909	-1.031006	-0.384521	-0.204834	-1.249310	29.252326	130.176144
52874		-4.816755	-0.208585	8.571699	0.000623	0.002977	0.000111	-1.019043	-0.380371	-0.201660	-1.247626	29.249956	130.177354
52875		-4.817492	-0.210408	8.595927	-0.001146	0.001743	0.000011	-1.025146	-0.382324	-0.199707	-1.248287	29.249678	130.177841
52876		-4.810914	-0.133860	8.601766	-0.000987	-0.002285	-0.002687	-1.023682	-0.377441	-0.200439	-1.248387	29.244258	130.177289
52877		-4.817208	-0.210882	8.596074	-0.004032	-0.003612	-0.001542	-1.033936	-0.375244	-0.194580	-1.251150	29.240872	130.176840
52878		-4.806709	-0.187127	8.573766	-0.002756	-0.003520	-0.002787	-1.024414	-0.381348	-0.201416	-1.252287	29.234744	130.176240
52879		-4.797126	-0.166885	8.600227	-0.001740	-0.007097	-0.001566	-1.024170	-0.381836	-0.199219	-1.253710	29.229340	130.175831
52880		-4.783953	-0.199142	8.598353	-0.002263	-0.002377	-0.001443	-1.031006	-0.384277	-0.198730	-1.254141	29.223883	130.176098
52881		-4.783907	-0.199403	8.598373	0.000547	0.001477	-0.006398	-1.019287	-0.383301	-0.197021	-1.255853	29.223306	130.172400
52882		-4.784140	-0.199475	8.598242	-0.000159	0.004028	0.002699	-1.030273	-0.378418	-0.195557	-1.253796	29.221570	130.175293
52883		-4.806383	-0.187837	8.573933	0.002392	0.004212	0.000210	-1.028809	-0.382324	-0.193604	-1.252344	29.222617	130.175898
52884		-4.766056	-0.156388	8.625942	-0.001017	0.003577	-0.001221	-1.031982	-0.383545	-0.197754	-1.252032	29.220573	130.176224
52885		-4.755851	-0.130544	8.578843	0.001011	0.008481	-0.003588	-1.027588	-0.381104	-0.206055	-1.252606	29.223993	130.174281
52886		-4.775974	-0.175497	8.574642	-0.003050	0.010731	-0.003665	-1.031738	-0.383301	-0.200195	-1.254292	29.226017	130.172901
52887		-4.787671	-0.201817	8.620905	-0.001281	0.011965	-0.003566	-1.029785	-0.381348	-0.194092	-1.256180	29.231406	130.170931
52888		-4.820812	-0.214754	8.618648	-0.002062	0.013014	-0.000978	-1.029053	-0.381836	-0.202148	-1.256455	29.234772	130.171281
52889		-4.789868	-0.202244	8.619675	0.000490	0.013198	-0.003467	-1.041992	-0.376465	-0.199707	-1.257300	29.240845	130.169361
52890		-4.812214	-0.189014	8.570636	-0.000552	0.010579	0.001587	-1.030762	-0.380859	-0.201172	-1.255871	29.242848	130.171430
52891		-4.813076	-0.189014	8.570152	0.000231	0.009529	-0.001002	-1.024170	-0.383057	-0.208252	-1.256039	29.246827	130.171187
52892		-4.835658	-0.177680	8.545616	-0.000755	0.007244	-0.003690	-1.026611	-0.395752	-0.202148	-1.256394	29.246854	130.169840
52893		-4.814875	-0.191225	8.593784	-0.003438	0.005225	0.000032	-1.030273	-0.385254	-0.202393	-1.258292	29.248364	130.170342
52894		-4.783268	-0.178733	8.595197	0.001667	0.005594	-0.004944	-1.022949	-0.383789	-0.195313	-1.257651	29.247430	130.168195
52895		-4.816483	-0.193368	8.617529	-0.001538	0.008293	-0.001102	-1.021973	-0.381104	-0.194336	-1.258835	29.250660	130.167915
52896		-4.783781	-0.177151	8.570255	-0.000653	0.002883	0.001354	-1.032715	-0.381348	-0.193848	-1.257483	29.248252	130.169942
52897		-4.816861	-0.191892	8.592656	-0.003669	0.007749	-0.003780	-1.036865	-0.386719	-0.191406	-1.260734	29.251115	130.167917
52898		-4.807062	-0.168006	8.569966	0.000131	0.001834	-0.001234	-1.025146	-0.387939	-0.194824	-1.259756	29.248074	130.168260
52899		-4.797675	-0.145832	8.571703	-0.001378	0.004267	-0.003801	-1.018799	-0.385498	-0.197021	-1.261664	29.248921	130.166278
52900		-4.786429	-0.181732	8.618065	-0.002161	0.005316	-0.001213	-1.027100	-0.385254	-0.197510	-1.262017	29.247875	130.166584
52901		-4.785604	-0.178539	8.569208	-0.004916	0.001797	-0.004001	-1.030518	-0.377441	-0.194336	-1.265985	29.247281	130.164513
52902		-4.818740	-0.195450	8.616220	-0.004393	-0.002920	-0.004122	-1.028809	-0.388672	-0.203857	-1.268491	29.241480	130.163030
52903		-4.786031	-0.181695	8.593596	-0.007047	0.001253	-0.006679	-1.027100	-0.385742	-0.197510	-1.274525	29.240519	130.159215
52904		-4.818778	-0.196976	8.616164	-0.004915	0.001796	-0.004002	-1.033936	-0.385254	-0.193848	-1.277325	29.237421	130.157743
52905		-4.785614	-0.181241	8.569146	-0.002986	-0.000994	-0.006600	-1.029785	-0.378906	-0.201904	-1.280979	29.235151	130.154019
52906		-4.785689	-0.181780	8.569093	-0.004423	0.002938	-0.002658	-1.027832	-0.377197	-0.198730	-1.283074	29.232724	130.153413
52907		-4.754388	-0.171458	8.595003	-0.004915	0.001796	-0.004002	-1.032715	-0.380127	-0.193115	-1.287010	29.232062	130.151360
52908		-4.764299	-0.194393	8.592944	-0.004292	0.004771	-0.003891	-1.029541	-0.377930	-0.199219	-1.289438	29.230669	130.149917
52909		-4.765058	-0.194782	8.592514	-0.002061	0.013007	-0.000981	-1.023682	-0.385742	-0.201416	-1.290840	29.236441	130.149688
52910		-4.799063	-0.209445	8.614387	0.000462	0.019050	-0.002004	-1.022949	-0.379883	-0.193115	-1.290043	29.243252	130.149273
52911		-4.754573	-0.224931	8.564487	0.003608	0.016018	0.001898	-1.025391	-0.384277	-0.193604	-1.287287	29.250761	130.150893
52912		-4.791946	-0.184719	8.590235	0.003087	0.020732	0.002017	-1.027100	-0.382080	-0.198242	-1.283708	29.258586	130.153094
52913		-4.784124	-0.162082	8.591131	0.002727	0.021421	-0.000563	-1.026367	-0.381836	-0.201660	-1.282277	29.269134	130.153023
52914		-4.796260	-0.185860	8.612510	0.004074	0.023011	0.004702	-1.027344	-0.386963	-0.201904	-1.277286	29.278299	130.156955
52915		-4.797655	-0.183467	8.587075	0.004075	0.023008	0.004700	-1.023682	-0.373291	-0.200439	-1.273390	29.289799	130.160326
52916		-4.789881	-0.160520	8.587952	0.006007	0.020217	0.002103	-1.026367	-0.391602	-0.196533	-1.268103	29.297331	130.162594
52917		-4.778904	-0.191982	8.584885	0.003586	0.021862	0.003352	-1.025146	-0.388916	-0.204346	-1.264898	29.308133	130.165104
52918		-4.784142	-0.137177	8.587704	0.003068	0.026572	0.003468	-1.022705	-0.382324	-0.206055	-1.260900	29.319322	130.168178
52919		-4.804882	-0.179592	8.558392	0.004867	0.021950	0.002106	-1.020508	-0.379395	-0.200684	-1.257346	29.330134	130.169878
52920		-4.785012	-0.190513	8.581514	0.004083	0.022995	0.004691	-1.031250	-0.384766	-0.198730	-1.252346	29.339289	130.173809
52921		-4.767754	-0.145264	8.584225	0.006283	0.023868	-0.000375	-1.026611	-0.378906	-0.203857	-1.248783	29.351146	130.173858
52922		-4.811569	-0.179862	8.579362	0.003862	0.025512	0.000872	-1.025635	-0.390137	-0.197998	-1.245154	29.361694	130.175246
52923		-4.822676	-0.200007	8.551933	0.003730	0.023678	0.002106	-1.026855	-0.383789	-0.203125	-1.242238	29.373449	130.176936
52924		-4.806777	-0.158446	8.603279	0.004223	0.024816	0.003447	-1.028320	-0.383789	-0.203613	-1.237567	29.383630	130.180029
52925		-4.827664	-0.200782	8.573850	0.004852	0.027783	0.003552	-1.026611	-0.377930	-0.200195	-1.233558	29.397733	130.182618
52926		-4.821002	-0.179600	8.598818	0.005998	0.026041	0.003544	-1.031494	-0.386230	-0.205811	-1.227844	29.408617	130.185760
52927		-4.821837	-0.175283	8.548940	0.005865	0.024208	0.004778	-1.025635	-0.379639	-0.199463	-1.222824	29.420665	130.189213
52928		-4.834199	-0.198858	8.570212	0.003740	0.023663	0.002095	-1.024170	-0.385010	-0.200195	-1.218853	29.430169	130.191438
52929		-4.848887	-0.166456	8.571159	0.003114	0.020692	0.001987	-1.031250	-0.379883	-0.200684	-1.216276	29.440150	130.193110
52930		-4.841433	-0.145476	8.596579	0.004774	0.014246	0.001870	-1.027588	-0.382324	-0.198975	-1.211720	29.444257	130.195320
52931		-4.819472	-0.153097	8.571517	-0.000403	0.012381	0.000327	-1.031982	-0.382080	-0.210693	-1.211623	29.449438	130.196025
52932		-4.829483	-0.173665	8.544656	-0.000402	0.012380	0.000327	-1.026611	-0.387451	-0.199463	-1.210519	29.452457	130.197246
52933		-4.831796	-0.177312	8.592805	-0.001030	0.009411	0.000220	-1.036377	-0.380127	-0.198486	-1.210784	29.455915	130.197927
52934		-4.800522	-0.164858	8.594211	-0.003155	0.008869	-0.002462	-1.027344	-0.389648	-0.195068	-1.212134	29.456889	130.197363
52935		-4.833595	-0.177852	8.591782	-0.000618	0.014896	-0.003491	-1.029053	-0.383057	-0.199219	-1.213391	29.463422	130.195532
52936		-4.811667	-0.185934	8.566698	-0.002035	0.012975	-0.001014	-1.029053	-0.386230	-0.207520	-1.213660	29.466765	130.195862
52937		-4.803270	-0.163778	8.567931	-0.001406	0.015942	-0.000909	-1.028076	-0.383057	-0.200195	-1.214532	29.473905	130.195720
52938		-4.837474	-0.178458	8.589586	-0.001267	0.017769	-0.002147	-1.024902	-0.374756	-0.194336	-1.214760	29.479981	130.195238
52939		-4.838186	-0.176717	8.564446	0.001510	0.015434	-0.000812	-1.029053	-0.383789	-0.203857	-1.213916	29.486809	130.195172
52940		-4.829718	-0.154488	8.565723	-0.002523	0.011832	-0.002360	-1.028809	-0.386475	-0.204102	-1.214892	29.489482	130.194633
52941		-4.840410	-0.177114	8.563181	-0.002032	0.012970	-0.001018	-1.029785	-0.384766	-0.199463	-1.216116	29.494877	130.194471
52942		-4.851647	-0.201343	8.585075	0.001396	0.007761	-0.001026	-1.026367	-0.373291	-0.199219	-1.214386	29.495234	130.194866
52943		-4.852381	-0.201606	8.584654	-0.004784	0.009461	-0.003807	-1.025879	-0.388916	-0.195801	-1.218060	29.498566	130.192922
52944		-4.820961	-0.189049	8.586186	0.002891	0.005336	0.001551	-1.020508	-0.380615	-0.201660	-1.214622	29.497565	130.195047
52945		-4.789567	-0.176336	8.587713	-0.002660	0.010002	-0.001125	-1.031982	-0.388428	-0.198242	-1.216206	29.501219	130.194864
52946		-4.835248	-0.157177	8.587334	0.000254	0.009496	-0.001025	-1.025879	-0.386963	-0.205811	-1.215142	29.502570	130.195236
52947		-4.835412	-0.155400	8.562493	0.001674	0.011415	-0.003502	-1.030762	-0.384033	-0.193359	-1.215013	29.506980	130.193474
52948		-4.846814	-0.179679	8.584293	-0.002030	0.012966	-0.001021	-1.025146	-0.383789	-0.194336	-1.215281	29.510319	130.193800
52949		-4.814989	-0.165306	8.561322	0.000255	0.009495	-0.001026	-1.029541	-0.388672	-0.200439	-1.215137	29.513639	130.193701
52950		-4.870175	-0.168480	8.559041	-0.000725	0.007217	-0.003712	-1.034668	-0.377930	-0.204346	-1.215490	29.513652	130.192336
52951		-4.816359	-0.165653	8.560544	-0.001516	0.008264	-0.001129	-1.023438	-0.379883	-0.205078	-1.216376	29.516248	130.192191
52952		-4.817526	-0.167856	8.584633	-0.004897	0.001790	-0.004024	-1.029053	-0.375488	-0.200928	-1.219184	29.513149	130.190697
52953		-4.850698	-0.182787	8.606827	-0.000725	0.007217	-0.003712	-1.030762	-0.389893	-0.198975	-1.220436	29.515091	130.188872
52954		-4.841757	-0.160777	8.608388	-0.004429	0.008767	-0.001232	-1.021484	-0.380371	-0.199463	-1.222118	29.516022	130.189118
52955		-4.819444	-0.168906	8.583535	-0.000886	0.011228	-0.001025	-1.025635	-0.388672	-0.199219	-1.222609	29.520274	130.189011
52956		-4.829955	-0.191335	8.581080	0.000256	0.009492	-0.001027	-1.028320	-0.385498	-0.197021	-1.221544	29.521623	130.189381
52957		-4.830818	-0.191309	8.580595	0.000747	0.010630	0.000316	-1.028076	-0.387451	-0.202393	-1.220652	29.525527	130.190170
52958		-4.822914	-0.170605	8.606347	0.002519	0.011860	0.000419	-1.033203	-0.379395	-0.202148	-1.217839	29.528250	130.191459
52959		-4.844586	-0.157471	8.557268	-0.005058	0.005800	-0.001339	-1.029053	-0.379150	-0.193604	-1.220767	29.529344	130.191231
52960		-4.835462	-0.135334	8.558942	-0.000022	0.005837	0.001449	-1.024414	-0.383057	-0.198975	-1.219034	29.528630	130.193282
52961		-4.836750	-0.137150	8.582978	-0.000372	0.006526	-0.001133	-1.032471	-0.377441	-0.200928	-1.219202	29.530125	130.193187
52962		-4.800610	-0.175457	8.531966	-0.002353	0.007810	-0.005056	-1.020996	-0.375000	-0.197021	-1.220929	29.530461	130.190928
52963		-4.825011	-0.169898	8.580387	-0.004405	0.002927	-0.002684	-1.024658	-0.380371	-0.205811	-1.223873	29.529855	130.189869
52964		-4.824548	-0.168517	8.555876	-0.002633	0.004157	-0.002580	-1.028564	-0.381104	-0.197510	-1.224932	29.528129	130.189292
52965		-4.825735	-0.170751	8.579964	-0.005057	0.005799	-0.001340	-1.029297	-0.383057	-0.200439	-1.227823	29.529163	130.189082
52966		-4.827104	-0.172878	8.603953	-0.000231	0.008351	-0.002371	-1.030518	-0.372070	-0.208252	-1.227467	29.529842	130.188583
52967		-4.836566	-0.193687	8.577302	-0.002493	0.005983	-0.003819	-1.023682	-0.383789	-0.199219	-1.229686	29.530930	130.186744
52968		-4.827580	-0.171469	8.578911	0.000608	0.008800	0.001553	-1.023926	-0.380371	-0.203613	-1.227578	29.531914	130.188823
52969		-4.794932	-0.155139	8.531676	0.000540	0.013140	-0.003506	-1.026611	-0.379150	-0.193848	-1.228000	29.537086	130.187092
52970		-4.810681	-0.126976	8.581535	-0.002395	0.019479	-0.002163	-1.023438	-0.382813	-0.195557	-1.228893	29.544141	130.186574
52971		-4.853004	-0.160646	8.552438	-0.002720	0.014330	-0.006193	-1.030518	-0.384766	-0.201904	-1.232049	29.549939	130.183065
52972		-4.842894	-0.196781	8.598478	-0.002861	0.012503	-0.004955	-1.024414	-0.375488	-0.206055	-1.234068	29.552964	130.180805
52973		-4.823922	-0.150666	8.577504	-0.002512	0.011814	-0.002374	-1.036621	-0.384033	-0.199707	-1.235839	29.557350	130.179850
52974		-4.812114	-0.182995	8.574959	-0.002511	0.011814	-0.002374	-1.030273	-0.389160	-0.206787	-1.236815	29.560012	130.179300
52975		-4.822864	-0.205625	8.572334	-0.000598	0.014868	-0.003509	-1.030273	-0.383057	-0.202881	-1.237869	29.566111	130.177559
52976		-4.845785	-0.194282	8.547259	-0.001043	0.015225	0.001654	-1.019043	-0.380615	-0.193604	-1.236719	29.570777	130.179613
52977		-4.838030	-0.173760	8.572976	0.000262	0.009483	-0.001032	-1.029785	-0.384766	-0.209229	-1.236433	29.573803	130.179583
52978		-4.848548	-0.196061	8.570481	-0.000043	0.011665	0.002892	-1.026367	-0.377441	-0.196045	-1.234282	29.576446	130.182503
52979		-4.795039	-0.192885	8.571970	0.000751	0.010620	0.000311	-1.026367	-0.384766	-0.202637	-1.233280	29.580121	130.183345
52980		-4.841592	-0.175205	8.595761	0.003665	0.010116	0.000417	-1.029785	-0.378906	-0.201904	-1.229798	29.581846	130.184657
52981		-4.829030	-0.205125	8.568874	0.000589	0.014625	0.002994	-1.025391	-0.383057	-0.212646	-1.228037	29.587826	130.187214
52982		-4.820856	-0.182493	8.570059	0.001710	0.018723	0.004440	-1.025879	-0.380859	-0.199951	-1.224426	29.594530	130.191055
52983		-4.835236	-0.149927	8.571144	0.004970	0.017531	0.007128	-1.023926	-0.369629	-0.204834	-1.218823	29.602204	130.196299
52984		-4.836696	-0.149235	8.570332	0.003199	0.016300	0.007022	-1.031006	-0.385010	-0.205811	-1.213500	29.607550	130.201877
52985		-4.837030	-0.146819	8.545355	0.004503	0.010561	0.004340	-1.032227	-0.385742	-0.205566	-1.209010	29.611178	130.205388
52986		-4.869222	-0.157191	8.518441	0.002080	0.012200	0.005574	-1.022461	-0.381104	-0.192627	-1.204770	29.614158	130.210071
52987		-4.818146	-0.159306	8.593018	-0.000670	0.008698	0.002783	-1.030029	-0.385986	-0.198486	-1.203726	29.616685	130.212589
52988		-4.861884	-0.136263	8.543946	0.001121	0.004097	0.001445	-1.032471	-0.375977	-0.205078	-1.201323	29.614973	130.214664
52989		-4.840666	-0.147685	8.568117	-0.001791	0.004601	0.001337	-1.026123	-0.379883	-0.203369	-1.201351	29.615116	130.216293
52990		-4.840861	-0.147755	8.568006	-0.001284	-0.000092	0.001237	-1.031006	-0.376709	-0.205078	-1.200366	29.611003	130.218288
52991		-4.817845	-0.155870	8.543582	-0.005049	0.005792	-0.001353	-1.029297	-0.384766	-0.203369	-1.203133	29.611777	130.218134
52992		-4.818831	-0.158011	8.567824	0.000306	-0.002181	-0.003922	-1.031494	-0.388184	-0.198486	-1.202902	29.606405	130.216759
52993		-4.828489	-0.180618	8.565800	-0.006131	0.003187	0.003706	-1.026855	-0.386230	-0.199463	-1.204614	29.605729	130.219980
52994		-4.842475	-0.150878	8.591876	-0.004254	0.004747	-0.003933	-1.022461	-0.383545	-0.197021	-1.207047	29.604325	130.218502
52995		-4.829228	-0.181623	8.565362	-0.004254	0.004747	-0.003933	-1.031250	-0.382568	-0.201660	-1.210171	29.604430	130.216673
52996		-4.820903	-0.161587	8.591429	-0.003765	0.005883	-0.002591	-1.030762	-0.375244	-0.202881	-1.211894	29.603693	130.216064
52997		-4.852603	-0.172922	8.564753	-0.003765	0.005882	-0.002591	-1.028076	-0.376953	-0.205566	-1.214300	29.604444	130.215108
52998		-4.821753	-0.162411	8.590937	-0.002769	0.002327	-0.001348	-1.027588	-0.381836	-0.204102	-1.215024	29.601685	130.215367
52999		-4.865962	-0.141598	8.566378	-0.002769	0.002327	-0.001348	-1.031738	-0.383301	-0.193115	-1.216422	29.600396	130.215284
53000		-4.843680	-0.151628	8.566345	-0.004541	0.001098	-0.001454	-1.030029	-0.384033	-0.199219	-1.218187	29.596932	130.215490
53001		-4.821273	-0.161919	8.566377	-0.005863	-0.000487	-0.006723	-1.032471	-0.393311	-0.195313	-1.223074	29.593949	130.211913
53002		-4.865055	-0.141482	8.542055	-0.004522	-0.004730	-0.002898	-1.022949	-0.375244	-0.200684	-1.225258	29.587129	130.211250
53003		-4.820656	-0.163225	8.566699	-0.006150	-0.004136	-0.004244	-1.024902	-0.380859	-0.205078	-1.229465	29.582071	130.209364
53004		-4.842773	-0.154258	8.566810	-0.005661	-0.002999	-0.002901	-1.029297	-0.382568	-0.196777	-1.232314	29.576242	130.208676
53005		-4.830408	-0.188687	8.589388	-0.003726	-0.005775	-0.005479	-1.025635	-0.386475	-0.204346	-1.235511	29.570213	130.206007
53006		-4.829286	-0.187359	8.565206	-0.004684	-0.000727	-0.000215	-1.025391	-0.380371	-0.202148	-1.236943	29.565718	130.207056
53007		-4.807719	-0.198931	8.589570	0.003056	0.001322	-0.001131	-1.031738	-0.376953	-0.198486	-1.234885	29.563789	130.207153
53008		-4.842191	-0.155335	8.567120	0.001284	0.000093	-0.001237	-1.031494	-0.375977	-0.202637	-1.233235	29.559752	130.207518
53009		-4.851792	-0.177740	8.565114	-0.003851	-0.000279	0.003711	-1.031006	-0.387939	-0.197754	-1.233544	29.556947	130.210829
53010		-4.829970	-0.189371	8.589619	0.000959	-0.005048	-0.005264	-1.028564	-0.375732	-0.198242	-1.233352	29.549916	130.208615
53011		-4.841308	-0.155750	8.567612	-0.001100	-0.009926	-0.002892	-1.031738	-0.383789	-0.200195	-1.234156	29.541487	130.207719
53012		-4.798654	-0.121151	8.572234	-0.006415	-0.013615	-0.003211	-1.029785	-0.383789	-0.201904	-1.237462	29.529573	130.206978
53013		-4.816723	-0.166617	8.568846	-0.005476	-0.012835	-0.007032	-1.026367	-0.381592	-0.197754	-1.242080	29.519408	130.203407
53014		-4.815581	-0.167374	8.569473	-0.006413	-0.013617	-0.003213	-1.023926	-0.380371	-0.200928	-1.245385	29.507494	130.202667
53015		-4.816386	-0.171707	8.618595	-0.005008	-0.005870	-0.004243	-1.022217	-0.387207	-0.195801	-1.248870	29.501335	130.200838
53016		-4.824473	-0.192974	8.592628	-0.007410	-0.010062	-0.004455	-1.023682	-0.380127	-0.192139	-1.253172	29.491441	130.199233
53017		-4.800434	-0.201342	8.568755	-0.000955	-0.008104	-0.004135	-1.031494	-0.376221	-0.203125	-1.254275	29.483986	130.197512
53018		-4.835781	-0.161778	8.595447	-0.001892	-0.008886	-0.000315	-1.023193	-0.385986	-0.199219	-1.254082	29.474817	130.198614
53019		-4.758118	-0.168763	8.597949	-0.005638	-0.008834	-0.004349	-1.025391	-0.379150	-0.193604	-1.257926	29.466924	130.196767
53020		-4.791956	-0.126063	8.575909	-0.006636	-0.005278	-0.005589	-1.030029	-0.379150	-0.186768	-1.262184	29.459756	130.194348
53021		-4.801907	-0.151097	8.598475	-0.006636	-0.005278	-0.005590	-1.029297	-0.376221	-0.197998	-1.267013	29.453861	130.191642
53022		-4.778963	-0.161596	8.598762	-0.005841	-0.006322	-0.008171	-1.023926	-0.380859	-0.205566	-1.271641	29.446062	130.187541
53023		-4.809800	-0.173343	8.572600	-0.007288	-0.002410	-0.004247	-1.028809	-0.378174	-0.200439	-1.276418	29.441806	130.185684
53024		-4.820898	-0.200346	8.619292	-0.008775	0.000009	-0.006831	-1.037842	-0.382813	-0.204102	-1.282338	29.437649	130.182374
53025		-4.787793	-0.186912	8.597114	-0.010034	-0.005917	-0.007043	-1.024658	-0.380615	-0.197754	-1.289559	29.431331	130.178734
53026		-4.832399	-0.168801	8.597214	-0.008775	0.000008	-0.006831	-1.028320	-0.381348	-0.199219	-1.295478	29.427174	130.175425
53027		-4.799428	-0.155328	8.574969	-0.009404	-0.002956	-0.006938	-1.031738	-0.390137	-0.199707	-1.302317	29.422536	130.171816
53028		-4.786267	-0.188478	8.573111	-0.008608	-0.004000	-0.009521	-1.026611	-0.383545	-0.195313	-1.308978	29.416047	130.166800
53029		-4.818103	-0.202381	8.571160	-0.010056	-0.000089	-0.005595	-1.024414	-0.380859	-0.198975	-1.315767	29.413051	130.164038
53030		-4.819698	-0.207179	8.619802	-0.007491	0.000100	-0.008070	-1.033936	-0.383545	-0.192627	-1.321349	29.408928	130.159916
53031		-4.809553	-0.183724	8.597344	-0.005053	0.005786	-0.001346	-1.024658	-0.374756	-0.200439	-1.323939	29.409338	130.159861
53032		-4.788288	-0.195964	8.621458	-0.008144	0.002967	-0.006726	-1.030273	-0.382813	-0.197998	-1.329482	29.406876	130.156580
53033		-4.809415	-0.183284	8.572609	-0.001346	0.004244	-0.003821	-1.026855	-0.381348	-0.203613	-1.330729	29.406351	130.154925
53034		-4.787505	-0.193141	8.572315	-0.001512	0.008250	-0.001132	-1.022949	-0.384277	-0.205566	-1.330706	29.406988	130.155242
53035		-4.843430	-0.198401	8.594221	-0.003282	0.007017	-0.001240	-1.028564	-0.381348	-0.198242	-1.332243	29.408071	130.155246
53036		-4.811052	-0.184007	8.571675	0.000283	0.003651	-0.002476	-1.026367	-0.389648	-0.195801	-1.331590	29.406056	130.154749
53037		-4.800786	-0.160007	8.549304	-0.003399	-0.000639	-0.001453	-1.027588	-0.377197	-0.200195	-1.333199	29.402738	130.154732
53038		-4.802632	-0.164140	8.597831	-0.003769	0.005880	-0.002585	-1.028564	-0.381592	-0.201660	-1.334920	29.401998	130.154130
53039		-4.812432	-0.186909	8.595664	-0.003398	-0.000639	-0.001454	-1.031006	-0.387207	-0.193604	-1.336517	29.398665	130.154120
53040		-4.812455	-0.187270	8.595643	-0.001974	0.001281	-0.003929	-1.024170	-0.384277	-0.191162	-1.337608	29.395273	130.152704
53041		-4.813493	-0.189517	8.619838	-0.003911	0.004054	-0.001347	-1.017334	-0.380371	-0.196045	-1.339493	29.394614	130.152695
53042		-4.768148	-0.206966	8.595336	0.002399	0.004195	0.000215	-1.025146	-0.379639	-0.203369	-1.336764	29.392947	130.153960
53043		-4.801504	-0.221132	8.617335	0.007709	0.007891	0.000539	-1.021973	-0.386230	-0.198486	-1.331406	29.394494	130.155135
53044		-4.834257	-0.232882	8.614898	0.011940	0.008979	0.005920	-1.025635	-0.388428	-0.203125	-1.321405	29.395643	130.160077
53045		-4.791759	-0.192502	8.569953	0.016481	0.007886	0.007374	-1.029541	-0.383545	-0.196777	-1.308815	29.397260	130.165745
53046		-4.815609	-0.183109	8.593966	0.014224	0.005516	0.005920	-1.031738	-0.386475	-0.200195	-1.297480	29.396424	130.170739
53047		-4.806683	-0.159206	8.595659	0.012775	0.009425	0.009844	-1.023926	-0.381836	-0.200684	-1.286220	29.398938	130.178014
53048		-4.796754	-0.133768	8.573110	0.010648	0.001558	-0.000805	-1.032715	-0.376953	-0.201660	-1.279075	29.395746	130.178645
53049		-4.807177	-0.157364	8.595417	0.001973	-0.001281	0.003929	-1.029297	-0.384277	-0.200439	-1.275824	29.392037	130.182194
53050		-4.765422	-0.121901	8.599584	0.004053	-0.002230	0.000110	-1.024658	-0.377197	-0.195557	-1.272136	29.386687	130.183481
53051		-4.784497	-0.166425	8.595592	0.001283	0.000094	-0.001237	-1.022461	-0.387939	-0.198242	-1.270945	29.383682	130.183619
53052		-4.784403	-0.166480	8.595643	0.000309	-0.002180	-0.003926	-1.027588	-0.382080	-0.202637	-1.270705	29.378309	130.182252
53053		-4.774026	-0.142577	8.573314	-0.003114	0.003011	-0.003931	-1.027344	-0.374756	-0.191895	-1.272914	29.376923	130.180580
53054		-4.816011	-0.178088	8.569015	-0.001201	0.006067	-0.005062	-1.033691	-0.383545	-0.197021	-1.273964	29.376260	130.178346
53055		-4.785219	-0.167718	8.595165	-0.006026	0.003510	-0.004040	-1.023193	-0.379639	-0.200439	-1.277871	29.375145	130.176602
53056		-4.772933	-0.200194	8.592841	-0.002651	0.009977	-0.001138	-1.031494	-0.375732	-0.201660	-1.278515	29.376772	130.176889
53057		-4.788317	-0.172147	8.643010	-0.000084	0.010165	-0.003613	-1.022949	-0.375488	-0.198730	-1.278922	29.379457	130.175331
53058		-4.797127	-0.190835	8.591824	0.002032	0.010708	-0.000922	-1.030029	-0.380859	-0.204346	-1.276818	29.381505	130.175750
53059		-4.788645	-0.168257	8.593246	0.003149	0.014806	0.000527	-1.033936	-0.383301	-0.195068	-1.274065	29.386885	130.176848
53060		-4.800282	-0.192254	8.614869	0.001379	0.013574	0.000419	-1.030518	-0.381836	-0.196777	-1.271923	29.390592	130.178107
53061		-4.781303	-0.145464	8.594039	0.002377	0.010019	0.001660	-1.024902	-0.381104	-0.203613	-1.269206	29.393228	130.180022
53062		-4.782516	-0.145298	8.593367	-0.000415	0.018169	0.001757	-1.030029	-0.383057	-0.193359	-1.267693	29.399584	130.182094
53063		-4.761471	-0.154870	8.592644	0.002321	0.014352	-0.003403	-1.029785	-0.385986	-0.191895	-1.266661	29.404622	130.180624
53064		-4.817332	-0.157913	8.589719	0.002155	0.018354	-0.000718	-1.020508	-0.385742	-0.197266	-1.264475	29.411052	130.181067
53065		-4.796366	-0.167483	8.588954	0.001183	0.016079	-0.003408	-1.025635	-0.386719	-0.201416	-1.264100	29.417063	130.179573
53066		-4.798600	-0.169417	8.612515	-0.000101	0.015984	-0.002172	-1.025635	-0.376465	-0.197021	-1.263659	29.422118	130.179094
53067		-4.839828	-0.200980	8.558944	-0.001385	0.015889	-0.000937	-1.021240	-0.382080	-0.198242	-1.263949	29.428036	130.179233
53068		-4.800523	-0.167768	8.586626	0.001672	0.017212	-0.002066	-1.029785	-0.380127	-0.202637	-1.262467	29.433795	130.178806
53069		-4.801124	-0.165877	8.561474	0.001673	0.017211	-0.002067	-1.025391	-0.389404	-0.206543	-1.261375	29.440445	130.178185
53070		-4.813666	-0.191952	8.607405	0.000411	0.011292	-0.002276	-1.026367	-0.384277	-0.201660	-1.260640	29.442810	130.177706
53071		-4.805315	-0.169626	8.608766	0.000389	0.017114	-0.000833	-1.024414	-0.385498	-0.197021	-1.259879	29.449408	130.177896
53072		-4.796357	-0.145263	8.585650	0.002503	0.017657	0.001859	-1.026123	-0.380615	-0.202881	-1.256654	29.455471	130.180045
53073		-4.806430	-0.165510	8.558503	0.001872	0.014697	0.001754	-1.025879	-0.383789	-0.201660	-1.254179	29.460701	130.181984
53074		-4.830900	-0.157761	8.582099	-0.001212	0.011881	-0.003627	-1.031250	-0.376709	-0.197998	-1.254816	29.463387	130.180607
53075		-4.809468	-0.167676	8.581620	-0.002497	0.011786	-0.002392	-1.036133	-0.380615	-0.200439	-1.256157	29.466885	130.179868
53076		-4.832791	-0.158425	8.581022	-0.003128	0.008828	-0.002496	-1.035400	-0.378662	-0.194336	-1.257505	29.467837	130.179280
53077		-4.779094	-0.155640	8.582841	-0.001842	0.008921	-0.003732	-1.019531	-0.377930	-0.195068	-1.258877	29.469666	130.177698
53078		-4.800912	-0.204430	8.626891	-0.003781	0.011690	-0.001158	-1.018799	-0.375977	-0.196777	-1.260186	29.472274	130.177949
53079		-4.823442	-0.193175	8.601903	0.001702	0.011380	-0.003515	-1.028320	-0.384766	-0.194336	-1.259470	29.475497	130.176475
53080		-4.824434	-0.193093	8.601348	0.001242	0.011735	0.001649	-1.024658	-0.386719	-0.196533	-1.256993	29.478166	130.178572
53081		-4.814039	-0.166716	8.554202	0.004153	0.011237	0.001763	-1.018311	-0.386230	-0.205811	-1.253160	29.481360	130.180574
53082		-4.838210	-0.158674	8.577963	0.002697	0.007829	-0.002270	-1.027100	-0.385010	-0.199707	-1.251090	29.481743	130.180148
53083		-4.831185	-0.139874	8.628275	0.000610	0.008777	0.001544	-1.031738	-0.387451	-0.197998	-1.249333	29.483516	130.182048
53084		-4.785868	-0.157024	8.603912	0.003543	0.002459	0.000218	-1.026855	-0.376709	-0.199219	-1.245934	29.480853	130.183336
53085		-4.794804	-0.177512	8.577368	-0.000046	0.004327	-0.005067	-1.017578	-0.383057	-0.200439	-1.246652	29.479979	130.180957
53086		-4.795261	-0.177704	8.577109	-0.001647	0.006411	0.000091	-1.026611	-0.378662	-0.204346	-1.246296	29.479578	130.182106
53087		-4.818365	-0.168283	8.576616	0.000734	0.009105	-0.006206	-1.023193	-0.394043	-0.194336	-1.246966	29.481413	130.178908
53088		-4.809466	-0.146075	8.578300	-0.000360	0.006504	-0.001145	-1.031006	-0.385498	-0.208008	-1.246274	29.481051	130.179242
53089		-4.799007	-0.181956	8.624688	-0.003271	0.007002	-0.001260	-1.027832	-0.390869	-0.197754	-1.247614	29.481730	130.179326
53090		-4.801009	-0.124444	8.579730	-0.004581	0.005416	-0.006534	-1.029541	-0.382813	-0.196777	-1.251078	29.480677	130.176130
53091		-4.830120	-0.192157	8.573290	-0.002956	0.004824	-0.005183	-1.034912	-0.383057	-0.198486	-1.253483	29.480044	130.173676
53092		-4.811530	-0.147917	8.577111	-0.003610	0.007686	-0.003846	-1.024902	-0.384033	-0.194336	-1.255536	29.480325	130.172216
53093		-4.820689	-0.168936	8.550413	-0.002955	0.004823	-0.005184	-1.033447	-0.387207	-0.197021	-1.257935	29.479682	130.169765
53094		-4.801479	-0.184589	8.623256	-0.005043	0.005771	-0.001370	-1.021729	-0.384521	-0.194336	-1.259994	29.478896	130.169962
53095		-4.799318	-0.179403	8.549917	0.000736	0.009102	-0.006207	-1.030518	-0.378418	-0.203613	-1.260636	29.480679	130.166776
53096		-4.824442	-0.173765	8.597979	-0.002639	0.009956	-0.001158	-1.026611	-0.382324	-0.197266	-1.261278	29.482293	130.167051
53097		-4.814679	-0.149854	8.575310	-0.003271	0.006999	-0.001262	-1.034424	-0.378906	-0.204590	-1.262594	29.482922	130.167157
53098		-4.825695	-0.174603	8.597258	-0.004578	0.005413	-0.006536	-1.030029	-0.380127	-0.196777	-1.266056	29.481867	130.163960
53099		-4.794146	-0.162562	8.599199	-0.005864	0.005318	-0.005302	-1.027344	-0.377686	-0.190186	-1.270148	29.481470	130.161433
53100		-4.818037	-0.155502	8.623096	-0.004092	0.006548	-0.005192	-1.029541	-0.384033	-0.196289	-1.272905	29.481081	130.159103
53101		-4.813335	-0.206629	8.570122	-0.002468	0.005957	-0.003841	-1.024902	-0.390625	-0.194824	-1.274575	29.481054	130.157529
53102		-4.818134	-0.154543	8.598174	-0.002468	0.005957	-0.003841	-1.026611	-0.386230	-0.203125	-1.275959	29.480344	130.156097
53103		-4.783281	-0.196551	8.596083	-0.005042	0.005768	-0.001373	-1.023438	-0.387207	-0.201172	-1.278298	29.480229	130.156148
53104		-4.806156	-0.187357	8.595698	-0.001328	0.004230	-0.003835	-1.024658	-0.373535	-0.202881	-1.279015	29.478530	130.154746
53105		-4.818592	-0.153852	8.573041	-0.003270	0.006997	-0.001263	-1.021484	-0.378906	-0.203857	-1.280309	29.479107	130.154869
53106		-4.816929	-0.210465	8.592912	-0.004261	0.010542	-0.002512	-1.033691	-0.383301	-0.204102	-1.282324	29.481040	130.154244
53107		-4.798673	-0.166104	8.596606	-0.000548	0.009005	-0.004974	-1.024902	-0.375000	-0.199951	-1.283271	29.482709	130.151892
53108		-4.820807	-0.154994	8.571775	-0.002467	0.005955	-0.003843	-1.022461	-0.380859	-0.197754	-1.284655	29.481998	130.150460
53109		-4.786978	-0.198854	8.593972	-0.003606	0.007680	-0.003850	-1.032471	-0.388428	-0.201416	-1.286972	29.482909	130.148870
53110		-4.799638	-0.165443	8.571186	-0.001834	0.008909	-0.003740	-1.026855	-0.387207	-0.201172	-1.287982	29.483891	130.147461
53111		-4.833093	-0.180491	8.592980	-0.003098	0.002999	-0.003946	-1.030518	-0.383545	-0.190186	-1.290004	29.482108	130.145852
53112		-4.800467	-0.166343	8.570705	-0.004237	0.004724	-0.003954	-1.031738	-0.386230	-0.208008	-1.292429	29.480690	130.144365
53113		-4.779392	-0.178475	8.594931	-0.007147	0.005219	-0.004073	-1.031006	-0.389648	-0.202148	-1.296820	29.480166	130.142667
53114		-4.783040	-0.124747	8.598807	-0.003246	0.001179	-0.002705	-1.025879	-0.380859	-0.206299	-1.298247	29.476733	130.142054
53115		-4.812001	-0.192483	8.592315	-0.005711	0.007132	-0.006549	-1.031494	-0.378906	-0.202881	-1.302623	29.477258	130.138702
53116		-4.803187	-0.170933	8.593990	-0.007654	0.009897	-0.003978	-1.031982	-0.387451	-0.198730	-1.307052	29.478803	130.137121
53117		-4.803985	-0.171552	8.593532	-0.003120	0.008812	-0.002507	-1.029541	-0.377686	-0.199219	-1.308641	29.480330	130.136411
53118		-4.803968	-0.170113	8.568668	-0.004914	0.013396	-0.001178	-1.032715	-0.381836	-0.203369	-1.310620	29.483915	130.136620
53119		-4.815650	-0.194635	8.590221	-0.000233	0.014130	-0.000948	-1.033203	-0.384766	-0.195557	-1.310083	29.488498	130.136863
53120		-4.818679	-0.198762	8.638252	-0.005880	0.011124	-0.003870	-1.030029	-0.381592	-0.201416	-1.313470	29.490746	130.135335
53121		-4.807079	-0.170993	8.566906	0.003185	0.008957	-0.000924	-1.030762	-0.384277	-0.200928	-1.310928	29.492353	130.135656
53122		-4.831322	-0.163314	8.590608	-0.002635	0.009945	-0.001164	-1.026611	-0.382080	-0.197998	-1.311571	29.493962	130.135926
53123		-4.809571	-0.173078	8.590376	-0.000357	0.006497	-0.001147	-1.027588	-0.389160	-0.194824	-1.311105	29.494148	130.136143
53124		-4.809138	-0.171340	8.565743	-0.002933	0.006306	0.001319	-1.025391	-0.385498	-0.195557	-1.311087	29.493705	130.138102
53125		-4.778663	-0.160683	8.592046	-0.001174	0.006045	-0.005080	-1.026855	-0.381836	-0.204102	-1.312354	29.493570	130.135725
53126		-4.811227	-0.173928	8.589432	-0.004889	0.007579	-0.002622	-1.025146	-0.386963	-0.193848	-1.314743	29.493804	130.135072
53127		-4.799106	-0.206168	8.587033	0.001713	0.011363	-0.003520	-1.017334	-0.385498	-0.203369	-1.313883	29.496724	130.133671
53128		-4.813909	-0.176165	8.612798	-0.002300	0.009258	0.001421	-1.031982	-0.373291	-0.199219	-1.313491	29.497973	130.135653
53129		-4.812877	-0.172586	8.563618	-0.002001	0.012895	-0.001063	-1.024902	-0.383301	-0.206299	-1.313971	29.501791	130.135865
53130		-4.814880	-0.174510	8.587372	0.002048	0.010677	-0.000933	-1.022461	-0.385498	-0.200195	-1.311861	29.503823	130.136276
53131		-4.805298	-0.150200	8.564642	0.001715	0.011361	-0.003521	-1.024170	-0.391357	-0.199219	-1.310993	29.506720	130.134856
53132		-4.793428	-0.182353	8.562109	-0.002332	0.013576	-0.003653	-1.029541	-0.385010	-0.195557	-1.312296	29.510377	130.133434
53133		-4.796570	-0.186381	8.610111	-0.000711	0.012987	-0.002299	-1.025879	-0.373535	-0.205322	-1.312427	29.514208	130.132781
53134		-4.818319	-0.173293	8.560543	-0.003792	0.017471	0.000259	-1.020264	-0.386719	-0.199463	-1.313327	29.520146	130.133875
53135		-4.830185	-0.197612	8.581989	0.002683	0.013626	-0.000832	-1.033936	-0.386230	-0.201172	-1.311037	29.524356	130.134245
53136		-4.789924	-0.162286	8.585743	0.001546	0.015348	-0.000843	-1.028809	-0.377930	-0.194580	-1.309220	29.529064	130.134646
53137		-4.822122	-0.173356	8.558400	-0.002328	0.013572	-0.003657	-1.029541	-0.386475	-0.202148	-1.310713	29.533192	130.133140
53138		-4.801991	-0.185024	8.582186	-0.000880	0.016973	0.000378	-1.027832	-0.380615	-0.206055	-1.309902	29.538846	130.134319
53139		-4.805406	-0.188918	8.630062	-0.000555	0.014799	-0.003546	-1.021973	-0.377686	-0.194092	-1.310349	29.543672	130.132855
53140		-4.836692	-0.198081	8.578312	0.000410	0.017066	-0.000856	-1.019531	-0.379150	-0.199707	-1.309200	29.549364	130.133221
53141		-4.828559	-0.175683	8.579665	0.000260	0.015247	0.000386	-1.024658	-0.382813	-0.204834	-1.307903	29.554483	130.134347
53142		-4.839384	-0.198048	8.576795	-0.001029	0.015151	0.001617	-1.021240	-0.386963	-0.197510	-1.306760	29.559110	130.136371
53143		-4.852416	-0.164233	8.553749	0.001724	0.011351	-0.003526	-1.026367	-0.381836	-0.200439	-1.305866	29.561942	130.134941
53144		-4.822391	-0.153456	8.579913	-0.002627	0.009932	-0.001176	-1.026123	-0.383057	-0.202881	-1.306507	29.563543	130.135203
53145		-4.811352	-0.187518	8.601835	-0.000047	0.010122	-0.003640	-1.029541	-0.390381	-0.206299	-1.306647	29.565661	130.133766
53146		-4.789931	-0.197212	8.601481	-0.000220	0.014110	-0.000962	-1.021240	-0.388428	-0.201660	-1.305871	29.569658	130.134107
53147		-4.855245	-0.222711	8.595975	0.002516	0.017604	0.001840	-1.028076	-0.387451	-0.201172	-1.302818	29.576123	130.136084
53148		-4.803617	-0.160977	8.553168	0.004136	0.017015	0.003196	-1.028320	-0.387939	-0.191162	-1.298215	29.581839	130.139121
53149		-4.837052	-0.173278	8.549973	0.004137	0.017014	0.003195	-1.025635	-0.389648	-0.198486	-1.293780	29.587966	130.142039
53150		-4.861960	-0.165281	8.573268	0.001555	0.015333	-0.000852	-1.022949	-0.382568	-0.204590	-1.291959	29.592665	130.142435
53151		-4.883359	-0.151818	8.523773	-0.000194	0.009790	0.004110	-1.015625	-0.383545	-0.197998	-1.289651	29.594668	130.146095
53152		-4.863866	-0.165065	8.572191	0.000287	0.009434	-0.001055	-1.032471	-0.377686	-0.195313	-1.288580	29.595985	130.146445
53153		-4.832545	-0.152238	8.574219	-0.000020	0.005803	0.001433	-1.021973	-0.379639	-0.197754	-1.287003	29.595663	130.148447
53154		-4.809561	-0.160072	8.549844	-0.003257	0.006978	-0.001283	-1.022217	-0.374756	-0.202148	-1.288018	29.595570	130.148684
53155		-4.811261	-0.162108	8.573808	0.000134	0.007618	0.000188	-1.027832	-0.382324	-0.205811	-1.286766	29.596266	130.149848
53156		-4.845043	-0.176795	8.595310	0.000288	0.009433	-0.001056	-1.023682	-0.384033	-0.203125	-1.285695	29.597583	130.150198
53157		-4.823518	-0.186390	8.595043	-0.000367	0.012286	0.000275	-1.021484	-0.385010	-0.208008	-1.284734	29.600947	130.151299
53158		-4.837414	-0.154587	8.596394	-0.002621	0.009925	-0.001183	-1.030029	-0.382080	-0.195068	-1.285374	29.602544	130.151558
53159		-4.834760	-0.149014	8.523102	0.001117	0.004081	0.001445	-1.017090	-0.388672	-0.200439	-1.283116	29.601210	130.153547
53160		-4.814953	-0.162378	8.571730	-0.000675	0.007166	-0.003746	-1.031738	-0.385986	-0.199707	-1.283454	29.601194	130.152158
53161		-4.839129	-0.155049	8.595421	-0.003583	0.007658	-0.003874	-1.030518	-0.383301	-0.203857	-1.285642	29.601833	130.150551
53162		-4.838639	-0.153487	8.570759	-0.001638	0.006388	0.000073	-1.035400	-0.375244	-0.196777	-1.285283	29.601420	130.151690
53163		-4.828375	-0.189387	8.617222	-0.002119	0.005255	-0.001271	-1.027832	-0.380615	-0.202881	-1.285755	29.600708	130.151968
53164		-4.818300	-0.165369	8.594759	-0.000674	0.007165	-0.003747	-1.027100	-0.379150	-0.201172	-1.286093	29.600691	130.150579
53165		-4.817838	-0.163598	8.570086	0.000135	0.007615	0.000187	-1.028076	-0.386230	-0.206055	-1.284815	29.601341	130.151728
53166		-4.797253	-0.175024	8.594240	-0.000520	0.010467	0.001518	-1.030029	-0.376465	-0.202393	-1.283376	29.603283	130.153758
53167		-4.842110	-0.153842	8.568793	0.005280	0.013794	-0.003305	-1.029053	-0.378662	-0.203613	-1.280329	29.607417	130.152507
53168		-4.797082	-0.170971	8.544476	0.000290	0.009429	-0.001059	-1.026611	-0.379639	-0.198486	-1.279256	29.608732	130.152856
53169		-4.844028	-0.153757	8.567710	-0.001656	0.012185	0.001502	-1.026611	-0.379883	-0.200684	-1.278598	29.611995	130.154811
53170		-4.823572	-0.165460	8.591800	-0.004390	0.008692	-0.001302	-1.023193	-0.381348	-0.204590	-1.280281	29.612884	130.155010
53171		-4.813753	-0.141534	8.569192	-0.001326	0.010014	-0.002418	-1.025879	-0.373047	-0.201172	-1.280692	29.614847	130.154383
53172		-4.856081	-0.176984	8.564090	-0.002617	0.009919	-0.001188	-1.028564	-0.384766	-0.206299	-1.281331	29.616441	130.154638
53173		-4.824912	-0.164506	8.566088	-0.003098	0.008786	-0.002533	-1.024902	-0.382324	-0.202881	-1.282779	29.617693	130.154001
53174		-4.825636	-0.164792	8.565674	-0.001480	0.008199	-0.001174	-1.030273	-0.387207	-0.200928	-1.282749	29.618301	130.154292
53175		-4.846496	-0.211698	8.585236	-0.001806	0.008880	-0.003764	-1.016113	-0.381348	-0.203857	-1.283857	29.619581	130.152733
53176		-4.848257	-0.153919	8.540331	-0.001306	0.004215	-0.003849	-1.021240	-0.385010	-0.196289	-1.284569	29.617873	130.151319
53177		-4.838046	-0.190030	8.586794	-0.003578	0.007652	-0.003879	-1.025879	-0.381836	-0.200439	-1.286718	29.618440	130.149682
53178		-4.796023	-0.153212	8.566795	-0.002602	0.005606	0.003889	-1.036621	-0.381348	-0.200195	-1.285664	29.617629	130.153348
53179		-4.841437	-0.134295	8.565919	-0.002441	0.005933	-0.003865	-1.022461	-0.381104	-0.209229	-1.287135	29.617201	130.151887
53180		-4.806597	-0.176254	8.564008	-0.003577	0.007652	-0.003880	-1.021973	-0.386963	-0.209961	-1.289183	29.617462	130.150403
53181		-4.820200	-0.144825	8.565512	-0.004869	0.007556	-0.002650	-1.027344	-0.385498	-0.201416	-1.291666	29.617988	130.149634
53182		-4.852659	-0.158091	8.562746	-0.002596	0.004119	-0.002620	-1.029541	-0.382324	-0.204102	-1.292717	29.616241	130.149032
53183		-4.830743	-0.168049	8.562732	-0.004388	0.008687	-0.001306	-1.024170	-0.384766	-0.202637	-1.294480	29.617411	130.149171
53184		-4.832544	-0.170328	8.586662	-0.003252	0.006968	-0.001291	-1.022217	-0.382813	-0.197021	-1.295494	29.617313	130.149403
53185		-4.841485	-0.191035	8.559837	-0.000343	0.006477	-0.001160	-1.024170	-0.384766	-0.207520	-1.294872	29.617209	130.149628
53186		-4.819547	-0.200864	8.559841	-0.003732	0.005836	-0.002636	-1.028564	-0.382813	-0.201172	-1.296591	29.616445	130.148990
53187		-4.824695	-0.148793	8.587901	-0.001959	0.007063	-0.002521	-1.019775	-0.379150	-0.197021	-1.297343	29.616660	130.148365
53188		-4.865670	-0.182320	8.558534	-0.000186	0.008290	-0.002406	-1.019775	-0.381348	-0.203857	-1.296974	29.617305	130.147842
53189		-4.811950	-0.179216	8.560940	-0.001478	0.008194	-0.001177	-1.028809	-0.376953	-0.198486	-1.297013	29.618174	130.148109
53190		-4.836304	-0.171677	8.584517	-0.000998	0.009326	0.000168	-1.026367	-0.377441	-0.203125	-1.296278	29.619445	130.149267
53191		-4.858372	-0.160355	8.559463	-0.001478	0.008194	-0.001177	-1.025879	-0.382813	-0.203857	-1.296307	29.620305	130.149697
53192		-4.837731	-0.172147	8.583704	-0.003574	0.007648	-0.003883	-1.021729	-0.384766	-0.200684	-1.298355	29.620563	130.148211
53193		-4.837112	-0.170727	8.559083	-0.001625	0.004894	-0.006442	-1.031006	-0.380859	-0.199463	-1.300166	29.619463	130.144969
53194		-4.838689	-0.172967	8.583148	-0.002114	0.005248	-0.001277	-1.029785	-0.386963	-0.202393	-1.300512	29.618380	130.145235
53195		-4.837986	-0.171316	8.558577	-0.002114	0.005248	-0.001277	-1.030518	-0.385986	-0.198486	-1.300915	29.617539	130.145466
53196		-4.830039	-0.151147	8.584855	-0.003887	0.004020	-0.001394	-1.025146	-0.391846	-0.199951	-1.302305	29.615751	130.145674
53197		-4.818671	-0.185228	8.607037	-0.000342	0.006475	-0.001162	-1.021973	-0.377441	-0.204346	-1.301666	29.615605	130.145755
53198		-4.818172	-0.183544	8.582352	-0.001800	0.008873	-0.003768	-1.029785	-0.384521	-0.193115	-1.302669	29.616566	130.144325
53199		-4.817748	-0.181856	8.557623	0.001108	0.008383	-0.003636	-1.029297	-0.386475	-0.203125	-1.302006	29.617472	130.143029
53200		-4.842403	-0.174318	8.581026	-0.001338	0.015797	-0.000996	-1.023926	-0.389893	-0.206055	-1.301894	29.622435	130.143323
53201		-4.819861	-0.182020	8.556429	0.002881	0.009610	-0.003521	-1.026367	-0.383789	-0.205322	-1.300198	29.624053	130.141880
53202		-4.865649	-0.162832	8.555282	0.000776	0.010549	0.000282	-1.022217	-0.379395	-0.205566	-1.298419	29.626027	130.143094
53203		-4.833378	-0.148104	8.533022	-0.000996	0.009321	0.000165	-1.026855	-0.380859	-0.190186	-1.297731	29.627524	130.144309
53204		-4.876611	-0.185378	8.552239	-0.002113	0.005246	-0.001280	-1.031250	-0.377441	-0.202637	-1.298076	29.626439	130.144574
53205		-4.835546	-0.150327	8.556764	0.000315	0.003625	-0.002491	-1.036621	-0.383545	-0.203857	-1.297444	29.624614	130.144175
53206		-4.833482	-0.206723	8.576861	-0.001457	0.002398	-0.002608	-1.033447	-0.380371	-0.197754	-1.297825	29.621881	130.143607
53207		-4.838489	-0.154667	8.605040	-0.005020	0.005735	-0.001414	-1.025391	-0.378662	-0.203857	-1.299919	29.621284	130.143836
53208		-4.783470	-0.149985	8.583282	-0.003569	0.007643	-0.003888	-1.020264	-0.384521	-0.206543	-1.301967	29.621539	130.142346
53209		-4.826838	-0.187442	8.602411	-0.000024	0.010097	-0.003655	-1.028320	-0.385498	-0.206543	-1.301962	29.623411	130.140937
53210		-4.818363	-0.165331	8.604047	-0.002294	0.013529	-0.003690	-1.015137	-0.381104	-0.197754	-1.303258	29.627039	130.139490
53211		-4.838587	-0.210376	8.598917	-0.001335	0.015790	-0.001000	-1.027832	-0.378906	-0.195557	-1.303178	29.632191	130.139705
53212		-4.850655	-0.174670	8.551335	0.000917	0.018147	0.000461	-1.028320	-0.384766	-0.202881	-1.301315	29.638519	130.140923
53213		-4.842599	-0.152211	8.552740	0.000281	0.015203	0.000361	-1.020264	-0.375000	-0.206787	-1.299855	29.643341	130.142124
53214		-4.851867	-0.172644	8.525662	0.001434	0.007697	-0.001048	-1.022217	-0.384521	-0.205322	-1.298111	29.643664	130.142505
53215		-4.844354	-0.152104	8.551748	-0.000515	0.010447	0.001507	-1.028076	-0.382813	-0.199707	-1.296698	29.645785	130.144546
53216		-4.855784	-0.176496	8.573416	-0.000658	0.007150	-0.003757	-1.027588	-0.385254	-0.205322	-1.297031	29.645760	130.143150
53217		-4.824191	-0.163955	8.575788	-0.001934	0.001265	-0.003955	-1.020508	-0.381592	-0.198730	-1.298138	29.642538	130.141671
53218		-4.824690	-0.164376	8.575499	-0.004221	0.010485	-0.002566	-1.024170	-0.378906	-0.201904	-1.300150	29.644438	130.141010
53219		-4.825490	-0.164685	8.575043	-0.000179	0.008280	-0.002412	-1.023193	-0.385010	-0.196533	-1.299793	29.645246	130.140484
53220		-4.827645	-0.166735	8.598816	-0.002784	0.013876	0.001469	-1.028564	-0.385498	-0.204834	-1.299691	29.649140	130.142431
53221		-4.838328	-0.189215	8.595915	0.001098	0.014163	-0.002215	-1.019043	-0.383057	-0.206543	-1.298582	29.653312	130.141856
53222		-4.829024	-0.164881	8.573050	0.000922	0.018138	0.000456	-1.030518	-0.377441	-0.202393	-1.296718	29.659635	130.143072
53223		-4.863390	-0.179430	8.594082	0.002394	0.009955	0.001641	-1.029297	-0.385986	-0.205566	-1.293573	29.661448	130.145255
53224		-4.831381	-0.164831	8.571722	-0.004554	0.016948	-0.003737	-1.023926	-0.382813	-0.195801	-1.296205	29.667034	130.143725
53225		-4.854974	-0.155582	8.570699	0.000303	0.009408	-0.001069	-1.027832	-0.381592	-0.203369	-1.295136	29.668483	130.143999
53226		-4.863872	-0.176332	8.543790	-0.005016	0.005728	-0.001423	-1.033691	-0.388184	-0.197266	-1.297195	29.667673	130.144162
53227		-4.833572	-0.165815	8.570468	-0.002587	0.004109	-0.002631	-1.022705	-0.393555	-0.203857	-1.298246	29.666061	130.143521
53228		-4.812776	-0.177765	8.594902	-0.005333	0.006408	-0.004015	-1.031006	-0.379639	-0.195557	-1.301337	29.665606	130.141965
53229		-4.826469	-0.146271	8.596347	-0.001309	0.009991	-0.002434	-1.029053	-0.385986	-0.203369	-1.301637	29.667359	130.141276
53230		-4.769470	-0.197547	8.594755	-0.001149	0.011800	-0.003681	-1.025879	-0.385742	-0.203857	-1.302262	29.669998	130.139860
53231		-4.794660	-0.189988	8.617843	0.001725	0.022881	-0.000697	-1.024414	-0.378174	-0.201904	-1.300349	29.679155	130.140204
53232		-4.795794	-0.187724	8.592220	0.005734	0.032245	0.002306	-1.030518	-0.384766	-0.200684	-1.295228	29.693583	130.142430
53233		-4.829404	-0.198162	8.563644	0.003469	0.035667	0.002261	-1.025146	-0.387451	-0.206787	-1.291434	29.710084	130.144665
53234		-4.844128	-0.163613	8.539493	0.008308	0.033910	0.006355	-1.024170	-0.377930	-0.200195	-1.283523	29.725517	130.149540
53235		-4.878943	-0.175619	8.535207	0.004927	0.033263	0.004866	-1.028564	-0.389648	-0.201904	-1.278025	29.740674	130.153460
53236		-4.913428	-0.187915	8.531085	0.003172	0.026253	0.003324	-1.023926	-0.385010	-0.215820	-1.273988	29.751681	130.156453
53237		-4.897636	-0.144665	8.558815	0.002548	0.017532	0.001806	-1.018311	-0.378662	-0.200439	-1.270745	29.757798	130.158481
53238		-4.886626	-0.118369	8.511864	-0.000329	0.006459	-0.001174	-1.027588	-0.385498	-0.204346	-1.270042	29.757410	130.158798
53239		-4.875314	-0.152475	8.534130	-0.003058	0.002976	-0.003982	-1.023438	-0.377441	-0.206787	-1.271782	29.755099	130.157336
53240		-4.875357	-0.152962	8.534096	-0.005158	-0.001866	-0.001605	-1.026367	-0.386475	-0.203369	-1.273927	29.749937	130.157490
53241		-4.853815	-0.165140	8.559033	-0.007068	-0.006383	-0.006984	-1.025879	-0.372070	-0.205078	-1.278874	29.742231	130.154226
53242		-4.820034	-0.151387	8.537717	-0.009660	-0.006576	-0.004533	-1.025391	-0.379883	-0.196289	-1.284521	29.734334	130.152519
53243		-4.831621	-0.178575	8.584306	-0.007723	-0.003542	-0.005662	-1.020996	-0.384277	-0.211426	-1.289416	29.728256	130.150264
53244		-4.809036	-0.189100	8.584785	-0.009512	0.001012	-0.004361	-1.015869	-0.383057	-0.201416	-1.294977	29.724707	130.148560
53245		-4.829257	-0.176553	8.535547	-0.004029	0.006497	-0.005251	-1.020508	-0.381104	-0.208984	-1.297713	29.724393	130.146080
53246		-4.799520	-0.166198	8.562019	-0.005996	0.015021	-0.001282	-1.025146	-0.373779	-0.200684	-1.300357	29.728908	130.146197
53247		-4.812972	-0.192905	8.607564	-0.002763	0.018150	-0.003637	-1.021484	-0.379639	-0.208984	-1.301911	29.735276	130.144882
53248		-4.856121	-0.228581	8.601600	-0.003254	0.022798	-0.003563	-1.029297	-0.378662	-0.203857	-1.303787	29.744216	130.143377
53249		-4.860474	-0.172381	8.580190	0.001876	0.026146	0.004551	-1.024414	-0.386963	-0.201416	-1.300068	29.755263	130.147296
53250		-4.861427	-0.170036	8.554616	0.004471	0.026335	0.002098	-1.028320	-0.376465	-0.206787	-1.295691	29.766303	130.149475
53251		-4.873020	-0.191972	8.551144	0.003832	0.023396	0.001999	-1.018555	-0.380127	-0.203369	-1.291662	29.775729	130.151644
53252		-4.889220	-0.161554	8.576190	0.003192	0.020457	0.001901	-1.027832	-0.375732	-0.206543	-1.288037	29.783399	130.153782
53253		-4.865642	-0.167073	8.527186	0.000301	0.015166	0.000338	-1.022705	-0.384766	-0.203857	-1.286510	29.788090	130.155073
53254		-4.890429	-0.159486	8.550446	-0.000161	0.008262	-0.002425	-1.025391	-0.377686	-0.203369	-1.286134	29.788719	130.154538
53255		-4.868760	-0.169078	8.550464	-0.000504	0.010422	0.001490	-1.023926	-0.378906	-0.204346	-1.284655	29.790701	130.156531
53256		-4.870715	-0.171070	8.574407	0.001315	0.004390	-0.006316	-1.030518	-0.386475	-0.201904	-1.284681	29.789061	130.153484
53257		-4.878328	-0.249321	8.592160	0.011299	0.004508	-0.000600	-1.022461	-0.383301	-0.207031	-1.277078	29.787623	130.154176
53258		-4.819010	-0.168408	8.601200	0.009828	0.018446	-0.000385	-1.027100	-0.385742	-0.212158	-1.270384	29.794111	130.154838
53259		-4.894840	-0.157471	8.547959	0.011603	0.019668	-0.000267	-1.029785	-0.380127	-0.205078	-1.262621	29.801373	130.155470
53260		-4.883438	-0.188376	8.545278	0.012737	0.017955	-0.000244	-1.028076	-0.382568	-0.212158	-1.254210	29.807582	130.156234
53261		-4.864562	-0.140801	8.524746	0.010011	0.014473	-0.003054	-1.024902	-0.379883	-0.205078	-1.248223	29.811825	130.155303
53262		-4.835440	-0.129231	8.551001	0.009212	0.019794	-0.005580	-1.027588	-0.383545	-0.204590	-1.243595	29.819021	130.152519
53263		-4.868818	-0.141758	8.547406	0.005022	0.014410	-0.005915	-1.025635	-0.390137	-0.209229	-1.241399	29.823177	130.149612
53264		-4.857118	-0.173724	8.544895	0.000984	0.016606	-0.006088	-1.030518	-0.389648	-0.208008	-1.241629	29.828540	130.146539
53265		-4.880996	-0.164402	8.543576	0.000985	0.016605	-0.006089	-1.028320	-0.378906	-0.200684	-1.241832	29.833958	130.143163
53266		-4.880921	-0.162470	8.518538	0.005334	0.013730	-0.003323	-1.033691	-0.382324	-0.200928	-1.238642	29.837708	130.141956
53267		-4.873896	-0.141854	8.544510	0.000487	0.011187	-0.002339	-1.024170	-0.385010	-0.201416	-1.237828	29.840038	130.141604
53268		-4.852259	-0.151437	8.544558	0.002442	0.008444	-0.004882	-1.026367	-0.388672	-0.208496	-1.236770	29.840741	130.139443
53269		-4.862340	-0.173865	8.541922	0.000976	0.006543	-0.002407	-1.031250	-0.394775	-0.202881	-1.235683	29.840425	130.138721
53270		-4.854820	-0.153391	8.568183	0.000977	0.006543	-0.002408	-1.025879	-0.375977	-0.205322	-1.234638	29.840070	130.138222
53271		-4.855420	-0.153423	8.567842	-0.001145	0.007480	0.001385	-1.022949	-0.384277	-0.212891	-1.233518	29.840329	130.140149
53272		-4.853288	-0.149828	8.518885	-0.003228	0.006934	-0.001331	-1.023926	-0.390625	-0.203857	-1.234530	29.840210	130.140355
53273		-4.877676	-0.142325	8.542345	-0.000013	0.005770	0.001411	-1.024414	-0.375000	-0.200928	-1.232750	29.839504	130.142196
53274		-4.867153	-0.118181	8.520148	-0.001916	0.001258	-0.003966	-1.026855	-0.383057	-0.208252	-1.233837	29.836102	130.140742
53275		-4.876615	-0.141220	8.517849	-0.008371	-0.000702	-0.004354	-1.024658	-0.382324	-0.200439	-1.238665	29.831600	130.139311
53276		-4.867127	-0.119874	8.520139	-0.011277	-0.000217	-0.004502	-1.024414	-0.378662	-0.197510	-1.245280	29.827346	130.137526
53277		-4.856553	-0.156963	8.567136	-0.013346	-0.006535	-0.008630	-1.027588	-0.385254	-0.197754	-1.254313	29.819431	130.133193
53278		-4.832058	-0.166100	8.543699	-0.012213	-0.008245	-0.008604	-1.030029	-0.382568	-0.204346	-1.262752	29.810526	130.128817
53279		-4.874111	-0.204687	8.563253	-0.011737	-0.007118	-0.007261	-1.022461	-0.382324	-0.209717	-1.270410	29.802295	130.125324
53280		-4.843244	-0.194987	8.590520	-0.011275	-0.000220	-0.004503	-1.018066	-0.383057	-0.203857	-1.277022	29.798039	130.123541
53281		-4.874966	-0.208775	8.587795	-0.003508	-0.003932	-0.006751	-1.030518	-0.383789	-0.207275	-1.279834	29.791659	130.120315
53282		-4.843029	-0.196281	8.590612	-0.000965	0.003514	-0.001276	-1.026123	-0.373535	-0.201904	-1.279508	29.789583	130.120607
53283		-4.863091	-0.182907	8.541306	0.002416	0.004158	0.000216	-1.024170	-0.380371	-0.201904	-1.276685	29.787907	130.122158
53284		-4.862120	-0.180754	8.516781	0.001592	0.005190	0.002785	-1.024170	-0.371338	-0.200684	-1.273574	29.786843	130.125106
53285		-4.878285	-0.152304	8.566944	0.004023	0.003577	0.001587	-1.031494	-0.382324	-0.207275	-1.269374	29.784842	130.127570
53286		-4.857646	-0.163356	8.591513	0.004357	0.007187	-0.000913	-1.024414	-0.388184	-0.200928	-1.265906	29.784874	130.128048
53287		-4.866168	-0.183474	8.564666	0.004023	0.003576	0.001587	-1.025635	-0.389893	-0.204834	-1.261719	29.782876	130.130137
53288		-4.899706	-0.197968	8.586013	-0.000348	0.002160	0.003914	-1.020996	-0.384033	-0.209961	-1.259328	29.780090	130.133874
53289		-4.855809	-0.158614	8.542410	0.004847	0.002544	-0.000982	-1.029053	-0.380371	-0.213135	-1.255515	29.777478	130.134169
53290		-4.870328	-0.128466	8.568418	-0.002598	-0.000192	0.002448	-1.028320	-0.381348	-0.201172	-1.254877	29.773326	130.136971
53291		-4.857206	-0.160416	8.566702	-0.000167	-0.001805	0.001250	-1.021729	-0.382324	-0.203125	-1.253153	29.768244	130.139200
53292		-4.856829	-0.160505	8.566914	-0.001760	-0.006994	-0.001534	-1.028076	-0.382813	-0.201416	-1.253292	29.760145	130.139473
53293		-4.832500	-0.168342	8.543405	-0.002416	-0.004157	-0.000216	-1.031250	-0.381104	-0.201660	-1.253319	29.753679	130.140566
53294		-4.856162	-0.160913	8.567284	-0.003896	-0.000288	0.003671	-1.026367	-0.373535	-0.204834	-1.253025	29.749487	130.144177
53295		-4.841593	-0.191164	8.541300	-0.001426	-0.003384	-0.004035	-1.024658	-0.387451	-0.213135	-1.253728	29.743414	130.143073
53296		-4.823990	-0.148660	8.570235	-0.004513	0.001066	-0.001519	-1.033936	-0.382813	-0.208008	-1.255497	29.739932	130.143240
53297		-4.843128	-0.193580	8.565498	0.000294	0.005093	0.004009	-1.027344	-0.383057	-0.207764	-1.252665	29.738836	130.146983
53298		-4.832766	-0.169002	8.543242	0.002891	0.005285	0.001561	-1.029297	-0.379883	-0.201904	-1.249214	29.737810	130.149121
53299		-4.866628	-0.183485	8.564405	0.000936	0.008026	0.004103	-1.028076	-0.381348	-0.203369	-1.245990	29.738369	130.152998
53300		-4.825976	-0.147905	8.569130	0.002235	0.008122	0.002879	-1.016357	-0.384766	-0.197510	-1.242504	29.738984	130.155964
53301		-4.880960	-0.151057	8.565442	-0.000014	0.005770	0.001413	-1.032471	-0.380371	-0.206299	-1.240690	29.738200	130.157851
53302		-4.835077	-0.168184	8.541950	-0.000489	0.004642	0.000068	-1.024414	-0.377441	-0.195313	-1.239660	29.736786	130.159013
53303		-4.881675	-0.151137	8.565033	-0.002430	0.001613	0.001197	-1.029053	-0.382813	-0.200928	-1.239257	29.733615	130.161173
53304		-4.849851	-0.138492	8.567807	-0.004205	0.000389	0.001075	-1.029785	-0.383545	-0.207520	-1.239997	29.729778	130.163060
53305		-4.857974	-0.159314	8.541166	-0.001915	0.001258	-0.003967	-1.028076	-0.384766	-0.209961	-1.240994	29.726351	130.161625
53306		-4.836953	-0.171079	8.565953	-0.004205	0.000389	0.001075	-1.016846	-0.386963	-0.210938	-1.241733	29.722513	130.163511
53307		-4.847130	-0.135673	8.519165	-0.004847	-0.002544	0.000981	-1.030273	-0.385254	-0.205811	-1.242784	29.716995	130.165180
53308		-4.860406	-0.164252	8.589934	-0.004498	-0.004703	-0.002933	-1.021973	-0.382568	-0.202881	-1.244967	29.710190	130.164496
53309		-4.834659	-0.170610	8.542139	-0.006747	-0.007056	-0.004400	-1.026123	-0.391602	-0.201904	-1.248812	29.701990	130.162826
53310		-4.836983	-0.175146	8.590971	-0.005630	-0.002995	-0.002960	-1.030273	-0.386719	-0.201416	-1.251663	29.696164	130.162100
53311		-4.815475	-0.187138	8.616016	-0.004665	-0.006509	-0.001684	-1.026123	-0.379639	-0.210938	-1.253434	29.688294	130.161956
53312		-4.834884	-0.174437	8.567053	-0.005770	-0.000513	-0.006805	-1.025146	-0.380127	-0.208740	-1.257639	29.683841	130.158659
53313		-4.836384	-0.176839	8.591274	-0.000965	0.003514	-0.001276	-1.023926	-0.385254	-0.205566	-1.257224	29.681749	130.159222
53314		-4.814184	-0.186401	8.591642	0.000642	0.002933	0.000095	-1.019775	-0.377197	-0.205322	-1.255526	29.679357	130.160426
53315		-4.834298	-0.173083	8.542293	-0.001621	0.006350	0.000042	-1.024170	-0.379639	-0.198730	-1.255077	29.678883	130.161607
53316		-4.858645	-0.165697	8.565785	-0.003395	0.005126	-0.000079	-1.022705	-0.389160	-0.198975	-1.255764	29.677745	130.162664
53317		-4.858941	-0.165868	8.565614	0.000167	0.001805	-0.001250	-1.031982	-0.387451	-0.196045	-1.254674	29.674619	130.162840
53318		-4.835107	-0.173570	8.541826	-0.001774	-0.001224	-0.000122	-1.023682	-0.378174	-0.203857	-1.254402	29.669843	130.163961
53319		-4.690872	-0.139623	8.650686	-0.004667	0.009316	-0.003951	-1.029785	-0.388184	-0.203613	-1.257009	29.670988	130.162457
53320		-4.693819	-0.140334	8.649076	-0.012027	0.058812	0.004437	-1.025391	-0.382080	-0.199219	-1.261553	29.700660	130.165714
53321		-4.721373	-0.247716	8.733902	-0.016029	0.094576	0.023073	-1.027344	-0.382324	-0.199219	-1.262450	29.750970	130.180664
53322		-4.741362	-0.209906	8.656673	-0.022001	0.161823	0.051255	-1.021240	-0.382080	-0.204834	-1.258089	29.840238	130.213332
53323		-5.087351	-0.187373	8.507724	-0.022955	0.162390	0.061482	-1.026123	-0.376465	-0.211182	-1.250749	29.929850	130.252781
53324		-5.072538	-0.365565	8.585942	-0.006527	0.121254	0.069318	-1.024170	-0.377197	-0.208984	-1.231139	29.996094	130.298063
53325		-5.303017	-0.261995	8.525507	0.010966	0.084219	0.078643	-1.024902	-0.384766	-0.209229	-1.198003	30.041150	130.350413
53326		-5.321388	-0.237208	8.401250	0.033708	-0.001317	0.058920	-1.024658	-0.382324	-0.204102	-1.157838	30.037014	130.390600
53327		-5.240482	-0.167096	8.486810	0.039714	-0.065220	0.036060	-1.027832	-0.371338	-0.195068	-1.121329	29.995933	130.416188
53328		-5.203102	-0.349418	8.380870	0.050291	-0.125965	0.009614	-1.028809	-0.380371	-0.210205	-1.087217	29.919804	130.425325
53329		-4.956622	-0.407775	8.545223	0.070344	-0.159972	-0.039159	-1.026855	-0.376709	-0.206299	-1.057414	29.823630	130.402838
53330		-5.092122	-0.481526	8.906523	0.104704	-0.164656	-0.042628	-1.031494	-0.374023	-0.201904	-1.009108	29.724787	130.377830
53331		-5.402662	-0.923712	8.961257	0.158450	-0.195215	-0.040440	-1.028076	-0.379395	-0.208984	-0.929092	29.608477	130.354866
53332		-5.602472	-0.689793	8.783095	0.228215	-0.261523	-0.040869	-1.026855	-0.383789	-0.198242	-0.809009	29.454217	130.331719
53333		-4.852500	-0.037789	8.713389	0.243454	-0.349367	-0.038324	-1.028076	-0.376465	-0.193848	-0.679176	29.249759	130.310623
53334		-5.168850	0.179355	9.070361	0.255825	-0.366046	-0.012761	-1.023193	-0.387451	-0.181396	-0.534156	29.035880	130.305919
53335		-5.456745	-0.371850	9.037572	0.290239	-0.426699	0.027081	-1.021729	-0.387207	-0.184326	-0.356997	28.787464	130.326831
53336		-5.093697	-0.465194	8.872610	0.293798	-0.475894	0.038323	-1.022217	-0.383057	-0.182373	-0.174718	28.510811	130.354385
53337		-4.984904	0.033840	9.002383	0.311883	-0.485838	0.074017	-1.023926	-0.376709	-0.182617	0.028207	28.228530	130.403704
53338		-4.639239	0.392269	8.614134	0.316921	-0.500373	0.092187	-1.025635	-0.386475	-0.170166	0.238845	27.937618	130.463867
53339		-4.365448	0.468730	8.863927	0.294885	-0.473163	0.097320	-1.018066	-0.385498	-0.158447	0.437484	27.662279	130.526139
53340		-4.575321	0.220125	8.668004	0.267897	-0.473542	0.099377	-1.017090	-0.386963	-0.161621	0.620546	27.386342	130.588533
53341		-4.494616	0.278540	8.813025	0.293248	-0.465479	0.112080	-1.022217	-0.383057	-0.153809	0.821041	27.114856	130.657568
53342		-4.657193	-0.100076	8.690302	0.299324	-0.487036	0.126233	-1.020996	-0.377686	-0.142578	1.028231	26.830565	130.734637
53343		-4.053631	0.067330	8.575511	0.316909	-0.456725	0.122168	-1.024658	-0.375244	-0.148193	1.243539	26.563509	130.808121
53344		-3.879661	0.412329	8.605409	0.304130	-0.414020	0.137255	-1.018066	-0.381104	-0.136230	1.455266	26.320392	130.890628
53345		-3.829723	0.359556	8.543060	0.297609	-0.376508	0.136995	-1.014404	-0.375732	-0.142090	1.662650	26.098538	130.972462
53346		-3.633791	0.344790	8.503997	0.284082	-0.310345	0.128318	-1.019531	-0.373535	-0.131104	1.859733	25.914426	131.049050
53347		-3.240300	0.614509	8.346586	0.264136	-0.234360	0.125112	-1.027100	-0.375488	-0.126465	2.044682	25.773656	131.124460
53348		-3.195468	0.946971	8.310553	0.214091	-0.133751	0.110768	-1.020752	-0.376953	-0.121582	2.197660	25.690599	131.192588
53349		-3.326081	0.893619	8.311006	0.159036	-0.039145	0.087475	-1.018799	-0.374023	-0.128418	2.313596	25.662012	131.248061
53350		-3.424198	0.923355	8.408443	0.126586	0.056266	0.090072	-1.020752	-0.371338	-0.133057	2.412656	25.687964	131.307601
53351		-3.962640	0.442804	8.837069	0.108010	0.116619	0.075387	-1.024658	-0.373047	-0.129883	2.497922	25.748608	131.359575
53352		-4.149508	-0.001163	8.847305	0.104798	0.125541	0.072828	-1.013916	-0.372803	-0.119629	2.580741	25.814486	131.410248
53353		-3.893723	0.373477	8.823040	0.113682	0.159384	0.080899	-1.030762	-0.378906	-0.126953	2.671540	25.899304	131.467227
53354		-4.018269	0.383707	8.694243	0.099180	0.185775	0.073292	-1.014648	-0.368408	-0.137207	2.752325	25.999504	131.520304
53355		-3.529680	0.279354	8.413187	0.095291	0.247414	0.066038	-1.025635	-0.365723	-0.135010	2.829975	26.134942	131.570921
53356		-3.492783	0.897991	8.633533	0.052740	0.351021	0.052341	-1.024658	-0.361572	-0.132813	2.880985	26.330182	131.616299
53357		-4.301696	0.364691	8.826402	0.025273	0.401606	0.036672	-1.022705	-0.366943	-0.140137	2.912893	26.554561	131.653587
53358		-4.694829	-0.011012	8.969989	0.002215	0.403759	0.016676	-1.034180	-0.370605	-0.136230	2.925972	26.780974	131.678266
53359		-4.341416	0.082062	8.932992	-0.007455	0.410860	0.010931	-1.023438	-0.367432	-0.145752	2.932159	27.011390	131.699617
53360		-3.618578	0.644318	9.010395	-0.056958	0.475642	0.004772	-1.030029	-0.375000	-0.148438	2.909152	27.279282	131.719109
53361		-3.133573	1.225050	8.990431	-0.147883	0.604812	-0.012686	-1.022461	-0.359375	-0.160889	2.830846	27.621333	131.731332
53362		-2.657536	1.575498	9.067895	-0.271944	0.805161	-0.029358	-1.025635	-0.377197	-0.156250	2.678996	28.078796	131.738245
53363		-2.549708	0.762877	9.695900	-0.362178	1.042211	-0.033257	-1.023438	-0.372559	-0.175049	2.477021	28.671630	131.748072
53364		-3.073913	-0.357773	10.398804	-0.308623	1.329961	-0.137185	-1.021973	-0.374023	-0.188721	2.275275	29.432115	131.695253
53365		-3.715827	-1.755749	11.992002	0.008798	1.635388	-0.156753	-1.019287	-0.369141	-0.202637	2.251318	30.367162	131.635370
53366		-3.618668	-3.594155	13.255398	0.698159	1.836592	-0.178452	-1.018066	-0.373291	-0.213867	2.618161	31.418713	131.569313
53367		-1.607974	-4.172081	13.465223	1.456499	2.123566	-0.417137	-1.012695	-0.374512	-0.229004	3.343983	32.641087	131.363191
53368		-1.174897	-2.624854	15.555304	2.159638	2.439355	-1.007400	-0.991943	-0.389404	-0.241211	4.264526	34.069788	130.785527
53369		-1.791022	2.058288	15.587720	2.599353	2.560993	-1.531147	-0.975098	-0.416504	-0.238770	5.230629	35.598845	129.868877
53370		-0.818143	6.922187	16.534265	2.657386	2.479845	-1.755391	-0.961426	-0.446533	-0.236084	6.121209	37.108037	128.801381
53371		1.986918	11.344383	19.892911	2.020432	2.152023	-2.081957	-0.947998	-0.463135	-0.240234	6.465399	38.457849	127.472596
53372		4.603212	15.230310	20.652980	0.648109	1.621437	-2.218690	-0.930908	-0.485840	-0.234131	5.895864	39.514225	125.975993
53373		3.445470	14.451249	18.608610	-0.669915	1.271166	-1.948450	-0.905273	-0.483887	-0.226563	4.640183	40.334051	124.615152
53374		5.875534	11.458036	17.010187	-1.578490	0.638129	-1.520256	-0.895508	-0.486084	-0.205078	3.014497	40.752862	123.504464
53375		7.320584	6.803504	14.871669	-1.699444	-0.054901	-1.144121	-0.877197	-0.488037	-0.178467	1.479812	40.737843	122.641172
53376		7.913721	2.425633	14.627882	-1.152756	-0.579304	-0.790919	-0.862305	-0.469727	-0.145508	0.428080	40.409405	122.038524
53377		7.918928	1.157392	14.095794	-0.284187	-0.974841	-0.488783	-0.849854	-0.454834	-0.089355	0.032471	39.841387	121.672790
53378		7.236138	2.371326	13.548797	0.306189	-1.262185	-0.253259	-0.829102	-0.449219	-0.023193	0.089254	39.114266	121.485013
53379		5.300289	3.225208	13.463302	0.459559	-1.525056	-0.118487	-0.796387	-0.436768	0.030518	0.301132	38.228822	121.397680
53380		3.064113	2.724915	13.396962	0.404015	-1.821294	-0.080891	-0.769287	-0.423096	0.084229	0.492644	37.181542	121.331116
53381		1.068058	1.767475	12.937024	0.337141	-2.097743	-0.105287	-0.718994	-0.398682	0.145752	0.637697	35.967385	121.244610
53382		-0.616180	0.855450	12.121098	0.338399	-2.333539	-0.155860	-0.681641	-0.369629	0.204834	0.758206	34.627445	121.116339
53383		-2.705772	0.543408	11.747122	0.415935	-2.548775	-0.195370	-0.612549	-0.357422	0.250244	0.912410	33.155389	120.959006
53384		-4.623407	0.539780	11.428821	0.511848	-2.747177	-0.206726	-0.553711	-0.324463	0.282959	1.114268	31.579602	120.786869
53385		-5.809938	0.600407	11.188354	0.608633	-2.899301	-0.164882	-0.478516	-0.304932	0.302979	1.390452	29.907179	120.637583
53386		-6.439122	0.517901	10.773035	0.704279	-3.027226	-0.063593	-0.422363	-0.293701	0.314697	1.748598	28.170238	120.542535
53387		-6.575666	0.420437	9.958467	0.793692	-3.072783	0.080049	-0.352783	-0.266602	0.302246	2.200756	26.395493	120.528347
53388		-6.755907	0.273203	9.119151	0.887898	-3.025427	0.270219	-0.300781	-0.249023	0.302734	2.748743	24.652855	120.617651
53389		-6.750917	0.222700	8.329124	0.956221	-2.863214	0.495829	-0.254395	-0.239014	0.280518	3.387875	22.986081	120.833858
53390		-6.914119	0.211793	7.883437	0.978424	-2.611835	0.763832	-0.216553	-0.219238	0.255615	4.088087	21.460113	121.200935
53391		-6.939907	0.554715	7.313269	0.910209	-2.302828	1.037231	-0.178223	-0.209961	0.235596	4.800005	20.085488	121.726990
53392		-6.735394	0.795125	6.724745	0.739682	-1.979605	1.270081	-0.158936	-0.211182	0.213135	5.445407	18.886637	122.388986
53393		-6.852043	0.842841	6.637733	0.472446	-1.697128	1.419337	-0.141113	-0.201660	0.184082	5.956627	17.825512	123.141179
53394		-7.532264	0.434758	7.094079	0.202523	-1.469180	1.478377	-0.117920	-0.202881	0.165527	6.308734	16.893871	123.929863
53395		-9.104614	-0.303041	8.246653	0.009180	-1.370879	1.482669	-0.108398	-0.191406	0.135498	6.541029	16.005941	124.719575
53396		-10.288353	-1.474487	8.593738	-0.056820	-1.434344	1.457687	-0.096436	-0.190430	0.115967	6.713766	15.089030	125.482716
53397		-10.380996	-2.222627	7.820468	0.018223	-1.555018	1.412795	-0.091064	-0.182861	0.097900	6.909230	14.096651	126.205010
53398		-9.445856	-2.384469	6.571889	0.111356	-1.632632	1.325463	-0.091309	-0.194580	0.075684	7.128386	13.071239	126.863285
53399		-8.426386	-2.436809	5.911415	0.149875	-1.611439	1.187276	-0.078613	-0.188232	0.059326	7.341511	12.058672	127.436278
53400		-7.986595	-2.381717	5.854559	0.150152	-1.557943	0.984599	-0.071045	-0.178955	0.036377	7.519313	11.096388	127.889861
53401		-7.605750	-2.216836	6.090689	0.127106	-1.535239	0.744956	-0.075928	-0.182861	0.021729	7.652053	10.157812	128.202755
53402		-6.779395	-2.377720	6.062381	0.097477	-1.582719	0.509922	-0.065186	-0.193359	0.007568	7.737402	9.215840	128.373685
53403		-6.150087	-2.488833	5.863338	0.104622	-1.635383	0.297318	-0.071289	-0.189209	-0.002441	7.805769	8.254699	128.416713
53404		-6.108807	-2.181750	5.723740	0.133212	-1.613764	0.108642	-0.072754	-0.182373	-0.010254	7.874062	7.326044	128.352030
53405		-6.693740	-1.619952	5.797483	0.155197	-1.501589	-0.047443	-0.059814	-0.186279	-0.025391	7.947061	6.468443	128.206015
53406		-8.034306	-1.250847	5.806992	0.142026	-1.392649	-0.167912	-0.063965	-0.190918	-0.039551	8.007274	5.687397	127.999205
53407		-8.916201	-0.698815	5.285400	0.114096	-1.338542	-0.258035	-0.067871	-0.196045	-0.050537	8.050534	4.940104	127.744933
53408		-8.730453	-0.251655	4.546049	0.021792	-1.270436	-0.312607	-0.057129	-0.195068	-0.053223	8.041365	4.240242	127.465163
53409		-8.571935	-0.306975	3.950326	-0.059102	-1.150627	-0.348251	-0.060791	-0.191650	-0.062256	7.989025	3.607507	127.175305
53410		-8.678385	-0.791770	2.979204	-0.038902	-0.954615	-0.308571	-0.061523	-0.193848	-0.056885	7.952817	3.086164	126.924303
53411		2.556875	-3.678449	8.157522	0.673374	-0.292855	-0.327088	-0.051270	-0.188477	-0.065918	8.328920	2.939652	126.715056
53412		-13.706547	-1.555531	-8.768549	1.172590	1.099165	0.080283	-0.046143	-0.202637	-0.079102	9.009485	3.551102	126.855990
53413		-18.825267	-0.917328	-7.901503	1.036176	0.976006	0.623879	-0.047363	-0.196777	-0.081543	9.633645	4.038601	127.300509
53414		-1.115430	3.183456	-6.030815	0.589556	1.864829	0.850784	-0.041504	-0.198730	-0.075684	10.024606	5.003981	127.965502
53415		2.303597	2.275048	11.493788	0.678353	2.504439	0.479485	-0.033447	-0.190186	-0.083984	10.466838	6.361690	128.493888
53416		7.993258	5.665753	23.046585	-0.858791	3.547618	-0.396732	-0.016846	-0.186523	-0.083984	9.993281	8.398178	128.632526
53417		-5.064703	1.771965	16.559997	-1.685848	4.416762	-1.345752	-0.006592	-0.192627	-0.098877	8.969733	11.015096	128.284227
53418		-15.493400	1.944807	12.296963	-1.093584	4.319527	-0.824707	0.010742	-0.180908	-0.096680	8.323172	13.528707	128.187249
53419		-12.925781	6.960010	16.208895	-0.579459	3.731743	-0.043320	0.014648	-0.182617	-0.104736	8.065397	15.643105	128.477217
53420		-7.893334	-2.068908	13.303181	-1.007843	3.451498	-0.529454	0.027832	-0.173828	-0.110840	7.478829	17.639329	128.443028
53421		-4.638013	-6.438558	8.743443	-1.022884	3.331800	-0.878268	0.046875	-0.172852	-0.114990	6.805905	19.591170	128.167254
53422		-4.095548	4.619188	6.842943	-1.192746	3.490934	-1.172141	0.049561	-0.174072	-0.109375	5.955836	21.649398	127.692187
53423		-3.186487	13.049159	3.559897	-1.769495	3.877921	-1.861473	0.067383	-0.166748	-0.119385	4.582461	23.955143	126.762293
53424		-3.481736	12.864482	2.781904	-2.292606	4.197568	-2.628318	0.076904	-0.154053	-0.118652	2.633538	26.446123	125.269432
53425		-28.052771	-9.943109	28.043034	-2.797002	3.681358	-2.218762	0.090332	-0.158936	-0.118896	0.400657	28.583853	123.901393
53426		-28.837209	-35.757518	11.726719	-1.210367	0.163175	-0.275380	0.092285	-0.157959	-0.116943	-0.377702	28.673278	123.722727
53427		4.652906	13.118548	13.120939	-0.779538	0.266854	0.135958	0.092529	-0.152100	-0.129639	-0.781815	28.823916	123.810639
53428		-9.124016	-2.766915	8.716560	-0.437700	0.139643	-0.060110	0.101563	-0.151367	-0.119629	-1.050996	28.899282	123.771005
53429		-5.166345	-2.226098	9.158980	-0.293609	0.125084	0.038417	0.101807	-0.149658	-0.121582	-1.206623	28.968043	123.795680
53430		-4.449043	1.109114	9.243759	-0.108144	0.086031	0.046590	0.098145	-0.155518	-0.120361	-1.253079	29.013820	123.826156
53431		-4.940873	-1.604380	9.125428	-0.003503	0.198531	0.086285	0.099854	-0.153320	-0.118896	-1.227794	29.125260	123.881022
53432		-5.004395	-0.542771	8.803531	0.116002	0.245936	0.114654	0.099365	-0.145508	-0.118408	-1.124942	29.263412	123.954115
53433		-4.788174	-0.554020	8.926595	0.169940	0.281115	0.129622	0.094482	-0.147217	-0.112793	-0.986401	29.422457	124.036972
53434		-4.888237	-0.529866	8.835337	0.205514	0.319146	0.149005	0.096680	-0.144775	-0.121338	-0.820659	29.602554	124.132902
53435		-4.873140	-0.615139	8.746839	0.246660	0.345323	0.179224	0.103271	-0.145508	-0.119629	-0.621128	29.798298	124.249278
53436		-4.973972	0.057545	8.594452	0.224870	0.352334	0.193500	0.095459	-0.153564	-0.118408	-0.428310	29.997088	124.376154
53437		-4.967848	0.277057	8.583621	0.163670	0.343342	0.183589	0.099609	-0.148926	-0.122803	-0.273236	30.191047	124.497334
53438		-5.073725	0.142401	8.581747	0.119028	0.342895	0.172979	0.101563	-0.154785	-0.112305	-0.146281	30.383778	124.612381
53439		-5.125240	0.300775	8.442603	0.090044	0.337546	0.161843	0.102539	-0.149902	-0.119385	-0.039235	30.573918	124.720610
53440		-5.128963	0.308038	8.427463	0.075658	0.310857	0.142526	0.105713	-0.141113	-0.118896	0.053830	30.747918	124.816661
53441		-5.097637	0.196604	8.488028	0.069800	0.290969	0.120912	0.097168	-0.145752	-0.112061	0.136433	30.911110	124.898662
53442		-5.018879	0.222605	8.531400	0.043738	0.292529	0.112550	0.100342	-0.145508	-0.111084	0.201818	31.074425	124.975547
53443		-5.049615	0.184575	8.417415	-0.002181	0.287628	0.088664	0.104736	-0.151367	-0.111084	0.232780	31.235614	125.036645
53444		-5.244261	0.326599	8.242340	-0.054588	0.268088	0.060801	0.104736	-0.155029	-0.122803	0.224361	31.384975	125.079216
53445		-5.415853	0.224635	8.115257	-0.075193	0.222713	0.037988	0.100586	-0.150391	-0.112549	0.196029	31.509086	125.106301
53446		-5.408844	0.288938	8.108308	-0.083768	0.166895	0.006855	0.104980	-0.156006	-0.102539	0.151928	31.600597	125.112338
53447		-5.418149	0.258749	8.002636	-0.114204	0.114510	-0.034874	0.096680	-0.153320	-0.105713	0.075454	31.662861	125.090069
53448		-5.427516	0.144851	7.947017	-0.158240	0.058655	-0.097337	0.102051	-0.149658	-0.118652	-0.048306	31.692383	125.025647
53449		-5.397398	0.314333	8.002455	-0.249025	-0.007941	-0.138403	0.104736	-0.153076	-0.110352	-0.238716	31.684286	124.933549
53450		-5.341395	0.578272	7.945753	-0.346685	-0.123273	-0.141685	0.106934	-0.153564	-0.118896	-0.485779	31.609052	124.839849
53451		-5.213744	0.369482	8.061504	-0.386046	-0.218873	-0.153208	0.100098	-0.151855	-0.113037	-0.758731	31.479389	124.739598
53452		-5.009877	0.253286	8.336207	-0.412909	-0.266054	-0.157424	0.101807	-0.149658	-0.120361	-1.047547	31.321466	124.637928
53453		-4.830152	0.176534	8.486554	-0.429355	-0.260555	-0.150134	0.108887	-0.152344	-0.119141	-1.342495	31.167116	124.542190
53454		-4.896882	-0.356346	8.568655	-0.400544	-0.220713	-0.133820	0.101074	-0.143555	-0.123535	-1.614895	31.034647	124.457707
53455		-4.856663	-0.460448	8.673997	-0.351696	-0.170104	-0.114741	0.099365	-0.149658	-0.119629	-1.852722	30.931921	124.385756
53456		-4.873002	-0.682906	8.593934	-0.288146	-0.112390	-0.093112	0.103027	-0.145508	-0.121582	-2.047033	30.861684	124.327430
53457		-4.916902	-0.620167	8.645452	-0.234444	-0.058612	-0.082441	0.096924	-0.145508	-0.115967	-2.207452	30.823030	124.275175
53458		-4.783972	-0.417802	8.546114	-0.179598	-0.001517	-0.064789	0.111816	-0.145508	-0.123047	-2.331071	30.816634	124.233305
53459		-4.914808	-0.579258	8.623286	-0.131246	0.049124	-0.039310	0.106445	-0.147217	-0.118652	-2.419057	30.840458	124.207020
53460		-4.967909	-0.420404	8.599995	-0.104799	0.094902	-0.013774	0.098877	-0.144775	-0.126465	-2.483805	30.890391	124.196422
53461		-4.860347	-0.523009	8.672126	-0.064845	0.154044	0.003229	0.099854	-0.143799	-0.123535	-2.520827	30.975266	124.195368
53462		-4.928583	-0.437476	8.712419	-0.031703	0.214957	0.022434	0.103760	-0.146240	-0.130859	-2.533124	31.094821	124.205322
53463		-4.828142	-0.529852	8.730573	-0.004226	0.285581	0.039776	0.100098	-0.146729	-0.121826	-2.524807	31.255882	124.224778
53464		-4.815427	-0.698658	8.782336	0.055877	0.381966	0.048259	0.102539	-0.144775	-0.124023	-2.480363	31.471678	124.247245
53465		-4.816072	-0.940263	8.874306	0.134600	0.491312	0.076303	0.107910	-0.145996	-0.124756	-2.382393	31.751324	124.285778
53466		-4.295556	-0.973814	9.177177	0.240307	0.632578	0.093221	0.113281	-0.148193	-0.129150	-2.219092	32.111559	124.332818
53467		-4.377970	-0.777510	9.056783	0.302859	0.825911	0.125113	0.108154	-0.143799	-0.121826	-2.009991	32.583550	124.398159
53468		-4.750741	-0.717497	8.911015	0.361599	0.977588	0.150230	0.109131	-0.141846	-0.117920	-1.757700	33.142128	124.479934
53469		-4.867757	-0.801427	8.929033	0.417367	1.104153	0.191314	0.113525	-0.158203	-0.119141	-1.456653	33.773943	124.591159
53470		-4.786150	-0.712773	8.928615	0.470995	1.227190	0.225185	0.110352	-0.150879	-0.116699	-1.108608	34.475707	124.729208
53471		-4.784327	-0.672307	8.912541	0.527782	1.353608	0.257241	0.119141	-0.148438	-0.118408	-0.710945	35.249769	124.894883
53472		-4.741733	-0.563314	8.853100	0.562189	1.502753	0.282579	0.113037	-0.149902	-0.112305	-0.276473	36.108056	125.086257
53473		-4.601865	-0.655315	8.954062	0.585263	1.672395	0.302757	0.125000	-0.147217	-0.107910	0.188199	37.062538	125.302352
53474		-4.476485	-0.303344	8.989062	0.606175	1.844914	0.302914	0.123535	-0.152100	-0.109863	0.676698	38.114151	125.532579
53475		-4.628120	-0.088828	8.908767	0.617773	2.032354	0.272915	0.120361	-0.151611	-0.110352	1.172002	39.271899	125.757836
53476		-4.805901	-0.098559	8.760619	0.629503	2.242084	0.240343	0.126221	-0.160156	-0.112793	1.675986	40.548579	125.980012
53477		-4.869349	-0.033211	8.709821	0.621569	2.482135	0.223316	0.128906	-0.158203	-0.102051	2.187375	41.961407	126.214648
53478		-4.439357	0.295684	8.674205	0.593507	2.792969	0.172102	0.137451	-0.163574	-0.097900	2.682858	43.551892	126.442457
53479		-4.310425	0.242154	8.642298	0.561362	3.218404	0.121744	0.140381	-0.158447	-0.097656	3.166258	45.385521	126.672580
53480		-3.800200	0.653527	9.226256	0.504572	3.791781	0.071088	0.145996	-0.158691	-0.090820	3.635320	47.547665	126.919709
53481		-3.273535	1.485561	9.819793	0.430215	4.583196	0.012117	0.150391	-0.154785	-0.092285	4.093350	50.162481	127.199778
53482		-3.358987	2.764439	10.037697	0.362332	5.486291	-0.085602	0.164795	-0.158203	-0.075439	4.540526	53.296519	127.503816
53483		-4.620206	3.785782	10.997902	0.338506	6.415476	-0.314719	0.177734	-0.149170	-0.069336	4.912596	56.969469	127.719941
53484		-7.095947	4.367368	12.828192	0.258882	7.340579	-0.654979	0.189941	-0.168701	-0.058105	5.048111	61.187846	127.704080
53485		-13.289259	4.141381	14.861801	0.251217	8.078169	-1.064639	0.196533	-0.163086	-0.041992	4.768932	65.845743	127.230776
53486		-18.919973	3.526047	14.588273	0.306609	8.431125	-1.529853	0.214600	-0.162598	-0.035156	3.640542	70.723880	125.827475
53487		-19.861613	5.177088	15.650520	0.193260	8.547147	-1.945895	0.226074	-0.156250	-0.026367	0.676483	75.655074	122.617455
53488		-20.997704	8.882042	17.020227	-0.271774	8.384814	-2.305675	0.231201	-0.156982	-0.011719	-6.936080	80.386187	115.000909
53489		-23.984032	9.496932	20.797744	-0.790707	7.844769	-2.448036	0.256348	-0.153076	-0.007813	-27.314313	84.322305	94.911438
53490		-18.435047	6.981031	21.764011	-0.979332	6.843785	-2.577072	0.269043	-0.148926	-0.002197	-74.991221	85.749512	47.640455
53491		-14.372406	8.306073	21.534536	-1.001713	6.040121	-2.580438	0.296875	-0.141602	0.000244	-113.217599	83.932803	9.849125
53492		-6.023862	7.527895	22.872236	-0.959712	4.829335	-2.256294	0.312988	-0.135986	-0.002686	-127.294123	81.407068	-3.785263
53493		20.127359	-3.070192	6.874791	-0.682475	4.410360	-2.643485	0.330078	-0.132568	0.020264	-133.068883	78.625863	-9.251443
53494		-24.090816	2.463683	16.676516	0.254095	7.008548	-2.752452	0.352539	-0.119629	0.016846	-139.760453	74.626140	-16.275270
53495		-25.273989	-0.399474	23.798024	1.391028	3.902561	-2.229656	0.375488	-0.103027	0.024658	-140.464415	72.102219	-17.843375
53496		-21.029026	-1.980149	14.154032	2.462901	2.190542	-1.385440	0.396240	-0.102783	0.025146	-139.632377	70.634117	-18.455313
53497		-15.404088	6.199357	4.500373	2.885577	-0.801440	-0.768113	0.412354	-0.099365	0.020264	-136.152406	70.692533	-16.521901
53498		-4.784825	7.861549	12.189168	3.289661	-2.870541	-0.765124	0.431641	-0.098877	0.006592	-129.873829	71.498030	-11.878950
53499		-4.208631	7.883283	11.798230	2.767012	-3.920710	-0.492168	0.445801	-0.093994	-0.015869	-122.135417	72.604828	-5.415127
53500		-3.003969	8.702270	7.886802	2.016045	-4.425272	-0.130507	0.466309	-0.102539	-0.041992	-113.433553	73.725887	2.467145
53501		0.018568	7.989987	5.905168	1.401999	-4.553364	0.025741	0.477539	-0.097900	-0.065186	-103.882340	74.587954	11.555284
53502		1.343584	6.139962	4.517174	0.999037	-4.515701	0.229713	0.483154	-0.103760	-0.091797	-93.913858	75.121623	21.286896
53503		1.883972	4.246387	3.475135	0.750714	-4.435611	0.536426	0.492188	-0.100586	-0.124268	-83.732742	75.384436	31.364298
53504		0.834673	2.696917	3.708587	0.729529	-4.281667	0.961153	0.496582	-0.115723	-0.152588	-73.625366	75.443179	41.373932
53505		-1.425034	2.151992	4.919976	0.894221	-4.247697	1.417641	0.501465	-0.117920	-0.174561	-63.214500	75.303936	51.597790
53506		-3.388046	2.218885	6.121816	1.035837	-4.392614	1.848502	0.503418	-0.118164	-0.202881	-52.477313	74.857963	62.092455
53507		-4.912119	2.528877	6.744103	1.082363	-4.695325	2.190260	0.495605	-0.135498	-0.228760	-41.664819	73.935520	72.667469
53508		-5.485554	2.716801	6.568857	1.026601	-5.042371	2.471519	0.484131	-0.143311	-0.253662	-31.582358	72.453490	82.581483
53509		-5.593089	2.719668	5.990362	0.852067	-5.345863	2.713005	0.479248	-0.160889	-0.287598	-22.755304	70.421734	91.369705
53510		-5.628145	1.871872	5.728295	0.655313	-5.563544	2.914814	0.466553	-0.176270	-0.304443	-15.470344	67.948118	98.757726
53511		-5.616884	0.797267	5.634346	0.524143	-5.685369	3.069370	0.456055	-0.197998	-0.342773	-9.554277	65.130878	104.871383
53512		-5.849634	0.080575	5.798021	0.462462	-5.727072	3.169230	0.433105	-0.205078	-0.375244	-4.823772	62.095915	109.852970
53513		-6.421629	-0.721431	6.146978	0.461522	-5.738192	3.210192	0.425293	-0.217529	-0.402832	-0.998083	58.887626	113.937373
53514		-7.696950	-1.391945	6.889519	0.506340	-5.765125	3.186357	0.395752	-0.240479	-0.433594	2.082423	55.561962	117.253439
53515		-8.833648	-1.866501	8.002730	0.595204	-5.830472	3.112336	0.370361	-0.260986	-0.458008	4.605456	52.104812	119.948998
53516		-10.004196	-2.571554	8.561535	0.713256	-5.889658	3.004768	0.334229	-0.270264	-0.485107	6.682489	48.572620	122.113902
53517		-11.291505	-1.988856	9.478519	0.872150	-5.959181	2.894673	0.303467	-0.287598	-0.509766	8.461143	44.951313	123.862369
53518		-11.179961	-0.547240	10.596197	0.859273	-6.083932	2.818995	0.261963	-0.296631	-0.524414	9.925868	41.247778	125.283397
53519		-11.016429	0.939219	11.120872	0.569357	-6.183518	2.792180	0.221191	-0.309814	-0.541992	11.020405	37.455010	126.487955
53520		-12.017502	1.809697	11.779640	0.089238	-6.279140	2.786200	0.184570	-0.315430	-0.558594	11.684601	33.609146	127.540946
53521		-14.034387	2.051771	12.732571	-0.423460	-6.370381	2.781041	0.148682	-0.319092	-0.571533	11.947523	29.692305	128.496829
53522		-16.488844	0.984429	13.592765	-0.780783	-6.466789	2.782575	0.101074	-0.317871	-0.577393	11.917882	25.733243	129.393330
53523		-19.204486	-1.173660	13.383433	-0.827327	-6.489720	2.785325	0.055664	-0.319092	-0.587646	11.798541	21.748945	130.265706
53524		-21.485807	-3.322526	11.327001	-0.584019	-6.304622	2.681259	0.012939	-0.319824	-0.591797	11.741175	17.894974	131.081064
53525		-24.358861	-4.252891	8.066956	-0.234683	-5.854664	2.306159	-0.018799	-0.321533	-0.594238	11.785749	14.325471	131.716029
53526		-27.829515	-5.309903	4.096205	0.084386	-5.163999	1.626381	-0.051270	-0.311035	-0.591553	11.903991	11.234228	132.028494
53527		-31.136684	-6.419713	0.181621	0.366452	-4.305801	0.762207	-0.074951	-0.320557	-0.590576	12.101095	8.716367	131.941434
53528		-34.021591	-7.339411	-3.084489	0.679469	-3.395299	-0.139257	-0.084473	-0.324951	-0.591797	12.424140	6.828117	131.445802
53529		-34.971685	-7.376266	-6.620415	0.945423	-2.590305	-0.883826	-0.090576	-0.332764	-0.593750	12.879271	5.479897	130.621898
53530		-34.420342	-5.961371	-9.089196	1.074359	-1.916049	-1.511751	-0.081787	-0.337402	-0.584961	13.399163	4.603486	129.524603
53531		-24.732302	-8.429394	-8.259422	1.319738	-0.953055	-1.954916	-0.071045	-0.356934	-0.588867	14.061677	4.331051	128.303138
53532		-41.426777	-4.013352	-22.228508	1.104279	1.991324	-1.397254	-0.060059	-0.358154	-0.592529	14.652201	5.630667	127.808521
53533		-10.623866	14.149963	-18.341762	-1.548317	2.024721	-0.508819	-0.037598	-0.337646	-0.595215	13.766579	6.822055	127.810646
53534		17.298194	3.296673	21.338067	-1.619052	3.868353	-1.644042	-0.003906	-0.343018	-0.618408	12.782146	9.191303	127.398755
53535		-0.469347	5.447338	29.648447	-2.760378	5.172413	-0.971169	0.045166	-0.318848	-0.615967	11.215850	12.200615	127.472164
53536		-17.985150	-3.443045	6.275376	-3.070155	4.916445	-1.405051	0.081787	-0.291992	-0.631836	9.387118	15.111772	127.175701
53537		-11.036966	-1.199326	12.739282	-2.300481	5.117925	-1.488560	0.129395	-0.271729	-0.628662	7.950880	18.134546	126.757761
53538		-18.098570	2.140194	16.306019	-2.617406	4.809164	-2.067607	0.176025	-0.256348	-0.634277	6.153980	21.010385	125.869600
53539		-17.082884	-8.201667	11.220235	-2.028218	3.814597	-1.944742	0.205566	-0.239258	-0.622070	4.625639	23.287317	124.894623
53540		-10.485154	-5.139725	12.149663	-1.600349	3.280674	-1.621969	0.236816	-0.220703	-0.622070	3.350790	25.222949	124.021950
53541		-11.849361	-0.854629	12.271735	-1.501660	2.768277	-1.467237	0.263672	-0.210938	-0.611328	2.118424	26.844475	123.172636
53542		-16.246797	-2.669799	16.984012	-1.588935	1.960667	-1.100521	0.274658	-0.189697	-0.612305	0.897579	27.979935	122.496831
53543		-12.265295	-13.419661	12.216209	-1.347162	0.851364	-0.484543	0.283447	-0.180420	-0.618896	-0.020118	28.467515	122.187054
53544		-6.973574	0.429267	10.679576	-1.104314	0.531336	-0.083706	0.290527	-0.169189	-0.618896	-0.678763	28.767550	122.131405
53545		-6.375929	0.037099	8.734532	-0.679426	0.207537	-0.080917	0.293945	-0.167236	-0.612061	-1.094018	28.883698	122.077225
53546		-5.670863	-1.493896	8.882221	-0.547398	0.189036	-0.044658	0.285889	-0.163574	-0.620117	-1.421805	28.987337	122.046455
53547		-5.153645	0.188398	8.897689	-0.428368	0.121732	-0.045362	0.285400	-0.167969	-0.609619	-1.682183	29.054423	122.015441
53548		-5.162778	-0.660633	8.916699	-0.337040	0.101489	-0.044497	0.285645	-0.166504	-0.619141	-1.889144	29.107677	121.985431
53549		-4.640424	-0.091853	8.744825	-0.270429	0.098568	-0.028274	0.289551	-0.162109	-0.622314	-2.053655	29.161650	121.965565
53550		-4.810592	-0.423416	8.717523	-0.209230	0.113777	-0.017648	0.298340	-0.155762	-0.623779	-2.179180	29.222355	121.952482
53551		-4.832027	-0.544742	8.828543	-0.145121	0.132606	-0.012157	0.291992	-0.152344	-0.614258	-2.267320	29.296082	121.942041
53552		-4.799268	-0.232299	8.714267	-0.090957	0.157568	-0.009790	0.302734	-0.162354	-0.616211	-2.323261	29.382002	121.932729
53553		-4.984551	-0.059674	8.603552	-0.071524	0.146241	-0.008834	0.297607	-0.159912	-0.614258	-2.368465	29.463579	121.923908
53554		-5.088115	0.276426	8.359399	-0.093524	0.107059	-0.030124	0.303711	-0.147461	-0.624756	-2.431892	29.520082	121.902421
53555		-4.949148	0.248179	8.390395	-0.138031	0.047248	-0.047031	0.297363	-0.162109	-0.618896	-2.526273	29.544045	121.871092
53556		-4.846110	-0.104200	8.456113	-0.165598	0.006801	-0.046963	0.295166	-0.155518	-0.609863	-2.635115	29.542669	121.841284
53557		-4.875644	-0.494725	8.485661	-0.164878	0.000420	-0.045638	0.294189	-0.152344	-0.616943	-2.743718	29.539774	121.812247
53558		-4.842234	-0.729531	8.599373	-0.146607	0.011047	-0.031213	0.297607	-0.152100	-0.620850	-2.836634	29.541173	121.792670
53559		-4.785640	-0.887979	8.643659	-0.121576	0.033947	-0.013709	0.299805	-0.137207	-0.618896	-2.910631	29.558295	121.783533
53560		-4.844185	-0.729194	8.619765	-0.087675	0.077625	-0.001184	0.300293	-0.149414	-0.618408	-2.961155	29.598628	121.781456
53561		-4.957215	-0.675614	8.536404	-0.059169	0.096120	0.013891	0.300781	-0.144287	-0.618896	-2.991535	29.652119	121.788300
53562		-4.753742	-0.299987	8.444082	-0.049669	0.101849	0.008929	0.290771	-0.140625	-0.624023	-3.017432	29.706614	121.791987
53563		-4.892594	-0.397982	8.472871	-0.056354	0.114008	0.011150	0.292969	-0.144531	-0.621338	-3.047420	29.770259	121.796348
53564		-4.840431	-0.189028	8.434182	-0.072144	0.103143	0.004773	0.305176	-0.147705	-0.615234	-3.087604	29.825370	121.797185
53565		-4.806799	-0.310468	8.450653	-0.090797	0.117014	0.003526	0.296387	-0.148926	-0.619629	-3.139905	29.890501	121.796321
53566		-4.829203	-0.345724	8.515750	-0.099080	0.120799	0.002919	0.301025	-0.149902	-0.619385	-3.196507	29.955655	121.795179
53567		-4.872578	-0.471609	8.499860	-0.103246	0.147464	0.005153	0.306152	-0.149902	-0.612305	-3.256028	30.038245	121.794118
53568		-4.975516	-0.450728	8.436779	-0.092521	0.161196	0.013787	0.300781	-0.151855	-0.615967	-3.306117	30.126862	121.798479
53569		-4.921420	-0.557918	8.501837	-0.085784	0.176379	0.024875	0.306885	-0.142578	-0.612305	-3.349715	30.226643	121.809188
53570		-4.869632	-0.762593	8.535676	-0.065659	0.207664	0.038090	0.308594	-0.137939	-0.616211	-3.377264	30.342660	121.827699
53571		-4.929287	-0.767145	8.691841	-0.022699	0.270423	0.062098	0.309326	-0.139404	-0.614746	-3.374088	30.497482	121.859339
53572		-4.961257	-0.865619	8.694783	0.017236	0.349778	0.084284	0.308838	-0.141113	-0.619385	-3.341214	30.696333	121.903077
53573		-5.024715	-0.834578	8.797095	0.055766	0.427433	0.106106	0.310547	-0.144775	-0.612305	-3.280832	30.942370	121.958290
53574		-4.874007	-0.831944	8.867124	0.102021	0.508298	0.118573	0.312988	-0.148438	-0.609375	-3.189950	31.232929	122.019668
53575		-4.941164	-0.904471	8.760884	0.146281	0.578427	0.140081	0.315918	-0.144043	-0.609619	-3.067627	31.566225	122.093344
53576		-4.985323	-0.972468	8.876180	0.225206	0.645536	0.146123	0.331055	-0.156738	-0.611084	-2.897312	31.935896	122.170391
53577		-4.200913	-0.916465	9.095933	0.338165	0.749152	0.161603	0.315674	-0.153076	-0.599854	-2.657912	32.367055	122.255979
53578		-4.353703	-0.565401	8.945125	0.392682	0.916454	0.187293	0.341797	-0.150146	-0.595703	-2.377596	32.892294	122.357217
53579		-4.940770	-0.423695	8.813663	0.440003	1.045908	0.204753	0.334473	-0.158691	-0.597900	-2.063435	33.493461	122.470407
53580		-4.922674	-0.229702	8.783330	0.468762	1.158295	0.211336	0.346191	-0.161865	-0.586426	-1.727009	34.156687	122.590958
53581		-4.516558	-0.470511	8.996179	0.503784	1.307490	0.204194	0.356934	-0.163086	-0.578125	-1.371264	34.906435	122.709131
53582		-4.303644	-0.760498	9.208919	0.553158	1.519282	0.196478	0.363037	-0.170898	-0.579590	-0.985744	35.774967	122.826412
53583		-4.353107	-0.889347	9.257118	0.603126	1.760568	0.197675	0.376709	-0.175781	-0.569336	-0.566566	36.782689	122.950636
53584		-4.364676	-1.016652	9.111649	0.655901	2.008855	0.206774	0.382813	-0.182373	-0.565430	-0.103982	37.930253	123.092415
53585		-4.475011	-1.118955	8.992323	0.733552	2.257944	0.215025	0.400635	-0.175537	-0.540527	0.417814	39.220951	123.255064
53586		-4.546623	-0.902625	8.903981	0.826598	2.500726	0.235057	0.425537	-0.182129	-0.540527	1.020724	40.647841	123.455300
53587		-4.220546	-0.603176	8.898420	0.891174	2.817886	0.227189	0.436279	-0.192627	-0.523926	1.680138	42.255959	123.679989
53588		-3.776157	-0.318760	9.230354	0.898601	3.232975	0.203584	0.446777	-0.194824	-0.503418	2.367299	44.098907	123.930622
53589		-3.056265	0.481435	10.232348	0.858965	3.867347	0.128313	0.479004	-0.197754	-0.486572	3.038787	46.305582	124.183189
53590		-2.214108	2.343480	10.996859	0.682344	4.747501	0.011129	0.500732	-0.210938	-0.451416	3.611492	49.016600	124.427909
53591		-2.162741	4.470412	11.655259	0.427237	5.874701	-0.160211	0.537109	-0.203369	-0.429443	4.018192	52.377396	124.636760
53592		-3.664790	4.807432	12.672281	0.233153	7.138081	-0.360686	0.571777	-0.199463	-0.392334	4.278991	56.467292	124.792097
53593		-8.401801	4.037393	14.700167	0.174619	8.279496	-0.679393	0.601318	-0.193359	-0.334473	4.326450	61.222304	124.730077
53594		-18.535782	4.371924	17.507409	0.286502	8.844312	-1.188266	0.646973	-0.181152	-0.279541	3.846946	66.321289	124.012314
53595		-21.438554	5.185852	15.927169	0.120494	8.818567	-1.767666	0.679199	-0.177734	-0.215088	1.962137	71.414177	121.918906
53596		-21.453365	7.163687	16.969973	-0.300895	8.581742	-2.124918	0.704102	-0.160400	-0.170654	-2.499478	76.324917	117.457532
53597		-22.193213	9.508239	18.909384	-0.875603	8.083182	-2.260597	0.725830	-0.140381	-0.099121	-12.282168	80.760028	107.995088
53598		-19.505585	7.360300	21.777958	-1.282160	7.154848	-2.340408	0.755371	-0.119629	-0.060059	-34.577492	84.043423	86.256252
53599		-14.545617	7.086513	20.492797	-1.354389	6.283081	-2.354733	0.778809	-0.101807	-0.009033	-75.126186	85.071625	46.318280
53600		-5.700312	6.515961	21.700528	-1.239067	5.453913	-1.966759	0.802734	-0.082275	0.030518	-108.003927	83.811263	14.007719
53601		12.309490	-3.123623	13.210103	-0.780401	4.369390	-2.027927	0.814941	-0.068848	0.077148	-122.346603	81.685926	0.002311
53602		-8.650326	0.238666	11.009825	0.233687	6.923994	-2.426212	0.840576	-0.041504	0.135254	-134.774340	78.107409	-12.750201
53603		-23.992263	0.980280	24.485313	1.285125	4.713154	-2.136009	0.869385	-0.021729	0.191162	-138.135319	75.315197	-16.960776
53604		-15.385984	-1.351614	19.477120	2.378693	3.084466	-1.592975	0.892822	-0.002197	0.197510	-138.525301	73.391762	-18.781742
53605		-13.359519	3.523114	10.454179	2.832368	1.463088	-0.820153	0.926025	0.015381	0.208984	-137.566699	72.466765	-19.478930
53606		-8.723246	8.751385	4.315907	2.756753	-1.174541	-0.503762	0.967773	0.025635	0.182129	-133.819129	72.750367	-17.207830
53607		-2.884652	8.006428	12.740056	2.828723	-2.997444	-0.495433	1.016602	0.035400	0.136719	-127.231966	73.664562	-12.023349
53608		-3.891547	8.103104	11.700929	2.099227	-4.034529	-0.112492	1.054443	0.025391	0.060303	-119.013131	74.879123	-4.736437
53609		-3.124277	8.926833	8.449981	1.240598	-4.654455	0.267008	1.101563	0.021240	-0.014160	-109.066771	76.121358	4.797752
53610		-1.306978	7.447086	6.351746	0.543819	-4.913422	0.439518	1.123779	-0.005371	-0.123779	-97.485596	77.019303	16.380863
53611		0.351319	5.507908	4.587041	0.084454	-5.063771	0.632453	1.127441	-0.029297	-0.226318	-84.561528	77.443478	29.576367
53612		1.032766	3.628215	3.570944	-0.174858	-5.072436	0.850201	1.116211	-0.072510	-0.328857	-71.461148	77.315483	43.100045
53613		0.224193	2.647814	3.868320	-0.231060	-4.999742	1.103006	1.073242	-0.108887	-0.431885	-59.068055	76.686474	55.947815
53614		-0.808486	2.097772	5.184412	-0.198975	-4.965734	1.365319	1.030273	-0.145020	-0.517334	-47.978406	75.617063	67.483412
53615		-1.547958	1.857581	5.808431	-0.163767	-4.953950	1.611763	0.960449	-0.181396	-0.588867	-38.307398	74.164272	77.590653
53616		-2.588858	1.175252	6.153780	-0.044795	-4.929319	1.849771	0.878906	-0.227783	-0.635254	-30.104305	72.416687	86.179106
53617		-4.242533	0.055327	6.516399	0.192950	-4.974440	2.087413	0.810303	-0.252197	-0.674316	-22.977750	70.384364	93.574486
53618		-5.908004	-0.724677	6.769019	0.494096	-5.148999	2.319283	0.727295	-0.287598	-0.688721	-16.748649	68.054257	99.931220
53619		-7.250023	-0.978587	7.356808	0.758864	-5.436694	2.511759	0.663574	-0.310547	-0.696289	-11.285146	65.361450	105.398631
53620		-8.263098	-0.684793	8.179827	0.934683	-5.799644	2.638693	0.604492	-0.334229	-0.697754	-6.649375	62.308603	109.963886
53621		-9.074904	-0.102149	9.015714	0.973282	-6.124295	2.676309	0.561035	-0.358154	-0.715576	-2.842400	58.918649	113.685505
53622		-9.772485	0.519819	9.640185	0.872052	-6.384961	2.623014	0.514160	-0.376221	-0.718262	0.118300	55.291953	116.613709
53623		-9.677472	0.616893	9.951084	0.715718	-6.587139	2.506744	0.465088	-0.396484	-0.737061	2.363544	51.467529	118.892926
53624		-9.328314	0.184685	9.837369	0.571053	-6.667283	2.399250	0.434082	-0.415527	-0.746094	4.050763	47.571979	120.678715
53625		-9.942893	0.024291	9.818830	0.495713	-6.581260	2.369164	0.384277	-0.443359	-0.781250	5.408911	43.681854	122.174068
53626		-12.753293	0.444973	10.548488	0.480864	-6.450190	2.409305	0.340088	-0.464600	-0.807129	6.567928	39.857932	123.498327
53627		-15.762498	1.623275	11.161403	0.442350	-6.382943	2.481475	0.286621	-0.499512	-0.840576	7.577340	36.033298	124.719912
53628		-17.135137	2.954711	11.572964	0.258442	-6.330067	2.654380	0.213623	-0.515381	-0.871826	8.405781	32.225859	125.930424
53629		-17.335247	3.346962	11.539205	-0.085886	-6.231936	2.948706	0.134277	-0.539307	-0.908936	9.022357	28.420745	127.240410
53630		-18.758485	3.219878	11.675949	-0.492384	-6.050420	3.312012	0.035400	-0.543701	-0.918945	9.400123	24.690620	128.714188
53631		-20.517203	2.718634	11.683567	-0.863175	-5.849433	3.611941	-0.059326	-0.548096	-0.925049	9.537886	21.025482	130.332167
53632		-22.305943	2.010699	10.847324	-1.137370	-5.628436	3.743431	-0.147705	-0.542969	-0.913086	9.440294	17.486701	132.009854
53633		-24.812291	0.945008	8.428501	-1.308992	-5.390778	3.691841	-0.242432	-0.524414	-0.904785	9.142552	14.079758	133.661435
53634		-27.166359	-0.426096	4.441006	-1.329043	-5.084108	3.481232	-0.314209	-0.511719	-0.887939	8.717868	10.888084	135.216523
53635		-28.908281	-1.780254	-0.629777	-1.166157	-4.625615	3.117095	-0.366455	-0.482910	-0.864258	8.280611	7.988277	136.610339
53636		-29.427437	-1.413596	-5.280800	-0.934028	-3.905555	2.553162	-0.425537	-0.477295	-0.844482	7.880863	5.562875	137.752357
53637		-29.715063	-0.172311	-9.018062	-0.778318	-3.014008	1.752425	-0.450195	-0.458740	-0.830566	7.498829	3.705773	138.519172
53638		-30.102350	-7.677417	-14.393376	0.132389	-1.847534	0.839927	-0.474854	-0.449463	-0.820068	7.594032	2.588982	138.858125
53639		-25.901126	-10.458773	-11.206689	1.667559	0.635546	0.876273	-0.468018	-0.460693	-0.814697	8.577289	2.870914	139.407383
53640		-47.170637	-3.406426	-27.661168	1.641387	1.550911	1.450254	-0.464600	-0.474121	-0.802979	9.572941	3.613138	140.369878
53641		-12.222672	4.990504	-18.964300	1.648200	2.898456	1.240373	-0.452881	-0.480713	-0.813721	10.594210	5.119980	141.363440
53642		10.167492	-3.873162	14.889136	2.492242	3.823754	0.001840	-0.421631	-0.508301	-0.820313	12.069902	7.263653	141.797574
53643		6.114863	3.183232	33.943201	0.402936	5.303150	-0.557511	-0.367920	-0.501221	-0.838379	12.353189	10.297254	142.132105
53644		-17.694197	-10.676712	11.668829	-1.013281	4.886345	-1.280965	-0.325195	-0.494385	-0.853027	11.745533	13.184230	141.996009
53645		-9.186476	12.241297	12.531001	-0.865370	5.047519	-0.979827	-0.270752	-0.488281	-0.873047	11.256883	16.126641	142.023412
53646		-16.729176	35.758702	15.172958	-3.092772	5.353175	-2.355334	-0.215820	-0.475098	-0.901367	9.234575	19.380631	141.202199
53647		-16.839862	15.048561	8.489813	-3.762575	4.746197	-2.503599	-0.158203	-0.446289	-0.920654	6.684012	22.269778	140.086483
53648		-15.576750	-9.903938	8.400127	-2.706773	4.104111	-2.940794	-0.096680	-0.428711	-0.941406	4.503584	24.770218	138.508344
53649		-15.261791	-22.506509	19.713063	-2.104276	3.015601	-2.217851	-0.070068	-0.395020	-0.953369	2.743911	26.573846	137.224261
53650		-25.208279	-9.336756	18.943263	-1.645027	1.537260	-0.776149	-0.043945	-0.374756	-0.957031	1.592864	27.466682	136.763728
53651		-6.149372	-3.142814	9.726877	-0.834405	0.392986	-0.274544	-0.045410	-0.374756	-0.969238	1.036484	27.695484	136.593136
53652		-3.786518	1.541807	10.282559	-0.633284	0.547070	-0.103873	-0.035400	-0.369873	-0.964844	0.645829	28.005650	136.532032
53653		-5.952257	-1.186900	9.365311	-0.423667	0.314427	-0.030291	-0.037842	-0.362305	-0.966309	0.395742	28.186025	136.515218
53654		-4.872839	1.557518	8.358835	-0.428930	0.299178	-0.041975	-0.030762	-0.364014	-0.967529	0.138712	28.353440	136.489865
53655		-5.107006	-0.592768	9.070052	-0.326510	0.197374	-0.061169	-0.030518	-0.355225	-0.970215	-0.066200	28.466695	136.451151
53656		-4.761269	0.308768	8.991863	-0.295280	0.235362	-0.040572	-0.027100	-0.353516	-0.973389	-0.246968	28.597378	136.425355
53657		-5.094214	-0.505793	8.841847	-0.216797	0.241855	-0.029926	-0.024658	-0.354492	-0.972656	-0.379892	28.736008	136.406020
53658		-5.317828	-0.385931	8.827749	-0.149427	0.214984	-0.008314	-0.025879	-0.349121	-0.972900	-0.467356	28.855046	136.400652
53659		-4.912215	-0.279878	8.767554	-0.084468	0.212752	0.000216	-0.021484	-0.341553	-0.968506	-0.515223	28.977132	136.400659
53660		-4.988012	-0.743925	8.845793	-0.015610	0.238159	0.021379	-0.013184	-0.351807	-0.973389	-0.516769	29.109592	136.414382
53661		-4.811141	-0.221330	8.764055	0.031475	0.262551	0.038298	-0.020996	-0.350098	-0.968262	-0.486227	29.260406	136.439040
53662		-4.800032	0.298165	8.567657	0.012486	0.265337	0.034113	-0.016357	-0.352295	-0.971924	-0.467517	29.408491	136.461125
53663		-4.834043	0.426553	8.494932	-0.043437	0.253236	0.020137	-0.018311	-0.342773	-0.968506	-0.485553	29.553864	136.474035
53664		-5.003425	-0.058219	8.486472	-0.075370	0.234356	0.024303	-0.006348	-0.345459	-0.970215	-0.520199	29.684158	136.489819
53665		-5.047681	-0.257928	8.548397	-0.069929	0.218544	0.041795	-0.011475	-0.342041	-0.973145	-0.546189	29.809789	136.517124
53666		-4.941684	-0.132165	8.540540	-0.051542	0.224419	0.050945	-0.006104	-0.345459	-0.966797	-0.558368	29.934549	136.550485
53667		-5.088277	0.034314	8.436814	-0.045754	0.228421	0.043830	-0.005127	-0.336914	-0.972168	-0.569775	30.065869	136.579059
53668		-5.068463	0.047764	8.382301	-0.050025	0.204633	0.038871	-0.010010	-0.347168	-0.971924	-0.584896	30.179236	136.604575
53669		-5.130887	0.065794	8.394217	-0.049767	0.198845	0.032303	-0.001221	-0.344971	-0.968018	-0.602229	30.293575	136.625711
53670		-5.023424	-0.012513	8.438894	-0.049437	0.175733	0.027825	-0.000488	-0.343506	-0.968262	-0.620539	30.390330	136.644078
53671		-5.004007	-0.152306	8.466677	-0.033544	0.186506	0.018119	-0.000244	-0.339844	-0.969971	-0.633238	30.497534	136.655857
53672		-4.960014	-0.245661	8.477726	-0.018124	0.194616	0.017131	-0.000488	-0.342041	-0.972900	-0.637240	30.605046	136.666962
53673		-4.893857	-0.337029	8.565104	-0.002573	0.232771	0.011855	0.002686	-0.348633	-0.970215	-0.634465	30.738712	136.674228
53674		-4.766444	-0.407239	8.660998	0.036720	0.284578	0.002799	0.008545	-0.346680	-0.977295	-0.612204	30.897674	136.675176
53675		-5.011607	-0.257480	8.487704	0.054760	0.353763	0.002073	0.009521	-0.343506	-0.967773	-0.580317	31.100560	136.675169
53676		-5.016056	-0.152810	8.459823	0.063401	0.387872	0.001997	0.014160	-0.343750	-0.975830	-0.543287	31.318697	136.675105
53677		-5.123181	-0.025151	8.444515	0.066669	0.418420	0.001197	0.027832	-0.348145	-0.965576	-0.504956	31.558607	136.674392
53678		-5.257210	-0.006890	8.336388	0.068910	0.428626	-0.006500	0.028564	-0.346680	-0.960938	-0.467720	31.800052	136.668713
53679		-5.269163	-0.063890	8.284933	0.080182	0.425656	-0.000894	0.027588	-0.345459	-0.968018	-0.422209	32.044097	136.666933
53680		-5.261768	-0.121038	8.335711	0.097321	0.420751	0.007857	0.035645	-0.344971	-0.965820	-0.363311	32.281094	136.671443
53681		-5.239227	-0.098351	8.373291	0.107866	0.432071	0.011102	0.037842	-0.353271	-0.966797	-0.297306	32.528856	136.678333
53682		-5.309884	-0.151729	8.337627	0.118518	0.451669	0.025777	0.041016	-0.350342	-0.964111	-0.219332	32.783605	136.695627
53683		-5.243445	-0.225925	8.469178	0.138369	0.479127	0.028836	0.045166	-0.351563	-0.967285	-0.128831	33.058330	136.715347
53684		-5.206127	-0.154969	8.512409	0.158962	0.519355	0.047106	0.051514	-0.356201	-0.969971	-0.018983	33.351827	136.748275
53685		-5.189140	-0.173075	8.490794	0.182325	0.584113	0.045385	0.054932	-0.354248	-0.965576	0.103915	33.686594	136.780767
53686		-5.149980	-0.328229	8.530815	0.214714	0.654173	0.058259	0.065186	-0.362549	-0.961182	0.251484	34.057193	136.823487
53687		-5.170541	-0.184890	8.490495	0.244803	0.738197	0.062798	0.072510	-0.357666	-0.960449	0.418961	34.479980	136.870983
53688		-5.223910	-0.214052	8.546995	0.277046	0.827712	0.064424	0.079834	-0.359863	-0.962158	0.607575	34.949760	136.922154
53689		-5.012226	-0.139220	8.638660	0.312830	0.927301	0.070714	0.088135	-0.363037	-0.960938	0.821066	35.480486	136.980766
53690		-4.875451	-0.428124	8.905072	0.350444	1.071091	0.093371	0.103271	-0.370117	-0.954834	1.069077	36.089089	137.060257
53691		-4.751178	-0.486612	9.016754	0.409889	1.252647	0.115356	0.102051	-0.375244	-0.951904	1.364916	36.805054	137.162200
53692		-4.608980	-0.618101	9.277641	0.484317	1.464031	0.138875	0.126221	-0.379150	-0.947998	1.721362	37.637304	137.291494
53693		-4.395242	-0.725456	9.486760	0.561560	1.728381	0.179418	0.134521	-0.378906	-0.948242	2.150844	38.623135	137.465358
53694		-4.199330	-0.618145	9.614352	0.649044	2.044916	0.208299	0.157227	-0.397461	-0.933350	2.661486	39.784599	137.683701
53695		-4.298503	-0.564445	9.478899	0.709221	2.396992	0.232034	0.186768	-0.392334	-0.938477	3.242109	41.148536	137.951706
53696		-4.170582	-0.249037	9.454025	0.706772	2.775580	0.231087	0.203857	-0.411377	-0.924072	3.855605	42.723425	138.262590
53697		-3.453026	0.091549	9.962019	0.644498	3.271319	0.199127	0.241943	-0.409424	-0.912354	4.463684	44.583367	138.608074
53698		-2.405973	0.812937	10.667037	0.539713	4.076702	0.137966	0.271729	-0.422852	-0.899170	5.054055	46.900374	138.999446
53699		-1.520108	2.300694	10.107512	0.472987	5.154573	0.019279	0.335205	-0.419678	-0.884766	5.647835	49.837983	139.430676
53700		-2.257183	4.886132	10.794229	0.428176	6.297553	-0.212945	0.380127	-0.437012	-0.855469	6.212372	53.435347	139.836542
53701		-3.829925	6.678773	11.838348	0.193330	7.410007	-0.640268	0.446777	-0.431885	-0.820068	6.476716	57.692724	140.021874
53702		-10.390019	8.033067	14.965018	-0.076377	8.323859	-1.292039	0.517334	-0.414795	-0.777832	6.060159	62.510106	139.591406
53703		-19.936885	7.294706	15.664991	-0.355313	8.611153	-2.096815	0.605469	-0.407471	-0.724609	4.240857	67.528574	137.809785
53704		-22.517185	4.705626	13.692381	-0.573800	8.433767	-2.702748	0.684082	-0.387939	-0.677246	0.177650	72.415547	133.838210
53705		-21.908025	7.061933	15.286424	-0.732481	8.027512	-2.936076	0.749023	-0.356445	-0.625732	-7.421136	76.904421	126.399488
53706		-22.024926	10.874862	18.124821	-1.232853	7.443595	-3.033826	0.809082	-0.330322	-0.577637	-22.078288	80.610566	112.185531
53707		-18.711607	9.585082	19.868493	-1.690551	6.471249	-3.141024	0.865723	-0.297363	-0.526123	-47.676191	82.668193	87.302983
53708		-13.620721	10.569073	18.523954	-1.888132	5.676875	-3.199583	0.901855	-0.258545	-0.485352	-77.757402	82.524191	58.069845
53709		-5.694010	11.377554	19.876543	-2.049696	4.865897	-2.908841	0.946533	-0.218262	-0.456787	-98.509543	80.930223	38.291036
53710		13.029017	3.445497	11.402786	-2.215456	3.983209	-3.159912	0.982910	-0.179443	-0.424561	-109.603803	78.612895	28.309831
53711		-6.354844	3.509748	6.802557	-1.820899	6.758931	-3.262513	1.020508	-0.139160	-0.364502	-122.130337	75.233366	16.526871
53712		-26.431536	2.214912	19.963865	-0.588234	4.973618	-2.443593	1.040283	-0.129395	-0.325195	-127.755357	72.453517	11.022716
53713		-22.442553	1.574420	15.197942	0.749702	3.219017	-1.530380	1.055420	-0.117676	-0.303223	-129.961278	70.625903	8.242623
53714		-18.558738	8.377362	9.044608	0.983656	0.908005	-0.723461	1.049561	-0.114258	-0.304688	-129.763152	69.977631	7.853658
53715		-8.031371	11.157284	9.835978	1.074469	-1.279375	-0.401792	1.040283	-0.118896	-0.333252	-127.143498	70.268474	9.982191
53716		-3.615961	12.091297	12.138887	0.694541	-2.635330	-0.103221	1.025635	-0.123047	-0.358643	-123.116403	71.092547	13.826839
53717		-3.259179	12.515691	10.112601	-0.294993	-3.331096	0.206793	0.991943	-0.135254	-0.400879	-118.497525	72.189259	18.868018
53718		-1.903229	12.057658	7.531043	-1.280386	-3.683920	0.397036	0.961426	-0.145020	-0.436035	-113.423758	73.321952	24.947245
53719		-0.662452	9.546621	5.779888	-1.997281	-3.765188	0.519631	0.922363	-0.140137	-0.468018	-107.909319	74.380011	31.875137
53720		-0.027465	6.944701	5.162490	-2.484482	-3.805342	0.796672	0.893066	-0.138672	-0.494141	-101.949113	75.386894	39.521856
53721		-1.190755	4.527589	5.845144	-2.610441	-3.828163	1.155072	0.860840	-0.129639	-0.501709	-95.100940	76.374106	48.201063
53722		-3.701296	3.231071	6.448314	-2.429949	-4.048148	1.511679	0.836182	-0.116455	-0.521484	-86.608317	77.279201	58.350869
53723		-5.556834	3.404813	7.128265	-2.231394	-4.470269	1.821219	0.818115	-0.118408	-0.539795	-75.512635	77.923085	71.013476
53724		-6.881890	3.806349	6.608476	-2.144133	-4.993444	1.983713	0.791748	-0.122070	-0.562256	-62.273681	77.952776	85.803528
53725		-8.238889	3.778739	4.832249	-1.976368	-5.524316	2.012619	0.774658	-0.124512	-0.601318	-48.516908	77.092961	101.043294
53726		-8.527793	3.098646	3.670606	-1.723920	-6.008341	2.038652	0.756348	-0.138916	-0.642578	-36.472661	75.329493	114.456523
53727		-8.032049	3.004860	3.494395	-1.521630	-6.373365	2.145133	0.726563	-0.142822	-0.688232	-26.859427	72.841771	125.348947
53728		-7.414097	3.853745	3.840057	-1.394637	-6.515839	2.188400	0.693848	-0.153564	-0.741455	-19.837440	69.900381	133.597816
53729		-7.473597	3.918828	4.315212	-1.269348	-6.519793	2.160433	0.641357	-0.160400	-0.797363	-14.758072	66.678043	139.838289
53730		-8.078471	3.115530	4.575379	-1.099525	-6.433978	2.164399	0.585938	-0.167480	-0.852783	-11.021708	63.354644	144.652303
53731		-10.062842	2.646840	5.625552	-0.787697	-6.398178	2.215581	0.531982	-0.174316	-0.895020	-8.001034	59.925302	148.588576
53732		-11.997048	3.111311	6.035733	-0.483969	-6.497131	2.263444	0.463135	-0.183594	-0.933105	-5.496719	56.375641	151.860669
53733		-12.604176	4.776795	6.081758	-0.241050	-6.618915	2.265569	0.386719	-0.196289	-0.966309	-3.385646	52.671217	154.612758
53734		-12.558157	5.844588	6.080781	-0.128407	-6.651077	2.244632	0.311279	-0.197266	-0.974609	-1.675091	48.916206	156.912957
53735		-12.866132	7.088752	6.951306	-0.213190	-6.593783	2.307304	0.235596	-0.196533	-0.989990	-0.292495	45.137535	158.958513
53736		-14.617190	7.906026	8.715885	-0.458544	-6.545744	2.429500	0.169434	-0.193359	-1.006104	0.742760	41.377129	160.850580
53737		-16.620776	7.976372	9.876198	-0.737193	-6.537327	2.555169	0.101074	-0.180420	-1.014648	1.479974	37.579944	162.661258
53738		-18.052933	8.348764	10.957788	-0.956972	-6.564936	2.680771	0.043945	-0.168945	-1.017822	1.954471	33.769706	164.413150
53739		-19.169173	8.889016	11.107235	-1.094365	-6.586943	2.778613	-0.027100	-0.158936	-1.026123	2.241915	29.916555	166.129729
53740		-20.615304	10.187649	10.223727	-1.191791	-6.579002	2.866031	-0.095703	-0.141113	-1.034668	2.352303	26.079847	167.817469
53741		-21.837240	10.283651	8.245622	-1.335169	-6.475173	3.040670	-0.164307	-0.116455	-1.030518	2.312494	22.279810	169.565018
53742		-22.831476	8.147163	6.358734	-1.338025	-6.198336	3.316425	-0.238037	-0.080811	-1.024414	2.203233	18.651860	171.442808
53743		-23.682693	4.474689	4.711033	-1.005392	-5.802662	3.597835	-0.297363	-0.060547	-1.010254	2.226538	15.229646	173.465485
53744		-25.333214	0.356376	2.919734	-0.244231	-5.306659	3.801602	-0.361572	-0.038574	-0.998291	2.585642	12.095883	175.574270
53745		-26.483468	-4.283375	-0.165571	1.006438	-4.805689	3.875928	-0.408447	-0.050049	-0.974121	3.561917	9.209581	177.682941
53746		-25.835462	-8.641497	-1.886072	2.288598	-4.334343	4.026433	-0.456543	-0.048096	-0.962891	5.166749	6.553409	179.814778
53747		-25.300909	-7.657166	-2.805082	2.912188	-3.799316	4.153770	-0.501709	-0.050537	-0.949219	7.043284	4.121370	-178.039794
53748		-26.130837	-2.707394	-3.892461	2.532441	-3.194183	3.711290	-0.533936	-0.055176	-0.923340	8.594900	2.014636	-176.179244
53749		-27.833748	0.142317	-6.093962	1.287226	-2.459795	2.465922	-0.561035	-0.052490	-0.908203	9.363980	0.391147	-175.002788
53750		-25.539346	-8.218027	-8.021762	0.515926	-1.372226	0.639851	-0.572266	-0.051758	-0.905273	9.660212	-0.449064	-174.770900
53751		-24.538436	-16.593168	-11.812406	1.197408	1.233839	-0.125192	-0.566162	-0.063232	-0.918213	10.352491	0.252591	-174.718265
53752		-41.167186	0.055076	-32.383292	-0.358415	2.407857	0.131074	-0.533691	-0.057129	-0.936523	10.153011	1.592586	-174.398577
53753		14.433445	-5.912433	5.925423	1.231630	3.298858	-1.345196	-0.501953	-0.083740	-0.957275	10.845719	3.589391	-174.811774
53754		15.467314	-10.107982	31.034101	1.540644	4.582741	-0.229990	-0.458496	-0.099854	-0.973633	11.762315	6.185771	-174.424822
53755		-6.450081	6.028503	15.632202	-0.566129	5.463933	-0.412967	-0.405029	-0.089600	-1.009033	11.496146	9.295272	-174.021229
53756		-12.729328	-8.375213	6.839708	-0.178224	5.878747	-1.486860	-0.343994	-0.091064	-1.038330	11.362093	12.761353	-174.191816
53757		-14.895141	31.397545	22.672301	-1.563136	6.315578	-1.310430	-0.278076	-0.084473	-1.046387	10.456064	16.453207	-174.245025
53758		-22.178954	26.228423	11.768663	-3.385216	5.556162	-2.590902	-0.213623	-0.053955	-1.073486	8.205767	19.830939	-175.242868
53759		-16.517484	7.934138	7.029116	-3.307379	4.953451	-2.714269	-0.152100	-0.020264	-1.090576	5.850786	22.836605	-176.523624
53760		-14.853440	-9.789586	10.611262	-2.044573	4.107306	-3.224570	-0.121582	-0.005615	-1.094727	3.946866	25.335099	-178.319033
53761		-16.809686	-20.821458	20.231861	-2.063649	2.895927	-2.148640	-0.083496	0.017334	-1.096191	2.211021	27.058759	-179.585700
53762		-26.951711	-15.152265	18.168806	-1.608059	1.099072	-0.456148	-0.071533	0.030273	-1.102295	1.165160	27.691766	-179.858063
53763		-0.508756	4.748340	11.144695	-1.294143	0.050224	-0.172428	-0.066650	0.047119	-1.102539	0.376534	27.724308	-179.966497
53764		-7.293106	0.707592	8.143672	-1.044374	0.347758	-0.174272	-0.066650	0.058594	-1.102295	-0.273213	27.919539	179.921867
53765		-4.451550	-1.594927	9.747616	-0.973826	-0.027917	-0.108133	-0.072998	0.071045	-1.095215	-0.858878	27.905237	179.854984
53766		-6.384885	-0.245159	8.584365	-0.718716	0.003096	-0.087573	-0.069336	0.084961	-1.099854	-1.295975	27.901977	179.799335
53767		-4.487176	-1.818559	9.354196	-0.446380	-0.049143	-0.049664	-0.070313	0.094238	-1.092285	-1.561507	27.875513	179.770981
53768		-4.328823	-1.236783	9.322606	-0.196518	0.100524	0.011033	-0.066162	0.073975	-1.091553	-1.670318	27.929184	179.777492
53769		-4.473747	-1.130273	9.191503	-0.054023	0.257012	0.071278	-0.061279	0.090576	-1.103516	-1.677152	28.079885	179.821804
53770		-4.612546	-0.610482	8.957479	0.049604	0.320887	0.093042	-0.058594	0.086182	-1.097168	-1.621720	28.261118	179.877453
53771		-4.674492	-0.304259	8.839787	0.097831	0.384116	0.102002	-0.054932	0.086182	-1.105225	-1.532771	28.484981	179.939882
53772		-4.753811	-0.784818	8.926858	0.155489	0.436526	0.114058	-0.046875	0.086182	-1.099121	-1.410243	28.732605	-179.991825
53773		-4.968236	0.181575	8.625948	0.161981	0.455278	0.126117	-0.035889	0.085205	-1.100342	-1.276393	28.997301	-179.913408
53774		-5.025373	0.742885	8.416145	0.092235	0.411033	0.094730	-0.047607	0.075195	-1.096680	-1.194841	29.229834	-179.855929
53775		-5.092596	0.494274	8.360288	0.000104	0.345009	0.073684	-0.040283	0.084473	-1.098145	-1.168618	29.430578	-179.809190
53776		-5.211826	0.155951	8.310439	-0.056218	0.288771	0.069696	-0.038086	0.074219	-1.091064	-1.178828	29.592727	-179.766026
53777		-5.305208	-0.107412	8.219488	-0.064024	0.224776	0.068599	-0.032715	0.087158	-1.101807	-1.189797	29.724586	-179.720794
53778		-5.079096	-0.311097	8.445400	-0.029003	0.175886	0.058675	-0.025879	0.082520	-1.097656	-1.187055	29.821949	-179.683294
53779		-4.987336	-0.363754	8.611668	0.000530	0.186888	0.064806	-0.020996	0.083252	-1.097168	-1.161822	29.932098	-179.639922
53780		-4.799945	-0.497046	8.744795	0.033378	0.239213	0.083134	-0.020752	0.089355	-1.096191	-1.115445	30.065988	-179.586894
53781		-4.975977	-0.307325	8.622718	0.052857	0.304397	0.098886	-0.018799	0.082520	-1.095459	-1.049329	30.243732	-179.522109
53782		-5.074572	-0.106342	8.499135	0.063408	0.332242	0.109997	-0.028076	0.082520	-1.094727	-0.976757	30.431086	-179.451819
53783		-5.123029	-0.031990	8.419452	0.067511	0.331210	0.112741	-0.010254	0.084473	-1.095947	-0.896965	30.624167	-179.377341
53784		-5.027441	-0.127937	8.397658	0.075224	0.325520	0.113136	-0.007080	0.083740	-1.094238	-0.815676	30.807531	-179.304022
53785		-4.801701	-0.330992	8.595840	0.115337	0.337001	0.104526	-0.009277	0.080078	-1.092773	-0.710393	31.003669	-179.234099
53786		-4.769738	-0.272717	8.534161	0.169518	0.398084	0.096715	-0.000977	0.074951	-1.100830	-0.580034	31.228268	-179.171220
53787		-5.114560	-0.088137	8.394719	0.193618	0.431088	0.096479	0.005127	0.071289	-1.103027	-0.431870	31.477936	-179.105920
53788		-5.225785	-0.085144	8.421846	0.215886	0.448410	0.103487	0.009277	0.065430	-1.099365	-0.271327	31.731114	-179.037016
53789		-5.156646	0.044691	8.395944	0.234027	0.462522	0.111412	0.012695	0.069824	-1.096191	-0.093183	31.998492	-178.959703
53790		-5.214077	-0.098083	8.351562	0.242320	0.473667	0.120266	0.019043	0.064453	-1.096191	0.090264	32.265778	-178.877225
53791		-5.347897	-0.077431	8.289951	0.255537	0.490046	0.133205	0.023438	0.065918	-1.099365	0.290646	32.548434	-178.782558
53792		-5.360907	0.047521	8.257371	0.251793	0.488136	0.140892	0.024414	0.060791	-1.102295	0.489256	32.823446	-178.683297
53793		-5.344680	0.057826	8.300627	0.242908	0.488222	0.138735	0.031982	0.053711	-1.104492	0.686793	33.104461	-178.581961
53794		-5.388075	0.065049	8.237053	0.242297	0.496356	0.138406	0.041992	0.064453	-1.087402	0.881466	33.383620	-178.481437
53795		-5.426466	0.112828	8.246823	0.245859	0.501683	0.131715	0.040039	0.057617	-1.095703	1.080569	33.671809	-178.381819
53796		-5.396992	0.088798	8.226501	0.239209	0.515577	0.133159	0.047119	0.054443	-1.094727	1.274102	33.961456	-178.281669
53797		-5.345684	0.118680	8.124812	0.223466	0.552553	0.124600	0.053223	0.043457	-1.096436	1.460620	34.278289	-178.183115
53798		-5.392237	0.223881	8.097252	0.220492	0.583386	0.109890	0.066895	0.039551	-1.097168	1.637624	34.606589	-178.094830
53799		-5.439646	0.216604	8.080889	0.205942	0.625733	0.096404	0.066650	0.041504	-1.093994	1.806494	34.965269	-178.011238
53800		-5.565148	0.182033	8.161222	0.205092	0.662534	0.087357	0.082275	0.035156	-1.094238	1.969343	35.338882	-177.933772
53801		-5.474483	0.133731	8.270550	0.215950	0.708261	0.088966	0.077637	0.037598	-1.097412	2.144942	35.744524	-177.849978
53802		-5.439846	-0.066210	8.354767	0.243582	0.768181	0.108867	0.096191	0.029785	-1.101807	2.343535	36.177738	-177.750714
53803		-5.141113	-0.088828	8.623732	0.293056	0.875732	0.131221	0.102051	0.032227	-1.094482	2.587878	36.677621	-177.627225
53804		-4.929450	-0.156081	8.840793	0.334929	1.031286	0.149899	0.118896	0.029785	-1.088135	2.866817	37.259602	-177.483726
53805		-4.738834	-0.188354	9.037527	0.369441	1.228855	0.168243	0.122803	0.023926	-1.097412	3.186326	37.959200	-177.311975
53806		-4.623968	-0.347176	9.242290	0.432437	1.475044	0.187650	0.139893	0.013672	-1.083740	3.559766	38.792393	-177.110749
53807		-4.273122	-0.513029	9.456758	0.500230	1.771225	0.205203	0.161865	0.014160	-1.083984	4.002143	39.798486	-176.869370
53808		-4.318243	-0.418717	9.606355	0.577347	2.128583	0.207758	0.189941	0.011719	-1.084961	4.512319	41.001708	-176.593776
53809		-3.937554	-0.172628	9.880760	0.607166	2.546530	0.217222	0.220703	0.002441	-1.074463	5.084557	42.445931	-176.260774
53810		-2.995192	0.479622	10.946581	0.593655	3.143043	0.221831	0.252930	-0.008301	-1.080322	5.705135	44.222665	-175.853288
53811		-1.480416	1.976359	12.031070	0.548964	4.029430	0.204263	0.297119	-0.009033	-1.067383	6.388951	46.506064	-175.338041
53812		-0.792839	3.589773	12.039028	0.510047	5.123169	0.123027	0.348389	-0.018799	-1.043457	7.143743	49.408517	-174.716474
53813		-1.439568	2.428654	10.192743	0.575087	6.392543	-0.023902	0.408691	-0.031006	-1.014648	8.065949	53.039221	-173.959940
53814		-4.953441	3.743679	12.075716	0.600410	7.720890	-0.237822	0.499512	-0.033447	-0.979492	9.172746	57.429344	-173.033193
53815		-12.051395	5.495158	15.294478	0.583362	8.686934	-0.699287	0.579590	-0.042480	-0.939941	10.285475	62.399859	-172.137214
53816		-20.549404	5.247120	16.656929	0.523222	8.894159	-1.286503	0.666016	-0.026123	-0.875732	11.056410	67.540034	-171.618790
53817		-19.929065	5.983586	14.431247	0.118518	8.743764	-1.943801	0.738770	-0.024902	-0.819092	10.730106	72.665756	-172.039646
53818		-21.852258	10.400391	16.796740	-0.413153	8.316248	-2.432845	0.802490	0.003174	-0.753174	8.279136	77.592131	-174.329106
53819		-22.128284	11.864787	18.854627	-1.112323	7.445241	-2.786000	0.861084	0.038818	-0.686035	0.684843	81.972350	178.606125
53820		-17.786955	9.775096	19.252528	-1.393081	6.372663	-2.988500	0.898926	0.069092	-0.630127	-21.179582	85.313589	157.420879
53821		-13.544571	10.687602	17.927613	-1.518237	5.563989	-3.091500	0.935303	0.112549	-0.582275	-71.728884	86.319246	107.625731
53822		-3.163608	11.331618	19.445668	-1.636325	4.477178	-2.945574	0.958252	0.143799	-0.540283	-105.878747	84.614999	74.317931
53823		17.741021	4.080235	5.531953	-2.005112	4.227484	-3.336891	0.978271	0.184570	-0.490967	-119.643130	81.911388	61.618278
53824		-19.548451	5.662794	11.634055	-1.405067	6.490041	-2.899517	0.999268	0.218018	-0.414063	-132.179125	78.369129	49.717956
53825		-22.741317	6.111750	20.243025	-0.659291	4.197285	-2.187296	1.011719	0.244141	-0.377441	-136.253148	75.808813	45.926343
53826		-21.117154	5.145512	13.248516	-0.384539	2.440225	-1.170431	1.023926	0.256836	-0.352051	-138.180721	74.330662	44.158850
53827		-13.849443	6.636990	5.107832	-0.349107	-0.306034	-0.461797	1.022705	0.253418	-0.352783	-137.252526	74.302475	45.329992
53828		-4.525494	6.367165	10.533086	0.204847	-2.328508	-0.291181	1.015869	0.259277	-0.382080	-133.253914	75.136648	49.352484
53829		-3.273981	7.645255	11.128959	-0.030877	-3.414404	0.018804	1.011963	0.260254	-0.415527	-127.383498	76.434107	55.424564
53830		-2.673531	8.043067	8.273449	-0.604623	-3.927290	0.263672	0.992432	0.252686	-0.441650	-119.879849	77.812557	63.475192
53831		-1.707767	7.690702	6.747062	-1.085055	-4.117698	0.314649	0.984863	0.251953	-0.483887	-110.384577	79.003744	73.798928
53832		-1.825360	7.273855	5.990704	-1.506730	-4.333241	0.395694	0.967773	0.256592	-0.531982	-98.625616	79.852277	86.636375
53833		-2.340843	6.392615	4.980586	-1.871433	-4.625507	0.564347	0.939453	0.258301	-0.573730	-84.459234	80.265688	102.101196
53834		-3.411449	5.488902	3.739586	-2.115399	-4.921715	0.785724	0.914551	0.261230	-0.617432	-69.161529	80.058358	118.853344
53835		-3.349775	5.482814	2.914849	-2.258130	-5.208417	1.018439	0.884033	0.258057	-0.664795	-54.405960	79.154465	135.162089
53836		-2.267095	5.955013	2.496327	-2.367400	-5.367155	1.191419	0.856689	0.270996	-0.725586	-42.325786	77.608728	148.875458
53837		-1.689221	6.181653	2.546948	-2.466884	-5.363571	1.311084	0.816162	0.284180	-0.764160	-33.202834	75.620240	159.697240
53838		-2.685009	5.891686	3.003051	-2.504721	-5.317924	1.456521	0.773926	0.299561	-0.816162	-26.536033	73.384757	168.101763
53839		-4.603794	5.202873	3.572880	-2.400379	-5.334286	1.633078	0.722656	0.316406	-0.855957	-21.317372	70.948633	175.019520
53840		-6.376037	5.238195	3.680856	-2.203917	-5.441177	1.818631	0.670654	0.346924	-0.894531	-17.150225	68.341637	-179.191447
53841		-7.845702	5.967720	4.083579	-1.972905	-5.629721	1.930827	0.604736	0.370117	-0.929199	-13.708134	65.502092	-174.231135
53842		-8.314034	6.177983	4.312895	-1.801260	-5.880361	1.985761	0.549072	0.398438	-0.952637	-10.982627	62.448389	-170.051887
53843		-8.383385	5.413439	4.245585	-1.628904	-6.070168	2.045630	0.476318	0.424072	-0.976563	-8.741101	59.196424	-166.426916
53844		-8.203855	4.994586	4.956567	-1.397155	-6.187374	2.111647	0.402832	0.461182	-0.981689	-6.897070	55.843835	-163.294119
53845		-8.993971	4.545246	5.289246	-1.138925	-6.212802	2.158823	0.343018	0.483643	-1.000977	-5.295929	52.408417	-160.525710
53846		-10.219007	3.640756	5.793348	-0.799201	-6.196665	2.210589	0.273926	0.498535	-1.006592	-3.862969	48.965763	-158.083768
53847		-11.324024	3.261418	6.346221	-0.430669	-6.178398	2.294858	0.206299	0.519287	-1.015869	-2.456045	45.475731	-155.845686
53848		-11.890827	3.491557	6.979939	-0.109290	-6.137327	2.417341	0.163330	0.532715	-1.011963	-1.087655	41.999266	-153.777935
53849		-12.017589	4.453305	7.405463	0.070737	-6.036557	2.572272	0.112061	0.545166	-1.019775	0.242388	38.523396	-151.800183
53850		-12.261248	5.393797	8.191932	0.121583	-5.859959	2.744881	0.061279	0.562012	-1.019043	1.454391	35.138481	-149.896774
53851		-13.049204	5.697228	8.879474	0.030039	-5.625789	2.919833	0.027100	0.582031	-1.016846	2.520637	31.830995	-148.016374
53852		-14.590076	4.905558	9.553150	-0.056671	-5.335935	3.083683	-0.016357	0.597168	-1.011963	3.426376	28.681732	-146.156645
53853		-16.658310	3.836096	10.477228	-0.005072	-5.065032	3.160842	-0.043701	0.606445	-0.999023	4.265663	25.637220	-144.337144
53854		-20.073173	2.992769	11.296440	0.172902	-4.887758	3.084898	-0.076416	0.610840	-0.998779	5.054401	22.698002	-142.655113
53855		-24.401102	1.952317	10.535995	0.399743	-4.851290	2.889498	-0.101563	0.608154	-0.988037	5.834375	19.748017	-141.164607
53856		-26.789481	0.549286	8.105579	0.642648	-4.836348	2.659873	-0.128906	0.601807	-0.978027	6.605116	16.823885	-139.884810
53857		-27.019382	-1.443241	4.598332	0.847712	-4.715375	2.421317	-0.160645	0.595459	-0.974365	7.391139	13.950974	-138.794293
53858		-27.141522	-3.659157	1.303473	0.985792	-4.345594	2.128301	-0.188965	0.572021	-0.968750	8.152269	11.314864	-137.900827
53859		-27.293648	-5.213993	-1.479670	0.980530	-3.756801	1.684760	-0.216064	0.559326	-0.959961	8.838821	9.025696	-137.251534
53860		-26.575284	-4.995819	-4.298401	0.862170	-3.031068	1.005731	-0.241943	0.553711	-0.954590	9.375601	7.215504	-136.954188
53861		-26.549747	-4.910722	-7.272888	0.676304	-2.239704	0.082632	-0.262451	0.542236	-0.962891	9.753226	5.929609	-137.120269
53862		-19.220516	-10.610970	-4.630593	1.079666	-1.131417	-0.792050	-0.280762	0.531738	-0.956299	10.317238	5.366142	-137.682607
53863		-34.382862	-8.463254	-21.490372	1.241538	1.824933	-0.954462	-0.278076	0.520264	-0.972412	11.000952	6.486825	-138.027331
53864		-32.307720	2.563873	-23.872681	-0.159904	1.641167	-0.377784	-0.259033	0.534424	-0.976563	10.905957	7.446932	-138.061271
53865		18.679561	2.885136	1.502798	0.844572	3.433974	-1.339515	-0.233398	0.533447	-1.003662	11.342510	9.524373	-138.437468
53866		5.136327	1.502936	34.164609	0.341820	4.607249	-0.629129	-0.178711	0.538086	-1.018799	11.571957	12.178921	-138.263184
53867		-14.626211	12.814927	19.609934	-1.020931	4.280304	-0.188546	-0.148682	0.563721	-1.027588	11.084548	14.600695	-137.874918
53868		-19.247249	1.995595	11.691423	-1.793298	4.012535	-0.966584	-0.106934	0.574219	-1.024414	10.022846	16.958012	-138.002916
53869		-18.094789	9.373654	13.018841	-2.112854	3.917924	-1.730658	-0.073242	0.607422	-1.024170	8.619750	19.332055	-138.646920
53870		-14.386719	9.208534	12.747450	-2.573338	3.375645	-2.167981	-0.051270	0.633789	-1.014893	6.785153	21.410999	-139.682984
53871		-4.445015	-2.805838	7.555608	-2.001254	3.285941	-2.279116	-0.037598	0.654053	-1.014160	5.194537	23.420401	-140.870770
53872		-6.486588	-5.041205	9.534286	-1.676806	3.530986	-2.328958	-0.011230	0.675537	-1.013184	3.700344	25.536796	-142.159391
53873		-10.315194	0.052340	10.495232	-1.510433	2.858591	-2.005906	0.008057	0.696045	-1.008301	2.318139	27.234151	-143.339649
53874		-23.875583	-12.525335	24.130839	-1.531186	1.397797	-1.123341	0.014893	0.712158	-0.999512	1.117623	28.049837	-144.037832
53875		-8.292714	-9.960976	8.220692	-1.138434	0.030943	-0.236780	0.014648	0.731689	-0.994629	0.401754	28.072355	-144.186760
53876		-3.595634	4.678169	9.639736	-0.920537	0.145641	-0.082964	0.011719	0.730713	-0.993408	-0.149727	28.151798	-144.239381
53877		-6.142933	-4.456997	9.780013	-0.414490	-0.031716	-0.091820	0.009521	0.738037	-0.987061	-0.407313	28.136576	-144.294638
53878		-4.876916	0.235886	8.727279	-0.362776	0.120437	0.039454	0.016846	0.743164	-0.982910	-0.602121	28.201682	-144.268572
53879		-5.224047	-1.222296	8.928419	-0.129577	0.103062	0.034469	0.020020	0.746582	-0.975586	-0.658570	28.264224	-144.242786
53880		-4.977145	-0.239315	8.861816	0.013796	0.134911	0.056853	0.018555	0.744873	-0.981689	-0.632319	28.337791	-144.205654
53881		-4.969862	0.019622	8.814879	0.103288	0.170683	0.055833	0.017822	0.746826	-0.974365	-0.549001	28.439208	-144.166392
53882		-4.827459	0.222219	8.658873	0.147021	0.166521	0.044606	0.013672	0.744873	-0.984131	-0.450072	28.530740	-144.137145
53883		-4.799293	0.222849	8.668726	0.170169	0.171268	0.031942	0.016113	0.742676	-0.979492	-0.335534	28.632283	-144.113001
53884		-4.785121	-0.057464	8.675107	0.186846	0.176503	0.027075	0.021729	0.745605	-0.985107	-0.218990	28.729386	-144.094775
53885		-4.863814	0.117990	8.554382	0.180701	0.174945	0.022878	0.022217	0.731934	-0.991943	-0.100956	28.832922	-144.076058
53886		-4.960448	0.569118	8.445450	0.112549	0.150912	0.012399	0.030273	0.741699	-0.984863	-0.031341	28.915294	-144.066974
53887		-4.904756	0.579793	8.420045	0.012856	0.098091	-0.013566	0.023193	0.736328	-0.982910	-0.020767	28.974764	-144.071767
53888		-4.813307	0.319461	8.498179	-0.074975	0.062047	-0.028746	0.032959	0.740234	-0.981201	-0.071599	29.006198	-144.089544
53889		-4.824407	-0.268474	8.559254	-0.106411	0.050476	-0.028080	0.025635	0.742676	-0.989746	-0.133919	29.038367	-144.103832
53890		-4.794779	-0.511955	8.609536	-0.078379	0.065793	-0.018187	0.029785	0.742188	-0.979736	-0.183400	29.071934	-144.114777
53891		-4.786410	-0.344860	8.646107	-0.068805	0.088471	-0.009764	0.033447	0.742188	-0.975342	-0.218534	29.125862	-144.117253
53892		-4.872693	-0.108687	8.628595	-0.069896	0.109660	-0.000919	0.028076	0.735107	-0.981445	-0.257742	29.184589	-144.117052
53893		-4.833333	-0.060590	8.620426	-0.087277	0.103533	0.005811	0.030029	0.747803	-0.982422	-0.298603	29.247156	-144.109454
53894		-4.864907	0.169277	8.412541	-0.115393	0.108092	0.009236	0.034912	0.730225	-0.984863	-0.360666	29.305019	-144.102684
53895		-4.745619	0.019776	8.572694	-0.136374	0.136140	0.017280	0.038818	0.743408	-0.981934	-0.426080	29.386301	-144.087802
53896		-4.834581	0.013355	8.615365	-0.157599	0.152033	0.034725	0.036133	0.751221	-0.972656	-0.504259	29.469472	-144.064647
53897		-4.866814	-0.071698	8.587476	-0.178224	0.198828	0.053740	0.042725	0.743164	-0.976074	-0.582068	29.586851	-144.026330
53898		-4.906327	-0.075760	8.567398	-0.167522	0.227631	0.078189	0.046387	0.750977	-0.966797	-0.652046	29.713655	-143.975262
53899		-4.963212	-0.142634	8.467205	-0.146874	0.238277	0.087558	0.048340	0.748291	-0.973633	-0.700916	29.853895	-143.915109
53900		-5.053953	-0.433443	8.506919	-0.101886	0.245627	0.099992	0.036865	0.753662	-0.977783	-0.726014	29.991239	-143.849884
53901		-5.147886	0.086258	8.449092	-0.083736	0.247634	0.106426	0.053955	0.749512	-0.975830	-0.732275	30.137001	-143.777295
53902		-5.040184	-0.029038	8.555649	-0.077259	0.278204	0.080593	0.054443	0.750488	-0.977051	-0.749528	30.292893	-143.725093
53903		-5.052596	-0.142779	8.486296	-0.079349	0.313073	0.085042	0.059814	0.757324	-0.980469	-0.760293	30.475996	-143.667075
53904		-5.110083	-0.106439	8.504084	-0.077255	0.328366	0.082903	0.065674	0.764893	-0.970459	-0.776661	30.660665	-143.613682
53905		-5.121728	0.005255	8.301892	-0.083103	0.323061	0.084603	0.063721	0.756104	-0.967041	-0.789403	30.849480	-143.555902
53906		-5.044262	-0.111269	8.455815	-0.069649	0.325910	0.073936	0.065918	0.748535	-0.971924	-0.804131	31.032693	-143.508375
53907		-4.790174	-0.081590	8.587137	-0.025172	0.356931	0.050358	0.073975	0.752441	-0.967041	-0.795280	31.240623	-143.473630
53908		-4.812024	-0.211410	8.500816	0.018142	0.430021	0.044056	0.077148	0.756104	-0.971680	-0.770201	31.483238	-143.446840
53909		-5.112233	-0.265455	8.556910	0.052574	0.474713	0.054340	0.089111	0.762939	-0.971680	-0.715500	31.758541	-143.410001
53910		-4.877787	-0.267903	8.657473	0.078098	0.547024	0.065309	0.081787	0.754395	-0.966797	-0.648413	32.068293	-143.369145
53911		-4.708718	-0.161933	8.776987	0.099798	0.646877	0.066674	0.099365	0.764160	-0.972412	-0.562021	32.442137	-143.324139
53912		-4.854379	-0.225618	8.737572	0.131966	0.754084	0.082492	0.106445	0.754883	-0.969482	-0.457210	32.870504	-143.271400
53913		-5.009209	-0.440629	8.803043	0.164876	0.832969	0.100177	0.122314	0.753174	-0.970703	-0.319818	33.350780	-143.202196
53914		-4.906155	-0.484024	8.757739	0.206104	0.923095	0.136462	0.123535	0.754883	-0.971436	-0.149814	33.875891	-143.109759
53915		-4.904269	-0.673628	8.823078	0.269786	1.054126	0.145404	0.130615	0.750244	-0.976318	0.068627	34.482363	-143.004966
53916		-4.739462	-0.443975	8.853481	0.347827	1.209136	0.148157	0.135742	0.742920	-0.973633	0.330043	35.170741	-142.897486
53917		-4.563560	-0.527867	9.027500	0.399362	1.395359	0.161236	0.167236	0.737549	-0.976563	0.637303	35.971582	-142.770940
53918		-4.408054	-0.664634	9.203627	0.454552	1.618221	0.189483	0.179688	0.729980	-0.976807	0.988986	36.893003	-142.618560
53919		-4.170206	-0.802099	9.435609	0.513345	1.887938	0.212248	0.197998	0.736816	-0.985352	1.400988	37.973679	-142.432249
53920		-4.146129	-0.964601	9.634163	0.587006	2.182617	0.258084	0.218262	0.717773	-0.969238	1.885331	39.215343	-142.196198
53921		-3.835944	-0.732505	9.850550	0.678336	2.533190	0.307271	0.249756	0.710449	-0.971191	2.475012	40.660123	-141.889840
53922		-3.128363	-0.245678	10.290960	0.721974	3.017676	0.307546	0.272705	0.715332	-0.967041	3.120640	42.374320	-141.541087
53923		-2.200404	0.373285	10.893261	0.708191	3.705305	0.245445	0.318115	0.701172	-0.958496	3.788037	44.485176	-141.166471
53924		-1.083676	0.981913	10.479326	0.621166	4.713157	0.158727	0.364014	0.698975	-0.948975	4.438196	47.167987	-140.757444
53925		-1.223273	2.193789	10.395690	0.558476	6.017702	0.082392	0.425781	0.695313	-0.934570	5.150727	50.598656	-140.241661
53926		-1.599301	3.182728	12.059224	0.549264	7.526444	-0.024661	0.492188	0.688477	-0.892822	5.999611	54.887848	-139.572113
53927		-5.961338	3.087210	14.675141	0.613043	9.019773	-0.263341	0.566162	0.694092	-0.855957	7.047433	60.036536	-138.750914
53928		-16.775283	4.000238	18.337207	0.975904	9.825538	-0.604788	0.647461	0.679199	-0.804688	8.416434	65.657541	-137.843196
53929		-24.514788	5.698686	16.027607	0.855319	9.597180	-1.155660	0.713379	0.673340	-0.740723	9.424791	71.187379	-137.289662
53930		-22.574964	5.034322	14.963501	0.373874	9.201364	-1.576007	0.767090	0.686768	-0.671387	9.568993	76.531899	-137.363401
53931		-22.784069	9.499266	16.958155	-0.267972	8.519796	-1.896729	0.813477	0.692383	-0.607666	7.681582	81.515062	-139.129582
53932		-20.659919	7.552920	19.152246	-0.903975	7.375299	-2.069838	0.834961	0.708496	-0.535156	-1.425595	85.807191	-147.765908
53933		-13.438689	7.628762	17.129909	-1.103393	6.616709	-2.263034	0.844971	0.725830	-0.479004	-74.179074	88.527973	140.060822
53934		-8.965214	7.541434	18.970719	-1.113191	5.838457	-2.024549	0.859863	0.726074	-0.429688	-139.133545	86.084734	75.698270
53935		0.683425	3.907991	18.054638	-0.925162	4.442022	-1.900445	0.858643	0.740723	-0.373535	-146.871765	83.407785	68.461568
53936		9.095338	-0.745865	2.478970	-0.525941	5.983181	-2.228688	0.852783	0.754150	-0.324463	-151.612557	79.810118	63.975692
53937		-28.187429	1.828401	21.084559	0.515433	6.040404	-1.944804	0.855225	0.769531	-0.280029	-154.098424	76.238841	61.134163
53938		-16.197790	-1.199980	18.057610	1.897325	3.357173	-1.640824	0.843750	0.768066	-0.271729	-153.059543	74.102043	61.083407
53939		-12.368870	1.368152	16.087865	2.956484	2.263961	-1.045162	0.835938	0.770020	-0.272217	-151.609397	72.697647	60.829095
53940		-13.246605	7.710440	8.782172	2.677268	0.710649	-0.302747	0.829590	0.758301	-0.283691	-150.217810	72.261559	60.679011
53941		-7.264879	12.569038	3.196658	1.833820	-1.584392	-0.188869	0.819824	0.744873	-0.303467	-147.366390	73.007795	62.565681
53942		-0.418885	9.237689	9.647028	1.456910	-2.981085	-0.334418	0.801758	0.730225	-0.325684	-142.649384	74.301868	66.610224
53943		-2.037422	9.002199	10.507315	0.713004	-3.639084	-0.244113	0.795410	0.726563	-0.355469	-136.771839	75.831767	72.269052
53944		-4.466023	8.948521	8.829103	-0.132782	-4.250473	0.018581	0.785889	0.727295	-0.389404	-129.351649	77.509576	79.970664
53945		-4.834152	8.050683	7.031786	-0.821935	-4.698439	0.232784	0.772949	0.715088	-0.419678	-119.344436	79.174740	90.665341
53946		-4.578115	6.389588	5.423849	-1.302184	-5.131600	0.538112	0.761230	0.711670	-0.457031	-105.449038	80.594303	105.533741
53947		-3.752391	4.535502	4.216663	-1.581800	-5.506269	0.902668	0.741699	0.715088	-0.500244	-86.547570	81.473084	125.577801
53948		-3.429772	3.564767	3.752748	-1.670686	-5.791268	1.229710	0.724854	0.718750	-0.549072	-64.901795	81.334893	148.430397
53949		-3.105432	3.091162	3.849457	-1.694093	-5.976868	1.467343	0.696045	0.731934	-0.583496	-45.466033	80.048126	169.097229
53950		-3.071638	2.578227	3.979655	-1.659487	-6.071273	1.639914	0.672852	0.734863	-0.619629	-31.478780	77.887897	-175.689830
53951		-3.628235	2.041160	4.106714	-1.564882	-6.125962	1.746102	0.656006	0.751221	-0.651611	-21.915227	75.171207	-164.944770
53952		-4.493541	1.550839	4.291532	-1.414810	-6.164211	1.803560	0.627197	0.760010	-0.678955	-15.507885	72.147663	-157.426915
53953		-5.638037	1.116246	4.778700	-1.204954	-6.163615	1.827734	0.610596	0.758301	-0.705566	-10.951293	68.919499	-151.872306
53954		-6.900858	0.582651	5.224075	-0.925973	-6.177061	1.809019	0.587646	0.749023	-0.742188	-7.670019	65.588682	-147.741657
53955		-7.944320	-0.103583	5.425932	-0.553136	-6.190240	1.798325	0.564941	0.735840	-0.774658	-5.050927	62.146574	-144.482373
53956		-8.467587	-0.552557	5.991852	-0.121224	-6.264190	1.846832	0.528809	0.715820	-0.815186	-2.825249	58.633723	-141.844677
53957		-8.673883	-0.119118	6.829816	0.258998	-6.387259	1.901037	0.500732	0.694092	-0.871338	-0.802694	54.977868	-139.617315
53958		-8.961218	0.582459	7.624275	0.544439	-6.541469	1.916414	0.435791	0.662109	-0.915527	0.967272	51.223793	-137.796198
53959		-9.479897	1.465199	8.385121	0.722720	-6.691359	1.906108	0.369141	0.638916	-0.968994	2.537708	47.325038	-136.284359
53960		-9.885565	2.426521	9.020255	0.814258	-6.800768	1.875227	0.300537	0.611328	-1.013916	3.871626	43.370192	-135.067135
53961		-10.432420	3.732292	9.824750	0.805205	-6.809807	1.862995	0.219727	0.591064	-1.052246	5.023437	39.363855	-134.039177
53962		-11.752088	5.401530	10.756312	0.712878	-6.706216	1.866841	0.142822	0.571045	-1.077148	5.966124	35.432454	-133.161580
53963		-14.304087	7.770722	12.217651	0.568524	-6.537284	1.954901	0.064209	0.552734	-1.096924	6.770861	31.552322	-132.315164
53964		-17.609416	10.596577	13.155494	0.292440	-6.353845	2.143784	-0.028809	0.549805	-1.091797	7.378595	27.784002	-131.427993
53965		-21.271967	12.512274	13.295363	-0.163402	-6.201675	2.479333	-0.104248	0.540039	-1.087158	7.758415	24.042233	-130.375097
53966		-23.789159	11.605682	12.019884	-0.620582	-6.112942	2.987543	-0.177490	0.555420	-1.069336	7.900839	20.334880	-129.058805
53967		-24.267678	8.445107	9.983691	-0.803764	-5.971178	3.618310	-0.256592	0.558105	-1.035645	7.985308	16.630226	-127.386738
53968		-24.439474	4.544213	7.264483	-0.611973	-5.645710	4.229729	-0.295654	0.580811	-0.996338	8.151646	13.082780	-125.373949
53969		-25.111080	1.759036	4.209934	-0.121201	-5.100438	4.755885	-0.345459	0.607178	-0.973633	8.557048	9.769222	-123.053202
53970		-26.681732	0.282062	1.127400	0.444360	-4.378972	5.168815	-0.372070	0.623535	-0.941406	9.183067	6.828922	-120.487074
53971		-28.206551	1.389744	-2.360105	0.773651	-3.601385	5.322448	-0.371338	0.640137	-0.916504	9.899259	4.266679	-117.807568
53972		-30.529406	3.883383	-6.281247	0.695241	-2.776049	4.991668	-0.370361	0.655762	-0.893311	10.441483	2.191564	-115.269250
53973		-36.499852	1.520099	-11.831113	0.415766	-2.029284	4.099758	-0.356689	0.672607	-0.880127	10.744090	0.600873	-113.172761
53974		-42.990444	-6.785811	-18.735300	0.867686	-1.294703	2.965749	-0.355225	0.682861	-0.879639	11.243960	-0.455646	-111.646043
53975		-34.370537	-16.714213	-20.859792	2.491769	0.058698	2.144584	-0.344971	0.660889	-0.905273	12.672588	-0.684888	-110.436936
53976		-10.326716	-10.533092	-11.190034	2.673152	3.786558	2.667266	-0.299316	0.656250	-0.928223	14.211829	1.065871	-108.446387
53977		-1.272141	9.449892	-5.841570	2.020584	4.190338	0.990023	-0.257080	0.628418	-0.959473	15.424109	3.238764	-107.283043
53978		20.210511	9.813968	29.049886	1.470819	3.896978	-0.834540	-0.235107	0.630127	-0.979980	16.279139	5.513043	-107.132914
53979		-4.051620	-2.957251	20.452377	-1.208793	5.080428	-1.980184	-0.195557	0.640381	-0.980225	15.562197	8.617867	-107.426499
53980		-18.208374	-27.465657	9.426265	-1.003031	4.761441	-1.728943	-0.161621	0.656494	-0.990723	14.945864	11.506272	-107.668305
53981		-9.743032	12.707850	20.600856	-0.712945	5.151132	-0.930267	-0.120605	0.674316	-0.985840	14.599954	14.492622	-107.423455
53982		-20.463663	33.359832	13.593544	-3.135260	5.262752	-2.800633	-0.093262	0.709229	-0.980469	12.557129	17.796136	-108.310171
53983		-16.878885	19.262134	9.199435	-3.724681	4.467866	-3.121664	-0.071289	0.734863	-0.953125	9.997745	20.655274	-109.633535
53984		-13.902366	6.676730	5.105325	-2.745780	4.058126	-3.407048	-0.055420	0.771484	-0.950439	7.792448	23.250212	-111.324776
53985		-6.694303	-20.150946	16.372009	-1.832474	3.097288	-3.334129	-0.045654	0.796387	-0.943359	5.999431	25.243723	-113.164656
53986		-16.709311	-14.509401	16.603257	-2.005303	2.485644	-1.982467	-0.045166	0.809570	-0.928467	4.362311	26.760501	-114.279514
53987		-21.305199	-2.909556	14.238071	-1.650529	1.010314	-0.981703	-0.049561	0.823975	-0.916992	3.159865	27.378610	-114.862191
53988		-3.949828	-3.794479	11.809005	-1.246981	0.150509	-0.317150	-0.044678	0.837646	-0.902832	2.354504	27.469345	-115.061154
53989		-6.821495	-1.442454	10.794851	-0.890995	0.215851	-0.151091	-0.033203	0.853271	-0.899414	1.810833	27.600951	-115.149018
53990		-4.408167	0.235175	9.315729	-0.645200	0.030525	-0.065453	-0.031494	0.852295	-0.899170	1.422993	27.615367	-115.189826
53991		-5.017320	-0.089075	8.475825	-0.465599	0.133042	-0.082465	-0.041504	0.861816	-0.887695	1.141690	27.697553	-115.236660
53992		-4.910619	-0.766860	9.302162	-0.258672	0.119307	-0.045430	-0.044922	0.860352	-0.889893	0.981669	27.762264	-115.263646
53993		-4.781295	0.188836	8.833817	-0.204140	0.167365	-0.024421	-0.036377	0.865234	-0.885742	0.867281	27.863312	-115.273193
53994		-5.019293	-0.301889	8.809817	-0.103224	0.184532	-0.012232	-0.035889	0.858643	-0.890137	0.806457	27.965019	-115.278371
53995		-5.044479	0.244799	8.669602	-0.069184	0.173712	-0.001535	-0.034668	0.855957	-0.889893	0.776147	28.069491	-115.273292
53996		-4.803309	0.082271	8.721995	-0.064741	0.161012	-0.003244	-0.035400	0.866455	-0.887695	0.739933	28.157649	-115.273003
53997		-4.956003	-0.259463	8.773585	-0.013902	0.181821	0.008631	-0.025391	0.867188	-0.896973	0.744398	28.266697	-115.261324
53998		-4.797273	0.011799	8.707371	0.009262	0.192458	0.015900	-0.030273	0.869141	-0.890869	0.756617	28.372727	-115.248321
53999		-4.895671	0.468883	8.484062	-0.040036	0.171183	0.018233	-0.032227	0.876221	-0.892090	0.748999	28.475586	-115.230460
54000		-4.969068	0.427689	8.436585	-0.117454	0.128949	0.004287	-0.034180	0.865723	-0.889648	0.684769	28.545320	-115.225593
54001		-4.888160	0.237074	8.466686	-0.170757	0.078718	0.000146	-0.026367	0.866943	-0.881836	0.596286	28.595358	-115.220354
54002		-4.827008	-0.140832	8.601301	-0.170796	0.072957	-0.006882	-0.029541	0.868408	-0.880859	0.497732	28.633087	-115.223357
54003		-4.874401	-0.315879	8.620906	-0.118902	0.088770	0.003830	-0.021973	0.875732	-0.877930	0.440024	28.688857	-115.215813
54004		-4.757352	-0.155343	8.679248	-0.077112	0.113291	0.013171	-0.025391	0.868652	-0.880615	0.401484	28.749604	-115.205619
54005		-4.752783	0.030477	8.603369	-0.074264	0.146786	0.028542	-0.025146	0.877441	-0.879150	0.377119	28.838481	-115.181771
54006		-4.803940	0.092444	8.593213	-0.091860	0.178405	0.034253	-0.020508	0.865479	-0.885742	0.336918	28.936469	-115.157576
54007		-4.940834	0.016528	8.501716	-0.104289	0.196556	0.043176	-0.015381	0.880615	-0.884033	0.300089	29.053784	-115.124024
54008		-4.955636	-0.095223	8.476597	-0.101613	0.195185	0.048707	-0.008789	0.876465	-0.885010	0.258970	29.161375	-115.090398
54009		-4.977257	-0.042329	8.454837	-0.089259	0.189425	0.058311	-0.015869	0.868408	-0.873291	0.235610	29.274582	-115.047016
54010		-5.034526	-0.051668	8.437886	-0.075144	0.188309	0.056211	-0.014160	0.875977	-0.878174	0.212151	29.378245	-115.008524
54011		-5.032491	-0.051343	8.485238	-0.062508	0.190258	0.062358	-0.020752	0.875732	-0.880859	0.205522	29.491932	-114.962470
54012		-5.074840	0.055171	8.467876	-0.059490	0.180691	0.068849	-0.010010	0.873779	-0.874268	0.195270	29.591218	-114.915640
54013		-5.001181	0.032055	8.463812	-0.051037	0.171607	0.070931	-0.007568	0.877441	-0.875977	0.198129	29.694195	-114.863905
54014		-5.024787	0.011216	8.510460	-0.053147	0.195276	0.066197	-0.001953	0.875000	-0.876953	0.190847	29.801848	-114.818707
54015		-4.987939	-0.023528	8.464155	-0.055677	0.217194	0.064529	0.004639	0.876221	-0.875977	0.189184	29.930928	-114.770992
54016		-4.987713	0.029645	8.464552	-0.062729	0.245979	0.057542	0.002686	0.880371	-0.873779	0.173817	30.067655	-114.731330
54017		-5.010366	-0.129771	8.480811	-0.057830	0.267141	0.067032	0.005127	0.868896	-0.871338	0.172012	30.225314	-114.681753
54018		-4.913494	-0.036325	8.529969	-0.034270	0.293060	0.064136	0.001709	0.884033	-0.874268	0.175443	30.389010	-114.637517
54019		-4.766520	-0.273274	8.723802	0.015177	0.354135	0.062494	0.012939	0.879150	-0.870361	0.214357	30.596438	-114.590512
54020		-4.755345	-0.183472	8.645990	0.064389	0.434195	0.064155	0.017090	0.883789	-0.875732	0.275016	30.840950	-114.545438
54021		-4.958823	-0.302990	8.646208	0.101265	0.495797	0.088305	0.024170	0.873291	-0.878418	0.373049	31.129228	-114.479882
54022		-4.896929	0.096500	8.519290	0.126654	0.538564	0.101833	0.024414	0.879883	-0.875000	0.483765	31.433251	-114.407841
54023		-4.785504	-0.119264	8.737137	0.153800	0.641402	0.102640	0.027832	0.873291	-0.876953	0.618917	31.804533	-114.329918
54024		-4.761297	-0.043628	8.750756	0.162154	0.738350	0.116845	0.042236	0.876221	-0.883301	0.758159	32.222630	-114.243915
54025		-4.743984	0.079834	8.787760	0.175911	0.848354	0.099753	0.045654	0.874268	-0.883545	0.908460	32.711975	-114.163010
54026		-4.619132	-0.326085	9.066908	0.213133	0.962808	0.113769	0.060059	0.873047	-0.876953	1.080404	33.258293	-114.072853
54027		-4.497331	-0.486405	9.173013	0.280580	1.126171	0.125815	0.075928	0.876953	-0.882324	1.306597	33.905764	-113.965315
54028		-4.249453	-0.769765	9.382843	0.365854	1.360552	0.155861	0.080078	0.871338	-0.889648	1.591863	34.678672	-113.832377
54029		-4.085609	-0.815255	9.527881	0.438911	1.638236	0.194650	0.095703	0.856445	-0.881104	1.950808	35.616820	-113.655592
54030		-3.826645	-0.728581	9.778087	0.500444	1.964873	0.229630	0.117188	0.859863	-0.885010	2.366016	36.732724	-113.439215
54031		-3.871919	-0.763813	9.778618	0.586827	2.299461	0.248802	0.140869	0.853027	-0.883301	2.865496	38.045066	-113.179212
54032		-3.954762	-0.580067	9.794365	0.633231	2.619868	0.274927	0.162842	0.853027	-0.890869	3.422233	39.531098	-112.870897
54033		-3.495590	-0.146566	10.110044	0.657207	3.013268	0.245339	0.197266	0.840332	-0.886963	4.021935	41.246717	-112.534266
54034		-2.653430	0.670616	10.526184	0.554744	3.636380	0.165506	0.230957	0.835449	-0.881592	4.569044	43.313100	-112.194693
54035		-1.871121	2.064708	10.417903	0.416883	4.537067	0.014920	0.263916	0.843994	-0.868652	5.039968	45.903521	-111.870974
54036		-2.034824	3.801140	10.710574	0.217118	5.660789	-0.161190	0.312256	0.830078	-0.858643	5.387250	49.137728	-111.569942
54037		-2.443872	5.167660	11.596357	0.075238	6.897190	-0.437558	0.369873	0.838623	-0.835693	5.600829	53.094470	-111.356850
54038		-5.685177	7.004397	14.080426	-0.099033	8.124559	-0.938652	0.435303	0.843018	-0.804688	5.417168	57.775462	-111.511710
54039		-14.852460	7.606011	17.244845	-0.324640	8.859295	-1.640015	0.481201	0.848389	-0.755127	4.361751	62.910406	-112.515910
54040		-22.384418	5.331861	15.502390	-0.519838	8.805745	-2.374648	0.531738	0.854736	-0.707520	1.669237	68.017434	-115.146179
54041		-21.528629	6.649930	15.494225	-0.783638	8.572536	-2.881302	0.559570	0.884521	-0.651855	-3.646486	72.901113	-120.308690
54042		-23.238151	11.925548	17.687175	-1.387668	7.998606	-3.152553	0.577881	0.900146	-0.584473	-13.720092	77.169439	-129.905085
54043		-24.391993	11.612440	21.196600	-2.018570	6.948750	-3.263416	0.582520	0.916260	-0.523682	-31.069327	80.167403	-146.412030
54044		-18.795433	10.124108	19.680528	-2.279158	5.771425	-3.310486	0.579834	0.935303	-0.466309	-54.843434	81.314997	-169.168328
54045		-7.840380	12.101184	20.318388	-2.491156	4.802898	-3.041810	0.573486	0.954590	-0.403809	-76.836376	80.852133	170.017993
54046		9.159578	5.602491	14.180817	-2.692329	3.635747	-2.892754	0.554199	0.972900	-0.356201	-91.280021	79.410506	156.925401
54047		-4.189322	4.013825	7.038268	-2.355746	6.209998	-2.857766	0.541748	0.982178	-0.300049	-108.217879	77.191290	141.011827
54048		-27.122373	5.111293	23.732537	-1.639244	4.544574	-2.165211	0.524414	0.991943	-0.262207	-116.950021	75.043178	132.986011
54049		-14.481147	0.519572	17.941907	-0.377065	2.744377	-1.396003	0.503418	0.985352	-0.226318	-120.670122	73.608316	129.344712
54050		-11.347496	3.974248	13.928875	0.362607	1.746553	-0.396639	0.501465	0.986328	-0.223877	-122.880867	72.890953	126.818346
54051		-10.220471	9.792094	3.624924	0.076296	-0.175092	0.327666	0.494385	0.965088	-0.225830	-122.860815	73.131288	126.790849
54052		-0.881710	10.691440	7.414833	-0.318801	-1.786909	0.288875	0.497803	0.978027	-0.206299	-120.386984	73.812205	129.560975
54053		-0.912328	6.581719	11.503770	-0.651129	-2.428591	0.309977	0.477783	0.964844	-0.220947	-116.683521	74.663710	133.793367
54054		-2.136669	6.630832	9.346383	-1.073756	-2.871384	0.544466	0.478760	0.969971	-0.212891	-112.119784	75.631059	139.150169
54055		-1.314654	6.054938	8.021853	-1.348585	-3.109518	0.686800	0.475830	0.963623	-0.222656	-106.527682	76.623156	145.701120
54056		-0.862979	4.332932	7.106763	-1.421302	-3.272944	0.893120	0.473145	0.955078	-0.202881	-99.864404	77.553353	153.371212
54057		-0.733388	3.048888	6.291003	-1.333385	-3.546696	1.138619	0.490234	0.956787	-0.209229	-91.271562	78.427476	162.930556
54058		-2.187672	2.643161	5.400371	-1.109525	-3.912926	1.394089	0.489014	0.949707	-0.205078	-80.334296	79.063976	174.728007
54059		-3.335245	2.892894	5.328167	-0.887444	-4.337097	1.575291	0.495850	0.949951	-0.214355	-66.837931	79.240511	-171.021695
54060		-3.224695	3.332757	5.471505	-0.773513	-4.750635	1.702759	0.507324	0.934326	-0.231445	-52.629565	78.705519	-156.098441
54061		-2.495210	3.592326	5.191582	-0.740392	-5.047343	1.780493	0.515381	0.925049	-0.242188	-39.624295	77.419679	-142.383736
54062		-2.010997	3.727962	5.222448	-0.759129	-5.196126	1.801534	0.523438	0.923584	-0.269043	-29.470107	75.541709	-131.496718
54063		-2.408960	3.803760	5.886129	-0.778576	-5.263369	1.804467	0.531982	0.911377	-0.288574	-21.772926	73.241042	-123.053842
54064		-3.587046	3.417747	6.794538	-0.737314	-5.338136	1.809912	0.541260	0.893799	-0.304932	-16.122952	70.677556	-116.670333
54065		-5.549042	2.900121	7.843984	-0.591493	-5.501607	1.871081	0.550537	0.878906	-0.332520	-11.629663	67.841072	-111.516351
54066		-7.355782	2.490895	8.309447	-0.353795	-5.771865	1.999239	0.548828	0.858154	-0.366699	-7.971157	64.771438	-107.302260
54067		-8.642582	2.713251	8.651119	-0.062227	-6.107091	2.151899	0.543945	0.836914	-0.406494	-4.769770	61.393489	-103.686694
54068		-9.316883	3.308011	8.947479	0.200551	-6.454319	2.296433	0.537354	0.804443	-0.452148	-2.039425	57.774911	-100.656466
54069		-9.623181	3.744848	9.268140	0.407233	-6.776665	2.427350	0.524414	0.772217	-0.494873	0.367184	53.873158	-98.046650
54070		-10.004354	4.063322	9.630115	0.567747	-7.028974	2.530267	0.498535	0.735352	-0.543701	2.415282	49.807080	-95.858215
54071		-10.637727	4.634563	10.359810	0.712642	-7.216717	2.634866	0.450439	0.703125	-0.578125	4.246349	45.550310	-93.954255
54072		-12.246333	5.298250	10.736327	0.852630	-7.318693	2.754114	0.395752	0.664795	-0.617432	5.873297	41.229653	-92.299746
54073		-15.479485	7.269880	11.877021	1.002574	-7.300639	2.913078	0.339600	0.630859	-0.627197	7.426878	36.808921	-90.987765
54074		-20.108731	10.024514	13.366553	1.005404	-7.220587	3.171669	0.282227	0.607178	-0.631836	8.842776	32.451864	-89.512857
54075		-23.989175	12.147312	13.983629	0.748799	-7.097766	3.519079	0.227295	0.600586	-0.623291	10.064698	28.068583	-87.971543
54076		-26.119860	11.398880	13.014402	0.353920	-6.976354	3.875823	0.196777	0.576660	-0.596680	10.974581	23.728661	-86.355846
54077		-27.649937	7.376760	10.450386	0.199523	-6.872668	4.198320	0.183594	0.577637	-0.564697	11.734518	19.356567	-84.645561
54078		-29.124380	3.167743	7.672027	0.479381	-6.626797	4.460515	0.173340	0.586914	-0.553467	12.537682	15.102698	-82.865677
54079		-30.531652	-0.820067	3.865996	1.077605	-6.051689	4.667385	0.179688	0.581299	-0.547119	13.597351	11.087515	-80.991432
54080		-31.473975	-3.951187	0.277885	1.904518	-5.120475	4.889748	0.198242	0.567139	-0.555420	15.016342	7.547847	-78.975533
54081		-32.852208	-4.295830	-2.265131	2.394042	-4.094307	5.103362	0.224609	0.550049	-0.567383	16.632633	4.467079	-76.788320
54082		-36.712689	0.758792	-5.672589	1.917354	-3.175984	4.864932	0.240723	0.532471	-0.579346	17.850308	1.898513	-74.662775
54083		-40.562444	6.724100	-11.331661	0.262578	-2.582469	3.900900	0.256836	0.532959	-0.585205	18.039184	-0.216278	-72.992134
54084		-38.407395	6.260230	-17.037005	-1.687098	-1.972666	2.039247	0.277344	0.527100	-0.589355	17.060636	-1.650436	-72.219188
54085		-32.164787	-12.428881	-25.332161	-1.561635	-0.215790	-0.048750	0.270020	0.538330	-0.574707	16.183901	-1.769885	-72.282341
54086		-15.303733	-24.423708	-6.763569	0.595703	2.644843	-0.447714	0.296875	0.538818	-0.560059	16.522805	-0.247780	-72.102036
54087		-14.544639	0.070785	-14.802636	0.339219	4.146914	0.289430	0.319092	0.547363	-0.552979	16.742686	1.978040	-71.263520
54088		21.930209	13.866419	26.516678	0.949502	2.891071	-0.743712	0.337891	0.556396	-0.542480	17.291304	3.682484	-71.186411
54089		5.813481	7.997734	24.252212	-1.628889	4.700409	-1.363236	0.354492	0.574951	-0.515869	16.374704	6.481858	-71.153545
54090		-15.314278	-25.798004	9.577680	-1.958064	4.847079	-2.303334	0.381104	0.604736	-0.482666	15.180931	9.509010	-71.673593
54091		-16.584610	0.986616	19.906474	-0.686723	4.796908	-1.294238	0.394043	0.619629	-0.460205	14.797050	12.352118	-71.677782
54092		-23.491667	27.594116	20.748141	-2.251310	4.295847	-1.785289	0.406250	0.637207	-0.419922	13.412234	14.984279	-72.081498
54093		-11.637748	14.086673	12.052858	-2.396752	3.493488	-1.992280	0.404297	0.662109	-0.390381	11.856956	17.187241	-72.782164
54094		-14.055298	6.674985	9.772244	-2.150946	3.251941	-1.994133	0.410156	0.674072	-0.376709	10.374530	19.231581	-73.584034
54095		-9.990299	-12.083045	12.318703	-1.626954	2.412286	-2.150446	0.408936	0.702148	-0.353271	9.100258	20.804856	-74.623210
54096		-7.456854	-8.960285	12.083718	-1.415094	2.150952	-1.696852	0.405762	0.710938	-0.327881	7.983908	22.163824	-75.459339
54097		-7.278511	3.051517	8.547946	-1.248323	1.952809	-1.516587	0.398682	0.735107	-0.312012	6.979989	23.390379	-76.231721
54098		-4.799743	4.809345	8.005834	-0.930787	1.713070	-1.592096	0.398682	0.745605	-0.301270	6.095057	24.465213	-77.100416
54099		-4.764155	-1.914892	10.359451	-0.935402	1.546784	-1.486026	0.393799	0.753418	-0.293213	5.218156	25.435906	-77.933817
54100		-9.284715	-2.805848	11.206235	-1.011423	1.304168	-1.146812	0.382324	0.760254	-0.276611	4.352841	26.231197	-78.591369
54101		-12.292316	-4.973364	15.062548	-0.730573	0.736029	-0.603828	0.389404	0.767090	-0.267090	3.789044	26.681856	-78.938719
54102		-5.538121	-3.272808	9.467859	-0.625374	0.417939	-0.236098	0.380127	0.770020	-0.260986	3.371168	26.925150	-79.072458
54103		-4.709110	2.107763	9.399456	-0.483923	0.384123	-0.091917	0.378174	0.769775	-0.257568	3.083581	27.153943	-79.113403
54104		-5.588764	-1.368116	9.579236	-0.337732	0.320241	-0.075769	0.387939	0.771973	-0.249756	2.873781	27.335297	-79.150620
54105		-5.110035	0.431080	8.792759	-0.309537	0.294605	-0.018029	0.389160	0.783691	-0.243164	2.705466	27.510487	-79.148760
54106		-4.968636	0.453938	8.681317	-0.223470	0.253748	-0.016634	0.385986	0.785156	-0.245361	2.577093	27.652024	-79.151091
54107		-4.985687	-0.049536	8.916942	-0.154799	0.248891	0.000627	0.393799	0.774658	-0.245850	2.502018	27.800598	-79.139273
54108		-4.655347	0.384695	8.798646	-0.124360	0.241306	0.017040	0.384277	0.776855	-0.243164	2.440225	27.934174	-79.120629
54109		-4.647747	0.403715	8.791682	-0.135191	0.271545	0.027410	0.385986	0.775635	-0.240967	2.384619	28.095039	-79.091154
54110		-4.792922	0.445846	8.708255	-0.170627	0.279554	0.039826	0.389404	0.775391	-0.242676	2.303738	28.250014	-79.056978
54111		-4.739985	0.737468	8.690946	-0.246067	0.273863	0.037269	0.392578	0.774902	-0.249268	2.187593	28.411974	-79.021413
54112		-4.886845	0.667231	8.502692	-0.332865	0.273057	0.036959	0.395020	0.771973	-0.232422	2.012646	28.563416	-78.989910
54113		-5.321715	0.279801	8.440019	-0.370164	0.224740	0.041447	0.388672	0.780273	-0.225342	1.825989	28.697273	-78.953511
54114		-5.015380	0.201440	8.448063	-0.351027	0.177963	0.036710	0.394775	0.780273	-0.216553	1.639284	28.794433	-78.925081
54115		-4.935180	0.115429	8.559983	-0.342067	0.169337	0.038587	0.399658	0.782959	-0.220459	1.467008	28.896820	-78.892367
54116		-5.033176	0.052184	8.554650	-0.317365	0.172240	0.045334	0.400146	0.787598	-0.225586	1.302062	28.990733	-78.859003
54117		-5.069869	-0.073091	8.452475	-0.278443	0.180863	0.056522	0.396240	0.787109	-0.217285	1.171782	29.099610	-78.814910
54118		-5.036600	-0.035353	8.522944	-0.247593	0.176528	0.071781	0.394287	0.779541	-0.209229	1.055176	29.195821	-78.764588
54119		-5.049437	-0.026428	8.479849	-0.218583	0.179772	0.077255	0.403809	0.780029	-0.213623	0.965689	29.303984	-78.707280
54120		-5.045619	0.061731	8.476666	-0.196575	0.189461	0.089357	0.402100	0.784180	-0.210693	0.884076	29.407587	-78.645530
54121		-5.041287	0.102294	8.507344	-0.190089	0.194536	0.098520	0.394043	0.788330	-0.207764	0.817887	29.524126	-78.574285
54122		-4.934026	0.182023	8.522746	-0.214838	0.201816	0.106075	0.404053	0.780029	-0.202393	0.731424	29.634818	-78.501588
54123		-5.227174	-0.017848	8.421209	-0.218407	0.216251	0.112535	0.400879	0.781982	-0.197021	0.653812	29.763802	-78.421084
54124		-5.044193	0.047590	8.414693	-0.214567	0.211774	0.109122	0.410156	0.792725	-0.200684	0.568714	29.880360	-78.346493
54125		-5.117800	0.224337	8.277555	-0.245298	0.220563	0.100313	0.400391	0.779785	-0.193604	0.471809	30.012050	-78.274255
54126		-5.031857	0.098828	8.352126	-0.248839	0.241297	0.079533	0.411621	0.782959	-0.197998	0.357481	30.145868	-78.219383
54127		-5.089022	-0.144473	8.411175	-0.208249	0.260854	0.070176	0.405518	0.785156	-0.196045	0.271954	30.300915	-78.167257
54128		-4.820918	-0.141306	8.524434	-0.111946	0.308970	0.036766	0.404785	0.785156	-0.189941	0.221901	30.473750	-78.140880
54129		-5.080657	-0.154512	8.514804	-0.057974	0.355493	0.028821	0.414063	0.776367	-0.184814	0.208717	30.683096	-78.116144
54130		-5.159476	-0.162221	8.468224	-0.020197	0.395338	0.036101	0.408936	0.781494	-0.188965	0.211265	30.905432	-78.090018
54131		-5.057805	-0.216200	8.507816	0.011408	0.437090	0.056549	0.416504	0.788086	-0.183105	0.247656	31.161392	-78.046340
54132		-5.057460	-0.156393	8.512799	0.042347	0.492117	0.068036	0.412109	0.778564	-0.187744	0.297743	31.439066	-77.998067
54133		-5.185412	-0.085884	8.506528	0.067558	0.537563	0.076854	0.415283	0.789795	-0.180908	0.374347	31.752347	-77.939514
54134		-5.042650	0.024179	8.524105	0.087553	0.582516	0.084967	0.425293	0.779541	-0.176025	0.457656	32.081640	-77.878231
54135		-4.959618	0.078327	8.578964	0.092191	0.643132	0.091661	0.417480	0.781250	-0.181885	0.555391	32.455061	-77.807458
54136		-4.763248	0.296712	8.630779	0.106034	0.754173	0.057850	0.417969	0.775879	-0.169189	0.641613	32.882696	-77.761654
54137		-4.660208	0.059434	8.819770	0.110252	0.876920	0.050095	0.433594	0.784912	-0.171387	0.737239	33.389939	-77.715202
54138		-4.678661	-0.017589	8.912870	0.140880	1.040197	0.042119	0.434326	0.780273	-0.170654	0.840848	33.981431	-77.675273
54139		-4.322814	-0.383239	9.217847	0.196055	1.259239	0.036527	0.436035	0.786621	-0.166016	0.985160	34.707341	-77.630866
54140		-4.134493	-0.636923	9.507044	0.264695	1.534250	0.053055	0.429932	0.778809	-0.164063	1.171217	35.581561	-77.572409
54141		-4.027778	-0.939950	9.543972	0.305042	1.843152	0.099276	0.442139	0.783203	-0.153320	1.414638	36.640331	-77.467194
54142		-4.184464	-1.166218	9.631875	0.385725	2.184394	0.124126	0.442627	0.784180	-0.145752	1.717135	37.885366	-77.333852
54143		-4.126338	-0.859957	9.623082	0.446433	2.503516	0.168149	0.454102	0.775635	-0.139648	2.097561	39.319319	-77.144009
54144		-3.560105	-0.472135	9.813762	0.499198	2.898845	0.195581	0.457031	0.776367	-0.131836	2.536075	40.970218	-76.908690
54145		-2.953364	-0.237075	10.101887	0.519596	3.487388	0.190506	0.463379	0.772461	-0.122314	3.028844	42.963300	-76.625636
54146		-2.146014	0.635759	10.123144	0.536448	4.311753	0.081765	0.471191	0.773193	-0.103516	3.520384	45.422902	-76.362620
54147		-1.743320	2.265073	10.785003	0.456961	5.358881	-0.091642	0.474121	0.778320	-0.078857	3.950800	48.491409	-76.139315
54148		-1.674805	4.177568	11.931684	0.340626	6.720754	-0.354705	0.470215	0.773438	-0.049561	4.234832	52.342649	-76.025133
54149		-3.481861	4.900650	13.454418	0.219898	8.236640	-0.764611	0.476074	0.776855	-0.013916	4.250016	57.080570	-76.166926
54150		-10.061340	5.129764	16.303710	0.229751	9.485375	-1.317393	0.468018	0.789063	0.029053	3.739504	62.550623	-76.909928
54151		-22.781437	5.035733	18.028546	0.386561	9.800782	-1.918851	0.450684	0.793945	0.069092	2.221291	68.213407	-78.826045
54152		-24.034861	4.973688	14.292604	0.323624	9.428261	-2.297239	0.439453	0.794922	0.100342	-1.268436	73.625056	-82.711301
54153		-24.475037	7.156153	14.993685	-0.009195	8.805338	-2.378375	0.402588	0.806152	0.135010	-8.445999	78.543440	-90.096287
54154		-25.921358	8.335459	19.979111	-0.524989	7.728456	-2.257839	0.386719	0.809814	0.166748	-23.512745	82.473772	-105.056760
54155		-19.587273	6.955368	19.714765	-0.930515	6.452455	-2.452171	0.359131	0.816162	0.202148	-54.299363	84.542256	-135.493630
54156		-11.812584	8.564039	19.382804	-1.345546	5.457906	-2.438944	0.331543	0.818359	0.226563	-89.978060	84.152946	-170.561846
54157		-2.252664	6.138637	20.452358	-1.325667	4.013149	-2.091936	0.304688	0.812256	0.253174	-108.597544	82.595456	171.460401
54158		13.130119	-4.041100	2.598599	-1.005234	4.691347	-2.703918	0.286865	0.819824	0.283203	-120.918329	80.051982	159.582876
54159		-28.373098	2.932213	19.436217	-0.303278	6.273870	-2.623214	0.237305	0.822021	0.301514	-130.960398	76.732505	149.512919
54160		-19.214093	-1.939735	19.808518	0.968401	3.081224	-2.272371	0.211182	0.835693	0.303711	-132.182631	74.590178	147.678188
54161		-10.318321	0.339899	15.875422	2.286889	1.847686	-1.771425	0.186523	0.838623	0.288330	-131.249540	73.152927	147.284208
54162		-8.457172	3.835356	13.136782	2.729914	1.052424	-1.021956	0.169922	0.841309	0.287354	-129.924294	72.319354	147.033256
54163		-9.283871	9.502798	4.071436	2.124181	-0.288579	-0.337800	0.168701	0.840088	0.274414	-127.896017	72.300535	147.882751
54164		-3.065243	12.089127	2.449381	1.011025	-1.989026	-0.098798	0.170410	0.846924	0.284668	-124.258427	72.929292	151.086540
54165		1.378403	8.676536	8.407986	0.428741	-2.780707	-0.192442	0.173096	0.845947	0.298340	-119.261502	73.704679	156.043772
54166		-1.402580	7.671780	8.616295	-0.273371	-3.181892	-0.076447	0.199463	0.845703	0.313477	-113.606502	74.480755	162.085492
54167		-2.585937	7.908585	6.814313	-0.981154	-3.515703	0.103005	0.204346	0.846680	0.345947	-107.187533	75.269111	169.312395
54168		-2.851025	6.565784	5.882777	-1.437924	-3.668833	0.240758	0.240479	0.836670	0.368896	-100.169072	75.903653	177.407962
54169		-2.541512	5.067500	5.153943	-1.685533	-3.899750	0.451652	0.272217	0.830078	0.399902	-92.105608	76.426929	-173.299885
54170		-2.416088	3.944148	4.399326	-1.726743	-4.150995	0.663987	0.322998	0.813477	0.417480	-83.046087	76.708317	-162.970547
54171		-3.070704	3.288010	4.001794	-1.602950	-4.438676	0.851089	0.375732	0.802490	0.432617	-72.851396	76.669538	-151.559880
54172		-3.693010	2.584863	4.125038	-1.355919	-4.725290	1.029225	0.443359	0.795410	0.427734	-62.294650	76.178576	-139.903409
54173		-4.138158	2.012744	4.182380	-1.015360	-4.987596	1.217822	0.515625	0.770996	0.428955	-51.807259	75.206067	-128.491666
54174		-4.589342	1.701472	4.143610	-0.612834	-5.207642	1.407041	0.587891	0.750488	0.400146	-42.287392	73.755254	-118.250608
54175		-5.125604	1.521147	4.476220	-0.196320	-5.400158	1.600449	0.661621	0.718994	0.354492	-33.764738	71.864215	-109.225405
54176		-5.713626	1.643160	4.655571	0.194673	-5.587163	1.789070	0.723389	0.681396	0.292725	-26.503564	69.602427	-101.655077
54177		-6.300931	1.914308	4.896249	0.523697	-5.775012	1.979395	0.782471	0.643799	0.220703	-20.196323	66.987341	-95.204872
54178		-6.636491	2.419383	5.069161	0.764187	-5.935145	2.151646	0.827637	0.607666	0.129395	-14.909328	64.110342	-89.881290
54179		-6.924759	2.893736	5.371421	0.911486	-6.064319	2.302085	0.846924	0.557129	0.026367	-10.379086	60.977567	-85.381671
54180		-7.156190	3.382293	5.848744	0.972352	-6.155579	2.436069	0.847900	0.501709	-0.044434	-6.610157	57.690060	-81.650654
54181		-7.653985	3.722396	6.860777	0.970007	-6.203527	2.560741	0.829102	0.440430	-0.128418	-3.382644	54.243097	-78.445994
54182		-8.335330	3.683695	8.269172	0.942668	-6.233610	2.702321	0.804199	0.402588	-0.201172	-0.659806	50.723400	-75.696801
54183		-9.442516	3.235652	9.521943	0.955527	-6.240564	2.876251	0.753418	0.336670	-0.262939	1.775457	47.095969	-73.214357
54184		-10.739361	3.386825	10.559911	1.047395	-6.191199	3.092628	0.707764	0.299805	-0.303711	3.984951	43.459407	-70.951970
54185		-12.908710	3.904368	11.540966	1.167837	-6.073451	3.367231	0.650635	0.261963	-0.333740	6.119838	39.785692	-68.771338
54186		-15.510053	5.171534	12.731322	1.259783	-5.956386	3.667385	0.593994	0.230225	-0.352051	8.139735	36.133876	-66.663894
54187		-18.776674	6.244148	13.983832	1.227497	-5.918560	3.972742	0.541260	0.204834	-0.350830	10.034450	32.387921	-64.578740
54188		-23.230709	7.437762	15.065544	1.045371	-6.011956	4.235831	0.515869	0.203613	-0.343018	11.655863	28.543576	-62.565436
54189		-28.035015	7.873866	15.008082	0.737820	-6.227358	4.411634	0.501221	0.198242	-0.339600	12.952907	24.482390	-60.646336
54190		-31.732679	7.014140	12.872594	0.389119	-6.473288	4.472292	0.495850	0.198975	-0.345459	13.849457	20.276013	-58.880691
54191		-32.382050	5.167882	8.721195	0.109941	-6.514502	4.367912	0.496094	0.194824	-0.364502	14.428150	16.013476	-57.281123
54192		-31.849546	1.952098	3.980277	-0.019199	-6.154001	4.063450	0.499756	0.186768	-0.389648	14.758568	12.010238	-55.875001
54193		-31.505804	-2.277603	-1.635153	0.314644	-5.437916	3.626195	0.496582	0.183105	-0.422119	15.173426	8.438975	-54.650659
54194		-32.323203	-7.245680	-7.907960	1.085436	-4.498232	3.162483	0.490967	0.170654	-0.452148	15.924868	5.466012	-53.588389
54195		-34.430691	-10.999265	-13.143650	1.818813	-3.519982	2.717270	0.474854	0.156738	-0.478271	17.051648	3.073697	-52.665073
54196		-38.384918	-9.503301	-16.807411	2.129794	-2.525220	1.979069	0.469971	0.140625	-0.496826	18.297511	1.346707	-52.023855
54197		-37.194440	-13.099816	-19.755221	2.451983	-0.901622	1.018707	0.462402	0.124023	-0.506348	19.723223	0.661159	-51.641130
54198		-24.898737	-16.317458	-14.868908	1.828205	2.183576	1.017519	0.487061	0.115723	-0.490723	20.791081	1.628864	-50.661383
54199		-2.077424	9.173323	-9.002895	-0.730261	3.102506	0.368009	0.500000	0.106689	-0.476074	20.419453	3.219474	-49.838589
54200		13.746362	22.775087	18.633973	-2.010503	3.519295	-2.778200	0.515869	0.137207	-0.457031	19.204869	5.651876	-50.655596
54201		8.414289	-4.179248	24.328547	-3.485504	3.426843	-3.475062	0.537598	0.167969	-0.430176	17.067925	8.136890	-51.945284
54202		-16.173726	-11.511701	5.415200	-3.157087	4.748693	-1.726922	0.555908	0.203125	-0.404053	15.226667	11.021218	-52.141973
54203		-12.972007	21.725801	15.480862	-2.865390	5.405690	-2.108121	0.575684	0.233398	-0.371094	13.506422	14.321350	-52.551867
54204		-20.341857	15.934431	15.554683	-3.513445	4.937667	-2.782150	0.591309	0.259766	-0.342529	11.223059	17.421864	-53.540630
54205		-14.585877	-6.456224	8.713991	-2.553131	4.167792	-2.909968	0.606445	0.288574	-0.313721	9.364347	20.072925	-54.818070
54206		-11.885658	-18.124238	14.090178	-1.925360	3.399840	-2.759786	0.610840	0.311279	-0.287354	7.769122	22.230588	-56.183045
54207		-15.639324	-9.575694	14.009677	-1.337515	2.702149	-2.007295	0.608154	0.325684	-0.265137	6.611584	23.917073	-57.208609
54208		-9.858903	1.572822	10.448283	-1.224795	1.856229	-1.682397	0.610840	0.344238	-0.251709	5.525248	25.072410	-58.137823
54209		-5.670123	-2.081023	11.522590	-1.170044	1.508300	-1.427730	0.611084	0.352051	-0.239502	4.512183	26.013372	-58.953308
54210		-12.255718	-6.017733	13.722175	-1.004771	1.232140	-0.862837	0.612549	0.368652	-0.229004	3.718099	26.748844	-59.446446
54211		-11.859296	-6.307010	12.691354	-0.616108	0.446058	-0.266677	0.618652	0.364990	-0.234131	3.304738	27.022548	-59.596391
54212		-3.465269	2.906835	9.700469	-0.521280	0.265274	-0.124778	0.614014	0.372559	-0.228271	2.974911	27.174088	-59.666420
54213		-6.305452	-0.185760	8.730523	-0.364825	0.248782	-0.097359	0.613525	0.370117	-0.220215	2.749129	27.328881	-59.717826
54214		-4.775294	-0.804515	9.377715	-0.226197	0.166356	-0.056569	0.612793	0.363037	-0.220947	2.606201	27.421473	-59.748425
54215		-4.944590	0.559948	8.897996	-0.145006	0.201477	-0.012977	0.613525	0.375000	-0.227539	2.529901	27.546871	-59.747805
54216		-4.803987	0.092432	8.971322	-0.066000	0.193070	-0.001073	0.620605	0.372070	-0.221436	2.495443	27.653282	-59.742164
54217		-4.931560	0.284301	8.751132	-0.016379	0.223346	0.013490	0.612305	0.372314	-0.221191	2.500949	27.790466	-59.723970
54218		-5.000908	0.328581	8.665020	0.026048	0.203593	0.019996	0.616211	0.367920	-0.211182	2.525769	27.902371	-59.704377
54219		-4.991130	0.379652	8.648020	0.049177	0.191838	0.011716	0.623779	0.371338	-0.212402	2.567947	28.021519	-59.688086
54220		-4.869592	0.598865	8.566750	0.034754	0.180199	0.009433	0.619385	0.369629	-0.216797	2.594367	28.120285	-59.675839
54221		-4.967709	0.592710	8.523187	0.002522	0.153190	-0.001276	0.621094	0.366455	-0.220947	2.605395	28.217597	-59.668967
54222		-5.012733	0.653047	8.463922	-0.039270	0.118406	-0.008653	0.619141	0.366943	-0.215820	2.583034	28.281462	-59.670244
54223		-4.933937	0.691471	8.411232	-0.087908	0.080911	-0.019882	0.620117	0.369385	-0.213135	2.535520	28.337861	-59.677610
54224		-4.893380	0.526207	8.399543	-0.131443	0.064785	-0.031844	0.626709	0.374268	-0.214355	2.452400	28.371609	-59.695619
54225		-4.720912	0.398723	8.490828	-0.162475	0.048586	-0.037458	0.618896	0.364746	-0.216309	2.356235	28.409874	-59.715434
54226		-4.936828	0.129370	8.539622	-0.204446	0.053161	-0.029820	0.610840	0.372070	-0.215332	2.231681	28.436865	-59.732574
54227		-4.852917	0.253941	8.485044	-0.250060	0.026920	-0.030832	0.616943	0.375000	-0.205322	2.086963	28.462432	-59.748771
54228		-4.874393	0.387091	8.447708	-0.308882	0.005102	-0.025128	0.623047	0.366943	-0.209961	1.903419	28.461732	-59.764113
54229		-4.940245	0.225545	8.400824	-0.348190	-0.028992	-0.019831	0.626709	0.378662	-0.213623	1.705239	28.454927	-59.774403
54230		-4.937229	0.139608	8.448990	-0.315697	-0.046350	-0.009956	0.616943	0.379639	-0.200684	1.522057	28.424424	-59.780798
54231		-4.798033	-0.169725	8.706025	-0.235057	-0.008453	0.005489	0.624756	0.375977	-0.205811	1.396702	28.428914	-59.774154
54232		-4.685460	0.032912	8.776824	-0.223766	0.031615	0.018658	0.612061	0.372070	-0.210693	1.275712	28.442660	-59.760557
54233		-4.813316	0.080374	8.634186	-0.227490	0.066571	0.032546	0.623291	0.383057	-0.202148	1.163482	28.489692	-59.735248
54234		-4.793112	0.066656	8.583297	-0.233940	0.092779	0.044118	0.623535	0.378418	-0.202393	1.044944	28.538243	-59.704337
54235		-4.922585	0.066419	8.574008	-0.237910	0.112438	0.051992	0.620361	0.385010	-0.198242	0.932971	28.611344	-59.665973
54236		-4.902119	0.076750	8.525447	-0.243581	0.122598	0.053706	0.622070	0.377686	-0.201904	0.812024	28.677004	-59.628693
54237		-4.880214	-0.105033	8.572678	-0.224977	0.135040	0.056217	0.620605	0.373291	-0.201660	0.708807	28.763078	-59.587600
54238		-4.976062	0.031258	8.481596	-0.213074	0.170210	0.061043	0.623291	0.374268	-0.198730	0.607811	28.856089	-59.545386
54239		-4.917858	0.051143	8.493794	-0.230333	0.194145	0.055361	0.615479	0.377930	-0.201660	0.501376	28.976083	-59.504713
54240		-5.009928	0.091063	8.369802	-0.248589	0.199356	0.064902	0.619873	0.375000	-0.203857	0.381321	29.085916	-59.460137
54241		-5.039848	0.263279	8.423509	-0.278435	0.191912	0.079883	0.620361	0.376953	-0.191650	0.255067	29.204630	-59.403791
54242		-5.085294	-0.256292	8.558780	-0.267929	0.214671	0.103217	0.624512	0.375000	-0.197998	0.136193	29.323329	-59.334455
54243		-4.898362	-0.312151	8.728855	-0.223428	0.257496	0.126713	0.624756	0.382568	-0.193604	0.056644	29.479697	-59.247552
54244		-4.947336	-0.333146	8.903634	-0.199626	0.367620	0.172443	0.621094	0.377197	-0.178955	-0.000308	29.686186	-59.132738
54245		-5.063626	-0.169604	8.713145	-0.180045	0.488153	0.197061	0.637939	0.376709	-0.178955	-0.031414	29.974711	-58.999365
54246		-4.868083	-0.240960	8.839578	-0.156350	0.583107	0.214180	0.630615	0.372070	-0.176758	-0.048589	30.304800	-58.856641
54247		-4.689632	-0.398458	8.910658	-0.098953	0.696899	0.220632	0.634521	0.372559	-0.170166	-0.023577	30.712808	-58.706817
54248		-3.988868	-0.561876	9.147849	0.053890	0.844181	0.203103	0.628418	0.372559	-0.170654	0.078538	31.192339	-58.569757
54249		-4.126679	-0.478210	9.072090	0.153564	1.045582	0.209151	0.639648	0.370117	-0.161621	0.248305	31.799322	-58.423759
54250		-4.645946	-0.412587	9.135537	0.231060	1.197418	0.233836	0.642090	0.363770	-0.158203	0.468885	32.480442	-58.259383
54251		-4.480722	-0.719442	9.192702	0.311882	1.355003	0.258779	0.638672	0.369873	-0.154297	0.756041	33.262988	-58.069419
54252		-4.175195	-0.972540	9.288412	0.437258	1.588510	0.289657	0.642822	0.365234	-0.139648	1.128623	34.166178	-57.850884
54253		-4.000857	-1.075587	9.395757	0.526614	1.859876	0.341749	0.653076	0.360107	-0.130615	1.590573	35.234133	-57.578398
54254		-3.733067	-0.899882	9.569249	0.600498	2.183658	0.365160	0.649902	0.366211	-0.121826	2.116341	36.473736	-57.269480
54255		-3.510187	-0.535461	9.713337	0.632613	2.501160	0.372326	0.656494	0.360840	-0.114014	2.693178	37.903072	-56.922729
54256		-3.223593	-0.317702	10.292607	0.684906	2.888109	0.343103	0.664063	0.353760	-0.090088	3.313889	39.541129	-56.559054
54257		-2.712402	0.551289	10.432827	0.674355	3.423348	0.262613	0.671387	0.351074	-0.070313	3.941800	41.494508	-56.194260
54258		-2.452947	1.095939	10.658040	0.559525	4.101404	0.172341	0.671875	0.349609	-0.056885	4.514191	43.826619	-55.823916
54259		-1.608195	1.014264	9.972386	0.422921	5.071242	0.131292	0.673340	0.350586	-0.028320	5.085456	46.719636	-55.367164
54260		-1.247707	1.760670	10.055416	0.392072	6.437402	0.134362	0.675049	0.354492	0.018311	5.794399	50.379968	-54.722451
54261		-1.984451	3.317171	11.652123	0.497693	7.973072	-0.017312	0.664551	0.359375	0.062988	6.729199	54.924110	-53.911119
54262		-9.095413	4.944519	16.634128	0.658014	9.346741	-0.410189	0.658691	0.362061	0.118896	7.808557	60.262033	-53.081330
54263		-21.594078	6.790072	19.268513	0.997825	9.787834	-1.013344	0.645020	0.375244	0.176270	8.864375	65.894409	-52.543602
54264		-22.799287	6.116450	15.521387	0.717508	9.406565	-1.769300	0.615479	0.388428	0.228760	8.836140	71.371614	-53.015960
54265		-22.115498	7.478591	15.572228	0.265929	9.050219	-2.222951	0.579346	0.400391	0.279541	7.120008	76.681856	-54.960565
54266		-23.670264	8.362179	18.642777	-0.310432	8.255451	-2.358137	0.543945	0.411133	0.322021	1.876390	81.503943	-60.115474
54267		-18.717279	6.152670	19.280164	-0.762070	7.119438	-2.481315	0.496338	0.425781	0.354004	-14.924782	85.431860	-76.577825
54268		-13.010162	7.503139	18.114937	-0.993907	6.345683	-2.515731	0.469727	0.445313	0.385742	-73.830855	87.251371	-135.008332
54269		-8.331235	5.414037	20.286255	-0.868419	5.216784	-2.096688	0.433594	0.440186	0.408203	-120.348366	85.567750	178.893967
54270		11.967746	-3.623112	9.919613	-0.467254	4.250359	-2.478287	0.405518	0.459717	0.423096	-131.877963	82.975915	167.578118
54271		-12.318406	-0.603707	8.344562	0.434025	7.209286	-2.811633	0.351807	0.473633	0.440674	-141.933845	78.859046	157.149217
54272		-26.556930	-4.267913	21.238643	2.139655	4.577045	-2.591589	0.318115	0.498535	0.439209	-142.618733	75.879681	155.190628
54273		-14.586876	-2.855896	14.995744	4.065933	2.773718	-2.366628	0.286377	0.520264	0.431396	-140.037565	73.812262	155.450047
54274		-10.790428	1.720626	13.872540	5.369450	1.611131	-1.965711	0.267334	0.539307	0.410156	-136.221296	72.376953	156.222251
54275		-11.163976	7.665882	9.749287	5.360820	0.479841	-1.382056	0.247314	0.580811	0.373291	-132.040494	71.640888	157.386718
54276		-9.137520	16.080305	2.311429	3.955360	-1.362261	-0.939721	0.252441	0.594238	0.344482	-126.911649	71.724858	160.401185
54277		0.887542	15.029172	4.066958	2.675430	-2.766943	-0.907041	0.246338	0.609375	0.320557	-120.414556	72.198246	165.619123
54278		1.887934	10.776772	7.732693	1.800064	-3.242982	-0.833846	0.251465	0.620361	0.297363	-113.462102	72.617385	171.829243
54279		-0.957324	10.294585	6.955036	0.758331	-3.612819	-0.423942	0.249512	0.627930	0.279785	-106.394016	73.123049	178.766034
54280		-1.453469	8.507338	5.234869	-0.015299	-3.838463	0.005533	0.253174	0.631348	0.275879	-99.206009	73.616244	-173.724744
54281		-2.025820	4.942143	5.283602	-0.260784	-3.989332	0.592689	0.261963	0.638672	0.267578	-91.492669	74.194409	-165.548228
54282		-2.252253	3.195269	5.049934	-0.256262	-4.211438	1.305636	0.273193	0.647705	0.258545	-82.783425	74.823781	-156.360601
54283		-2.955838	2.929172	4.916006	-0.108350	-4.520722	1.923740	0.287842	0.639648	0.241943	-72.318189	75.362108	-145.476518
54284		-3.766675	2.987178	5.118419	0.002313	-4.871944	2.397795	0.305664	0.641846	0.235352	-60.316792	75.499024	-133.081577
54285		-4.206482	2.630678	5.080492	0.060681	-5.193354	2.761658	0.332275	0.637695	0.218262	-47.426864	75.023568	-119.802192
54286		-4.041849	1.926877	4.825102	0.146363	-5.436383	3.048619	0.354492	0.636230	0.207275	-35.217767	73.828195	-107.219914
54287		-3.767085	1.455164	4.688826	0.229863	-5.579730	3.278267	0.385742	0.641846	0.187500	-24.479102	71.969799	-96.137509
54288		-3.787467	1.221454	4.805424	0.295290	-5.658607	3.456938	0.414307	0.643066	0.167969	-15.756674	69.596073	-87.084374
54289		-4.168186	1.129370	5.219313	0.323883	-5.700269	3.568904	0.438721	0.638672	0.152100	-8.751925	66.809968	-79.755880
54290		-4.793167	1.001989	5.974388	0.320454	-5.724569	3.645128	0.473145	0.633057	0.123535	-3.300054	63.759761	-73.960179
54291		-6.398123	0.584879	7.011056	0.326094	-5.749453	3.697415	0.505615	0.626465	0.098877	1.068475	60.475370	-69.245412
54292		-8.527808	0.412871	8.114458	0.377467	-5.827580	3.705640	0.529297	0.617920	0.079590	4.515626	57.031120	-65.469392
54293		-10.691724	0.579570	9.009934	0.438289	-5.943633	3.675187	0.565674	0.603760	0.042236	7.315193	53.392499	-62.383212
54294		-12.543731	0.965645	9.868602	0.463672	-6.098273	3.596170	0.592041	0.589600	0.009277	9.503873	49.629743	-59.928964
54295		-13.401624	1.261860	10.585155	0.420424	-6.249070	3.500618	0.619141	0.572754	-0.036621	11.231219	45.711604	-57.936538
54296		-14.223634	1.332866	10.986248	0.359849	-6.327146	3.420230	0.634033	0.558838	-0.075928	12.558543	41.755819	-56.316990
54297		-16.067675	1.468043	11.647663	0.317444	-6.321010	3.359896	0.649170	0.536377	-0.116699	13.638702	37.757015	-54.932962
54298		-19.424557	1.792771	12.029178	0.295434	-6.295969	3.345595	0.660156	0.509277	-0.159668	14.516470	33.787405	-53.723105
54299		-23.347758	2.574105	12.182352	0.262614	-6.286002	3.370802	0.664063	0.484619	-0.204590	15.267005	29.776897	-52.608051
54300		-26.268488	3.607264	11.827463	0.117968	-6.249639	3.427343	0.678467	0.458740	-0.252441	15.826660	25.796484	-51.554847
54301		-28.004090	4.425637	10.600630	-0.183638	-6.114086	3.437027	0.674805	0.449707	-0.296387	16.145926	21.856898	-50.534924
54302		-28.962435	3.695903	7.907848	-0.539438	-5.859037	3.316364	0.673096	0.419434	-0.319336	16.161485	18.099528	-49.587127
54303		-29.050958	1.429490	3.850169	-0.735490	-5.445034	3.023313	0.649658	0.404541	-0.366455	15.988218	14.598429	-48.749757
54304		-29.941841	-2.067019	0.080328	-0.587151	-4.876639	2.608791	0.648682	0.387695	-0.384766	15.808228	11.497518	-48.060082
54305		-33.590515	-5.680453	-4.466483	-0.039381	-4.256752	2.097140	0.632813	0.382813	-0.417969	15.885759	8.806919	-47.561006
54306		-36.627180	-9.003406	-9.829410	0.763389	-3.795520	1.642153	0.620605	0.363525	-0.436768	16.364102	6.452294	-47.258692
54307		-34.333930	-6.970370	-15.680720	1.264101	-3.139369	1.144540	0.608154	0.357422	-0.466309	17.109734	4.534339	-47.148098
54308		-26.031385	-6.548956	-14.863480	1.198099	-1.924962	0.308403	0.610107	0.347900	-0.470459	17.785658	3.425000	-47.310937
54309		-19.780353	-10.209678	-18.171550	0.908982	0.976627	0.018939	0.614502	0.342529	-0.456787	18.328391	3.955500	-47.127343
54310		-19.485606	2.101564	-13.993209	-0.379418	3.413303	0.250163	0.623291	0.358887	-0.437988	18.175345	5.763738	-46.376432
54311		4.832199	11.885170	11.994685	-1.607758	3.191294	-1.480082	0.629150	0.368896	-0.409668	17.234643	7.770742	-46.630116
54312		7.230623	3.743012	32.751630	-2.642689	2.251693	-1.916826	0.636475	0.399170	-0.389648	15.617647	9.314559	-47.326670
54313		-4.773002	-10.511004	8.428749	-2.845577	3.599855	-1.532813	0.636475	0.426758	-0.342529	13.938164	11.537671	-47.654387
54314		-8.719859	0.484969	6.274436	-2.626175	4.009094	-1.468528	0.635986	0.445068	-0.316406	12.366857	13.961650	-47.958523
54315		-15.957995	20.449027	16.536328	-2.938386	4.505417	-1.856967	0.638184	0.473389	-0.267822	10.546330	16.709181	-48.506635
54316		-14.568736	6.122510	9.544926	-2.673758	4.098411	-2.331635	0.637451	0.507080	-0.233154	8.714987	19.243595	-49.477958
54317		-7.901129	-13.542651	9.479370	-1.928088	3.687567	-2.723071	0.631836	0.523926	-0.198242	7.155342	21.560976	-50.812284
54318		-10.903424	-10.157439	12.312026	-1.860269	3.374472	-2.383838	0.626465	0.547363	-0.169189	5.614807	23.630193	-52.049007
54319		-10.927348	2.693060	10.363670	-1.809519	2.657996	-2.053328	0.613037	0.566895	-0.133545	4.111125	25.258346	-53.192393
54320		-17.852495	-8.616601	19.189737	-1.916116	1.940603	-1.504806	0.610107	0.580811	-0.123535	2.629178	26.414858	-54.075255
54321		-17.900088	-20.604896	12.767689	-0.919051	0.477971	-0.264130	0.605957	0.580322	-0.112793	2.038470	26.707447	-54.229720
54322		-0.092795	8.487406	11.672751	-0.736608	0.218805	-0.000987	0.606201	0.584717	-0.109375	1.619311	26.828647	-54.224963
54323		-7.854625	-2.384481	8.703464	-0.339876	0.184440	-0.055973	0.612793	0.581787	-0.098145	1.413643	26.948513	-54.256386
54324		-4.358856	-1.330126	9.426698	-0.269609	0.136487	0.007890	0.611572	0.590088	-0.103760	1.263574	27.022475	-54.248315
54325		-5.328208	0.826459	8.822092	-0.095538	0.106791	0.024688	0.611816	0.584717	-0.096436	1.220004	27.096929	-54.229798
54326		-4.708502	-0.403802	9.067463	-0.022181	0.122054	0.014288	0.609375	0.585693	-0.094482	1.213432	27.162560	-54.217972
54327		-4.944785	0.168035	8.812254	0.056775	0.123957	0.030000	0.608887	0.583252	-0.096191	1.258854	27.246724	-54.195775
54328		-4.797509	0.145567	8.779661	0.093755	0.139067	0.024126	0.613037	0.589355	-0.096436	1.321807	27.321960	-54.177250
54329		-4.811173	0.228625	8.677902	0.112908	0.142239	0.023230	0.619629	0.596436	-0.102539	1.397644	27.416564	-54.158945
54330		-4.942090	0.191941	8.547891	0.123917	0.134472	0.015294	0.613770	0.585693	-0.106201	1.475377	27.489252	-54.145951
54331		-4.746822	0.417453	8.515249	0.109315	0.118912	0.003870	0.614746	0.583984	-0.101563	1.543346	27.570678	-54.140294
54332		-4.845124	0.366760	8.516360	0.070799	0.101598	-0.014155	0.609863	0.583252	-0.099854	1.581680	27.624973	-54.146714
54333		-4.753941	0.343385	8.528610	0.015165	0.076236	-0.022372	0.616699	0.590820	-0.098145	1.587562	27.682286	-54.158672
54334		-4.646846	0.401830	8.596273	-0.053334	0.054508	-0.025004	0.613525	0.580078	-0.102783	1.551115	27.709781	-54.172943
54335		-4.664925	0.305433	8.540412	-0.133439	0.040817	-0.021812	0.614014	0.590576	-0.093262	1.471710	27.746672	-54.185201
54336		-4.663437	0.218413	8.509921	-0.222144	0.023507	-0.005096	0.616455	0.588867	-0.096436	1.344256	27.756094	-54.187175
54337		-4.666759	0.379859	8.488462	-0.318135	0.012735	-0.006909	0.614014	0.585938	-0.096924	1.163273	27.776542	-54.190288
54338		-4.535606	0.387370	8.417641	-0.396483	-0.018847	-0.017153	0.613525	0.586914	-0.092529	0.932027	27.761817	-54.200637
54339		-4.815366	0.237159	8.409901	-0.455779	-0.030396	-0.018880	0.615234	0.593018	-0.093018	0.668414	27.757500	-54.211903
54340		-4.921855	0.085512	8.349419	-0.420075	-0.061214	-0.016110	0.612549	0.590576	-0.089844	0.423918	27.718416	-54.221689
54341		-4.769235	-0.659068	8.712385	-0.303821	-0.036700	-0.017243	0.608887	0.591553	-0.091064	0.247945	27.710349	-54.231726
54342		-4.698439	-0.156026	8.596939	-0.253747	0.000500	0.006240	0.612061	0.589355	-0.080322	0.105669	27.706529	-54.226637
54343		-4.795403	-0.408718	8.690448	-0.196404	0.022443	0.006848	0.617920	0.591064	-0.083252	-0.001582	27.732173	-54.220969
54344		-4.757227	-0.125970	8.595329	-0.161390	0.033102	0.017177	0.613525	0.593018	-0.084717	-0.087643	27.747056	-54.208798
54345		-4.655434	-0.217065	8.708178	-0.148779	0.040295	0.023582	0.615479	0.585938	-0.084229	-0.162672	27.782857	-54.192384
54346		-4.817346	-0.214632	8.691891	-0.135994	0.069112	0.037926	0.611084	0.590332	-0.079346	-0.227957	27.818441	-54.166891
54347		-4.816557	-0.216730	8.655030	-0.114191	0.077028	0.042777	0.616699	0.584473	-0.074707	-0.277463	27.875242	-54.138198
54348		-4.791949	-0.325775	8.618538	-0.091950	0.089753	0.045981	0.612061	0.586182	-0.074951	-0.315085	27.922714	-54.107600
54349		-4.732111	-0.346798	8.715179	-0.065744	0.126706	0.046130	0.607910	0.594482	-0.064209	-0.335925	28.007915	-54.076964
54350		-4.765909	-0.196665	8.536672	-0.044339	0.169727	0.053335	0.614746	0.596191	-0.072266	-0.344093	28.101254	-54.041897
54351		-4.762216	-0.274121	8.606172	-0.030951	0.215261	0.055420	0.617676	0.595215	-0.065918	-0.342259	28.237107	-54.005550
54352		-4.711296	-0.380737	8.751195	0.013107	0.241927	0.061191	0.614502	0.580811	-0.077393	-0.315033	28.371834	-53.965537
54353		-4.774364	-0.427120	8.772641	0.036859	0.316747	0.082059	0.614746	0.589111	-0.061279	-0.266023	28.565736	-53.911953
54354		-4.846866	-0.324909	8.729995	0.047389	0.368558	0.102117	0.612061	0.580322	-0.064453	-0.206088	28.773055	-53.845169
54355		-4.922074	-0.275798	8.691366	0.029462	0.431161	0.131300	0.617188	0.585205	-0.064697	-0.145261	29.032351	-53.758972
54356		-5.080061	-0.016383	8.601650	-0.023731	0.487142	0.174415	0.615479	0.582764	-0.065674	-0.102138	29.307588	-53.644127
54357		-4.781012	-0.123508	8.800529	-0.053682	0.567137	0.198503	0.627197	0.583496	-0.059814	-0.066013	29.644611	-53.512871
54358		-4.891819	-0.330676	8.839089	-0.053096	0.682774	0.226331	0.632568	0.584229	-0.054932	-0.020937	30.031819	-53.362628
54359		-4.676344	-0.212091	8.918246	-0.021341	0.817812	0.230300	0.632813	0.582275	-0.050293	0.046820	30.512061	-53.208520
54360		-3.876780	-0.570151	9.406129	0.118640	0.961688	0.218017	0.625000	0.579346	-0.047119	0.191199	31.058713	-53.060699
54361		-3.884559	-0.798153	9.266318	0.260781	1.208021	0.219319	0.619141	0.590332	-0.041504	0.422501	31.761446	-52.907900
54362		-4.651718	-0.771102	9.424475	0.381940	1.395630	0.263114	0.629395	0.573242	-0.032471	0.742539	32.555408	-52.719172
54363		-4.178313	-1.048042	9.395490	0.498586	1.579326	0.304918	0.633789	0.575684	-0.029785	1.154184	33.468030	-52.491826
54364		-3.863338	-1.126015	9.462079	0.625715	1.854159	0.341441	0.637207	0.566406	-0.014893	1.663520	34.521140	-52.223425
54365		-3.581778	-0.915830	9.753326	0.714367	2.168593	0.382216	0.634521	0.572754	0.003418	2.259360	35.765513	-51.902699
54366		-2.934889	-0.302899	10.257692	0.728973	2.544162	0.382921	0.643799	0.568848	0.008301	2.888891	37.207758	-51.547731
54367		-2.582265	0.388309	10.678444	0.727841	3.020395	0.334226	0.636963	0.565918	0.027344	3.534059	38.933929	-51.180697
54368		-2.134765	0.899356	10.867665	0.708130	3.591525	0.243520	0.629639	0.564209	0.043213	4.173641	40.973548	-50.817820
54369		-1.541915	1.305588	10.969884	0.600820	4.402134	0.125541	0.632568	0.561279	0.072266	4.764136	43.490080	-50.454324
54370		-1.103860	0.899089	10.294467	0.493127	5.507946	0.065835	0.631836	0.569824	0.104248	5.364955	46.626108	-50.005987
54371		-1.112882	1.851277	11.367732	0.405585	7.006887	0.021845	0.612305	0.563232	0.150391	6.068982	50.625281	-49.380478
54372		-4.124805	2.129408	12.863889	0.609600	8.602004	-0.184199	0.594238	0.574219	0.206787	7.028729	55.529659	-48.618764
54373		-11.034959	3.817245	17.816022	1.019802	9.920983	-0.568851	0.580811	0.580811	0.249023	8.327114	61.210073	-47.783922
54374		-23.867023	7.590317	21.160300	1.070221	10.016227	-1.147804	0.534912	0.586670	0.314453	9.428258	66.977532	-47.243547
54375		-21.168780	6.336610	15.705972	0.425047	9.637240	-1.777434	0.495117	0.599854	0.364258	9.405332	72.592226	-47.529382
54376		-21.130315	6.548064	15.857469	-0.041896	9.112983	-2.040184	0.457275	0.604736	0.410645	7.991710	77.926531	-48.965481
54377		-22.004400	7.083195	20.118042	-0.451218	8.189521	-2.043689	0.413574	0.610107	0.449463	3.733727	82.715183	-53.020576
54378		-15.842248	5.215147	19.499167	-0.550136	7.178441	-2.108612	0.364990	0.611572	0.493652	-13.486145	86.750585	-69.986111
54379		-9.711063	5.453146	19.556493	-0.476463	6.406812	-1.930829	0.325928	0.624512	0.533447	-105.317066	88.067309	-161.599837
54380		-2.800421	2.844441	22.774416	0.064146	5.129524	-1.505043	0.288330	0.625000	0.544189	-141.610007	85.607598	162.025778
54381		14.336675	-4.815919	9.786713	0.819543	4.804658	-2.110533	0.251953	0.639404	0.569336	-147.170742	82.674540	155.965015
54382		-24.502265	-1.237636	20.131246	2.197869	5.985012	-2.219759	0.204102	0.648926	0.576416	-150.231906	79.085173	151.590260
54383		-19.206993	-3.154399	22.501640	3.866561	2.977637	-2.258705	0.164307	0.680176	0.569580	-146.984202	76.971295	152.644274
54384		-11.981975	0.089540	17.373914	5.020865	1.673498	-1.795134	0.143799	0.699707	0.551025	-142.906714	75.599591	153.879252
54385		-12.894167	7.622910	4.667513	4.889184	-0.045747	-1.050020	0.143555	0.734863	0.533447	-138.224789	75.258724	155.820681
54386		-6.569365	14.327213	2.727831	4.158428	-2.547683	-1.101202	0.153076	0.760742	0.522217	-130.062823	75.826838	161.787699
54387		-0.866888	11.471581	11.969354	3.794428	-3.806579	-1.162174	0.166992	0.795898	0.508789	-118.994010	76.539001	170.943701
54388		-3.492352	10.405745	10.782147	2.729748	-4.545222	-0.730658	0.191895	0.813721	0.500000	-106.420124	77.163507	-177.753134
54389		-3.541447	10.279561	7.778479	1.630449	-5.154808	-0.171240	0.235352	0.829102	0.502930	-92.286330	77.569216	-164.233358
54390		-1.773678	7.106609	5.399358	1.070465	-5.409004	0.278525	0.280029	0.847656	0.497803	-77.612313	77.455034	-149.836416
54391		-0.084506	3.927392	3.698328	0.823696	-5.496031	0.863365	0.340332	0.867676	0.483398	-63.221235	76.870365	-135.570535
54392		1.404201	2.344870	2.635995	0.628428	-5.362439	1.514969	0.400146	0.874756	0.481201	-50.241291	75.903131	-122.590260
54393		1.796776	2.093323	2.501035	0.557027	-5.078242	2.045555	0.464844	0.877930	0.456787	-38.835647	74.640333	-111.138062
54394		1.315758	1.908304	3.868158	0.530913	-4.813114	2.402441	0.532227	0.882324	0.429688	-29.221531	73.116989	-101.450527
54395		-0.784863	1.396786	6.135387	0.530293	-4.665057	2.691168	0.615234	0.875244	0.397949	-20.925421	71.329146	-93.068701
54396		-3.821490	0.683914	8.255662	0.600223	-4.728609	2.924592	0.688721	0.872559	0.350586	-13.848218	69.236830	-85.919174
54397		-7.033195	0.190939	9.602995	0.738571	-5.023165	3.113315	0.763184	0.862305	0.299561	-7.693281	66.715628	-79.748153
54398		-9.026579	0.357954	9.750883	0.838738	-5.431283	3.225673	0.845703	0.846680	0.213623	-2.608330	63.775534	-74.681099
54399		-9.841358	0.841313	9.362953	0.843789	-5.865579	3.239028	0.927246	0.811768	0.117920	1.485849	60.402181	-70.607671
54400		-9.647173	1.266245	8.864004	0.707489	-6.258370	3.149678	0.985596	0.760254	0.011230	4.534544	56.721230	-67.512408
54401		-9.389028	0.704368	8.604690	0.524896	-6.541637	2.994555	1.010254	0.714844	-0.115234	6.760326	52.790157	-65.168613
54402		-9.522338	0.168181	8.774329	0.400664	-6.726542	2.818163	1.014404	0.661621	-0.244629	8.332543	48.752880	-63.437550
54403		-10.178793	-0.137149	9.013510	0.353172	-6.800561	2.615361	0.986328	0.604736	-0.374023	9.487508	44.638525	-62.143147
54404		-11.591923	-0.329051	9.440227	0.384110	-6.740411	2.395585	0.920166	0.541016	-0.477539	10.341113	40.593604	-61.209307
54405		-13.181456	-0.614442	10.337685	0.542678	-6.562911	2.215277	0.846191	0.492676	-0.563232	11.106496	36.630333	-60.497946
54406		-14.662560	-0.955487	11.417480	0.832743	-6.318865	2.135533	0.761230	0.445068	-0.620850	11.915077	32.834317	-59.918124
54407		-16.899039	-0.747710	13.049788	1.199575	-6.084331	2.222987	0.686768	0.410889	-0.653320	12.913318	29.124833	-59.334095
54408		-20.576353	0.745592	14.441193	1.424517	-5.996970	2.441051	0.602539	0.376709	-0.686523	14.019521	25.453378	-58.704114
54409		-23.335380	2.723706	14.334420	1.354775	-6.016127	2.731980	0.539307	0.355713	-0.695557	15.075650	21.674059	-58.132181
54410		-24.822431	3.941650	12.960594	0.926449	-5.984698	3.103674	0.487061	0.323730	-0.700684	15.894554	17.890520	-57.284246
54411		-25.735932	3.595907	10.044088	0.244200	-5.762312	3.414893	0.443848	0.311279	-0.703369	16.302740	14.124715	-56.464455
54412		-26.917835	2.049111	5.734777	-0.397577	-5.311597	3.588148	0.410889	0.310547	-0.694824	16.320983	10.622169	-55.319954
54413		-28.966897	-0.039343	0.523244	-0.914692	-4.668408	3.626709	0.386963	0.307617	-0.689453	16.005064	7.457286	-54.051484
54414		-31.523794	-1.415319	-5.054764	-1.273511	-3.908448	3.456411	0.379150	0.308350	-0.693848	15.415131	4.761045	-52.744351
54415		-33.408371	-2.031960	-10.191563	-1.508550	-3.051125	2.946268	0.366699	0.301758	-0.682129	14.635405	2.625483	-51.564733
54416		-33.358091	-5.388024	-13.817422	-1.428803	-2.052733	2.166381	0.368164	0.314697	-0.679932	13.847768	1.175924	-50.650602
54417		-34.344355	-13.159269	-16.179447	-0.527980	-0.920704	1.425282	0.361084	0.318604	-0.679443	13.563434	0.469230	-49.983290
54418		-25.278339	-18.409838	-9.777866	0.764346	0.150918	1.098060	0.358887	0.302490	-0.675781	14.006908	0.399097	-49.351713
54419		-17.256147	-17.322935	-4.425507	1.314579	2.468772	1.689480	0.388184	0.288574	-0.668701	14.787515	1.535603	-48.063909
54420		-12.983924	-7.061054	-7.162744	2.434638	4.720508	0.455142	0.401855	0.284180	-0.641846	16.231155	4.067844	-47.088543
54421		4.591806	2.065753	12.292757	0.337565	1.928372	-1.364053	0.420654	0.289063	-0.645020	16.391464	5.358749	-47.531563
54422		26.740452	7.355607	38.177997	-1.613230	2.505607	-1.915572	0.415527	0.306396	-0.614990	15.395860	7.035848	-48.198084
54423		-6.311977	4.694369	-0.952261	-2.332533	4.818882	-1.800389	0.441406	0.336182	-0.587402	14.016973	9.974284	-48.499237
54424		-15.830264	3.463876	8.353304	-1.640634	4.440700	-1.595135	0.451416	0.359619	-0.552734	13.018702	12.657543	-48.798971
54425		-16.783429	29.639810	22.013346	-1.854567	4.530353	-1.109043	0.472168	0.375977	-0.527832	11.944152	15.337822	-48.861122
54426		-20.248218	17.932255	13.423923	-2.739163	3.897662	-2.277007	0.483643	0.405273	-0.498779	10.121585	17.775192	-49.750931
54427		-12.134975	-13.453268	10.776581	-1.966808	3.106354	-2.248102	0.494141	0.428467	-0.474365	8.669768	19.753326	-50.785834
54428		-11.879515	-16.809880	14.256580	-1.511648	2.564515	-1.904296	0.490479	0.443848	-0.467041	7.476735	21.357192	-51.718751
54429		-11.820892	-5.485708	12.610798	-1.081777	1.948192	-1.381254	0.498047	0.460449	-0.438477	6.598267	22.575960	-52.419034
54430		-7.162092	1.586130	9.253603	-0.878012	1.605890	-1.236906	0.498047	0.469727	-0.418945	5.838517	23.563257	-53.075928
54431		-5.564031	-2.793331	11.222311	-0.722007	1.343340	-1.116940	0.493408	0.481934	-0.419678	5.175976	24.405901	-53.693516
54432		-7.606845	-3.920644	10.931952	-0.639786	1.135359	-0.770868	0.490479	0.488037	-0.416016	4.633210	25.087639	-54.116184
54433		-7.527791	0.404372	10.219086	-0.503319	0.869887	-0.515845	0.497559	0.492432	-0.408203	4.223572	25.622722	-54.401407
54434		-6.538027	0.223502	10.191147	-0.437944	0.665552	-0.419068	0.497070	0.494385	-0.392578	3.870845	26.015903	-54.636860
54435		-7.709614	-3.244885	10.736217	-0.321884	0.378830	-0.198038	0.493408	0.493408	-0.394287	3.637727	26.255596	-54.748980
54436		-4.615004	0.714926	9.884987	-0.248614	0.257022	-0.104702	0.494873	0.494385	-0.393799	3.471255	26.402152	-54.804836
54437		-5.128067	0.492960	8.915188	-0.191940	0.236402	-0.078174	0.499268	0.502686	-0.389404	3.342312	26.555785	-54.847838
54438		-5.119844	-0.332956	9.256449	-0.106277	0.180580	-0.052555	0.503418	0.495605	-0.392334	3.270448	26.656675	-54.874003
54439		-4.614109	0.754789	8.747274	-0.082006	0.159453	-0.036513	0.493408	0.503418	-0.397461	3.214711	26.764789	-54.893686
54440		-4.654412	0.388607	8.789479	-0.034800	0.154041	-0.032453	0.498535	0.498779	-0.381104	3.188986	26.849811	-54.908170
54441		-4.566837	0.306863	8.809299	-0.013969	0.171418	-0.020723	0.500977	0.504883	-0.385986	3.176924	26.964112	-54.917413
54442		-4.464639	0.314300	8.755541	0.009806	0.188956	-0.012145	0.503174	0.504883	-0.390625	3.183170	27.068458	-54.917674
54443		-4.688669	0.299212	8.665358	0.013918	0.211593	-0.004824	0.503174	0.502930	-0.383057	3.192338	27.205060	-54.915268
54444		-4.856477	0.412057	8.640182	0.018540	0.203637	-0.008374	0.509277	0.493408	-0.382568	3.204958	27.317684	-54.912536
54445		-4.766208	0.633887	8.543372	-0.009244	0.188837	-0.027950	0.508545	0.510010	-0.376953	3.193638	27.441898	-54.925817
54446		-4.628528	0.576280	8.506351	-0.053050	0.193851	-0.041295	0.503174	0.501953	-0.375732	3.155264	27.549968	-54.944715
54447		-4.555706	0.426268	8.603351	-0.099586	0.204245	-0.041770	0.499268	0.505859	-0.381836	3.088214	27.683291	-54.966541
54448		-4.495572	0.330756	8.545463	-0.139519	0.216432	-0.033803	0.509277	0.497314	-0.384521	3.002693	27.804015	-54.980137
54449		-4.405673	0.232529	8.708223	-0.184199	0.252108	-0.020281	0.508789	0.510986	-0.371094	2.894110	27.963860	-54.986893
54450		-4.674325	0.001336	8.751926	-0.213370	0.297463	-0.003349	0.498779	0.510010	-0.380615	2.776466	28.130046	-54.978680
54451		-4.852548	-0.042546	8.645387	-0.214991	0.308306	0.008838	0.510498	0.503662	-0.374512	2.659593	28.321042	-54.965465
54452		-4.856819	0.015170	8.611402	-0.214514	0.313990	0.024281	0.512451	0.510986	-0.374512	2.549777	28.495997	-54.939516
54453		-5.246931	-0.080982	8.498023	-0.182530	0.301475	0.039367	0.503174	0.517578	-0.364014	2.460606	28.682238	-54.907302
54454		-4.912985	0.259918	8.499492	-0.170288	0.275131	0.041383	0.506592	0.513184	-0.360596	2.380859	28.834606	-54.871813
54455		-4.654902	0.367834	8.591984	-0.202535	0.290021	0.048321	0.515381	0.509033	-0.367920	2.282821	29.014095	-54.834532
54456		-4.861733	0.251172	8.625629	-0.256136	0.331045	0.066143	0.508301	0.518555	-0.360107	2.162423	29.198032	-54.781881
54457		-4.872788	0.283771	8.586922	-0.286505	0.350578	0.086770	0.509766	0.507813	-0.357178	2.029318	29.411350	-54.718485
54458		-4.960921	0.028580	8.641852	-0.315146	0.370894	0.100183	0.515869	0.517090	-0.352783	1.886536	29.617650	-54.643304
54459		-5.182346	-0.071858	8.470326	-0.324854	0.391846	0.123023	0.514893	0.516113	-0.348877	1.743795	29.854061	-54.555937
54460		-5.162403	0.117813	8.374238	-0.331151	0.400851	0.123925	0.525391	0.506348	-0.351807	1.600060	30.077445	-54.465334
54461		-5.336416	0.084129	8.314175	-0.351616	0.402955	0.132369	0.523193	0.517090	-0.335449	1.445401	30.320378	-54.372443
54462		-5.388304	0.009120	8.314610	-0.364933	0.394661	0.138390	0.516846	0.520508	-0.339600	1.287279	30.540434	-54.273283
54463		-5.399507	0.077593	8.225138	-0.316541	0.388009	0.134273	0.532959	0.510986	-0.334473	1.153474	30.775157	-54.180256
54464		-5.371870	-0.354790	8.487708	-0.200599	0.383766	0.127829	0.536865	0.511230	-0.329834	1.086162	30.989456	-54.088926
54465		-5.179535	-0.329033	8.554626	-0.097539	0.411877	0.131164	0.537354	0.507813	-0.333984	1.077474	31.238005	-53.997841
54466		-4.764994	-0.366393	8.819296	0.074060	0.475308	0.107940	0.535645	0.515869	-0.329102	1.162122	31.504966	-53.918184
54467		-4.851662	-0.216650	8.808184	0.163402	0.580706	0.121609	0.534912	0.511963	-0.320801	1.302217	31.849889	-53.829838
54468		-4.966416	-0.048559	8.658987	0.202112	0.689360	0.135909	0.536621	0.522949	-0.325684	1.474007	32.238748	-53.725722
54469		-4.813665	-0.290789	8.988258	0.234513	0.811388	0.159656	0.547607	0.508057	-0.322998	1.673748	32.714436	-53.604133
54470		-4.609020	-0.364456	9.220496	0.275540	0.978333	0.192576	0.549561	0.507080	-0.313721	1.915885	33.267130	-53.450754
54471		-4.298786	-0.361302	9.265054	0.331874	1.179999	0.214618	0.559814	0.503174	-0.307861	2.202816	33.951423	-53.276026
54472		-4.023020	-0.466326	9.358524	0.392764	1.462592	0.227631	0.556396	0.508789	-0.301514	2.541961	34.779184	-53.075209
54473		-3.792707	-0.530078	9.526685	0.458092	1.768836	0.242401	0.556396	0.500732	-0.293701	2.935713	35.797287	-52.848014
54474		-3.758151	-0.648771	9.660146	0.504521	2.100846	0.261320	0.574951	0.498779	-0.283447	3.385167	36.986762	-52.578980
54475		-3.655202	-0.623786	9.760818	0.523831	2.427761	0.299284	0.583252	0.491211	-0.271729	3.884201	38.375697	-52.253575
54476		-3.736770	-0.124328	10.041142	0.561753	2.797990	0.296483	0.594727	0.498779	-0.257080	4.440164	39.958126	-51.884165
54477		-2.878947	0.860194	10.859783	0.504542	3.314802	0.228470	0.600830	0.489990	-0.237793	4.975740	41.850817	-51.507752
54478		-1.852745	1.654823	11.196315	0.362227	4.093499	0.112716	0.611572	0.482666	-0.214844	5.443300	44.176517	-51.127803
54479		-1.073303	1.310832	9.982825	0.267482	5.244723	0.042113	0.609863	0.479980	-0.176758	5.924518	47.173339	-50.669913
54480		-1.610047	2.575536	10.797778	0.300382	6.642331	-0.018630	0.630127	0.486816	-0.132324	6.563155	50.953576	-50.053758
54481		-3.974005	3.128148	12.746579	0.403901	8.143004	-0.268778	0.638916	0.485596	-0.087402	7.346427	55.610593	-49.366890
54482		-10.916463	3.916957	17.658422	0.778890	9.436686	-0.666009	0.638916	0.489258	-0.028076	8.380792	61.014675	-48.677806
54483		-22.688892	6.125741	20.270590	1.024123	9.651605	-1.225994	0.636719	0.505615	0.031006	9.282652	66.591502	-48.328798
54484		-20.387879	6.061401	15.835520	0.496299	9.428358	-1.873053	0.614502	0.512207	0.082031	9.039346	72.091379	-48.893104
54485		-20.525787	7.504092	16.464405	-0.037904	9.068267	-2.233510	0.592285	0.526855	0.148438	7.033487	77.418055	-50.948748
54486		-22.836766	9.503006	20.376276	-0.708565	8.312950	-2.417313	0.572510	0.543457	0.204346	0.707165	82.266093	-56.958326
54487		-17.646917	7.400700	20.543858	-1.137909	7.230696	-2.561188	0.542969	0.546143	0.262939	-21.718179	86.141141	-78.829611
54488		-12.312110	7.559748	20.708599	-1.238703	6.371614	-2.460063	0.516602	0.558105	0.294434	-91.723404	87.142357	-148.215679
54489		-5.638101	4.522627	23.564523	-0.914564	4.968688	-1.918056	0.477539	0.554688	0.338867	-126.874562	85.076436	177.086586
54490		16.253540	-4.059844	9.207876	-0.340390	4.438143	-2.337599	0.445068	0.573730	0.363281	-136.280469	82.381645	167.822344
54491		-24.403188	-0.978937	18.974108	1.131602	6.160892	-2.260290	0.404541	0.572754	0.388916	-143.402096	78.851232	159.950201
54492		-19.237196	-4.059002	23.088611	3.013929	3.068841	-2.105985	0.379150	0.599365	0.387451	-142.142199	76.725083	159.471549
54493		-11.762848	-0.824132	18.005088	4.412667	1.852581	-1.525045	0.356445	0.617676	0.374268	-139.553779	75.366341	159.532522
54494		-12.740543	7.830579	5.028025	4.232598	0.030557	-0.734729	0.345215	0.629395	0.349365	-135.983363	75.074099	160.716240
54495		-3.812032	13.703978	3.706237	3.588767	-2.405217	-0.842683	0.339355	0.650879	0.334229	-128.738371	75.665221	166.077240
54496		0.895683	10.354768	12.039980	3.243904	-3.555688	-1.030353	0.335205	0.652588	0.304932	-118.757598	76.310845	174.446485
54497		-1.753047	9.394463	10.321402	2.334887	-4.160945	-0.703325	0.341064	0.664063	0.285156	-107.468381	76.896994	-175.327609
54498		-1.014316	9.974318	7.121268	1.414336	-4.579601	-0.282824	0.340332	0.653564	0.267578	-95.268571	77.258919	-163.645214
54499		0.001151	7.164005	5.894918	0.921275	-4.725905	0.126910	0.341553	0.662842	0.242188	-82.611594	77.295286	-151.216736
54500		0.204712	4.728877	4.998645	0.724687	-4.888698	0.724763	0.349854	0.655029	0.237305	-69.779684	77.028523	-138.485156
54501		-0.110346	2.805241	4.094754	0.678611	-4.968636	1.427104	0.354492	0.647217	0.218262	-56.870269	76.480566	-125.630286
54502		-0.956577	2.727396	4.392708	0.721946	-5.057537	2.073955	0.368896	0.649658	0.200684	-44.391999	75.553920	-113.201370
54503		-1.334302	2.792338	5.243626	0.713132	-5.168462	2.537710	0.378906	0.639404	0.177979	-32.837709	74.130635	-101.663352
54504		-2.120035	2.137619	5.975051	0.641754	-5.266093	2.895500	0.395508	0.623291	0.167969	-22.927623	72.229358	-91.698843
54505		-3.438654	1.157846	6.822987	0.604084	-5.376635	3.171092	0.400635	0.624023	0.158691	-14.600470	69.870969	-83.270409
54506		-4.895688	0.160142	7.642110	0.597867	-5.559079	3.348627	0.416016	0.602783	0.138184	-7.895494	67.112757	-76.435778
54507		-6.124827	-0.063639	7.969066	0.592127	-5.794833	3.429108	0.431152	0.592773	0.135742	-2.542014	63.955352	-70.936709
54508		-7.120467	0.321276	8.269275	0.531420	-6.045551	3.389522	0.452881	0.586914	0.128418	1.514174	60.502796	-66.699943
54509		-8.199375	0.851895	8.872772	0.371401	-6.273470	3.253055	0.462402	0.577393	0.103516	4.502646	56.784392	-63.458896
54510		-9.343334	1.018418	9.482781	0.176948	-6.479102	3.025967	0.471680	0.584229	0.084961	6.549724	52.917529	-61.081732
54511		-10.579593	0.878253	10.259686	0.053480	-6.627350	2.793570	0.491699	0.571045	0.081055	7.965408	48.916717	-59.306910
54512		-11.885347	0.551440	10.677874	0.059519	-6.741976	2.636567	0.501221	0.553955	0.072510	8.988960	44.868936	-57.953558
54513		-14.052525	0.264808	11.455402	0.156710	-6.829568	2.596804	0.521729	0.557373	0.060303	9.859910	40.733058	-56.814544
54514		-17.465389	-0.092278	12.394528	0.383292	-6.943452	2.608094	0.544922	0.561279	0.044922	10.689005	36.547701	-55.840499
54515		-22.020980	-0.020502	12.780829	0.712124	-7.084876	2.605600	0.578613	0.554688	0.023438	11.575085	32.245673	-55.007031
54516		-25.987501	0.543366	12.851647	1.013726	-7.254819	2.643348	0.625977	0.551270	-0.018799	12.512325	27.860203	-54.297928
54517		-27.511376	0.135494	11.221311	1.173702	-7.321448	2.793960	0.665039	0.542969	-0.078613	13.489712	23.385592	-53.609506
54518		-27.190192	-0.653807	8.294850	1.233573	-7.099122	3.018669	0.711182	0.524414	-0.152588	14.467597	19.016519	-52.863459
54519		-26.635559	-1.582368	5.175875	1.183999	-6.454222	3.200346	0.739746	0.493652	-0.219238	15.403547	14.949403	-52.004727
54520		-27.474825	-3.171575	1.702355	1.084777	-5.468216	3.275190	0.765869	0.463135	-0.296631	16.248832	11.419075	-51.028396
54521		-29.097483	-4.112666	-1.571352	0.933564	-4.326444	3.213030	0.767090	0.432861	-0.362549	16.974905	8.502612	-49.955758
54522		-31.466230	-3.800010	-5.144609	0.549625	-3.295705	2.822089	0.772461	0.397461	-0.414307	17.417992	6.216438	-48.961566
54523		-34.277197	-3.297993	-9.275998	0.108133	-2.473580	1.986761	0.775635	0.383057	-0.442871	17.546643	4.516067	-48.298814
54524		-34.883317	-4.010810	-12.975324	-0.220430	-1.764338	0.849874	0.772705	0.380371	-0.464600	17.432181	3.401381	-48.138139
54525		-32.291225	-11.425645	-17.345503	0.000940	-0.628689	-0.116390	0.779785	0.382813	-0.484131	17.427663	3.080500	-48.311120
54526		-18.280653	-14.500537	-8.510090	1.013879	2.251387	-0.296772	0.784912	0.376465	-0.477539	18.024321	4.356791	-48.080212
54527		-18.456893	-1.714938	-10.304496	-0.220490	2.962075	0.509319	0.808105	0.376465	-0.448242	17.972396	5.890453	-47.276818
54528		14.038482	12.613408	16.859947	-0.846318	3.386914	-0.959505	0.832275	0.399170	-0.419922	17.496306	7.902064	-47.209214
54529		7.874424	6.895775	23.629481	-2.172870	3.091930	-2.146452	0.839844	0.427246	-0.388428	16.150421	9.963686	-47.883279
54530		-7.043927	-11.894652	13.262794	-2.431433	4.126147	-1.650786	0.864746	0.453857	-0.351807	14.701629	12.489961	-48.171875
54531		-16.579315	0.098329	8.066374	-2.304405	4.281900	-1.229413	0.874512	0.489014	-0.302490	13.360858	15.049821	-48.264318
54532		-16.871878	20.225637	17.089326	-2.720066	4.481667	-2.159938	0.885010	0.516113	-0.260986	11.610111	17.820200	-48.945168
54533		-14.345125	10.309801	9.874028	-2.901882	3.879292	-2.300062	0.884033	0.552002	-0.211914	9.644829	20.259915	-49.882509
54534		-7.346060	-7.217013	7.912057	-2.198625	3.655797	-2.782417	0.878418	0.579834	-0.173828	7.892992	22.568965	-51.231478
54535		-9.803996	-12.755222	12.369852	-2.094790	3.363967	-2.664727	0.882324	0.620605	-0.136230	6.135164	24.682482	-52.629367
54536		-13.465893	-1.524135	12.233097	-1.831720	2.525396	-1.944460	0.866455	0.645020	-0.105469	4.623177	26.223363	-53.706906
54537		-21.031582	-8.852896	21.315597	-1.659531	1.389022	-1.199240	0.864014	0.660645	-0.086426	3.355491	27.080488	-54.413849
54538		-11.603322	-14.795106	9.840639	-1.190877	0.301000	-0.248369	0.864258	0.657227	-0.072021	2.605952	27.255979	-54.562691
54539		0.560530	9.920428	9.288706	-1.504214	-0.049700	0.005382	0.863770	0.654297	-0.063965	1.740601	27.244712	-54.564025
54540		-8.008681	-1.572763	8.952483	-0.947626	-0.076497	-0.259106	0.867676	0.657715	-0.045166	1.121917	27.200491	-54.731213
54541		-4.912877	-2.602821	9.705226	-0.838956	-0.187197	-0.074261	0.865723	0.656250	-0.054688	0.615229	27.110753	-54.783852
54542		-5.303445	0.445035	8.879495	-0.558825	-0.159143	-0.086351	0.866455	0.657471	-0.050049	0.270618	27.015857	-54.839183
54543		-4.784768	-1.356116	9.178228	-0.398177	-0.092786	-0.065058	0.865723	0.668945	-0.047607	0.019750	26.979542	-54.884220
54544		-4.732731	-0.423581	8.882869	-0.277201	-0.035578	-0.053517	0.867676	0.665771	-0.050781	-0.153438	26.955031	-54.917540
54545		-4.653569	-0.527216	8.827987	-0.192012	0.012479	-0.047177	0.861328	0.673828	-0.049561	-0.281128	26.978673	-54.950996
54546		-4.577421	-0.153391	8.745198	-0.138253	0.036734	-0.042837	0.872070	0.671875	-0.039307	-0.371665	26.995493	-54.977595
54547		-4.592437	-0.174467	8.684649	-0.114361	0.056846	-0.035593	0.859619	0.670654	-0.051270	-0.451675	27.044347	-55.003845
54548		-4.511971	-0.072352	8.670340	-0.109042	0.056955	-0.031495	0.858643	0.672607	-0.044922	-0.522268	27.072741	-55.023328
54549		-4.568906	-0.051900	8.591087	-0.113764	0.059817	-0.026132	0.868164	0.660645	-0.043701	-0.599231	27.123130	-55.043590
54550		-4.766163	-0.120002	8.570769	-0.121175	0.054864	-0.028062	0.867188	0.667480	-0.047119	-0.675829	27.150303	-55.060945
54551		-4.757356	-0.101878	8.541876	-0.127252	0.023468	-0.036970	0.869629	0.668701	-0.042969	-0.763604	27.179616	-55.087975
54552		-4.720425	-0.100772	8.552498	-0.143897	0.003385	-0.040791	0.864746	0.669678	-0.041992	-0.856807	27.177147	-55.113157
54553		-4.698433	-0.246949	8.546162	-0.145688	-0.024127	-0.040126	0.865234	0.666504	-0.040527	-0.955842	27.178983	-55.141749
54554		-4.595528	-0.325066	8.608758	-0.140109	-0.040585	-0.039955	0.858887	0.670166	-0.043213	-1.046392	27.151259	-55.165885
54555		-4.533544	-0.478067	8.699780	-0.120180	-0.048829	-0.032590	0.858398	0.668945	-0.036865	-1.128428	27.138817	-55.189240
54556		-4.598774	-0.510822	8.645287	-0.103017	-0.034182	-0.030921	0.866943	0.674316	-0.038086	-1.195055	27.114806	-55.207550
54557		-4.497449	-0.545855	8.661274	-0.084860	-0.011909	-0.027154	0.859863	0.671387	-0.037598	-1.255503	27.123371	-55.227826
54558		-4.467787	-0.508379	8.659328	-0.076955	0.022383	-0.022789	0.859131	0.667236	-0.039551	-1.305157	27.131830	-55.241660
54559		-4.480886	-0.407574	8.553304	-0.075767	0.051355	-0.018350	0.864990	0.675049	-0.034912	-1.358307	27.176538	-55.257205
54560		-4.346062	-0.580058	8.759182	-0.066290	0.094912	-0.015197	0.864014	0.671143	-0.040039	-1.400157	27.226626	-55.267300
54561		-4.343740	-0.685624	8.733071	-0.036191	0.157375	-0.002666	0.860352	0.676514	-0.037354	-1.426868	27.332065	-55.274485
54562		-4.523397	-0.460319	8.868205	-0.024244	0.232424	0.016474	0.859619	0.670898	-0.031982	-1.436309	27.461362	-55.266435
54563		-4.633407	-0.520273	8.859946	-0.003643	0.260525	0.025144	0.864990	0.674072	-0.032471	-1.436935	27.626064	-55.257395
54564		-4.705359	-0.424428	8.731176	0.013138	0.301060	0.035949	0.862305	0.667969	-0.026367	-1.419559	27.794952	-55.237820
54565		-4.778212	-0.443091	8.737342	0.022379	0.325483	0.042961	0.865967	0.670654	-0.024170	-1.400258	27.996935	-55.218172
54566		-4.771866	-0.631638	8.739107	0.043011	0.368085	0.066731	0.866211	0.665527	-0.019531	-1.356615	28.204623	-55.179419
54567		-4.929827	-0.658580	8.756435	0.057010	0.397338	0.104023	0.867432	0.669434	-0.014893	-1.298826	28.448392	-55.120759
54568		-5.061406	-0.636360	8.770438	0.066207	0.440828	0.159993	0.863281	0.661377	-0.020020	-1.212689	28.698847	-55.021536
54569		-5.047607	-0.421987	8.643131	0.076450	0.450713	0.190644	0.873047	0.667969	-0.012939	-1.115832	28.973926	-54.905945
54570		-5.033536	-0.374701	8.749514	0.106945	0.495766	0.207537	0.871094	0.666260	-0.001953	-0.989940	29.256043	-54.774677
54571		-5.066584	-0.323293	8.606210	0.139540	0.540455	0.204463	0.860107	0.666260	-0.008301	-0.850876	29.582098	-54.649023
54572		-4.948743	-0.358261	8.754773	0.181715	0.584838	0.212360	0.873535	0.656006	-0.002930	-0.678472	29.914701	-54.512902
54573		-4.616435	-0.420960	8.845398	0.217258	0.669182	0.234585	0.870850	0.667480	0.003662	-0.482371	30.313860	-54.365162
54574		-4.440902	-0.420602	8.927534	0.256629	0.782254	0.258313	0.871094	0.650146	0.011963	-0.248399	30.758909	-54.195532
54575		-3.746797	-0.303217	9.221136	0.366145	0.943521	0.240104	0.875244	0.652344	0.012451	0.039508	31.313838	-54.039326
54576		-4.154725	-0.375176	9.193398	0.410319	1.136739	0.256603	0.884521	0.643555	0.020996	0.367928	31.960520	-53.862839
54577		-4.405815	-0.348441	9.150506	0.472158	1.311698	0.239625	0.889648	0.654297	0.022949	0.725860	32.724261	-53.695135
54578		-4.419723	-0.483859	9.421538	0.527889	1.494206	0.249500	0.883057	0.645020	0.039551	1.132057	33.573842	-53.506802
54579		-4.058029	-0.451689	9.542611	0.570891	1.727614	0.234783	0.883545	0.647217	0.045654	1.561695	34.573283	-53.319814
54580		-3.758879	-0.318616	9.806027	0.586236	1.999720	0.219435	0.889893	0.640381	0.063232	2.012521	35.710441	-53.121457
54581		-3.270801	-0.125707	10.549908	0.599897	2.386318	0.182787	0.876953	0.640869	0.072754	2.468466	37.084828	-52.928746
54582		-2.524751	0.318768	11.190524	0.598072	2.915455	0.127494	0.885010	0.642822	0.103516	2.930607	38.745835	-52.735597
54583		-1.636610	1.225523	11.210257	0.588077	3.570702	0.019228	0.881592	0.645508	0.124512	3.365736	40.798988	-52.579112
54584		-0.910400	1.509130	11.534546	0.551545	4.521504	-0.142531	0.875732	0.651611	0.159424	3.754870	43.385547	-52.471247
54585		-0.896408	2.537891	12.795382	0.389202	5.731765	-0.333472	0.875244	0.642578	0.208984	4.004973	46.684106	-52.430856
54586		-3.128255	2.599420	13.705343	0.352648	7.128250	-0.653425	0.855225	0.645752	0.267090	4.112401	50.780401	-52.557774
54587		-8.983233	3.763406	15.662130	0.520469	8.351657	-1.104840	0.819580	0.654297	0.322021	4.015106	55.605106	-53.050388
54588		-17.381775	4.814107	19.920591	0.566729	8.833065	-1.548914	0.785156	0.662598	0.382568	3.445504	60.709141	-54.103224
54589		-18.310243	6.330313	17.908417	0.222515	8.678364	-1.954973	0.745850	0.684570	0.439209	1.800405	65.732658	-56.086710
54590		-18.889124	8.216520	17.019393	-0.361120	8.398384	-2.198243	0.701172	0.688721	0.500488	-1.515360	70.545560	-59.434024
54591		-20.129082	9.397528	18.971800	-0.838415	7.648737	-2.284267	0.651123	0.698242	0.545654	-7.265094	74.821662	-64.949675
54592		-16.581464	6.335507	18.802473	-1.243248	6.704220	-2.466610	0.613770	0.700684	0.583740	-17.158580	78.284738	-74.384629
54593		-10.377038	6.731152	18.063441	-1.297556	6.028441	-2.382381	0.572021	0.702637	0.613281	-32.559960	80.865583	-89.282800
54594		-1.388965	3.935754	18.901177	-0.965651	4.928155	-2.041458	0.544434	0.700684	0.629639	-51.716291	82.189884	-108.086846
54595		8.297557	-4.068561	10.106657	-0.031648	4.674350	-2.466528	0.502441	0.714111	0.646729	-73.854626	82.157072	-130.410890
54596		-22.290798	1.412991	21.728998	0.980331	4.904309	-2.471356	0.472412	0.728760	0.667725	-93.353751	81.046180	-150.684636
54597		-14.025829	-0.983438	19.940199	2.285847	2.731771	-1.780068	0.460449	0.742188	0.634033	-100.492726	79.846024	-159.252577
54598		-6.988938	-0.064007	13.160391	3.205002	1.609758	-0.879277	0.463867	0.764160	0.608398	-102.958752	79.166594	-163.628779
54599		-11.950941	10.227355	-1.440605	2.779244	-0.424415	-0.123763	0.468506	0.771729	0.582520	-99.975446	79.152202	-162.214232
54600		-2.223250	9.715460	8.021528	2.658266	-2.488064	-0.267823	0.496826	0.791748	0.532715	-90.949062	79.136434	-154.575444
54601		-2.192508	6.920673	10.918790	2.040925	-3.157975	0.033470	0.531494	0.800293	0.489014	-80.325797	79.023677	-144.950204
54602		-0.191281	8.050429	7.607475	1.212772	-3.527404	0.317596	0.563477	0.796631	0.460449	-69.456753	78.670980	-134.582133
54603		1.899172	5.657678	6.439834	0.800634	-3.475554	0.422476	0.582275	0.808594	0.415039	-59.660342	78.033042	-125.052137
54604		1.785150	3.038827	5.340534	0.714560	-3.498632	0.713571	0.615967	0.801514	0.386719	-50.659386	77.219490	-116.258092
54605		0.939448	1.806460	5.373326	0.750538	-3.614483	1.088417	0.647705	0.799072	0.345459	-41.956222	76.231804	-107.762698
54606		-0.932276	1.594474	5.259740	0.840112	-3.767687	1.520435	0.666748	0.801025	0.299805	-33.597608	75.053637	-99.633587
54607		-1.625502	2.367672	5.164366	0.787364	-4.047202	1.893663	0.694580	0.795898	0.257324	-25.631678	73.558524	-91.833554
54608		-1.294276	2.713379	5.275792	0.574955	-4.332690	2.146939	0.729004	0.781494	0.209961	-18.652163	71.716042	-84.868495
54609		-1.223831	1.932404	5.734027	0.328869	-4.544224	2.312848	0.762695	0.778320	0.160889	-12.773582	69.548513	-78.843399
54610		-1.795528	0.581415	6.693623	0.209357	-4.706940	2.456874	0.787354	0.772217	0.098389	-7.937428	67.142497	-73.771485
54611		-2.874217	-0.827763	7.213359	0.254089	-4.911559	2.572487	0.810059	0.754150	0.052246	-3.848594	64.471667	-69.455121
54612		-3.575860	-1.774252	7.048077	0.436921	-5.177668	2.647281	0.827637	0.754150	-0.018311	-0.401265	61.557982	-65.869842
54613		-4.244521	-1.698713	7.194418	0.650781	-5.420480	2.670716	0.841064	0.728271	-0.084229	2.542331	58.399390	-62.907197
54614		-4.946129	-1.757126	7.568100	0.814197	-5.646174	2.624261	0.852783	0.707031	-0.153809	4.975209	55.067996	-60.557602
54615		-5.434063	-1.885032	8.212229	0.938058	-5.877079	2.517195	0.852539	0.688232	-0.233887	6.981892	51.542922	-58.731299
54616		-5.696109	-1.567040	9.028360	1.063123	-6.046516	2.360502	0.831543	0.671143	-0.303467	8.619536	47.922637	-57.385328
54617		-6.647908	-0.896240	9.980512	1.183249	-6.156806	2.198419	0.811523	0.635498	-0.364990	10.005146	44.211210	-56.408301
54618		-7.929419	0.649799	11.540657	1.270318	-6.238321	2.052310	0.766846	0.597412	-0.422119	11.188639	40.477408	-55.733699
54619		-11.526654	-0.150584	12.070976	1.311786	-6.365420	2.079381	0.733398	0.542969	-0.465576	12.285906	36.637293	-55.185002
54620		-16.034537	-0.214556	12.279891	1.422704	-6.562093	2.291622	0.687012	0.491943	-0.495117	13.409269	32.675463	-54.645211
54621		-18.929857	1.431064	12.539927	1.441532	-6.709883	2.591087	0.666016	0.442383	-0.526611	14.517336	28.530580	-54.347708
54622		-20.237398	2.777013	12.090339	1.102797	-6.661753	2.967165	0.652344	0.392578	-0.553955	15.476101	24.399530	-53.616949
54623		-20.600880	3.127632	11.156890	0.574151	-6.374938	3.323180	0.633545	0.337646	-0.576904	16.148470	20.338575	-52.764027
54624		-22.149764	2.759824	9.709563	0.009651	-5.798564	3.587488	0.615967	0.290283	-0.613770	16.501422	16.568116	-51.669434
54625		-25.244792	1.769020	7.500503	-0.517993	-5.053142	3.724090	0.591797	0.257324	-0.642822	16.534679	13.170003	-50.378814
54626		-28.838426	-0.367628	3.770660	-0.916492	-4.230239	3.672713	0.573730	0.230469	-0.669678	16.286615	10.246166	-49.017064
54627		-32.216136	-2.340332	-0.671694	-1.079064	-3.378595	3.302571	0.549072	0.199463	-0.686279	15.877114	7.852593	-47.697802
54628		-33.030666	-3.211467	-4.920724	-1.107039	-2.548978	2.543121	0.538574	0.190674	-0.708252	15.366631	6.049476	-46.680582
54629		-22.400098	-8.258100	-6.222218	-0.260729	-1.076704	1.148267	0.528809	0.170654	-0.704834	15.268139	5.279852	-46.188875
54630		-33.712350	-7.456241	-18.779012	0.424827	1.433531	0.378696	0.538086	0.169189	-0.709229	15.554531	6.009821	-45.759537
54631		-40.976443	0.969378	-17.956570	-0.405637	1.704396	-0.123067	0.543457	0.163574	-0.694092	15.344808	6.974866	-45.567609
54632		-2.950672	8.699936	-8.082704	-1.228864	2.605743	-0.818720	0.561768	0.181152	-0.667480	14.632278	8.534168	-45.635392
54633		-1.806936	0.926895	21.632740	-1.254580	3.092611	-2.039494	0.580811	0.198730	-0.660889	13.799022	10.549814	-46.344942
54634		-4.057688	-7.525161	27.361007	-1.505840	3.470865	-1.092160	0.591797	0.203125	-0.635010	12.906213	12.625015	-46.497659
54635		-12.016435	-4.523495	10.752648	-1.943184	3.082344	-0.995140	0.610596	0.223877	-0.604980	11.749736	14.482554	-46.684866
54636		-11.880068	-3.703298	12.390498	-1.537331	3.214179	-1.234535	0.630859	0.240723	-0.574951	10.777264	16.422622	-47.031263
54637		-10.524616	7.644255	14.677691	-1.637054	3.101011	-1.252221	0.644043	0.250732	-0.558838	9.715721	18.311332	-47.442478
54638		-7.899097	8.247952	8.956867	-1.926345	2.798317	-1.428943	0.660156	0.274170	-0.538818	8.419571	20.019446	-48.030576
54639		-2.385384	5.145009	6.038649	-1.811403	2.964920	-1.891163	0.672119	0.287842	-0.523682	7.057998	21.862421	-48.937719
54640		-6.233867	4.128055	7.104460	-1.778503	3.277475	-2.241971	0.672852	0.319092	-0.493652	5.588587	23.866208	-50.098280
54641		-8.807678	-0.051373	9.023922	-1.544790	2.639580	-2.304337	0.686523	0.337891	-0.473145	4.157984	25.499256	-51.406979
54642		-22.570088	-13.290015	21.810491	-1.560779	1.822149	-1.399800	0.684082	0.354004	-0.454102	2.905003	26.586559	-52.225595
54643		-15.428628	-15.844211	11.935395	-1.037989	0.345308	-0.254641	0.684082	0.364502	-0.454346	2.238908	26.806497	-52.382297
54644		1.658559	8.042012	11.385667	-0.995700	0.142943	-0.056825	0.685059	0.364502	-0.444092	1.654502	26.885335	-52.414759
54645		-8.454510	-2.444381	8.917280	-0.530508	0.232616	-0.151100	0.688721	0.363037	-0.437744	1.304458	27.036622	-52.511894
54646		-4.274133	-1.836468	9.629702	-0.485014	0.064868	-0.042040	0.696533	0.377441	-0.434570	1.015833	27.070160	-52.537135
54647		-5.050055	1.449794	8.715094	-0.412162	0.059487	-0.029520	0.684326	0.376465	-0.437988	0.766828	27.120518	-52.559667
54648		-4.684664	-1.342459	9.222123	-0.271320	0.052222	-0.054122	0.684570	0.375244	-0.427979	0.596867	27.146704	-52.593115
54649		-4.400999	0.204513	8.816568	-0.214156	0.091282	-0.003031	0.690186	0.374512	-0.429443	0.469076	27.214905	-52.598605
54650		-4.238742	-0.164475	8.885248	-0.165218	0.142280	-0.004672	0.685791	0.384766	-0.426270	0.374557	27.292345	-52.599925
54651		-4.578661	0.106068	8.718734	-0.162936	0.193903	0.006897	0.682373	0.381104	-0.422607	0.279165	27.419060	-52.598794
54652		-4.755028	0.164664	8.598008	-0.162556	0.181038	-0.005711	0.689453	0.366211	-0.429199	0.185770	27.518704	-52.600975
54653		-4.821493	0.051771	8.611173	-0.195722	0.163739	-0.015839	0.694824	0.377197	-0.423584	0.064668	27.628030	-52.614966
54654		-4.811350	0.178055	8.623355	-0.228937	0.137298	-0.019554	0.694336	0.380127	-0.425781	-0.071141	27.702604	-52.626567
54655		-4.835827	-0.090239	8.577836	-0.253799	0.102753	-0.020365	0.697021	0.388184	-0.425293	-0.227024	27.776819	-52.643854
54656		-4.629488	-0.066531	8.580474	-0.270351	0.088091	-0.014500	0.693359	0.383057	-0.421143	-0.385195	27.823160	-52.652471
54657		-4.526745	-0.183991	8.617728	-0.282235	0.095366	-0.011905	0.693604	0.384766	-0.419189	-0.554955	27.892977	-52.664575
54658		-4.330572	-0.316525	8.709604	-0.274439	0.137337	-0.000981	0.693848	0.385986	-0.416748	-0.711690	27.967573	-52.665089
54659		-4.792808	-0.741443	8.771135	-0.222963	0.189027	0.012448	0.693115	0.383057	-0.414307	-0.840625	28.090975	-52.662508
54660		-4.732869	-0.638870	8.734240	-0.167213	0.218408	0.020663	0.700439	0.387451	-0.411621	-0.929850	28.212206	-52.650145
54661		-4.732017	-0.557556	8.658255	-0.113092	0.253881	0.021388	0.701904	0.387207	-0.412842	-0.993676	28.372700	-52.642861
54662		-4.849488	-0.496085	8.674085	-0.063399	0.283802	0.029375	0.695068	0.381836	-0.404785	-1.021140	28.531503	-52.625830
54663		-4.946533	-0.337993	8.625169	-0.037805	0.287009	0.049952	0.700439	0.386230	-0.403564	-1.033157	28.711120	-52.600463
54664		-4.983640	-0.381702	8.505863	-0.033825	0.276387	0.061755	0.699951	0.387451	-0.408936	-1.033366	28.866017	-52.562207
54665		-4.987582	-0.111200	8.452569	-0.037276	0.251605	0.060525	0.699951	0.385986	-0.402100	-1.041345	29.025347	-52.529442
54666		-4.931057	-0.305617	8.578583	-0.038375	0.259568	0.066914	0.706055	0.378174	-0.397461	-1.042194	29.170668	-52.487516
54667		-4.974756	-0.249437	8.573235	-0.032877	0.269728	0.083245	0.711182	0.380371	-0.405273	-1.040186	29.340492	-52.439928
54668		-5.089454	-0.359238	8.654720	-0.027446	0.285105	0.095995	0.702637	0.382568	-0.395020	-1.025244	29.500737	-52.379019
54669		-5.136886	-0.463396	8.662481	-0.018810	0.331705	0.111341	0.708740	0.383057	-0.396484	-1.005947	29.706197	-52.313374
54670		-5.030251	-0.545479	8.642816	0.003441	0.385536	0.136780	0.716797	0.376953	-0.389404	-0.959921	29.924330	-52.226274
54671		-5.032842	-0.617798	8.685443	0.045368	0.457500	0.147565	0.718506	0.382324	-0.389893	-0.891707	30.201956	-52.137349
54672		-4.883619	-0.541220	8.639982	0.089036	0.496241	0.157535	0.710449	0.378174	-0.383057	-0.788976	30.483498	-52.036455
54673		-4.766132	-0.662959	8.758696	0.158658	0.564843	0.160324	0.718018	0.378174	-0.387451	-0.650344	30.822231	-51.938309
54674		-4.439373	-0.514797	8.782329	0.240834	0.662230	0.160697	0.719238	0.370361	-0.378174	-0.457886	31.198452	-51.834035
54675		-4.819099	-0.323156	8.580485	0.289535	0.758509	0.167869	0.719482	0.381348	-0.371338	-0.239210	31.647282	-51.728383
54676		-5.149585	0.021705	8.438936	0.313963	0.788600	0.179726	0.732666	0.372070	-0.366455	0.005463	32.095237	-51.607106
54677		-4.971681	0.041015	8.585113	0.306053	0.842080	0.177068	0.728271	0.370850	-0.364990	0.241407	32.590925	-51.489798
54678		-4.896083	-0.139968	8.692221	0.309613	0.911456	0.186795	0.738281	0.365479	-0.366943	0.491396	33.108359	-51.357351
54679		-4.788557	-0.036258	8.782375	0.337918	1.027696	0.168195	0.738037	0.369141	-0.352295	0.748514	33.709244	-51.238329
54680		-4.822849	-0.089050	8.806986	0.355184	1.134201	0.168808	0.747803	0.356689	-0.343750	1.025458	34.353413	-51.108449
54681		-4.754452	-0.227467	8.850598	0.397192	1.264697	0.153220	0.749756	0.358643	-0.342773	1.319879	35.088822	-50.987744
54682		-4.583419	-0.389870	8.969571	0.426029	1.438649	0.142957	0.756104	0.353760	-0.332031	1.638897	35.906604	-50.860018
54683		-4.669802	-0.410160	9.077757	0.462446	1.631681	0.143549	0.758789	0.345459	-0.320068	1.981794	36.850662	-50.725514
54684		-4.627455	-0.503100	9.053635	0.498220	1.848412	0.144173	0.767334	0.347656	-0.312012	2.362324	37.901709	-50.570154
54685		-4.842920	-0.429942	8.931120	0.544733	2.052157	0.156426	0.774902	0.343018	-0.298096	2.782979	39.083939	-50.392872
54686		-4.836164	-0.437538	8.811857	0.602659	2.253472	0.171022	0.783203	0.332031	-0.284912	3.267567	40.363979	-50.176128
54687		-4.752751	-0.397093	8.644374	0.643480	2.504861	0.187631	0.796875	0.329102	-0.256592	3.802013	41.800826	-49.921287
54688		-4.740966	-0.342539	8.466487	0.663119	2.822354	0.189083	0.802002	0.330322	-0.244141	4.388899	43.401905	-49.616729
54689		-4.357837	-0.272711	8.550576	0.640588	3.252071	0.156645	0.809570	0.324707	-0.226563	4.986772	45.261989	-49.284179
54690		-3.692860	0.227056	9.137750	0.603532	3.895606	0.110483	0.818848	0.319336	-0.200439	5.616417	47.474458	-48.893178
54691		-2.503253	1.908217	9.897746	0.527553	4.836807	0.027820	0.824951	0.313721	-0.163330	6.259169	50.238601	-48.439446
54692		-2.619807	3.823359	10.762122	0.471229	5.979012	-0.095939	0.838623	0.315918	-0.111572	6.964771	53.643728	-47.887505
54693		-3.906512	4.190500	11.516258	0.410315	7.106022	-0.335831	0.835449	0.319580	-0.059082	7.674587	57.714147	-47.312486
54694		-8.339248	4.442932	13.619163	0.361598	8.075192	-0.684246	0.841064	0.319824	0.009766	8.327004	62.346282	-46.799941
54695		-18.260749	4.910033	15.383584	0.536484	8.583286	-1.154894	0.843018	0.318848	0.075928	8.793962	67.313321	-46.624273
54696		-21.297775	4.384578	13.595501	0.426152	8.603656	-1.691834	0.822021	0.337891	0.143311	8.441537	72.328335	-47.260234
54697		-21.355041	5.361878	14.375482	0.257952	8.447580	-2.044248	0.801270	0.352295	0.204102	6.643649	77.284730	-49.275403
54698		-22.767914	7.567967	15.872634	-0.173442	7.992389	-2.212054	0.779297	0.380127	0.266602	1.397853	81.942280	-54.503827
54699		-22.140118	6.822029	19.824220	-0.552150	7.109771	-2.220836	0.742676	0.395996	0.310791	-15.513737	85.870579	-71.183225
54700		-16.138590	7.266176	18.773722	-0.762632	6.288837	-2.366803	0.712891	0.394287	0.354980	-81.542256	87.498677	-136.857529
54701		-11.540058	7.525230	19.884057	-0.869139	5.569593	-2.218594	0.683838	0.412354	0.386475	-127.284072	85.305767	177.825183
54702		-3.422990	3.887975	20.380613	-0.568620	4.190468	-1.889140	0.662598	0.431396	0.412598	-137.654665	82.880305	167.728598
54703		15.038497	-4.509993	2.247121	-0.097082	5.068385	-2.455039	0.623047	0.438232	0.439697	-142.774916	79.754046	162.606799
54704		-28.175357	1.965949	18.966144	0.797086	6.629099	-2.370778	0.583252	0.456055	0.465088	-147.243985	75.863642	157.569475
54705		-20.112057	-2.327136	19.472552	2.246127	3.651780	-2.090553	0.552979	0.479248	0.477295	-146.453508	73.468412	157.054032
54706		-13.113786	-0.411273	16.644614	3.658152	2.398689	-1.611507	0.518555	0.498291	0.469238	-144.413808	71.816809	156.994151
54707		-13.474849	5.001381	13.165033	3.974802	1.203728	-0.930522	0.502441	0.520264	0.444824	-142.068306	70.961341	157.065035
54708		-11.032361	11.445558	3.874379	3.145939	-0.770055	-0.476009	0.502930	0.536865	0.420166	-138.829141	71.131624	158.583254
54709		-1.647784	10.746690	5.583572	2.335808	-2.593110	-0.371491	0.503906	0.538818	0.394287	-133.915366	72.079954	162.350016
54710		0.366369	7.951137	9.771665	1.760590	-3.394552	-0.294365	0.499268	0.551270	0.372314	-127.833713	73.229764	167.663107
54711		-1.997132	7.771130	8.888618	1.016430	-3.899330	-0.032302	0.515869	0.544678	0.343018	-120.787567	74.496059	174.389658
54712		-2.331707	7.003379	6.889658	0.351571	-4.241575	0.254440	0.521973	0.560547	0.323486	-112.647856	75.724659	-177.398462
54713		-2.418755	4.987812	6.078367	-0.017538	-4.444644	0.567974	0.537354	0.544922	0.307617	-103.043784	76.836992	-167.505850
54714		-1.766135	3.062973	5.381562	-0.186856	-4.670108	0.958546	0.534668	0.540283	0.285400	-91.662738	77.730228	-155.731978
54715		-1.578938	2.102799	5.109800	-0.165750	-4.842251	1.331349	0.549316	0.525635	0.254150	-78.286903	78.260765	-141.965740
54716		-2.067646	1.771017	5.478284	-0.052569	-5.055925	1.652554	0.563721	0.516846	0.231689	-63.621411	78.209583	-126.959104
54717		-2.594747	1.288999	5.536049	0.055124	-5.232998	1.895702	0.582520	0.509033	0.202148	-49.052820	77.440979	-112.094975
54718		-3.142590	1.076865	5.517920	0.170767	-5.364924	2.084049	0.607910	0.503418	0.170898	-36.368382	75.980768	-99.166798
54719		-3.901755	0.848506	5.878216	0.306604	-5.482225	2.220074	0.607178	0.487305	0.137939	-25.982536	73.926164	-88.601639
54720		-4.709710	0.565353	6.198569	0.420194	-5.599490	2.327928	0.632568	0.474854	0.109375	-17.911271	71.439281	-80.403351
54721		-5.357562	0.329533	6.550957	0.524455	-5.715049	2.399928	0.642334	0.464844	0.072266	-11.598526	68.594315	-74.012856
54722		-6.099922	0.111899	7.215608	0.630860	-5.831482	2.449657	0.653809	0.450684	0.033936	-6.701888	65.512252	-69.091139
54723		-6.973126	-0.056914	7.890879	0.741998	-5.976784	2.487470	0.663330	0.416016	-0.002441	-2.771423	62.187069	-65.192590
54724		-7.815069	0.025165	8.574124	0.849004	-6.140429	2.515855	0.673340	0.409668	-0.044922	0.389037	58.694376	-62.121134
54725		-8.737902	0.185153	9.265905	0.965693	-6.313809	2.517724	0.663818	0.385010	-0.089844	3.008927	55.004357	-59.659183
54726		-9.542819	0.294881	9.886264	1.082247	-6.459024	2.522344	0.655273	0.363037	-0.141357	5.198936	51.205054	-57.698515
54727		-10.426620	0.042367	10.679021	1.190569	-6.573216	2.561322	0.654297	0.345703	-0.180176	7.120661	47.271141	-56.068633
54728		-11.604035	-0.209123	11.415678	1.328524	-6.623797	2.656832	0.631104	0.310791	-0.225830	8.872938	43.296721	-54.676297
54729		-13.315498	-0.038119	11.755563	1.490628	-6.624437	2.753023	0.614258	0.288086	-0.266113	10.541142	39.257449	-53.449372
54730		-15.893750	0.832505	12.100143	1.662645	-6.555279	2.863152	0.593018	0.261719	-0.295166	12.156381	35.247884	-52.357340
54731		-18.261404	2.995771	12.804318	1.729701	-6.406340	2.995621	0.566406	0.240479	-0.320801	13.713500	31.255236	-51.332891
54732		-20.140091	6.329782	14.617071	1.504540	-6.242500	3.180114	0.539551	0.213623	-0.343994	15.068231	27.333654	-50.328810
54733		-22.673743	9.264005	15.214027	0.869400	-6.157913	3.399292	0.531982	0.201660	-0.359375	16.014150	23.383928	-49.293660
54734		-25.675942	9.749905	13.668019	-0.034904	-6.143528	3.654967	0.517090	0.192871	-0.384766	16.398032	19.415035	-48.189459
54735		-26.624469	7.048230	10.318326	-0.875705	-6.067480	3.853141	0.501709	0.174316	-0.415527	16.260714	15.433516	-46.990059
54736		-26.273083	2.425912	5.935666	-1.248681	-5.765758	3.920796	0.482666	0.162354	-0.421875	15.845539	11.633264	-45.709646
54737		-27.054361	-1.198937	1.079357	-1.089464	-5.124523	3.878868	0.478027	0.151611	-0.448242	15.462691	8.187592	-44.339735
54738		-29.331845	-3.192583	-4.244048	-0.499380	-4.217944	3.680188	0.467529	0.139160	-0.472900	15.341662	5.293322	-42.939388
54739		-30.185887	-2.458089	-7.584216	-0.030880	-3.311667	3.350430	0.464844	0.117920	-0.472168	15.426089	2.943062	-41.587975
54740		-33.213451	-0.744729	-10.741090	0.002698	-2.464155	2.796285	0.448486	0.108887	-0.487793	15.470138	1.151200	-40.419267
54741		-33.353136	-8.923689	-15.601177	0.568919	-1.305548	2.137452	0.439941	0.104736	-0.488281	15.812022	0.097433	-39.442377
54742		-27.852653	-19.015714	-15.172548	2.413002	1.012597	1.945611	0.462402	0.081055	-0.488281	17.200004	0.332796	-38.209017
54743		-38.226676	-9.642909	-22.871835	2.151426	3.100925	2.546240	0.465332	0.061279	-0.470703	18.468353	1.581990	-36.277490
54744		6.620997	12.426145	-9.095657	1.075217	3.276495	1.198045	0.493652	0.048340	-0.459229	19.136874	3.133739	-35.022041
54745		8.133143	19.754791	18.672064	-1.170953	4.145510	-1.738804	0.512695	0.066650	-0.436768	18.457399	5.711825	-35.202346
54746		2.910920	-17.961882	29.507715	-2.954197	4.914325	-3.195367	0.530029	0.096924	-0.402588	16.649688	8.944349	-36.106276
54747		-24.550347	-18.364038	10.444942	-2.254053	4.856181	-1.179568	0.557861	0.123779	-0.377441	15.382934	11.811611	-35.987463
54748		-14.790217	26.768996	18.413398	-2.315268	5.033322	-1.918444	0.560791	0.134033	-0.350098	13.977907	14.875658	-36.329227
54749		-16.973702	19.150177	14.755228	-3.384231	4.659487	-2.703811	0.573730	0.163330	-0.322510	11.773105	17.833886	-37.284164
54750		-14.965904	3.870562	7.280302	-2.752260	4.208484	-2.751864	0.596436	0.196045	-0.302246	9.815265	20.493611	-38.445451
54751		-12.177278	-18.035124	13.161745	-2.123529	3.275373	-2.967551	0.587891	0.221436	-0.267334	8.055066	22.625161	-39.938495
54752		-12.424822	-13.602073	14.736027	-1.620963	2.789513	-2.195763	0.595703	0.239990	-0.245850	6.673746	24.367375	-41.075124
54753		-10.645189	1.714390	10.725981	-1.469902	2.012680	-1.646001	0.590576	0.250732	-0.234131	5.450561	25.628882	-41.977647
54754		-6.904691	1.723695	11.658485	-1.549714	1.473716	-1.424181	0.607910	0.270020	-0.222656	4.200388	26.534762	-42.803189
54755		-17.444150	-9.979649	18.054027	-1.441381	0.833843	-0.554138	0.594971	0.276611	-0.216553	3.229470	27.047843	-43.125703
54756		-3.736880	1.965934	8.410080	-1.549314	0.150065	-0.140280	0.603027	0.274658	-0.212158	2.303960	27.133471	-43.210390
54757		-4.279593	3.466676	7.892294	-1.420031	0.295067	-0.210003	0.601074	0.286377	-0.200195	1.429154	27.322875	-43.342206
54758		-6.717260	-4.165286	10.104802	-1.091565	0.026538	-0.180236	0.597900	0.287354	-0.203857	0.751715	27.335935	-43.457139
54759		-5.101768	0.141727	8.861375	-0.843122	0.020872	-0.067885	0.597656	0.290771	-0.200195	0.246265	27.364760	-43.503554
54760		-5.224238	-1.328596	9.143660	-0.560086	0.037819	-0.066741	0.606201	0.290527	-0.195801	-0.093197	27.382388	-43.545539
54761		-4.836837	-0.749817	8.909883	-0.360827	0.071323	-0.026726	0.599121	0.293457	-0.191406	-0.310423	27.439657	-43.565697
54762		-4.879883	-0.523516	8.795478	-0.240213	0.101451	-0.016689	0.594238	0.293701	-0.195801	-0.451980	27.493635	-43.575828
54763		-4.725064	-0.614836	8.870393	-0.146289	0.132080	-0.006766	0.604736	0.296875	-0.191406	-0.540772	27.585603	-43.583705
54764		-4.509258	-0.447110	8.808703	-0.075531	0.170546	-0.000887	0.600830	0.294922	-0.188232	-0.583559	27.679228	-43.584263
54765		-4.552767	-0.164519	8.741201	-0.049121	0.220977	0.005835	0.603027	0.291504	-0.199951	-0.613348	27.822003	-43.584759
54766		-4.661637	-0.016391	8.654305	-0.054736	0.236903	0.005529	0.597656	0.294922	-0.188721	-0.642555	27.953685	-43.581753
54767		-4.820858	0.135771	8.535387	-0.088806	0.227525	0.006253	0.597412	0.290771	-0.187500	-0.695011	28.100030	-43.582168
54768		-4.809239	0.132536	8.479835	-0.130082	0.188695	0.003071	0.590332	0.294434	-0.186523	-0.768065	28.204080	-43.580622
54769		-4.802296	-0.274743	8.590965	-0.145322	0.161213	0.019466	0.609619	0.284668	-0.185791	-0.848594	28.312421	-43.572132
54770		-4.755515	-0.291580	8.673759	-0.142045	0.154393	0.026201	0.604004	0.295898	-0.180420	-0.921332	28.397027	-43.555497
54771		-4.854673	-0.380662	8.599804	-0.141520	0.153564	0.043327	0.603516	0.298096	-0.179199	-0.992319	28.501084	-43.531605
54772		-4.883890	-0.464708	8.584523	-0.116874	0.150005	0.048205	0.604248	0.292725	-0.187012	-1.043799	28.583434	-43.500764
54773		-4.910118	-0.423509	8.679688	-0.097478	0.158842	0.052991	0.599609	0.293213	-0.172607	-1.086572	28.690524	-43.470760
54774		-4.859745	-0.329284	8.569586	-0.088896	0.176331	0.061855	0.608398	0.293213	-0.175781	-1.117838	28.788145	-43.431412
54775		-4.783550	-0.399172	8.625476	-0.073109	0.205931	0.074009	0.601318	0.294678	-0.184326	-1.140220	28.922333	-43.388298
54776		-4.891460	-0.443209	8.668805	-0.062506	0.244338	0.095671	0.600830	0.291992	-0.172852	-1.145904	29.059323	-43.327677
54777		-4.844781	-0.452337	8.674709	-0.052710	0.285736	0.110213	0.606201	0.289307	-0.177490	-1.145288	29.239484	-43.261758
54778		-5.009539	-0.278813	8.590542	-0.043907	0.342993	0.126712	0.610840	0.293457	-0.175293	-1.130526	29.433336	-43.181809
54779		-5.011846	-0.434680	8.517085	-0.037354	0.362858	0.140396	0.607666	0.281738	-0.173828	-1.111184	29.657832	-43.096644
54780		-5.039420	-0.331009	8.528283	-0.018681	0.385412	0.140978	0.605469	0.287109	-0.168945	-1.076784	29.876087	-43.007302
54781		-4.903778	-0.359149	8.554041	0.001669	0.410263	0.135935	0.611816	0.289795	-0.170898	-1.035876	30.127467	-42.924985
54782		-4.809597	-0.445471	8.625040	0.047143	0.441529	0.118777	0.610840	0.283203	-0.162598	-0.970429	30.377524	-42.850180
54783		-4.578367	-0.328666	8.687451	0.099730	0.498671	0.091267	0.614990	0.290771	-0.159424	-0.887694	30.678762	-42.797463
54784		-4.950602	-0.269058	8.545257	0.125320	0.546903	0.090940	0.609863	0.286133	-0.156738	-0.786184	30.988766	-42.740964
54785		-5.264467	-0.151794	8.339767	0.120993	0.578880	0.084106	0.611816	0.289063	-0.160889	-0.692809	31.335486	-42.692268
54786		-5.187884	-0.066236	8.355200	0.132356	0.575400	0.080531	0.616211	0.277832	-0.159180	-0.589616	31.661583	-42.641338
54787		-5.048690	-0.175928	8.433803	0.148174	0.603676	0.076849	0.607422	0.288086	-0.142334	-0.481830	32.022164	-42.595934
54788		-5.086686	-0.137918	8.470860	0.164022	0.649255	0.077551	0.616455	0.290039	-0.145996	-0.360233	32.390393	-42.545516
54789		-5.065659	-0.359662	8.589583	0.190670	0.700718	0.089801	0.622803	0.272461	-0.141357	-0.221812	32.806206	-42.489498
54790		-5.003378	-0.254240	8.701267	0.209265	0.768358	0.115093	0.618164	0.282227	-0.144287	-0.058387	33.242515	-42.411009
54791		-4.831175	-0.253140	8.750737	0.242084	0.865541	0.114444	0.623779	0.284668	-0.137939	0.121443	33.752178	-42.334727
54792		-4.750846	-0.411708	8.855278	0.299024	1.012478	0.111432	0.623779	0.279297	-0.132568	0.338843	34.327930	-42.253764
54793		-4.552215	-0.683962	9.038595	0.341767	1.189349	0.118354	0.637207	0.269531	-0.125244	0.582853	35.022179	-42.167390
54794		-4.502955	-0.876280	9.166605	0.399829	1.390770	0.144353	0.634277	0.273193	-0.113525	0.879359	35.813810	-42.052354
54795		-4.513505	-0.674738	9.084071	0.434157	1.616732	0.172924	0.625000	0.274902	-0.102783	1.210499	36.750974	-41.911428
54796		-4.580954	-0.635819	9.145923	0.479273	1.845167	0.194704	0.629395	0.275391	-0.087646	1.591049	37.801023	-41.737754
54797		-4.689135	-0.945850	9.058408	0.532011	2.070125	0.221746	0.634277	0.266113	-0.080811	2.023202	38.994700	-41.531128
54798		-4.433122	-0.847178	9.008147	0.598227	2.331542	0.259373	0.639648	0.268066	-0.066895	2.534494	40.319487	-41.268263
54799		-4.218929	-0.710961	8.838897	0.673724	2.669527	0.272960	0.642090	0.266846	-0.049072	3.119182	41.850927	-40.964421
54800		-3.988343	-0.619864	9.115840	0.722341	3.105380	0.270476	0.642090	0.266602	-0.027588	3.776239	43.613504	-40.607237
54801		-2.930132	-0.221568	9.918406	0.727299	3.780484	0.204848	0.635742	0.261963	-0.024414	4.459006	45.776153	-40.227697
54802		-1.978930	1.744888	10.689286	0.662172	4.754895	0.105511	0.650635	0.265137	0.013916	5.150621	48.481727	-39.802923
54803		-2.011294	3.768319	10.983249	0.551718	5.947395	-0.078533	0.644287	0.263916	0.052246	5.799257	51.887112	-39.369486
54804		-3.244411	5.341206	11.776399	0.405435	7.193929	-0.368804	0.649902	0.263428	0.093018	6.343419	56.004013	-38.985031
54805		-7.474710	6.486022	14.389887	0.179961	8.298994	-0.863399	0.635010	0.264648	0.149414	6.509639	60.791390	-38.911388
54806		-17.301184	6.215498	16.508027	0.130193	8.850146	-1.472039	0.612793	0.280762	0.204590	6.017253	65.919805	-39.545987
54807		-22.547102	4.736810	14.043595	0.038903	8.770241	-2.093913	0.592041	0.291260	0.248779	4.133380	71.036649	-41.594002
54808		-21.969991	6.035892	14.458946	-0.161575	8.505017	-2.523775	0.555420	0.303223	0.297607	-0.285093	75.955056	-46.102166
54809		-21.639249	9.017035	16.012186	-0.564574	7.991832	-2.686803	0.528320	0.317383	0.341064	-9.889145	80.397314	-55.576902
54810		-22.229004	9.140918	19.947809	-1.011589	7.056750	-2.734153	0.497803	0.317139	0.369385	-31.218531	83.684033	-76.516131
54811		-16.394969	8.726621	18.873723	-1.279217	6.080956	-2.903638	0.467773	0.332764	0.404053	-69.354813	84.685023	-114.098943
54812		-10.398855	9.535627	20.013121	-1.441980	5.248522	-2.724997	0.439453	0.346191	0.433350	-100.414251	83.352200	-144.488601
54813		1.197125	6.270218	19.228176	-1.320214	3.883459	-2.528349	0.405273	0.343994	0.458984	-113.794550	81.307340	-157.224361
54814		11.192614	-0.537836	1.865015	-1.118217	5.541137	-3.015481	0.374023	0.343262	0.477051	-125.055268	78.232092	-168.011630
54815		-30.404107	3.664992	21.543022	-0.204077	5.903339	-2.552155	0.344482	0.354004	0.489990	-132.403818	74.978117	-175.442724
54816		-18.754434	-0.673227	18.249020	1.281245	3.113728	-2.060443	0.318115	0.368164	0.495117	-133.408344	72.902060	-177.252517
54817		-15.575281	2.680392	15.265905	2.434450	1.940278	-1.253110	0.303711	0.375732	0.488037	-132.992219	71.632767	-178.281265
54818		-14.548514	9.685715	6.967779	2.111526	0.192960	-0.570893	0.294678	0.384033	0.477295	-131.363523	71.319574	-177.840291
54819		-5.460408	12.068590	4.395506	1.364229	-1.984650	-0.313246	0.303955	0.389648	0.468018	-127.572822	71.922966	-174.671197
54820		0.181964	9.676810	9.237590	0.891064	-3.153276	-0.318395	0.309814	0.391602	0.445801	-122.056660	72.808677	-169.420090
54821		-1.604775	9.041027	9.313090	0.186046	-3.638450	-0.184030	0.323975	0.385010	0.435547	-115.663333	73.744589	-162.858798
54822		-2.209936	9.565060	7.040024	-0.646737	-3.941920	0.004185	0.324707	0.380859	0.428467	-108.638669	74.602679	-155.174001
54823		-1.711812	7.571171	5.740871	-1.206255	-4.027628	0.122930	0.339844	0.375000	0.409424	-101.031062	75.283305	-146.584881
54824		-1.380910	5.034390	5.033432	-1.437626	-4.129769	0.346666	0.353760	0.356201	0.395264	-92.821408	75.768809	-137.257443
54825		-1.545471	3.193810	4.897185	-1.347490	-4.258375	0.675249	0.356445	0.347656	0.385498	-83.702408	76.097764	-127.066981
54826		-3.025209	2.421306	4.951843	-1.023503	-4.505077	1.056386	0.356445	0.332764	0.368896	-73.513672	76.181754	-115.971323
54827		-4.523340	2.494910	5.210449	-0.660665	-4.836671	1.416078	0.369385	0.329346	0.351074	-62.196396	75.892346	-103.927976
54828		-5.299446	2.962136	5.296777	-0.363849	-5.191652	1.721155	0.375977	0.323242	0.334961	-50.691308	75.063928	-91.831696
54829		-5.546164	3.294040	5.232154	-0.143387	-5.517057	1.971420	0.384766	0.309814	0.320313	-39.794694	73.626495	-80.440810
54830		-5.288815	3.899309	5.259126	-0.017707	-5.760215	2.149027	0.374756	0.292969	0.293701	-30.490880	71.626645	-70.685985
54831		-5.163199	4.145862	5.450266	0.017432	-5.908656	2.269508	0.372803	0.287109	0.280029	-22.862119	69.162775	-62.610341
54832		-5.611271	4.097421	5.633910	-0.001238	-6.019747	2.341582	0.370361	0.291016	0.270020	-16.896530	66.367712	-56.168450
54833		-6.837284	3.707879	6.050302	0.017796	-6.126008	2.393478	0.357666	0.289795	0.267822	-12.129958	63.287580	-50.925882
54834		-8.476995	3.133286	6.660086	0.103455	-6.259630	2.452779	0.370850	0.295654	0.262939	-8.322392	60.001590	-46.669617
54835		-9.860496	2.827103	6.914885	0.272884	-6.412558	2.504284	0.367432	0.288330	0.272217	-5.125852	56.492751	-43.108774
54836		-10.791900	2.913105	7.151350	0.514392	-6.541650	2.531699	0.393555	0.293945	0.286865	-2.436890	52.843408	-40.176763
54837		-11.624303	3.473903	7.214560	0.767343	-6.623062	2.534304	0.427002	0.308105	0.300781	-0.073338	49.052314	-37.716124
54838		-12.128923	4.422084	7.281832	0.989291	-6.622215	2.518141	0.476807	0.312256	0.305664	1.982583	45.229958	-35.687272
54839		-12.819254	5.733037	7.966869	1.149808	-6.529492	2.563900	0.541504	0.312012	0.275391	3.870385	41.389500	-33.915953
54840		-14.300467	7.350482	9.194337	1.211837	-6.392710	2.692154	0.607910	0.312744	0.252441	5.584949	37.607652	-32.314513
54841		-16.595831	9.134624	10.665530	1.152255	-6.256908	2.971015	0.668457	0.287598	0.194580	7.197665	33.826652	-30.709346
54842		-19.537507	10.856186	12.080475	0.924281	-6.151298	3.392777	0.729248	0.266357	0.125244	8.626860	30.063698	-29.011917
54843		-22.265974	11.199452	12.483314	0.574201	-6.096280	3.886480	0.757813	0.240967	0.050293	9.853507	26.230813	-27.145798
54844		-24.009090	9.348665	11.706767	0.270341	-6.030924	4.445300	0.795410	0.207275	-0.026123	10.860478	22.369109	-25.078562
54845		-24.697383	6.417367	9.577077	0.165644	-5.860743	4.985067	0.802002	0.154297	-0.099854	11.774039	18.490680	-22.787082
54846		-25.108499	3.889708	6.850769	0.299269	-5.452341	5.454132	0.810547	0.106689	-0.168213	12.661536	14.771334	-20.289890
54847		-26.430797	2.594542	4.075386	0.526007	-4.785400	5.808996	0.792725	0.051025	-0.232422	13.589062	11.323934	-17.599077
54848		-28.771850	1.746221	0.820352	0.710597	-3.967899	5.957515	0.778076	-0.008545	-0.281494	14.474354	8.285919	-14.798235
54849		-31.478381	1.184624	-3.125588	0.751010	-3.139440	5.877000	0.763672	-0.052246	-0.322266	15.264253	5.667350	-11.984243
54850		-33.885535	1.668250	-7.013702	0.406827	-2.429689	5.449476	0.748535	-0.101807	-0.333008	15.709354	3.487497	-9.338920
54851		-36.142143	0.086824	-11.683260	-0.141109	-1.683160	4.561613	0.740723	-0.137207	-0.357910	15.750923	1.842154	-7.083572
54852		-38.658903	-9.625686	-17.085425	0.072987	-0.792365	3.511890	0.729736	-0.156494	-0.382080	15.836141	0.853374	-5.270669
54853		-31.873634	-16.108595	-14.304063	0.643117	0.171064	2.798614	0.722656	-0.185059	-0.383301	16.240558	0.504989	-3.704611
54854		-21.155036	-16.095726	-6.968175	0.862009	2.831079	2.818709	0.736084	-0.213135	-0.354248	16.772134	1.597295	-1.695262
54855		-1.010722	-4.993358	-10.388182	1.019603	4.984611	2.115017	0.747803	-0.224609	-0.316162	17.468390	3.976605	0.304233
54856		0.032068	16.395241	11.983886	-0.166867	3.995117	0.277357	0.762939	-0.232910	-0.287598	17.447468	6.108382	1.145419
54857		5.679646	5.120027	28.138901	-1.908650	4.070328	-2.165640	0.785889	-0.213623	-0.269287	16.303522	8.706184	0.630407
54858		-11.444321	-41.797692	15.809084	-2.236660	4.484950	-2.447606	0.798584	-0.184082	-0.245605	14.904593	11.554168	-0.039632
54859		-17.226740	-5.686032	14.580124	-1.623757	4.836345	-1.294299	0.819580	-0.170654	-0.204834	13.977609	14.428737	-0.066813
54860		-21.768172	33.632725	18.432951	-3.062392	4.922464	-2.565154	0.838867	-0.149170	-0.166260	11.994826	17.502980	-0.897077
54861		-16.247494	23.468001	8.145420	-3.478756	4.193824	-2.759983	0.853027	-0.112305	-0.146484	9.637511	20.169851	-2.059398
54862		-9.261794	3.522888	4.600149	-2.464553	4.022410	-3.536803	0.864746	-0.083740	-0.105957	7.573788	22.747771	-3.841198
54863		-7.498345	-24.334402	16.696245	-1.995646	3.234111	-3.382960	0.862305	-0.050781	-0.087402	5.690989	24.825390	-5.707063
54864		-18.308215	-9.039104	14.880829	-2.077947	2.605321	-1.938379	0.874756	-0.028564	-0.069824	4.031413	26.402744	-6.793299
54865		-22.639779	-6.159376	21.452449	-1.489461	0.847873	-0.730745	0.873291	-0.022217	-0.063721	2.992625	26.927993	-7.224629
54866		-4.562828	-7.765279	10.417427	-0.995095	0.306135	-0.244953	0.878662	-0.014160	-0.056641	2.356292	27.105624	-7.371978
54867		-5.991673	2.646212	8.081452	-0.529660	0.334570	-0.003052	0.868164	-0.019043	-0.051270	2.062845	27.313185	-7.363374
54868		-4.729554	-1.628472	9.871755	-0.269135	0.144734	-0.044714	0.870117	-0.017090	-0.051758	1.898037	27.392828	-7.388084
54869		-5.128536	0.882597	8.279281	-0.251802	0.140778	0.001674	0.874756	-0.017334	-0.055176	1.762748	27.489351	-7.381784
54870		-4.717073	-0.201726	9.086170	-0.115627	0.104070	-0.000238	0.881104	-0.020264	-0.044922	1.698535	27.544840	-7.378996
54871		-4.469374	0.770864	8.741976	-0.103210	0.131713	-0.002866	0.876953	-0.009521	-0.042725	1.646826	27.636168	-7.376021
54872		-4.841840	0.173780	8.795396	-0.089663	0.154322	-0.009566	0.874512	-0.012451	-0.041748	1.595067	27.720594	-7.378462
54873		-4.723995	0.288912	8.735519	-0.084373	0.148816	-0.008332	0.869873	-0.015869	-0.045166	1.552604	27.821638	-7.378825
54874		-4.821182	0.149106	8.720747	-0.086906	0.168334	-0.003168	0.873779	-0.020508	-0.053467	1.504395	27.913988	-7.377037
54875		-4.858021	0.230607	8.671838	-0.081208	0.155352	-0.003127	0.875488	-0.020264	-0.041992	1.465257	28.018552	-7.374054
54876		-4.785444	0.135397	8.616734	-0.094336	0.149911	-0.007689	0.869629	-0.014404	-0.049072	1.411198	28.100417	-7.375662
54877		-4.707687	0.445661	8.546653	-0.154216	0.141085	-0.021766	0.879639	-0.016113	-0.042480	1.324267	28.196938	-7.385201
54878		-4.782229	0.326089	8.574296	-0.240277	0.100357	-0.024076	0.875977	-0.020752	-0.041992	1.181071	28.250618	-7.398471
54879		-4.862296	0.240664	8.490738	-0.293067	0.073951	-0.014499	0.872559	-0.012207	-0.044678	1.016204	28.308412	-7.404526
54880		-4.946535	0.062503	8.535035	-0.301843	0.048949	-0.012814	0.874023	-0.020508	-0.044678	0.840765	28.332470	-7.411366
54881		-4.873289	-0.100928	8.583787	-0.285948	0.029322	-0.008170	0.880371	-0.014893	-0.045654	0.681563	28.364503	-7.413958
54882		-4.841101	-0.162411	8.565311	-0.238794	0.030473	-0.005018	0.878418	-0.016602	-0.047119	0.544521	28.377894	-7.416004
54883		-4.770583	-0.141022	8.657817	-0.205849	0.047589	-0.005978	0.878174	-0.013916	-0.042969	0.431780	28.420240	-7.417174
54884		-4.651746	-0.145139	8.703842	-0.187231	0.065768	0.007858	0.879883	-0.008545	-0.052246	0.328316	28.453797	-7.410741
54885		-4.769407	-0.062560	8.637574	-0.175015	0.095898	0.024200	0.880615	-0.017822	-0.039307	0.242545	28.523550	-7.392200
54886		-4.699047	-0.333869	8.679128	-0.170534	0.124622	0.039214	0.879150	-0.022461	-0.039307	0.158448	28.590782	-7.365292
54887		-4.810975	-0.176033	8.539807	-0.151608	0.163146	0.056937	0.886230	-0.019775	-0.033203	0.096264	28.698890	-7.325428
54888		-4.772330	-0.095948	8.614577	-0.135443	0.192370	0.066672	0.878174	-0.018066	-0.037109	0.040949	28.804974	-7.280648
54889		-4.859455	-0.106013	8.608095	-0.134880	0.228691	0.082825	0.877441	-0.024414	-0.037109	-0.003428	28.950534	-7.223926
54890		-4.935024	-0.123327	8.542117	-0.134658	0.261936	0.094908	0.880371	-0.022705	-0.034668	-0.049182	29.096549	-7.160750
54891		-4.920427	-0.130764	8.610857	-0.123443	0.298523	0.099406	0.886963	-0.019775	-0.031494	-0.081508	29.282050	-7.093216
54892		-4.989054	-0.113476	8.456573	-0.127453	0.329410	0.114150	0.872803	-0.022461	-0.027588	-0.116626	29.466814	-7.017462
54893		-5.099215	-0.112986	8.542432	-0.115910	0.328589	0.116408	0.878174	-0.016602	-0.022217	-0.138742	29.669478	-6.938694
54894		-5.020477	-0.117855	8.647287	-0.112479	0.364665	0.122874	0.871094	-0.028809	-0.021240	-0.161940	29.874514	-6.857133
54895		-4.986000	-0.177906	8.580724	-0.107828	0.426586	0.129533	0.878662	-0.022949	-0.018066	-0.174571	30.133245	-6.769635
54896		-4.916911	-0.278529	8.622228	-0.066908	0.469789	0.128224	0.878662	-0.020264	-0.019043	-0.169207	30.398548	-6.684417
54897		-4.624565	-0.364119	8.797982	0.022654	0.514079	0.114624	0.879150	-0.022217	-0.014160	-0.111189	30.707155	-6.606310
54898		-4.696761	-0.220694	8.621725	0.080524	0.601674	0.096265	0.877197	-0.025635	-0.004883	-0.031019	31.047870	-6.541453
54899		-5.113038	-0.262729	8.567384	0.120604	0.655723	0.109754	0.877930	-0.027344	0.005615	0.082993	31.437144	-6.464973
54900		-4.897305	-0.025666	8.678600	0.137168	0.688072	0.134666	0.882324	-0.028564	0.000977	0.211051	31.827090	-6.372083
54901		-4.719088	-0.044329	8.711720	0.160554	0.790401	0.126827	0.881104	-0.025635	0.006836	0.356635	32.292946	-6.280887
54902		-4.808268	-0.176682	8.837176	0.195811	0.879835	0.133772	0.875977	-0.030762	0.018555	0.521523	32.792356	-6.184319
54903		-4.837418	-0.241147	8.791306	0.213990	0.978725	0.132930	0.883789	-0.036377	0.032471	0.704355	33.365271	-6.083362
54904		-4.708394	-0.424697	8.954235	0.260345	1.109723	0.143934	0.878174	-0.033203	0.027344	0.915798	33.995765	-5.972417
54905		-4.426717	-0.462034	9.110243	0.298295	1.292306	0.149823	0.884766	-0.032471	0.050537	1.161279	34.747096	-5.849173
54906		-4.142508	-0.516726	9.408269	0.350555	1.536707	0.150771	0.880615	-0.036377	0.061279	1.438445	35.621269	-5.718043
54907		-3.965706	-0.752572	9.515406	0.407203	1.835088	0.170413	0.877930	-0.035889	0.075439	1.771218	36.681473	-5.557583
54908		-4.078353	-1.013152	9.555907	0.463377	2.154811	0.191759	0.874268	-0.038574	0.107910	2.153914	37.907484	-5.365418
54909		-4.242183	-1.036095	9.570104	0.535164	2.458014	0.244636	0.882813	-0.046631	0.122803	2.625828	39.319840	-5.107794
54910		-3.910915	-0.472647	9.271226	0.591756	2.788894	0.265794	0.875000	-0.051758	0.141846	3.162368	40.903904	-4.802495
54911		-3.527920	-0.085490	9.377153	0.633134	3.233284	0.212918	0.862305	-0.041992	0.169189	3.740485	42.755892	-4.485946
54912		-2.758088	0.083211	9.705451	0.615988	3.918286	0.109639	0.866211	-0.038818	0.211182	4.306536	44.986824	-4.179641
54913		-1.994077	2.061991	10.560896	0.539837	4.865008	-0.030529	0.855713	-0.031982	0.248535	4.837666	47.775672	-3.878843
54914		-1.816280	3.781099	10.824155	0.398600	6.064673	-0.231875	0.832275	-0.038574	0.296875	5.271156	51.244518	-3.610347
54915		-2.809400	4.969122	12.043608	0.297124	7.411806	-0.555016	0.824707	-0.027588	0.358154	5.563794	55.509149	-3.463015
54916		-7.393662	6.389701	14.809863	0.121935	8.703495	-1.070336	0.788330	-0.025879	0.430908	5.422018	60.527540	-3.713222
54917		-17.536685	6.242463	18.096941	-0.010265	9.364359	-1.739880	0.761475	-0.014160	0.493164	4.366945	65.963296	-4.891237
54918		-23.247656	5.066356	15.287496	-0.042656	9.251871	-2.346260	0.700439	0.001221	0.560547	1.617014	71.324707	-7.815167
54919		-22.637644	5.992580	14.670715	-0.276092	8.945779	-2.723698	0.652832	0.018066	0.621338	-4.340533	76.421978	-13.848858
54920		-24.042527	9.605852	17.743681	-0.825150	8.274553	-2.779954	0.611816	0.024170	0.667969	-16.960306	80.808300	-26.229240
54921		-21.439586	8.481880	20.437268	-1.307171	7.207506	-2.766134	0.560547	0.039063	0.703125	-43.098323	83.665842	-51.839718
54922		-15.314776	8.942883	19.713312	-1.618922	6.246721	-2.854015	0.526123	0.042480	0.732178	-80.738255	83.919822	-88.754245
54923		-8.894073	9.947820	20.902536	-1.820820	5.246797	-2.564847	0.482910	0.049072	0.754150	-105.971226	82.251178	-113.114832
54924		7.799372	3.154769	15.415751	-1.796710	3.893886	-2.496710	0.459229	0.038818	0.775635	-116.989188	80.097151	-123.221223
54925		-0.031055	1.690021	5.341281	-1.381523	6.654207	-2.882659	0.416016	0.041748	0.801270	-128.965558	76.635578	-134.634892
54926		-30.718149	1.429339	25.056028	-0.416176	5.025022	-2.417950	0.385742	0.045898	0.812744	-133.886102	73.692660	-139.477380
54927		-15.867898	-2.198345	18.478827	1.236110	2.625331	-1.861359	0.374023	0.065186	0.821045	-134.269529	71.899941	-140.621234
54928		-13.106976	2.663979	16.106174	2.366041	1.564205	-0.985374	0.361572	0.086914	0.842041	-133.657969	70.874917	-141.407178
54929		-13.318661	10.915545	4.314805	1.857241	-0.363775	-0.242700	0.374756	0.109375	0.823975	-131.867715	70.938208	-140.640730
54930		-2.737579	13.440386	4.566157	1.102375	-2.505700	-0.316013	0.398438	0.115967	0.824463	-127.617531	71.720605	-136.822214
54931		0.076565	9.026774	10.827265	0.713121	-3.462100	-0.484549	0.436279	0.125977	0.803711	-121.616765	72.646967	-130.951753
54932		-2.597794	8.221010	8.843837	0.060328	-3.965262	-0.276950	0.471924	0.126221	0.800781	-114.720656	73.584120	-123.782914
54933		-2.192000	8.773026	6.394137	-0.581901	-4.255568	-0.019114	0.514404	0.129395	0.770264	-107.022796	74.472200	-115.435215
54934		-1.084949	6.660111	5.086385	-0.958091	-4.308737	0.194128	0.550537	0.130859	0.756836	-98.779190	75.135669	-106.326245
54935		-0.029982	4.993087	4.469028	-1.043908	-4.389790	0.473239	0.606201	0.117188	0.740234	-89.737995	75.618326	-96.372622
54936		-1.015303	3.388686	4.233042	-0.904854	-4.489242	0.814479	0.653809	0.119385	0.721191	-79.982471	75.854233	-85.774387
54937		-2.873472	2.590106	4.630824	-0.597598	-4.712526	1.200724	0.701416	0.104736	0.685303	-69.141655	75.812947	-74.251356
54938		-4.198558	2.538372	4.981112	-0.245606	-4.983654	1.590929	0.735107	0.096191	0.642822	-57.725319	75.347726	-62.321888
54939		-5.268626	3.150630	5.401255	0.054981	-5.268555	1.929858	0.792236	0.088135	0.603027	-46.236249	74.355245	-50.465683
54940		-5.841220	3.725605	5.501087	0.229158	-5.561044	2.194304	0.838623	0.076172	0.552979	-35.774757	72.766379	-39.699583
54941		-5.933943	4.174246	5.651564	0.283770	-5.780744	2.397606	0.888184	0.054199	0.491455	-26.640292	70.641724	-29.995864
54942		-5.946580	4.349789	5.740566	0.261081	-5.937231	2.543769	0.924072	0.026123	0.435547	-19.385571	68.071651	-22.407371
54943		-6.193738	4.012021	6.014116	0.199953	-6.056260	2.641023	0.970703	0.015869	0.362061	-13.467709	65.152036	-15.840947
54944		-7.127607	3.322083	6.400310	0.170202	-6.141544	2.737526	0.994141	-0.011230	0.282715	-8.893826	61.997487	-10.845695
54945		-8.438604	2.457784	7.090342	0.245780	-6.260962	2.839025	1.021484	-0.042969	0.208984	-5.035230	58.604731	-6.385671
54946		-9.656149	1.838575	7.847784	0.419037	-6.391400	2.943718	1.038330	-0.072754	0.120605	-1.878022	55.045582	-2.903493
54947		-11.104040	1.896245	8.768275	0.686832	-6.541551	3.038550	1.041504	-0.105225	0.022705	0.923289	51.280875	0.079874
54948		-12.692923	2.453485	9.115256	0.992191	-6.709233	3.112715	1.025146	-0.133301	-0.064209	3.399684	47.367326	2.592589
54949		-14.101260	4.113326	9.364478	1.255216	-6.837505	3.195480	0.994141	-0.181885	-0.142578	5.733169	43.275933	5.002784
54950		-15.467522	6.360524	10.123860	1.379713	-6.860993	3.337094	0.952637	-0.210938	-0.215576	7.783473	39.142578	6.911942
54951		-17.468509	8.608947	11.479944	1.235263	-6.782403	3.562311	0.920654	-0.235107	-0.269287	9.597849	34.960535	8.713334
54952		-20.266104	10.438076	12.751260	0.837471	-6.650237	3.850736	0.873535	-0.261230	-0.324219	11.041428	30.812072	10.485203
54953		-23.999947	11.579938	13.168213	0.304723	-6.502120	4.082325	0.836914	-0.275146	-0.366699	12.086967	26.662133	12.251311
54954		-26.963512	9.888558	11.722033	-0.159282	-6.372825	4.282918	0.799072	-0.310791	-0.418945	12.735188	22.564145	14.023895
54955		-28.056494	7.031612	9.303217	-0.403266	-6.204941	4.552405	0.751221	-0.331055	-0.459717	13.198279	18.478970	15.991750
54956		-27.831635	4.021880	6.387916	-0.427036	-5.816217	4.848058	0.699463	-0.371338	-0.508545	13.528147	14.590143	18.007012
54957		-28.431012	1.244091	2.608236	-0.241387	-5.144126	5.126098	0.653809	-0.402588	-0.531006	13.913457	11.000413	20.292825
54958		-30.609245	-1.013969	-1.942378	0.194853	-4.295737	5.294182	0.603760	-0.431396	-0.552734	14.414633	7.867060	22.663367
54959		-33.426520	-1.686587	-6.576660	0.619095	-3.525008	5.242578	0.562988	-0.465088	-0.570557	15.073162	5.124627	25.143563
54960		-36.807442	-0.776206	-11.221241	0.685165	-2.866163	4.774634	0.528076	-0.495361	-0.577148	15.619474	2.812517	27.352046
54961		-40.059424	-3.039888	-16.580527	0.669458	-2.117024	3.772786	0.487061	-0.520508	-0.583496	16.085689	1.042002	29.134012
54962		-40.194217	-11.957180	-19.417727	1.331643	-1.172820	2.675222	0.474609	-0.533691	-0.577637	16.860633	-0.041262	30.413103
54963		-25.173470	-14.963820	-12.361281	2.100566	0.987014	2.331949	0.461182	-0.557861	-0.567139	18.087592	0.092913	31.891497
54964		-1.277024	-8.282737	-9.483057	0.950076	4.048895	2.550598	0.476318	-0.582520	-0.540771	18.668334	1.829704	34.009576
54965		-7.007660	11.940860	-2.361456	-0.050821	4.849396	0.726662	0.505127	-0.595215	-0.521484	18.730852	4.324503	35.345707
54966		13.178934	19.442715	29.785392	-1.606760	3.788128	-1.892025	0.532959	-0.577148	-0.521973	17.777001	6.721079	34.994068
54967		-3.136653	-26.383616	17.688411	-2.708158	3.941251	-2.942118	0.571045	-0.552246	-0.517090	16.116889	9.366321	34.091823
54968		-17.561411	-23.901035	11.853622	-2.003519	5.020792	-1.521293	0.608398	-0.526855	-0.502441	14.956103	12.367137	34.021126
54969		-22.075763	24.211944	23.184636	-2.349625	5.053884	-1.882292	0.643799	-0.505615	-0.488525	13.541516	15.439809	33.705600
54970		-21.515925	20.210345	13.270991	-3.040803	4.012725	-2.559634	0.679688	-0.489990	-0.483643	11.519452	17.998122	32.731769
54971		-10.892738	7.202394	8.750050	-2.341125	3.533897	-2.488679	0.716064	-0.454102	-0.464844	9.844634	20.254106	31.698811
54972		-10.875065	-12.234297	11.960587	-1.849333	2.995652	-2.698779	0.740723	-0.427002	-0.460693	8.297854	22.188695	30.351473
54973		-9.508427	-11.556927	13.189949	-1.488947	2.575631	-2.173953	0.762695	-0.410400	-0.451660	7.024223	23.822631	29.270844
54974		-8.254556	3.074843	8.559912	-1.388534	2.110919	-1.719245	0.781250	-0.387207	-0.427979	5.845644	25.130732	28.344833
54975		-6.399314	2.024008	10.282677	-1.383665	1.598691	-1.679524	0.790039	-0.367188	-0.431396	4.651918	26.137456	27.423592
54976		-18.458694	-12.531902	20.555084	-1.076152	0.946933	-0.782415	0.805908	-0.360840	-0.427246	3.834183	26.707545	26.969927
54977		-7.528674	-4.375714	8.652623	-0.796383	0.274328	-0.180146	0.805908	-0.351563	-0.438477	3.346985	26.878988	26.910635
54978		-1.853191	5.701198	8.271652	-0.811007	0.222842	-0.121602	0.801514	-0.351563	-0.440674	2.851570	27.006116	26.841152
54979		-6.857531	-3.977265	9.841997	-0.550976	0.115916	-0.142725	0.810791	-0.348145	-0.435547	2.504918	27.088401	26.758346
54980		-4.185352	0.802486	8.979695	-0.503279	0.096564	-0.022613	0.804199	-0.343506	-0.437744	2.212236	27.140093	26.747236
54981		-4.834893	0.061879	9.017023	-0.331148	0.120190	-0.042646	0.811279	-0.343506	-0.434326	2.026524	27.218051	26.766053
54982		-4.959960	-0.390188	8.958487	-0.239629	0.135693	-0.020881	0.813965	-0.340332	-0.436035	1.885590	27.292044	26.756498
54983		-4.737396	0.293057	8.764614	-0.164888	0.134903	0.002127	0.812500	-0.343750	-0.438232	1.807066	27.377972	26.798747
54984		-4.799577	0.155717	8.676906	-0.148029	0.141882	-0.003741	0.806641	-0.342773	-0.426270	1.723605	27.455178	26.800081
54985		-4.803225	0.152499	8.702727	-0.130346	0.134783	-0.003594	0.801270	-0.338379	-0.427734	1.663500	27.540663	26.841742
54986		-4.722677	0.306274	8.645071	-0.145733	0.129577	-0.012868	0.811523	-0.345459	-0.428223	1.578423	27.610973	26.836737
54987		-4.729886	0.283088	8.548650	-0.176896	0.125904	-0.015677	0.809082	-0.341309	-0.435059	1.487621	27.691488	26.869721
54988		-4.726995	0.360429	8.588002	-0.242416	0.102144	-0.014894	0.815918	-0.332764	-0.431641	1.346189	27.746098	26.862677
54989		-4.718839	0.411055	8.578758	-0.326358	0.075950	0.002965	0.807861	-0.333496	-0.433350	1.173840	27.798192	26.900674
54990		-4.845359	0.044488	8.587300	-0.350319	0.061416	0.006124	0.816650	-0.334717	-0.430176	0.976520	27.829206	26.906374
54991		-4.813995	-0.180410	8.700696	-0.311347	0.060927	0.012480	0.807617	-0.329834	-0.434814	0.815032	27.872704	26.948322
54992		-4.687398	-0.242232	8.673016	-0.260785	0.087098	0.012665	0.811035	-0.327881	-0.435791	0.671011	27.918412	26.958279
54993		-4.715726	-0.316641	8.723324	-0.195516	0.122209	0.022339	0.808350	-0.331055	-0.439209	0.573997	27.999669	26.979226
54994		-4.710972	-0.301114	8.740876	-0.155694	0.160957	0.029216	0.813232	-0.331055	-0.435791	0.495391	28.087636	27.000200
54995		-4.772675	-0.148947	8.665169	-0.146031	0.192807	0.043594	0.818848	-0.326904	-0.439697	0.433252	28.209168	27.035136
54996		-4.831524	-0.061420	8.567306	-0.157093	0.212810	0.058977	0.813232	-0.338135	-0.433105	0.363104	28.326769	27.075511
54997		-4.866952	-0.101925	8.531801	-0.169921	0.214823	0.063927	0.822510	-0.329102	-0.434570	0.293567	28.460817	27.123560
54998		-4.953774	0.073440	8.491250	-0.179614	0.210916	0.074700	0.818359	-0.323242	-0.423340	0.215449	28.577382	27.173942
54999		-4.923994	-0.135271	8.536401	-0.188477	0.208192	0.079617	0.820313	-0.332520	-0.428467	0.143720	28.705613	27.251883
55000		-4.945513	-0.068497	8.507077	-0.193306	0.220826	0.094012	0.824219	-0.318359	-0.426514	0.063918	28.827951	27.314668
55001		-4.938017	-0.076157	8.542926	-0.199583	0.234670	0.091338	0.817871	-0.333008	-0.434082	-0.010666	28.971484	27.398732
55002		-5.001293	-0.153935	8.610263	-0.180768	0.270181	0.097592	0.828613	-0.326904	-0.418701	-0.081985	29.122247	27.463641
55003		-5.049577	-0.339219	8.624116	-0.175700	0.308966	0.126893	0.822021	-0.326904	-0.421143	-0.130782	29.307999	27.574334
55004		-4.933189	-0.290622	8.633534	-0.153669	0.355950	0.136453	0.825195	-0.322266	-0.422852	-0.173786	29.508067	27.664561
55005		-4.869248	-0.484378	8.763308	-0.099756	0.423706	0.144693	0.825928	-0.331787	-0.419922	-0.176757	29.761785	27.764897
55006		-4.845912	-0.591647	8.752002	-0.026876	0.490905	0.148810	0.820068	-0.324219	-0.413574	-0.142287	30.039207	27.863456
55007		-4.356798	-0.624931	8.912113	0.085729	0.586072	0.131763	0.828857	-0.328613	-0.415039	-0.042163	30.385650	27.956035
55008		-4.781762	-0.453015	8.671697	0.163145	0.672906	0.147655	0.827148	-0.333496	-0.401611	0.102716	30.767066	28.055636
55009		-5.128092	-0.130208	8.552759	0.201892	0.736560	0.156215	0.836182	-0.337402	-0.399902	0.280260	31.199046	28.167536
55010		-4.999681	0.011010	8.540353	0.217072	0.778675	0.168923	0.831543	-0.336914	-0.396973	0.466836	31.640462	28.285440
55011		-4.886120	0.034044	8.665614	0.225143	0.836097	0.168834	0.839355	-0.340088	-0.390137	0.666288	32.128625	28.410862
55012		-4.798586	-0.117157	8.654684	0.256155	0.922830	0.158350	0.843506	-0.341309	-0.367676	0.876428	32.652001	28.527786
55013		-4.780433	-0.166987	8.772555	0.291436	1.018764	0.161698	0.848389	-0.339844	-0.361816	1.117426	33.243836	28.656260
55014		-4.577622	-0.238594	8.844077	0.323503	1.161720	0.158271	0.852539	-0.349365	-0.351807	1.373871	33.903219	28.783474
55015		-4.557836	-0.413130	9.036128	0.355143	1.333890	0.172176	0.854248	-0.349121	-0.339844	1.665846	34.674056	28.933409
55016		-4.112400	-0.608854	9.315222	0.404055	1.563344	0.182263	0.851563	-0.348877	-0.326172	1.992184	35.561884	29.096964
55017		-4.021388	-0.636340	9.326670	0.445186	1.861544	0.186369	0.870361	-0.353027	-0.302979	2.362008	36.632557	29.285255
55018		-4.227707	-0.641877	9.496171	0.480063	2.139944	0.211890	0.870117	-0.363525	-0.279541	2.772337	37.847864	29.507540
55019		-4.228600	-0.666107	9.317707	0.532629	2.419915	0.244471	0.876221	-0.362061	-0.259766	3.256432	39.232177	29.796832
55020		-4.216509	-0.614945	9.147448	0.588168	2.747104	0.256999	0.888428	-0.359375	-0.234131	3.799458	40.789974	30.116075
55021		-3.783757	-0.746261	9.298457	0.627036	3.190327	0.239535	0.900635	-0.366943	-0.208496	4.406154	42.610013	30.488693
55022		-2.841507	-0.428105	9.782231	0.610554	3.867630	0.182084	0.901611	-0.365723	-0.167236	5.031010	44.805767	30.885523
55023		-2.056242	1.845735	10.568794	0.555679	4.845364	0.064897	0.910400	-0.370361	-0.127197	5.665469	47.572686	31.319346
55024		-1.977715	4.417094	10.891784	0.444691	6.073071	-0.154117	0.916748	-0.360107	-0.062500	6.239249	51.038551	31.738800
55025		-3.163297	5.438938	12.095598	0.337955	7.360700	-0.530401	0.923584	-0.365234	0.007324	6.672661	55.267830	32.033916
55026		-7.570441	6.626818	14.728333	0.140363	8.515468	-1.053316	0.928711	-0.354248	0.077148	6.705356	60.179751	31.976588
55027		-18.123901	6.501766	17.420809	0.035126	9.086264	-1.703169	0.914795	-0.332031	0.167725	5.970369	65.464197	31.124001
55028		-22.810731	5.157265	14.429257	-0.048827	8.991236	-2.357390	0.916748	-0.316895	0.243408	3.673606	70.708089	28.680357
55029		-22.441704	7.075391	14.645001	-0.297715	8.712634	-2.801708	0.900391	-0.289063	0.322998	-1.482284	75.736323	23.474417
55030		-24.179659	9.826827	18.044727	-0.777719	8.111748	-2.900760	0.876709	-0.262939	0.392578	-12.280465	80.166040	12.897332
55031		-21.384315	8.708059	20.300730	-1.190554	7.068323	-2.896927	0.849121	-0.248291	0.440918	-34.575497	83.281000	-8.934381
55032		-15.593262	9.176031	19.247208	-1.488167	6.151905	-2.965905	0.824219	-0.224854	0.489502	-70.642563	84.108616	-44.349290
55033		-9.230397	9.408976	21.371206	-1.582546	5.191229	-2.656534	0.798096	-0.212402	0.527588	-98.866603	82.840348	-71.842653
55034		5.743209	2.527428	16.296626	-1.456797	3.805561	-2.651634	0.785156	-0.207520	0.553955	-111.557247	80.793095	-83.818390
55035		-2.200166	1.746624	5.315564	-1.037176	6.466095	-2.951525	0.752441	-0.183838	0.595459	-125.030629	77.543898	-96.931670
55036		-31.517923	1.400379	25.604990	0.002040	4.731312	-2.498258	0.712646	-0.161377	0.619385	-130.188040	74.755910	-102.243697
55037		-15.099930	-0.354875	18.303025	1.505043	2.343629	-2.065426	0.696289	-0.132568	0.641113	-130.225523	73.005886	-103.189824
55038		-9.632017	2.357943	16.081075	2.643472	1.345643	-1.300457	0.694336	-0.124512	0.649170	-129.076306	71.943577	-103.573793
55039		-10.834228	8.894380	7.879810	2.455453	0.187723	-0.419236	0.690674	-0.107910	0.645752	-127.459822	71.712507	-103.365125
55040		-5.386387	13.637151	1.584121	1.368892	-1.782887	-0.131011	0.690674	-0.089844	0.639893	-123.981507	72.251273	-100.533081
55041		1.728432	9.911961	7.769714	0.781739	-2.909182	-0.224963	0.704590	-0.094482	0.616211	-118.742926	73.036312	-95.528405
55042		-0.547846	7.590298	9.765101	0.163494	-3.329928	-0.076768	0.715820	-0.094482	0.597168	-112.794460	73.829870	-89.421435
55043		-1.455446	7.456560	7.448247	-0.434671	-3.640764	0.217461	0.735352	-0.100342	0.570313	-106.156922	74.681195	-82.239701
55044		-1.245102	5.691359	6.498354	-0.712631	-3.776148	0.505648	0.751465	-0.112793	0.540771	-98.863524	75.436287	-74.270233
55045		-0.796651	3.939818	5.550115	-0.750482	-3.959538	0.902397	0.761719	-0.127197	0.504883	-90.407050	76.169941	-65.081330
55046		-0.771420	2.883381	4.618717	-0.617724	-4.173582	1.325870	0.772705	-0.126953	0.488525	-80.584115	76.742429	-54.615787
55047		-1.710396	3.071003	4.528809	-0.410826	-4.435370	1.692068	0.781006	-0.162598	0.449707	-69.025110	77.033510	-42.499287
55048		-2.231761	3.220268	5.042311	-0.250496	-4.678924	1.965931	0.796875	-0.177734	0.414307	-56.642389	76.809247	-29.642970
55049		-2.829715	3.158291	5.682764	-0.106985	-4.871644	2.190446	0.796875	-0.204834	0.391357	-44.292391	75.999373	-16.861597
55050		-3.657527	3.247874	6.386207	0.028777	-5.035713	2.389343	0.815918	-0.220215	0.358887	-33.286455	74.598758	-5.504221
55051		-4.991448	3.364612	7.187236	0.146527	-5.217784	2.556253	0.824951	-0.233398	0.326904	-23.810756	72.652799	4.281701
55052		-6.677086	3.663686	8.124597	0.231737	-5.482731	2.706089	0.844482	-0.255859	0.293701	-16.128563	70.220644	12.241545
55053		-8.486972	3.567517	8.707054	0.308905	-5.860189	2.849668	0.854004	-0.281738	0.246338	-9.833172	67.289084	18.766730
55054		-9.782065	3.266202	8.326550	0.355888	-6.308642	2.993521	0.870117	-0.301514	0.189941	-4.852848	63.916100	24.007696
55055		-10.512546	3.264012	7.691699	0.378092	-6.731143	3.112567	0.871338	-0.334473	0.132568	-0.866420	60.123838	28.226222
55056		-10.808685	3.433580	7.410547	0.416589	-7.070196	3.156671	0.874756	-0.357178	0.073975	2.204171	56.046420	31.559063
55057		-11.229920	3.370827	7.586242	0.475772	-7.281577	3.115924	0.865234	-0.383545	0.005859	4.618482	51.744927	34.156144
55058		-12.707385	3.523133	8.491638	0.576287	-7.373848	3.041983	0.853516	-0.413574	-0.058594	6.505790	47.366232	36.199412
55059		-14.813255	3.769717	9.126288	0.678964	-7.392664	2.997634	0.821045	-0.434814	-0.119141	8.095815	42.915434	37.837903
55060		-16.965898	4.741520	9.836786	0.790013	-7.320047	3.005677	0.800537	-0.458252	-0.174561	9.463763	38.503203	39.238691
55061		-18.519529	6.735648	10.708134	0.874040	-7.156666	3.094142	0.762939	-0.483154	-0.221191	10.744224	34.124173	40.497662
55062		-20.015406	9.655884	11.484212	0.754902	-6.940803	3.296721	0.729248	-0.504883	-0.275879	11.848456	29.850048	41.762965
55063		-23.250564	11.469553	12.280727	0.440891	-6.786599	3.632735	0.687744	-0.524170	-0.328125	12.757183	25.577798	43.105381
55064		-27.102661	10.420205	11.878478	0.076020	-6.779075	4.097309	0.637695	-0.549805	-0.369873	13.411363	21.258587	44.638691
55065		-28.346924	7.619915	9.633912	-0.160135	-6.695005	4.659286	0.581787	-0.583984	-0.412598	13.923806	16.874678	46.396696
55066		-27.105012	4.853891	6.471139	-0.230101	-6.262295	5.210125	0.511963	-0.608887	-0.449463	14.325252	12.661975	48.484489
55067		-27.368818	1.876899	1.566033	0.005384	-5.404447	5.630571	0.451416	-0.627930	-0.472900	14.794460	8.829654	50.859961
55068		-30.028914	-0.464291	-3.490167	0.549099	-4.284737	5.837263	0.395752	-0.653809	-0.486572	15.437373	5.582715	53.468669
55069		-32.229175	0.354554	-7.463329	0.826467	-3.190451	5.658629	0.339600	-0.677002	-0.497070	16.124818	2.923655	56.085738
55070		-34.191780	2.028475	-10.788662	0.590516	-2.226043	4.970835	0.296143	-0.692627	-0.504639	16.543133	0.894249	58.461122
55071		-36.522771	-1.860001	-14.435010	0.426317	-1.312815	3.879292	0.257568	-0.699219	-0.513428	16.812295	-0.474824	60.362159
55072		-39.428035	-10.501054	-17.096280	1.099805	-0.431440	2.853512	0.229980	-0.720215	-0.503174	17.421493	-1.196491	61.851774
55073		-30.002744	-14.312111	-16.055096	1.519033	0.790183	2.678806	0.219727	-0.727051	-0.490234	18.275056	-1.238884	63.448271
55074		-10.807469	-4.380216	-1.730860	1.485626	3.089807	2.927813	0.220947	-0.741455	-0.480713	19.101866	-0.103457	65.604273
55075		-5.517785	6.348255	-5.884220	0.299837	5.259695	1.876694	0.234619	-0.737549	-0.460449	19.328804	2.391564	67.602845
55076		17.053702	22.394948	25.413968	-0.713767	3.789835	-0.205584	0.257080	-0.741455	-0.474854	18.956570	4.477382	68.204225
55077		-0.261321	-10.876434	16.552185	-2.374359	4.645539	-2.493607	0.298096	-0.711914	-0.479736	17.557518	7.456635	67.655534
55078		-17.545089	-45.140024	16.521401	-1.846803	5.213921	-2.261134	0.336426	-0.697021	-0.482666	16.441404	10.688016	67.285130
55079		-21.404593	1.458463	24.154659	-1.473735	4.563240	-1.676121	0.367920	-0.679199	-0.480957	15.563346	13.469687	67.070698
55080		-22.835341	24.054320	17.133670	-3.039126	3.996561	-2.753867	0.415039	-0.647217	-0.484375	13.571532	16.078568	66.087004
55081		-8.283686	25.694036	8.197491	-3.326399	3.716322	-2.398862	0.447021	-0.627930	-0.485840	11.401878	18.463390	65.156428
55082		-9.166791	13.964056	2.788365	-2.874709	3.987210	-3.141064	0.491943	-0.586426	-0.502686	9.266721	21.029551	63.711114
55083		-7.840563	-17.818481	12.778366	-1.871505	3.243238	-3.585267	0.527344	-0.563232	-0.495361	7.495003	23.174608	61.819407
55084		-11.560242	-15.019971	15.784967	-1.814909	2.929974	-2.341727	0.555176	-0.534668	-0.496582	5.948116	24.994746	60.575653
55085		-15.624453	2.226928	10.214109	-1.642479	1.805150	-1.664749	0.581787	-0.511230	-0.491211	4.609750	26.121105	59.638528
55086		-16.094116	-12.392300	20.848598	-0.901916	0.672355	-0.785009	0.584473	-0.515869	-0.485352	3.886209	26.534454	59.170633
55087		-7.095267	-4.106936	9.382560	-0.659984	0.311513	-0.148073	0.583740	-0.505859	-0.483398	3.480945	26.728696	59.099955
55088		-2.931966	5.508015	7.397381	-0.613928	0.225030	-0.118748	0.583252	-0.506104	-0.491699	3.099726	26.857190	59.032948
55089		-6.416250	-3.397667	9.990981	-0.384271	0.154286	-0.142522	0.584961	-0.495361	-0.494873	2.850080	26.960472	58.957951
55090		-4.851105	1.118695	8.580851	-0.370678	0.041731	-0.042505	0.587891	-0.508057	-0.498047	2.627022	26.981394	58.932782
55091		-4.400361	0.791662	8.838318	-0.337236	0.048332	-0.093053	0.592529	-0.492920	-0.503174	2.416396	27.022297	58.885687
55092		-5.039878	-0.099049	8.801903	-0.351361	0.035960	-0.076661	0.586670	-0.501465	-0.507324	2.194251	27.040532	58.838227
55093		-4.583420	0.537069	8.775356	-0.352976	0.021984	-0.064363	0.590088	-0.491211	-0.506592	1.982483	27.065309	58.808644
55094		-4.748566	0.156386	8.740691	-0.357378	0.024305	-0.066766	0.599609	-0.485107	-0.500488	1.759568	27.076363	58.767132
55095		-4.754195	-0.069629	8.697320	-0.317114	0.037909	-0.050949	0.586914	-0.482422	-0.511719	1.572296	27.109712	58.746311
55096		-4.742267	-0.038775	8.698128	-0.249287	0.055677	-0.035591	0.589355	-0.493164	-0.509521	1.420621	27.138027	58.725288
55097		-4.789651	-0.379771	8.734465	-0.146450	0.093159	-0.018072	0.590088	-0.489746	-0.504883	1.340968	27.202389	58.726308
55098		-4.782736	0.088657	8.771912	-0.109169	0.107789	0.001568	0.586426	-0.487305	-0.503662	1.280788	27.260007	58.729869
55099		-4.729031	0.211834	8.660272	-0.147074	0.100510	0.003779	0.593506	-0.476807	-0.504150	1.207075	27.328241	58.744884
55100		-4.743339	0.160118	8.616799	-0.196489	0.082501	0.008853	0.590576	-0.489014	-0.515381	1.098798	27.371298	58.752639
55101		-4.746679	0.172867	8.598717	-0.236846	0.077576	0.005226	0.598877	-0.481201	-0.511475	0.973836	27.426339	58.768066
55102		-4.685611	-0.009114	8.554391	-0.253602	0.075126	-0.000583	0.592285	-0.485596	-0.510986	0.829909	27.465285	58.769449
55103		-4.725270	-0.170660	8.610925	-0.241347	0.087873	0.002686	0.596436	-0.483887	-0.515137	0.701513	27.526211	58.783069
55104		-4.613650	-0.193284	8.754128	-0.220532	0.105652	-0.000216	0.595215	-0.471191	-0.505615	0.576655	27.582650	58.784710
55105		-4.612495	-0.045806	8.697708	-0.215677	0.140005	0.002551	0.592773	-0.481445	-0.520996	0.462867	27.673377	58.798262
55106		-4.800658	-0.015092	8.671750	-0.235312	0.168413	0.015289	0.593262	-0.476074	-0.517334	0.334221	27.765718	58.809955
55107		-4.720536	0.002271	8.644773	-0.254478	0.167070	0.027071	0.600830	-0.471680	-0.517334	0.205444	27.871817	58.839060
55108		-4.896787	-0.104032	8.574435	-0.282955	0.187149	0.051460	0.595215	-0.474121	-0.513916	0.060317	27.974891	58.873773
55109		-4.908347	-0.161148	8.611836	-0.254137	0.192057	0.052818	0.596436	-0.472412	-0.511719	-0.060589	28.095321	58.919116
55110		-4.983693	-0.277013	8.491408	-0.218760	0.227027	0.072839	0.604492	-0.474609	-0.513916	-0.162475	28.221398	58.967250
55111		-4.883796	-0.104316	8.677739	-0.196309	0.249941	0.078380	0.598633	-0.476807	-0.511963	-0.242499	28.375115	59.028753
55112		-5.066798	-0.195822	8.654074	-0.181650	0.307613	0.094952	0.601318	-0.467529	-0.511963	-0.316288	28.547549	59.090759
55113		-4.921688	-0.256225	8.657448	-0.160366	0.360733	0.116449	0.600586	-0.472412	-0.510254	-0.363832	28.764918	59.176490
55114		-5.128359	-0.275451	8.731322	-0.135888	0.415532	0.148442	0.603760	-0.466064	-0.507568	-0.394367	28.999482	59.272937
55115		-4.990680	-0.366307	8.776453	-0.107785	0.487474	0.182600	0.610840	-0.472900	-0.493896	-0.390301	29.289707	59.401664
55116		-4.745859	-0.217724	8.743927	-0.064354	0.567819	0.190172	0.602783	-0.465332	-0.498535	-0.365573	29.611678	59.525447
55117		-4.395110	-0.374362	8.865194	0.028005	0.650920	0.159561	0.608398	-0.460205	-0.494629	-0.289809	29.995210	59.639494
55118		-4.498312	-0.359804	8.735741	0.113055	0.759388	0.142330	0.612793	-0.471436	-0.490479	-0.177281	30.426556	59.732925
55119		-4.925644	-0.147539	8.628659	0.153983	0.835011	0.144148	0.614258	-0.479004	-0.491699	-0.032006	30.914926	59.839038
55120		-4.959377	-0.169002	8.677611	0.174344	0.894478	0.154672	0.617920	-0.477539	-0.485840	0.123049	31.423269	59.944190
55121		-4.723051	-0.137979	8.768564	0.192112	0.977525	0.151613	0.632568	-0.479492	-0.475098	0.296709	31.992632	60.059855
55122		-4.582416	-0.417259	8.983413	0.241319	1.083503	0.164206	0.632324	-0.477539	-0.462158	0.498498	32.608676	60.177344
55123		-4.401671	-0.571741	9.188992	0.289862	1.274804	0.172726	0.631348	-0.481445	-0.453369	0.742634	33.347246	60.315869
55124		-4.190586	-0.673285	9.391218	0.364674	1.513636	0.178811	0.639404	-0.489258	-0.450195	1.030408	34.208709	60.456318
55125		-3.867567	-0.789514	9.692385	0.427187	1.811305	0.198210	0.649902	-0.485596	-0.427002	1.377726	35.252652	60.632053
55126		-3.798512	-0.906932	9.702838	0.487436	2.160609	0.203710	0.657959	-0.492920	-0.410156	1.767284	36.482813	60.818977
55127		-3.714046	-1.089395	9.921564	0.556413	2.502039	0.231016	0.668457	-0.497314	-0.391602	2.233247	37.918881	61.058784
55128		-3.619298	-0.696817	9.917520	0.668792	2.871582	0.242800	0.679688	-0.501953	-0.373291	2.787120	39.552385	61.330310
55129		-2.680470	-0.187003	10.260562	0.738393	3.394053	0.208008	0.691895	-0.503906	-0.345459	3.410692	41.494797	61.635969
55130		-2.031667	1.156611	10.615199	0.722955	4.232563	0.056887	0.696533	-0.502686	-0.315918	4.001035	43.908563	61.894425
55131		-1.293996	3.219505	11.851874	0.500981	5.300963	-0.155925	0.717041	-0.505371	-0.269043	4.434110	46.949743	62.096684
55132		-2.376111	5.264887	12.771457	0.217307	6.609321	-0.460885	0.745361	-0.501953	-0.227051	4.600170	50.741494	62.150800
55133		-6.059160	6.066394	14.257018	0.020392	7.919201	-0.919698	0.758301	-0.491455	-0.161377	4.399376	55.309731	61.881819
55134		-14.079765	5.834394	17.615165	-0.041535	8.753441	-1.522571	0.782227	-0.481445	-0.098389	3.545279	60.369496	60.901139
55135		-21.925512	5.723149	18.306381	-0.082164	8.718774	-2.155384	0.800293	-0.477783	-0.031738	1.538104	65.417452	58.697838
55136		-20.319910	7.299092	15.928650	-0.386552	8.460297	-2.565671	0.816162	-0.449463	0.034180	-2.379138	70.252637	54.710307
55137		-21.553611	9.222872	18.324510	-0.843941	7.910101	-2.661743	0.818115	-0.430908	0.092041	-9.057692	74.618399	48.214212
55138		-21.571182	8.547508	20.538814	-1.249247	6.864743	-2.655836	0.826904	-0.405518	0.135742	-19.887929	78.056655	37.811034
55139		-15.180111	7.956049	18.862319	-1.495584	5.891103	-2.677005	0.830322	-0.393311	0.177490	-36.137343	80.340171	22.142072
55140		-4.403750	7.993068	19.191138	-1.569775	5.116973	-2.483303	0.831543	-0.381836	0.225342	-56.359229	81.352298	2.575386
55141		9.390320	-0.755523	12.592579	-1.305327	4.293204	-2.564814	0.841309	-0.366455	0.242920	-75.455409	81.020552	-15.996449
55142		-10.403000	1.390347	11.309893	-0.511382	6.339413	-2.827422	0.828613	-0.345703	0.296875	-97.664014	79.595675	-38.220487
55143		-24.367465	1.350298	22.407134	0.437430	4.217293	-2.435236	0.832520	-0.323486	0.321533	-107.620220	77.714302	-48.637715
55144		-13.458815	0.670691	17.614338	1.656703	2.584808	-1.962658	0.821533	-0.300537	0.345947	-111.073839	76.163729	-53.157791
55145		-9.377686	3.929602	13.620572	2.211762	1.643875	-1.202284	0.829346	-0.277344	0.369873	-112.206665	75.196648	-55.648091
55146		-9.833424	10.286742	3.769435	1.773457	0.001130	-0.479884	0.823975	-0.270264	0.371582	-110.801140	74.942977	-55.245843
55147		-2.616230	13.622766	4.319804	0.883126	-1.797378	-0.309106	0.833740	-0.267334	0.362061	-106.390651	75.126943	-51.220265
55148		0.111991	9.099991	11.532685	0.309837	-2.585142	-0.294148	0.843750	-0.249756	0.330078	-100.587970	75.310670	-45.403691
55149		-2.661475	7.793941	9.396762	-0.372375	-3.136024	0.067030	0.862793	-0.245850	0.302002	-93.879297	75.599228	-38.272234
55150		-2.559938	7.252856	7.204319	-0.852018	-3.509030	0.416063	0.867676	-0.258789	0.258057	-86.446013	75.844892	-30.099863
55151		-1.622210	4.950396	5.735637	-0.984957	-3.723390	0.798918	0.881592	-0.269287	0.221680	-78.213168	76.034093	-21.054741
55152		-0.250227	3.738114	4.556277	-0.925514	-3.971553	1.198657	0.885254	-0.259521	0.186035	-69.149258	76.053657	-11.170828
55153		-0.426708	3.150381	4.149274	-0.770945	-4.164594	1.524737	0.895752	-0.270996	0.147949	-59.354067	75.813651	-0.644479
55154		-1.544560	2.846636	4.708464	-0.577578	-4.350494	1.774753	0.899170	-0.281250	0.099609	-49.526411	75.187099	9.845616
55155		-2.547693	2.870443	5.533355	-0.391171	-4.541611	1.988804	0.899658	-0.279785	0.057861	-39.977448	74.136106	19.949905
55156		-3.802272	3.070767	6.176036	-0.225027	-4.740237	2.160653	0.904297	-0.290039	0.008057	-31.402181	72.645151	29.030033
55157		-4.980646	3.244704	6.338809	-0.113197	-4.993290	2.296190	0.905029	-0.299316	-0.046143	-23.829569	70.702840	37.043036
55158		-5.833474	3.619089	6.351803	-0.038020	-5.265838	2.389260	0.892578	-0.304443	-0.112061	-17.553002	68.356687	43.762779
55159		-6.279191	3.845996	6.254488	-0.026806	-5.532705	2.422856	0.886963	-0.314697	-0.170654	-12.398728	65.629309	49.344017
55160		-6.610065	3.617604	6.086926	-0.047975	-5.764156	2.417475	0.878418	-0.321777	-0.239746	-8.382598	62.624662	53.835313
55161		-6.904621	2.990253	6.010889	-0.011127	-5.961387	2.386640	0.849609	-0.337158	-0.308594	-5.153793	59.366683	57.496617
55162		-7.568529	2.441439	6.629923	0.131724	-6.101880	2.377734	0.824707	-0.340820	-0.379883	-2.555912	55.965010	60.479502
55163		-9.142390	1.807099	7.849194	0.367586	-6.263657	2.402239	0.788574	-0.347412	-0.447510	-0.271237	52.381641	62.996652
55164		-10.728417	1.170700	8.512927	0.687911	-6.456817	2.449396	0.748291	-0.358643	-0.517822	1.770404	48.659470	65.128736
55165		-11.922612	1.007021	8.871674	1.072798	-6.621774	2.513174	0.710205	-0.374023	-0.582764	3.753952	44.769495	66.964439
55166		-12.660869	1.610202	9.107814	1.447739	-6.730443	2.589543	0.653564	-0.384033	-0.651855	5.661227	40.800054	68.548545
55167		-13.432114	2.866497	9.521327	1.673439	-6.750942	2.627538	0.604248	-0.407471	-0.705322	7.495061	36.753839	69.896145
55168		-14.498834	4.594204	10.063558	1.681173	-6.659512	2.657671	0.542236	-0.429443	-0.767090	9.122826	32.753932	71.059106
55169		-15.713628	7.117907	10.782162	1.441358	-6.485794	2.699594	0.468750	-0.456299	-0.822998	10.504821	28.798098	72.089180
55170		-16.319939	10.004607	11.278450	0.894162	-6.239186	2.826723	0.393311	-0.479980	-0.877686	11.478872	24.975797	73.107522
55171		-17.062046	11.330632	11.777964	0.067298	-5.939823	3.130322	0.315186	-0.498047	-0.931152	11.995500	21.249782	74.255157
55172		-18.044203	10.712581	11.915467	-0.775014	-5.656120	3.544033	0.222900	-0.506836	-0.972900	12.015606	17.653206	75.646509
55173		-19.125725	8.780995	11.908205	-1.341497	-5.362492	3.975288	0.124512	-0.511475	-1.016113	11.725368	14.150780	77.296842
55174		-20.523481	6.258945	10.821804	-1.575002	-5.112154	4.356112	0.012207	-0.513184	-1.043457	11.235348	10.779103	79.204602
55175		-21.225189	3.800054	8.152592	-1.468715	-4.858741	4.688118	-0.087402	-0.507813	-1.051758	10.755190	7.509658	81.327195
55176		-21.293998	2.013213	4.771988	-1.060032	-4.520009	4.906655	-0.191895	-0.505127	-1.051758	10.388039	4.443481	83.628058
55177		-21.038276	1.209936	2.147565	-0.524542	-3.978117	5.077720	-0.281738	-0.499268	-1.033691	10.239413	1.659375	86.076464
55178		-21.822473	1.831842	1.646791	-0.174652	-3.339361	5.181102	-0.364014	-0.489502	-1.010254	10.160470	-0.753975	88.659382
55179		-23.643080	3.207519	0.381093	-0.235046	-2.715889	5.131381	-0.441162	-0.477051	-0.990479	9.964033	-2.816605	91.276234
55180		-26.685246	1.454646	-3.061279	-0.403803	-2.103278	4.896995	-0.507568	-0.454346	-0.976074	9.569927	-4.484664	93.842260
55181		-30.804927	-3.436323	-7.946106	-0.345252	-1.454481	4.566179	-0.551270	-0.419189	-0.959961	9.172959	-5.744636	96.293345
55182		-37.326372	-7.572900	-13.749873	0.087867	-0.634525	4.070851	-0.578613	-0.404541	-0.957275	8.983567	-6.475931	98.552301
55183		-37.500978	-6.880499	-15.319555	0.379124	0.477614	3.291161	-0.597412	-0.393799	-0.963867	9.002739	-6.504809	100.470336
55184		-15.962185	-13.738613	-14.618332	2.028703	2.024357	1.509292	-0.594971	-0.409424	-0.981445	10.055933	-5.508277	101.521179
55185		5.135523	-17.261194	20.458168	3.395167	4.144559	0.580927	-0.571777	-0.425049	-1.001465	11.958735	-3.239650	102.308075
55186		-14.218467	3.258267	-1.473313	1.825692	2.814622	-0.772478	-0.553711	-0.458252	-1.023682	13.009103	-1.573656	102.224515
55187		31.880662	-8.603670	28.736407	0.913313	1.018393	-1.973777	-0.538574	-0.479004	-1.037598	13.566593	-0.743265	101.263553
55188		5.809231	-3.106416	10.596185	-0.483555	5.228384	-1.674316	-0.494873	-0.474854	-1.076904	13.286795	2.389067	101.026031
55189		-13.960411	-8.310485	8.258049	-0.947762	5.839525	-2.149309	-0.429443	-0.477051	-1.111572	12.723093	5.923979	100.581519
55190		-16.475319	5.471512	14.366532	0.578890	5.153574	-1.020136	-0.375244	-0.482666	-1.155518	13.067222	8.928538	100.671486
55191		-7.664427	25.250734	16.804828	-0.147872	5.094728	-0.787357	-0.318115	-0.477783	-1.180908	13.033949	11.875472	100.901352
55192		-17.684742	18.873045	14.897532	-1.681070	4.867575	-1.786877	-0.273193	-0.462158	-1.211670	11.977431	14.815698	100.494849
55193		-16.127903	13.118195	13.021158	-2.404741	4.141546	-2.185415	-0.203369	-0.439697	-1.245117	10.393447	17.390185	99.706331
55194		-15.939379	11.902404	10.532452	-2.199632	3.548744	-2.338093	-0.158203	-0.414795	-1.266113	8.805194	19.614225	98.671360
55195		-11.916272	-7.252874	13.689742	-1.439463	2.659066	-2.420310	-0.109375	-0.407227	-1.283691	7.567395	21.326997	97.452833
55196		-12.428636	-15.517787	15.430559	-0.951303	2.190291	-1.623779	-0.089111	-0.398926	-1.295654	6.713169	22.683705	96.625887
55197		-11.660146	-2.712382	11.803732	-0.712403	1.338320	-0.964847	-0.054932	-0.395996	-1.295410	6.122064	23.516774	96.136797
55198		-4.307586	2.559471	9.459313	-0.639403	1.013133	-0.861034	-0.042725	-0.385742	-1.302979	5.566032	24.140318	95.665483
55199		-5.341059	0.061550	9.906424	-0.623361	1.084640	-0.743655	-0.034668	-0.377441	-1.307617	5.056309	24.808736	95.278027
55200		-8.079822	-2.333822	10.705185	-0.529913	0.853603	-0.545317	-0.021240	-0.372070	-1.307129	4.627417	25.318295	94.980570
55201		-8.439014	-2.949859	12.179535	-0.286614	0.522300	-0.218645	-0.016357	-0.373779	-1.322510	4.428671	25.637173	94.883979
55202		-4.270708	0.359173	9.032973	-0.245541	0.401215	-0.098821	-0.010010	-0.367432	-1.320068	4.270207	25.866543	94.841357
55203		-4.718977	1.047500	8.854016	-0.187685	0.406021	-0.055359	0.000732	-0.363525	-1.320068	4.168692	26.111755	94.840652
55204		-5.068009	0.052178	9.426291	-0.145642	0.377047	-0.031539	0.004639	-0.365234	-1.322266	4.085085	26.324389	94.838616
55205		-4.722667	1.083016	8.753561	-0.154152	0.355032	-0.013641	0.014160	-0.368896	-1.320068	4.013067	26.538699	94.861394
55206		-4.974568	0.443634	8.915129	-0.121057	0.327610	-0.007404	0.012451	-0.351318	-1.318359	3.949190	26.722110	94.871978
55207		-4.812588	0.332571	8.814217	-0.125309	0.316196	0.003864	0.019043	-0.355957	-1.319580	3.897832	26.913518	94.903814
55208		-4.593610	0.647053	8.641533	-0.137719	0.320140	0.013417	0.022217	-0.355713	-1.317871	3.830214	27.091874	94.927047
55209		-4.862434	0.760978	8.573397	-0.171417	0.306178	0.024589	0.030273	-0.358154	-1.321777	3.758187	27.276728	94.971340
55210		-4.976798	0.720735	8.357385	-0.210932	0.269437	0.013010	0.027344	-0.355225	-1.323730	3.647429	27.426166	94.991706
55211		-4.887232	0.616786	8.431107	-0.231021	0.234604	0.015667	0.027100	-0.340576	-1.328857	3.537147	27.570496	95.026781
55212		-5.069310	0.530877	8.453908	-0.247925	0.210620	0.020396	0.030518	-0.348389	-1.317627	3.406131	27.686112	95.048982
55213		-4.770800	0.563479	8.378314	-0.265253	0.188378	0.019070	0.036133	-0.341309	-1.321777	3.276219	27.803960	95.083905
55214		-4.779289	0.458491	8.521998	-0.296991	0.204780	0.018494	0.044189	-0.334961	-1.326416	3.116225	27.916390	95.104083
55215		-4.887561	0.055580	8.587128	-0.325984	0.209549	0.028329	0.042725	-0.334961	-1.326660	2.954438	28.046100	95.145104
55216		-4.999223	0.358988	8.349286	-0.350555	0.222280	0.035300	0.047363	-0.323730	-1.328613	2.768906	28.168166	95.176054
55217		-4.620833	0.458004	8.414548	-0.449059	0.214176	0.015627	0.047607	-0.322510	-1.327393	2.532377	28.300977	95.208079
55218		-5.074495	0.676021	8.374076	-0.573528	0.212355	0.021896	0.055664	-0.312988	-1.336914	2.214414	28.417906	95.228932
55219		-5.196020	0.747091	8.124376	-0.650542	0.153839	0.001229	0.055420	-0.302734	-1.334961	1.856709	28.516560	95.248752
55220		-5.089774	0.149699	8.500516	-0.626540	0.094810	-0.016723	0.050537	-0.292236	-1.328857	1.494571	28.567032	95.240599
55221		-5.119067	0.059120	8.554927	-0.588917	0.083312	0.011702	0.056396	-0.291016	-1.335205	1.174366	28.625215	95.264997
55222		-4.949901	-0.317012	8.547394	-0.457124	0.083955	0.008252	0.051270	-0.288330	-1.339844	0.916731	28.669126	95.272377
55223		-5.033093	-0.432359	8.755171	-0.317467	0.144711	0.029215	0.050293	-0.278320	-1.342041	0.757498	28.762363	95.308257
55224		-4.938850	-0.287238	8.539629	-0.223369	0.204132	0.030407	0.065186	-0.281982	-1.339111	0.641119	28.875008	95.330793
55225		-4.902845	-0.018708	8.516891	-0.183648	0.243596	0.030854	0.061768	-0.269531	-1.344482	0.559144	29.024883	95.367959
55226		-4.977260	0.187154	8.397052	-0.182171	0.277757	0.026148	0.065430	-0.272461	-1.336914	0.465145	29.179796	95.387775
55227		-5.146411	0.119206	8.455938	-0.200941	0.293403	0.021317	0.068604	-0.275635	-1.342773	0.370185	29.358231	95.418448
55228		-5.129563	0.138649	8.461930	-0.234761	0.311333	0.034305	0.073730	-0.274658	-1.351807	0.248576	29.532417	95.443186
55229		-5.059544	0.116471	8.482419	-0.260119	0.325049	0.043229	0.082275	-0.273926	-1.345703	0.126622	29.728949	95.487667
55230		-5.198009	-0.028338	8.531554	-0.255365	0.355266	0.061513	0.090576	-0.260986	-1.341553	0.001927	29.928379	95.529643
55231		-4.987169	0.084620	8.610977	-0.281390	0.424225	0.077380	0.082275	-0.269531	-1.345459	-0.121128	30.181785	95.595874
55232		-5.049375	-0.074661	8.541311	-0.254743	0.466042	0.103261	0.096191	-0.247314	-1.354980	-0.231675	30.444910	95.664567
55233		-4.941669	-0.488845	8.873275	-0.154932	0.556397	0.115066	0.093750	-0.261230	-1.346191	-0.269558	30.774142	95.754871
55234		-4.234932	-0.621817	9.374892	0.028097	0.654344	0.117224	0.108154	-0.253906	-1.344727	-0.212797	31.145256	95.832477
55235		-4.013292	-0.591227	9.355478	0.215542	0.884501	0.119903	0.112793	-0.256836	-1.338867	-0.035410	31.661985	95.926857
55236		-4.436219	-0.578797	9.398507	0.359200	1.099768	0.154352	0.131592	-0.251953	-1.340332	0.227591	32.287874	96.033465
55237		-4.508728	-0.419634	9.479819	0.454138	1.301121	0.192334	0.153564	-0.264404	-1.333740	0.574370	33.041843	96.185583
55238		-4.177798	-0.652883	9.769780	0.549618	1.533472	0.226411	0.165527	-0.265625	-1.332275	0.984301	33.914518	96.356489
55239		-3.710479	-0.691979	10.206682	0.648170	1.874982	0.217005	0.193604	-0.278320	-1.330078	1.469378	34.994543	96.550075
55240		-2.584192	-0.720510	10.958711	0.686067	2.391845	0.219222	0.217041	-0.294189	-1.316406	1.983596	36.356454	96.756463
55241		-2.261818	-0.045825	11.638133	0.706396	2.968206	0.185355	0.256348	-0.302490	-1.307861	2.532542	38.059119	96.988595
55242		-0.670496	1.477266	11.956775	0.698297	3.683172	0.084858	0.310059	-0.311768	-1.296875	3.057173	40.160416	97.184743
55243		-0.935793	2.800703	11.504899	0.582768	4.712273	-0.160087	0.359131	-0.312256	-1.279297	3.459462	42.866886	97.282333
55244		-2.050291	4.684824	12.657141	0.323860	5.873058	-0.506542	0.443115	-0.319824	-1.243896	3.564207	46.239227	97.166066
55245		-5.545369	5.806354	14.609768	-0.007564	7.018701	-1.067473	0.522705	-0.308838	-1.222656	3.155633	50.293325	96.619918
55246		-14.044977	5.948293	17.280641	0.011687	7.684226	-1.668750	0.616211	-0.314453	-1.167969	2.185760	54.731935	95.389193
55247		-25.495180	7.688643	21.834329	0.002794	7.316413	-2.210868	0.698486	-0.293213	-1.108887	0.415142	58.954681	93.269987
55248		-24.842547	14.620282	19.934100	-0.694993	6.432302	-2.777313	0.767090	-0.264404	-1.049072	-2.973226	62.601113	89.845098
55249		-22.363053	14.134512	20.935158	-1.643457	5.277304	-3.075308	0.810303	-0.231201	-1.002197	-8.082288	65.445852	85.208001
55250		-13.736257	12.508707	19.110446	-2.093474	4.105455	-3.001254	0.842529	-0.188477	-0.959473	-14.189220	67.419887	79.854865
55251		-1.058839	8.145455	14.840488	-2.179922	3.587619	-2.946729	0.863037	-0.159912	-0.918701	-20.954646	68.875172	73.907869
55252		12.201328	4.820595	14.222442	-2.225669	3.521934	-3.240023	0.869873	-0.119873	-0.872070	-28.969791	69.919808	66.708369
55253		-15.117980	10.674500	19.889550	-1.614024	3.942365	-2.245831	0.896240	-0.086670	-0.828125	-36.350707	71.133935	59.855199
55254		-9.175679	10.606575	18.517988	-1.222119	2.571269	-0.819885	0.887207	-0.084229	-0.791260	-40.900446	71.989562	55.796924
55255		-1.853696	9.566915	9.455096	-1.128081	1.609490	0.097171	0.888428	-0.083252	-0.767334	-43.280527	72.718044	53.968363
55256		-2.177145	8.217267	1.730509	-1.211704	0.194421	1.003793	0.866455	-0.098145	-0.762207	-42.840238	73.189801	55.154259
55257		-1.045873	11.921553	8.102242	-2.116095	-1.186430	1.740372	0.835449	-0.102783	-0.754883	-39.974569	73.345825	59.402268
55258		1.444106	8.248197	10.022404	-2.864011	-1.792265	1.641845	0.813721	-0.104248	-0.766357	-37.036653	73.125127	64.183464
55259		3.978684	1.994279	6.423799	-2.815053	-2.010333	1.654720	0.772949	-0.106201	-0.773193	-33.850976	72.737462	69.190233
55260		5.999829	-0.633174	4.988477	-2.226245	-2.086026	1.927958	0.743652	-0.105469	-0.768555	-30.128474	72.305570	74.429160
55261		2.932276	-0.784966	5.540224	-1.427549	-2.250206	2.210692	0.707520	-0.124756	-0.773193	-25.533023	71.750146	80.105460
55262		-0.281790	0.644798	5.764231	-0.877959	-2.679043	2.422959	0.671387	-0.132080	-0.787842	-20.473805	70.875245	85.975847
55263		-1.333865	2.670925	5.366200	-0.647110	-3.191151	2.504822	0.632080	-0.153809	-0.792969	-15.391172	69.562406	91.754632
55264		-1.958991	3.065718	4.567836	-0.650987	-3.634486	2.589987	0.588867	-0.162842	-0.798096	-10.834249	67.865473	97.043688
55265		-2.106028	4.164323	4.321807	-0.814080	-3.955035	2.683096	0.544189	-0.174316	-0.809570	-6.859276	65.841468	101.855557
55266		-2.718380	4.995617	3.510352	-1.142663	-4.095815	2.720618	0.499268	-0.180908	-0.818359	-3.759059	63.643725	106.005623
55267		-3.476391	4.558750	2.699379	-1.566135	-4.106135	2.708803	0.458740	-0.184082	-0.819580	-1.417898	61.338596	109.637153
55268		-3.962147	2.394600	2.240860	-1.819196	-4.049551	2.658117	0.410156	-0.179199	-0.826660	0.241758	59.029307	112.749936
55269		-4.636498	0.014341	2.322589	-1.802572	-3.998684	2.556642	0.370605	-0.184814	-0.833984	1.529678	56.688773	115.469738
55270		-5.501298	-0.977032	2.967724	-1.644093	-3.948764	2.458416	0.327393	-0.176758	-0.845215	2.523859	54.373378	117.816959
55271		-7.529510	-0.644511	4.912410	-1.568297	-3.944475	2.298346	0.283936	-0.177246	-0.851318	3.267271	52.021417	119.845791
55272		-10.489278	0.051139	6.383589	-1.672630	-4.087389	2.074698	0.250488	-0.168945	-0.840576	3.594330	49.608256	121.502998
55273		-13.643663	0.013949	7.400420	-1.868293	-4.335453	1.776110	0.204590	-0.158936	-0.847168	3.521868	47.037088	122.816204
55274		-16.601589	-1.343058	7.301721	-1.993675	-4.663970	1.415446	0.157959	-0.146729	-0.836426	3.053074	44.318561	123.756613
55275		-18.149321	-2.397956	6.289103	-1.921478	-4.972493	1.030293	0.111572	-0.138184	-0.832764	2.399419	41.416955	124.389494
55276		-19.153183	-3.282530	4.962268	-1.650682	-5.097399	0.569599	0.077393	-0.117676	-0.830811	1.641823	38.482584	124.681626
55277		-20.465603	-3.933535	3.388398	-1.173069	-5.003645	0.079801	0.032959	-0.107422	-0.819336	0.977024	35.590477	124.667161
55278		-21.102059	-4.447086	1.488668	-0.573288	-4.728388	-0.295706	-0.003174	-0.099854	-0.804199	0.510596	32.879644	124.420807
55279		-20.184596	-3.142512	-0.820904	-0.007205	-4.214785	-0.494995	-0.029785	-0.101807	-0.797852	0.340246	30.446388	124.075321
55280		-18.873941	-2.258128	-2.661621	0.465773	-3.389610	-0.534770	-0.051025	-0.100586	-0.786621	0.427856	28.502290	123.709499
55281		-18.699949	-2.489952	-3.800334	0.977527	-2.377097	-0.409347	-0.072266	-0.107666	-0.779297	0.874349	27.127573	123.435540
55282		-18.594215	-1.841402	-4.700581	1.455075	-1.419359	-0.073958	-0.077637	-0.119629	-0.773193	1.678783	26.311393	123.368787
55283		-18.952375	-0.177048	-4.605752	1.798836	-0.592186	0.321185	-0.072266	-0.138672	-0.769531	2.810426	25.954706	123.568358
55284		-20.611557	0.799375	-4.755251	1.974402	0.005117	0.710297	-0.072266	-0.147461	-0.758789	4.140458	25.928833	124.021063
55285		-21.287389	1.930430	-6.076446	1.901687	0.416623	1.100713	-0.062500	-0.152344	-0.750488	5.563903	26.107997	124.754281
55286		-30.162405	16.665669	4.793428	0.435482	1.187764	1.019249	-0.059814	-0.156738	-0.741211	6.137454	26.721315	125.480990
55287		-39.279874	29.818700	-24.203920	-5.436518	1.980641	-3.015875	-0.032227	-0.129883	-0.758057	2.193602	27.979464	123.650051
55288		-31.420374	-37.384930	13.322038	-2.503196	0.976821	-1.655805	-0.023926	-0.106445	-0.767822	0.256953	28.555205	122.587729
55289		-20.873606	-40.930605	31.942155	2.765327	-0.881732	-1.308342	-0.038818	-0.128906	-0.764160	1.452460	28.071822	121.747268
55290		9.340341	9.283541	5.870153	-1.263855	-1.919463	0.141625	-0.046631	-0.117676	-0.756836	0.760695	26.966598	121.815776
55291		7.251690	22.002199	14.415660	-1.709831	0.022465	0.274467	-0.043945	-0.104248	-0.759033	-0.125217	26.987974	122.007327
55292		-16.685637	-13.779014	6.501386	-0.555630	0.218568	-0.208202	-0.035889	-0.104980	-0.766357	-0.503595	27.108473	121.873705
55293		-3.488276	-7.845500	10.739833	-0.568900	-0.159190	0.128029	-0.044922	-0.097168	-0.762939	-0.776727	27.027217	121.972952
55294		-5.412614	2.152121	8.262177	-0.082131	0.106088	0.060859	-0.042480	-0.089844	-0.767578	-0.805156	27.084410	122.012286
55295		-4.249166	-0.927074	9.402683	-0.033000	0.157804	0.024181	-0.047363	-0.097656	-0.767090	-0.803690	27.183884	122.041415
55296		-5.743220	1.445727	8.095367	-0.099385	0.106373	0.004668	-0.037109	-0.100586	-0.765381	-0.858458	27.240798	122.044559
55297		-5.304653	0.277696	8.370630	-0.147336	-0.021818	-0.038516	-0.039551	-0.087158	-0.763428	-0.940187	27.236827	122.034948
55298		-5.224233	-0.112257	8.398243	-0.166111	-0.078630	-0.052068	-0.042725	-0.088623	-0.772461	-1.049036	27.187201	122.003431
55299		-4.720506	0.040527	8.610841	-0.146840	-0.116096	-0.053071	-0.038330	-0.081787	-0.767090	-1.134231	27.129111	121.985629
55300		-4.489815	-0.260928	8.764191	-0.095430	-0.053901	-0.043253	-0.043213	-0.086182	-0.762451	-1.200006	27.093670	121.959657
55301		-4.591805	-0.369119	8.834997	-0.061855	0.017176	-0.025443	-0.040039	-0.093994	-0.768555	-1.229236	27.112119	121.957844
55302		-4.674984	-0.301759	8.758827	-0.043337	0.051278	-0.013089	-0.041504	-0.092285	-0.766846	-1.256965	27.137271	121.949867
55303		-4.716325	-0.524143	8.850235	-0.014443	0.094914	-0.001983	-0.041260	-0.087646	-0.770264	-1.252806	27.200443	121.961879
55304		-4.652704	-0.620068	8.894269	0.020215	0.148801	0.006409	-0.039063	-0.088623	-0.765137	-1.239018	27.281701	121.965088
55305		-4.783720	-0.305251	8.739852	0.054406	0.185535	0.017536	-0.036865	-0.082520	-0.766357	-1.190389	27.396922	121.988296
55306		-4.824932	-0.114555	8.633840	0.061760	0.202499	0.018756	-0.040771	-0.078613	-0.765381	-1.149379	27.509081	121.998895
55307		-4.825535	-0.138164	8.648988	0.065722	0.195548	0.020067	-0.028320	-0.089111	-0.760742	-1.093523	27.629995	122.023739
55308		-4.942902	-0.229906	8.587013	0.073461	0.192503	0.022788	-0.033203	-0.098877	-0.761963	-1.044389	27.736454	122.037312
55309		-4.949515	-0.098041	8.530143	0.070506	0.180382	0.024052	-0.031494	-0.090820	-0.763916	-0.984432	27.848662	122.065088
55310		-4.856484	-0.069344	8.501149	0.054590	0.163877	0.025146	-0.033447	-0.095459	-0.764404	-0.945090	27.938723	122.080748
55311		-4.788010	-0.136468	8.496268	0.040013	0.147431	0.024937	-0.030518	-0.085938	-0.760010	-0.902092	28.032009	122.109587
55312		-4.831270	-0.126714	8.658809	0.023736	0.161193	0.037944	-0.031494	-0.085449	-0.762939	-0.876386	28.120627	122.133744
55313		-4.910416	-0.180649	8.623721	0.022255	0.162827	0.048666	-0.026367	-0.081299	-0.767334	-0.836317	28.222846	122.177902
55314		-5.028636	-0.198000	8.537888	0.020246	0.169000	0.048422	-0.027100	-0.087402	-0.763428	-0.809269	28.315999	122.208962
55315		-4.978308	-0.058237	8.459515	0.023172	0.165108	0.051146	-0.015625	-0.092529	-0.773926	-0.767828	28.419463	122.254806
55316		-5.066485	-0.058156	8.399412	0.026338	0.150581	0.043173	-0.028564	-0.091309	-0.769043	-0.738665	28.501991	122.282788
55317		-5.082679	0.023120	8.392421	0.023953	0.127201	0.039323	-0.026123	-0.097656	-0.762207	-0.700195	28.583594	122.321354
55318		-5.013860	0.030913	8.366031	0.010539	0.095276	0.031305	-0.018311	-0.094971	-0.765625	-0.683453	28.634328	122.342167
55319		-5.058349	-0.008133	8.384310	-0.001199	0.073548	0.024549	-0.029297	-0.090820	-0.771729	-0.663776	28.685059	122.371536
55320		-5.078725	-0.054649	8.429139	-0.011910	0.051936	0.027346	-0.020020	-0.091309	-0.768311	-0.660930	28.710927	122.390138
55321		-5.077685	-0.131358	8.427080	-0.012552	0.027901	0.027734	-0.021973	-0.090332	-0.762207	-0.646635	28.735504	122.421871
55322		-5.100081	-0.124041	8.376417	0.001046	0.001449	0.021744	-0.017334	-0.095215	-0.769531	-0.637930	28.732404	122.437200
55323		-5.008187	-0.070670	8.357212	0.014063	-0.024524	0.023886	-0.013428	-0.092529	-0.766357	-0.609516	28.726898	122.466684
55324		-4.991177	0.001872	8.457485	0.012695	-0.038503	0.017292	-0.030273	-0.080566	-0.761719	-0.595409	28.700873	122.479374
55325		-4.955879	-0.056659	8.509747	0.005636	-0.041568	0.013082	-0.030762	-0.090576	-0.767822	-0.575263	28.685493	122.501782
55326		-5.005796	-0.067052	8.509207	-0.007575	-0.041777	0.004594	-0.017578	-0.092529	-0.763184	-0.576755	28.657514	122.506183
55327		-5.016614	-0.038362	8.462046	-0.029450	-0.052156	0.001493	-0.022217	-0.091064	-0.762207	-0.580418	28.635951	122.520957
55328		-5.044919	-0.159014	8.487374	-0.041108	-0.061957	0.006781	-0.024658	-0.088135	-0.768555	-0.600375	28.596425	122.526926
55329		-5.068813	-0.179109	8.489451	-0.035025	-0.080503	0.004488	-0.017578	-0.088867	-0.765625	-0.606314	28.558610	122.543729
55330		-5.108137	-0.168828	8.491929	-0.027997	-0.102022	0.000884	-0.030029	-0.089600	-0.764404	-0.620464	28.496095	122.546145
55331		-5.114365	-0.163616	8.325997	-0.018149	-0.127321	0.000091	-0.028564	-0.090576	-0.767822	-0.618086	28.431417	122.560269
55332		-4.828826	0.089905	8.297301	-0.016375	-0.159574	-0.008989	-0.029541	-0.083252	-0.765381	-0.628441	28.335867	122.556673
55333		-4.661021	0.041955	8.555462	-0.021607	-0.156354	-0.006533	-0.031738	-0.090332	-0.767822	-0.630093	28.254503	122.566571
55334		-4.718595	-0.196236	8.704793	-0.028588	-0.130140	0.017338	-0.028076	-0.089600	-0.757080	-0.639431	28.175984	122.579907
55335		-4.697195	-0.350235	8.636527	0.002825	-0.098497	0.021641	-0.034668	-0.087402	-0.769287	-0.618745	28.127829	122.607532
55336		-4.782795	-0.221398	8.637255	0.027559	-0.052883	0.029731	-0.031982	-0.085938	-0.762695	-0.592418	28.093642	122.628330
55337		-4.701983	-0.112535	8.666635	0.036793	-0.007925	0.023937	-0.032959	-0.087891	-0.771729	-0.552053	28.097276	122.656597
55338		-4.683317	-0.037632	8.667384	0.037663	0.021280	0.019518	-0.027100	-0.084229	-0.767334	-0.523301	28.105502	122.670261
55339		-4.778134	0.014932	8.759999	0.018476	0.056739	0.032248	-0.025146	-0.093994	-0.759766	-0.491144	28.146097	122.703421
55340		-4.932482	-0.067782	8.701563	0.002755	0.089624	0.038265	-0.032227	-0.090088	-0.762939	-0.476795	28.193560	122.728912
55341		-5.019220	-0.247048	8.766161	0.004521	0.109658	0.066496	-0.027832	-0.093018	-0.772217	-0.442236	28.264528	122.784023
55342		-4.961872	-0.083953	8.813050	0.035043	0.101800	0.061773	-0.027100	-0.095215	-0.761719	-0.402076	28.319041	122.824838
55343		-4.626236	-0.050622	9.138528	0.047979	0.181889	0.092018	-0.027100	-0.084961	-0.765625	-0.334781	28.431352	122.896332
55344		-3.871559	0.601898	9.284796	0.040762	0.368357	0.132070	-0.024902	-0.090576	-0.757324	-0.269623	28.638726	122.982300
55345		-3.416763	0.481433	10.094849	-0.002145	0.757265	0.220673	-0.015381	-0.088379	-0.762939	-0.190346	29.080542	123.136990
55346		-2.483504	-0.364056	10.806266	0.165767	1.249808	0.238549	-0.014648	-0.090820	-0.760254	-0.017695	29.792799	123.293532
55347		-2.121569	-1.250123	11.078334	0.306570	1.844899	0.223917	0.003174	-0.096680	-0.759766	0.246183	30.856168	123.456886
55348		-1.582764	-1.479888	12.142561	0.380824	2.472696	0.304914	0.020264	-0.099609	-0.761963	0.579280	32.267538	123.674962
55349		-0.238265	-0.458194	12.501008	0.291247	3.201345	0.283247	0.053467	-0.100098	-0.771729	0.879404	34.104768	123.908799
55350		0.119293	-1.037840	11.587926	0.207037	4.197731	0.232762	0.083252	-0.108398	-0.754883	1.123615	36.503099	124.124758
55351		-3.650211	-1.489902	11.006115	0.317071	4.775572	0.199864	0.125000	-0.099854	-0.751709	1.454414	39.239254	124.359910
55352		-6.908252	-0.366023	9.560750	0.694489	4.746048	0.077113	0.159180	-0.112305	-0.739014	1.961160	41.951905	124.525869
55353		-10.218216	2.083554	11.362198	0.933155	4.610017	-0.016957	0.192139	-0.113770	-0.728760	2.598352	44.593962	124.669675
55354		-14.982047	4.552686	13.046675	0.709102	4.157128	-0.177361	0.226074	-0.114258	-0.723877	3.021902	46.973812	124.692649
55355		-14.548027	5.430322	12.237302	0.073802	3.458113	-0.436910	0.259521	-0.112793	-0.710205	2.915342	48.967906	124.487629
55356		-10.411771	5.791519	10.921554	-0.619355	2.831135	-0.693800	0.271729	-0.114502	-0.701416	2.177621	50.601979	123.985384
55357		-7.587213	4.380792	11.114438	-1.229790	2.152586	-0.884414	0.303467	-0.106689	-0.701416	0.901238	51.850889	123.247608
55358		-4.322052	1.925810	9.946573	-1.593626	1.495588	-0.921797	0.309570	-0.086914	-0.698486	-0.690692	52.704697	122.388506
55359		-0.683776	-0.035211	8.725198	-1.513389	1.049130	-1.122811	0.316406	-0.085938	-0.691650	-2.413227	53.289635	121.312744
55360		0.675314	-0.422294	7.309356	-1.303775	0.796564	-1.387745	0.333496	-0.072754	-0.689453	-4.266286	53.694942	119.935813
55361		-5.000024	-0.365874	7.730434	-0.865953	0.709336	-1.313458	0.334473	-0.067383	-0.679932	-5.818294	54.033864	118.623650
55362		-6.739936	1.066771	9.055865	-0.358640	0.151954	-0.963765	0.341064	-0.058838	-0.679443	-6.791003	54.055811	117.674949
55363		-4.489952	3.276618	8.325391	0.042067	-0.417963	-0.713941	0.341797	-0.050537	-0.685791	-7.263550	53.767750	117.055182
55364		-3.629774	4.255380	7.811454	0.015762	-0.931729	-0.374790	0.332520	-0.064453	-0.683105	-7.447172	53.206885	116.814569
55365		-3.216156	3.972714	6.411989	-0.214149	-1.388542	0.000726	0.321045	-0.062988	-0.683105	-7.412195	52.416787	117.005963
55366		-3.514641	4.004641	5.597289	-0.442589	-1.767542	0.343162	0.322754	-0.053223	-0.683838	-7.249293	51.433492	117.534085
55367		-3.211818	3.655191	5.525127	-0.684786	-2.110021	0.592017	0.299805	-0.057373	-0.690918	-7.021236	50.273908	118.325870
55368		-2.403455	2.233418	5.205310	-0.800746	-2.345487	0.759579	0.286865	-0.052734	-0.701904	-6.779459	48.988096	119.244388
55369		-2.297106	0.782872	4.950811	-0.744723	-2.470818	0.908464	0.271240	-0.059570	-0.707764	-6.420264	47.638484	120.286707
55370		-2.735704	-0.106835	4.974692	-0.562207	-2.537732	1.013463	0.254883	-0.050049	-0.711182	-5.954526	46.251522	121.363860
55371		-3.569647	-0.430686	5.215489	-0.348506	-2.597919	1.048357	0.243164	-0.052734	-0.704590	-5.373921	44.825373	122.445516
55372		-4.535331	-0.552251	5.447670	-0.175529	-2.695401	1.021714	0.222168	-0.053955	-0.721436	-4.775483	43.334829	123.449178
55373		-4.902886	-0.373241	5.581265	-0.081929	-2.812980	0.970424	0.199463	-0.068115	-0.718750	-4.177968	41.766491	124.389084
55374		-5.077483	-0.105805	5.875901	-0.077161	-2.884926	0.904489	0.188965	-0.074463	-0.728516	-3.673346	40.148868	125.225145
55375		-5.339479	-0.091968	6.040335	-0.122042	-2.908879	0.861191	0.165283	-0.072266	-0.727783	-3.238482	38.509621	126.006824
55376		-5.765340	0.008847	6.020735	-0.166979	-2.882755	0.869027	0.144775	-0.080322	-0.739746	-2.880137	36.882802	126.748047
55377		-6.388888	0.101976	5.867720	-0.204494	-2.811403	0.942206	0.127686	-0.080078	-0.736572	-2.530907	35.293715	127.523111
55378		-6.876955	-0.019313	5.728795	-0.226062	-2.688278	1.064903	0.115723	-0.067383	-0.736328	-2.195666	33.775848	128.341575
55379		-7.562253	-0.011484	5.670928	-0.253856	-2.530770	1.186809	0.099854	-0.075439	-0.739014	-1.848364	32.345341	129.226111
55380		-7.764920	-0.275168	5.838965	-0.268056	-2.338968	1.251834	0.081055	-0.076904	-0.750977	-1.533612	31.022881	130.116326
55381		-8.210782	-0.674459	6.218473	-0.322111	-2.156565	1.311401	0.059082	-0.087402	-0.744873	-1.243283	29.800955	131.033902
55382		-7.551531	-1.433089	6.666101	-0.347877	-1.981678	1.280820	0.052734	-0.087402	-0.747070	-1.018032	28.676156	131.901585
55383		-6.185114	-2.814033	6.978807	-0.265671	-1.809336	1.145981	0.041504	-0.078125	-0.747559	-0.794465	27.645717	132.675943
55384		-5.493748	-4.354620	7.398287	-0.059322	-1.685859	0.955408	0.024170	-0.081787	-0.755127	-0.540550	26.682155	133.304932
55385		-5.149660	-4.561966	7.519892	0.171328	-1.596935	0.735917	0.019531	-0.085938	-0.746094	-0.217637	25.765921	133.791514
55386		-4.704173	-3.016150	7.123888	0.279100	-1.468311	0.501366	0.011475	-0.104248	-0.746582	0.080001	24.920906	134.111535
55387		-2.364509	-4.824047	6.617067	0.376607	-1.110354	0.223355	0.004395	-0.092773	-0.750000	0.365853	24.280355	134.258179
55388		-2.291210	-6.670402	13.101590	1.912248	0.393563	0.934630	0.014893	-0.115479	-0.753662	1.707199	24.492029	134.851472
55389		-10.747191	11.625628	-8.926454	0.006167	1.697912	0.864080	0.029785	-0.115234	-0.753418	1.966406	25.443913	135.438891
55390		-33.122731	15.583947	-9.313097	-2.642773	2.942139	-0.556186	0.054443	-0.099121	-0.755859	0.312431	27.131496	135.121907
55391		-49.956177	-20.763904	13.602395	-1.146588	2.913470	-1.095704	0.078613	-0.096680	-0.749512	-0.665470	28.800699	134.417759
55392		-21.995805	-9.552735	12.618778	0.477016	-1.406612	-0.236906	0.067871	-0.090332	-0.758545	-0.459982	27.989406	134.273587
55393		3.833935	-2.307086	9.510690	0.076390	-0.802081	-0.334711	0.056885	-0.086426	-0.756104	-0.504758	27.536862	134.072035
55394		-1.779084	2.042696	11.933859	0.196041	-0.594978	-0.080188	0.058105	-0.083496	-0.750732	-0.413556	27.191536	134.024484
55395		-0.962444	4.355743	10.122436	-0.298072	0.241175	0.033581	0.058594	-0.094238	-0.749512	-0.564861	27.336816	134.054934
55396		-7.739185	-1.620903	9.376399	-0.139473	-0.008670	-0.046614	0.068115	-0.090820	-0.756592	-0.657301	27.327494	134.026048
55397		-4.775655	-2.368996	9.131277	0.046356	0.056418	0.020988	0.050537	-0.091309	-0.754883	-0.614184	27.366619	134.049479
55398		-4.783216	0.075019	8.455720	0.127249	0.138286	0.052186	0.055176	-0.087402	-0.756836	-0.524935	27.442075	134.083384
55399		-4.474966	-0.436100	8.655468	0.197942	0.160058	0.024219	0.063232	-0.091797	-0.749512	-0.394555	27.540481	134.108185
55400		-4.454682	0.631734	8.796333	0.151612	0.207334	0.043910	0.056641	-0.096436	-0.757813	-0.293665	27.655350	134.136865
55401		-4.956791	1.102075	8.417970	0.056802	0.153150	0.016841	0.057861	-0.095215	-0.757324	-0.246164	27.749591	134.157220
55402		-4.949511	0.168587	8.473301	0.022690	0.099092	0.003084	0.065918	-0.085449	-0.752441	-0.231114	27.802298	134.160041
55403		-5.135073	0.076389	8.355155	-0.002511	0.060869	-0.005831	0.063721	-0.084961	-0.753418	-0.224160	27.843614	134.166102
55404		-4.830470	-0.072755	8.622316	-0.018505	0.027448	-0.003880	0.071533	-0.096436	-0.756348	-0.234726	27.855256	134.164607
55405		-4.828235	0.276502	8.604872	-0.052167	0.012113	-0.006074	0.057129	-0.093262	-0.760986	-0.256323	27.868640	134.170559
55406		-4.798166	-0.181056	8.637950	-0.069355	-0.006752	-0.011407	0.062988	-0.086670	-0.748047	-0.298259	27.860665	134.164282
55407		-4.946026	-0.273259	8.574667	-0.070333	-0.003711	-0.004974	0.073486	-0.080566	-0.755859	-0.329976	27.864930	134.170912
55408		-4.979299	-0.179817	8.558384	-0.060750	-0.018601	-0.007556	0.062012	-0.098389	-0.751953	-0.365788	27.850173	134.167190
55409		-4.873610	-0.022056	8.603760	-0.058520	-0.026544	-0.002603	0.070801	-0.084961	-0.752441	-0.390118	27.841351	134.175330
55410		-4.881241	-0.049294	8.602750	-0.058531	-0.036270	-0.006788	0.068848	-0.095459	-0.756104	-0.424378	27.816470	134.172204
55411		-4.867117	-0.089359	8.626299	-0.057344	-0.041955	-0.009498	0.059082	-0.089600	-0.752441	-0.450162	27.798752	134.175877
55412		-4.884078	-0.138667	8.623246	-0.056227	-0.043714	-0.009519	0.063477	-0.086426	-0.754395	-0.483891	27.769591	134.171053
55413		-4.839011	-0.171828	8.697950	-0.055461	-0.044716	-0.012092	0.054688	-0.087891	-0.759766	-0.509462	27.750238	134.172984
55414		-4.790910	-0.253974	8.718567	-0.040677	-0.033927	-0.009687	0.056885	-0.084473	-0.750977	-0.534340	27.726679	134.168027
55415		-4.702353	-0.131023	8.686543	-0.026816	-0.024001	-0.003511	0.052734	-0.083740	-0.750732	-0.541094	27.719178	134.175276
55416		-4.635490	-0.107757	8.667646	-0.027198	0.000100	0.005019	0.058594	-0.091309	-0.759766	-0.553912	27.715193	134.179639
55417		-4.744134	-0.109649	8.638462	-0.016883	0.012612	-0.001682	0.067627	-0.089355	-0.762451	-0.554628	27.728590	134.187735
55418		-4.786245	-0.139935	8.584162	-0.020237	0.017275	0.005994	0.058594	-0.083740	-0.751221	-0.563214	27.734451	134.192622
55419		-4.799147	-0.165590	8.604945	-0.016672	0.019702	0.006263	0.056641	-0.082520	-0.748291	-0.561533	27.751897	134.205715
55420		-4.811080	-0.188852	8.601438	-0.020233	0.017269	0.005989	0.066162	-0.085693	-0.763916	-0.570116	27.757754	134.210599
55421		-4.843992	-0.199411	8.573849	-0.019880	0.016506	0.008537	0.062988	-0.085693	-0.757813	-0.569688	27.773334	134.225076
55422		-4.867528	-0.189988	8.573142	-0.012331	0.016679	0.008931	0.060547	-0.083496	-0.750244	-0.572853	27.778871	134.231869
55423		-4.827533	-0.102296	8.582785	-0.003331	0.014360	0.011871	0.058105	-0.085693	-0.757813	-0.562043	27.793204	134.248413
55424		-4.827643	-0.099737	8.557890	-0.003610	0.011195	0.006620	0.062744	-0.089111	-0.756592	-0.560889	27.795586	134.253747
55425		-4.828377	-0.099918	8.557474	-0.007853	0.005816	0.006203	0.063232	-0.086914	-0.755859	-0.554441	27.804950	134.266586
55426		-4.796294	-0.088648	8.559759	-0.006917	0.002227	0.007400	0.059570	-0.082520	-0.749512	-0.554919	27.802197	134.272482
55427		-4.831892	-0.051259	8.611298	-0.010339	-0.008048	0.001727	0.062744	-0.085938	-0.749268	-0.551293	27.803550	134.282418
55428		-4.848038	-0.145745	8.552803	-0.013761	-0.018324	-0.003947	0.057617	-0.094482	-0.764404	-0.559061	27.788960	134.281094
55429		-4.847996	-0.151983	8.602472	-0.013433	-0.028788	-0.005597	0.049072	-0.085938	-0.751953	-0.559448	27.778351	134.286325
55430		-4.855554	-0.231762	8.620074	-0.006471	-0.025786	-0.003848	0.055664	-0.084717	-0.753174	-0.562985	27.759486	134.285114
55431		-4.755129	-0.138486	8.585716	-0.002579	-0.033823	-0.005227	0.058838	-0.078857	-0.758545	-0.557144	27.745957	134.290504
55432		-4.668276	-0.018200	8.602699	-0.015557	-0.029257	-0.008290	0.066650	-0.086914	-0.758301	-0.567214	27.725078	134.286440
55433		-4.664029	-0.015638	8.555408	-0.031464	-0.024722	-0.003825	0.056641	-0.089111	-0.762207	-0.577609	27.716705	134.292589
55434		-4.772727	-0.026925	8.600652	-0.054371	-0.028436	-0.010272	0.057373	-0.086182	-0.753662	-0.610508	27.696283	134.287252
55435		-4.767168	-0.140810	8.591253	-0.058245	-0.034603	-0.008159	0.063232	-0.085449	-0.756104	-0.637574	27.682160	134.290603
55436		-4.708435	-0.199257	8.589462	-0.056128	-0.029690	-0.010435	0.056885	-0.087646	-0.755127	-0.671510	27.661014	134.285195
55437		-4.698990	-0.189720	8.665846	-0.049335	-0.014362	-0.008223	0.057373	-0.082520	-0.757568	-0.693654	27.658428	134.288270
55438		-4.773322	-0.238795	8.658705	-0.034746	-0.005383	-0.004566	0.061279	-0.087646	-0.758545	-0.713655	27.651244	134.286487
55439		-4.783877	-0.263142	8.655857	-0.018293	0.010605	0.000749	0.058350	-0.088135	-0.752197	-0.715522	27.662960	134.295060
55440		-4.707716	-0.214087	8.614340	-0.007873	0.010279	0.001275	0.064209	-0.085205	-0.762207	-0.718430	27.664791	134.296930
55441		-4.754057	-0.195984	8.638380	0.002799	0.017594	0.002116	0.058350	-0.081055	-0.754883	-0.707944	27.680462	134.306222
55442		-4.776112	-0.180035	8.589057	0.004274	0.024797	0.008873	0.063965	-0.086426	-0.754883	-0.701661	27.690664	134.312893
55443		-4.756041	-0.189602	8.587740	0.006126	0.022091	0.006302	0.062744	-0.085205	-0.759521	-0.688122	27.708886	134.324766
55444		-4.738610	-0.090680	8.597631	0.005097	0.019901	0.003601	0.064453	-0.082275	-0.762207	-0.682931	27.716245	134.328069
55445		-4.759669	-0.188424	8.585755	0.002382	0.022272	0.002270	0.054688	-0.087402	-0.760254	-0.672832	27.734487	134.337249
55446		-4.794253	-0.142782	8.563616	0.004421	0.016945	0.003449	0.052734	-0.084473	-0.750000	-0.668062	27.740151	134.340478
55447		-4.775342	-0.157626	8.611270	0.003580	0.012135	0.004497	0.067871	-0.083252	-0.755615	-0.656661	27.752553	134.351090
55448		-4.777462	-0.159775	8.634906	-0.000400	0.014382	0.004375	0.059326	-0.082764	-0.756836	-0.654362	27.756753	134.354940
55449		-4.809182	-0.166001	8.583202	0.005009	0.014115	0.002088	0.062988	-0.074951	-0.753418	-0.642965	27.770220	134.363889
55450		-4.767152	-0.188654	8.606462	0.005361	0.013350	0.004636	0.059814	-0.087891	-0.760742	-0.637281	27.773830	134.367918
55451		-4.738409	-0.124544	8.638056	0.007305	0.016424	0.003576	0.056396	-0.083984	-0.754150	-0.624221	27.788581	134.377724
55452		-4.750267	-0.145873	8.634555	0.003326	0.018670	0.003452	0.057861	-0.082520	-0.757324	-0.620077	27.795230	134.380950
55453		-4.793971	-0.119675	8.585538	0.003913	0.015843	0.002093	0.059814	-0.089111	-0.759766	-0.609487	27.809575	134.389717
55454		-4.805323	-0.141367	8.582298	0.001524	0.007756	-0.000903	0.055176	-0.083984	-0.759277	-0.607654	27.809944	134.390200
55455		-4.839161	-0.155408	8.603818	0.000165	0.001857	-0.001200	0.062988	-0.082275	-0.755371	-0.600245	27.816212	134.396848
55456		-4.848656	-0.118307	8.558276	-0.003654	-0.008210	-0.001787	0.060547	-0.086182	-0.748291	-0.601595	27.807428	134.396867
55457		-4.772369	-0.073707	8.566586	-0.005692	-0.017060	-0.002234	0.055908	-0.083252	-0.755127	-0.597881	27.802817	134.402890
55458		-4.760955	-0.111947	8.613168	-0.009364	-0.020796	-0.008972	0.063232	-0.092041	-0.750488	-0.604633	27.786780	134.398341
55459		-4.734668	-0.175507	8.584163	-0.013507	-0.020408	-0.007898	0.058594	-0.081543	-0.760742	-0.607169	27.780166	134.400641
55460		-4.615302	-0.098684	8.597755	-0.021537	-0.011996	-0.005439	0.051270	-0.089355	-0.752686	-0.619855	27.769191	134.398324
55461		-4.756547	-0.174416	8.633986	-0.028067	-0.005522	-0.008094	0.059082	-0.076660	-0.750977	-0.630923	27.771033	134.400308
55462		-4.800012	-0.213160	8.653154	-0.027622	-0.000513	-0.004038	0.061035	-0.080322	-0.753662	-0.646708	27.766645	134.398821
55463		-4.778306	-0.168874	8.634266	-0.018468	-0.000963	-0.002294	0.058594	-0.087158	-0.759033	-0.650640	27.771081	134.404436
55464		-4.808607	-0.176935	8.583306	-0.014487	-0.003210	-0.002172	0.058838	-0.083740	-0.750244	-0.658326	27.765160	134.404178
55465		-4.820748	-0.148166	8.610780	-0.007206	-0.010654	-0.002080	0.061279	-0.083008	-0.759277	-0.655797	27.764001	134.409919
55466		-4.742288	-0.155700	8.589086	-0.009171	-0.009251	-0.005969	0.058838	-0.086914	-0.750244	-0.661562	27.754594	134.407248
55467		-4.741357	-0.156803	8.589580	-0.009848	-0.012204	-0.006122	0.057617	-0.085693	-0.752441	-0.661844	27.752474	134.410302
55468		-4.742627	-0.222312	8.681625	-0.008747	-0.013937	-0.006133	0.058838	-0.090332	-0.759277	-0.667398	27.740381	134.407561
55469		-4.707410	-0.206528	8.636045	-0.006363	-0.005847	-0.003128	0.055664	-0.087891	-0.756592	-0.664896	27.741865	134.412415
55470		-4.750011	-0.240570	8.630920	-0.002716	0.002371	-0.001330	0.060303	-0.078857	-0.757080	-0.665603	27.739147	134.412662
55471		-4.759898	-0.203245	8.585290	0.002365	-0.001606	-0.001219	0.056885	-0.078125	-0.757813	-0.657643	27.743013	134.418623
55472		-4.719220	-0.174535	8.638932	0.002970	0.005266	0.001645	0.048340	-0.085938	-0.754150	-0.654206	27.741972	134.420774
55473		-4.740604	-0.161385	8.614751	0.003791	0.000379	-0.003625	0.059326	-0.084473	-0.754639	-0.646251	27.746904	134.425075
55474		-4.699128	-0.130177	8.644042	0.001869	0.006998	0.001656	0.059082	-0.081543	-0.753906	-0.643448	27.746856	134.427219
55475		-4.730194	-0.136767	8.592711	-0.002390	0.006088	-0.003726	0.053223	-0.084229	-0.754639	-0.639162	27.754997	134.431335
55476		-4.763871	-0.151467	8.614308	-0.006623	0.000696	-0.004163	0.058350	-0.082764	-0.751221	-0.642957	27.751301	134.429758
55477		-4.762904	-0.149804	8.590032	-0.009665	-0.000651	-0.003098	0.055908	-0.083252	-0.749756	-0.642704	27.755534	134.434253
55478		-4.773875	-0.175345	8.611742	-0.011018	-0.006555	-0.003403	0.061523	-0.085693	-0.757568	-0.648764	27.747688	134.433221
55479		-4.803634	-0.183050	8.561108	-0.012209	-0.010602	-0.004908	0.056885	-0.084229	-0.756836	-0.650562	27.746161	134.436539
55480		-4.751077	-0.190353	8.636660	-0.002146	-0.010153	-0.006919	0.056641	-0.082031	-0.753906	-0.652585	27.736231	134.433259
55481		-4.761795	-0.158607	8.640163	-0.007525	-0.014379	0.000309	0.054688	-0.077881	-0.754395	-0.650203	27.732531	134.439900
55482		-4.747867	-0.188987	8.613614	-0.002822	-0.013107	-0.007074	0.055420	-0.079834	-0.755371	-0.652648	27.720908	134.436542
55483		-4.726590	-0.204788	8.662495	0.001085	-0.011432	-0.004241	0.059570	-0.072021	-0.755859	-0.646797	27.718816	134.440135
55484		-4.746800	-0.191932	8.638977	0.001600	-0.010338	-0.002890	0.056152	-0.083496	-0.754883	-0.645459	27.708806	134.439464
55485		-4.735486	-0.169796	8.642234	0.005580	-0.012583	-0.002771	0.054688	-0.072754	-0.757080	-0.636676	27.706007	134.443930
55486		-4.744814	-0.191271	8.640083	0.007872	-0.010268	-0.001278	0.063721	-0.085205	-0.752197	-0.631260	27.696048	134.444299
55487		-4.688839	-0.130228	8.600006	0.005067	-0.013679	-0.004123	0.062012	-0.081299	-0.755615	-0.623259	27.692559	134.447815
55488		-4.667500	-0.086139	8.605791	0.003114	-0.002574	-0.003781	0.050049	-0.085938	-0.762695	-0.621348	27.686992	134.446508
55489		-4.688940	-0.132970	8.624721	-0.005876	-0.000274	-0.006721	0.052490	-0.088623	-0.759277	-0.620505	27.691105	134.448180
55490		-4.765021	-0.181384	8.641351	-0.005009	0.000055	-0.002821	0.053711	-0.091309	-0.753174	-0.622968	27.687051	134.447475
55491		-4.732601	-0.170318	8.643803	-0.003745	0.000182	-0.004030	0.057373	-0.081299	-0.759033	-0.620173	27.691388	134.450811
55492		-4.709616	-0.178585	8.619264	-0.003231	0.001276	-0.002679	0.051514	-0.072021	-0.756348	-0.621579	27.688034	134.450190
55493		-4.743884	-0.195728	8.665326	-0.003907	-0.001678	-0.002833	0.057617	-0.083496	-0.751709	-0.618590	27.691258	134.454237
55494		-4.763879	-0.180577	8.617167	0.000074	-0.003922	-0.002715	0.052002	-0.088135	-0.758789	-0.618096	27.684925	134.453629
55495		-4.742129	-0.193767	8.641501	-0.002892	-0.009192	-0.004362	0.057617	-0.083740	-0.760254	-0.615044	27.683786	134.456661
55496		-4.750859	-0.213450	8.614888	-0.000087	-0.005781	-0.001518	0.049561	-0.088623	-0.750488	-0.614277	27.676396	134.456840
55497		-4.730618	-0.171895	8.644858	0.005671	-0.006804	-0.001257	0.055908	-0.084961	-0.760010	-0.605481	27.676597	134.461785
55498		-4.697522	-0.160138	8.647686	-0.000762	-0.008736	-0.001672	0.052246	-0.079346	-0.762207	-0.605138	27.667512	134.461883
55499		-4.686660	-0.138307	8.650682	0.000074	-0.003922	-0.002715	0.056396	-0.083008	-0.766113	-0.600071	27.669298	134.465791
55500		-4.686366	-0.138656	8.650836	-0.004421	-0.002774	-0.004184	0.056152	-0.083496	-0.758301	-0.602598	27.663615	134.464223
55501		-4.717544	-0.148255	8.624285	-0.003318	-0.004506	-0.004197	0.050781	-0.085449	-0.753906	-0.599985	27.664995	134.467108
55502		-4.750720	-0.163024	8.646175	-0.005362	0.000819	-0.005369	0.053711	-0.078613	-0.755127	-0.603419	27.661363	134.464748
55503		-4.695165	-0.159900	8.624160	-0.006946	-0.003029	-0.001766	0.056396	-0.090820	-0.759277	-0.602230	27.663556	134.469128
55504		-4.652342	-0.127268	8.629352	-0.009107	0.000999	-0.009400	0.059570	-0.085205	-0.752930	-0.609020	27.660002	134.464161
55505		-4.697978	-0.169514	8.696884	-0.005201	0.002678	-0.006567	0.055176	-0.079590	-0.760986	-0.608358	27.665374	134.465329
55506		-4.748671	-0.218382	8.615971	-0.012296	0.007492	-0.002902	0.052734	-0.082275	-0.756836	-0.615045	27.665580	134.464520
55507		-4.740710	-0.202329	8.666912	-0.003820	0.004102	-0.001315	0.055420	-0.080078	-0.749023	-0.612099	27.671747	134.469003
55508		-4.750078	-0.162887	8.596893	-0.005949	0.003644	-0.004006	0.055664	-0.082764	-0.756348	-0.615469	27.669741	134.467507
55509		-4.729940	-0.178884	8.645087	-0.003392	-0.000585	-0.001482	0.054688	-0.088135	-0.753906	-0.612388	27.673176	134.471845
55510		-4.751825	-0.168994	8.645453	-0.004579	-0.004635	-0.002990	0.055176	-0.076904	-0.752930	-0.614641	27.666434	134.471063
55511		-4.718318	-0.155404	8.623735	-0.004097	0.000945	-0.006580	0.055908	-0.076416	-0.752686	-0.613572	27.670666	134.472026
55512		-4.708283	-0.193306	8.669320	-0.002290	-0.002318	-0.001495	0.054443	-0.079102	-0.755371	-0.614072	27.665261	134.472195
55513		-4.728319	-0.178030	8.621172	-0.001937	-0.003083	0.001054	0.049805	-0.083740	-0.747070	-0.609531	27.667179	134.478056
55514		-4.707894	-0.193714	8.669522	-0.002129	-0.000458	-0.002692	0.059326	-0.081787	-0.758057	-0.610304	27.662832	134.477438
55515		-4.706847	-0.191438	8.645322	-0.002289	-0.002318	-0.001495	0.054932	-0.085205	-0.760742	-0.606807	27.665122	134.481576
55516		-4.718638	-0.159314	8.648302	-0.001102	0.001732	0.000013	0.051758	-0.079346	-0.754150	-0.606187	27.662045	134.482692
55517		-4.706952	-0.191843	8.645256	-0.001968	0.001402	-0.003888	0.053711	-0.079590	-0.756836	-0.603306	27.666399	134.485191
55518		-4.728274	-0.179189	8.621173	-0.002365	0.001604	0.001222	0.052734	-0.083252	-0.756104	-0.603046	27.663257	134.487090
55519		-4.717804	-0.157564	8.623977	-0.002566	-0.005475	-0.006761	0.049805	-0.082764	-0.762939	-0.601422	27.663604	134.487710
55520		-4.749845	-0.169526	8.621713	-0.001936	-0.003083	0.001053	0.052979	-0.083008	-0.757813	-0.600952	27.657776	134.489532
55521		-4.717871	-0.160668	8.648695	-0.001111	-0.007972	-0.004226	0.047607	-0.074951	-0.754395	-0.597790	27.656663	134.491747
55522		-4.674002	-0.184323	8.672732	-0.004578	-0.004637	-0.002991	0.056396	-0.079102	-0.762939	-0.600043	27.649920	134.490963
55523		-4.705066	-0.193823	8.646238	-0.002962	-0.005274	-0.001652	0.051025	-0.083008	-0.762207	-0.597245	27.650314	134.494761
55524		-4.705597	-0.196776	8.670700	-0.004065	-0.003542	-0.001639	0.057129	-0.085938	-0.755371	-0.598802	27.644206	134.494844
55525		-4.735875	-0.203671	8.619879	-0.002802	-0.003414	-0.002848	0.054688	-0.076660	-0.759277	-0.596350	27.645605	134.497789
55526		-4.683460	-0.150942	8.652204	-0.001186	-0.004051	-0.001509	0.051758	-0.080078	-0.753174	-0.596217	27.639206	134.497959
55527		-4.737564	-0.152658	8.650239	-0.005091	-0.005733	-0.004344	0.054932	-0.082031	-0.751709	-0.595585	27.639219	134.499889
55528		-4.703900	-0.198260	8.671587	-0.000756	-0.008739	-0.001679	0.052246	-0.090332	-0.755859	-0.595243	27.630133	134.499981
55529		-4.701511	-0.193372	8.623369	-0.000790	-0.004253	-0.006620	0.055420	-0.075928	-0.755371	-0.592900	27.630932	134.500368
55530		-4.713800	-0.163902	8.650854	-0.001346	-0.005912	-0.000313	0.047852	-0.085693	-0.750244	-0.592494	27.623474	134.501324
55531		-4.681888	-0.155090	8.677778	-0.002802	-0.003415	-0.002848	0.058350	-0.089844	-0.753662	-0.590241	27.624728	134.504082
55532		-4.667948	-0.182612	8.626423	-0.002802	-0.003415	-0.002849	0.052490	-0.082031	-0.755371	-0.591438	27.618686	134.503382
55533		-4.691551	-0.177713	8.675387	-0.001186	-0.004052	-0.001509	0.049805	-0.077881	-0.757324	-0.587919	27.619526	134.506950
55534		-4.679319	-0.210239	8.672609	-0.001699	-0.005147	-0.002862	0.048096	-0.079834	-0.753174	-0.588482	27.612492	134.506252
55535		-4.701165	-0.200107	8.673028	-0.000513	-0.001096	-0.001353	0.059570	-0.077148	-0.755127	-0.584609	27.614972	134.509839
55536		-4.690679	-0.178068	8.675852	0.003468	-0.003336	-0.001237	0.051514	-0.091309	-0.761475	-0.581731	27.608984	134.510179
55537		-4.699830	-0.197423	8.649004	0.000236	-0.002063	-0.003915	0.055420	-0.077393	-0.756836	-0.578259	27.610843	134.512053
55538		-4.711419	-0.165112	8.652128	0.002206	-0.003464	-0.000027	0.057861	-0.080811	-0.749268	-0.575742	27.604789	134.513175
55539		-4.678686	-0.153430	8.654743	0.000077	-0.003924	-0.002719	0.058105	-0.086914	-0.758301	-0.572062	27.605541	134.515776
55540		-4.668000	-0.131658	8.657668	-0.001698	-0.005148	-0.002862	0.049561	-0.080811	-0.756592	-0.572626	27.598506	134.515076
55541		-4.697598	-0.195303	8.625458	-0.001539	-0.003287	-0.004059	0.046875	-0.085205	-0.755127	-0.570329	27.599562	134.516754
55542		-4.699627	-0.143940	8.655646	-0.000949	-0.006116	-0.005425	0.058350	-0.083496	-0.758301	-0.571228	27.591958	134.514402
55543		-4.676426	-0.211493	8.674139	-0.004063	-0.003545	-0.001639	0.053223	-0.082275	-0.755127	-0.569712	27.592834	134.517591
55544		-4.687129	-0.176862	8.652998	0.002761	-0.001806	-0.006336	0.050049	-0.072510	-0.753418	-0.568771	27.587694	134.514623
55545		-4.665735	-0.190052	8.677060	-0.005167	-0.001813	-0.001625	0.052002	-0.075928	-0.759277	-0.567954	27.589511	134.517750
55546		-4.696202	-0.196763	8.626185	0.001103	-0.001732	-0.000014	0.048340	-0.082031	-0.762695	-0.566070	27.584449	134.518868
55547		-4.674521	-0.150348	8.607470	-0.001539	-0.003288	-0.004059	0.048828	-0.081299	-0.746338	-0.563963	27.585357	134.520372
55548		-4.654088	-0.166189	8.655752	-0.003233	0.001273	-0.002678	0.056396	-0.085205	-0.756104	-0.565371	27.582002	134.519749
55549		-4.676270	-0.156329	8.655996	-0.003746	0.000176	-0.004031	0.055908	-0.084961	-0.754639	-0.564584	27.584845	134.521198
55550		-4.664661	-0.189277	8.652857	-0.007056	0.005373	-0.003989	0.045898	-0.086426	-0.758057	-0.568587	27.583832	134.519701
55551		-4.675144	-0.211833	8.650016	-0.003391	-0.000589	-0.001482	0.058594	-0.090088	-0.758545	-0.566890	27.586200	134.522749
55552		-4.687911	-0.182482	8.677256	-0.001970	0.001401	-0.003888	0.053711	-0.078369	-0.754150	-0.567936	27.582911	134.521343
55553		-4.698554	-0.204799	8.674333	-0.003152	0.007057	-0.001153	0.057129	-0.079590	-0.757568	-0.566090	27.589612	134.524497
55554		-4.678410	-0.161106	8.679544	-0.000195	0.002626	-0.003745	0.050537	-0.080078	-0.751709	-0.566081	27.587026	134.523176
55555		-4.698338	-0.202639	8.649694	-0.000945	0.003593	-0.001182	0.048828	-0.081543	-0.750732	-0.563026	27.591694	134.526281
55556		-4.688421	-0.180719	8.652219	0.000830	0.004818	-0.001038	0.056641	-0.079102	-0.750977	-0.561626	27.590379	134.526695
55557		-4.679402	-0.161384	8.679004	-0.000945	0.003593	-0.001182	0.056152	-0.072754	-0.758057	-0.558632	27.595001	134.529747
55558		-4.678898	-0.158931	8.654529	0.000477	0.005582	-0.003588	0.047852	-0.089844	-0.761719	-0.558200	27.594110	134.528508
55559		-4.667356	-0.191358	8.651357	-0.002366	0.001603	0.001224	0.052002	-0.082764	-0.757813	-0.555345	27.597556	134.533079
55560		-4.667484	-0.191608	8.651283	-0.001969	0.001400	-0.003889	0.048584	-0.082031	-0.760010	-0.556393	27.594268	134.531672
55561		-4.689005	-0.179231	8.627131	-0.004530	0.005628	-0.006410	0.049072	-0.082275	-0.754150	-0.557135	27.599929	134.531229
55562		-4.680867	-0.162949	8.678185	-0.003982	0.002238	-0.000116	0.049805	-0.084961	-0.761475	-0.558208	27.597141	134.532255
55563		-4.659017	-0.173605	8.677751	-0.002560	0.004228	-0.002522	0.045166	-0.085693	-0.758789	-0.556707	27.601976	134.534286
55564		-4.679173	-0.215407	8.647749	-0.004767	0.007690	-0.002494	0.054688	-0.086914	-0.750244	-0.558958	27.602298	134.533741
55565		-4.669384	-0.193761	8.650209	-0.000944	0.003592	-0.001182	0.044922	-0.077148	-0.759033	-0.556186	27.606727	134.536590
55566		-4.669847	-0.193966	8.649955	-0.001889	0.007184	-0.002364	0.059570	-0.075439	-0.754395	-0.556747	27.606760	134.536132
55567		-4.682242	-0.161932	8.652664	-0.002048	0.005323	-0.001169	0.048828	-0.084473	-0.762695	-0.554666	27.612132	134.538928
55568		-4.660593	-0.172317	8.652131	0.000080	0.005783	0.001525	0.055176	-0.071289	-0.762451	-0.552930	27.611384	134.540993
55569		-4.661096	-0.172239	8.651861	0.000080	0.005783	0.001524	0.046387	-0.080811	-0.763428	-0.548873	27.616987	134.545482
55570		-4.715142	-0.171165	8.625174	-0.003822	0.004098	-0.001313	0.050781	-0.084961	-0.759766	-0.550218	27.615258	134.545722
55571		-4.684971	-0.164992	8.675931	-0.002047	0.005322	-0.001169	0.048340	-0.079834	-0.765869	-0.548237	27.620539	134.548426
55572		-4.651988	-0.150994	8.653957	-0.002718	0.002366	-0.001327	0.048584	-0.083496	-0.752686	-0.548949	27.617818	134.548669
55573		-4.694809	-0.185020	8.648663	-0.004493	0.001141	-0.001471	0.054443	-0.089600	-0.758057	-0.548494	27.620654	134.551159
55574		-4.663503	-0.176396	8.675284	-0.003071	0.003131	-0.003876	0.053955	-0.079590	-0.755127	-0.550175	27.618357	134.549749
55575		-4.663768	-0.176844	8.675133	-0.003071	0.003131	-0.003877	0.047119	-0.082031	-0.756592	-0.549684	27.622273	134.550625
55576		-4.674513	-0.199232	8.672127	-0.000977	0.008076	-0.006124	0.044678	-0.078369	-0.756836	-0.550853	27.622797	134.547730
55577		-4.664714	-0.177431	8.674612	-0.000591	0.002826	0.001367	0.052734	-0.083740	-0.760498	-0.547421	27.626519	134.551951
55578		-4.665178	-0.177637	8.674359	-0.002239	0.007946	-0.004915	0.048096	-0.084717	-0.759277	-0.548951	27.626975	134.549839
55579		-4.675221	-0.197315	8.646975	-0.001375	0.008277	-0.001012	0.049805	-0.073975	-0.756836	-0.546747	27.633758	134.552442
55580		-4.698840	-0.189680	8.671188	0.000831	0.004816	-0.001038	0.051270	-0.081299	-0.749023	-0.545346	27.632441	134.552856
55581		-4.677172	-0.199906	8.670678	0.001343	0.005911	0.000315	0.050537	-0.080566	-0.760498	-0.541233	27.637832	134.556287
55582		-4.689623	-0.167565	8.673368	-0.001023	0.007512	0.001537	0.045166	-0.087402	-0.758789	-0.540129	27.638075	134.558350
55583		-4.677492	-0.197216	8.645750	0.001503	0.007770	-0.000881	0.057129	-0.080322	-0.752686	-0.536338	27.644479	134.560951
55584		-4.657548	-0.153172	8.650927	0.000080	0.005781	0.001524	0.052246	-0.078857	-0.751709	-0.534601	27.643730	134.563016
55585		-4.669118	-0.177704	8.672237	-0.000591	0.002826	0.001366	0.047119	-0.080566	-0.757568	-0.531368	27.647268	134.567057
55586		-4.690580	-0.164993	8.648089	-0.001806	0.003259	-0.005087	0.045898	-0.083252	-0.754883	-0.532689	27.645038	134.564862
55587		-4.647515	-0.188618	8.671686	-0.003069	0.003129	-0.003878	0.041260	-0.079346	-0.752197	-0.532497	27.648678	134.565468
55588		-4.670738	-0.181239	8.696105	-0.001614	0.000635	-0.001341	0.045410	-0.087158	-0.758301	-0.532576	27.644965	134.565711
55589		-4.679190	-0.198225	8.644808	-0.001614	0.000635	-0.001341	0.044922	-0.081543	-0.762207	-0.530831	27.647140	134.567928
55590		-4.691033	-0.166123	8.647822	-0.001775	-0.001225	-0.000145	0.047852	-0.082031	-0.754150	-0.530638	27.642367	134.568956
55591		-4.680173	-0.201310	8.669026	-0.003069	0.003129	-0.003879	0.037109	-0.075195	-0.751465	-0.530542	27.645917	134.569476
55592		-4.680441	-0.201708	8.668872	-0.005995	0.003071	0.003652	0.044678	-0.082031	-0.754395	-0.531641	27.643626	134.572933
55593		-4.648068	-0.190156	8.671356	0.003118	-0.002566	-0.003784	0.047607	-0.088379	-0.753662	-0.528008	27.643870	134.573503
55594		-4.681382	-0.204540	8.693120	-0.002717	0.002365	-0.001329	0.046875	-0.082275	-0.759766	-0.528720	27.641148	134.573744
55595		-4.647218	-0.187831	8.647048	-0.001263	-0.000130	0.001209	0.053711	-0.090576	-0.760498	-0.526156	27.642766	134.577484
55596		-4.647293	-0.187878	8.647007	0.000160	0.001860	-0.001196	0.054443	-0.082520	-0.761963	-0.525179	27.639756	134.577813
55597		-4.669810	-0.177762	8.647050	-0.003149	0.007049	-0.001158	0.056396	-0.081055	-0.756104	-0.524472	27.645429	134.579938
55598		-4.648050	-0.188299	8.646591	-0.002366	0.001600	0.001221	0.054199	-0.081787	-0.753662	-0.524216	27.642282	134.581832
55599		-4.692497	-0.167868	8.646994	-0.000191	0.002624	-0.003746	0.050049	-0.077881	-0.759521	-0.522625	27.645362	134.582269
55600		-4.661326	-0.159082	8.673594	-0.003820	0.004094	-0.001316	0.049316	-0.085938	-0.750977	-0.523970	27.643631	134.582507
55601		-4.661486	-0.159124	8.673508	0.004141	-0.000375	-0.001076	0.047119	-0.083496	-0.756348	-0.519127	27.644966	134.584652
55602		-4.670989	-0.178671	8.646394	-0.006698	0.004599	-0.001449	0.049072	-0.083740	-0.763428	-0.522163	27.643523	134.584801
55603		-4.639890	-0.169959	8.672958	0.000321	0.003719	-0.002392	0.047852	-0.080811	-0.755371	-0.519956	27.647154	134.586033
55604		-4.671812	-0.179216	8.645938	-0.001885	0.007178	-0.002368	0.053955	-0.074219	-0.762207	-0.520517	27.647184	134.585573
55605		-4.651319	-0.192387	8.669564	-0.000461	0.009167	-0.004773	0.054932	-0.072998	-0.757568	-0.519529	27.653879	134.585196
55606		-4.685333	-0.206818	8.690937	0.000993	0.006673	-0.002235	0.050781	-0.075684	-0.760986	-0.518400	27.653621	134.584824
55607		-4.663036	-0.214516	8.666015	0.001825	0.011487	-0.003274	0.051270	-0.084961	-0.755127	-0.515706	27.661609	134.585362
55608		-4.675822	-0.182237	8.668530	0.000401	0.009497	-0.000870	0.057129	-0.085449	-0.753418	-0.514513	27.662976	134.585857
55609		-4.664581	-0.214352	8.665187	0.002957	0.005274	0.001657	0.048340	-0.088135	-0.761719	-0.509720	27.667388	134.589581
55610		-4.666885	-0.159974	8.670588	0.001315	0.010390	-0.004629	0.052246	-0.083740	-0.756836	-0.509135	27.669247	134.587639
55611		-4.676914	-0.179441	8.643175	-0.000270	0.006542	-0.001028	0.050049	-0.083740	-0.759033	-0.507043	27.674329	134.589582
55612		-4.656133	-0.192417	8.666978	0.002339	0.002882	-0.006164	0.049072	-0.079346	-0.756104	-0.506313	27.671879	134.586690
55613		-4.678494	-0.182288	8.667087	-0.001452	0.002493	-0.002539	0.050293	-0.088135	-0.760742	-0.505385	27.674592	134.587640
55614		-4.679657	-0.185164	8.691226	-0.002716	0.002363	-0.001331	0.050537	-0.085693	-0.756348	-0.506099	27.671869	134.587878
55615		-4.655947	-0.190459	8.642294	0.000483	0.005576	-0.003590	0.048828	-0.074463	-0.757080	-0.504427	27.676302	134.588094
55616		-4.669194	-0.160865	8.669329	0.001586	0.003847	-0.003602	0.047852	-0.081055	-0.756592	-0.503362	27.674418	134.586854
55617		-4.647436	-0.171388	8.668890	-0.001641	0.005114	-0.006287	0.046631	-0.084717	-0.766602	-0.503756	27.678532	134.585293
55618		-4.679158	-0.180718	8.641933	0.000161	0.001859	-0.001197	0.056885	-0.080811	-0.763184	-0.502779	27.675521	134.585620
55619		-4.681169	-0.186152	8.690390	-0.001209	0.000431	-0.006456	0.053955	-0.079102	-0.759277	-0.503003	27.676911	134.583942
55620		-4.670109	-0.161987	8.668815	-0.003065	0.003125	-0.003882	0.046143	-0.083740	-0.760742	-0.504685	27.674612	134.582525
55621		-4.647220	-0.169913	8.644212	0.000161	0.001858	-0.001197	0.051270	-0.087158	-0.745605	-0.502585	27.676805	134.584207
55622		-4.649234	-0.175348	8.692669	-0.001209	0.000431	-0.006456	0.055420	-0.083740	-0.752686	-0.503969	27.672950	134.581140
55623		-4.658480	-0.194986	8.665659	-0.000510	-0.001095	-0.001354	0.050537	-0.081543	-0.752441	-0.502331	27.673407	134.582704
55624		-4.627164	-0.186010	8.692396	-0.000942	0.003587	-0.001186	0.051514	-0.082520	-0.751709	-0.501987	27.671386	134.583029
55625		-4.647625	-0.170831	8.643976	-0.002311	0.002159	-0.006445	0.048828	-0.083252	-0.753906	-0.502959	27.673636	134.581245
55626		-4.649027	-0.173798	8.667988	-0.002638	0.008139	0.000191	0.055420	-0.082764	-0.756104	-0.503186	27.674230	134.582434
55627		-4.681894	-0.185837	8.665176	-0.003065	0.003124	-0.003883	0.045166	-0.084229	-0.751709	-0.503858	27.677005	134.582271
55628		-4.649851	-0.174625	8.667530	-0.004168	0.004853	-0.003872	0.049805	-0.081543	-0.753906	-0.506173	27.675696	134.580850
55629		-4.638965	-0.150673	8.645866	-0.005188	0.002662	-0.006581	0.050537	-0.076416	-0.753906	-0.508909	27.678153	134.578912
55630		-4.673545	-0.168307	8.691668	-0.004678	0.003757	-0.005227	0.047119	-0.076416	-0.755615	-0.511920	27.676209	134.576621
55631		-4.651692	-0.179135	8.691277	-0.003064	0.003124	-0.003883	0.045654	-0.075439	-0.760010	-0.512661	27.678904	134.576396
55632		-4.650087	-0.174456	8.642580	-0.006696	0.004591	-0.001456	0.045410	-0.086914	-0.751709	-0.515698	27.677457	134.576540
55633		-4.661663	-0.199580	8.663843	-0.003819	0.004089	-0.001321	0.044678	-0.084961	-0.756836	-0.516139	27.680677	134.577935
55634		-4.662965	-0.202717	8.687906	-0.004677	0.003756	-0.005227	0.053223	-0.084473	-0.754883	-0.519150	27.678732	134.575645
55635		-4.652123	-0.178732	8.666227	-0.005431	0.004721	-0.002665	0.047607	-0.079834	-0.751709	-0.520960	27.682268	134.576133
55636		-4.673733	-0.166225	8.641953	-0.000780	0.005444	-0.002383	0.044189	-0.081543	-0.754639	-0.520888	27.681305	134.575673
55637		-4.653123	-0.179472	8.665675	-0.004760	0.007673	-0.002508	0.049561	-0.084717	-0.749023	-0.522308	27.686496	134.576217
55638		-4.653554	-0.179885	8.665434	-0.002715	0.002360	-0.001333	0.045410	-0.086182	-0.747559	-0.523021	27.683772	134.576455
55639		-4.654890	-0.182845	8.689487	-0.002392	0.006076	-0.003727	0.053467	-0.083496	-0.756104	-0.523479	27.688002	134.576189
55640		-4.654488	-0.180525	8.664919	-0.000618	0.007301	-0.003580	0.049805	-0.080078	-0.756592	-0.523680	27.688097	134.574943
55641		-4.687471	-0.192571	8.662013	-0.005676	0.006779	0.001251	0.051514	-0.085449	-0.761719	-0.524559	27.692716	134.577865
55642		-4.655805	-0.181327	8.664195	-0.003333	0.009660	-0.004914	0.049316	-0.082520	-0.757568	-0.526722	27.694156	134.575742
55643		-4.656425	-0.181857	8.663851	-0.004165	0.004849	-0.003875	0.057373	-0.079834	-0.756836	-0.528306	27.697607	134.575328
55644		-4.646737	-0.160399	8.666346	-0.004759	0.007671	-0.002509	0.054932	-0.075439	-0.751953	-0.530558	27.697919	134.574773
55645		-4.635629	-0.192977	8.662895	-0.000702	0.011217	-0.000860	0.049072	-0.079346	-0.752686	-0.529299	27.704997	134.576245
55646		-4.637738	-0.195798	8.686543	-0.002907	0.014670	-0.000840	0.041992	-0.082031	-0.755127	-0.530007	27.709328	134.576728
55647		-4.650935	-0.163827	8.688863	-0.002906	0.014669	-0.000841	0.057861	-0.083740	-0.760986	-0.530049	27.718340	134.578162
55648		-4.672994	-0.208033	8.682390	-0.000135	0.022561	-0.002931	0.059082	-0.078369	-0.754150	-0.529821	27.727181	134.577244
55649		-4.665706	-0.188687	8.708406	0.002743	0.022057	-0.002795	0.051025	-0.079102	-0.751221	-0.527268	27.740378	134.577340
55650		-4.675084	-0.202554	8.631681	0.002412	0.028029	0.003839	0.043701	-0.079590	-0.757813	-0.523555	27.752387	134.580774
55651		-4.678305	-0.204905	8.654744	0.001990	0.023016	-0.000237	0.050781	-0.083740	-0.762451	-0.520698	27.766110	134.582493
55652		-4.658714	-0.158139	8.635107	0.002585	0.020194	-0.001602	0.045654	-0.078857	-0.752930	-0.518504	27.773602	134.582452
55653		-4.660566	-0.217634	8.676991	0.000897	0.015053	-0.004469	0.048828	-0.078613	-0.746582	-0.517560	27.782706	134.581450
55654		-4.705262	-0.194573	8.652317	0.001570	0.018002	-0.004314	0.045898	-0.085205	-0.751709	-0.516760	27.788928	134.579666
55655		-4.663829	-0.160861	8.657151	0.003696	0.008779	-0.005851	0.053711	-0.085205	-0.754395	-0.514648	27.794396	134.577776
55656		-4.665797	-0.163559	8.680896	-0.001798	0.012932	-0.000860	0.051270	-0.078125	-0.760742	-0.514721	27.797732	134.578258
55657		-4.675977	-0.183106	8.653288	0.000063	0.010243	-0.003430	0.049316	-0.083740	-0.751465	-0.513990	27.804014	134.577903
55658		-4.675652	-0.180671	8.628648	0.001415	0.006459	-0.007355	0.052002	-0.083008	-0.753418	-0.514167	27.803607	134.574217
55659		-4.677838	-0.126669	8.634191	-0.001282	0.004342	-0.003744	0.049561	-0.081055	-0.753662	-0.514316	27.806473	134.573668
55660		-4.678477	-0.186437	8.676734	-0.001446	0.002486	-0.002545	0.053223	-0.090820	-0.757324	-0.514667	27.803815	134.573119
55661		-4.656460	-0.196895	8.676497	-0.000344	0.000761	-0.002553	0.048340	-0.084229	-0.750488	-0.513933	27.804602	134.573339
55662		-4.699989	-0.173913	8.652420	-0.000773	0.005436	-0.002389	0.047363	-0.084473	-0.768799	-0.513861	27.803635	134.572874
55663		-4.679062	-0.186941	8.676408	-0.000508	-0.001094	-0.001355	0.048340	-0.082275	-0.748535	-0.512883	27.803331	134.573857
55664		-4.656834	-0.197154	8.676290	0.001610	-0.000631	0.001347	0.045166	-0.085205	-0.764160	-0.510300	27.798907	134.575847
55665		-4.657060	-0.197014	8.676172	0.000078	0.005769	0.001519	0.045898	-0.078613	-0.749756	-0.508169	27.802513	134.578624
55666		-4.668271	-0.161986	8.654736	0.003041	0.001355	-0.001058	0.054443	-0.083984	-0.762939	-0.505498	27.799215	134.579044
55667		-4.679586	-0.186190	8.676142	0.006260	0.000094	0.001636	0.056396	-0.087158	-0.751953	-0.499801	27.799534	134.581905
55668		-4.668366	-0.161080	8.654701	0.003384	0.000594	0.001495	0.054443	-0.076416	-0.749023	-0.496161	27.795812	134.583983
55669		-4.657471	-0.195650	8.675982	0.002876	-0.000500	0.000140	0.056396	-0.077393	-0.751953	-0.492880	27.795749	134.585854
55670		-4.679739	-0.185174	8.676080	0.003205	0.003210	-0.002257	0.047607	-0.080811	-0.761230	-0.490482	27.793508	134.585487
55671		-4.647533	-0.173223	8.678662	0.000851	0.000333	0.003908	0.051270	-0.090820	-0.758545	-0.487256	27.793906	134.589768
55672		-4.678882	-0.182132	8.651738	0.003799	0.000391	-0.003619	0.043701	-0.083252	-0.756836	-0.484922	27.790042	134.588533
55673		-4.647681	-0.172800	8.678591	0.002282	0.002319	0.001503	0.056396	-0.073730	-0.766846	-0.481634	27.791531	134.591219
55674		-4.625719	-0.182894	8.678340	0.002698	0.002116	-0.003612	0.048584	-0.079346	-0.760010	-0.479933	27.788656	134.589980
55675		-4.670316	-0.162354	8.678489	-0.000430	0.004675	0.000163	0.050781	-0.077637	-0.762695	-0.478638	27.791449	134.591768
55676		-4.679702	-0.181878	8.651300	-0.002876	0.000500	-0.000141	0.044189	-0.081055	-0.759033	-0.479079	27.787665	134.592785
55677		-4.647543	-0.170437	8.653849	-0.002547	0.004211	-0.002538	0.041260	-0.081299	-0.757080	-0.479835	27.790145	134.592798
55678		-4.648845	-0.173272	8.677958	-0.001102	0.001725	0.000008	0.043945	-0.082764	-0.764648	-0.479218	27.787064	134.593905
55679		-4.671364	-0.163326	8.677907	-0.002726	0.006826	-0.006291	0.053223	-0.080566	-0.757813	-0.481240	27.790987	134.591447
55680		-4.626483	-0.181630	8.653093	-0.001280	0.004341	-0.003745	0.046631	-0.078613	-0.758057	-0.481865	27.789385	134.590109
55681		-4.650047	-0.174331	8.677293	-0.003814	0.004080	-0.001333	0.050781	-0.083252	-0.757568	-0.483032	27.791730	134.590864
55682		-4.672686	-0.164407	8.677174	-0.001875	0.007159	-0.002383	0.052490	-0.082520	-0.757568	-0.483593	27.791750	134.590393
55683		-4.660250	-0.194369	8.649644	-0.002382	0.006065	-0.003738	0.042969	-0.080322	-0.760986	-0.484691	27.795186	134.589541
55684		-4.651642	-0.175217	8.676420	-0.000265	0.006529	-0.001036	0.054688	-0.087891	-0.756836	-0.483922	27.794852	134.589946
55685		-4.673362	-0.162586	8.651976	-0.002217	0.007919	-0.004937	0.054443	-0.084473	-0.754150	-0.485320	27.799308	134.588288
55686		-4.662988	-0.197818	8.672969	-0.001279	0.004340	-0.003746	0.044922	-0.084717	-0.759766	-0.485945	27.797706	134.586950
55687		-4.632414	-0.189089	8.699507	-0.003913	0.012461	-0.003569	0.044678	-0.085449	-0.758789	-0.487940	27.804740	134.586138
55688		-4.673835	-0.218101	8.644951	-0.005344	0.010475	-0.001165	0.051514	-0.082764	-0.760010	-0.490130	27.806666	134.586438
55689		-4.686517	-0.186195	8.647518	-0.002798	0.006266	0.001375	0.054199	-0.081787	-0.756592	-0.490007	27.810141	134.588843
55690		-4.633656	-0.187524	8.674005	-0.000606	0.007288	-0.003591	0.046875	-0.085205	-0.753906	-0.490207	27.810229	134.587589
55691		-4.666786	-0.199305	8.670892	0.002183	0.010700	-0.000732	0.046631	-0.080078	-0.759766	-0.487903	27.816202	134.588584
55692		-4.667606	-0.199311	8.670450	-0.001366	0.008250	-0.001030	0.052490	-0.080078	-0.757568	-0.487767	27.816854	134.588984
55693		-4.657178	-0.174817	8.648580	-0.000693	0.011198	-0.000875	0.050293	-0.083008	-0.756836	-0.487186	27.823082	134.589874
55694		-4.660328	-0.179961	8.696541	0.003958	0.011923	-0.000584	0.042725	-0.076416	-0.760742	-0.483874	27.825840	134.590543
55695		-4.671116	-0.142222	8.650482	0.002184	0.010698	-0.000733	0.052002	-0.081299	-0.751953	-0.481622	27.831746	134.591507
55696		-4.628775	-0.165403	8.674004	-0.002466	0.009972	-0.001026	0.048340	-0.088135	-0.753174	-0.482119	27.833384	134.591900
55697		-4.672987	-0.142557	8.649466	-0.004328	0.012658	0.001540	0.049805	-0.083740	-0.754883	-0.482927	27.840390	134.594277
55698		-4.673142	-0.199854	8.667455	-0.002718	0.006820	-0.006297	0.048584	-0.078857	-0.754150	-0.485155	27.840198	134.591272
55699		-4.664581	-0.180961	8.694240	-0.003645	0.005930	-0.002537	0.042236	-0.088135	-0.753174	-0.486814	27.843302	134.591052
55700		-4.640826	-0.186463	8.645306	-0.006014	0.007522	-0.001326	0.055176	-0.082031	-0.756592	-0.489428	27.843536	134.591264
55701		-4.695991	-0.188496	8.642327	-0.003478	0.007783	-0.003737	0.047363	-0.089111	-0.758789	-0.491380	27.847663	134.590219
55702		-4.655003	-0.157858	8.671893	-0.004317	0.002981	-0.002693	0.044922	-0.080566	-0.755615	-0.493424	27.845288	134.589570
55703		-4.641203	-0.185210	8.620240	-0.002036	0.005299	-0.001188	0.056641	-0.078125	-0.755615	-0.493794	27.847977	134.590182
55704		-4.699425	-0.195001	8.690117	-0.004151	0.004835	-0.003893	0.058350	-0.081299	-0.757813	-0.496111	27.846658	134.588745
55705		-4.656176	-0.159077	8.671241	-0.003811	0.004075	-0.001338	0.048340	-0.081299	-0.751953	-0.497565	27.848623	134.589255
55706		-4.644493	-0.191873	8.668112	-0.003895	0.002778	-0.007809	0.051514	-0.076904	-0.751221	-0.500915	27.846106	134.585293
55707		-4.667170	-0.182291	8.667931	-0.005847	0.009373	-0.002527	0.049805	-0.083984	-0.759766	-0.503928	27.851058	134.584983
55708		-4.670027	-0.188094	8.716058	-0.003644	0.005927	-0.002538	0.042725	-0.081055	-0.757080	-0.505547	27.850371	134.584419
55709		-4.668396	-0.183147	8.667253	-0.000601	0.007283	-0.003593	0.048340	-0.083008	-0.756348	-0.505893	27.854092	134.583399
55710		-4.658907	-0.161437	8.669730	-0.002971	0.008874	-0.002383	0.044922	-0.073486	-0.760742	-0.507088	27.855095	134.582918
55711		-4.646426	-0.191399	8.642190	-0.004572	0.005035	0.001221	0.050049	-0.085693	-0.760498	-0.508266	27.857524	134.585034
55712		-4.670233	-0.184021	8.666245	0.001936	0.007544	-0.006003	0.055176	-0.077393	-0.758057	-0.507742	27.857746	134.582215
55713		-4.669838	-0.181548	8.641612	-0.004661	0.008944	0.003936	0.054199	-0.072021	-0.750244	-0.508178	27.862406	134.586022
55714		-4.649512	-0.194750	8.665357	-0.002207	0.007910	-0.004944	0.046875	-0.083740	-0.750000	-0.509708	27.862843	134.583886
55715		-4.663251	-0.165493	8.692211	-0.001868	0.007150	-0.002390	0.058838	-0.083252	-0.761963	-0.510477	27.866403	134.583611
55716		-4.640598	-0.173338	8.667529	-0.000600	0.007281	-0.003594	0.051514	-0.080322	-0.764404	-0.510676	27.866486	134.582354
55717		-4.673559	-0.185350	8.664423	-0.001868	0.007149	-0.002390	0.045898	-0.082031	-0.756836	-0.511461	27.870024	134.582043
55718		-4.664071	-0.163666	8.666911	-0.002969	0.008871	-0.002385	0.046387	-0.090088	-0.758301	-0.512655	27.871025	134.581560
55719		-4.665969	-0.166597	8.690731	0.000837	0.009264	-0.005999	0.052246	-0.094727	-0.754150	-0.513006	27.875715	134.578881
55720		-4.632518	-0.209344	8.687297	-0.003136	0.007017	-0.001186	0.046631	-0.070068	-0.758545	-0.513928	27.875660	134.579186
55721		-4.654228	-0.196939	8.662775	-0.003812	0.008536	-0.006297	0.051514	-0.080811	-0.755615	-0.517053	27.879904	134.576314
55722		-4.689226	-0.154851	8.665363	-0.001957	0.011055	0.000324	0.046875	-0.086426	-0.753662	-0.516852	27.882170	134.577575
55723		-4.645657	-0.175434	8.664776	-0.000260	0.006519	-0.001040	0.048828	-0.080078	-0.753174	-0.516360	27.885259	134.578103
55724		-4.645118	-0.172961	8.640212	-0.001866	0.007147	-0.002392	0.052246	-0.078857	-0.756348	-0.516921	27.885273	134.577626
55725		-4.679247	-0.187598	8.661304	-0.001361	0.008240	-0.001036	0.047363	-0.083008	-0.762207	-0.517081	27.889319	134.578144
55726		-4.647494	-0.176024	8.663779	-0.002034	0.005294	-0.001192	0.048340	-0.077393	-0.757324	-0.517369	27.888276	134.578455
55727		-4.671228	-0.168540	8.687868	0.000841	0.004798	-0.001045	0.052734	-0.078613	-0.757568	-0.516278	27.890323	134.578967
55728		-4.679672	-0.185481	8.636207	-0.003472	0.007774	-0.003744	0.047852	-0.078369	-0.758789	-0.518170	27.890689	134.577610
55729		-4.650093	-0.179306	8.687225	-0.000933	0.003573	-0.001196	0.055420	-0.078613	-0.757324	-0.518156	27.892008	134.578022
55730		-4.628384	-0.189771	8.686897	-0.003134	0.007014	-0.001189	0.048340	-0.082764	-0.747314	-0.519078	27.891952	134.578326
55731		-4.650072	-0.177137	8.662373	-0.001360	0.008239	-0.001037	0.050293	-0.081787	-0.754883	-0.519286	27.895908	134.578777
55732		-4.684206	-0.191807	8.683450	-0.003134	0.007014	-0.001189	0.046631	-0.083496	-0.761230	-0.520207	27.895851	134.579080
55733		-4.651389	-0.177630	8.661656	-0.001360	0.008238	-0.001038	0.042480	-0.084961	-0.752686	-0.520434	27.899781	134.579509
55734		-4.662141	-0.199836	8.658453	-0.002033	0.005293	-0.001193	0.051758	-0.082764	-0.759033	-0.520721	27.898738	134.579820
55735		-4.653584	-0.180656	8.685327	0.000505	0.005556	-0.003601	0.041260	-0.084229	-0.750977	-0.520666	27.901087	134.578584
55736		-4.686438	-0.192531	8.682230	-0.000259	0.006517	-0.001042	0.054443	-0.083252	-0.749512	-0.519894	27.900746	134.578986
55737		-4.652424	-0.175726	8.636225	-0.003470	0.007772	-0.003746	0.044922	-0.079834	-0.762695	-0.522183	27.904333	134.577637
55738		-4.654098	-0.178683	8.660179	-0.002966	0.004401	0.002566	0.045166	-0.085205	-0.756348	-0.521862	27.902799	134.580391
55739		-4.642601	-0.211099	8.656948	-0.000595	0.007275	-0.003598	0.046387	-0.082031	-0.758301	-0.522479	27.906085	134.579146
55740		-4.678537	-0.171556	8.683875	-0.003133	0.007012	-0.001191	0.051758	-0.093018	-0.759033	-0.523400	27.906027	134.579448
55741		-4.664836	-0.198790	8.632100	-0.001863	0.007143	-0.002395	0.060059	-0.092529	-0.751465	-0.524390	27.909220	134.578923
55742		-4.646145	-0.157757	8.661861	-0.003806	0.004067	-0.001346	0.050537	-0.090332	-0.756348	-0.525736	27.907474	134.579142
55743		-4.667002	-0.202054	8.655782	-0.001359	0.008235	-0.001039	0.050049	-0.083252	-0.751953	-0.526044	27.911270	134.579493
55744		-4.690966	-0.194598	8.679738	-0.000258	0.006515	-0.001042	0.049561	-0.079102	-0.760010	-0.525271	27.910929	134.579894
55745		-4.668179	-0.202116	8.655146	0.002617	0.006020	-0.000893	0.052490	-0.077881	-0.758545	-0.523275	27.913430	134.580384
55746		-4.658633	-0.179815	8.657716	0.003626	0.008205	0.001818	0.048340	-0.081055	-0.755127	-0.519414	27.914071	134.582630
55747		-4.659299	-0.179470	8.657366	0.003122	0.007112	0.000462	0.044922	-0.083008	-0.758057	-0.516736	27.917182	134.583971
55748		-4.661204	-0.181823	8.681215	0.002526	0.009924	0.001820	0.052490	-0.086426	-0.753418	-0.513509	27.918808	134.586209
55749		-4.661892	-0.181606	8.680850	0.001348	0.005887	0.000310	0.051270	-0.085938	-0.755371	-0.511901	27.921187	134.587415
55750		-4.674608	-0.149278	8.683417	-0.000348	0.010418	0.001670	0.050049	-0.085693	-0.755371	-0.510367	27.923095	134.589553
55751		-4.662376	-0.178838	8.655722	0.001857	0.011440	-0.003293	0.048828	-0.078857	-0.760498	-0.509587	27.928614	134.588374
55752		-4.696653	-0.193301	8.676691	-0.000256	0.006513	-0.001044	0.049072	-0.082031	-0.751465	-0.508814	27.928271	134.588775
55753		-4.642719	-0.191819	8.679199	-0.000256	0.006513	-0.001044	0.051758	-0.084717	-0.763184	-0.508570	27.930954	134.589120
55754		-4.654236	-0.156996	8.657530	-0.000852	0.009325	0.000313	0.049805	-0.084473	-0.758057	-0.507734	27.932229	134.590385
55755		-4.634012	-0.169960	8.681320	-0.000086	0.008363	-0.002246	0.052490	-0.077881	-0.758545	-0.507771	27.935947	134.589882
55756		-4.667159	-0.181747	8.678017	0.000923	0.010547	0.000465	0.051270	-0.083740	-0.755615	-0.505875	27.937923	134.591238
55757		-4.634572	-0.167159	8.656151	0.003464	0.010810	-0.001941	0.049072	-0.084229	-0.755371	-0.503809	27.943012	134.590947
55758		-4.637167	-0.169703	8.679640	0.000243	0.021719	-0.000426	0.049805	-0.087891	-0.751709	-0.502603	27.951384	134.591662
55759		-4.703735	-0.193059	8.672859	0.004893	0.022445	-0.000123	0.049805	-0.078369	-0.769043	-0.499198	27.963108	134.592410
55760		-4.639681	-0.166613	8.653424	0.002112	0.019036	-0.002988	0.053467	-0.086670	-0.758545	-0.497693	27.969931	134.591478
55761		-4.673586	-0.178205	8.649687	0.002778	0.017519	0.002125	0.049316	-0.084717	-0.758545	-0.494828	27.978843	134.593756
55762		-4.652624	-0.188285	8.649025	0.002631	0.010471	-0.005856	0.047852	-0.078125	-0.760498	-0.493876	27.980744	134.591012
55763		-4.643488	-0.166313	8.651387	0.002035	0.013281	-0.004501	0.052490	-0.083984	-0.755127	-0.493455	27.987153	134.589025
