// General information: 
//  MT Manager version: 2022.2.0 
//  XDA version: 2022.2.0 build 7381 rev 124627 built on 2023-07-19
// Device information: 
//  DeviceId: 00B4BCF6
//  ProductCode: MTW2-3A7G6
//  Firmware Version: 4.6.0
//  Hardware Version: 2.0.0
// Device settings: 
//  Filter Profile: human(46.1)
//  Option Flags: Orientation Smoother Disabled, Position/Velocity Smoother Disabled, Continuous Zero Rotation Update Disabled, AHS Disabled, ICC Disabled
// Coordinate system: ENU
PacketCounter	SampleTimeFine	Acc_X	Acc_Y	Acc_Z	Gyr_X	Gyr_Y	Gyr_Z	Mag_X	Mag_Y	Mag_Z	Roll	Pitch	Yaw
09397		-6.252794	-1.809377	7.378978	-0.003941	-0.002794	-0.011347	-0.371094	-0.147217	-0.559326	-13.584773	39.547638	9.744430
09398		-6.263923	-1.804997	7.437425	-0.006850	-0.000524	-0.010607	-0.366943	-0.149658	-0.560791	-13.589856	39.543598	9.740917
09399		-6.251159	-1.832834	7.391244	-0.007468	-0.000143	-0.015675	-0.368408	-0.150879	-0.554443	-13.598125	39.539080	9.733382
09400		-6.284298	-1.854788	7.406882	-0.005543	0.001724	-0.008361	-0.368408	-0.156006	-0.555176	-13.601675	39.536595	9.731099
09401		-6.213555	-1.817865	7.416927	-0.007689	0.003364	-0.009557	-0.374756	-0.146729	-0.563965	-13.607638	39.534836	9.726887
09402		-6.250997	-1.836298	7.390521	-0.006887	0.001104	-0.011050	-0.365723	-0.148682	-0.567139	-13.613125	39.531643	9.722773
09403		-6.232402	-1.828750	7.403207	-0.006421	0.007242	-0.007755	-0.360596	-0.153809	-0.560791	-13.617983	39.532313	9.719817
09404		-6.228684	-1.833309	7.444504	-0.008566	0.008881	-0.008951	-0.370605	-0.154785	-0.558105	-13.624332	39.533732	9.715858
09405		-6.249031	-1.822018	7.418329	-0.006496	0.010500	-0.008642	-0.361816	-0.149414	-0.564697	-13.629993	39.536085	9.711060
09406		-6.284064	-1.822774	7.420929	-0.006534	0.012129	-0.009085	-0.364014	-0.155762	-0.562744	-13.635603	39.539294	9.706435
09407		-6.253565	-1.841715	7.387000	-0.009406	0.012768	-0.007901	-0.364502	-0.145752	-0.560059	-13.642853	39.543030	9.702008
09408		-6.266849	-1.816311	7.432204	-0.005824	0.010808	-0.007297	-0.367676	-0.145996	-0.563232	-13.647087	39.545745	9.698904
09409		-6.253015	-1.805124	7.402493	-0.007298	0.012756	-0.007148	-0.367676	-0.143555	-0.560547	-13.652786	39.549558	9.695586
09410		-6.254742	-1.865739	7.396712	-0.006532	0.012127	-0.009084	-0.364014	-0.147705	-0.563477	-13.658396	39.552765	9.690959
09411		-6.254563	-1.807163	7.400687	-0.007297	0.012755	-0.007148	-0.369873	-0.148682	-0.562012	-13.664097	39.556576	9.687636
09412		-6.241765	-1.855440	7.366042	-0.004519	0.013055	-0.005049	-0.357422	-0.145996	-0.559082	-13.666803	39.560845	9.685759
09413		-6.222992	-1.868304	7.390528	-0.002544	0.015612	-0.001458	-0.368408	-0.149170	-0.566162	-13.667481	39.567015	9.685830
09414		-6.255464	-1.850761	7.422463	-0.003309	0.016240	0.000479	-0.362061	-0.150635	-0.556641	-13.667308	39.573806	9.687386
09415		-6.221430	-1.791762	7.422823	-0.005454	0.017878	-0.000718	-0.365967	-0.160645	-0.562500	-13.669564	39.581326	9.687369
09416		-6.242513	-1.860502	7.403483	-0.006965	0.021454	-0.001012	-0.366699	-0.154785	-0.557129	-13.672755	39.590817	9.686931
09417		-6.298192	-1.848413	7.379926	-0.006964	0.021453	-0.001012	-0.369873	-0.146484	-0.560547	-13.676396	39.600263	9.685319
09418		-6.260406	-1.793121	7.421925	-0.004128	0.022443	-0.002635	-0.355957	-0.148926	-0.564697	-13.678822	39.610086	9.683533
09419		-6.282678	-1.840994	7.390031	-0.006175	0.023143	-0.007113	-0.364990	-0.152832	-0.567383	-13.685035	39.619678	9.678245
09420		-6.299820	-1.832967	7.405042	-0.008265	0.019201	-0.003259	-0.368408	-0.147705	-0.561279	-13.689757	39.627610	9.676575
09421		-6.287734	-1.800454	7.362437	-0.005563	0.022758	-0.002043	-0.366943	-0.146973	-0.563721	-13.693235	39.637658	9.674780
09422		-6.285984	-1.864081	7.398164	-0.004646	0.015614	-0.002210	-0.365234	-0.155273	-0.563965	-13.694998	39.643736	9.674500
09423		-6.289290	-1.822515	7.372311	-0.004720	0.018871	-0.003094	-0.360107	-0.143799	-0.563965	-13.698040	39.651476	9.672527
09424		-6.253892	-1.865179	7.392695	-0.000991	0.010399	-0.000717	-0.362305	-0.142822	-0.558350	-13.696434	39.654854	9.674244
09425		-6.306890	-1.814098	7.387027	-0.003232	0.012973	0.001366	-0.361572	-0.144775	-0.563232	-13.695920	39.659934	9.677277
09426		-6.254780	-1.805772	7.396050	0.001079	0.012018	-0.000403	-0.367188	-0.147217	-0.568359	-13.693164	39.664256	9.678937
09427		-6.272229	-1.856447	7.406879	-0.000321	0.010708	0.000629	-0.365234	-0.144043	-0.561523	-13.691061	39.667970	9.681634
09428		-6.309456	-1.813947	7.384873	0.001054	0.009697	0.003762	-0.364258	-0.149902	-0.568359	-13.686134	39.671564	9.686715
09429		-6.292495	-1.784082	7.385150	-0.000247	0.007450	0.001513	-0.365723	-0.146973	-0.568604	-13.683209	39.673576	9.690495
09430		-6.278203	-1.852396	7.363393	0.002664	0.005185	0.000776	-0.367188	-0.143799	-0.562012	-13.678231	39.674253	9.694212
09431		-6.311200	-1.813260	7.383551	0.000323	0.008696	0.006140	-0.357910	-0.135986	-0.560059	-13.672981	39.677579	9.701316
09432		-6.292928	-1.804374	7.396429	0.002837	0.000992	-0.001621	-0.368896	-0.141846	-0.557373	-13.668539	39.675596	9.704037
09433		-6.280264	-1.830698	7.350335	0.001400	0.001310	-0.001032	-0.368896	-0.147461	-0.568115	-13.665158	39.673836	9.707662
09434		-6.273427	-1.816689	7.421783	0.001363	0.002938	-0.001474	-0.369629	-0.155029	-0.562500	-13.661711	39.672957	9.710147
09435		-6.275616	-1.774586	7.396989	0.001400	0.001310	-0.001032	-0.365479	-0.152588	-0.568848	-13.658306	39.671175	9.712788
09436		-6.278537	-1.872909	7.374707	-0.000643	0.002011	-0.005511	-0.361816	-0.150635	-0.563232	-13.657770	39.669233	9.712515
09437		-6.275835	-1.775025	7.396697	-0.001511	0.003575	-0.000295	-0.364502	-0.142334	-0.561035	-13.655956	39.668842	9.715147
09438		-6.293870	-1.804801	7.395523	0.001253	0.007823	-0.002800	-0.362549	-0.152832	-0.566650	-13.653734	39.670503	9.715814
09439		-6.260846	-1.864721	7.386922	-0.002279	0.004202	0.001640	-0.364502	-0.149414	-0.564209	-13.651537	39.670718	9.720108
09440		-6.275913	-1.796424	7.408017	-0.000011	0.003948	-0.004608	-0.357422	-0.144531	-0.559570	-13.650439	39.669977	9.720149
09441		-6.301726	-1.819196	7.323094	0.003532	0.003621	-0.004440	-0.355225	-0.145020	-0.560791	-13.647657	39.669050	9.720081
09442		-6.278258	-1.835068	7.390382	0.002032	0.003247	-0.000128	-0.368408	-0.150391	-0.567383	-13.643241	39.668525	9.723485
09443		-6.276499	-1.796471	7.407509	0.002132	0.002311	-0.003409	-0.364502	-0.148682	-0.560059	-13.640640	39.667011	9.724420
09444		-6.280469	-1.873636	7.372878	0.002132	0.002311	-0.003409	-0.355469	-0.145508	-0.566162	-13.637577	39.665521	9.725615
09445		-6.245138	-1.814303	7.374558	0.002243	-0.002574	-0.002082	-0.366943	-0.148438	-0.567139	-13.633758	39.661471	9.728362
09446		-6.278306	-1.835072	7.390339	0.002206	-0.000946	-0.002524	-0.364014	-0.146484	-0.560547	-13.629880	39.658287	9.730768
09447		-6.280202	-1.793127	7.365756	0.000869	-0.001564	-0.005216	-0.365479	-0.146484	-0.559814	-13.628398	39.654344	9.731177
09448		-6.277117	-1.775820	7.395419	0.001500	0.000373	-0.004312	-0.363037	-0.156982	-0.552734	-13.625898	39.651652	9.732057
09449		-6.243407	-1.835986	7.387336	-0.000431	-0.003812	-0.007466	-0.363281	-0.146729	-0.557617	-13.625920	39.646120	9.730325
09450		-6.296051	-1.844966	7.377649	-0.001137	-0.002493	-0.009254	-0.367188	-0.150391	-0.559814	-13.626890	39.641165	9.728134
09451		-6.278040	-1.815872	7.378645	-0.000431	-0.003812	-0.007466	-0.361816	-0.148682	-0.566650	-13.626926	39.635643	9.726991
09452		-6.296179	-1.824883	7.365842	0.001749	-0.007077	-0.005824	-0.363281	-0.149414	-0.558838	-13.624148	39.628599	9.728084
09453		-6.258492	-1.807862	7.392398	0.000832	0.000063	-0.005658	-0.356445	-0.145020	-0.564697	-13.623072	39.625516	9.727634
09454		-6.275797	-1.837673	7.391825	0.003087	-0.006458	-0.003133	-0.364990	-0.145508	-0.566650	-13.618358	39.619179	9.730563
09455		-6.276516	-1.816870	7.379695	-0.001274	0.000071	-0.006415	-0.366455	-0.147949	-0.558350	-13.618858	39.616029	9.730186
09456		-6.290944	-1.829362	7.408609	0.002344	-0.003511	-0.005363	-0.364746	-0.147217	-0.565186	-13.615927	39.611033	9.730986
09457		-6.272994	-1.799774	7.409675	0.003012	-0.003202	-0.004017	-0.366211	-0.146973	-0.560791	-13.612475	39.606327	9.732500
09458		-6.240201	-1.838653	7.389381	0.002344	-0.003511	-0.005363	-0.367432	-0.146973	-0.561523	-13.609545	39.601330	9.733299
09459		-6.292816	-1.847227	7.379843	0.002381	-0.005140	-0.004921	-0.360107	-0.152588	-0.557617	-13.606653	39.595411	9.734589
09460		-6.272982	-1.779113	7.398136	0.001538	-0.001256	-0.003870	-0.363281	-0.152100	-0.567627	-13.603749	39.591872	9.736072
09461		-6.270688	-1.821480	7.422923	-0.001237	-0.001558	-0.005972	-0.364502	-0.139404	-0.559326	-13.603814	39.587841	9.735163
09462		-6.254923	-1.830613	7.406457	0.002131	0.002311	-0.003409	-0.366699	-0.151855	-0.558594	-13.600756	39.586349	9.736355
09463		-6.257093	-1.788983	7.381598	-0.002687	0.002706	-0.009991	-0.361084	-0.146240	-0.554199	-13.603978	39.584114	9.732726
09464		-6.289242	-1.831599	7.409501	-0.001174	-0.000868	-0.009696	-0.367188	-0.147217	-0.560547	-13.605353	39.580005	9.729932
09465		-6.268451	-1.785078	7.439940	-0.001174	-0.000868	-0.009695	-0.368408	-0.148438	-0.558838	-13.607169	39.575819	9.726866
09466		-6.254408	-1.833233	7.406244	-0.002611	-0.000551	-0.009106	-0.366943	-0.146484	-0.569092	-13.609130	39.571966	9.724443
09467		-6.255358	-1.812944	7.393806	-0.003418	0.001705	-0.007613	-0.362305	-0.142334	-0.562256	-13.611563	39.569499	9.722713
09468		-6.271065	-1.804709	7.410108	-0.001312	0.001698	-0.006857	-0.358398	-0.148438	-0.561523	-13.611995	39.567201	9.721522
09469		-6.257998	-1.912134	7.371429	0.000832	0.000062	-0.005658	-0.366699	-0.146729	-0.563965	-13.610927	39.564128	9.721548
09470		-6.269341	-1.686442	7.419794	-0.003418	0.001704	-0.007613	-0.362061	-0.146729	-0.561035	-13.612914	39.561733	9.719810
09471		-6.239263	-1.904708	7.384330	-0.003418	0.001704	-0.007613	-0.368408	-0.145752	-0.552246	-13.615347	39.559280	9.718050
09472		-6.267799	-1.789455	7.439437	-0.000428	-0.003815	-0.007465	-0.371338	-0.142822	-0.564941	-13.614938	39.553830	9.717385
09473		-6.269356	-1.828645	7.422287	-0.002610	-0.000552	-0.009106	-0.366943	-0.143311	-0.572021	-13.617328	39.549857	9.715262
09474		-6.238732	-1.826064	7.377076	-0.002571	-0.002180	-0.008664	-0.364258	-0.145996	-0.567139	-13.618880	39.545156	9.713445
09475		-6.235445	-1.809192	7.406818	-0.001865	-0.003498	-0.006876	-0.366455	-0.146973	-0.565430	-13.619529	39.539938	9.713924
09476		-6.252646	-1.839615	7.406149	-0.003239	-0.002491	-0.010009	-0.370850	-0.150635	-0.560303	-13.622047	39.534883	9.711190
09477		-6.253476	-1.819360	7.393822	-0.003379	0.000075	-0.007171	-0.367432	-0.143799	-0.557617	-13.624056	39.531540	9.709861
09478		-6.271961	-1.828763	7.380630	-0.002610	-0.000553	-0.009106	-0.364258	-0.148193	-0.567139	-13.626013	39.527685	9.707441
09479		-6.233359	-1.833419	7.419224	-0.006821	-0.000541	-0.010618	-0.364014	-0.139160	-0.563477	-13.631525	39.523560	9.704033
09480		-6.267408	-1.834234	7.422552	-0.001801	-0.002809	-0.010599	-0.363525	-0.149414	-0.558838	-13.633452	39.518248	9.700931
09481		-6.234656	-1.873681	7.401989	-0.001980	0.001385	-0.008202	-0.371582	-0.148193	-0.562988	-13.635302	39.515532	9.699023
09482		-6.232741	-1.835600	7.419203	0.000832	0.000062	-0.005658	-0.357178	-0.144531	-0.558594	-13.633771	39.512485	9.698986
09483		-6.269999	-1.853165	7.392877	0.002899	0.001685	-0.005344	-0.363770	-0.145020	-0.570313	-13.631540	39.510307	9.698730
09484		-6.249545	-1.806036	7.423248	0.000731	0.001001	-0.002377	-0.364502	-0.144775	-0.564209	-13.628665	39.508226	9.700896
09485		-6.252580	-1.823597	7.393536	0.001360	0.002940	-0.001473	-0.365967	-0.144531	-0.563965	-13.625703	39.507314	9.703975
09486		-6.247564	-1.848263	7.447724	0.000063	0.000690	-0.003723	-0.367432	-0.146240	-0.562500	-13.623795	39.504878	9.705223
09487		-6.234230	-1.815313	7.406343	-0.000093	0.007202	-0.005491	-0.365479	-0.146729	-0.561035	-13.623962	39.505744	9.704374
09488		-6.232393	-1.857640	7.430671	0.000653	0.004257	-0.003261	-0.367920	-0.143311	-0.564697	-13.621901	39.505357	9.705332
09489		-6.234855	-1.815654	7.405733	0.001321	0.004568	-0.001915	-0.366699	-0.151855	-0.566406	-13.619325	39.505234	9.707554
09490		-6.252807	-1.845380	7.404579	0.000511	0.006823	-0.000422	-0.371582	-0.145996	-0.562012	-13.616327	39.506658	9.710112
09491		-6.220040	-1.824529	7.388504	0.001243	0.007823	-0.002799	-0.362793	-0.147461	-0.561035	-13.614546	39.508205	9.710739
09492		-6.250939	-1.827966	7.433281	-0.000926	0.007139	0.000167	-0.370117	-0.144531	-0.558838	-13.612136	39.509885	9.713667
09493		-6.220132	-1.845612	7.399841	-0.001068	0.009705	0.003006	-0.368896	-0.149414	-0.556396	-13.609227	39.513261	9.718068
09494		-6.286747	-1.827579	7.435412	0.001038	0.009700	0.003762	-0.367188	-0.146973	-0.561768	-13.604324	39.516851	9.723145
09495		-6.219849	-1.806714	7.415903	0.000434	0.010078	-0.001306	-0.366943	-0.143311	-0.565918	-13.602560	39.519825	9.723987
09496		-6.239289	-1.815384	7.402064	-0.001106	0.011333	0.002564	-0.366211	-0.145020	-0.561768	-13.599617	39.524163	9.727915
09497		-6.274585	-1.815134	7.404580	0.000293	0.012643	0.001533	-0.364990	-0.154053	-0.559326	-13.596948	39.529001	9.731470
09498		-6.244111	-1.832657	7.370888	-0.000477	0.013271	0.003468	-0.366699	-0.146729	-0.558594	-13.593443	39.534539	9.735713
09499		-6.274855	-1.776327	7.420146	-0.001183	0.014587	0.001680	-0.369629	-0.151123	-0.564453	-13.591729	39.540435	9.737316
09500		-6.259772	-1.865747	7.410291	-0.001106	0.011331	0.002564	-0.371338	-0.145752	-0.561768	-13.588782	39.544771	9.741246
09501		-6.266845	-1.819935	7.342887	0.003799	0.013947	0.001261	-0.375732	-0.152100	-0.563965	-13.584339	39.550241	9.743748
09502		-6.256007	-1.830135	7.467975	0.000229	0.011952	0.005256	-0.364014	-0.155762	-0.563965	-13.579457	39.555285	9.749515
09503		-6.264272	-1.763238	7.388121	0.000885	0.016207	0.001996	-0.365234	-0.149170	-0.568848	-13.576577	39.562108	9.751139
09504		-6.264993	-1.843598	7.394715	0.002438	0.011008	0.002733	-0.374268	-0.138916	-0.560791	-13.571483	39.566286	9.755251
09505		-6.264095	-1.804907	7.411249	-0.001810	0.012646	0.000775	-0.366211	-0.136719	-0.551514	-13.570354	39.570993	9.758591
09506		-6.249320	-1.813677	7.394016	0.003134	0.013634	-0.000084	-0.366943	-0.148438	-0.565186	-13.566449	39.576254	9.760210
09507		-6.263982	-1.846706	7.434308	-0.000476	0.013267	0.003468	-0.361816	-0.145508	-0.562012	-13.563377	39.581653	9.764818
09508		-6.268142	-1.783512	7.396465	-0.000370	0.012328	0.000187	-0.359375	-0.146973	-0.564209	-13.561209	39.586223	9.766862
09509		-6.268054	-1.804329	7.408042	0.003067	0.012944	0.003639	-0.359619	-0.143066	-0.567627	-13.556013	39.591552	9.770985
09510		-6.269752	-1.863657	7.402375	-0.001104	0.011328	0.002563	-0.361084	-0.145264	-0.565674	-13.553059	39.595884	9.774922
09511		-6.268258	-1.765322	7.423728	0.000154	0.015203	0.004373	-0.361328	-0.151611	-0.566162	-13.549466	39.602600	9.779970
09512		-6.270050	-1.824734	7.417963	-0.001103	0.011327	0.002563	-0.364990	-0.145020	-0.568848	-13.546510	39.606932	9.783908
09513		-6.254615	-1.773884	7.405593	-0.000550	0.016518	0.002584	-0.364258	-0.148438	-0.562744	-13.544259	39.614101	9.786877
09514		-6.302801	-1.827879	7.461262	0.000261	0.014264	0.001092	-0.362305	-0.153076	-0.562500	-13.541525	39.619871	9.789241
09515		-6.240146	-1.803806	7.399542	-0.004023	0.017529	-0.001311	-0.363770	-0.143555	-0.558105	-13.543138	39.627029	9.788159
09516		-6.275755	-1.803800	7.401648	0.000224	0.015889	0.000651	-0.371338	-0.149902	-0.562012	-13.540808	39.633645	9.789921
09517		-6.262902	-1.851263	7.366993	-0.003282	0.014584	0.000920	-0.368164	-0.152100	-0.559570	-13.540630	39.639401	9.791833
09518		-6.260453	-1.774281	7.400563	-0.000441	0.015578	-0.000695	-0.369873	-0.144287	-0.564941	-13.539267	39.645663	9.792677
09519		-6.280871	-1.842713	7.381455	-0.002508	0.013956	-0.001014	-0.367188	-0.146973	-0.562012	-13.539463	39.650806	9.793315
09520		-6.266412	-1.771105	7.356726	-0.001842	0.014266	0.000333	-0.362549	-0.149414	-0.562744	-13.538282	39.656475	9.795131
09521		-6.267177	-1.851852	7.363209	-0.001842	0.014266	0.000334	-0.360596	-0.148926	-0.562012	-13.537524	39.662017	9.796415
09522		-6.264578	-1.774839	7.396938	0.000407	0.011696	-0.001745	-0.361572	-0.142090	-0.565430	-13.535728	39.665976	9.797176
09523		-6.269062	-1.852046	7.361555	-0.001842	0.014265	0.000334	-0.368652	-0.147461	-0.563721	-13.535002	39.671576	9.798942
09524		-6.282347	-1.766141	7.411614	0.001036	0.013632	-0.000839	-0.364502	-0.145020	-0.573486	-13.532641	39.676734	9.800022
09525		-6.289356	-1.860734	7.346857	0.000555	0.005189	0.000022	-0.359131	-0.142578	-0.564453	-13.529668	39.677210	9.803852
09526		-6.300461	-1.736097	7.414594	0.001775	0.010689	0.001392	-0.363525	-0.148926	-0.566650	-13.525526	39.681028	9.807059
09527		-6.288907	-1.822098	7.363033	-0.000885	0.009447	-0.003997	-0.362549	-0.145264	-0.562744	-13.525718	39.683373	9.806649
09528		-6.284992	-1.766330	7.409326	-0.003061	0.008764	-0.001036	-0.365723	-0.147217	-0.566406	-13.525254	39.685793	9.808434
09529		-6.268741	-1.796485	7.404740	-0.003024	0.007137	-0.000595	-0.360840	-0.146973	-0.559570	-13.524822	39.687262	9.810867
09530		-6.271036	-1.835246	7.386951	-0.000183	0.008131	-0.002208	-0.364258	-0.137451	-0.567139	-13.523181	39.689173	9.811915
09531		-6.288447	-1.805453	7.390465	0.000482	0.008441	-0.000861	-0.360840	-0.146729	-0.562256	-13.521029	39.691350	9.814549
09532		-6.270509	-1.796877	7.403148	-0.000219	0.009757	-0.002650	-0.367920	-0.150635	-0.553467	-13.519793	39.694107	9.814995
09533		-6.291379	-1.844226	7.372122	0.001293	0.006188	-0.002352	-0.364014	-0.145020	-0.566895	-13.517551	39.694737	9.814922
09534		-6.271464	-1.797148	7.402273	-0.000810	0.006194	-0.003114	-0.361328	-0.147217	-0.563232	-13.516472	39.695447	9.815651
09535		-6.275553	-1.793897	7.359979	0.000001	0.003941	-0.004606	-0.360840	-0.148193	-0.559082	-13.515814	39.694616	9.815712
09536		-6.256329	-1.806680	7.385161	-0.004389	0.008141	-0.003732	-0.360596	-0.149658	-0.560059	-13.517288	39.696328	9.815654
09537		-6.306016	-1.819114	7.416457	0.000592	0.007503	-0.004141	-0.364014	-0.145752	-0.561768	-13.516443	39.697508	9.813972
09538		-6.273124	-1.798549	7.400526	-0.001511	0.007509	-0.004903	-0.365723	-0.147705	-0.559814	-13.516739	39.698711	9.813177
09539		-6.252982	-1.832367	7.437975	-0.001511	0.007508	-0.004903	-0.370605	-0.145020	-0.572754	-13.517449	39.699756	9.811954
09540		-6.273103	-1.820329	7.411842	-0.001622	0.008445	-0.001622	-0.360596	-0.152100	-0.565186	-13.516395	39.701920	9.813371
09541		-6.274775	-1.799526	7.398889	-0.001658	0.010071	-0.002064	-0.360107	-0.147461	-0.557373	-13.516184	39.704828	9.814264
09542		-6.313432	-1.796236	7.359488	-0.002138	0.005572	-0.005809	-0.353027	-0.154297	-0.562012	-13.517043	39.704830	9.813150
09543		-6.277310	-1.838739	7.380752	0.001330	0.004561	-0.001910	-0.355469	-0.145264	-0.567871	-13.514423	39.704711	9.812918
09544		-6.277056	-1.779267	7.385286	-0.001621	0.008445	-0.001622	-0.360596	-0.149414	-0.553467	-13.513368	39.706875	9.814336
09545		-6.276536	-1.800546	7.397147	-0.000810	0.006192	-0.003114	-0.359375	-0.145264	-0.567383	-13.512728	39.707503	9.814185
09546		-6.262202	-1.788640	7.367970	-0.002285	0.008134	-0.002970	-0.368408	-0.148193	-0.562256	-13.512643	39.709313	9.814681
09547		-6.277510	-1.801090	7.396188	-0.000146	0.006503	-0.001766	-0.362305	-0.145508	-0.556641	-13.511026	39.710256	9.816314
09548		-6.296341	-1.809964	7.382636	0.000039	0.002314	-0.004164	-0.362549	-0.148438	-0.562988	-13.509515	39.708665	9.816958
09549		-6.262257	-1.810379	7.379229	-0.000846	0.007818	-0.003555	-0.363770	-0.138184	-0.561768	-13.509255	39.710071	9.816453
09550		-6.275614	-1.784548	7.424879	-0.003391	0.001698	-0.007622	-0.360107	-0.148438	-0.562500	-13.511241	39.707673	9.814700
09551		-6.297011	-1.811277	7.381742	-0.003615	0.003572	-0.001061	-0.367676	-0.148438	-0.561035	-13.510974	39.707085	9.817903
09552		-6.245130	-1.782169	7.379448	-0.001915	-0.000243	-0.007766	-0.360352	-0.140381	-0.562012	-13.511964	39.703586	9.816383
09553		-6.297009	-1.812407	7.381467	-0.004167	0.002324	-0.005689	-0.366699	-0.145264	-0.564209	-13.513995	39.701646	9.816167
09554		-6.299706	-1.830496	7.351709	-0.001251	0.000067	-0.006418	-0.372559	-0.146484	-0.561523	-13.514016	39.698501	9.815570
09555		-6.261502	-1.834637	7.390549	0.000152	0.001377	-0.007444	-0.357910	-0.138672	-0.562988	-13.514253	39.695734	9.814296
09556		-6.294190	-1.796347	7.410833	0.000815	0.001688	-0.006096	-0.365723	-0.146729	-0.557373	-13.513122	39.693534	9.813650
09557		-6.262427	-1.814424	7.378091	-0.000475	-0.000559	-0.008351	-0.363037	-0.147461	-0.561768	-13.513964	39.689656	9.812144
09558		-6.278257	-1.805983	7.394360	-0.000737	0.002940	-0.002230	-0.366699	-0.147705	-0.558350	-13.512074	39.688672	9.814079
09559		-6.275594	-1.788866	7.423857	-0.000511	0.001066	-0.008792	-0.366943	-0.147461	-0.560791	-13.513280	39.685582	9.810866
09560		-6.296912	-1.815611	7.380762	-0.002100	0.003944	-0.005368	-0.365479	-0.145752	-0.556641	-13.513732	39.684736	9.810355
09561		-6.262716	-1.816222	7.377403	-0.002100	0.003944	-0.005367	-0.364014	-0.139160	-0.560547	-13.514577	39.683680	9.809330
09562		-6.260188	-1.799170	7.406776	-0.000661	0.003628	-0.005952	-0.355713	-0.148682	-0.562500	-13.514440	39.682580	9.808451
09563		-6.278823	-1.808239	7.393329	0.000816	0.001688	-0.006096	-0.374512	-0.149170	-0.556396	-13.513759	39.680292	9.807948
09564		-6.297512	-1.817325	7.379829	-0.000698	0.005254	-0.006393	-0.364990	-0.145020	-0.561279	-13.514028	39.680039	9.806466
09565		-6.279040	-1.809202	7.392908	-0.003353	0.000070	-0.007181	-0.365234	-0.147217	-0.561523	-13.515978	39.676530	9.804903
09566		-6.279035	-1.809830	7.392759	-0.001324	0.003317	-0.007300	-0.365479	-0.150391	-0.567871	-13.516809	39.675077	9.803103
09567		-6.279020	-1.810308	7.392655	-0.001989	-0.000933	-0.004044	-0.367432	-0.150391	-0.562012	-13.516457	39.671545	9.803917
09568		-6.277262	-1.772391	7.409887	-0.004052	0.001384	-0.008970	-0.364990	-0.142578	-0.566650	-13.519408	39.668791	9.801244
09569		-6.277826	-1.832744	7.404780	-0.001950	0.001380	-0.008207	-0.363525	-0.148926	-0.563477	-13.521220	39.665982	9.799269
09570		-6.263971	-1.800138	7.363665	-0.003352	0.000069	-0.007181	-0.361572	-0.143311	-0.565430	-13.522796	39.662735	9.798121
09571		-6.294408	-1.804297	7.408716	-0.002538	-0.002182	-0.008673	-0.363770	-0.155029	-0.565674	-13.524785	39.657934	9.796333
09572		-6.282029	-1.810303	7.350431	-0.002575	-0.000557	-0.009114	-0.362061	-0.146729	-0.565918	-13.526739	39.654079	9.793895
09573		-6.277936	-1.814607	7.392521	-0.001723	-0.004434	-0.010164	-0.363037	-0.150635	-0.562988	-13.528676	39.647817	9.790312
09574		-6.261629	-1.824181	7.376363	-0.001761	-0.002809	-0.010605	-0.368896	-0.140869	-0.558838	-13.530601	39.642508	9.787188
09575		-6.258638	-1.807455	7.406068	-0.002575	-0.000558	-0.009113	-0.365967	-0.150879	-0.563721	-13.532963	39.638469	9.784742
09576		-6.259260	-1.787123	7.393928	-0.000245	-0.006374	-0.010308	-0.368164	-0.142822	-0.562500	-13.533485	39.631213	9.782455
09577		-6.292083	-1.808858	7.409579	-0.003200	-0.002495	-0.010020	-0.370361	-0.142090	-0.561035	-13.536405	39.625977	9.779699
09578		-6.257174	-1.809796	7.406734	-0.002347	-0.006372	-0.011071	-0.364502	-0.146973	-0.561768	-13.538483	39.618620	9.776861
09579		-6.277221	-1.777307	7.369096	-0.002385	-0.004747	-0.011512	-0.360596	-0.152588	-0.559570	-13.541377	39.611915	9.773906
09580		-6.273339	-1.841275	7.406466	-0.000869	-0.008313	-0.011215	-0.360840	-0.148926	-0.566895	-13.542457	39.603458	9.771303
09581		-6.307805	-1.680965	7.395426	-0.003481	-0.011186	-0.016165	-0.366455	-0.143066	-0.559570	-13.547413	39.592642	9.764179
09582		-6.236683	-1.843822	7.404680	-0.006832	-0.015060	-0.018742	-0.364502	-0.151367	-0.572998	-13.554625	39.579415	9.757314
09583		-6.304458	-1.764788	7.404416	-0.006016	-0.017313	-0.020233	-0.366455	-0.149658	-0.558350	-13.562228	39.564616	9.749975
09584		-6.268408	-1.766612	7.402308	-0.006678	-0.017627	-0.021581	-0.372559	-0.137451	-0.569580	-13.570366	39.549577	9.741513
09585		-6.284429	-1.718024	7.395205	-0.011199	-0.024693	-0.029691	-0.370117	-0.147949	-0.563721	-13.584444	39.529327	9.729686
09586		-6.282907	-1.700059	7.384402	-0.016496	-0.031136	-0.035868	-0.369873	-0.152832	-0.561523	-13.603256	39.504838	9.713284
09587		-6.298313	-1.712828	7.372878	-0.023195	-0.034957	-0.045619	-0.364258	-0.143311	-0.561035	-13.630287	39.476680	9.689801
09588		-6.343691	-1.730238	7.406713	-0.028372	-0.042348	-0.055073	-0.371826	-0.149170	-0.558594	-13.663418	39.443339	9.661555
09589		-6.236428	-1.795630	7.394675	-0.032137	-0.052372	-0.060952	-0.357910	-0.143799	-0.559814	-13.700606	39.403417	9.630864
09590		-6.286530	-1.768869	7.362784	-0.040412	-0.057277	-0.062669	-0.375000	-0.152344	-0.563232	-13.742354	39.360706	9.599861
09591		-6.291322	-1.732691	7.441552	-0.053580	-0.064824	-0.063088	-0.364990	-0.149902	-0.559082	-13.791307	39.313578	9.569543
09592		-6.285729	-1.720811	7.432891	-0.078051	-0.086297	-0.073475	-0.369141	-0.137207	-0.560791	-13.856159	39.253200	9.536047
09593		-6.348283	-1.770578	7.425894	-0.091415	-0.085748	-0.076076	-0.374023	-0.141602	-0.564453	-13.930183	39.192603	9.501422
09594		-6.340393	-1.842221	7.424678	-0.095119	-0.093506	-0.086109	-0.377441	-0.143799	-0.565430	-14.009504	39.126403	9.460411
09595		-6.302564	-1.829995	7.371574	-0.096096	-0.099324	-0.094477	-0.371094	-0.133545	-0.553223	-14.092726	39.055574	9.416684
09596		-6.286506	-1.948815	7.437216	-0.096357	-0.106463	-0.101064	-0.371094	-0.145996	-0.560791	-14.177734	38.979992	9.367640
09597		-6.150866	-1.956330	7.486942	-0.092158	-0.104886	-0.099979	-0.379150	-0.139160	-0.562744	-14.260223	38.905215	9.320629
09598		-6.115408	-2.020046	7.398877	-0.077717	-0.099749	-0.089008	-0.368408	-0.143799	-0.562256	-14.329589	38.834959	9.279335
09599		-6.034173	-1.974484	7.443301	-0.073699	-0.078731	-0.081079	-0.380615	-0.140137	-0.563721	-14.395773	38.777323	9.241811
09600		-5.940182	-2.034177	7.446734	-0.064775	-0.058985	-0.069872	-0.382813	-0.146729	-0.558594	-14.453636	38.732345	9.206944
09601		-5.995209	-2.050891	7.539310	-0.051555	-0.042454	-0.056300	-0.380127	-0.146729	-0.561279	-14.500047	38.698179	9.180708
09602		-6.011663	-2.045219	7.515139	-0.042497	-0.025239	-0.047942	-0.379883	-0.142822	-0.562012	-14.539175	38.675024	9.155342
09603		-6.027622	-2.178384	7.491111	-0.030519	-0.012576	-0.036195	-0.383545	-0.142578	-0.558350	-14.568001	38.660318	9.137486
09604		-6.050633	-2.225049	7.418349	-0.014234	-0.003137	-0.022087	-0.371826	-0.146729	-0.562012	-14.581981	38.653127	9.126438
09605		-6.064982	-2.120181	7.458208	0.001437	0.004361	-0.008892	-0.383789	-0.135010	-0.558594	-14.582360	38.651760	9.124278
09606		-6.055037	-2.221863	7.376180	0.016550	0.005952	0.007972	-0.373047	-0.144043	-0.556885	-14.566418	38.653944	9.132896
09607		-6.070521	-2.112670	7.416356	0.037362	0.007973	0.022020	-0.380615	-0.139648	-0.563477	-14.532956	38.659010	9.152936
09608		-6.033400	-2.052041	7.460526	0.044734	0.014470	0.028940	-0.376709	-0.141357	-0.552490	-14.492535	38.668921	9.174889
09609		-5.942808	-2.002412	7.525865	0.049632	0.030033	0.036231	-0.373047	-0.143311	-0.559082	-14.448252	38.688237	9.200822
09610		-5.818777	-2.070942	7.575838	0.048332	0.042287	0.042140	-0.377197	-0.138916	-0.564453	-14.403051	38.715442	9.227103
09611		-5.765396	-2.139683	7.631684	0.047517	0.071941	0.060399	-0.378662	-0.141602	-0.563232	-14.353989	38.761498	9.262685
09612		-5.880869	-2.069648	7.601609	0.050979	0.102300	0.076439	-0.377197	-0.145996	-0.551025	-14.298713	38.826846	9.302574
09613		-5.926066	-2.001658	7.604475	0.051545	0.137190	0.089080	-0.374756	-0.144287	-0.562256	-14.241709	38.912991	9.345813
09614		-5.848736	-1.986937	7.644352	0.041889	0.183006	0.099978	-0.376221	-0.135254	-0.555908	-14.189992	39.026416	9.388173
09615		-5.807598	-2.074142	7.703552	0.038810	0.241432	0.114720	-0.373779	-0.142822	-0.559082	-14.140282	39.174028	9.432101
09616		-5.812718	-1.995796	7.706964	0.034695	0.309435	0.132513	-0.369385	-0.142090	-0.558105	-14.091904	39.362192	9.475428
09617		-5.728885	-1.975620	7.791794	0.014424	0.382417	0.144280	-0.369141	-0.144043	-0.560547	-14.058245	39.592177	9.514196
09618		-5.751779	-1.960991	7.923057	-0.007372	0.469202	0.149434	-0.364014	-0.138428	-0.559326	-14.043992	39.871458	9.541420
09619		-5.529185	-1.973570	7.983013	-0.038898	0.576935	0.158528	-0.352783	-0.138184	-0.562744	-14.056384	40.211477	9.555186
09620		-5.709834	-2.043429	8.118690	-0.063355	0.715858	0.171446	-0.346924	-0.140381	-0.557861	-14.092725	40.630915	9.553463
09621		-5.812360	-2.001466	8.090312	-0.093995	0.908667	0.172496	-0.343994	-0.137695	-0.558105	-14.170342	41.157275	9.513220
09622		-5.242839	-1.805620	8.675559	-0.149665	1.192675	0.217372	-0.332764	-0.139648	-0.564453	-14.294062	41.847988	9.454301
09623		-4.032821	-2.491635	9.628665	-0.273944	1.546684	0.324337	-0.322266	-0.132813	-0.556152	-14.484095	42.749771	9.400196
09624		-4.848394	-2.461541	9.721700	-0.268955	2.028883	0.432659	-0.308594	-0.134766	-0.572998	-14.683965	43.934934	9.331955
09625		-5.076014	-2.585967	9.393960	-0.351046	2.393651	0.549318	-0.281738	-0.140137	-0.560791	-14.926923	45.338282	9.268819
09626		-5.040826	-2.303462	9.428249	-0.395740	2.846864	0.639591	-0.259277	-0.118896	-0.558105	-15.222605	47.006351	9.171800
09627		-5.412918	-2.251354	9.602640	-0.398489	3.286073	0.724930	-0.227783	-0.129639	-0.567871	-15.556826	48.928584	9.027941
09628		-6.113259	-1.890435	9.791002	-0.383635	3.665984	0.815327	-0.198730	-0.128662	-0.564453	-15.914796	51.074809	8.846248
09629		-6.558801	-2.091943	9.379830	-0.373653	4.000801	0.925729	-0.164063	-0.124512	-0.567383	-16.286971	53.420783	8.645069
09630		-7.878583	-2.675611	9.145862	-0.350069	4.193519	1.079531	-0.134766	-0.123291	-0.554443	-16.604648	55.898140	8.500267
09631		-8.800170	-3.274534	8.251796	-0.279939	4.258976	1.203105	-0.088135	-0.121338	-0.543457	-16.823815	58.429797	8.429058
09632		-10.120646	-2.897341	7.700101	-0.253034	4.265642	1.275521	-0.054443	-0.116943	-0.534668	-16.981589	60.978594	8.413024
09633		-10.913420	-2.493136	6.782744	-0.323447	4.126899	1.313591	-0.024170	-0.118408	-0.527100	-17.110041	63.456031	8.476056
09634		-10.624659	-2.804443	5.820891	-0.358161	3.998078	1.364387	0.015625	-0.124756	-0.520508	-17.154693	65.873275	8.652506
09635		-10.193061	-2.134479	4.911054	-0.347940	3.857621	1.424686	0.038818	-0.121826	-0.499268	-17.038049	68.221912	8.994397
09636		-10.643060	-1.791501	4.493144	-0.399912	3.663741	1.400112	0.069580	-0.133057	-0.499023	-16.844438	70.461622	9.444985
09637		-9.709332	-1.319056	3.530029	-0.502656	3.471013	1.353441	0.098389	-0.137207	-0.483887	-16.613460	72.585437	9.990890
09638		-9.231832	-1.350712	2.699095	-0.580377	3.319310	1.311114	0.127197	-0.122314	-0.470459	-16.317558	74.620059	10.644778
09639		-8.987458	-0.859069	2.462884	-0.681924	3.132355	1.223994	0.152100	-0.120850	-0.457275	-16.020699	76.535071	11.353449
09640		-8.733807	-0.352657	2.264044	-0.843604	2.945965	1.129400	0.172363	-0.126221	-0.448975	-15.770406	78.333513	12.103940
09641		-8.491006	-0.245404	2.036040	-0.992940	2.759393	1.039913	0.187744	-0.123535	-0.428711	-15.556190	80.012660	12.899996
09642		-8.094872	0.202505	1.835422	-1.102398	2.565782	0.959658	0.218750	-0.116211	-0.418213	-15.310624	81.573876	13.787505
09643		-6.293405	0.639169	2.639702	-1.194419	2.344817	0.865664	0.233154	-0.109131	-0.397461	-15.036236	82.996303	14.753731
09644		-7.019190	-0.711874	10.203916	-1.384944	1.696983	0.578120	0.237793	-0.113281	-0.378906	-15.220636	84.019123	15.365691
09645		-18.419975	-4.465161	15.619110	-1.622904	0.093946	-0.020921	0.252441	-0.101563	-0.393311	-16.373489	84.063232	15.140222
09646		-10.277179	-6.480349	12.862833	-1.456128	-1.608917	-0.310581	0.229004	-0.090576	-0.389893	-16.383178	83.126437	15.968922
09647		-2.050915	-5.850133	10.156515	-1.036921	-2.364285	-0.370699	0.222900	-0.078125	-0.397217	-15.675408	81.760349	17.280831
09648		-0.613933	-4.685283	9.017618	-0.568877	-2.626662	-0.383683	0.211670	-0.080078	-0.408203	-14.819652	80.248235	18.476070
09649		-0.103161	-3.223780	8.282224	-0.285435	-2.660723	-0.415109	0.197021	-0.078369	-0.419922	-14.156456	78.706499	19.315573
09650		-0.006239	-2.124864	7.840420	-0.184688	-2.559406	-0.494533	0.175781	-0.072754	-0.426758	-13.870501	77.212791	19.715031
09651		-0.990371	-1.701313	7.608214	-0.205402	-2.421646	-0.639719	0.162354	-0.065918	-0.447510	-14.064862	75.771052	19.634895
09652		-2.481216	-1.860910	7.686255	-0.261123	-2.348127	-0.837246	0.151367	-0.061279	-0.445801	-14.691004	74.346402	19.140624
09653		-3.981322	-2.194623	7.993619	-0.276938	-2.360394	-1.051067	0.133301	-0.049316	-0.451416	-15.615438	72.876323	18.341200
09654		-5.264783	-2.707540	8.362535	-0.242343	-2.478996	-1.282766	0.111084	-0.041016	-0.471191	-16.704460	71.305290	17.341620
09655		-6.302747	-3.395084	8.536573	-0.116812	-2.660061	-1.484763	0.088623	-0.037842	-0.473877	-17.779082	69.589834	16.271021
09656		-7.430051	-3.876172	8.610141	0.100937	-2.891219	-1.637705	0.059082	-0.034668	-0.494385	-18.666930	67.720804	15.254676
09657		-8.325637	-3.933259	8.473320	0.359523	-3.146426	-1.741929	0.047119	-0.029541	-0.505127	-19.284133	65.683445	14.357071
09658		-8.995971	-3.568225	8.203230	0.592118	-3.370630	-1.813567	0.019531	-0.012939	-0.520020	-19.644754	63.514305	13.581194
09659		-9.495955	-3.167278	7.874053	0.763815	-3.527553	-1.846220	-0.011230	-0.020264	-0.532715	-19.800191	61.246480	12.910383
09660		-10.127247	-2.791664	7.606344	0.872897	-3.617892	-1.826023	-0.055420	-0.023682	-0.548828	-19.784321	58.939779	12.350521
09661		-10.886939	-2.577300	7.555602	0.924152	-3.643436	-1.766705	-0.081787	-0.025146	-0.559814	-19.643774	56.624732	11.889162
09662		-11.903742	-2.382337	7.688773	0.906797	-3.647440	-1.688409	-0.116455	-0.031494	-0.570801	-19.427701	54.329729	11.519496
09663		-13.002528	-2.325680	7.828633	0.834896	-3.661601	-1.626384	-0.156494	-0.027588	-0.575928	-19.192221	52.033248	11.214346
09664		-13.815455	-2.384379	7.846289	0.714622	-3.684847	-1.579492	-0.193604	-0.039307	-0.587402	-18.980336	49.740114	10.958314
09665		-14.288530	-2.346242	7.643374	0.589669	-3.718506	-1.543913	-0.229736	-0.029785	-0.586426	-18.804602	47.429648	10.740267
09666		-14.681645	-2.129006	7.315911	0.440337	-3.728066	-1.532074	-0.264648	-0.035889	-0.587646	-18.698883	45.122780	10.535950
09667		-14.685923	-2.055676	6.684910	0.286743	-3.719223	-1.542618	-0.306152	-0.037598	-0.587402	-18.679400	42.813022	10.325401
09668		-14.549420	-2.312621	5.906423	0.186548	-3.680300	-1.544105	-0.337158	-0.037598	-0.587402	-18.712764	40.530005	10.112859
09669		-14.406688	-2.690096	4.864208	0.159170	-3.631081	-1.482905	-0.378662	-0.038574	-0.584229	-18.730334	38.279465	9.939421
09670		-13.886931	-2.930872	3.835239	0.215047	-3.549428	-1.356894	-0.416504	-0.044922	-0.580566	-18.667572	36.101857	9.837629
09671		-13.113376	-2.771279	2.848189	0.281596	-3.442901	-1.182526	-0.450684	-0.046143	-0.562256	-18.512327	34.009311	9.824856
09672		-12.417329	-2.195153	2.091556	0.247498	-3.269345	-1.007610	-0.472656	-0.045898	-0.560791	-18.338449	32.047617	9.881691
09673		-12.014992	-1.510088	1.461610	0.064111	-3.050483	-0.884919	-0.502686	-0.059814	-0.547363	-18.258248	30.222830	9.963682
09674		-11.727980	-1.235070	0.706003	-0.237250	-2.822918	-0.824216	-0.523682	-0.059326	-0.538574	-18.357621	28.536887	10.036025
09675		-11.381098	-0.871951	-0.281309	-0.552892	-2.560104	-0.797397	-0.546631	-0.043213	-0.535400	-18.654962	26.995449	10.075775
09676		-11.377149	-0.400105	-1.599416	-0.839525	-2.255853	-0.762560	-0.581787	-0.052490	-0.525391	-19.130733	25.629080	10.085222
09677		-11.580144	-0.111618	-3.257203	-1.013131	-1.899869	-0.680135	-0.593506	-0.041992	-0.510254	-19.711644	24.468301	10.082285
09678		-12.822417	0.187830	-4.966833	-1.050618	-1.503644	-0.567997	-0.597900	-0.034180	-0.503418	-20.315909	23.545468	10.074007
09679		-14.475308	0.051677	-6.679003	-0.908736	-1.148802	-0.423761	-0.613525	-0.026855	-0.493408	-20.832891	22.840327	10.081597
09680		-13.970108	-2.661639	-8.830599	-0.486486	-0.827639	-0.228180	-0.618164	-0.028076	-0.488281	-21.089348	22.348833	10.136788
09681		-8.998206	-2.193978	-10.845175	1.122912	0.354652	0.469661	-0.623291	-0.041260	-0.493896	-20.369928	22.631715	10.334503
09682		2.095158	3.335010	5.701508	0.871406	1.500831	0.583278	-0.605713	-0.033691	-0.508545	-19.860416	23.552151	10.357822
09683		-5.362396	-8.010864	21.231231	0.342497	1.269498	-0.183152	-0.589600	-0.041260	-0.512939	-19.815464	24.198589	9.983101
09684		1.945309	-8.748706	18.919277	0.639832	0.776257	-0.079924	-0.591064	-0.046143	-0.516602	-19.533749	24.599989	9.775014
09685		0.238398	0.253411	7.319706	0.470807	1.174785	-0.146748	-0.584717	-0.043945	-0.524658	-19.403292	25.203862	9.443355
09686		-3.440598	2.733741	5.332402	0.246839	2.071690	-0.235476	-0.572510	-0.052979	-0.527832	-19.511137	26.276141	8.866912
09687		-11.139452	4.014496	10.802963	-0.124763	2.193896	-0.382995	-0.555908	-0.049072	-0.535400	-19.899411	27.382782	8.163722
09688		-9.216216	4.443311	12.852542	-0.516519	1.745415	-0.315693	-0.549072	-0.051758	-0.542725	-20.464158	28.257085	7.585478
09689		-6.383042	4.821649	11.414100	-0.932762	1.547083	0.004257	-0.536133	-0.041260	-0.542969	-21.166684	29.084134	7.232885
09690		-7.470561	0.339714	9.571459	-1.240185	1.493581	0.236929	-0.519531	-0.019775	-0.540283	-21.980890	29.927986	7.020319
09691		-8.517215	-6.801341	7.971685	-1.216668	1.400952	0.191007	-0.506592	-0.018066	-0.541260	-22.794000	30.709706	6.787679
09692		-7.893149	-11.777528	6.613349	-0.755820	1.307700	0.028568	-0.500732	-0.005127	-0.546631	-23.391802	31.403570	6.466260
09693		-6.128987	-9.986366	5.653289	-0.198978	1.306493	-0.010900	-0.494141	-0.003662	-0.545654	-23.691074	32.085398	6.112042
09694		-6.467474	-4.343965	6.894176	0.048965	1.314881	0.147671	-0.478027	-0.011719	-0.546631	-23.803367	32.807319	5.848446
09695		-7.401317	-2.121811	8.089172	-0.015646	1.096722	0.242412	-0.469971	-0.014893	-0.546631	-23.892178	33.436331	5.700717
09696		-5.887510	-4.271168	6.741563	-0.069735	0.896670	0.258978	-0.462646	-0.011719	-0.556152	-23.977281	33.964379	5.617409
09697		-6.584028	-6.093155	6.363361	0.027133	0.864869	0.257083	-0.459229	-0.002441	-0.550293	-24.004103	34.475213	5.540501
09698		-7.837774	-4.257962	7.167175	0.137307	0.677235	0.278419	-0.456543	-0.004150	-0.549561	-23.930139	34.892861	5.530339
09699		-8.167344	-3.543144	7.655996	0.157644	0.430700	0.319003	-0.445557	-0.016602	-0.561523	-23.789567	35.190780	5.616506
09700		-7.465592	-4.012786	7.428176	0.206992	0.256741	0.292451	-0.443604	-0.008789	-0.555664	-23.600663	35.391079	5.736336
09701		-7.093857	-3.375375	7.694269	0.250799	0.169246	0.279696	-0.437744	-0.006104	-0.555908	-23.376772	35.542282	5.873256
09702		-6.973788	-2.939076	7.830141	0.241308	0.081639	0.275269	-0.437500	-0.018311	-0.568848	-23.144458	35.645775	6.033004
09703		-6.481120	-3.363176	7.648619	0.233662	0.046223	0.264735	-0.436768	-0.016357	-0.555664	-22.914710	35.727918	6.196045
09704		-6.050321	-3.183127	7.663632	0.233812	0.047667	0.257426	-0.441162	-0.013916	-0.562744	-22.686852	35.808460	6.354841
09705		-5.933048	-2.878229	7.762789	0.213883	0.067133	0.250314	-0.442139	-0.014893	-0.562256	-22.476231	35.897470	6.503921
09706		-6.078300	-2.811971	7.703031	0.183356	0.081879	0.228611	-0.431641	-0.013184	-0.562988	-22.292741	35.988911	6.635712
09707		-6.313243	-2.703754	7.648442	0.160892	0.091901	0.202415	-0.429443	-0.020508	-0.564697	-22.133835	36.079906	6.747807
09708		-6.025391	-2.863036	7.568502	0.151178	0.096688	0.185183	-0.433594	-0.007324	-0.561523	-21.987047	36.169261	6.848044
09709		-5.983160	-3.105601	7.434171	0.164960	0.101879	0.180840	-0.424805	-0.010010	-0.568848	-21.834953	36.260483	6.944151
09710		-5.549857	-3.108869	7.367405	0.189918	0.111986	0.199414	-0.433105	-0.013916	-0.569580	-21.662030	36.360558	7.050597
09711		-5.528431	-3.193227	7.470296	0.214317	0.142925	0.218521	-0.434082	-0.017822	-0.570068	-21.472398	36.481111	7.161836
09712		-5.708732	-2.860974	7.591887	0.208609	0.171364	0.214518	-0.431885	-0.022949	-0.567871	-21.290963	36.615469	7.263995
09713		-6.052421	-2.534639	7.802149	0.166353	0.189512	0.181912	-0.424316	-0.018555	-0.569580	-21.149398	36.752745	7.340085
09714		-6.050503	-2.546758	7.655178	0.114804	0.188430	0.146161	-0.415527	-0.016113	-0.574463	-21.050603	36.881721	7.393386
09715		-5.986792	-2.897551	7.407764	0.095103	0.185453	0.130297	-0.427490	-0.026367	-0.568604	-20.969145	37.005995	7.436893
09716		-5.973314	-2.967806	7.321777	0.104169	0.186729	0.130900	-0.416504	-0.033691	-0.579102	-20.881760	37.130807	7.481062
09717		-6.014767	-3.024948	7.216566	0.119738	0.179901	0.142468	-0.419189	-0.023438	-0.570313	-20.779858	37.254478	7.534795
09718		-6.054664	-3.006744	7.155450	0.148815	0.155383	0.155351	-0.416260	-0.031250	-0.573486	-20.651483	37.367316	7.604143
09719		-6.019697	-2.953326	7.151304	0.170229	0.140984	0.172908	-0.416504	-0.027344	-0.570313	-20.501494	37.476055	7.689139
09720		-5.917800	-2.871837	7.131196	0.197026	0.132229	0.186601	-0.405518	-0.033936	-0.578369	-20.328265	37.582416	7.786430
09721		-5.821791	-2.796769	7.212515	0.215579	0.118203	0.205454	-0.405762	-0.036377	-0.575439	-20.134438	37.684950	7.900273
09722		-5.793758	-2.854537	7.249304	0.236875	0.117081	0.228577	-0.414551	-0.036133	-0.572510	-19.917582	37.790865	8.031079
09723		-6.025954	-2.832171	7.329557	0.259326	0.107149	0.251570	-0.411621	-0.032471	-0.575195	-19.676593	37.895690	8.180411
09724		-6.047646	-2.672857	7.310136	0.268385	0.099657	0.245720	-0.409912	-0.037354	-0.581543	-19.430582	37.994629	8.328663
09725		-6.198837	-2.415990	7.407320	0.257852	0.098857	0.226701	-0.406250	-0.037109	-0.574219	-19.198394	38.089256	8.464426
09726		-6.178164	-2.420476	7.382649	0.232209	0.113411	0.195462	-0.398193	-0.038086	-0.586182	-18.995251	38.185286	8.576191
09727		-6.126265	-2.346331	7.352891	0.211267	0.124270	0.178454	-0.400146	-0.035645	-0.575439	-18.812947	38.283968	8.673883
09728		-6.094742	-2.451886	7.237221	0.205835	0.133529	0.187406	-0.403809	-0.040039	-0.579834	-18.630307	38.388856	8.776464
09729		-6.183296	-2.648682	7.118803	0.225566	0.138290	0.206442	-0.398193	-0.045898	-0.581787	-18.428788	38.499748	8.891420
09730		-6.278334	-2.678715	7.172381	0.253697	0.128072	0.223524	-0.399414	-0.045166	-0.583984	-18.201197	38.607596	9.021637
09731		-6.273139	-2.504566	7.235214	0.262027	0.112844	0.228626	-0.399170	-0.050293	-0.577637	-17.964286	38.707876	9.159289
09732		-6.258598	-2.343470	7.381084	0.248670	0.106065	0.219285	-0.390381	-0.041748	-0.586914	-17.737043	38.802150	9.292981
09733		-6.230202	-2.147421	7.487399	0.230890	0.109925	0.202443	-0.392090	-0.045166	-0.585205	-17.527860	38.895448	9.414298
09734		-6.222943	-2.133397	7.509591	0.197837	0.117487	0.174477	-0.389160	-0.052246	-0.585938	-17.350015	38.987519	9.515197
09735		-6.129389	-2.113701	7.537879	0.174227	0.144917	0.159630	-0.392822	-0.056885	-0.593750	-17.196103	39.092079	9.599786
09736		-6.020761	-2.322075	7.328942	0.171444	0.172115	0.178383	-0.383789	-0.048828	-0.585938	-17.038239	39.214279	9.692531
09737		-6.202634	-2.648060	7.184673	0.209227	0.194475	0.233144	-0.384033	-0.059814	-0.588379	-16.837097	39.357872	9.819580
09738		-6.186268	-2.797470	6.978170	0.263585	0.182631	0.288832	-0.381836	-0.046143	-0.586426	-16.576723	39.503518	9.990054
09739		-6.424257	-2.718555	7.071009	0.322575	0.142865	0.359832	-0.385010	-0.062988	-0.588623	-16.244333	39.638339	10.220459
09740		-6.579019	-2.612207	7.092173	0.346076	0.077989	0.374069	-0.385986	-0.061035	-0.586182	-15.881634	39.738394	10.476227
09741		-6.583072	-2.072863	7.192228	0.346565	0.017130	0.375496	-0.383545	-0.066162	-0.586426	-15.509702	39.804076	10.746029
09742		-6.413236	-1.911501	7.242884	0.344306	-0.018374	0.373550	-0.383301	-0.057861	-0.599121	-15.134223	39.848249	11.022596
09743		-6.204934	-1.796066	7.313750	0.322719	-0.024363	0.357475	-0.373047	-0.063721	-0.596436	-14.777875	39.885628	11.288855
09744		-6.023912	-1.920005	7.512400	0.305773	-0.009141	0.358095	-0.380371	-0.059570	-0.598633	-14.431794	39.930026	11.553541
09745		-6.062502	-1.735731	7.523368	0.284712	0.017539	0.347269	-0.378174	-0.071533	-0.593994	-14.105998	39.986761	11.805613
09746		-5.991042	-1.946403	7.517488	0.265775	0.058635	0.352555	-0.384766	-0.068359	-0.595703	-13.792153	40.065755	12.055156
09747		-5.909077	-1.807558	7.592984	0.243869	0.109406	0.360185	-0.371582	-0.071777	-0.593750	-13.492712	40.173243	12.301791
09748		-6.050537	-1.811422	7.564600	0.217240	0.170555	0.358635	-0.371094	-0.075928	-0.605469	-13.214417	40.313443	12.538231
09749		-5.976797	-1.740303	7.666339	0.188835	0.248516	0.367449	-0.366699	-0.071777	-0.594727	-12.955914	40.497635	12.768895
09750		-6.079261	-1.884926	7.679426	0.162061	0.326102	0.375606	-0.366699	-0.080078	-0.598877	-12.715000	40.725251	12.994703
09751		-5.985387	-1.991027	7.607458	0.142347	0.406188	0.390289	-0.359131	-0.080078	-0.602051	-12.485359	40.998928	13.219822
09752		-6.177914	-1.794666	7.822905	0.114344	0.496140	0.406295	-0.352539	-0.080322	-0.592773	-12.270564	41.324099	13.444994
09753		-6.444039	-1.796400	7.670997	0.083014	0.583828	0.426197	-0.344971	-0.084473	-0.604492	-12.070901	41.700276	13.673274
09754		-6.439434	-1.617654	7.644592	0.062657	0.678468	0.425535	-0.346436	-0.076904	-0.614258	-11.889507	42.128741	13.889462
09755		-6.388641	-1.770720	7.672776	0.064889	0.790443	0.438098	-0.339355	-0.080811	-0.596680	-11.709353	42.621048	14.100403
09756		-6.346390	-1.638312	7.754427	0.078505	0.907808	0.446196	-0.328125	-0.086670	-0.595703	-11.525094	43.179579	14.303423
09757		-6.283510	-1.350220	7.959193	0.079039	1.033702	0.463487	-0.316162	-0.075195	-0.607666	-11.340854	43.810326	14.504124
09758		-6.266070	-0.983691	7.994980	0.034407	1.197018	0.477834	-0.307617	-0.086914	-0.607666	-11.186406	44.533983	14.695934
09759		-5.808523	-1.018720	8.220093	0.012957	1.438383	0.465047	-0.292725	-0.080566	-0.608887	-11.073206	45.391551	14.844422
09760		-6.273337	-0.628613	8.075446	-0.026061	1.665182	0.431591	-0.281250	-0.079346	-0.607666	-11.022196	46.372874	14.934773
09761		-6.181782	-1.034980	8.038319	-0.060028	1.921338	0.439481	-0.257813	-0.076904	-0.610352	-11.013415	47.498933	14.992640
09762		-6.080991	-0.512682	8.263098	-0.059695	2.206837	0.397160	-0.242676	-0.075928	-0.606201	-11.064105	48.781072	14.969061
09763		-6.194674	-0.884000	7.939760	-0.078279	2.502597	0.363630	-0.212646	-0.078125	-0.602539	-11.189399	50.225458	14.862035
09764		-6.090781	-1.009885	7.807357	-0.096438	2.761430	0.360749	-0.188721	-0.066895	-0.600830	-11.371820	51.815059	14.697086
09765		-6.063499	-1.193625	7.813728	-0.105168	3.008641	0.275108	-0.173096	-0.078369	-0.596191	-11.676493	53.532741	14.388501
09766		-6.170021	-0.626797	7.761505	-0.073619	3.297608	0.341096	-0.146729	-0.077393	-0.594482	-11.988073	55.419646	14.056220
09767		-6.127893	-0.661131	7.835110	-0.056110	3.587522	0.428002	-0.109375	-0.076416	-0.588379	-12.305530	57.477686	13.712661
09768		-5.894400	-1.398127	8.318849	0.004767	3.903363	0.547407	-0.083984	-0.071045	-0.587158	-12.584567	59.726811	13.381360
09769		-6.041222	-1.456530	8.204955	0.012586	4.401189	0.686613	-0.049316	-0.076172	-0.580566	-12.881361	62.269933	13.032570
09770		-6.687237	-2.346687	8.033868	-0.068001	4.984904	0.810298	0.000000	-0.078857	-0.557373	-13.307577	65.154657	12.599595
09771		-8.285859	-3.177889	8.027506	-0.165476	5.485709	0.902950	0.041748	-0.072754	-0.553711	-13.947551	68.327631	12.005185
09772		-8.709297	-3.470962	7.724382	-0.346206	5.840153	1.068151	0.093262	-0.082764	-0.531738	-14.789805	71.718771	11.319288
09773		-10.957756	-3.775051	6.785738	-0.449481	6.072202	1.361057	0.134277	-0.083252	-0.508545	-15.571000	75.276918	10.772209
09774		-13.437365	-2.908127	5.972618	-0.543738	6.199065	1.618882	0.189697	-0.075928	-0.474854	-16.220302	78.944765	10.424899
09775		-16.344411	-2.736603	5.698716	-0.685295	6.211381	1.796818	0.227539	-0.081787	-0.449219	-16.729542	82.645460	10.305694
09776		-16.676633	-2.005053	6.089818	-0.703170	6.114743	1.995880	0.277344	-0.087158	-0.412842	-15.935260	86.327171	11.506866
09777		-16.413122	-2.466363	5.837885	-0.743326	5.926253	1.979281	0.317871	-0.101318	-0.387695	39.491072	89.821443	67.362629
09778		-14.460760	-2.210781	5.826377	-0.828648	5.804113	1.828882	0.357178	-0.100098	-0.343994	159.692049	86.609905	-171.957999
09779		-13.703998	-1.014116	6.126757	-1.148935	5.644007	1.616989	0.388428	-0.095947	-0.308838	161.321061	83.256260	-169.663955
09780		-10.627954	-0.030592	5.383529	-1.598528	5.480847	1.419636	0.425049	-0.105713	-0.263428	161.877166	80.021586	-168.177582
09781		-8.435815	-0.384022	4.915288	-2.138247	5.308786	1.217177	0.454102	-0.104980	-0.222168	162.009931	76.918505	-166.793469
09782		-5.335265	-0.068281	3.852961	-2.641743	5.160929	1.107325	0.472656	-0.094971	-0.183838	161.706112	73.912940	-165.544583
09783		-4.253799	0.416287	3.717928	-3.154055	5.235096	1.072542	0.494385	-0.098145	-0.130371	161.072164	70.879650	-164.315398
09784		-7.285713	1.466922	5.717110	-3.701892	5.268659	1.010549	0.516602	-0.096924	-0.086182	160.153428	67.841890	-163.031714
09785		-23.517750	-3.751390	11.691659	-4.107902	4.312295	0.561820	0.533203	-0.083984	-0.044678	159.086682	65.419494	-161.631486
09786		-18.946131	-7.762980	11.436091	-4.012672	2.128264	0.089770	0.533936	-0.069092	-0.018066	157.636937	64.268959	-160.694286
09787		-16.328291	-10.620002	10.924359	-3.421949	0.265623	-0.367684	0.540527	-0.063232	-0.008545	156.196973	64.218683	-160.118261
09788		-14.148449	-12.818969	9.691276	-2.291553	-1.501538	-0.798476	0.522461	-0.039551	-0.018799	155.007272	65.192828	-159.983088
09789		-11.311888	-12.377770	7.982116	-0.901452	-2.823355	-1.131274	0.522461	-0.032959	-0.039307	154.244281	66.940605	-160.255164
09790		-9.451881	-10.091798	6.780340	0.368482	-3.749536	-1.392326	0.501953	-0.030273	-0.072754	153.895949	69.223122	-160.859279
09791		-8.571866	-7.702707	5.909658	1.291687	-4.439988	-1.611409	0.482422	-0.007568	-0.109131	153.802320	71.923092	-161.745846
09792		-7.841124	-5.478052	5.138682	1.868302	-4.976824	-1.772412	0.454102	0.005127	-0.157227	153.683128	74.931353	-162.988010
09793		-7.267500	-3.211505	4.621398	2.108536	-5.368492	-1.851458	0.419189	0.014893	-0.201416	153.086868	78.167172	-164.845342
09794		-6.892595	-1.077622	4.336250	2.012979	-5.633219	-1.906301	0.385010	0.015137	-0.250977	151.188152	81.533701	-167.946009
09795		-6.514447	0.612374	3.990984	1.646378	-5.776020	-2.004790	0.344238	0.024658	-0.286621	145.743910	84.970999	-174.377652
09796		-6.002685	2.072543	3.696387	1.079446	-5.770201	-2.129310	0.307129	0.035400	-0.324219	118.827057	88.190813	158.048990
09797		-6.056261	2.809250	3.466316	0.387352	-5.622268	-2.297128	0.255859	0.056641	-0.359619	6.531937	87.628417	45.495290
09798		-6.137804	2.109978	3.212084	-0.231221	-5.392526	-2.437978	0.218506	0.076660	-0.378418	-11.736909	84.435592	27.321970
09799		-6.452006	0.342589	3.093508	-0.555080	-5.144160	-2.494237	0.170410	0.092285	-0.391846	-17.192915	81.209861	22.143731
09800		-6.928206	-1.780431	3.353402	-0.486431	-4.929406	-2.455470	0.134521	0.105713	-0.416016	-19.844905	78.082183	19.731048
09801		-7.703112	-3.246297	3.809997	-0.106906	-4.811374	-2.348805	0.077881	0.124756	-0.427002	-21.133483	75.017101	18.467707
09802		-8.230126	-3.825834	4.222229	0.404437	-4.739723	-2.242843	0.038574	0.143066	-0.449463	-21.590740	72.017979	17.748269
09803		-8.756999	-3.553493	4.758952	0.868223	-4.672302	-2.165066	-0.006348	0.149902	-0.461914	-21.564615	69.060642	17.246596
09804		-9.240181	-2.676515	5.503879	1.139228	-4.589039	-2.148872	-0.063477	0.157715	-0.476074	-21.349289	66.161281	16.772369
09805		-9.899150	-2.014578	6.291079	1.183683	-4.494224	-2.219422	-0.109375	0.166504	-0.489746	-21.196459	63.288465	16.189595
09806		-10.577584	-2.098987	6.990841	1.100403	-4.406106	-2.342346	-0.167480	0.172607	-0.503906	-21.191818	60.447581	15.478764
09807		-11.415383	-2.717858	7.633324	1.022170	-4.342585	-2.464446	-0.217529	0.175293	-0.498535	-21.291831	57.604853	14.677252
09808		-12.024569	-3.604983	8.058577	1.030947	-4.308128	-2.553748	-0.272217	0.186035	-0.501465	-21.388704	54.771316	13.848544
09809		-12.588042	-4.228848	8.383323	1.113523	-4.277642	-2.591743	-0.335205	0.189697	-0.493652	-21.402634	51.935463	13.033995
09810		-13.248393	-4.591280	8.763826	1.219960	-4.263447	-2.583853	-0.379639	0.170410	-0.479980	-21.292943	49.119447	12.269243
09811		-13.894640	-4.840353	9.194174	1.304227	-4.266990	-2.522069	-0.434814	0.168701	-0.457764	-21.052027	46.305673	11.582491
09812		-14.661599	-5.099156	9.667198	1.331374	-4.286954	-2.415471	-0.485107	0.161865	-0.442383	-20.701174	43.515573	10.997402
09813		-15.625664	-5.421390	9.963481	1.280859	-4.359609	-2.275263	-0.529785	0.148682	-0.433350	-20.276930	40.707488	10.533099
09814		-16.473246	-6.128904	9.750104	1.147708	-4.462004	-2.088523	-0.561768	0.140381	-0.396973	-19.818195	37.893689	10.217333
09815		-17.689125	-6.687668	9.063181	0.958584	-4.578083	-1.868033	-0.614258	0.132080	-0.381836	-19.360978	35.052033	10.059880
09816		-18.450360	-6.267715	7.754200	0.659539	-4.686892	-1.658019	-0.658203	0.110107	-0.354980	-18.989839	32.201593	10.045614
09817		-18.702376	-4.373333	5.839624	0.169409	-4.697546	-1.552179	-0.688721	0.100098	-0.318359	-18.871301	29.356239	10.085276
09818		-18.511020	-1.649716	3.513712	-0.556064	-4.536819	-1.585361	-0.728271	0.077148	-0.285400	-19.192975	26.600697	10.076566
09819		-18.529921	0.478377	0.735198	-1.377966	-4.174345	-1.754722	-0.761475	0.056641	-0.245605	-20.048702	24.000464	9.919884
09820		-19.183064	1.232297	-2.346808	-1.968080	-3.660878	-2.002965	-0.788330	0.042725	-0.194336	-21.314042	21.630901	9.562465
09821		-19.447192	0.070228	-5.669919	-1.994424	-3.080440	-2.143703	-0.807861	0.019043	-0.157227	-22.634797	19.526310	9.053976
09822		-20.135633	-0.957134	-8.768848	-1.340316	-2.477788	-2.018887	-0.823975	-0.008545	-0.127686	-23.571614	17.764827	8.522680
09823		-20.265854	1.174200	-11.473711	-0.399964	-1.984917	-1.628061	-0.827881	-0.031006	-0.100342	-23.920804	16.341687	8.111427
09824		-19.967081	5.309612	-13.238501	0.217116	-1.482810	-1.017817	-0.833984	-0.038818	-0.086670	-23.848007	15.326999	7.918364
09825		-19.929800	8.509615	-13.697176	0.242625	-0.928313	-0.315224	-0.844238	-0.054443	-0.080322	-23.694636	14.762749	7.972182
09826		-19.530627	8.219983	-13.075318	-0.063698	-0.297409	0.382100	-0.842773	-0.058105	-0.063232	-23.658447	14.692856	8.253854
09827		-15.852329	-0.797542	-11.815194	-0.071202	0.346639	0.989506	-0.838135	-0.052734	-0.063477	-23.580915	15.099148	8.712265
09828		-11.017400	-1.036925	-6.374418	1.351819	1.759126	1.990135	-0.838379	-0.048096	-0.062500	-22.619554	16.471834	9.394853
09829		-1.669920	-1.612636	14.509566	1.030945	2.122133	1.681508	-0.833252	-0.027100	-0.070068	-21.894164	17.960363	9.849389
09830		0.203636	-16.560728	25.820213	0.580716	1.408637	0.569681	-0.833008	-0.028076	-0.068115	-21.557733	18.829077	9.857699
09831		8.808284	-13.389664	13.419201	0.985278	1.630772	0.258109	-0.833252	-0.033447	-0.067871	-21.062715	19.751059	9.646999
09832		2.481084	-2.157600	2.286482	1.007917	3.011462	-0.134077	-0.823486	-0.037354	-0.077881	-20.740411	21.333651	8.916643
09833		-6.068470	2.622455	4.149908	0.912825	4.226681	-0.301305	-0.821777	-0.040039	-0.086670	-20.636367	23.535255	7.819203
09834		-15.916351	7.957645	13.440849	0.380163	4.118129	-0.273144	-0.820557	-0.042969	-0.105713	-20.865909	25.684397	6.742506
09835		-11.875947	9.854788	15.150366	-0.182650	3.362813	0.250616	-0.816406	-0.041016	-0.105957	-21.248306	27.531677	6.121441
09836		-9.625453	6.695256	13.062990	-0.720086	2.934664	1.047301	-0.808350	-0.033203	-0.112061	-21.688824	29.314186	6.060559
09837		-12.480240	-7.488996	9.546740	-0.664510	2.551832	1.425008	-0.805176	-0.041504	-0.117676	-21.941494	30.973014	6.312947
09838		-8.613545	-17.947604	2.412763	0.054803	2.290239	1.279145	-0.790527	-0.021484	-0.122070	-21.788548	32.461920	6.542072
09839		-8.981355	-12.598014	3.129498	0.917390	2.581341	1.537186	-0.793457	-0.021484	-0.130127	-21.076513	34.158791	6.880150
09840		-15.943650	-1.773036	10.425883	1.184560	1.794506	1.617526	-0.782227	-0.015137	-0.134521	-20.042157	35.445015	7.501306
09841		-12.474087	-2.355169	7.743711	1.165398	0.787485	1.520187	-0.777100	-0.009033	-0.140625	-18.888043	36.159336	8.332012
09842		-10.394355	-6.237472	6.478640	1.386027	0.476997	1.249667	-0.777832	-0.005859	-0.135742	-17.652266	36.641260	9.074394
09843		-9.906143	0.386552	10.025785	1.364425	0.207018	1.131554	-0.779053	-0.006104	-0.145996	-16.430564	36.943581	9.808439
09844		-11.234596	2.282323	9.872945	0.866266	-0.283226	0.829752	-0.776855	-0.010498	-0.137695	-15.553612	36.916364	10.440118
09845		-7.044773	-2.291234	7.488061	0.715375	-0.333429	0.649289	-0.772217	-0.008545	-0.139648	-14.834134	36.828572	10.955144
09846		-6.066019	-1.368750	8.479829	0.688686	-0.302114	0.582693	-0.778320	-0.001953	-0.140625	-14.162023	36.742284	11.416793
09847		-6.000725	-1.237886	8.216722	0.607187	-0.221984	0.520950	-0.775146	-0.000977	-0.137451	-13.572512	36.689376	11.819947
09848		-6.020981	-1.896918	7.913272	0.553045	-0.167276	0.462928	-0.773682	-0.004150	-0.136719	-13.043617	36.654814	12.173152
09849		-6.108175	-1.335691	8.124896	0.492259	-0.109381	0.412435	-0.771973	-0.002930	-0.147705	-12.577009	36.645074	12.481289
09850		-6.436356	-0.768688	8.074402	0.409763	-0.059683	0.341350	-0.780762	-0.007080	-0.136475	-12.191290	36.651221	12.732363
09851		-6.307073	-0.738867	8.132301	0.319490	-0.016471	0.274009	-0.771240	-0.001709	-0.138672	-11.889625	36.673692	12.929859
09852		-6.033622	-0.952652	8.158893	0.245119	0.032947	0.233970	-0.774170	0.000488	-0.144775	-11.650897	36.717088	13.092536
09853		-6.076399	-1.121613	8.057108	0.186864	0.085513	0.204374	-0.778320	0.006348	-0.146729	-11.462539	36.787482	13.227149
09854		-6.081368	-1.119529	7.964340	0.139713	0.117003	0.166223	-0.774902	-0.004150	-0.143311	-11.319138	36.869559	13.331042
09855		-6.094612	-1.322903	7.865730	0.099011	0.143709	0.138504	-0.776611	0.005127	-0.145264	-11.213012	36.964736	13.411977
09856		-6.033621	-1.212932	7.871559	0.067093	0.156232	0.113860	-0.769531	-0.001221	-0.141113	-11.136039	37.062734	13.474194
09857		-6.082532	-1.181133	7.854520	0.026808	0.165476	0.080146	-0.772461	0.004150	-0.145020	-11.097361	37.163537	13.511509
09858		-5.993736	-1.443795	7.764279	-0.002209	0.174289	0.062111	-0.766357	0.002686	-0.148438	-11.083320	37.265912	13.535038
09859		-5.882245	-1.803216	7.605217	0.000560	0.178651	0.066606	-0.766846	-0.005371	-0.142090	-11.066341	37.372612	13.561165
09860		-5.903212	-1.896143	7.572294	0.013975	0.176405	0.083536	-0.767822	0.002197	-0.145996	-11.033822	37.478515	13.599729
09861		-5.981456	-1.866818	7.458284	0.035430	0.158727	0.099013	-0.767090	0.004150	-0.155762	-10.981012	37.577524	13.651790
09862		-6.153846	-1.754766	7.392503	0.052090	0.134105	0.106444	-0.772461	-0.001465	-0.143555	-10.912865	37.662070	13.712774
09863		-6.165593	-1.701366	7.361915	0.068210	0.098446	0.111903	-0.767334	0.002686	-0.157227	-10.830300	37.728467	13.782620
09864		-6.118217	-1.439280	7.446374	0.077553	0.051539	0.099149	-0.771240	0.002197	-0.154297	-10.743533	37.765625	13.850013
09865		-6.056216	-1.105143	7.608884	0.066638	0.037060	0.080338	-0.769775	0.000244	-0.150146	-10.670316	37.793962	13.905952
09866		-5.928176	-1.121474	7.704148	0.048391	0.043055	0.055948	-0.769287	0.004150	-0.142578	-10.618274	37.821638	13.943862
09867		-5.906047	-1.339175	7.707266	0.013247	0.054935	0.013560	-0.764648	-0.001953	-0.145508	-10.606178	37.852920	13.949920
09868		-5.850074	-1.274825	7.759530	0.010105	0.070725	0.024821	-0.774902	0.002441	-0.152344	-10.591903	37.892876	13.961990
09869		-5.936054	-1.363722	7.698774	0.009894	0.081641	0.032474	-0.762207	-0.001465	-0.149658	-10.575580	37.941170	13.978024
09870		-6.087899	-1.411135	7.662189	0.005500	0.091741	0.035359	-0.767822	-0.002686	-0.150391	-10.560993	37.994065	13.994864
09871		-6.044744	-1.602648	7.562713	0.015208	0.092446	0.055059	-0.768555	-0.001953	-0.145264	-10.532497	38.050799	14.025672
09872		-5.971271	-1.732226	7.564848	0.029026	0.104502	0.073151	-0.769531	0.003418	-0.146729	-10.488708	38.114818	14.067960
09873		-5.957414	-1.720723	7.613698	0.039405	0.115107	0.084532	-0.767090	0.009521	-0.157959	-10.435030	38.187345	14.117028
09874		-5.945216	-1.686812	7.649643	0.047637	0.130658	0.093847	-0.762695	0.004150	-0.141602	-10.373292	38.268184	14.170953
09875		-5.935104	-1.609719	7.660113	0.052345	0.146581	0.103021	-0.765869	0.003906	-0.147461	-10.306255	38.360254	14.229458
09876		-5.960423	-1.571776	7.697691	0.060366	0.172256	0.123732	-0.763428	0.007813	-0.148682	-10.226854	38.467495	14.299851
09877		-5.918942	-1.577760	7.751401	0.060703	0.197491	0.139511	-0.760986	-0.006104	-0.146240	-10.142290	38.591827	14.378542
09878		-6.087993	-1.382831	7.712813	0.067304	0.234842	0.157733	-0.761230	0.001465	-0.150391	-10.047946	38.737622	14.466105
09879		-6.159614	-1.294251	7.680838	0.050206	0.271436	0.156001	-0.751953	0.001953	-0.153320	-9.967020	38.905106	14.548089
09880		-6.141956	-1.206150	7.694794	0.038146	0.302329	0.155166	-0.764648	0.002930	-0.152588	-9.894964	39.088539	14.626154
09881		-6.103428	-1.341625	7.714077	0.025464	0.336152	0.152085	-0.756836	0.016357	-0.160889	-9.834161	39.291999	14.698060
09882		-6.052764	-1.466376	7.702850	0.019670	0.371059	0.162961	-0.749023	0.008789	-0.156250	-9.773533	39.514861	14.774123
09883		-6.082048	-1.458788	7.721248	0.006896	0.413219	0.171703	-0.747803	0.007568	-0.155273	-9.719310	39.763602	14.851706
09884		-6.211690	-1.423092	7.590401	-0.003080	0.454732	0.186320	-0.750488	0.010254	-0.159424	-9.666215	40.035860	14.935555
09885		-6.314544	-1.326829	7.558438	-0.007197	0.490564	0.196244	-0.753662	0.014648	-0.157227	-9.613285	40.330508	15.022779
09886		-6.341778	-1.387854	7.546910	-0.021248	0.536096	0.211743	-0.745361	0.005859	-0.162109	-9.563405	40.651042	15.116689
09887		-6.431294	-1.467488	7.449304	-0.015181	0.574933	0.219715	-0.734375	0.010742	-0.164063	-9.508770	40.995454	15.212385
09888		-6.387534	-1.595932	7.365178	-0.006625	0.616446	0.265982	-0.740967	0.015381	-0.165527	-9.428231	41.366359	15.338834
09889		-6.505248	-1.967969	7.534883	-0.047320	0.645859	0.155368	-0.735352	0.012207	-0.168213	-9.427974	41.744671	15.378945
09890		-6.177984	-1.647329	7.416836	0.005382	0.720493	0.280667	-0.735107	0.022217	-0.169434	-9.339024	42.175624	15.505761
09891		-6.364629	-2.039747	7.621248	0.046404	0.798733	0.309848	-0.732666	0.018066	-0.168701	-9.216509	42.654533	15.646893
09892		-6.141444	-1.404624	7.671493	0.058501	0.875613	0.359530	-0.722900	0.016846	-0.174805	-9.064177	43.180008	15.819795
09893		-6.284104	-1.388109	7.826896	0.077247	0.986841	0.407991	-0.716797	0.012695	-0.169678	-8.881300	43.773520	16.020210
09894		-6.079656	-0.406745	8.067071	0.032517	1.151382	0.374145	-0.714600	0.015381	-0.171631	-8.751402	44.455692	16.178508
09895		-6.262768	-0.504267	8.106248	0.019511	1.356821	0.395919	-0.714844	0.019043	-0.180176	-8.630525	45.256884	16.332960
09896		-6.342019	-0.409486	8.092088	-0.036909	1.549529	0.414203	-0.705078	0.016602	-0.192139	-8.542933	46.167586	16.483356
09897		-6.340330	-0.387818	8.062604	-0.054972	1.758265	0.370295	-0.692383	0.006348	-0.192871	-8.506551	47.193627	16.575525
09898		-6.133453	-0.110127	8.227250	-0.089102	2.008010	0.344526	-0.685547	0.016846	-0.199951	-8.525945	48.358081	16.616823
09899		-6.191146	-0.472285	8.312234	-0.105410	2.290447	0.308679	-0.672607	0.024658	-0.196777	-8.605913	49.680264	16.589717
09900		-5.829567	-1.041739	8.012913	-0.118359	2.572566	0.144928	-0.662598	0.009766	-0.202393	-8.840218	51.147194	16.372310
09901		-5.825400	-0.863888	8.023388	-0.079750	2.919737	0.334455	-0.640869	0.006836	-0.219727	-8.970461	52.827523	16.263815
09902		-5.831321	-0.799261	8.013738	-0.098363	3.241211	0.457209	-0.625977	0.013672	-0.227539	-9.065920	54.700134	16.214017
09903		-6.105799	-0.661942	8.065142	-0.046617	3.585852	0.555810	-0.605957	0.007324	-0.230713	-9.102011	56.776865	16.201470
09904		-5.840155	-0.730022	8.323874	0.022524	3.927672	0.644365	-0.592285	0.013916	-0.243896	-9.068646	59.054750	16.224342
09905		-5.337310	-0.692122	8.998117	0.017869	4.315973	0.770516	-0.572998	0.007813	-0.246582	-8.967399	61.563589	16.327862
09906		-5.832740	-1.231764	8.231590	-0.046888	4.840594	0.876488	-0.544434	0.003906	-0.262207	-8.857157	64.378785	16.480531
09907		-8.497200	-2.131184	8.688262	-0.249733	5.668970	0.853233	-0.506104	0.005371	-0.256836	-9.043058	67.660234	16.432508
09908		-7.516244	-2.787685	8.153358	-0.411649	6.075569	1.026525	-0.488770	0.000488	-0.266113	-9.192543	71.187927	16.523654
09909		-10.725139	-4.467971	7.020228	-0.462360	6.406293	1.345459	-0.444824	0.012451	-0.263916	-8.835524	74.930358	17.172352
09910		-13.937421	-3.794613	6.326597	-0.466000	6.523580	1.635622	-0.399170	-0.003174	-0.258545	-7.373317	78.760709	18.946154
09911		-16.495745	-3.220154	5.908018	-0.558944	6.547890	1.891207	-0.368408	-0.013672	-0.245117	-3.211323	82.595181	23.484736
09912		-17.974934	-2.601786	6.127134	-0.506208	6.461665	2.172104	-0.319336	-0.009277	-0.244629	12.215688	86.219359	39.267246
09913		-17.054247	-2.693836	6.850397	-0.542772	6.325781	2.234481	-0.273682	-0.024658	-0.229492	87.672122	87.928200	115.099855
09914		-15.470967	-2.576641	6.587205	-0.683157	6.212222	2.111942	-0.231445	-0.039551	-0.210205	136.328609	85.227667	164.212069
09915		-14.074104	-1.223631	6.544790	-0.992346	6.056254	1.892663	-0.193848	-0.037109	-0.184082	147.167884	81.817712	175.686515
09916		-11.038117	-0.063463	6.200427	-1.501844	5.922308	1.629702	-0.153076	-0.060059	-0.170166	151.598394	78.419622	-178.946101
09917		-9.172469	0.351644	6.194910	-2.188612	5.641489	1.368427	-0.126221	-0.065918	-0.134033	153.695613	75.191934	-175.506575
09918		-6.309197	0.620953	5.295024	-2.961694	5.464794	1.173116	-0.082031	-0.076416	-0.107910	154.579813	72.082129	-172.818182
09919		-5.675536	1.881634	6.639829	-3.636260	5.329562	1.112704	-0.059814	-0.082520	-0.077393	154.571679	69.055800	-170.619408
09920		-21.337750	1.390916	10.734124	-4.389761	4.591232	0.893933	-0.038818	-0.091553	-0.041748	153.726632	66.466643	-168.816242
09921		-23.506180	-5.351569	14.200857	-4.608314	2.122778	0.422354	-0.014404	-0.093994	-0.014160	151.840285	65.281090	-167.991628
09922		-16.879155	-8.441284	12.391385	-4.357145	-0.072367	0.040115	-0.000732	-0.108887	0.012939	149.249163	65.307277	-168.097011
09923		-13.514429	-11.388536	10.920157	-3.445535	-1.822547	-0.311038	0.012451	-0.119385	0.023682	146.364846	66.294387	-169.096612
09924		-10.101563	-11.917861	8.864498	-2.129377	-2.968568	-0.643759	0.023193	-0.127197	0.029541	143.539541	67.899825	-170.840127
09925		-8.070975	-10.317078	7.447259	-0.817387	-3.650273	-0.976777	0.029785	-0.138184	0.026367	140.885849	69.905878	-173.184040
09926		-7.092685	-8.021912	6.576385	0.161600	-4.127136	-1.275419	0.046631	-0.158447	0.019775	138.114360	72.180015	-176.212850
09927		-6.145386	-5.827834	6.045437	0.773889	-4.489848	-1.575008	0.045410	-0.167236	0.010010	134.781698	74.678352	179.846521
09928		-5.100222	-4.064034	5.479879	1.079713	-4.790721	-1.829316	0.052734	-0.174072	-0.007568	130.097909	77.307243	174.382036
09929		-4.053238	-2.212269	4.705093	1.139234	-4.947772	-2.057943	0.051758	-0.178711	-0.026123	122.855764	79.957579	166.330029
09930		-3.317905	-0.754258	4.124992	0.990119	-4.928279	-2.244232	0.058594	-0.174072	-0.054199	110.890291	82.394840	153.649988
09931		-3.718759	0.549805	4.097029	0.681277	-4.742847	-2.447876	0.051270	-0.177734	-0.066406	90.356971	84.312784	132.589290
09932		-5.227432	1.301874	4.226921	0.255450	-4.573261	-2.701395	0.045166	-0.162354	-0.083740	58.234432	85.122402	100.189615
09933		-6.161457	0.738192	4.434666	-0.123681	-4.489251	-2.935473	0.040283	-0.168945	-0.099854	25.544597	84.289724	67.437871
09934		-6.976954	-0.799229	4.608323	-0.256727	-4.456682	-3.052329	0.034424	-0.151611	-0.112793	5.258260	82.257248	47.164002
09935		-7.919611	-2.164907	5.031992	-0.112596	-4.493889	-3.027400	0.022705	-0.139160	-0.134033	-5.683732	79.650523	36.151793
09936		-8.545906	-2.659940	5.348295	0.218212	-4.579944	-2.924238	0.010742	-0.133057	-0.159668	-11.601979	76.797751	29.979623
09937		-9.112405	-2.413040	5.587259	0.549904	-4.696600	-2.784121	-0.006836	-0.130371	-0.177246	-14.861160	73.797069	26.284174
09938		-9.496876	-1.585232	5.778676	0.759950	-4.807576	-2.670224	-0.023682	-0.119873	-0.194580	-16.677874	70.727578	23.919268
09939		-9.399281	-0.893280	5.946130	0.806147	-4.842901	-2.604798	-0.043945	-0.112549	-0.208252	-17.799903	67.619926	22.223664
09940		-9.514701	-0.814449	6.188801	0.747400	-4.777143	-2.557682	-0.072998	-0.116455	-0.218506	-18.576543	64.559896	20.904879
09941		-10.022174	-1.310215	6.770029	0.698060	-4.659543	-2.524138	-0.084229	-0.111816	-0.235352	-19.167066	61.550645	19.792511
09942		-11.010475	-2.113922	7.466707	0.697895	-4.561246	-2.521161	-0.111572	-0.111572	-0.247803	-19.620046	58.603766	18.807482
09943		-12.027398	-2.762492	8.172712	0.739019	-4.488903	-2.548666	-0.133301	-0.110596	-0.260498	-19.971817	55.673894	17.883113
09944		-13.024880	-3.480289	8.812117	0.859269	-4.469006	-2.565213	-0.150635	-0.119629	-0.263916	-20.169959	52.762421	17.030816
09945		-13.732992	-3.877563	9.209035	1.008617	-4.477433	-2.563730	-0.173828	-0.125977	-0.268799	-20.204393	49.832351	16.244407
09946		-14.175463	-4.063128	9.587405	1.141661	-4.489956	-2.525181	-0.196533	-0.136475	-0.285156	-20.077134	46.916932	15.538174
09947		-14.648150	-4.093911	9.993310	1.202275	-4.481881	-2.437533	-0.213135	-0.143555	-0.297119	-19.828552	44.011303	14.918458
09948		-15.307360	-4.259221	10.334432	1.167689	-4.475567	-2.292674	-0.235107	-0.160156	-0.302246	-19.499076	41.152506	14.414988
09949		-16.125506	-4.518619	10.577344	1.044255	-4.488010	-2.095647	-0.258301	-0.164795	-0.312256	-19.132576	38.313690	14.050038
09950		-17.219804	-5.209833	10.388089	0.836178	-4.537325	-1.817180	-0.282471	-0.179199	-0.320557	-18.755593	35.514765	13.878128
09951		-18.383823	-5.685081	9.328105	0.537549	-4.639333	-1.501946	-0.301270	-0.186279	-0.329590	-18.423600	32.706606	13.918678
09952		-19.070454	-5.028412	7.294549	0.118085	-4.714263	-1.243649	-0.335205	-0.187744	-0.327393	-18.247388	29.916433	14.125402
09953		-18.910690	-2.369294	4.757577	-0.508084	-4.621190	-1.145214	-0.357422	-0.197266	-0.332764	-18.422568	27.183430	14.366540
09954		-18.565213	0.870489	1.794184	-1.374116	-4.316815	-1.267332	-0.376221	-0.192871	-0.335205	-19.154314	24.605978	14.491580
09955		-18.749223	2.313417	-1.746934	-2.187496	-3.820808	-1.516683	-0.408447	-0.189209	-0.331299	-20.439470	22.240363	14.410752
09956		-19.243123	1.263422	-5.531269	-2.451579	-3.200712	-1.726269	-0.426025	-0.179199	-0.328125	-21.942489	20.171108	14.136305
09957		-20.490273	-0.628383	-8.966243	-1.909569	-2.556160	-1.731541	-0.442139	-0.176758	-0.326416	-23.159576	18.428699	13.763180
09958		-21.698541	0.187441	-12.262585	-0.849948	-1.990690	-1.504277	-0.456299	-0.175049	-0.334473	-23.752060	17.037531	13.413383
09959		-22.154504	4.336007	-14.909338	0.064677	-1.467807	-1.156024	-0.461426	-0.177246	-0.328369	-23.793514	15.994070	13.137450
09960		-22.033107	7.888254	-16.266498	0.438425	-0.853333	-0.713210	-0.470947	-0.186279	-0.337891	-23.590175	15.380401	12.956457
09961		-22.173301	8.790823	-15.803241	0.400816	-0.168010	-0.194545	-0.467773	-0.182861	-0.333496	-23.377441	15.243644	12.893204
09962		-20.504739	0.778924	-16.759190	0.832376	0.966363	0.501320	-0.458984	-0.193115	-0.340820	-22.885498	15.863864	12.945212
09963		-8.404655	5.892477	-9.162975	1.500236	2.300450	1.702089	-0.442139	-0.198486	-0.349121	-21.905918	17.452683	13.365314
09964		-7.742358	-1.141955	19.556148	0.846614	2.875612	0.927025	-0.424072	-0.197754	-0.353027	-21.456708	19.178073	13.247657
09965		2.404626	-16.189932	30.482005	0.675330	1.557738	0.376796	-0.400146	-0.190430	-0.364746	-21.112544	20.087324	13.120554
09966		6.207584	-6.579393	12.300990	0.882982	1.874075	0.163164	-0.398193	-0.199707	-0.364746	-20.715541	21.121797	12.807993
09967		1.427943	2.398122	1.417935	0.641745	3.569792	-0.111711	-0.372559	-0.206055	-0.373291	-20.664218	23.010488	11.966680
09968		-10.387836	6.472875	6.521723	0.269090	4.646411	-0.346757	-0.344238	-0.200684	-0.386230	-21.017039	25.426000	10.728366
09969		-16.276283	6.875538	15.479535	-0.267445	4.318757	-0.210554	-0.316650	-0.205811	-0.383545	-21.674904	27.685079	9.599270
09970		-13.776607	5.381122	15.287870	-0.620425	3.517908	0.479949	-0.293701	-0.199219	-0.393799	-22.300718	29.655200	9.033716
09971		-14.839476	-4.860872	10.119539	-0.654265	2.852855	1.103344	-0.264160	-0.195068	-0.387939	-22.696512	31.406390	8.989940
09972		-13.231789	-15.108245	2.983524	-0.300379	2.440518	0.934007	-0.250488	-0.192139	-0.396240	-22.895823	32.901016	8.936819
09973		-14.923998	-9.897884	5.814666	0.244425	2.204439	0.779894	-0.238770	-0.190674	-0.396973	-22.805088	34.238382	8.846443
09974		-14.165174	-1.633880	9.740990	0.387350	1.259670	0.810873	-0.225098	-0.197510	-0.397705	-22.475303	35.081528	9.034181
09975		-9.245572	-4.675933	6.746433	0.378475	0.754412	0.663541	-0.218262	-0.205078	-0.391357	-22.122514	35.626350	9.268390
09976		-8.504140	-4.770186	6.635213	0.547316	0.723011	0.570075	-0.217041	-0.195801	-0.395264	-21.697984	36.130704	9.455846
09977		-8.772044	-1.546769	8.486802	0.552661	0.498422	0.539751	-0.209717	-0.208740	-0.398193	-21.244041	36.510547	9.687216
09978		-7.966341	-3.037103	7.856137	0.488088	0.248190	0.465773	-0.209473	-0.208740	-0.394287	-20.813555	36.737127	9.938249
09979		-7.080103	-3.204365	7.737540	0.504385	0.176011	0.420304	-0.205078	-0.204102	-0.398682	-20.379589	36.917281	10.179554
09980		-6.572817	-1.926278	8.323998	0.451959	0.115063	0.399950	-0.209717	-0.212158	-0.404297	-19.972137	37.056233	10.424591
09981		-6.164780	-2.321833	8.122438	0.373962	0.082292	0.373543	-0.201416	-0.224121	-0.399902	-19.614742	37.174112	10.661145
09982		-6.309681	-2.944518	7.751557	0.339924	0.070606	0.368208	-0.201660	-0.219482	-0.406982	-19.275442	37.280484	10.898280
09983		-6.553731	-2.780202	7.748222	0.328248	0.053342	0.367290	-0.200928	-0.218506	-0.404297	-18.940471	37.379243	11.139821
09984		-6.364107	-2.069003	7.781214	0.290302	0.041497	0.343139	-0.199463	-0.227051	-0.402344	-18.633962	37.463024	11.368731
09985		-6.320938	-1.881088	7.807825	0.236710	0.050412	0.297630	-0.196777	-0.218994	-0.398926	-18.378323	37.545524	11.565090
09986		-6.312127	-1.997805	7.645602	0.195241	0.073711	0.250035	-0.193848	-0.229980	-0.398438	-18.168317	37.628471	11.724222
09987		-6.198635	-2.186564	7.500826	0.172788	0.100420	0.223702	-0.198730	-0.217285	-0.403320	-17.985954	37.723916	11.859738
09988		-6.075326	-2.138397	7.473587	0.163619	0.125041	0.200142	-0.197510	-0.231934	-0.394775	-17.821082	37.825245	11.974094
09989		-5.926139	-2.101964	7.541433	0.154427	0.148772	0.180233	-0.192139	-0.224365	-0.399170	-17.673181	37.938873	12.069939
09990		-5.970527	-2.133076	7.599537	0.141583	0.178463	0.162439	-0.193359	-0.229980	-0.407471	-17.543276	38.062376	12.147428
09991		-6.113313	-2.134630	7.555531	0.124656	0.206511	0.143478	-0.196289	-0.230469	-0.407959	-17.435032	38.200867	12.206084
09992		-6.282374	-2.151173	7.423187	0.115893	0.207900	0.131797	-0.197021	-0.229492	-0.400146	-17.336200	38.334981	12.256710
09993		-6.299025	-2.235106	7.249272	0.112363	0.200363	0.143809	-0.188721	-0.230957	-0.403809	-17.233254	38.470003	12.317789
09994		-6.315188	-2.501810	7.085335	0.132815	0.167507	0.167476	-0.191895	-0.232178	-0.395752	-17.103034	38.587887	12.402948
09995		-6.382589	-2.771411	6.914566	0.178496	0.117261	0.200482	-0.191895	-0.235107	-0.405029	-16.925431	38.686680	12.522605
09996		-6.395502	-2.824144	6.914357	0.237760	0.050005	0.232719	-0.193848	-0.238281	-0.405029	-16.689833	38.750505	12.679754
09997		-6.346759	-2.666695	6.952763	0.284036	-0.009929	0.247031	-0.188965	-0.243896	-0.396973	-16.413666	38.786322	12.859987
09998		-6.290826	-2.513005	7.036000	0.322947	-0.045633	0.259376	-0.189941	-0.251465	-0.401123	-16.104391	38.800641	13.056574
09999		-6.193134	-2.239355	7.138770	0.359478	-0.074004	0.250488	-0.187012	-0.240234	-0.394531	-15.775007	38.800229	13.252678
10000		-6.267745	-1.995704	7.235981	0.384514	-0.073302	0.266305	-0.185059	-0.243164	-0.401611	-15.423804	38.798581	13.459856
10001		-6.326287	-1.906318	7.347243	0.357476	-0.080783	0.239362	-0.184570	-0.240479	-0.395020	-15.099740	38.790953	13.649309
10002		-6.305885	-1.475166	7.436881	0.327530	-0.081140	0.241560	-0.180908	-0.249756	-0.404785	-14.791354	38.779467	13.840320
10003		-6.340587	-1.516555	7.450692	0.295418	-0.073124	0.241107	-0.185059	-0.249268	-0.400391	-14.503063	38.774773	14.029432
10004		-6.359889	-1.592017	7.457812	0.245869	-0.073061	0.205705	-0.192139	-0.255859	-0.400879	-14.258540	38.761202	14.193245
10005		-6.325111	-1.775201	7.529568	0.220870	-0.073619	0.200410	-0.187988	-0.255127	-0.399902	-14.031127	38.749263	14.353350
10006		-6.331516	-1.969028	7.532986	0.190995	-0.088195	0.162566	-0.193848	-0.254395	-0.399902	-13.835823	38.720327	14.488870
10007		-5.890748	-1.750879	7.490957	0.157031	-0.086942	0.145487	-0.195313	-0.253662	-0.404785	-13.668265	38.692642	14.611899
10008		-6.081941	-1.875151	7.535485	0.163247	-0.055213	0.180187	-0.195801	-0.267822	-0.403320	-13.484839	38.683788	14.753987
10009		-6.031965	-1.926724	7.554159	0.180758	-0.036605	0.179602	-0.197021	-0.261475	-0.395020	-13.294000	38.688056	14.892543
10010		-6.110425	-1.750382	7.588779	0.174905	-0.012616	0.190626	-0.193115	-0.266113	-0.412598	-13.103719	38.703598	15.034888
10011		-6.065148	-1.600004	7.677297	0.164953	0.027159	0.192878	-0.187256	-0.258545	-0.405762	-12.922456	38.744444	15.172485
10012		-6.056296	-1.585347	7.660094	0.143274	0.062681	0.186088	-0.195801	-0.266113	-0.409668	-12.759715	38.800778	15.299555
10013		-6.080801	-1.576783	7.685359	0.132891	0.099842	0.176967	-0.188232	-0.267578	-0.396240	-12.610772	38.879609	15.414515
10014		-5.944427	-1.631708	7.641987	0.114504	0.143962	0.185653	-0.187744	-0.270508	-0.402588	-12.472194	38.980829	15.528932
10015		-5.851626	-1.896634	7.669562	0.113775	0.185346	0.191780	-0.185791	-0.258545	-0.406738	-12.335153	39.108855	15.641841
10016		-5.914162	-1.970326	7.634919	0.114866	0.236327	0.217362	-0.175049	-0.268555	-0.400879	-12.189995	39.265213	15.765713
10017		-5.913872	-1.795375	7.598614	0.116134	0.289677	0.238835	-0.185547	-0.264893	-0.406738	-12.038974	39.456843	15.897791
10018		-5.932207	-1.883065	7.579823	0.118895	0.339295	0.260523	-0.185303	-0.271240	-0.405518	-11.879873	39.675532	16.038932
10019		-6.029531	-1.815976	7.585022	0.117604	0.390563	0.280290	-0.177246	-0.263428	-0.394531	-11.716314	39.927980	16.188068
10020		-6.181492	-1.665387	7.529673	0.110958	0.444635	0.295000	-0.173340	-0.267822	-0.399658	-11.553067	40.209147	16.341240
10021		-6.130188	-1.877906	7.577509	0.109332	0.500226	0.312243	-0.172119	-0.274414	-0.398926	-11.386480	40.526111	16.500630
10022		-6.228965	-2.040165	7.495072	0.109185	0.560130	0.334770	-0.171387	-0.270020	-0.400146	-11.212537	40.875944	16.669785
10023		-6.328280	-2.153895	7.671583	0.023007	0.612345	0.180733	-0.171387	-0.271973	-0.405273	-11.166830	41.240656	16.718267
10024		-6.118205	-2.071555	7.670021	0.081486	0.737670	0.340964	-0.156738	-0.267090	-0.401611	-11.018849	41.690530	16.869614
10025		-6.184750	-2.052857	7.706158	0.112555	0.875506	0.395294	-0.146973	-0.274170	-0.398926	-10.836584	42.226346	17.044810
10026		-6.133441	-1.808355	7.958689	0.136809	1.041945	0.439543	-0.145996	-0.275635	-0.395752	-10.629323	42.857305	17.233823
10027		-6.234688	-1.497768	8.140824	0.175348	1.221724	0.459382	-0.141113	-0.283203	-0.398926	-10.402314	43.593796	17.417676
10028		-5.707517	0.072292	8.702463	0.167687	1.467820	0.438643	-0.133545	-0.281006	-0.393555	-10.208679	44.463677	17.556489
10029		-5.793780	-0.717097	8.530670	0.020974	1.785230	0.474415	-0.115479	-0.273193	-0.398438	-10.105812	45.518447	17.683964
10030		-6.099622	-0.497236	8.536051	0.016304	2.077689	0.464952	-0.109131	-0.280762	-0.390625	-10.035996	46.734593	17.766357
10031		-5.509544	-0.217721	8.977915	-0.033950	2.419516	0.446367	-0.083008	-0.272949	-0.392090	-10.040219	48.143978	17.785915
10032		-5.514104	-0.524951	8.751920	-0.060476	2.803968	0.412951	-0.076172	-0.282715	-0.380371	-10.125874	49.764621	17.716870
10033		-5.230673	-1.029447	8.623809	-0.092923	3.170022	0.360134	-0.054199	-0.285400	-0.385986	-10.320009	51.588082	17.533548
10034		-5.009039	-0.555774	8.941661	-0.109256	3.605682	0.530226	-0.025879	-0.274170	-0.369873	-10.474564	53.672384	17.416515
10035		-5.420623	-0.503121	9.051719	-0.100818	4.067461	0.677382	-0.002441	-0.282471	-0.365234	-10.589907	56.033466	17.344866
10036		-4.996212	-1.485158	9.310027	-0.006137	4.563597	0.839226	0.032227	-0.290527	-0.354492	-10.600349	58.689550	17.335368
10037		-4.597692	-2.560180	9.726334	0.057279	5.059819	1.092082	0.062500	-0.292480	-0.340576	-10.409631	61.652411	17.516033
10038		-5.755426	-3.499721	9.598237	0.028998	5.843494	1.344059	0.087158	-0.291504	-0.324219	-10.061029	65.081545	17.886052
10039		-7.936074	-3.707396	9.442178	-0.171904	6.579519	1.523366	0.131104	-0.293457	-0.304443	-9.644687	68.942568	18.443833
10040		-9.387335	-3.407925	8.959228	-0.394022	7.019221	1.794239	0.159424	-0.310303	-0.279297	-8.783020	73.074631	19.592072
10041		-13.726866	-3.186556	7.404333	-0.662130	7.304128	2.039124	0.203613	-0.309570	-0.239258	-6.931099	77.377434	21.897076
10042		-18.278457	-3.467717	5.736839	-0.804466	7.279789	2.204066	0.238525	-0.326416	-0.211426	-2.410034	81.638733	26.959303
10043		-20.541361	-3.114513	6.313095	-0.663314	6.975534	2.454323	0.264404	-0.337891	-0.182617	13.002714	85.521361	42.840559
10044		-18.597051	-1.811187	6.471236	-0.565600	6.623461	2.467449	0.291260	-0.339600	-0.159668	76.382968	87.522900	106.630822
10045		-15.313689	-1.928243	6.418292	-0.634525	6.338886	2.341100	0.321533	-0.361328	-0.116455	128.791901	85.177117	159.485389
10046		-13.049933	-1.909775	6.507873	-0.827540	6.110001	2.089163	0.335938	-0.364502	-0.084961	142.327506	81.814650	173.578059
10047		-9.908283	-0.425915	7.345100	-1.227635	5.945227	1.785879	0.347168	-0.370117	-0.057373	147.965677	78.433414	-179.989084
10048		-6.816788	0.804496	6.838573	-1.876493	5.642947	1.523801	0.368408	-0.373047	-0.028320	150.711120	75.206526	-176.067551
10049		-3.365585	1.123990	5.271507	-2.561680	5.528144	1.359377	0.393066	-0.374756	0.009766	152.067953	72.057510	-173.125856
10050		-3.997681	3.176280	5.951232	-3.217253	5.584226	1.279418	0.400391	-0.376465	0.041016	152.575621	68.884516	-170.632941
10051		-21.857351	-0.661852	10.586262	-3.889900	5.157764	0.854366	0.409180	-0.382080	0.057617	152.571439	66.041853	-168.226143
10052		-21.026941	-6.201604	12.246146	-4.083207	3.032437	0.266828	0.418457	-0.376709	0.074219	151.692827	64.435886	-166.618503
10053		-17.751897	-10.242652	11.462403	-3.643425	0.937444	-0.196818	0.425049	-0.369629	0.073730	150.341552	64.029426	-165.802675
10054		-14.821516	-13.176853	10.530755	-2.413118	-1.025107	-0.695614	0.422852	-0.353516	0.060059	149.051918	64.738943	-165.700734
10055		-11.776758	-12.070489	9.017619	-0.901840	-2.507757	-1.105043	0.422607	-0.339600	0.034424	148.069251	66.306450	-166.214876
10056		-9.475921	-9.256803	7.887413	0.364308	-3.525795	-1.448066	0.413330	-0.335938	0.007080	147.363842	68.458729	-167.206194
10057		-8.022107	-6.698772	6.882479	1.220557	-4.245813	-1.763666	0.408447	-0.321289	-0.027344	146.768777	71.063414	-168.587985
10058		-7.459455	-4.646432	6.140972	1.701048	-4.766641	-2.016556	0.384766	-0.312500	-0.069580	145.985223	73.978817	-170.432022
10059		-6.570189	-2.782689	5.170363	1.865678	-5.191587	-2.167515	0.373535	-0.297119	-0.091553	144.405362	77.145615	-173.168722
10060		-6.022302	-1.555332	4.418344	1.799995	-5.517242	-2.234833	0.353516	-0.285400	-0.144287	140.871356	80.438720	-177.822199
10061		-5.550579	-0.677905	3.661470	1.632027	-5.746954	-2.251214	0.327637	-0.277832	-0.185791	132.172484	83.742000	172.453479
10062		-4.735425	0.883960	3.297937	1.306182	-5.759508	-2.261343	0.304199	-0.271484	-0.217773	106.089672	86.556617	145.535849
10063		-4.993937	2.056794	3.222238	0.793504	-5.602031	-2.323331	0.276367	-0.254639	-0.258057	41.349558	87.005410	80.257462
10064		-5.744515	2.190709	3.068367	0.231603	-5.386814	-2.431104	0.243652	-0.251709	-0.282715	6.422760	84.633091	45.116126
10065		-6.067424	1.151178	3.023042	-0.192673	-5.162263	-2.521639	0.214355	-0.241211	-0.316895	-5.877682	81.648700	32.841363
10066		-6.409161	-0.787487	3.176899	-0.305102	-4.964237	-2.534716	0.170654	-0.227783	-0.342529	-11.777234	78.608768	27.031737
10067		-7.132293	-2.613833	3.558931	-0.085256	-4.822654	-2.439503	0.138672	-0.228271	-0.356201	-14.972685	75.578696	23.803035
10068		-8.044953	-3.544421	4.133784	0.333177	-4.744801	-2.304600	0.102295	-0.226318	-0.372314	-16.630131	72.600671	21.880564
10069		-9.169570	-3.572623	4.912732	0.751581	-4.735015	-2.202071	0.062500	-0.226318	-0.393311	-17.402563	69.619420	20.607675
10070		-9.904616	-3.005270	5.697846	1.034139	-4.749456	-2.185543	0.026367	-0.227783	-0.413086	-17.729148	66.644938	19.616344
10071		-10.625315	-2.055686	6.562483	1.090147	-4.760266	-2.280158	-0.004395	-0.235352	-0.418457	-17.980503	63.630225	18.649472
10072		-10.986863	-1.992970	7.139175	0.990842	-4.746816	-2.432134	-0.045410	-0.239258	-0.423828	-18.307730	60.609602	17.636006
10073		-11.456922	-2.770225	7.637659	0.907744	-4.701985	-2.579782	-0.087158	-0.251465	-0.437256	-18.697353	57.567420	16.574156
10074		-12.128168	-3.671061	8.197493	0.924901	-4.634797	-2.681653	-0.114258	-0.262695	-0.450439	-19.045594	54.555507	15.514582
10075		-13.105011	-4.316871	8.773169	1.037342	-4.575741	-2.736377	-0.148926	-0.255127	-0.447998	-19.272576	51.546050	14.485029
10076		-14.107280	-4.715660	9.331599	1.189916	-4.541361	-2.754525	-0.183838	-0.265381	-0.451416	-19.337192	48.566498	13.510218
10077		-15.066241	-4.883674	9.923406	1.327850	-4.537935	-2.724561	-0.223633	-0.280273	-0.459473	-19.233591	45.578490	12.610473
10078		-16.024460	-4.845089	10.531544	1.385997	-4.548894	-2.652889	-0.248535	-0.297119	-0.453613	-18.999652	42.616042	11.803945
10079		-17.270457	-4.779949	10.992834	1.333454	-4.603587	-2.543223	-0.285400	-0.295898	-0.447998	-18.692251	39.631220	11.107099
10080		-17.860250	-5.208883	10.853900	1.197355	-4.706671	-2.369441	-0.316650	-0.306396	-0.449707	-18.340755	36.640886	10.563554
10081		-18.187424	-6.120255	9.940819	1.029227	-4.801215	-2.081692	-0.354980	-0.320313	-0.438477	-17.942811	33.638340	10.227538
10082		-18.524981	-6.429883	8.296297	0.806477	-4.864654	-1.677075	-0.372070	-0.337646	-0.427734	-17.519249	30.688760	10.152998
10083		-19.162516	-4.682260	6.203261	0.378594	-4.846164	-1.315909	-0.418457	-0.325195	-0.426758	-17.238684	27.797951	10.281053
10084		-19.621191	-0.350036	4.035400	-0.486155	-4.715091	-1.176653	-0.446777	-0.338379	-0.412598	-17.434388	25.016106	10.464973
10085		-19.581497	3.433830	1.142688	-1.768567	-4.451779	-1.308662	-0.467773	-0.321045	-0.398438	-18.414927	22.344907	10.545401
10086		-18.935306	4.030833	-3.144736	-2.880914	-3.998746	-1.573317	-0.502930	-0.303955	-0.393066	-20.100283	19.882743	10.446775
10087		-18.275882	1.659942	-7.377361	-3.147366	-3.310295	-1.723233	-0.519775	-0.288818	-0.371338	-21.983939	17.747406	10.195445
10088		-18.619233	-0.658538	-10.762666	-2.424030	-2.538801	-1.567710	-0.536377	-0.277588	-0.374756	-23.451850	16.056962	9.920256
10089		-19.733077	0.255514	-13.235770	-1.164128	-1.853031	-1.185264	-0.553223	-0.274658	-0.365479	-24.170807	14.803808	9.723342
10090		-20.354751	4.022395	-14.781155	-0.108324	-1.277473	-0.700129	-0.552979	-0.287598	-0.356445	-24.247756	13.970016	9.659115
10091		-19.099400	6.698547	-14.982845	0.356451	-0.658218	-0.112320	-0.553223	-0.274902	-0.348389	-24.019507	13.595219	9.760544
10092		-18.347823	6.946195	-13.110599	0.306349	0.055150	0.537946	-0.560059	-0.281738	-0.357666	-23.776625	13.747227	10.040980
10093		-19.229477	4.669457	-10.050126	0.028153	0.659726	1.064641	-0.560303	-0.285889	-0.344238	-23.658149	14.337509	10.463337
10094		-10.324484	-8.233357	-5.301719	0.661466	1.431580	1.405814	-0.559814	-0.283936	-0.358154	-23.167397	15.408494	10.894488
10095		-2.575654	-5.275555	9.668618	1.381433	2.277059	1.978865	-0.541260	-0.280762	-0.361816	-22.217705	17.050694	11.463108
10096		-1.388186	-9.612709	25.015853	0.966753	1.979606	0.769874	-0.540039	-0.283691	-0.366699	-21.666278	18.265721	11.451314
10097		9.788651	-16.797877	16.059165	1.038231	1.612585	0.145578	-0.520752	-0.293213	-0.367676	-21.159130	19.156848	11.180427
10098		4.830713	-2.814159	2.757406	1.312894	3.031012	-0.065247	-0.504395	-0.302002	-0.370361	-20.642241	20.763965	10.487774
10099		-2.745783	2.543191	2.992919	1.085020	4.617445	-0.306475	-0.482910	-0.311768	-0.388916	-20.462109	23.178396	9.311808
10100		-16.833455	8.135429	11.790803	0.574035	4.733876	-0.396720	-0.460205	-0.316406	-0.394775	-20.659461	25.636264	8.035862
10101		-12.594834	11.113317	14.520525	0.022720	3.987256	0.120995	-0.435791	-0.311279	-0.398682	-21.022050	27.795762	7.201721
10102		-8.914731	10.181541	13.504227	-0.527781	3.600361	1.186098	-0.419189	-0.312012	-0.406982	-21.383580	29.962849	7.077153
10103		-13.569187	-4.569589	11.571159	-0.522117	3.204364	2.082205	-0.392334	-0.305908	-0.410889	-21.413690	32.108077	7.596168
10104		-11.429551	-21.634510	3.104708	0.197275	2.632790	2.035651	-0.382324	-0.308594	-0.411621	-20.944692	33.934160	8.247302
10105		-14.616041	-16.158707	1.933784	1.203043	2.650750	1.827222	-0.365723	-0.298096	-0.417480	-19.939422	35.724079	8.799993
10106		-23.330494	1.360511	10.824510	1.580126	1.377230	1.789045	-0.362549	-0.319092	-0.411865	-18.511057	36.804686	9.682266
10107		-13.228989	0.584089	8.687066	1.179052	0.099675	1.378208	-0.364990	-0.318848	-0.417480	-17.281613	37.104283	10.604165
10108		-9.812343	-2.738876	9.072620	1.048565	0.030657	0.953939	-0.359131	-0.323486	-0.408203	-16.284068	37.276755	11.258755
10109		-8.012105	2.793361	8.694354	0.757740	-0.351239	0.677144	-0.371826	-0.336426	-0.408936	-15.522240	37.192599	11.800408
10110		-7.543159	-2.298755	7.703384	0.609410	-0.317080	0.491449	-0.370850	-0.331787	-0.413818	-14.927657	37.088994	12.205096
10111		-6.429610	-2.668514	8.143665	0.627210	-0.295811	0.450167	-0.372803	-0.337891	-0.411621	-14.344931	36.993406	12.575406
10112		-6.155222	-1.166519	8.577726	0.544780	-0.195457	0.388234	-0.367920	-0.348633	-0.410645	-13.846455	36.936648	12.883497
10113		-5.926865	-0.704595	8.493917	0.409489	-0.089088	0.313387	-0.378906	-0.343506	-0.419189	-13.468824	36.932590	13.120881
10114		-5.965420	-0.499524	8.280426	0.268166	0.035526	0.222644	-0.376465	-0.345703	-0.409180	-13.221908	36.979484	13.274228
10115		-6.399880	-0.988960	8.111508	0.149291	0.117852	0.150873	-0.365723	-0.339600	-0.410889	-13.081398	37.067976	13.364580
10116		-6.204312	-0.887540	8.249357	0.068820	0.176000	0.087593	-0.374268	-0.346924	-0.411621	-13.018772	37.175173	13.401233
10117		-6.336207	-0.651431	8.264287	-0.034954	0.248431	0.016134	-0.367676	-0.342773	-0.413818	-13.053086	37.318995	13.376485
10118		-6.391508	-1.235588	8.044594	-0.124300	0.312026	-0.056547	-0.369385	-0.348389	-0.412354	-13.175994	37.483390	13.289613
10119		-6.225859	-1.627716	7.924065	-0.165723	0.352536	-0.097498	-0.361816	-0.346924	-0.400879	-13.344962	37.670260	13.166936
10120		-6.165081	-1.334931	7.860316	-0.198950	0.396180	-0.122233	-0.365479	-0.338623	-0.413330	-13.549143	37.872395	13.017934
10121		-6.248332	-1.266361	7.806771	-0.252365	0.429860	-0.173110	-0.360352	-0.334961	-0.411133	-13.810901	38.091332	12.826218
10122		-6.100074	-1.730464	7.728044	-0.291871	0.463796	-0.209744	-0.354980	-0.337646	-0.411377	-14.116841	38.317893	12.600201
10123		-6.066608	-2.236598	7.520939	-0.295660	0.499293	-0.211440	-0.356689	-0.334961	-0.417480	-14.431789	38.568369	12.364759
10124		-6.177028	-2.397690	7.399749	-0.274975	0.513058	-0.193114	-0.347168	-0.333984	-0.419922	-14.730782	38.822718	12.136796
10125		-6.292046	-2.461978	7.191650	-0.237025	0.501453	-0.173015	-0.350586	-0.335693	-0.419922	-15.000042	39.078091	11.923308
10126		-6.340709	-2.436463	7.149809	-0.203344	0.481041	-0.148776	-0.340332	-0.339355	-0.418457	-15.238616	39.319675	11.728468
10127		-6.440384	-2.414379	7.098535	-0.165877	0.440129	-0.122984	-0.334473	-0.328613	-0.414063	-15.440915	39.547364	11.558567
10128		-6.404790	-2.456647	6.960347	-0.126359	0.401842	-0.100478	-0.343506	-0.328125	-0.419434	-15.606619	39.751561	11.410657
10129		-6.449642	-2.550936	6.879185	-0.078651	0.355036	-0.053805	-0.330566	-0.337402	-0.413818	-15.718882	39.942279	11.304878
10130		-6.454452	-2.424501	6.847452	-0.029317	0.304858	-0.013912	-0.340820	-0.326660	-0.420898	-15.778163	40.106008	11.237146
10131		-6.403544	-2.247764	6.852567	0.004969	0.266174	0.024782	-0.334473	-0.334473	-0.420654	-15.795503	40.259830	11.205087
10132		-6.400513	-2.205436	6.913373	0.034672	0.232158	0.052393	-0.335938	-0.326904	-0.412598	-15.778032	40.393776	11.199725
10133		-6.414147	-2.005870	6.958098	0.046841	0.211722	0.072509	-0.324463	-0.340820	-0.417725	-15.741912	40.525028	11.213315
10134		-6.393587	-1.901511	6.973625	0.047090	0.190518	0.077505	-0.329346	-0.333740	-0.418457	-15.699825	40.639912	11.234884
10135		-6.404946	-1.803395	7.033114	0.038571	0.185571	0.082455	-0.330566	-0.333008	-0.424316	-15.660009	40.758271	11.261334
10136		-6.452102	-1.926345	7.088721	0.026960	0.185233	0.091073	-0.332520	-0.340088	-0.417725	-15.622031	40.872312	11.294160
10137		-6.550062	-1.879961	7.157517	0.016059	0.184904	0.085673	-0.325439	-0.337158	-0.418945	-15.593189	40.990772	11.323393
10138		-6.569499	-2.059589	7.046309	0.011652	0.178346	0.092606	-0.320557	-0.330322	-0.419189	-15.562037	41.101221	11.359028
10139		-6.605743	-2.311115	6.953814	0.025651	0.166045	0.111696	-0.327393	-0.344482	-0.412354	-15.512326	41.213237	11.411476
10140		-6.671666	-2.182830	6.906542	0.050393	0.151519	0.140329	-0.313721	-0.332764	-0.411621	-15.431899	41.316117	11.488014
10141		-6.739618	-2.331487	6.847046	0.069520	0.126489	0.158523	-0.320801	-0.330322	-0.416504	-15.328520	41.413302	11.583465
10142		-6.595651	-2.220865	6.808411	0.101442	0.095957	0.187873	-0.322021	-0.340576	-0.420166	-15.187556	41.492422	11.706979
10143		-6.513536	-2.180994	7.005192	0.124266	0.075688	0.213609	-0.326416	-0.336182	-0.428223	-15.018394	41.569403	11.854072
10144		-6.487152	-2.076978	7.000491	0.139213	0.055449	0.229089	-0.328613	-0.340576	-0.422363	-14.829388	41.631638	12.016991
10145		-6.258223	-2.369274	7.075689	0.158406	0.053436	0.265756	-0.319580	-0.341064	-0.417236	-14.611182	41.703127	12.208045
10146		-6.313742	-2.235984	7.276849	0.185392	0.076303	0.310235	-0.321289	-0.338867	-0.416992	-14.357238	41.787623	12.428294
10147		-6.545941	-1.918773	7.235097	0.180430	0.108402	0.321896	-0.313232	-0.334229	-0.421631	-14.104181	41.896256	12.652051
10148		-6.431544	-1.698732	7.381703	0.165508	0.148989	0.335844	-0.311035	-0.337646	-0.421143	-13.856103	42.023260	12.879648
10149		-6.468180	-1.695060	7.369420	0.139737	0.196494	0.330589	-0.318115	-0.338135	-0.413330	-13.630607	42.180634	13.095888
10150		-6.844821	-2.062576	7.535561	0.072156	0.244867	0.243937	-0.317139	-0.338623	-0.416260	-13.491770	42.347452	13.239252
10151		-6.242803	-1.338085	7.266663	0.027679	0.274060	0.223708	-0.314941	-0.338623	-0.421143	-13.391906	42.532912	13.363039
10152		-6.349540	-1.628985	7.333375	0.048542	0.358184	0.316203	-0.314453	-0.345703	-0.419922	-13.241280	42.771993	13.542712
10153		-6.316973	-1.689906	7.467357	0.044848	0.442070	0.339049	-0.310547	-0.346436	-0.420654	-13.089818	43.065712	13.726621
10154		-6.430236	-1.721142	7.429951	0.019275	0.512300	0.365995	-0.312256	-0.340332	-0.418701	-12.944866	43.396558	13.920553
10155		-6.467705	-1.486656	7.479576	0.011959	0.612379	0.378256	-0.300293	-0.343018	-0.423340	-12.807681	43.789615	14.108748
10156		-6.506360	-1.449417	7.565990	0.007081	0.729647	0.394176	-0.304199	-0.344971	-0.425293	-12.675802	44.244803	14.291151
10157		-6.262962	-1.437127	7.633056	-0.003091	0.855163	0.393604	-0.293213	-0.348877	-0.415771	-12.562657	44.774790	14.454183
10158		-6.325142	-1.064604	7.820466	0.032175	1.051794	0.354853	-0.285400	-0.336914	-0.422607	-12.471969	45.404766	14.554684
10159		-6.443219	-1.156733	7.788534	-0.016317	1.213345	0.340248	-0.285889	-0.342529	-0.419434	-12.435718	46.128026	14.617348
10160		-6.350342	-1.221324	7.788782	-0.024735	1.399738	0.329711	-0.273926	-0.339111	-0.425049	-12.433122	46.949479	14.638968
10161		-6.336933	-1.149968	7.822772	-0.057372	1.621061	0.323256	-0.258545	-0.338867	-0.422363	-12.482854	47.898522	14.615022
10162		-6.243430	-1.271399	7.927015	-0.071434	1.868587	0.311426	-0.245361	-0.345215	-0.421631	-12.584832	48.979954	14.532002
10163		-6.095402	-1.201458	8.041614	-0.093760	2.158300	0.345083	-0.243164	-0.342529	-0.417480	-12.725465	50.231715	14.416795
10164		-6.091159	-0.922793	8.204337	-0.123292	2.474803	0.373764	-0.218018	-0.341797	-0.425781	-12.921757	51.659457	14.253621
10165		-5.979218	-1.168198	8.012904	-0.122542	2.844429	0.419315	-0.209717	-0.337402	-0.418457	-13.160756	53.302856	14.039682
10166		-5.835367	-1.480472	7.857415	-0.085966	3.151821	0.518338	-0.190918	-0.341553	-0.414795	-13.378672	55.126315	13.830476
10167		-5.958799	-1.000070	8.193952	-0.082876	3.468733	0.635831	-0.160889	-0.340088	-0.412598	-13.582569	57.144931	13.640972
10168		-5.670909	-0.274347	8.594962	-0.034564	3.942441	0.707819	-0.138916	-0.340820	-0.407715	-13.824649	59.433230	13.378481
10169		-5.387777	-0.923835	8.409000	-0.003616	4.550462	0.764498	-0.112793	-0.343750	-0.390869	-14.187145	62.069359	12.964236
10170		-6.656063	-2.826769	9.162390	-0.001522	5.301213	0.844700	-0.084473	-0.342285	-0.394531	-14.766284	65.129034	12.317667
10171		-7.494679	-4.269226	9.197906	-0.193438	5.937884	0.838328	-0.048828	-0.341797	-0.373779	-15.886809	68.536908	11.218714
10172		-9.164073	-5.004311	8.757273	-0.317085	6.299269	1.164262	-0.006592	-0.344238	-0.370117	-17.141485	72.184853	10.078947
10173		-11.798570	-4.410562	7.395099	-0.364227	6.499982	1.491654	0.025146	-0.344727	-0.346436	-18.479480	75.990897	8.904307
10174		-15.239750	-3.037075	6.420505	-0.463445	6.581421	1.765985	0.058594	-0.352539	-0.329834	-20.086936	79.882619	7.531883
10175		-18.861673	-2.419362	5.484391	-0.665951	6.504402	1.915119	0.098633	-0.342285	-0.302734	-22.824133	83.751491	5.152493
10176		-19.371190	-2.632602	6.868154	-0.707410	6.229432	2.061938	0.119629	-0.354736	-0.284668	-30.163948	87.478143	-1.799580
10177		-16.646799	-3.487466	5.960405	-0.620460	6.024029	2.071328	0.154053	-0.352783	-0.265625	-176.351927	88.725774	-147.648800
10178		-14.040497	-1.720557	6.547471	-0.689859	5.889082	1.840069	0.178955	-0.361816	-0.237061	167.889632	85.254622	-163.026928
10179		-12.062424	-0.633481	6.524263	-1.130716	5.714366	1.571056	0.201904	-0.360107	-0.206299	166.002284	81.865799	-164.274812
10180		-9.146025	0.017543	6.467106	-1.667955	5.533825	1.334658	0.218750	-0.361572	-0.172119	165.291577	78.606878	-164.027180
10181		-5.845980	0.104041	5.646677	-2.329329	5.399238	1.150403	0.249023	-0.356201	-0.148682	164.662896	75.453576	-163.304113
10182		-4.068806	-0.193659	5.088113	-2.863224	5.395049	1.040838	0.261475	-0.352539	-0.122070	163.921724	72.318654	-162.369042
10183		-9.680441	2.841556	8.049802	-3.522749	5.293533	1.004859	0.280518	-0.338135	-0.091553	162.804183	69.254153	-161.416429
10184		-24.250632	-2.702937	13.231356	-3.923189	3.768065	0.669963	0.290039	-0.334961	-0.081055	161.298207	67.084172	-160.618281
10185		-17.767909	-5.851974	12.246737	-4.017158	1.537182	0.248716	0.291016	-0.319824	-0.067383	159.365066	66.215637	-160.218521
10186		-15.002918	-8.283675	11.498577	-3.640882	-0.304175	-0.117532	0.280273	-0.314941	-0.072266	157.268121	66.404331	-160.231566
10187		-12.338219	-10.611763	9.832970	-2.791598	-1.917811	-0.426309	0.264404	-0.299561	-0.072021	155.145002	67.519960	-160.802601
10188		-9.808862	-11.023027	7.883067	-1.652112	-3.080514	-0.662961	0.245605	-0.290527	-0.084961	153.108338	69.275491	-161.975952
10189		-8.047138	-9.995532	6.337686	-0.454636	-3.867314	-0.927416	0.226074	-0.275146	-0.108398	151.257834	71.497551	-163.665945
10190		-7.118539	-8.611077	5.115000	0.570586	-4.440638	-1.153188	0.203613	-0.284668	-0.114258	149.361160	74.036972	-165.994637
10191		-6.254399	-6.822843	4.237302	1.336501	-4.857551	-1.339954	0.177734	-0.284424	-0.136963	146.976665	76.823388	-169.251048
10192		-5.754281	-4.889601	3.577085	1.813630	-5.144787	-1.482727	0.150146	-0.287109	-0.149658	143.227085	79.730696	-174.141431
10193		-4.768984	-3.033808	3.004746	1.998354	-5.303276	-1.599465	0.124268	-0.302002	-0.154785	136.143692	82.664541	177.532938
10194		-4.221751	-0.930342	2.785481	1.849164	-5.253263	-1.739859	0.094971	-0.298584	-0.151855	120.512680	85.341609	160.755056
10195		-4.553893	0.676030	2.740046	1.445914	-5.052991	-1.963393	0.084961	-0.311279	-0.166016	80.222712	87.089790	119.556954
10196		-5.011332	1.111552	2.761464	0.934675	-4.801469	-2.209031	0.071045	-0.315674	-0.165039	26.722768	86.389017	65.445979
10197		-5.735935	0.903272	2.914152	0.451898	-4.556071	-2.419568	0.065918	-0.318604	-0.166260	2.511548	84.146024	40.897733
10198		-6.512727	-0.209141	3.282770	0.138343	-4.369156	-2.546692	0.061768	-0.315430	-0.166260	-8.061956	81.560806	30.163658
10199		-7.376063	-1.632566	3.665367	0.086517	-4.260642	-2.566527	0.053223	-0.312012	-0.173828	-13.722405	78.863534	24.369484
10200		-8.302712	-2.509265	4.104752	0.266561	-4.248741	-2.500687	0.048828	-0.311523	-0.179199	-16.889948	76.133880	20.968460
10201		-8.950898	-2.892593	4.488256	0.550609	-4.296220	-2.398187	0.049316	-0.303467	-0.194336	-18.618267	73.350798	18.848931
10202		-9.590169	-2.872695	4.962788	0.838028	-4.338852	-2.288821	0.042725	-0.302734	-0.208252	-19.444477	70.570853	17.474211
10203		-9.999359	-2.496798	5.465376	1.044994	-4.362277	-2.210823	0.039307	-0.299072	-0.200439	-19.773622	67.771521	16.479979
10204		-10.658105	-2.002999	6.157116	1.119799	-4.362050	-2.198312	0.038086	-0.299805	-0.220947	-19.893617	64.991110	15.647691
10205		-11.160047	-2.112894	6.706548	1.095375	-4.356849	-2.237167	0.031250	-0.294189	-0.237305	-19.974465	62.187346	14.855065
10206		-11.614873	-2.554526	7.205251	1.073895	-4.339903	-2.281006	0.025635	-0.289551	-0.254639	-20.027550	59.401700	14.088197
10207		-12.328657	-3.151278	7.662084	1.097952	-4.308762	-2.321793	0.015381	-0.293701	-0.273926	-20.040792	56.606446	13.328987
10208		-12.826081	-3.776564	7.949366	1.188139	-4.283772	-2.330921	0.008545	-0.284912	-0.300537	-19.952702	53.841282	12.606188
10209		-13.258018	-4.273068	8.235421	1.336536	-4.238682	-2.310246	-0.006836	-0.294434	-0.331787	-19.730306	51.087447	11.918852
10210		-14.117658	-4.403469	8.692957	1.482839	-4.205352	-2.255527	-0.007813	-0.300781	-0.357666	-19.361682	48.382428	11.287081
10211		-14.837275	-4.514701	9.178912	1.575324	-4.208364	-2.173698	-0.021240	-0.308350	-0.388916	-18.870715	45.676439	10.722227
10212		-15.865747	-4.504649	9.625603	1.580374	-4.244552	-2.068816	-0.041504	-0.323486	-0.418457	-18.301190	42.991468	10.239838
10213		-16.803423	-4.374617	9.942017	1.466673	-4.345426	-1.957007	-0.058350	-0.329834	-0.444336	-17.720848	40.257751	9.846007
10214		-17.261501	-4.506761	9.684254	1.244824	-4.465686	-1.812793	-0.094482	-0.345947	-0.479980	-17.183983	37.503262	9.563182
10215		-16.988832	-4.712750	8.993161	0.966266	-4.585470	-1.588585	-0.115723	-0.354004	-0.504883	-16.704049	34.706572	9.435787
10216		-16.489512	-4.125910	8.006182	0.575679	-4.594446	-1.327406	-0.153564	-0.356201	-0.528809	-16.357846	31.964377	9.463485
10217		-16.478349	-2.965947	6.756831	0.023179	-4.512148	-1.150005	-0.196777	-0.368652	-0.544434	-16.286785	29.281436	9.575257
10218		-16.192437	-1.139872	5.429084	-0.670138	-4.341951	-1.118123	-0.229004	-0.358398	-0.560791	-16.620042	26.711920	9.681091
10219		-15.527319	1.145279	3.944925	-1.440355	-4.057595	-1.301876	-0.265137	-0.352051	-0.571533	-17.459050	24.255967	9.648088
10220		-15.046133	1.247366	1.726299	-2.062880	-3.682790	-1.524094	-0.304199	-0.335938	-0.585449	-18.713387	21.976992	9.461388
10221		-15.205819	-0.221237	-1.241384	-2.148589	-3.245368	-1.602879	-0.328369	-0.327881	-0.587402	-20.038244	19.906067	9.197017
10222		-15.483740	-1.208500	-4.416290	-1.596146	-2.813862	-1.468289	-0.362793	-0.318359	-0.595215	-21.027181	18.099262	8.965447
10223		-15.668442	0.932500	-7.081161	-0.803537	-2.393483	-1.191360	-0.387451	-0.311523	-0.590820	-21.529434	16.564406	8.823363
10224		-15.402373	4.013887	-8.889459	-0.268195	-1.923331	-0.904336	-0.410645	-0.310791	-0.594727	-21.702709	15.347154	8.748139
10225		-14.666797	5.418446	-9.718893	-0.060000	-1.361992	-0.594986	-0.417480	-0.314209	-0.600098	-21.743389	14.489908	8.722404
10226		-14.189856	4.976167	-9.265997	-0.027701	-0.760764	-0.243177	-0.439209	-0.301270	-0.592529	-21.749161	14.031543	8.759040
10227		-14.567650	3.330308	-7.537017	-0.041774	-0.260428	0.087637	-0.434570	-0.313965	-0.609863	-21.746431	13.908437	8.867419
10228		-15.442591	0.989600	-5.546722	0.024467	0.027415	0.312428	-0.444580	-0.306641	-0.611084	-21.690627	13.987391	9.036314
10229		-14.781715	-1.617632	-4.337165	0.337121	0.157163	0.445773	-0.436523	-0.312500	-0.616211	-21.444970	14.164820	9.250597
10230		-9.829923	-2.541377	-3.424935	0.839259	0.661738	0.744377	-0.430908	-0.311279	-0.611084	-20.895109	14.670491	9.523384
10231		-4.843474	1.075167	-1.786485	0.591268	1.674520	1.577796	-0.407471	-0.315186	-0.614746	-20.416959	15.889169	10.052976
10232		0.396229	-6.918595	12.022812	0.530231	2.460820	1.099133	-0.393066	-0.317383	-0.628418	-20.080273	17.427966	10.163867
10233		1.687969	-10.780258	21.330815	0.500441	2.028140	0.830108	-0.381104	-0.324951	-0.637939	-19.776149	18.684584	10.221065
10234		5.050583	-8.971409	10.314259	0.559896	2.638188	0.375980	-0.352051	-0.328125	-0.643799	-19.560998	20.178469	9.900246
10235		0.969410	-1.814851	3.774210	0.624891	4.189835	0.215744	-0.314453	-0.316406	-0.639648	-19.470486	22.482836	9.167556
10236		-12.984978	4.938997	7.331995	0.173334	4.865870	-0.192102	-0.276611	-0.329590	-0.644287	-19.827362	25.069512	8.033642
10237		-12.086515	6.741300	12.398093	-0.107640	4.662969	0.141694	-0.239258	-0.322998	-0.653564	-20.304191	27.607925	7.099283
10238		-9.785551	5.924870	13.958921	-0.420446	4.255999	1.221063	-0.202881	-0.336670	-0.661133	-20.651204	30.135144	6.877420
10239		-14.064824	-6.118022	11.143369	-0.315669	3.837670	2.060895	-0.165527	-0.328369	-0.655273	-20.627354	32.610971	7.268248
10240		-18.232991	-20.614388	4.792257	0.342907	3.050710	1.842394	-0.138916	-0.326660	-0.659180	-20.174855	34.615291	7.728690
10241		-21.988458	-9.077838	4.744888	1.297786	2.233705	1.590012	-0.121582	-0.340332	-0.653564	-19.125898	36.130064	8.256637
10242		-22.987295	1.553285	9.706194	1.269439	0.644310	1.396991	-0.114746	-0.348145	-0.661865	-17.921400	36.732329	9.058281
10243		-9.446786	-2.352872	8.209311	0.932408	0.105561	0.957949	-0.118896	-0.356445	-0.653076	-17.006682	36.960226	9.693514
10244		-8.473657	0.362847	9.250737	0.739493	-0.060434	0.617505	-0.107666	-0.370361	-0.659912	-16.316627	37.026322	10.134383
10245		-7.517197	1.583369	8.402107	0.485814	-0.078722	0.373536	-0.120117	-0.383057	-0.665527	-15.871424	37.048063	10.411569
10246		-7.611437	-1.028442	8.019959	0.296880	-0.085473	0.175973	-0.115479	-0.378418	-0.660889	-15.614573	37.026058	10.553809
10247		-6.633286	-2.088899	8.334312	0.214119	-0.061447	0.116703	-0.121582	-0.373779	-0.659912	-15.433323	37.015957	10.650552
10248		-6.192617	-1.443982	8.372768	0.132280	-0.011267	0.084946	-0.112061	-0.382568	-0.657715	-15.317368	37.020390	10.715476
10249		-5.763324	-1.732458	8.102322	0.044052	0.062146	0.046743	-0.118652	-0.381836	-0.658447	-15.276702	37.067671	10.740385
10250		-6.236817	-1.420447	8.013620	-0.032664	0.129392	0.008183	-0.120605	-0.377197	-0.659424	-15.303293	37.138168	10.725549
10251		-6.068977	-1.923608	7.758426	-0.106636	0.163534	-0.030153	-0.109375	-0.380371	-0.657959	-15.392674	37.229755	10.677898
10252		-5.579528	-2.132937	8.098482	-0.141000	0.225834	-0.040402	-0.114258	-0.379883	-0.657959	-15.513191	37.346061	10.610543
10253		-6.075784	-1.761670	7.879543	-0.182421	0.280734	-0.061046	-0.108154	-0.376465	-0.658203	-15.673362	37.497304	10.518090
10254		-6.206104	-2.104552	7.719196	-0.202968	0.326413	-0.083781	-0.107422	-0.377930	-0.661377	-15.860764	37.662021	10.399728
10255		-6.263117	-2.146691	7.493147	-0.207537	0.353682	-0.098824	-0.093018	-0.370361	-0.652588	-16.061718	37.846974	10.264840
10256		-6.126222	-1.880696	7.639856	-0.215714	0.364515	-0.111520	-0.093262	-0.375244	-0.656494	-16.274895	38.027571	10.117383
10257		-6.221506	-1.907405	7.617369	-0.235186	0.390309	-0.136565	-0.093506	-0.365967	-0.656494	-16.514803	38.225712	9.946191
10258		-6.231883	-2.245677	7.452365	-0.240049	0.406516	-0.146889	-0.096680	-0.361084	-0.654541	-16.765158	38.422600	9.762527
10259		-6.314996	-2.497184	7.246989	-0.215541	0.406131	-0.138811	-0.088135	-0.367432	-0.656006	-16.999724	38.627853	9.583363
10260		-6.363595	-2.329825	7.220108	-0.193806	0.389732	-0.134121	-0.080322	-0.360352	-0.652344	-17.218634	38.816516	9.409207
10261		-6.377500	-2.396911	7.040580	-0.170858	0.368316	-0.121876	-0.081543	-0.365967	-0.650635	-17.417778	39.002890	9.247276
10262		-6.398250	-2.563169	6.933247	-0.136862	0.325282	-0.104121	-0.082031	-0.357910	-0.642334	-17.584182	39.160571	9.106003
10263		-6.364068	-2.679093	6.862141	-0.104343	0.291040	-0.079289	-0.070068	-0.365234	-0.648438	-17.717417	39.311428	8.989266
10264		-6.307136	-2.825427	6.830881	-0.049762	0.240882	-0.036338	-0.067139	-0.363525	-0.655273	-17.792965	39.434410	8.913425
10265		-6.220444	-2.817109	6.770132	0.002729	0.197561	0.012727	-0.071289	-0.358154	-0.654297	-17.811135	39.550150	8.881941
10266		-6.179109	-2.794899	6.845646	0.059109	0.169249	0.068464	-0.072510	-0.360107	-0.650635	-17.767080	39.652362	8.896236
10267		-6.228758	-2.724881	6.849602	0.116251	0.143110	0.133623	-0.075928	-0.362061	-0.653076	-17.657681	39.759471	8.962899
10268		-6.369688	-2.444342	6.893589	0.163566	0.118020	0.172103	-0.067871	-0.356934	-0.644775	-17.498837	39.851594	9.062952
10269		-6.470320	-2.208830	7.000485	0.182082	0.096875	0.182875	-0.073486	-0.364014	-0.655273	-17.321913	39.941585	9.175875
10270		-6.551162	-2.126489	7.010813	0.189536	0.082826	0.198441	-0.065674	-0.369629	-0.654053	-17.130225	40.018442	9.303524
10271		-6.542318	-2.039305	7.076126	0.196707	0.060072	0.199180	-0.069580	-0.366943	-0.650146	-16.931304	40.090442	9.437185
10272		-6.428955	-2.038674	7.067502	0.196218	0.049102	0.203796	-0.061279	-0.369141	-0.649902	-16.727745	40.149014	9.576944
10273		-6.327540	-2.140392	7.129942	0.192878	0.045914	0.204341	-0.063965	-0.371338	-0.653076	-16.525818	40.213364	9.718237
10274		-6.312950	-2.236131	7.211132	0.199324	0.059863	0.208435	-0.067139	-0.367432	-0.647949	-16.319045	40.277842	9.859854
10275		-6.392062	-2.336735	7.123683	0.207583	0.067377	0.221861	-0.057373	-0.379883	-0.649170	-16.102603	40.355971	10.010125
10276		-6.471917	-2.211651	7.155078	0.216745	0.071083	0.234125	-0.068359	-0.374512	-0.652588	-15.874425	40.429862	10.168943
10277		-6.586930	-2.042438	7.165353	0.215220	0.057074	0.233146	-0.064209	-0.371826	-0.650635	-15.645938	40.503130	10.330560
10278		-6.559320	-2.017969	7.206851	0.203493	0.047021	0.223638	-0.065186	-0.388184	-0.644043	-15.426142	40.561172	10.487711
10279		-6.654008	-1.821044	7.220826	0.180263	0.029917	0.208868	-0.058350	-0.384033	-0.647949	-15.224726	40.614806	10.638054
10280		-6.640528	-1.830659	7.259548	0.164154	0.016362	0.190139	-0.064697	-0.383789	-0.655029	-15.038722	40.650036	10.777605
10281		-6.645811	-1.704954	7.247217	0.142983	0.009851	0.170138	-0.070068	-0.392578	-0.649170	-14.873920	40.686090	10.904213
10282		-6.439605	-1.793320	7.298329	0.105815	0.005676	0.132510	-0.061279	-0.389160	-0.655029	-14.747075	40.706367	11.004116
10283		-6.337391	-1.825776	7.360258	0.100138	0.024834	0.138778	-0.062500	-0.395996	-0.656982	-14.623290	40.745686	11.105252
10284		-6.463721	-1.818158	7.348361	0.089907	0.044485	0.138331	-0.058838	-0.390625	-0.652344	-14.507362	40.787999	11.202254
10285		-6.525125	-1.778046	7.237945	0.082021	0.055230	0.137372	-0.063721	-0.388184	-0.644775	-14.398004	40.843606	11.296953
10286		-6.463782	-1.860706	7.206135	0.070843	0.063808	0.133237	-0.069092	-0.401123	-0.646240	-14.297451	40.895641	11.386950
10287		-6.454518	-1.833827	7.175939	0.065457	0.069654	0.127275	-0.068115	-0.392090	-0.656006	-14.203780	40.957543	11.471940
10288		-6.460796	-1.826874	7.214280	0.058629	0.075789	0.121862	-0.066895	-0.393066	-0.646240	-14.116784	41.014417	11.551724
10289		-6.433290	-1.799313	7.239629	0.051789	0.085158	0.115646	-0.054199	-0.396729	-0.651611	-14.038043	41.083075	11.625667
10290		-6.542696	-1.593989	7.291360	0.043505	0.096430	0.109579	-0.064453	-0.401367	-0.651855	-13.967795	41.149556	11.692954
10291		-6.466737	-1.673664	7.271185	0.035013	0.113385	0.105609	-0.059082	-0.398682	-0.641846	-13.906531	41.232339	11.754691
10292		-6.478682	-1.782974	7.248470	0.028212	0.127171	0.110258	-0.065186	-0.388672	-0.654541	-13.848046	41.315901	11.817216
10293		-6.506390	-1.706452	7.263640	0.021626	0.140108	0.111602	-0.065430	-0.400146	-0.649658	-13.794314	41.414220	11.878908
10294		-6.555401	-1.708190	7.182566	0.015872	0.158918	0.109421	-0.061768	-0.394287	-0.649414	-13.746723	41.515248	11.935425
10295		-6.516846	-1.757471	7.220433	0.008075	0.168062	0.108805	-0.058350	-0.396729	-0.651611	-13.705039	41.628619	11.990373
10296		-6.568559	-1.883438	7.164048	0.015769	0.180094	0.119656	-0.051758	-0.393066	-0.648193	-13.654554	41.742755	12.051085
10297		-6.567451	-1.903293	7.148151	0.025728	0.189203	0.140530	-0.059570	-0.392334	-0.650635	-13.589030	41.872048	12.126364
10298		-6.551873	-2.032072	7.131524	0.035290	0.198776	0.156341	-0.053223	-0.399414	-0.647949	-13.510664	42.001412	12.211760
10299		-6.432100	-2.042277	7.128361	0.043005	0.213496	0.178513	-0.052490	-0.396973	-0.644531	-13.418316	42.149096	12.311930
10300		-6.402609	-2.164721	7.167463	0.058640	0.244216	0.207065	-0.054199	-0.399414	-0.636719	-13.305393	42.310298	12.428356
10301		-6.352640	-2.007757	7.311388	0.059932	0.279837	0.228558	-0.049805	-0.398438	-0.644531	-13.184599	42.501172	12.555740
10302		-6.424991	-1.726012	7.369080	0.048903	0.337247	0.243098	-0.042969	-0.404541	-0.653809	-13.068237	42.718617	12.684644
10303		-6.797220	-2.225023	7.606614	0.015899	0.395261	0.229217	-0.035889	-0.406250	-0.639893	-12.984170	42.973522	12.794051
10304		-6.050826	-1.392233	7.444799	-0.032144	0.458926	0.189572	-0.040039	-0.399658	-0.649902	-12.954765	43.251762	12.862452
10305		-6.449135	-1.733948	7.562948	-0.048204	0.574868	0.198906	-0.022949	-0.396973	-0.643066	-12.943430	43.602799	12.918294
10306		-6.447576	-1.575029	7.696740	-0.039043	0.708993	0.283771	-0.025146	-0.396240	-0.639648	-12.896842	44.032714	13.016338
10307		-6.162397	-1.211414	7.968580	-0.068252	0.883982	0.303385	-0.026367	-0.405029	-0.652588	-12.876994	44.569521	13.099883
10308		-6.085171	-1.388518	8.086526	-0.076050	1.103486	0.297296	-0.009277	-0.408691	-0.636230	-12.891429	45.221457	13.139644
10309		-6.261621	-1.390632	8.133888	-0.100802	1.310137	0.305031	-0.002197	-0.405762	-0.631836	-12.942461	45.996192	13.148077
10310		-6.138180	-1.720638	8.055816	-0.086517	1.544473	0.344009	0.020508	-0.403564	-0.630371	-12.994547	46.900396	13.143124
10311		-6.174017	-1.544584	8.066366	-0.100521	1.779105	0.362772	0.029785	-0.405762	-0.629639	-13.077586	47.944019	13.107553
10312		-6.109536	-1.421241	8.039791	-0.120096	2.029066	0.374439	0.050781	-0.400146	-0.625732	-13.204488	49.122555	13.028602
10313		-5.983214	-1.590926	8.046088	-0.148940	2.285895	0.407561	0.066406	-0.398438	-0.609863	-13.372295	50.454132	12.919567
10314		-6.043155	-1.741648	8.036256	-0.122479	2.657778	0.492456	0.091797	-0.409912	-0.610840	-13.536994	51.998437	12.796962
10315		-5.925343	-1.801526	8.128211	-0.102521	3.008757	0.583591	0.107910	-0.408936	-0.593506	-13.697309	53.755336	12.668540
10316		-6.035242	-1.764407	8.390594	-0.101992	3.315190	0.683452	0.135010	-0.401855	-0.589111	-13.851951	55.691080	12.549403
10317		-6.556913	-1.779788	8.257707	-0.122506	3.641161	0.819826	0.160645	-0.414795	-0.572998	-13.986201	57.831133	12.471787
10318		-6.787332	-1.854842	8.647162	-0.152297	3.980283	0.964336	0.196777	-0.414307	-0.554688	-14.095932	60.175266	12.444339
10319		-6.843420	-2.164176	8.397636	-0.206662	4.249474	1.125985	0.226074	-0.419922	-0.539551	-14.149234	62.695196	12.517410
10320		-8.637714	-2.412489	7.166941	-0.210405	4.641916	1.262404	0.261475	-0.418701	-0.517822	-14.157281	65.448637	12.641302
10321		-9.602627	-1.984686	6.532188	-0.223129	4.860175	1.355795	0.287354	-0.427002	-0.485596	-14.104252	68.339303	12.836902
10322		-11.903268	-1.754183	6.014460	-0.275568	4.948714	1.359351	0.323242	-0.427979	-0.464844	-14.075320	71.276701	13.034783
10323		-13.919485	-1.469892	5.890041	-0.433687	4.855316	1.288245	0.351074	-0.437256	-0.444092	-14.195564	74.154782	13.168124
10324		-14.274342	-1.740040	5.497113	-0.592393	4.652847	1.306278	0.373291	-0.434814	-0.414307	-14.248129	76.920537	13.463236
10325		-13.482266	-2.386292	4.961294	-0.646888	4.467394	1.382347	0.397949	-0.438721	-0.395264	-13.900873	79.595771	14.195379
10326		-13.096080	-2.515592	3.897624	-0.705243	4.268427	1.398142	0.418701	-0.442871	-0.365234	-12.970990	82.158422	15.545067
10327		-11.251101	-2.399462	2.557652	-0.712148	4.175236	1.383136	0.447754	-0.442871	-0.330078	-10.928295	84.662673	18.010625
10328		-10.642945	-0.468163	2.376568	-0.909806	4.067416	1.263928	0.460449	-0.453125	-0.308350	-6.335498	87.075221	23.135874
10329		-9.859379	0.511461	1.813521	-1.292018	3.886751	1.148425	0.468506	-0.450684	-0.283203	24.762292	89.249420	54.983190
10330		-8.483962	0.561428	0.950782	-1.685938	3.707999	1.024187	0.490479	-0.458740	-0.258057	147.520752	88.305301	178.715898
10331		-7.505432	0.431093	0.378568	-2.016946	3.543459	0.948109	0.505371	-0.449463	-0.238281	156.328418	86.251032	-171.312084
10332		-7.026741	0.390441	0.104952	-2.235274	3.388440	0.908713	0.516113	-0.448975	-0.212891	158.251639	84.260184	-168.098568
10333		-6.489294	1.186153	0.243964	-2.453415	3.181673	0.891940	0.524414	-0.440674	-0.198486	158.498610	82.377981	-166.435714
10334		-6.640602	2.616907	0.549532	-2.796850	3.017601	0.874914	0.532227	-0.441162	-0.177490	158.039401	80.588136	-165.280794
10335		-13.855826	1.395673	1.732690	-3.183176	2.762050	0.713597	0.535400	-0.435547	-0.154297	157.423474	78.969683	-164.054423
10336		-12.581660	-0.187320	1.718335	-3.428329	1.933241	0.484522	0.548584	-0.423096	-0.147461	156.319643	77.843813	-163.177121
10337		-10.959780	-0.861147	0.831268	-3.477379	1.258323	0.330874	0.546387	-0.412842	-0.143066	154.873911	77.110614	-162.618147
10338		-11.136333	-1.715640	0.424456	-3.277873	0.568862	0.228211	0.544922	-0.403320	-0.140625	153.091305	76.761983	-162.521231
10339		-10.569623	-1.996277	-0.232357	-2.908962	-0.100515	0.176031	0.550049	-0.389404	-0.137451	150.915259	76.767610	-163.045559
10340		-9.546285	-1.940680	-0.813440	-2.419745	-0.648074	0.155130	0.542480	-0.381592	-0.153076	148.377677	77.044461	-164.228552
10341		-8.676246	-1.396763	-1.492747	-1.906431	-1.070777	0.125599	0.538086	-0.375000	-0.164063	145.519872	77.521831	-166.039598
10342		-7.615891	-0.638033	-1.930196	-1.440143	-1.323848	0.099897	0.520752	-0.364014	-0.166504	142.397560	78.102565	-168.390782
10343		-6.544806	0.477649	-2.117484	-1.081087	-1.414946	0.080280	0.513672	-0.366455	-0.185547	139.088045	78.703481	-171.138081
10344		-5.574354	1.906024	-2.182266	-0.904186	-1.353183	0.036650	0.509766	-0.363037	-0.196289	135.777757	79.260986	-173.983774
10345		-5.059051	3.021329	-2.143251	-0.917847	-1.183221	-0.033215	0.514160	-0.361084	-0.203369	132.682327	79.749099	-176.598164
10346		-5.055526	3.794644	-2.073674	-1.073069	-0.970497	-0.144208	0.502686	-0.351807	-0.215332	129.995752	80.178604	-178.703175
10347		-5.366796	4.352558	-1.825158	-1.322056	-0.749102	-0.286595	0.500488	-0.337158	-0.212646	127.855503	80.576573	179.893222
10348		-5.902651	4.487385	-1.486258	-1.617135	-0.549897	-0.438590	0.487793	-0.339844	-0.223633	126.291181	80.966836	179.246006
10349		-6.278623	4.220870	-1.077591	-1.882307	-0.404629	-0.556629	0.480713	-0.321777	-0.227051	125.174592	81.360720	179.206379
10350		-6.708582	3.680983	-0.517339	-2.065993	-0.306610	-0.624617	0.490723	-0.304932	-0.219971	124.368586	81.754548	179.587154
10351		-7.569477	3.137477	-0.025395	-2.179381	-0.296493	-0.664534	0.481201	-0.281982	-0.219971	123.598728	82.164190	-179.930285
10352		-8.062342	2.591697	0.517564	-2.197502	-0.349163	-0.681337	0.486328	-0.280762	-0.227295	122.654117	82.599999	-179.614100
10353		-8.319128	2.140787	1.038755	-2.138334	-0.451296	-0.652229	0.472900	-0.262695	-0.221191	121.218992	83.052524	-179.826714
10354		-8.806367	1.931774	1.572297	-2.036251	-0.591384	-0.612810	0.473389	-0.252441	-0.228760	119.027429	83.525637	179.140273
10355		-9.147104	1.836415	2.089312	-1.931407	-0.774788	-0.564481	0.469238	-0.236328	-0.226563	115.621779	84.015096	176.826587
10356		-9.302947	1.882590	2.475017	-1.850207	-0.968516	-0.520664	0.459717	-0.226074	-0.233643	110.612060	84.506507	172.856044
10357		-9.480037	2.112269	2.783022	-1.812848	-1.168286	-0.481597	0.454346	-0.209473	-0.240234	103.444522	84.964424	166.700277
10358		-9.422230	2.453225	3.058792	-1.832493	-1.350382	-0.449889	0.452637	-0.208252	-0.245850	93.788870	85.334234	158.062734
10359		-9.356107	2.878321	3.299447	-1.927544	-1.485755	-0.445187	0.438232	-0.193115	-0.249512	81.811500	85.552987	147.154409
10360		-9.404940	3.197661	3.478340	-2.085289	-1.588915	-0.448314	0.434570	-0.174561	-0.261963	68.388605	85.564010	134.888694
10361		-9.578955	3.445546	3.531117	-2.271048	-1.667205	-0.472730	0.420166	-0.163330	-0.265869	54.845293	85.340192	122.607039
10362		-9.961465	3.574161	3.694496	-2.476840	-1.729638	-0.504007	0.413086	-0.147705	-0.272461	42.458959	84.896402	111.599189
10363		-10.476294	3.563656	3.813298	-2.679296	-1.802087	-0.539483	0.406494	-0.141846	-0.271973	31.764243	84.249329	102.397316
10364		-10.864165	3.307989	4.035778	-2.831432	-1.912839	-0.562765	0.391357	-0.118408	-0.281494	22.840841	83.417859	95.052998
10365		-11.012784	2.934366	4.073356	-2.878623	-2.061466	-0.544038	0.383057	-0.095703	-0.286865	15.713526	82.396231	89.531487
10366		-10.607656	2.486822	4.023144	-2.816148	-2.221642	-0.505978	0.377197	-0.085693	-0.297607	10.170235	81.216431	85.560428
10367		-10.144833	2.145780	4.028122	-2.667339	-2.333662	-0.438603	0.363037	-0.069336	-0.294189	6.036868	79.919337	82.917992
10368		-9.610625	1.916992	4.052775	-2.454638	-2.370527	-0.361267	0.351318	-0.060059	-0.304688	2.993346	78.578332	81.250717
10369		-9.207747	1.902167	4.149852	-2.224594	-2.343505	-0.298099	0.343506	-0.051025	-0.313965	0.743848	77.233348	80.251640
10370		-8.924452	2.050095	4.330197	-2.013264	-2.255513	-0.266276	0.333496	-0.039307	-0.319580	-1.024598	75.937663	79.618449
10371		-8.860214	1.957735	4.520348	-1.824132	-2.150600	-0.245824	0.322510	-0.030518	-0.323486	-2.440473	74.693106	79.232787
10372		-8.958874	2.060410	4.809975	-1.648974	-2.052036	-0.235764	0.308838	-0.019043	-0.336182	-3.629961	73.509010	78.977290
10373		-9.323488	2.107468	5.244651	-1.522503	-1.986849	-0.269260	0.298584	0.000488	-0.343018	-4.710729	72.353549	78.756474
10374		-9.685924	1.908076	5.671314	-1.425835	-1.985020	-0.328709	0.291016	0.004395	-0.337891	-5.772343	71.201005	78.497795
10375		-9.988206	1.744021	6.139082	-1.330638	-2.027268	-0.410784	0.281738	0.008789	-0.363037	-6.815335	70.011548	78.197159
10376		-10.223313	1.581036	6.453250	-1.240865	-2.119555	-0.493394	0.269043	0.021240	-0.371826	-7.851050	68.768319	77.849102
10377		-9.745623	1.143317	6.393399	-1.107500	-2.233010	-0.533584	0.257324	0.030762	-0.379639	-8.757174	67.448801	77.552794
10378		-9.205875	0.839795	6.332575	-0.906556	-2.317338	-0.499179	0.251221	0.045410	-0.390869	-9.437568	66.089969	77.376484
10379		-8.888823	0.908535	6.419128	-0.710570	-2.348314	-0.427444	0.231201	0.043945	-0.395996	-9.859257	64.712859	77.356311
10380		-8.901530	1.205832	6.716755	-0.588026	-2.348687	-0.387080	0.210693	0.057617	-0.410645	-10.157256	63.346566	77.398416
10381		-8.988986	1.510946	6.957269	-0.566383	-2.343245	-0.390409	0.209473	0.060547	-0.417725	-10.424347	61.975717	77.458333
10382		-9.136594	1.481760	7.182886	-0.616866	-2.330972	-0.425423	0.195313	0.063721	-0.427002	-10.760459	60.615622	77.476877
10383		-9.492918	1.336830	7.324691	-0.686624	-2.341688	-0.472603	0.171631	0.070313	-0.435059	-11.153960	59.236781	77.471367
10384		-9.671697	1.010232	7.314212	-0.724783	-2.392591	-0.497196	0.157471	0.080322	-0.451172	-11.578124	57.834215	77.459704
10385		-9.620607	0.829297	7.197532	-0.706074	-2.450715	-0.486381	0.143066	0.085938	-0.469482	-11.943968	56.392478	77.499640
10386		-9.858751	0.785656	7.294652	-0.667839	-2.498188	-0.454916	0.122803	0.088623	-0.478271	-12.254939	54.935866	77.585152
10387		-10.178967	0.888764	7.367293	-0.650413	-2.571435	-0.426002	0.107666	0.098633	-0.485352	-12.502960	53.434208	77.731881
10388		-10.177758	0.940106	7.314876	-0.653544	-2.675202	-0.394880	0.091553	0.108643	-0.505859	-12.722984	51.886623	77.924776
10389		-9.931140	1.021080	7.095441	-0.653417	-2.761698	-0.353691	0.066895	0.113037	-0.517578	-12.890961	50.288589	78.182117
10390		-9.694336	1.058989	6.696905	-0.663377	-2.805308	-0.275224	0.040771	0.120605	-0.525879	-13.024410	48.684458	78.505118
10391		-9.546697	1.359982	6.286839	-0.694880	-2.800025	-0.190767	0.024170	0.128174	-0.526367	-13.122794	47.087111	78.900197
10392		-9.530172	1.666633	5.892492	-0.769262	-2.770142	-0.096014	0.000244	0.131348	-0.542725	-13.236506	45.526831	79.351015
10393		-9.504376	1.959462	5.444913	-0.880493	-2.722816	0.013708	-0.016357	0.138916	-0.543701	-13.361821	44.000918	79.879241
10394		-9.465727	1.998213	5.152505	-1.004341	-2.672656	0.143993	-0.044434	0.147461	-0.545166	-13.522696	42.528370	80.482553
10395		-9.927582	1.974241	4.928723	-1.129587	-2.628476	0.280484	-0.070801	0.160645	-0.556396	-13.697818	41.093561	81.179076
10396		-10.163977	1.836248	4.609142	-1.238070	-2.639793	0.409062	-0.072510	0.163574	-0.557129	-13.902932	39.678295	81.955655
10397		-9.762271	1.540324	4.256203	-1.310066	-2.662406	0.545493	-0.103271	0.167480	-0.554443	-14.094558	38.265622	82.831377
10398		-9.406768	1.248617	3.876218	-1.337394	-2.638908	0.666562	-0.127441	0.178223	-0.554932	-14.287197	36.891072	83.770226
10399		-9.075619	1.151290	3.511520	-1.345915	-2.562916	0.772123	-0.140869	0.191650	-0.553467	-14.462441	35.571106	84.763937
10400		-8.878801	0.961834	3.159010	-1.356209	-2.461719	0.854997	-0.153809	0.207275	-0.553955	-14.657038	34.326776	85.778828
10401		-8.940956	0.434962	2.885499	-1.319301	-2.350467	0.925897	-0.168945	0.212891	-0.541016	-14.826953	33.152891	86.817896
10402		-9.157798	-0.282181	2.681056	-1.211813	-2.258730	0.993757	-0.184082	0.230713	-0.539551	-14.953591	32.046208	87.869563
10403		-9.803940	-1.220642	2.454592	-1.045719	-2.234987	1.039390	-0.200439	0.230713	-0.542725	-14.983520	30.957345	88.941753
10404		-9.908269	-3.005002	1.669281	-0.804314	-2.304665	1.113926	-0.218994	0.245605	-0.544434	-14.879971	29.843608	90.054894
10405		-9.898721	-3.674874	1.066451	-0.539827	-2.361216	1.207376	-0.228027	0.234619	-0.535400	-14.608187	28.706828	91.225342
10406		-10.348460	-2.314533	1.190636	-0.503105	-2.336786	1.173383	-0.237549	0.248779	-0.530273	-14.366338	27.576378	92.346946
10407		-9.696115	-1.631977	0.840172	-0.743456	-2.251462	0.982597	-0.261719	0.259766	-0.535889	-14.339184	26.462983	93.326161
10408		-8.885871	-2.563848	0.134362	-0.915993	-2.048437	0.784332	-0.264160	0.259277	-0.530518	-14.507338	25.435934	94.138809
10409		-8.838915	-3.833431	-0.307954	-0.820988	-1.788562	0.676511	-0.272705	0.269775	-0.528320	-14.671478	24.539996	94.844960
10410		-9.640242	-4.159820	-0.283136	-0.530793	-1.529346	0.592329	-0.273438	0.267334	-0.516846	-14.726131	23.776251	95.451895
10411		-10.217855	-3.934650	-0.211838	-0.213458	-1.319945	0.495500	-0.284424	0.274170	-0.524170	-14.636156	23.116249	95.967121
10412		-10.783268	-3.376412	-0.288403	0.060131	-1.132244	0.367561	-0.285645	0.274658	-0.523438	-14.444928	22.538884	96.368445
10413		3.916786	-0.071787	8.375654	0.042222	-0.795715	0.306656	-0.294922	0.270020	-0.524414	-14.295173	22.142229	96.681358
10414		0.474739	-6.900124	21.463387	-0.014874	-0.044262	0.132845	-0.292236	0.271484	-0.520996	-14.268780	22.134129	96.771153
10415		11.063816	-3.640444	22.912891	-0.321298	-0.573919	0.000155	-0.293945	0.276367	-0.519775	-14.410863	21.815327	96.865465
10416		7.968108	-7.132926	8.006263	-0.432192	-0.006963	0.048293	-0.295898	0.277832	-0.523926	-14.645025	21.816119	96.898805
10417		-2.310994	-1.529666	4.871622	-0.356599	1.279354	-0.296718	-0.281494	0.280273	-0.516357	-14.983728	22.478097	96.525074
10418		-8.266475	1.209573	7.520448	-0.549985	1.707216	-0.919529	-0.285400	0.288574	-0.508789	-15.619816	23.280315	95.696800
10419		-6.426113	3.809680	10.488785	-0.727016	1.665931	-0.823502	-0.272949	0.289795	-0.516846	-16.341176	24.065578	94.921110
10420		-4.827955	4.463159	12.010029	-1.102663	1.553294	-0.365280	-0.263672	0.303467	-0.504395	-17.178315	24.855235	94.422594
10421		-6.177671	0.730382	10.699065	-1.437711	1.546393	-0.175033	-0.249756	0.313965	-0.491699	-18.163038	25.667012	94.027123
10422		-7.809055	-4.964243	8.607119	-1.504801	1.572178	-0.339933	-0.241211	0.324219	-0.487549	-19.254069	26.455684	93.503841
10423		-8.456611	-8.609714	7.556018	-1.263613	1.567532	-0.534438	-0.234619	0.336182	-0.479736	-20.265916	27.196091	92.848718
10424		-8.265804	-9.000170	7.499592	-0.881835	1.474354	-0.620122	-0.231201	0.334961	-0.479980	-21.097074	27.858986	92.141279
10425		-8.076946	-7.075757	7.975904	-0.505238	1.294048	-0.539308	-0.234375	0.347656	-0.469727	-21.674849	28.436198	91.516069
10426		-7.108822	-4.276676	8.343169	-0.331655	1.083189	-0.393947	-0.222168	0.340820	-0.460449	-22.103075	28.926071	91.017517
10427		-5.530977	-3.172786	7.907819	-0.289966	0.909551	-0.257463	-0.218262	0.341064	-0.473633	-22.445588	29.352471	90.642731
10428		-3.902059	-4.207866	7.273495	-0.233642	0.859812	-0.107102	-0.214355	0.357422	-0.479004	-22.715882	29.781959	90.364075
10429		-4.021798	-5.209408	6.931486	-0.133388	0.876498	0.008453	-0.209961	0.352539	-0.470459	-22.892374	30.246919	90.152168
10430		-5.006299	-4.781239	6.743538	-0.022283	0.841308	0.132910	-0.195313	0.349365	-0.473145	-22.971298	30.718731	90.019632
10431		-6.044504	-4.183424	7.383218	0.053615	0.776107	0.228108	-0.198730	0.351074	-0.470947	-22.963042	31.179266	89.965231
10432		-6.520064	-3.529658	7.747340	0.076608	0.695580	0.249970	-0.187256	0.359863	-0.475830	-22.930290	31.600308	89.941774
10433		-7.399021	-2.822428	8.303011	0.059790	0.584505	0.241481	-0.179688	0.354248	-0.475342	-22.888485	31.962946	89.945987
10434		-7.010812	-2.487923	8.307069	0.021275	0.428555	0.224096	-0.184326	0.349365	-0.466309	-22.858706	32.237287	89.977060
10435		-6.469393	-3.209500	8.007458	0.009461	0.351012	0.215525	-0.182373	0.349121	-0.468262	-22.821054	32.471148	90.027215
10436		-6.074031	-3.640386	7.594805	0.051135	0.306681	0.215740	-0.173828	0.343750	-0.472168	-22.759144	32.679218	90.085787
10437		-5.539440	-3.736643	7.302804	0.122249	0.280936	0.268351	-0.168701	0.341797	-0.467529	-22.628154	32.887729	90.188527
10438		-4.695825	-4.288610	6.937133	0.250643	0.297651	0.385234	-0.155762	0.351807	-0.464111	-22.391180	33.127955	90.357941
10439		-4.480529	-4.723499	6.997851	0.415920	0.377271	0.524821	-0.157959	0.343018	-0.483643	-22.014336	33.442308	90.601060
10440		-5.813560	-3.945988	7.588336	0.546041	0.385874	0.624795	-0.145020	0.339844	-0.470215	-21.531666	33.778543	90.905883
10441		-6.656073	-3.440671	7.841917	0.593387	0.313433	0.661671	-0.140625	0.332520	-0.483154	-20.988653	34.083770	91.260887
10442		-5.859073	-3.212317	7.523960	0.619166	0.247984	0.635196	-0.135742	0.330078	-0.490479	-20.433209	34.343450	91.615887
10443		-5.509423	-2.877680	7.857185	0.630086	0.273462	0.594758	-0.125000	0.324463	-0.490234	-19.880500	34.608322	91.946107
10444		-5.775899	-2.219690	7.989234	0.594211	0.277378	0.549130	-0.128418	0.321289	-0.500244	-19.368171	34.861690	92.245858
10445		-6.300965	-1.854960	8.168936	0.529995	0.264567	0.497909	-0.119141	0.311279	-0.500977	-18.901470	35.098631	92.521887
10446		-5.866510	-1.341786	8.097401	0.429531	0.237992	0.430936	-0.109375	0.307861	-0.500488	-18.517820	35.304937	92.758625
10447		-5.585936	-1.325167	8.426134	0.295960	0.269920	0.332149	-0.105225	0.309326	-0.507813	-18.245000	35.511882	92.928301
10448		-5.537130	-1.096879	8.441763	0.153567	0.298966	0.234385	-0.102295	0.313232	-0.499756	-18.100442	35.714437	93.023602
10449		-5.042667	-1.267505	8.314410	0.029426	0.370548	0.143129	-0.099365	0.306396	-0.509766	-18.064942	35.941764	93.046668
10450		-5.679564	-1.701905	8.284314	-0.071387	0.449897	0.068441	-0.100098	0.306885	-0.495850	-18.133542	36.196880	92.997796
10451		-6.649001	-1.581369	7.844176	-0.152436	0.446125	-0.003779	-0.097168	0.309082	-0.501221	-18.270818	36.438958	92.904581
10452		-6.661383	-1.355880	7.812720	-0.238594	0.432047	-0.105770	-0.092041	0.306152	-0.502686	-18.504493	36.652681	92.739926
10453		-6.111977	-1.482588	7.820444	-0.341937	0.437651	-0.213117	-0.089111	0.319336	-0.491211	-18.836183	36.851268	92.504036
10454		-6.116373	-2.289876	7.866363	-0.404268	0.454400	-0.261145	-0.092285	0.316895	-0.493652	-19.234482	37.046554	92.224972
10455		-6.682829	-2.920982	7.324003	-0.400690	0.432481	-0.276729	-0.090820	0.314209	-0.488770	-19.628959	37.227698	91.942861
10456		-6.381324	-3.253020	7.088770	-0.361023	0.409362	-0.245911	-0.086670	0.323486	-0.488770	-19.993788	37.398626	91.680471
10457		-6.417261	-3.447633	6.932606	-0.302092	0.370872	-0.202163	-0.083740	0.331299	-0.483887	-20.295717	37.558615	91.460059
10458		-6.214817	-3.684411	6.694534	-0.218845	0.323295	-0.132229	-0.085205	0.327637	-0.485840	-20.521965	37.703854	91.293110
10459		-6.177676	-3.754174	6.598917	-0.111949	0.277560	-0.049733	-0.082031	0.322510	-0.477295	-20.639713	37.843215	91.197346
10460		-6.339068	-3.619173	6.669168	-0.006966	0.221496	0.032628	-0.087646	0.319580	-0.476318	-20.661213	37.966628	91.167093
10461		-6.281648	-3.418382	6.695507	0.088952	0.162070	0.111578	-0.089111	0.324707	-0.478516	-20.578940	38.076608	91.210076
10462		-6.051219	-3.649158	6.611814	0.192557	0.112987	0.194848	-0.080078	0.328125	-0.473633	-20.400590	38.174384	91.318513
10463		-5.821039	-3.778212	6.646915	0.316812	0.072864	0.298223	-0.076904	0.325195	-0.490479	-20.094358	38.273233	91.512562
10464		-5.828993	-3.665176	6.791875	0.442756	0.053267	0.410811	-0.072510	0.317871	-0.495117	-19.670168	38.380003	91.785776
10465		-6.128019	-3.784394	6.733335	0.567671	0.003221	0.492484	-0.074219	0.315674	-0.494629	-19.124722	38.475867	92.132903
10466		-6.073761	-3.292424	6.711793	0.673114	-0.045649	0.541622	-0.069824	0.303955	-0.504639	-18.494852	38.549125	92.523351
10467		-6.120648	-2.856191	6.687016	0.778493	-0.049758	0.621078	-0.068115	0.298584	-0.504150	-17.762636	38.633034	92.975309
10468		-6.357058	-3.064848	6.819166	0.837628	-0.030505	0.646636	-0.057617	0.299072	-0.500977	-16.991768	38.724882	93.439123
10469		-6.546117	-2.292085	7.057442	0.810775	-0.101872	0.601151	-0.056152	0.292236	-0.513428	-16.239979	38.767611	93.891468
10470		-6.824676	-1.659291	7.359186	0.786582	-0.181344	0.617556	-0.051025	0.286865	-0.517578	-15.489520	38.762183	94.368533
10471		-6.886307	-1.425310	7.454193	0.767632	-0.251327	0.603116	-0.052246	0.270752	-0.520508	-14.742955	38.713388	94.852075
10472		-6.728577	-1.549454	7.553215	0.730461	-0.300511	0.602708	-0.046387	0.270508	-0.529053	-14.018879	38.630078	95.339343
10473		-6.582356	-1.664982	7.555202	0.704212	-0.362366	0.592484	-0.045166	0.259766	-0.535889	-13.304203	38.508557	95.831659
10474		-6.295052	-1.811195	7.662381	0.688633	-0.423265	0.564744	-0.051025	0.256592	-0.539795	-12.612803	38.342409	96.307547
10475		-5.967269	-1.851471	7.830154	0.663774	-0.426105	0.540060	-0.049072	0.247314	-0.542969	-11.944162	38.169580	96.766286
10476		-6.330807	-2.108107	8.066270	0.582887	-0.403286	0.452599	-0.056641	0.241211	-0.547852	-11.371136	37.993238	97.152127
10477		-5.331059	-0.502475	7.781955	0.467956	-0.375205	0.359149	-0.054443	0.236816	-0.560791	-10.904656	37.821801	97.468054
10478		-5.832006	-0.662999	7.933854	0.443642	-0.270720	0.391350	-0.053467	0.229248	-0.549805	-10.454093	37.708436	97.786946
10479		-6.089807	-0.443867	8.025667	0.364825	-0.200409	0.328469	-0.054199	0.233643	-0.553955	-10.077336	37.628539	98.054198
10480		-5.960635	-0.008022	8.052866	0.216642	-0.153627	0.165798	-0.054443	0.232422	-0.560547	-9.866077	37.555767	98.195264
10481		-5.905694	0.020798	8.116863	0.176970	-0.075574	0.184883	-0.046387	0.226807	-0.551025	-9.669595	37.530530	98.343765
10482		-5.953711	-0.355338	8.042333	0.100434	-0.006153	0.120761	-0.048828	0.221436	-0.561523	-9.555839	37.536061	98.434267
10483		-5.747276	-0.949240	8.111245	0.033113	0.026682	0.048169	-0.055420	0.218262	-0.556152	-9.508414	37.555095	98.473133
10484		-5.810644	-1.027600	7.876761	0.008876	0.090604	0.055030	-0.048828	0.220947	-0.567383	-9.482637	37.608944	98.505295
10485		-5.518361	-1.277316	7.900704	-0.011778	0.139733	0.064142	-0.046387	0.214111	-0.553711	-9.462043	37.693258	98.542208
10486		-5.477142	-1.579827	7.880737	-0.024751	0.202323	0.063221	-0.045898	0.217773	-0.566162	-9.459950	37.811003	98.567032
10487		-5.667845	-1.439132	7.934550	-0.030631	0.267279	0.083350	-0.046875	0.228516	-0.551758	-9.450915	37.969069	98.602601
10488		-5.627522	-1.457063	7.929029	-0.038151	0.326384	0.083034	-0.045410	0.221680	-0.559814	-9.456690	38.158792	98.626942
10489		-5.860483	-1.232361	7.892634	-0.050994	0.393002	0.066321	-0.038086	0.228760	-0.552246	-9.476065	38.386188	98.635282
10490		-5.960846	-1.201072	7.978089	-0.085603	0.462834	0.046650	-0.030518	0.225098	-0.552002	-9.535560	38.649592	98.616776
10491		-5.702260	-1.025079	7.926644	-0.109677	0.542042	0.028723	-0.031494	0.224609	-0.553711	-9.617335	38.957531	98.579156
10492		-6.092440	-1.250488	7.802488	-0.130883	0.622757	0.016596	-0.025391	0.236084	-0.552002	-9.729997	39.308325	98.517762
10493		-6.109871	-1.007470	7.888788	-0.166745	0.697157	-0.000714	-0.023193	0.231445	-0.538086	-9.872237	39.700753	98.437109
10494		-6.321288	-1.015467	7.884356	-0.210271	0.762090	-0.035378	-0.015625	0.236572	-0.552246	-10.069092	40.124766	98.316393
10495		-6.352168	-1.255814	7.714807	-0.250884	0.833401	-0.061312	-0.009277	0.237549	-0.538574	-10.304080	40.587384	98.168410
10496		-6.302654	-1.658787	7.684072	-0.281565	0.904314	-0.042570	-0.004395	0.234863	-0.531494	-10.563581	41.090029	98.016635
10497		-6.410401	-1.684473	7.535566	-0.300788	0.981015	-0.017681	0.005371	0.231201	-0.533447	-10.826504	41.639299	97.872775
10498		-6.383128	-1.867777	7.515416	-0.295506	1.063722	0.021484	0.008301	0.241943	-0.532715	-11.085243	42.237521	97.737364
10499		-6.177216	-1.966640	7.589579	-0.282879	1.158907	0.069871	0.020752	0.240967	-0.528076	-11.319603	42.895449	97.624093
10500		-6.340185	-0.981652	8.053192	-0.357903	1.250839	0.139702	0.035645	0.240967	-0.519043	-11.580779	43.611303	97.540639
10501		-6.149247	-2.425334	7.350212	-0.500457	1.326854	0.238359	0.051758	0.246338	-0.514404	-11.877213	44.382076	97.520570
10502		-5.645843	-0.830214	7.919262	-0.318146	1.586359	0.213930	0.064209	0.253174	-0.505371	-12.124082	45.294193	97.427456
10503		-6.585225	-0.970327	7.662056	-0.456046	1.723678	0.180470	0.066895	0.255371	-0.501709	-12.487118	46.279565	97.279769
10504		-6.289603	-1.033483	7.685124	-0.441014	1.891667	0.128413	0.086426	0.254150	-0.495850	-12.912845	47.350686	97.040990
10505		-6.380205	-0.661988	7.820669	-0.470980	2.093222	0.084024	0.105713	0.261963	-0.479248	-13.422064	48.527727	96.713130
10506		-6.190465	-1.019818	7.805650	-0.468622	2.312560	0.046408	0.109863	0.262207	-0.470215	-14.019745	49.818900	96.276726
10507		-6.285641	-0.935384	7.426786	-0.467504	2.528513	0.063386	0.134033	0.268311	-0.464600	-14.668193	51.229532	95.778522
10508		-6.356704	-0.683562	7.427332	-0.456817	2.790867	0.115577	0.153809	0.265137	-0.446777	-15.373550	52.788865	95.214341
10509		-6.697887	-0.362490	7.353487	-0.409565	2.998616	0.175229	0.173828	0.272461	-0.431396	-16.095771	54.467663	94.604032
10510		-6.506634	-1.054404	7.299047	-0.350372	3.211089	0.236203	0.193359	0.272949	-0.425537	-16.858453	56.268164	93.919895
10511		-6.281930	-1.306523	7.101806	-0.284267	3.531489	0.293135	0.212891	0.273926	-0.391357	-17.690527	58.247843	93.119908
10512		-6.972268	-2.626817	7.127195	-0.285967	4.045992	0.259552	0.245117	0.268555	-0.376709	-18.836362	60.493882	91.977707
10513		-8.343714	-2.518546	7.512346	-0.367160	4.537495	0.121382	0.271973	0.273926	-0.351807	-20.535201	62.962819	90.284137
10514		-7.452113	-2.224956	7.776424	-0.497099	4.848899	0.005013	0.298584	0.278809	-0.325928	-22.940385	65.543173	87.929584
10515		-7.941261	-3.054362	7.617538	-0.573253	5.175769	0.071735	0.330811	0.280029	-0.301025	-26.041094	68.257204	84.913316
10516		-9.058964	-3.560347	7.327237	-0.693810	5.456283	0.223941	0.353516	0.284912	-0.254883	-30.093166	71.076221	81.016226
10517		-11.415572	-3.242955	7.042360	-0.869102	5.721945	0.445681	0.372314	0.284180	-0.211426	-35.522657	73.970719	75.845303
10518		-14.075212	-2.610940	6.321170	-1.116450	5.911038	0.687891	0.414795	0.289063	-0.171387	-43.236534	76.843582	68.537292
10519		-16.139238	-1.557637	5.867042	-1.398750	5.931670	0.903864	0.441406	0.287109	-0.123779	-54.604709	79.478463	57.742961
10520		-17.398712	-3.536912	6.914701	-1.626076	5.740029	1.014596	0.461426	0.274658	-0.082520	-71.502228	81.507880	41.559393
10521		-15.005492	-4.312935	4.750473	-1.745499	5.491284	0.895665	0.476074	0.280762	-0.024170	-94.244534	82.429301	19.606048
10522		-14.417699	-3.464779	5.379214	-1.762557	5.286403	0.945294	0.500488	0.280273	0.016113	-117.931103	82.107239	-3.273991
10523		-13.165353	-2.188337	5.093225	-1.906412	5.007458	1.021988	0.513428	0.284180	0.068848	-136.646947	80.830099	-21.091877
10524		-11.116481	-1.516481	4.626517	-2.194151	4.749191	0.970665	0.514404	0.280029	0.111084	-149.598196	78.981309	-32.967838
10525		-7.595943	-1.425804	3.609095	-2.576403	4.532410	0.815486	0.525879	0.267334	0.156250	-158.363702	76.860579	-40.421599
10526		-4.922238	-0.510011	2.876222	-2.945287	4.389860	0.742639	0.530029	0.264404	0.203125	-164.773659	74.610653	-45.293967
10527		-2.371821	2.318797	2.236067	-3.419080	4.465597	0.790075	0.531006	0.259766	0.260742	-170.092232	72.223783	-48.799305
10528		-12.856692	2.452039	2.921560	-3.954059	4.591314	1.097141	0.536133	0.254150	0.323242	-175.149339	69.698333	-51.752357
10529		-14.787471	-1.754175	5.304057	-4.148632	3.747813	1.060754	0.540039	0.246338	0.371582	-179.352023	67.595963	-53.712561
10530		-11.591641	-2.419827	4.288249	-4.208731	2.851597	0.963570	0.535400	0.226563	0.411865	177.022566	65.954204	-55.034428
10531		-11.300886	-3.666569	4.983287	-4.042784	2.006757	0.767865	0.543945	0.221191	0.443848	173.938496	64.788356	-55.879389
10532		-11.248199	-5.309768	5.204105	-3.693113	1.111495	0.509698	0.540039	0.209473	0.474609	171.381792	64.122119	-56.368997
10533		-10.230185	-7.051440	4.924095	-3.086427	0.191627	0.303440	0.538818	0.201904	0.482910	169.291678	64.001366	-56.727599
10534		-9.350379	-8.509713	4.640622	-2.193182	-0.642934	0.121057	0.545166	0.208008	0.486572	167.737842	64.350995	-57.058999
10535		-9.237893	-8.667011	4.390081	-1.108476	-1.425066	-0.138176	0.544434	0.196289	0.471680	166.881133	65.183388	-57.305459
10536		-9.263440	-7.664328	4.104240	-0.078041	-2.210449	-0.441313	0.552490	0.208252	0.458740	166.735074	66.476521	-57.417712
10537		-9.299148	-6.286648	3.973300	0.723027	-2.995060	-0.747378	0.549561	0.222168	0.420166	167.220591	68.265176	-57.342670
10538		-9.957087	-4.912788	4.159989	1.291601	-3.733804	-1.039468	0.550537	0.233154	0.386475	168.294799	70.484530	-56.986926
10539		-10.287406	-3.955226	3.967743	1.666713	-4.486652	-1.283115	0.547607	0.249512	0.318359	169.974431	73.169675	-56.226953
10540		-10.159925	-3.465517	3.419779	1.934350	-5.177965	-1.406283	0.539063	0.267822	0.273682	172.314273	76.227827	-54.952003
10541		-9.554147	-2.562072	2.684575	2.136351	-5.722456	-1.422202	0.540527	0.281494	0.209473	175.740122	79.597474	-52.703963
10542		-8.260313	-1.457734	2.147719	2.184124	-6.081814	-1.317287	0.525879	0.295166	0.139160	-178.640805	83.105537	-48.289683
10543		-6.506581	-0.015844	1.593017	1.992005	-6.187215	-1.173966	0.505615	0.309570	0.079102	-164.177275	86.556834	-34.922109
10544		-4.923921	1.510696	1.171563	1.538375	-6.021741	-1.079102	0.494141	0.325439	0.025146	-84.236778	88.413931	44.182423
10545		-4.821209	2.511354	1.338321	0.882890	-5.631634	-1.104066	0.463135	0.333252	-0.031738	-32.688107	85.929161	95.267058
10546		-5.753639	2.024229	1.664636	0.218018	-5.210012	-1.223303	0.432129	0.341309	-0.080078	-24.225866	82.961395	103.639668
10547		-6.814426	0.407653	1.941619	-0.284784	-4.873439	-1.361108	0.401123	0.353760	-0.105957	-21.826933	80.062419	106.227422
10548		-7.791276	-1.917290	2.275718	-0.464220	-4.683560	-1.461271	0.381348	0.370850	-0.132080	-21.067739	77.256625	107.271650
10549		-8.113858	-4.414985	2.651428	-0.243940	-4.560484	-1.470599	0.341309	0.377686	-0.159668	-20.615216	74.491081	107.880160
10550		-8.394506	-5.503576	3.194242	0.263099	-4.440840	-1.416655	0.311523	0.397217	-0.196289	-20.046149	71.821198	108.315960
10551		-8.967067	-5.362986	4.016378	0.753994	-4.330003	-1.386936	0.270752	0.411377	-0.221436	-19.348857	69.193491	108.595164
10552		-9.916500	-4.245383	5.121515	1.045873	-4.256193	-1.470958	0.233887	0.407959	-0.253174	-18.742401	66.611328	108.601676
10553		-10.728353	-3.144199	6.025276	1.050162	-4.244696	-1.670956	0.184570	0.418213	-0.283691	-18.417384	63.976521	108.295065
10554		-11.047232	-2.887183	6.536115	0.913810	-4.258464	-1.902578	0.149170	0.431396	-0.301514	-18.396409	61.315135	107.728025
10555		-10.829143	-3.172439	6.683370	0.807452	-4.230800	-2.062423	0.095703	0.435059	-0.326172	-18.534594	58.616945	107.031764
10556		-10.780457	-3.402947	6.970128	0.791394	-4.162781	-2.120250	0.061035	0.447998	-0.338867	-18.682568	55.966799	106.315835
10557		-10.992709	-3.394976	7.344953	0.827904	-4.074278	-2.082799	0.002197	0.452637	-0.352295	-18.737158	53.348382	105.664607
10558		-11.201031	-3.234657	7.803121	0.891444	-3.988776	-1.966445	-0.038574	0.465820	-0.371338	-18.650796	50.820369	105.125315
10559		-12.027638	-2.998413	8.583923	0.897122	-3.900523	-1.816933	-0.084473	0.454590	-0.384521	-18.452485	48.346079	104.707236
10560		-13.182106	-2.849624	9.267345	0.800615	-3.869195	-1.675879	-0.132568	0.456055	-0.385254	-18.219758	45.937610	104.397448
10561		-14.571617	-3.299381	9.838426	0.638456	-3.905534	-1.557015	-0.184326	0.466553	-0.386719	-17.997184	43.509543	104.189793
10562		-16.018687	-4.065294	9.752556	0.475722	-4.020416	-1.439531	-0.227051	0.455322	-0.386719	-17.790646	41.061931	104.090013
10563		-16.847582	-4.991913	8.766322	0.377896	-4.160386	-1.288240	-0.266602	0.456299	-0.370361	-17.550369	38.543687	104.122476
10564		-17.399028	-4.813567	7.144311	0.301627	-4.232952	-1.107506	-0.303467	0.445313	-0.357666	-17.282196	36.037521	104.277998
10565		-17.596703	-3.245109	5.345386	0.110112	-4.177782	-0.931570	-0.335938	0.447021	-0.346680	-17.076653	33.571786	104.523046
10566		-18.037472	-0.831018	3.573335	-0.329469	-3.975200	-0.862036	-0.366211	0.455811	-0.332764	-17.136637	31.247504	104.761322
10567		-18.861591	1.699495	1.565088	-1.019574	-3.672114	-0.935043	-0.384277	0.462646	-0.304688	-17.647892	29.061142	104.901915
10568		-19.585874	2.879378	-1.232160	-1.731268	-3.342266	-1.126079	-0.412354	0.460205	-0.275879	-18.645983	27.038412	104.886770
10569		-19.253933	2.166692	-4.711659	-2.060695	-2.938795	-1.257760	-0.436279	0.477539	-0.250977	-19.883128	25.196568	104.752450
10570		-18.686513	1.372134	-8.149258	-1.797979	-2.430641	-1.208159	-0.459229	0.486816	-0.226563	-20.984513	23.647947	104.577758
10571		-18.776776	2.093032	-10.840742	-1.172680	-1.874968	-0.962472	-0.473633	0.488037	-0.215088	-21.704110	22.436546	104.448974
10572		-18.955583	4.482221	-12.594890	-0.598651	-1.300050	-0.675055	-0.483398	0.489502	-0.203125	-22.077475	21.599319	104.365123
10573		-19.066663	6.243186	-13.405774	-0.290203	-0.706287	-0.401908	-0.489258	0.487305	-0.199463	-22.263378	21.132402	104.304417
10574		-16.867428	3.085139	-13.832922	-0.062071	-0.085851	-0.110661	-0.493408	0.485596	-0.199951	-22.311970	21.061008	104.265228
10575		-14.786730	1.587716	-14.290319	1.380508	1.321027	0.632334	-0.480957	0.491211	-0.211426	-21.495967	21.897860	104.327267
10576		-1.251470	5.260287	3.096973	1.227794	2.300931	0.922003	-0.461914	0.481201	-0.233154	-20.782763	23.316083	104.349677
10577		-8.940654	-8.414109	23.783109	0.690253	2.047873	-0.046898	-0.454590	0.474854	-0.229736	-20.577421	24.405816	103.873526
10578		3.695267	-14.604426	22.522807	0.891192	1.017811	-0.053230	-0.458496	0.475586	-0.248047	-20.170566	24.939930	103.622368
10579		3.109532	-1.391775	5.959780	0.893963	1.493751	0.055530	-0.447754	0.476563	-0.254395	-19.778992	25.754837	103.336132
10580		2.187121	3.001371	1.285806	0.756666	3.007784	0.071240	-0.429688	0.468262	-0.267578	-19.613962	27.389122	102.733456
10581		-11.344099	5.166450	8.989908	0.375299	3.637661	-0.096306	-0.414063	0.468262	-0.272949	-19.801997	29.331558	101.880299
10582		-12.171658	4.752180	13.145875	0.033981	3.076834	0.053950	-0.409912	0.461182	-0.282471	-20.112329	30.997187	101.221879
10583		-7.195391	4.785065	11.463024	-0.189680	2.711499	0.779966	-0.380371	0.461182	-0.276611	-20.286778	32.609741	101.090108
10584		-11.237704	-4.916963	9.980536	0.040201	2.504586	1.710380	-0.354004	0.464844	-0.295166	-19.978861	34.292435	101.604909
10585		-13.596026	-16.183809	5.898154	0.577923	1.912573	1.766245	-0.335693	0.469238	-0.292725	-19.229766	35.664913	102.326513
10586		-12.392487	-11.271648	2.923851	1.209088	1.489434	1.483491	-0.320313	0.457520	-0.302979	-18.144216	36.743601	102.989610
10587		-16.356246	-0.889621	7.972248	1.418851	1.006456	1.580803	-0.300781	0.444336	-0.307129	-16.802344	37.567230	103.861574
10588		-12.232801	1.174036	10.031180	1.124930	0.218720	1.254386	-0.297607	0.437988	-0.321289	-15.647425	37.886187	104.693883
10589		-10.636267	1.563364	10.060739	0.765952	-0.034777	0.832672	-0.280029	0.439453	-0.326660	-14.839294	37.995132	105.289936
10590		-6.392276	0.689753	7.506046	0.579350	-0.136512	0.575079	-0.273926	0.447021	-0.332520	-14.239290	37.999857	105.723608
10591		-6.669876	-1.403240	7.723065	0.512662	-0.110602	0.449256	-0.277100	0.433838	-0.337646	-13.731134	38.003519	106.066331
10592		-6.147499	-2.370206	7.821548	0.479409	-0.094525	0.402796	-0.278809	0.437744	-0.346436	-13.267704	38.002391	106.371136
10593		-5.869261	-2.683108	7.592420	0.479086	-0.097929	0.411621	-0.281738	0.434082	-0.344238	-12.796471	38.003756	106.685069
10594		-6.456726	-1.288224	7.813349	0.455317	-0.105464	0.383399	-0.273926	0.429199	-0.344482	-12.354332	37.990219	106.977753
10595		-6.727371	-0.649856	7.569000	0.345562	-0.119028	0.280406	-0.265137	0.440186	-0.353271	-12.015262	37.960192	107.201446
10596		-6.271266	-1.039401	7.609159	0.270621	-0.102057	0.218799	-0.271240	0.428711	-0.355469	-11.751704	37.926360	107.376155
10597		-6.203010	-1.226157	7.828676	0.227927	-0.046782	0.199520	-0.271729	0.425781	-0.350098	-11.522199	37.925901	107.531259
10598		-6.198749	-1.195734	7.809208	0.186327	-0.016770	0.179953	-0.272949	0.422363	-0.359131	-11.331749	37.934460	107.665656
10599		-6.297649	-1.283160	7.708685	0.161387	0.029873	0.162874	-0.260742	0.420898	-0.361328	-11.162948	37.972117	107.783842
10600		-6.673796	-0.986294	7.721525	0.121525	0.046375	0.133778	-0.268311	0.424561	-0.360352	-11.035125	38.010479	107.876632
10601		-6.415451	-0.976555	7.738887	0.079871	0.053378	0.088958	-0.263916	0.420654	-0.356445	-10.947143	38.052892	107.939143
10602		-6.292032	-1.336385	7.771587	0.047605	0.087332	0.071169	-0.263184	0.426758	-0.356934	-10.892477	38.107271	107.981803
10603		-6.235868	-1.407374	7.719594	0.031350	0.120783	0.068666	-0.262695	0.421631	-0.360840	-10.846691	38.185312	108.020777
10604		-6.163696	-1.501200	7.741397	0.015512	0.153022	0.067393	-0.255859	0.423828	-0.359863	-10.817452	38.276200	108.051921
10605		-6.259337	-1.551823	7.711323	0.014296	0.191435	0.070254	-0.264893	0.423584	-0.362061	-10.786515	38.394099	108.082566
10606		-6.396825	-1.564782	7.675565	0.008035	0.209834	0.079978	-0.253418	0.426270	-0.358154	-10.760537	38.518287	108.115202
10607		-6.404722	-1.447781	7.549575	0.011033	0.222134	0.084313	-0.252197	0.419189	-0.364014	-10.727560	38.654921	108.152006
10608		-6.481564	-1.488766	7.520257	0.010555	0.220581	0.096207	-0.252197	0.428955	-0.363525	-10.693427	38.786860	108.195181
10609		-6.423050	-1.452596	7.473362	0.010715	0.213214	0.095601	-0.251221	0.420654	-0.361816	-10.654435	38.919643	108.241692
10610		-6.432037	-1.495965	7.506770	0.009744	0.204203	0.094728	-0.250244	0.422607	-0.350342	-10.619650	39.042159	108.286399
10611		-6.348436	-1.376462	7.573310	-0.000249	0.202559	0.087491	-0.251953	0.419678	-0.359863	-10.589391	39.168044	108.328820
10612		-6.279421	-1.289918	7.633917	-0.016747	0.221133	0.071525	-0.241699	0.420654	-0.364014	-10.581566	39.297621	108.354658
10613		-6.334139	-1.351397	7.531242	-0.033632	0.235301	0.055046	-0.246338	0.427979	-0.353516	-10.587971	39.438483	108.369204
10614		-6.341685	-1.243579	7.527795	-0.046360	0.245791	0.037099	-0.239746	0.416748	-0.362793	-10.615112	39.578324	108.366599
10615		-6.379179	-1.302706	7.452324	-0.051462	0.249193	0.029436	-0.234619	0.422119	-0.359375	-10.644900	39.724277	108.360436
10616		-6.504753	-1.367371	7.308121	-0.051875	0.248159	0.024217	-0.237549	0.419434	-0.355469	-10.681595	39.864083	108.347857
10617		-6.518374	-1.418959	7.237896	-0.049014	0.231191	0.021303	-0.235596	0.422607	-0.360352	-10.712408	39.999024	108.337976
10618		-6.499500	-1.484682	7.173999	-0.038492	0.207227	0.028640	-0.232422	0.421143	-0.357910	-10.735873	40.116249	108.334109
10619		-6.511253	-1.561964	7.153882	-0.033250	0.185303	0.037132	-0.237305	0.427734	-0.361572	-10.746193	40.227059	108.342104
10620		-6.489724	-1.549803	7.200599	-0.022362	0.165426	0.042254	-0.237061	0.421387	-0.357178	-10.750199	40.322208	108.354059
10621		-6.485216	-1.438106	7.179336	-0.012643	0.143575	0.044372	-0.231934	0.427246	-0.357666	-10.741517	40.410308	108.373214
10622		-6.447123	-1.393813	7.234951	-0.013828	0.130107	0.040068	-0.231689	0.420410	-0.355469	-10.738408	40.485340	108.388556
10623		-6.378212	-1.415872	7.266387	-0.005371	0.123525	0.042595	-0.228516	0.425537	-0.356201	-10.724542	40.561953	108.409256
10624		-6.439394	-1.459497	7.318202	-0.003916	0.117712	0.039392	-0.226074	0.430176	-0.357666	-10.714873	40.629931	108.425905
10625		-6.505169	-1.476146	7.246279	0.002798	0.113283	0.050015	-0.223145	0.421143	-0.355225	-10.691748	40.701525	108.453614
10626		-6.541496	-1.482384	7.257288	0.010296	0.106167	0.060369	-0.220215	0.425293	-0.356934	-10.662614	40.765221	108.487568
10627		-6.563756	-1.508311	7.244813	0.015424	0.095047	0.064739	-0.231689	0.420654	-0.355957	-10.623346	40.828066	108.528889
10628		-6.602291	-1.538939	7.203817	0.029366	0.081392	0.069460	-0.216064	0.427246	-0.362549	-10.576431	40.878731	108.573239
10629		-6.545407	-1.534284	7.162900	0.032671	0.072052	0.079224	-0.228516	0.420654	-0.364746	-10.518007	40.930082	108.628695
10630		-6.505935	-1.563116	7.241251	0.036418	0.055710	0.088155	-0.218750	0.424561	-0.356689	-10.455404	40.968162	108.690733
10631		-6.491870	-1.573855	7.290725	0.045404	0.068735	0.090518	-0.222656	0.423584	-0.353271	-10.383730	41.018699	108.755236
10632		-6.528574	-1.497677	7.311411	0.041303	0.073724	0.102844	-0.229492	0.422119	-0.363281	-10.312519	41.068331	108.826004
10633		-6.507445	-1.426021	7.319136	0.043832	0.081226	0.104041	-0.217529	0.421387	-0.351807	-10.236025	41.127129	108.899139
10634		-6.591876	-1.288164	7.333788	0.043271	0.087778	0.102221	-0.216309	0.425049	-0.355469	-10.164944	41.184485	108.967837
10635		-6.856704	-1.527235	7.423150	0.026894	0.084631	0.079280	-0.221680	0.423584	-0.357910	-10.110404	41.242538	109.022235
10636		-6.430279	-1.008870	7.212781	-0.044102	0.044216	-0.039305	-0.218994	0.425293	-0.363525	-10.155328	41.260997	108.990790
10637		-6.594110	-1.145026	7.285346	0.008024	0.081934	0.041540	-0.216309	0.418457	-0.355713	-10.129983	41.313704	109.017263
10638		-6.639977	-1.155392	7.244431	-0.003756	0.084966	0.048987	-0.213135	0.427246	-0.355957	-10.111650	41.364043	109.046646
10639		-6.611798	-1.269811	7.260988	-0.003180	0.092822	0.044730	-0.215088	0.412842	-0.357178	-10.091989	41.423181	109.074160
10640		-6.663773	-1.282971	7.242989	-0.009311	0.091627	0.044114	-0.209229	0.424316	-0.359619	-10.079754	41.476775	109.099074
10641		-6.705412	-1.112627	7.244087	-0.016496	0.096094	0.024135	-0.212646	0.419678	-0.361328	-10.078226	41.535666	109.110699
10642		-6.757064	-1.128532	7.225698	-0.024980	0.090243	0.012061	-0.217041	0.422363	-0.358887	-10.090810	41.585263	109.111678
10643		-6.778236	-1.212527	7.183227	-0.025468	0.084145	-0.002055	-0.208496	0.421387	-0.358154	-10.106450	41.634785	109.105153
10644		-6.690131	-1.336332	7.087935	-0.027176	0.062284	-0.007635	-0.208740	0.420898	-0.362305	-10.127694	41.666629	109.094994
10645		-6.623033	-1.469735	7.189243	-0.016721	0.048895	-0.007128	-0.208008	0.424561	-0.360596	-10.137776	41.695761	109.089329
10646		-6.763373	-1.311458	7.092992	-0.010790	0.035183	-0.003051	-0.210693	0.425293	-0.349365	-10.144916	41.712780	109.086268
10647		-6.697731	-1.521194	7.112951	0.002520	0.013344	0.003261	-0.215332	0.420898	-0.356445	-10.135625	41.722901	109.093203
10648		-6.468578	-1.570536	7.313293	0.012491	0.013097	0.009402	-0.213867	0.429688	-0.356934	-10.121176	41.728718	109.102540
10649		-6.628742	-1.547075	7.377371	0.020034	0.027016	0.021163	-0.208008	0.419922	-0.359375	-10.094166	41.748307	109.121101
10650		-6.680885	-1.406915	7.476856	0.019668	0.054968	0.023403	-0.208984	0.428223	-0.357910	-10.072291	41.779143	109.135407
10651		-6.565042	-1.697507	7.499219	0.015747	0.095791	0.033683	-0.203125	0.425537	-0.357178	-10.047607	41.838715	109.154198
10652		-6.627272	-1.685852	7.479873	0.025481	0.139306	0.046852	-0.208496	0.422607	-0.360352	-10.018024	41.919465	109.175029
10653		-6.716895	-1.371792	7.454236	0.016014	0.180234	0.044761	-0.196045	0.432129	-0.365723	-9.995141	42.027688	109.190955
10654		-6.563412	-1.181954	7.750985	0.000712	0.243057	0.027741	-0.195557	0.416504	-0.369629	-9.998663	42.165070	109.183485
10655		-6.409753	-1.199050	8.076334	-0.025072	0.355407	0.013795	-0.203613	0.424561	-0.359619	-10.030978	42.368955	109.152273
10656		-6.182048	-1.215498	8.365869	-0.068318	0.501431	-0.000824	-0.201172	0.422119	-0.358398	-10.112791	42.649223	109.087530
10657		-5.953480	-1.539878	8.395260	-0.096015	0.699788	-0.028797	-0.192871	0.417969	-0.352539	-10.241290	43.042695	108.974994
10658		-5.695011	-0.405839	8.870082	-0.187837	0.956414	-0.059853	-0.194824	0.419189	-0.360596	-10.469663	43.573084	108.797385
10659		-5.349058	-0.821247	8.941763	-0.351355	1.268508	-0.081939	-0.172607	0.420654	-0.348633	-10.837255	44.280065	108.553284
10660		-5.585587	-0.898881	8.748533	-0.381956	1.564322	-0.127192	-0.168213	0.427002	-0.353760	-11.293139	45.143240	108.214845
10661		-5.505002	-1.169775	8.617584	-0.409013	1.864297	-0.103171	-0.165527	0.426270	-0.333008	-11.797460	46.178895	107.833077
10662		-5.737676	-1.232645	8.321888	-0.404788	2.145659	-0.073604	-0.155762	0.439941	-0.335693	-12.342447	47.369862	107.401997
10663		-5.954146	-1.022816	7.967513	-0.403977	2.413933	-0.042565	-0.144531	0.432617	-0.333252	-12.928249	48.714625	106.921461
10664		-6.776312	-0.910283	8.218656	-0.458769	2.629880	0.010236	-0.135986	0.436035	-0.324463	-13.583543	50.180293	106.403611
10665		-6.614441	-1.207420	7.782377	-0.564436	2.727748	0.082844	-0.118164	0.436523	-0.316895	-14.304829	51.708753	105.887420
10666		-7.402558	-2.073459	7.267558	-0.574212	2.863664	0.146667	-0.093018	0.457031	-0.302490	-15.064972	53.314960	105.342787
10667		-7.921531	-1.544050	6.857909	-0.615496	2.893827	0.184809	-0.088867	0.447754	-0.291260	-15.877761	54.941108	104.771492
10668		-8.542378	-1.127746	6.655357	-0.792704	2.873127	0.182883	-0.064209	0.456299	-0.275391	-16.859774	56.547936	104.131689
10669		-9.208474	-1.130449	6.419228	-1.027603	2.793077	0.143729	-0.055664	0.450928	-0.265137	-18.063179	58.099130	103.398314
10670		-8.870594	-1.074881	5.960512	-1.275964	2.732070	0.070232	-0.035156	0.457520	-0.243408	-19.559700	59.591846	102.502739
10671		-8.848757	-0.549334	5.759507	-1.556694	2.691132	0.012203	-0.026123	0.468018	-0.230713	-21.372875	61.038943	101.439370
10672		-9.088961	-0.109195	5.717569	-1.900909	2.612786	-0.060570	-0.018066	0.474609	-0.203369	-23.578146	62.407220	100.170951
10673		-10.065099	0.248950	6.103159	-2.371397	2.460029	-0.234647	-0.013428	0.482910	-0.176270	-26.329052	63.628834	98.605858
10674		-11.272274	1.534819	6.666881	-2.964288	2.122871	-0.413998	-0.001465	0.500244	-0.154785	-29.626277	64.590313	96.827635
10675		-11.384888	2.215056	6.143902	-3.645064	1.700858	-0.590297	-0.014404	0.519043	-0.118164	-33.400831	65.245336	94.962930
10676		-11.086738	1.897298	4.870016	-4.321857	1.235732	-0.765005	-0.011230	0.535889	-0.068359	-37.545316	65.566594	93.127139
10677		-9.855536	1.332147	3.974235	-4.877430	0.757450	-0.834943	-0.003906	0.545898	-0.020264	-41.739981	65.597684	91.586012
10678		-8.337147	0.393265	4.045961	-5.205959	0.255000	-0.763657	-0.017334	0.557861	0.026367	-45.628814	65.400703	90.589155
10679		-5.110842	-1.630142	7.706664	-5.024093	-0.425031	-0.399462	-0.023193	0.569580	0.070068	-48.436928	65.070363	90.662910
10680		-13.729270	1.421189	11.463041	-4.218463	-1.550214	0.651378	-0.020020	0.568848	0.110107	-48.893132	64.763830	92.826692
10681		-10.109327	2.100106	10.877692	-3.568730	-2.690916	1.542275	-0.012695	0.563721	0.130371	-47.255863	64.393142	96.898516
10682		-4.976992	5.237099	8.822031	-3.307564	-3.233718	2.057684	-0.001709	0.560791	0.160156	-44.695234	63.952592	101.847141
10683		-3.882908	5.887961	7.995129	-3.311344	-3.350525	2.300237	0.025391	0.556152	0.181885	-41.954636	63.460226	107.013709
10684		-3.062174	5.162866	7.334030	-3.384747	-3.251078	2.389171	0.037354	0.548096	0.207275	-39.425059	62.939192	112.018794
10685		-2.875396	3.875727	7.091728	-3.313518	-3.060249	2.347000	0.062500	0.538574	0.229736	-37.145614	62.393721	116.714172
10686		-3.310877	2.293819	7.355704	-3.035308	-2.934779	2.229868	0.080811	0.541260	0.257568	-35.056403	61.786553	121.044880
10687		-3.617547	1.094129	8.002627	-2.600769	-2.882588	2.092927	0.095215	0.523438	0.271240	-32.989137	61.083763	125.086777
10688		-4.115027	0.783232	8.764087	-2.153984	-2.888051	1.957130	0.118652	0.521729	0.283447	-30.961400	60.272301	128.826467
10689		-5.382529	0.929916	9.652882	-1.815882	-2.967365	1.799574	0.134766	0.506104	0.284912	-28.975949	59.306867	132.318613
10690		-6.555981	1.196933	10.259018	-1.629583	-3.179132	1.622058	0.149902	0.501709	0.293701	-27.141838	58.134719	135.555586
10691		-7.195144	1.089934	10.378871	-1.558921	-3.438024	1.478031	0.176514	0.492432	0.301758	-25.448692	56.733655	138.614128
10692		-7.715991	0.540829	10.256114	-1.484498	-3.707520	1.439591	0.185547	0.494385	0.302002	-23.872754	55.145162	141.541451
10693		-8.325508	0.230963	10.013081	-1.377981	-3.945337	1.492554	0.210938	0.473145	0.301270	-22.307887	53.388643	144.430291
10694		-9.192896	0.175773	9.813418	-1.316632	-4.138179	1.604071	0.229248	0.461182	0.294434	-20.810711	51.518881	147.268271
10695		-10.091308	0.097611	9.584586	-1.334700	-4.295721	1.722521	0.254639	0.454346	0.288086	-19.397299	49.532471	150.077224
10696		-10.850945	0.111974	9.412238	-1.439091	-4.397335	1.811299	0.266357	0.437256	0.271973	-18.188382	47.479111	152.790146
10697		-11.420832	0.279363	9.165934	-1.640563	-4.442383	1.836095	0.290039	0.420410	0.259766	-17.239091	45.359082	155.384234
10698		-11.868873	0.227219	8.831158	-1.907025	-4.411215	1.804137	0.321289	0.414063	0.251465	-16.643688	43.240034	157.799378
10699		-12.444051	0.015328	8.392095	-2.153291	-4.331027	1.709679	0.332275	0.390869	0.243652	-16.367757	41.123259	160.032527
10700		-13.020793	-0.032565	7.847291	-2.350916	-4.223391	1.563676	0.342773	0.383545	0.219238	-16.412735	39.052193	162.052617
10701		-13.295482	-0.318891	7.156699	-2.440736	-4.110089	1.401103	0.356689	0.372314	0.218994	-16.667309	37.007834	163.892831
10702		-13.217190	-0.225318	6.376978	-2.400538	-3.959966	1.227559	0.378174	0.366699	0.213135	-17.071139	35.038412	165.543043
10703		-13.145345	0.044923	5.659485	-2.224114	-3.768675	1.085401	0.376709	0.359131	0.195557	-17.493270	33.146965	167.045198
10704		-13.401405	0.586979	5.347289	-1.974299	-3.558660	0.995792	0.391113	0.348389	0.187988	-17.887145	31.375620	168.424513
10705		-13.866529	1.244065	5.115001	-1.704576	-3.421350	0.990494	0.390625	0.343262	0.179443	-18.172765	29.674311	169.764660
10706		-13.891510	1.552891	4.491589	-1.437024	-3.361916	1.092492	0.406738	0.336670	0.166260	-18.333210	28.038913	171.135981
10707		-13.861341	1.467728	3.493426	-1.173933	-3.314866	1.327073	0.407471	0.319092	0.151855	-18.311935	26.463776	172.627977
10708		-13.636008	0.620407	1.230414	-0.930181	-3.322097	1.683692	0.418701	0.314209	0.131836	-18.114559	24.955049	174.308928
10709		-11.920166	-4.610354	-3.309485	-0.608813	-3.380368	2.285063	0.437988	0.294678	0.113281	-17.621194	23.504027	176.334647
10710		-14.193553	-1.247501	-5.035573	-0.344746	-3.169973	2.999503	0.445557	0.285156	0.090576	-16.895661	22.277102	178.704600
10711		-15.509213	8.160441	-5.015057	-1.457151	-2.756992	3.049310	0.463623	0.262695	0.085693	-16.867615	21.265720	-178.994715
10712		-13.419478	1.409576	-9.374774	-2.977317	-2.098174	2.606715	0.475830	0.250000	0.084961	-17.889371	20.562362	-177.080994
10713		-13.618790	-8.171284	-16.379143	-1.253338	-0.627734	2.492550	0.488281	0.234131	0.088623	-18.042726	20.656778	-175.504658
10714		-7.173812	5.899201	-1.701360	-1.042852	0.615314	2.286567	0.501465	0.217285	0.094727	-18.201418	21.397288	-174.284662
10715		-9.510280	-8.501851	14.886884	-1.872440	0.332063	0.730829	0.501709	0.218994	0.107422	-19.130301	21.710085	-173.917213
10716		4.414291	-20.000930	16.855476	-1.380294	-0.156596	0.445667	0.502197	0.214355	0.111572	-19.810983	21.708610	-173.622291
10717		4.098843	-15.329251	8.643744	-0.882279	0.201888	0.410676	0.512939	0.211670	0.123047	-20.234554	21.895322	-173.421020
10718		-2.941265	-11.897749	2.687402	-0.445617	0.980674	-0.039234	0.506104	0.201172	0.129150	-20.575761	22.412170	-173.651632
10719		-7.263442	-9.063189	4.727780	-0.141414	1.378526	-0.672223	0.508057	0.208984	0.145508	-20.917788	23.010972	-174.340293
10720		-5.382193	-6.704602	7.787372	0.154814	1.342986	-0.872304	0.507813	0.216553	0.157715	-21.146069	23.547918	-175.145054
10721		-2.872929	-1.332387	9.758253	0.257856	1.365849	-0.642286	0.504150	0.231689	0.161621	-21.269342	24.141635	-175.824843
10722		-3.684606	2.226622	9.829460	0.088434	1.481180	-0.357573	0.502197	0.221191	0.172363	-21.443827	24.855524	-176.370399
10723		-5.339999	3.110828	9.737923	-0.219843	1.576223	-0.180262	0.497559	0.236084	0.191162	-21.765109	25.654375	-176.838922
10724		-6.228390	1.215729	9.786708	-0.493606	1.573301	-0.007580	0.502197	0.232910	0.204346	-22.212277	26.486766	-177.215324
10725		-6.799319	-1.894921	9.362170	-0.653556	1.527648	0.078070	0.506592	0.220215	0.209473	-22.727085	27.310382	-177.538012
10726		-7.278597	-5.315293	8.550514	-0.572713	1.463694	0.095462	0.509033	0.221191	0.234131	-23.197702	28.102115	-177.846751
10727		-7.202701	-6.781526	7.579915	-0.358238	1.384157	0.094130	0.507080	0.220703	0.254883	-23.538124	28.849724	-178.141946
10728		-6.885583	-5.878203	7.152909	-0.133223	1.284955	0.187413	0.505371	0.228271	0.261230	-23.721407	29.565512	-178.363322
10729		-6.754617	-5.247366	7.267760	0.012528	1.153285	0.372763	0.497559	0.218994	0.262207	-23.746724	30.254999	-178.438375
10730		-6.051406	-6.279943	6.533540	0.160823	0.957080	0.567726	0.504150	0.218994	0.272217	-23.605541	30.886086	-178.344079
10731		-5.408981	-6.699497	6.410327	0.388934	0.892651	0.742884	0.510254	0.210938	0.279053	-23.261821	31.523479	-178.119210
10732		-6.404031	-4.582483	7.382415	0.547179	0.818900	0.840492	0.516357	0.201172	0.282227	-22.783841	32.141857	-177.809441
10733		-7.077454	-2.890353	7.968755	0.592394	0.666446	0.884347	0.525146	0.196289	0.281738	-22.233017	32.687468	-177.422225
10734		-7.357357	-3.430773	7.833573	0.613833	0.500984	0.896741	0.527344	0.198242	0.283691	-21.638912	33.143818	-176.978134
10735		-6.933394	-3.288577	7.669115	0.666517	0.392510	0.860417	0.534424	0.185547	0.276367	-21.001622	33.531638	-176.520350
10736		-6.457829	-2.558295	7.933877	0.698002	0.308640	0.845450	0.531250	0.181152	0.279053	-20.337726	33.866154	-176.046533
10737		-5.940716	-2.364058	7.894204	0.694823	0.260644	0.835076	0.536377	0.175537	0.279785	-19.663473	34.169293	-175.559725
10738		-6.126543	-2.470505	7.818619	0.704190	0.232491	0.818703	0.546875	0.169678	0.276611	-18.984657	34.448215	-175.073143
10739		-6.140489	-2.428116	7.766621	0.728595	0.201454	0.819780	0.546387	0.157227	0.279541	-18.278546	34.706750	-174.571305
10740		-5.875799	-2.382519	7.718280	0.756992	0.201800	0.808895	0.552002	0.153076	0.276367	-17.559343	34.957272	-174.073389
10741		-5.895295	-2.267132	7.741417	0.786345	0.207622	0.786263	0.550781	0.145996	0.275391	-16.823896	35.203090	-173.584382
10742		-5.863207	-1.950498	8.032618	0.782485	0.206806	0.736845	0.557373	0.142334	0.263916	-16.109124	35.434221	-173.125381
10743		-7.242530	-1.434657	8.687157	0.739129	0.174809	0.668531	0.565186	0.140625	0.269287	-15.434378	35.633622	-172.699759
10744		-6.942927	-0.405979	8.451395	0.560466	0.026188	0.463914	0.562012	0.130371	0.275391	-14.928543	35.715468	-172.384877
10745		-6.463698	-1.285962	8.065432	0.426061	0.059698	0.332777	0.565918	0.130127	0.266846	-14.550122	35.796033	-172.162106
10746		-5.880935	-1.072646	8.084566	0.328075	0.115480	0.211986	0.564453	0.127686	0.270752	-14.285714	35.888071	-172.033412
10747		-6.102366	-0.549790	8.318196	0.213984	0.182767	0.107703	0.568359	0.110107	0.265869	-14.130345	36.003709	-171.984880
10748		-6.026132	-0.607670	8.472360	0.078698	0.229071	0.006893	0.566650	0.129150	0.266113	-14.102405	36.129655	-172.015843
10749		-6.424358	-0.791798	8.395660	-0.067573	0.254087	-0.080655	0.573242	0.123291	0.269775	-14.191517	36.258502	-172.108843
10750		-6.261072	-1.073976	7.939363	-0.173786	0.267582	-0.153468	0.562988	0.127197	0.271973	-14.378140	36.383087	-172.257632
10751		-6.124974	-1.305444	7.925471	-0.265319	0.285251	-0.202349	0.563477	0.129883	0.277832	-14.634554	36.511345	-172.441254
10752		-6.137823	-1.681521	7.763095	-0.312492	0.293515	-0.236629	0.568604	0.129639	0.277344	-14.939272	36.637079	-172.653972
10753		-6.194678	-1.828952	7.723582	-0.342606	0.295662	-0.260284	0.564209	0.135010	0.278809	-15.266903	36.760941	-172.881673
10754		-6.420101	-2.049512	7.587328	-0.357498	0.287199	-0.274014	0.558838	0.131592	0.291748	-15.614340	36.875528	-173.121434
10755		-6.361740	-2.221940	7.327925	-0.342029	0.265061	-0.267889	0.554688	0.137451	0.301514	-15.943437	36.979239	-173.350883
10756		-6.362926	-2.392710	7.292600	-0.314264	0.244252	-0.245235	0.556641	0.136719	0.298828	-16.251076	37.072548	-173.564536
10757		-6.318391	-2.544600	7.148480	-0.270147	0.211961	-0.210916	0.564941	0.137451	0.293945	-16.510652	37.154443	-173.745899
10758		-6.333127	-2.524656	7.177470	-0.219522	0.173720	-0.180886	0.548340	0.142822	0.306885	-16.729828	37.218014	-173.902211
10759		-6.224185	-2.431314	7.278661	-0.187699	0.144163	-0.162874	0.548828	0.143555	0.314209	-16.914735	37.269668	-174.037522
10760		-6.071811	-2.458713	7.242193	-0.164027	0.119806	-0.145038	0.559326	0.145508	0.305664	-17.080950	37.308880	-174.158531
10761		-6.016257	-2.467385	7.279093	-0.136124	0.099521	-0.125501	0.554932	0.147949	0.303467	-17.215526	37.341840	-174.259188
10762		-5.918747	-2.612600	7.119587	-0.103245	0.088139	-0.084606	0.548096	0.150635	0.307373	-17.317885	37.373551	-174.332165
10763		-5.813414	-2.904133	6.997353	-0.035844	0.086461	-0.004210	0.551025	0.146973	0.307129	-17.342947	37.419829	-174.346800
10764		-6.091302	-2.999070	6.956156	0.043049	0.062584	0.064732	0.551025	0.154541	0.310791	-17.295758	37.462980	-174.311524
10765		-6.161502	-2.703174	7.099938	0.101877	0.032911	0.102377	0.552002	0.141113	0.316895	-17.190433	37.498092	-174.241261
10766		-6.137874	-2.490508	7.249172	0.120570	0.008957	0.096919	0.549805	0.141357	0.303955	-17.078195	37.517224	-174.172151
10767		-6.216343	-2.330942	7.241411	0.127032	-0.008054	0.096550	0.546387	0.138428	0.306641	-16.955600	37.528733	-174.097118
10768		-6.100717	-2.117085	7.254663	0.134689	-0.014905	0.106222	0.559814	0.149658	0.312744	-16.828203	37.536099	-174.016443
10769		-6.118483	-2.337436	7.154851	0.161354	-0.007625	0.141706	0.552002	0.138672	0.302734	-16.666917	37.555061	-173.910192
10770		-6.180912	-2.519331	7.141037	0.203055	-0.008955	0.189157	0.551514	0.139404	0.301025	-16.465971	37.578880	-173.773194
10771		-6.425856	-2.338449	7.232208	0.236564	-0.033929	0.208184	0.558594	0.142578	0.298096	-16.230113	37.593558	-173.615316
10772		-6.447957	-2.102432	7.323203	0.241538	-0.061276	0.201443	0.557617	0.134033	0.302246	-15.995289	37.589670	-173.459004
10773		-6.388027	-1.916300	7.375738	0.230112	-0.088381	0.174538	0.562256	0.132080	0.294678	-15.770823	37.568132	-173.313668
10774		-5.823758	-2.094213	7.371035	0.230560	-0.086397	0.177684	0.571045	0.137451	0.293457	-15.549527	37.545733	-173.169105
10775		-5.543032	-2.423040	7.570040	0.242879	-0.070374	0.202327	0.561279	0.127686	0.293457	-15.308328	37.537485	-173.008191
10776		-5.499593	-2.439117	7.635021	0.257303	-0.054081	0.211346	0.559570	0.133789	0.299316	-15.061342	37.537057	-172.846549
10777		-5.799162	-2.223874	7.759926	0.182348	-0.065271	0.084309	0.554932	0.130127	0.291992	-14.905814	37.513035	-172.769160
10778		-5.984003	-1.630502	7.764535	0.235467	-0.005840	0.185520	0.564697	0.128174	0.290283	-14.687799	37.534683	-172.634494
10779		-5.985309	-1.627324	7.744286	0.212037	0.028615	0.190486	0.563721	0.116943	0.291016	-14.480482	37.577551	-172.500116
10780		-6.071863	-1.641677	7.730127	0.195320	0.060436	0.187101	0.559082	0.129395	0.286133	-14.291698	37.635440	-172.375909
10781		-6.155148	-1.635203	7.664544	0.180626	0.078539	0.181658	0.569092	0.126709	0.289551	-14.110959	37.704059	-172.255997
10782		-5.975432	-1.891427	7.582038	0.185832	0.090352	0.189504	0.572266	0.119141	0.295410	-13.929138	37.778282	-172.134661
10783		-5.942741	-2.179584	7.567895	0.148922	0.084474	0.133249	0.567871	0.117676	0.289551	-13.787393	37.842976	-172.049117
10784		-5.855162	-2.177400	7.496299	0.196003	0.087987	0.197501	0.572754	0.116211	0.297363	-13.595331	37.916415	-171.920970
10785		-5.683876	-2.262575	7.538028	0.218965	0.105984	0.235235	0.561523	0.125488	0.289307	-13.370873	38.006224	-171.766360
10786		-5.777767	-2.080709	7.592304	0.229620	0.137433	0.259454	0.559082	0.115967	0.294189	-13.136632	38.114603	-171.601556
10787		-5.876108	-1.916900	7.586960	0.216150	0.180469	0.270085	0.563232	0.114014	0.297607	-12.904862	38.249414	-171.433121
10788		-5.877355	-1.934387	7.691376	0.215643	0.221158	0.294948	0.575439	0.118652	0.291504	-12.669667	38.408015	-171.254843
10789		-5.995311	-1.704503	7.656810	0.203742	0.279199	0.303826	0.571045	0.110107	0.296875	-12.437771	38.601084	-171.075895
10790		-6.039376	-1.535657	7.720849	0.174884	0.330699	0.304136	0.576416	0.108887	0.296143	-12.230025	38.821011	-170.905655
10791		-6.093716	-1.435803	7.751003	0.139272	0.404549	0.307800	0.576904	0.109131	0.295654	-12.042550	39.083685	-170.740321
10792		-6.256593	-1.526847	7.718740	0.104217	0.468966	0.302503	0.574219	0.101074	0.310303	-11.886296	39.380057	-170.589381
10793		-6.281123	-1.676252	7.761488	0.070795	0.536119	0.303308	0.576904	0.101074	0.304932	-11.749431	39.715214	-170.443999
10794		-6.422344	-1.627775	7.687449	0.032003	0.591945	0.308629	0.587402	0.093262	0.309814	-11.640168	40.080744	-170.303923
10795		-6.430965	-1.724769	7.605626	0.005060	0.637721	0.330723	0.586914	0.098877	0.315186	-11.534301	40.475573	-170.150360
10796		-6.381947	-1.719985	7.620677	-0.018305	0.703262	0.360496	0.581543	0.083740	0.323975	-11.436030	40.909128	-169.985204
10797		-6.419250	-1.898845	7.517326	-0.033149	0.791973	0.391940	0.576904	0.088623	0.330078	-11.332989	41.397039	-169.805258
10798		-6.282775	-1.970054	7.677584	-0.029727	0.899497	0.405137	0.576660	0.088379	0.343750	-11.233379	41.945415	-169.631441
10799		-6.283799	-1.543532	7.823321	-0.027736	1.020940	0.463671	0.572510	0.078369	0.346436	-11.107498	42.569366	-169.425812
10800		-6.279506	-0.751680	8.202503	-0.139233	1.123628	0.532791	0.586182	0.069824	0.353760	-11.019709	43.257307	-169.181303
10801		-6.460644	-1.138310	7.949347	-0.258431	1.267518	0.589987	0.593262	0.063477	0.367920	-10.975157	44.033067	-168.907310
10802		-5.507770	-1.427814	8.289997	-0.141885	1.547827	0.534157	0.578369	0.055908	0.379395	-10.922669	44.959422	-168.717968
10803		-6.398099	0.219554	8.493278	-0.182057	1.830889	0.462972	0.590820	0.057373	0.396729	-10.955878	46.037747	-168.623166
10804		-6.027509	-0.941533	8.143325	-0.245311	2.056851	0.426129	0.575195	0.051758	0.413330	-11.076848	47.238706	-168.597707
10805		-6.039975	0.395674	8.512011	-0.275915	2.354151	0.362680	0.582275	0.050293	0.438721	-11.289376	48.599894	-168.675877
10806		-5.919018	-0.107352	8.392141	-0.322301	2.671562	0.285659	0.574463	0.049805	0.450684	-11.637009	50.130137	-168.892013
10807		-5.613428	-0.647291	8.188564	-0.263693	2.987166	0.230260	0.572998	0.049072	0.488037	-12.051416	51.829526	-169.235698
10808		-5.532774	-0.691850	8.167129	-0.214770	3.315261	0.241529	0.554199	0.044922	0.510986	-12.523448	53.712578	-169.675270
10809		-5.885240	-0.872612	8.489213	-0.155575	3.721247	0.399391	0.542236	0.041016	0.544189	-12.949866	55.839358	-170.092594
10810		-5.635235	-1.193540	8.628240	-0.135982	4.117672	0.579396	0.541748	0.036621	0.580322	-13.351011	58.209926	-170.479086
10811		-5.237965	-1.746096	8.782108	-0.162659	4.494176	0.867428	0.519043	0.024170	0.609863	-13.629017	60.825688	-170.697598
10812		-6.047990	-3.135999	8.307385	-0.184611	5.101385	1.097752	0.502441	0.013184	0.656250	-13.888372	63.811968	-170.872160
10813		-7.726496	-3.747335	7.802292	-0.272890	5.775905	1.153635	0.493408	0.007813	0.702393	-14.394597	67.177374	-171.259927
10814		-8.748526	-2.924415	7.835207	-0.476293	6.191396	1.203940	0.463135	0.002197	0.744385	-15.287769	70.780921	-171.925154
10815		-10.900112	-2.168453	6.970358	-0.655544	6.483491	1.395065	0.429932	-0.012939	0.788818	-16.428571	74.566817	-172.728886
10816		-14.113055	-1.537262	6.270385	-0.847035	6.661975	1.502988	0.397217	-0.029053	0.838867	-18.210305	78.465271	-174.062193
10817		-16.115196	-2.175338	6.085318	-0.959929	6.674023	1.577198	0.357910	-0.041260	0.879883	-21.342101	82.364139	-176.680991
10818		-16.388855	-2.668683	6.288762	-0.954345	6.580798	1.646191	0.321777	-0.070557	0.921875	-29.508291	86.181250	175.664868
10819		-15.475857	-2.779184	5.184255	-0.949785	6.358814	1.593672	0.279785	-0.083008	0.961914	-108.324240	88.970759	97.358003
10820		-14.374803	-2.195332	5.589045	-1.007461	6.195871	1.530273	0.236816	-0.094482	0.995850	-178.855245	86.123538	27.370623
10821		-13.308897	-0.942476	5.625801	-1.261813	5.948445	1.374174	0.198486	-0.116455	1.024658	173.859478	82.689009	20.778830
10822		-10.476303	0.110987	4.652999	-1.633581	5.712220	1.187690	0.149414	-0.127441	1.051758	171.308144	79.358045	19.143311
10823		-8.017728	1.103645	4.048793	-2.164932	5.493424	0.955633	0.104980	-0.156006	1.073242	169.920028	76.174773	18.991494
10824		-4.755886	1.169257	2.393693	-2.775776	5.382821	0.752684	0.063721	-0.182861	1.107666	168.844465	73.066544	19.524545
10825		-4.560267	0.844218	2.497544	-3.344166	5.510697	0.605161	0.022217	-0.210205	1.125244	167.806458	69.916518	20.449836
10826		-6.033762	1.411134	4.672417	-3.893949	5.397682	0.577831	-0.032959	-0.250732	1.146240	166.489254	66.830167	21.431972
10827		-20.670182	-2.672987	8.155214	-4.305937	4.942884	0.332698	-0.063477	-0.294434	1.156738	165.125021	64.051037	22.644122
10828		-19.601374	-7.890710	10.060162	-4.167183	2.955008	-0.006334	-0.094482	-0.339844	1.160400	163.642608	62.423693	23.656808
10829		-16.780691	-10.488162	9.426108	-3.566772	1.173830	-0.297870	-0.105957	-0.372803	1.160400	162.272344	61.847754	24.417336
10830		-15.688876	-13.454452	8.995188	-2.362264	-0.693671	-0.741199	-0.092285	-0.390625	1.166016	161.442224	62.359745	25.008292
10831		-13.317005	-13.261639	7.648908	-0.816220	-2.295887	-1.182217	-0.057861	-0.402588	1.164551	161.410943	63.843499	25.495276
10832		-11.502023	-10.490521	6.463071	0.554662	-3.583619	-1.541211	-0.019531	-0.397461	1.154053	162.143816	66.072009	25.952097
10833		-10.401956	-7.660844	5.264862	1.548591	-4.598056	-1.842143	0.025635	-0.385010	1.148193	163.595019	68.924851	26.558982
10834		-9.722163	-5.324903	4.506037	2.189107	-5.401924	-2.029117	0.085205	-0.360596	1.134521	165.696925	72.219556	27.455914
10835		-8.937125	-3.337885	4.050543	2.520252	-6.021854	-2.076212	0.153809	-0.330322	1.116943	168.514257	75.874903	28.879867
10836		-8.539096	-1.650617	3.666805	2.620538	-6.414987	-2.034212	0.215088	-0.294922	1.085693	172.517548	79.695603	31.436526
10837		-7.427625	0.116751	3.051265	2.468818	-6.657843	-1.933967	0.275391	-0.271240	1.048340	179.761023	83.608653	37.320968
10838		-6.486472	1.433037	2.566417	2.072272	-6.721087	-1.836623	0.343018	-0.231445	1.012207	-156.231527	87.239478	60.199394
10839		-5.515506	3.078248	2.373847	1.455477	-6.604174	-1.833581	0.396484	-0.211914	0.970459	-59.003914	87.459339	156.651099
10840		-4.907614	3.978404	2.289697	0.655939	-6.284059	-1.915374	0.451416	-0.188721	0.920410	-33.439533	84.094432	-178.105719
10841		-4.966532	3.164280	2.210947	-0.090216	-5.841545	-2.028450	0.494873	-0.182373	0.871826	-28.100941	80.593191	-172.672159
10842		-5.364350	0.896134	2.161419	-0.515020	-5.431643	-2.076582	0.531982	-0.161377	0.839111	-26.485286	77.279991	-170.727069
10843		-6.007725	-1.877055	2.626334	-0.508649	-5.109137	-2.031282	0.574219	-0.143799	0.792236	-25.782899	74.111601	-169.704841
10844		-6.945214	-4.024529	3.388055	-0.113374	-4.905890	-1.928941	0.605957	-0.127441	0.740967	-25.161495	71.096957	-168.986945
10845		-7.978753	-4.933217	4.476726	0.457918	-4.782625	-1.835181	0.641113	-0.099854	0.698975	-24.358507	68.140154	-168.413722
10846		-9.471604	-4.561621	5.777231	0.937637	-4.747410	-1.802029	0.683105	-0.072510	0.636230	-23.444920	65.233287	-168.005332
10847		-10.733083	-3.624722	6.989478	1.166194	-4.801751	-1.882482	0.694824	-0.043213	0.576904	-22.593463	62.250721	-167.804462
10848		-11.554137	-3.016186	7.875878	1.132974	-4.906215	-2.048521	0.716797	-0.016846	0.509766	-21.972900	59.202726	-167.838628
10849		-12.029808	-3.273864	8.486149	0.994442	-5.000533	-2.219777	0.740479	0.027588	0.442383	-21.577746	56.041256	-168.049178
10850		-12.707831	-3.955390	8.944889	0.897318	-5.045771	-2.336647	0.743408	0.056396	0.366455	-21.321983	52.859019	-168.368094
10851		-13.369924	-4.636138	9.434094	0.886760	-5.065766	-2.384156	0.735107	0.091553	0.285889	-21.082508	49.629960	-168.717012
10852		-14.251444	-4.947411	9.891779	0.914699	-5.064626	-2.374678	0.719482	0.123047	0.220703	-20.812791	46.431591	-169.060631
10853		-15.200473	-5.022352	10.427897	0.928274	-5.041294	-2.309821	0.685547	0.156738	0.142334	-20.490421	43.233361	-169.363078
10854		-16.569367	-5.239423	10.802490	0.852410	-5.009203	-2.221366	0.652100	0.173828	0.085938	-20.172499	40.097949	-169.621221
10855		-18.431024	-5.421298	10.829577	0.701457	-5.014768	-2.097195	0.608398	0.195313	0.031982	-19.878356	36.959316	-169.800413
10856		-19.599539	-5.430986	9.928512	0.477839	-5.087327	-1.931193	0.575195	0.208008	-0.011719	-19.640783	33.840066	-169.864875
10857		-20.191141	-4.722452	8.262068	0.170497	-5.117673	-1.741803	0.532959	0.220459	-0.059814	-19.510043	30.717411	-169.809838
10858		-20.333117	-3.187570	5.933725	-0.291423	-5.041317	-1.546505	0.501221	0.225586	-0.074951	-19.600378	27.696981	-169.654967
10859		-20.696506	-0.406024	3.053632	-0.960263	-4.829278	-1.398768	0.468506	0.237793	-0.099854	-20.054367	24.799918	-169.444703
10860		-21.004803	2.548255	-0.523090	-1.836008	-4.511418	-1.351571	0.430908	0.245605	-0.118164	-21.025105	22.105788	-169.242913
10861		-20.538135	3.547164	-4.603697	-2.590436	-3.991713	-1.379098	0.405762	0.259521	-0.113281	-22.461262	19.671041	-169.117441
10862		-20.149696	2.118137	-8.616420	-2.781487	-3.317739	-1.329921	0.384521	0.272705	-0.119385	-24.035907	17.621992	-169.060774
10863		-20.248904	0.482904	-12.522963	-2.217697	-2.608751	-1.084636	0.362061	0.281494	-0.111328	-25.284176	15.991916	-168.995220
10864		-20.835412	1.754073	-15.811696	-1.229015	-1.887336	-0.746012	0.354004	0.288086	-0.116699	-25.963644	14.830436	-168.906221
10865		-21.181364	4.734996	-17.452353	-0.413195	-1.136369	-0.403867	0.349609	0.293213	-0.112793	-26.176915	14.137082	-168.821551
10866		-21.095392	5.848493	-17.115784	0.029617	-0.323979	-0.029002	0.336914	0.286865	-0.114502	-26.141229	13.961552	-168.748893
10867		-17.557520	0.510049	-14.828118	0.421465	0.461224	0.398015	0.336914	0.278320	-0.107666	-25.874802	14.298079	-168.653288
10868		-10.808709	-0.607110	-6.138536	1.660679	1.987303	1.219557	0.354492	0.277588	-0.119141	-24.882941	15.624668	-168.501303
10869		-2.070404	-3.780297	14.554855	1.516796	2.095795	0.947687	0.370850	0.270996	-0.106201	-24.013087	16.945200	-168.500491
10870		0.275676	-16.513911	29.982985	1.261183	1.399989	0.046209	0.364746	0.258789	-0.102783	-23.381260	17.688596	-168.809121
10871		10.695272	-13.062479	16.254278	1.512569	1.007360	0.018661	0.373047	0.263428	-0.110107	-22.582908	18.225216	-169.032130
10872		2.743573	1.990746	3.181795	1.394728	2.372882	-0.180407	0.378174	0.257568	-0.088379	-21.989989	19.442193	-169.674289
10873		-6.357484	4.440700	3.618939	1.091991	3.539245	-0.424792	0.375977	0.256836	-0.075439	-21.726507	21.232342	-170.716911
10874		-10.584760	9.415134	11.608105	0.608664	3.683028	-0.295887	0.387451	0.264893	-0.060791	-21.758181	23.127828	-171.727376
10875		-10.737515	11.350733	16.289107	-0.196810	3.261164	0.146416	0.396240	0.252930	-0.034668	-22.143529	24.892403	-172.402639
10876		-10.413218	8.956864	14.670883	-0.932538	2.765516	0.695853	0.401123	0.256348	-0.012207	-22.789233	26.507206	-172.661901
10877		-11.080251	-1.859297	10.189164	-1.296831	2.464069	0.907594	0.414063	0.253906	0.009277	-23.564081	28.011190	-172.743368
10878		-11.960564	-14.794683	6.156415	-0.854611	2.175901	0.691111	0.415771	0.255371	0.013916	-24.128302	29.309814	-172.901031
10879		-8.241681	-15.707003	2.504829	-0.088345	2.084959	0.532636	0.422363	0.252441	0.034180	-24.293359	30.527208	-173.139390
10880		-10.158378	-7.270718	6.380574	0.403611	2.067666	0.832092	0.437988	0.245605	0.052979	-24.089490	31.801510	-173.194405
10881		-12.308116	-2.313565	9.697657	0.405456	1.479770	1.080151	0.440918	0.242920	0.063232	-23.711386	32.830879	-172.926412
10882		-9.685707	-4.614053	7.037979	0.369480	0.872711	0.830588	0.449463	0.230713	0.061279	-23.341684	33.477552	-172.639479
10883		-8.231518	-5.777904	6.662823	0.553948	0.788718	0.717439	0.448730	0.227783	0.067383	-22.884705	34.058955	-172.392992
10884		-8.284846	-2.465856	8.291357	0.626212	0.594097	0.723425	0.454834	0.227295	0.070557	-22.350802	34.530766	-172.084135
10885		-7.741922	-2.332907	8.087897	0.578856	0.355489	0.692791	0.455322	0.216553	0.064697	-21.812146	34.873506	-171.724813
10886		-6.847627	-3.047411	7.622600	0.564568	0.300630	0.615903	0.468994	0.209229	0.064453	-21.299574	35.161489	-171.397156
10887		-6.523588	-2.028383	8.098413	0.537091	0.281494	0.542708	0.473145	0.209961	0.055176	-20.821904	35.428684	-171.107475
10888		-6.588824	-2.068630	8.095910	0.465272	0.226879	0.486484	0.475586	0.197510	0.064453	-20.398151	35.646545	-170.838923
10889		-6.437642	-2.688358	7.666951	0.429220	0.175869	0.441090	0.473877	0.196533	0.060303	-20.000656	35.833324	-170.584231
10890		-6.484847	-2.411382	7.706006	0.409592	0.162553	0.397118	0.470947	0.195801	0.053467	-19.630291	35.996102	-170.354753
10891		-6.548227	-1.830114	7.975432	0.348193	0.159976	0.340561	0.472168	0.189697	0.058838	-19.312961	36.152516	-170.159536
10892		-6.244920	-1.684721	8.061887	0.264690	0.167194	0.264815	0.476318	0.181152	0.059326	-19.075888	36.290859	-170.016810
10893		-6.229716	-1.952230	8.136431	0.183084	0.186407	0.194177	0.486816	0.184082	0.058105	-18.912727	36.433002	-169.923766
10894		-6.476009	-1.925751	8.016843	0.105696	0.205900	0.129141	0.481689	0.187500	0.066406	-18.825045	36.566533	-169.879983
10895		-6.481062	-1.771921	7.809648	0.023107	0.221236	0.055390	0.476563	0.189697	0.059570	-18.813217	36.701675	-169.887795
10896		-6.412672	-1.611477	7.796133	-0.058445	0.240787	-0.024229	0.473389	0.187256	0.063721	-18.886253	36.825721	-169.955675
10897		-6.291969	-1.785938	7.724411	-0.138037	0.255570	-0.092167	0.479492	0.196289	0.068359	-19.031607	36.952034	-170.071747
10898		-6.121172	-2.113270	7.596874	-0.193466	0.279856	-0.139497	0.483398	0.190430	0.070801	-19.235411	37.075309	-170.227948
10899		-6.098916	-2.491320	7.473188	-0.225102	0.297133	-0.164436	0.478271	0.182617	0.070557	-19.467357	37.209734	-170.404273
10900		-5.984355	-2.945577	7.236626	-0.216236	0.302790	-0.153942	0.474609	0.194824	0.072510	-19.695122	37.341638	-170.577555
10901		-6.127677	-3.098738	7.132442	-0.179106	0.294888	-0.126321	0.480713	0.192627	0.078613	-19.886562	37.481129	-170.729372
10902		-6.282871	-3.214716	6.931905	-0.135079	0.261220	-0.081835	0.466553	0.193115	0.073730	-20.033422	37.603834	-170.845139
10903		-6.280483	-3.275902	6.821260	-0.071970	0.220709	-0.034274	0.478516	0.196289	0.085449	-20.115565	37.720915	-170.917409
10904		-6.373593	-3.042387	6.914280	-0.028957	0.179619	0.003553	0.478027	0.197998	0.085693	-20.154429	37.816284	-170.955536
10905		-6.294339	-2.986649	6.910451	0.011347	0.137371	0.033496	0.479004	0.193848	0.082764	-20.148361	37.901876	-170.961290
10906		-6.162527	-2.867513	6.978082	0.041328	0.110043	0.060668	0.474365	0.191650	0.084229	-20.112446	37.971080	-170.943141
10907		-5.994798	-2.765678	7.091555	0.058146	0.099890	0.080781	0.476074	0.193848	0.084473	-20.053988	38.045823	-170.907199
10908		-6.066945	-2.736199	7.064782	0.078832	0.104293	0.101306	0.484375	0.196289	0.083496	-19.978391	38.119873	-170.859612
10909		-6.074575	-2.577252	7.071761	0.094452	0.104382	0.122007	0.480713	0.194336	0.089355	-19.882159	38.204968	-170.796263
10910		-6.207622	-2.607134	7.049709	0.114192	0.110143	0.137459	0.491455	0.186768	0.083740	-19.771472	38.289073	-170.724892
10911		-6.287893	-2.597847	7.069858	0.130638	0.108833	0.154139	0.484131	0.193604	0.089844	-19.641007	38.382563	-170.640004
10912		-6.300106	-2.746143	7.030990	0.151257	0.087757	0.179720	0.487549	0.190430	0.092285	-19.486993	38.462433	-170.533364
10913		-6.314138	-2.807501	6.966964	0.181793	0.069643	0.206692	0.487549	0.189941	0.086670	-19.298034	38.544374	-170.401866
10914		-6.281588	-2.760693	7.024481	0.214488	0.058063	0.220175	0.484375	0.186279	0.082520	-19.085080	38.615251	-170.259174
10915		-6.257579	-2.702284	6.959413	0.245227	0.052659	0.236255	0.490967	0.179199	0.084229	-18.843620	38.692718	-170.102157
10916		-6.349667	-2.574719	7.056654	0.269094	0.054763	0.244312	0.482666	0.197998	0.075928	-18.587443	38.765312	-169.940851
10917		-6.321054	-2.508549	7.083279	0.299758	0.065333	0.265803	0.486328	0.171875	0.079834	-18.302655	38.853907	-169.765032
10918		-6.356730	-2.528473	6.998489	0.327116	0.067097	0.277689	0.491699	0.180664	0.081299	-17.999172	38.937930	-169.581915
10919		-6.307168	-2.326464	7.026559	0.364484	0.077017	0.301632	0.491943	0.169434	0.080811	-17.661754	39.037707	-169.382035
10920		-6.434308	-2.545786	7.052909	0.387708	0.076599	0.318575	0.497314	0.166504	0.076904	-17.305169	39.132294	-169.170501
10921		-6.396549	-2.151814	7.119645	0.387448	0.066940	0.337785	0.497559	0.161621	0.080566	-16.935286	39.230718	-168.940868
10922		-6.358575	-2.186070	7.275059	0.369164	0.063324	0.319518	0.497559	0.170898	0.079346	-16.585245	39.316099	-168.723740
10923		-6.318195	-1.960646	7.397660	0.336192	0.078086	0.294766	0.503906	0.167236	0.073242	-16.263707	39.411494	-168.524966
10924		-6.400391	-1.901953	7.447181	0.280751	0.077264	0.254247	0.498291	0.157715	0.073730	-15.994072	39.492301	-168.355476
10925		-6.310796	-1.909813	7.352593	0.241278	0.085777	0.250262	0.504395	0.157715	0.067383	-15.746570	39.583419	-168.188406
10926		-6.370054	-2.054280	7.324550	0.198242	0.076619	0.226418	0.507080	0.163818	0.068359	-15.535623	39.658454	-168.037422
10927		-6.439876	-1.836998	7.236870	0.222505	0.098354	0.284050	0.503662	0.153320	0.067139	-15.283703	39.760572	-167.847252
10928		-6.561407	-1.836225	7.235465	0.220891	0.092005	0.286211	0.509521	0.149414	0.074463	-15.032986	39.852092	-167.655001
10929		-6.441749	-1.804363	7.292576	0.206901	0.096137	0.282635	0.510254	0.151611	0.066162	-14.788789	39.951486	-167.463768
10930		-6.323543	-1.987336	7.362716	0.186631	0.104529	0.263787	0.515137	0.147705	0.067627	-14.568175	40.045451	-167.288580
10931		-6.146066	-1.851649	7.460781	0.162919	0.136478	0.262194	0.509766	0.147949	0.078369	-14.362063	40.163100	-167.118184
10932		-6.224075	-2.019120	7.443401	0.085532	0.153157	0.198846	0.510010	0.139404	0.069336	-14.234276	40.273982	-166.997846
10933		-6.318246	-1.721473	7.424856	0.119025	0.225149	0.268016	0.514160	0.142090	0.071777	-14.059596	40.440863	-166.838040
10934		-6.414650	-1.834232	7.325612	0.121917	0.267174	0.294530	0.520264	0.146240	0.079102	-13.877535	40.627843	-166.667047
10935		-6.412647	-1.961788	7.247073	0.127927	0.312234	0.323171	0.521240	0.138916	0.081055	-13.679216	40.849841	-166.480103
10936		-6.526408	-1.924592	7.289596	0.130198	0.350182	0.347910	0.516846	0.133301	0.081299	-13.473460	41.089338	-166.281708
10937		-6.527744	-1.912508	7.314107	0.118808	0.387243	0.354952	0.524658	0.132568	0.083984	-13.270136	41.356278	-166.081008
10938		-6.367131	-1.974817	7.395609	0.104636	0.433541	0.355796	0.514404	0.126953	0.088867	-13.080837	41.642255	-165.887427
10939		-6.406996	-1.953535	7.400846	0.088027	0.505191	0.364152	0.527344	0.121582	0.083984	-12.899871	41.975109	-165.696061
10940		-6.379773	-1.932702	7.504060	0.084104	0.592620	0.381151	0.528320	0.123779	0.088135	-12.723140	42.352257	-165.506170
10941		-7.202164	-3.071771	7.795967	0.050778	0.689576	0.354554	0.534668	0.118896	0.099121	-12.584539	42.785982	-165.348590
10942		-5.571427	-1.263189	7.478475	0.005074	0.772692	0.237943	0.539551	0.114502	0.102051	-12.543371	43.245373	-165.294087
10943		-6.172493	-1.990537	7.870138	0.094048	0.991206	0.431608	0.531250	0.108887	0.106934	-12.369445	43.856746	-165.123927
10944		-5.907293	-0.670791	8.331584	0.064174	1.222728	0.461682	0.547852	0.106934	0.128906	-12.222250	44.595182	-164.967159
10945		-6.224629	-1.292931	8.079981	0.028713	1.479132	0.454824	0.543457	0.107422	0.128174	-12.122334	45.481638	-164.853242
10946		-6.314520	-0.788691	8.194143	0.007840	1.702862	0.439589	0.546875	0.108154	0.143799	-12.070308	46.486013	-164.788646
10947		-6.173555	-0.729422	8.328057	-0.007587	1.994467	0.451112	0.546143	0.101563	0.160400	-12.051731	47.660215	-164.761343
10948		-6.042108	-0.854918	8.317246	-0.050725	2.276691	0.437875	0.547119	0.099609	0.179199	-12.107333	48.985872	-164.798314
10949		-5.907217	-0.697946	8.107526	-0.078906	2.590413	0.414850	0.552490	0.093994	0.211914	-12.239016	50.488967	-164.915571
10950		-5.882720	-0.979413	8.321074	-0.087828	2.959002	0.496523	0.549805	0.085693	0.234375	-12.388985	52.203621	-165.044531
10951		-5.681045	-1.378689	8.468322	-0.075712	3.317017	0.599997	0.555420	0.075928	0.259521	-12.521642	54.135059	-165.159844
10952		-5.770395	-1.536941	8.689602	-0.080974	3.636445	0.715207	0.560547	0.071045	0.291016	-12.640043	56.255438	-165.248830
10953		-5.272356	-1.899893	9.167282	-0.065055	4.119063	0.979389	0.552979	0.065430	0.328125	-12.616531	58.681679	-165.180217
10954		-5.782841	-2.301087	9.073526	-0.066807	4.674277	1.241024	0.553711	0.053467	0.366455	-12.452319	61.447947	-164.947859
10955		-7.039252	-3.366975	9.027426	-0.114830	5.323762	1.442719	0.545410	0.043213	0.407715	-12.197252	64.603700	-164.590974
10956		-9.225418	-3.959826	8.758715	-0.209815	5.779211	1.604707	0.544189	0.030762	0.456055	-11.830349	68.031417	-164.060437
10957		-10.935553	-3.330119	8.123685	-0.359367	6.035860	1.758582	0.526123	0.010986	0.503906	-11.212610	71.619345	-163.185671
10958		-14.117095	-2.236415	7.552848	-0.487609	6.089328	1.909251	0.523682	0.001953	0.556641	-10.027502	75.247938	-161.659559
10959		-18.438526	-2.407463	8.320443	-0.808540	5.966065	1.964949	0.503418	-0.025146	0.610107	-7.960420	78.797876	-159.065877
10960		-18.578899	-2.410486	7.832673	-0.999902	5.682413	2.058551	0.482422	-0.045654	0.653564	-3.445359	82.155365	-153.910035
10961		-17.600635	-2.771535	6.974186	-1.215680	5.316993	1.884181	0.459717	-0.054199	0.694336	6.326923	85.181235	-143.382291
10962		-14.446020	-2.262726	5.683720	-1.388248	5.027726	1.670030	0.434814	-0.082275	0.736084	36.818651	87.594151	-112.043430
10963		-14.010676	-0.840737	6.029159	-1.627160	4.626777	1.417422	0.408936	-0.103271	0.781006	107.022100	87.650349	-40.861998
10964		-10.089345	0.628021	4.825822	-1.960257	4.185675	1.235259	0.390381	-0.127686	0.800781	135.343886	85.739724	-11.374972
10965		-3.779172	1.895266	5.006937	-2.391236	3.855474	1.104525	0.354980	-0.144043	0.840820	144.087091	83.641123	-1.220878
10966		-9.700503	3.926530	11.342074	-3.269287	3.357669	0.912670	0.334961	-0.179688	0.862549	147.281390	81.756664	3.886366
10967		-23.198896	-2.389719	14.159059	-3.955179	1.683498	0.476631	0.329102	-0.202881	0.876465	146.887830	80.804886	5.779966
10968		-9.704645	-5.747057	8.543518	-3.978475	0.233252	0.278040	0.313477	-0.237549	0.884521	144.245398	80.605654	5.411114
10969		-5.499762	-7.936911	6.161519	-3.313371	-0.397698	0.126006	0.314941	-0.264893	0.889160	141.103841	80.752544	4.150631
10970		-5.160636	-8.993730	4.981416	-2.206939	-0.849425	-0.029173	0.324463	-0.282471	0.876221	137.913392	81.134230	2.199283
10971		-3.861725	-7.973763	4.053342	-1.034710	-1.059681	-0.184771	0.321289	-0.287598	0.880127	135.007537	81.658554	-0.140636
10972		-2.683654	-5.413880	3.856537	-0.149679	-1.139021	-0.369664	0.323486	-0.289795	0.876465	132.598209	82.263541	-2.488313
10973		-2.601394	-3.060504	3.946521	0.281917	-1.172573	-0.624238	0.324951	-0.291504	0.870850	130.645536	82.989534	-4.620622
10974		-2.981577	-1.496281	4.363982	0.344060	-1.218539	-0.928461	0.331787	-0.278320	0.863525	129.123316	83.845535	-6.352423
10975		-3.185467	-0.729329	4.423692	0.205623	-1.307581	-1.225149	0.340820	-0.280273	0.862305	127.602167	84.873719	-7.999849
10976		-3.623122	-0.623764	4.480513	0.025908	-1.415657	-1.478014	0.347656	-0.283936	0.846680	125.747845	86.037317	-9.875895
10977		-4.184605	-0.744456	4.568503	-0.142352	-1.560210	-1.664670	0.344482	-0.267090	0.839111	121.777332	87.340324	-13.771837
10978		-5.004697	-1.034862	4.728286	-0.256600	-1.753278	-1.808835	0.361084	-0.267090	0.840332	107.550331	88.710678	-27.860171
10979		-6.178202	-1.566345	4.985238	-0.299682	-2.010559	-1.920460	0.363037	-0.262695	0.820557	9.023411	89.207235	-126.225242
10980		-7.153958	-2.174738	5.125257	-0.245279	-2.353015	-2.003770	0.382324	-0.249512	0.816406	-25.657489	87.633583	-160.775960
10981		-7.717688	-2.717449	5.108626	-0.081950	-2.732612	-2.049211	0.392334	-0.240234	0.799316	-30.684759	85.678476	-165.765375
10982		-7.965505	-2.958144	5.006582	0.139548	-3.106401	-2.058184	0.409912	-0.227539	0.788574	-31.521883	83.543985	-166.687458
10983		-8.269869	-2.807603	4.895182	0.354785	-3.431279	-2.047307	0.435547	-0.212891	0.771729	-31.122853	81.235214	-166.491597
10984		-8.215281	-2.643618	4.688342	0.517729	-3.708364	-2.023097	0.445068	-0.198975	0.751953	-30.300530	78.815151	-165.959100
10985		-7.924030	-2.560051	4.459748	0.649017	-3.870613	-1.986348	0.469727	-0.191650	0.723145	-29.374746	76.304669	-165.393760
10986		-7.878253	-2.614190	4.437104	0.758981	-3.930957	-1.941324	0.487793	-0.179932	0.697510	-28.490151	73.793966	-164.929572
10987		-8.063370	-2.623901	4.704288	0.850251	-3.909876	-1.907558	0.505859	-0.155273	0.668701	-27.696187	71.281826	-164.609903
10988		-8.701434	-2.856665	5.166943	0.910855	-3.864568	-1.908102	0.531738	-0.134521	0.643066	-27.034111	68.811338	-164.462022
10989		-9.547345	-3.152413	5.765347	0.960457	-3.819497	-1.938518	0.546387	-0.123291	0.605957	-26.485441	66.335478	-164.465804
10990		-10.181608	-3.721987	6.292431	1.011416	-3.818521	-1.984958	0.561523	-0.102295	0.574219	-26.010102	63.868666	-164.581897
10991		-10.799628	-4.280175	6.774707	1.112380	-3.834374	-2.027349	0.582275	-0.084961	0.545410	-25.536698	61.363036	-164.768696
10992		-11.444392	-4.703263	7.252340	1.225599	-3.854491	-2.063044	0.593994	-0.068848	0.502441	-25.045090	58.859639	-165.012928
10993		-12.057727	-5.017537	7.676321	1.330130	-3.887042	-2.090932	0.602783	-0.049805	0.468018	-24.516480	56.312971	-165.291834
10994		-12.642854	-5.347181	8.044481	1.421031	-3.917804	-2.110430	0.617432	-0.024170	0.429443	-23.955217	53.768018	-165.601854
10995		-13.371821	-5.528127	8.529182	1.480317	-3.959492	-2.120586	0.631104	-0.010254	0.387939	-23.362882	51.179943	-165.926868
10996		-13.975784	-5.732363	8.770187	1.510397	-4.015795	-2.111980	0.629639	0.007080	0.332275	-22.744304	48.587191	-166.251135
10997		-14.340749	-5.804341	8.873242	1.501070	-4.062950	-2.074920	0.636719	0.021240	0.286865	-22.106064	45.959546	-166.555611
10998		-14.536846	-5.668878	8.809929	1.427265	-4.082944	-1.993789	0.624756	0.036133	0.235107	-21.473812	43.361446	-166.821198
10999		-14.803232	-5.329270	8.681390	1.254326	-4.079140	-1.888503	0.625000	0.034668	0.179932	-20.898067	40.769664	-167.037004
11000		-14.947548	-4.987156	8.270024	0.970677	-4.058275	-1.761214	0.604248	0.059082	0.136230	-20.439713	38.236009	-167.192553
11001		-14.865590	-4.547534	7.701244	0.585273	-4.015945	-1.619748	0.588623	0.067871	0.099365	-20.154561	35.735751	-167.278237
11002		-14.671049	-4.199489	6.877764	0.118848	-3.949097	-1.478792	0.573975	0.074951	0.065430	-20.094788	33.317753	-167.294837
11003		-14.113914	-3.819361	5.797283	-0.380154	-3.846263	-1.354833	0.551514	0.083496	0.036621	-20.289172	30.963128	-167.252674
11004		-13.639896	-3.319399	4.782526	-0.886714	-3.674226	-1.272094	0.541504	0.087646	0.016357	-20.762380	28.734116	-167.184723
11005		-13.239432	-2.557489	3.760100	-1.380419	-3.457886	-1.236048	0.516602	0.092285	-0.001953	-21.522529	26.614741	-167.119749
11006		-12.558290	0.356564	3.186614	-1.871933	-3.151251	-1.355630	0.512695	0.112793	-0.002930	-22.612349	24.647853	-167.161941
11007		-11.952367	2.798871	2.936358	-2.500625	-2.763851	-1.686904	0.490479	0.121826	-0.011230	-24.156527	22.797327	-167.440508
11008		-11.622791	0.254336	1.651389	-2.839792	-2.336009	-1.896526	0.481445	0.143799	-0.010498	-25.949628	21.123064	-167.886965
11009		-11.421273	-2.655097	-0.007098	-2.429424	-1.955016	-1.757918	0.471436	0.166260	-0.001221	-27.485993	19.659028	-168.305405
11010		-11.369742	-3.073836	-1.224048	-1.643394	-1.659732	-1.395694	0.460693	0.174805	-0.009033	-28.514951	18.442493	-168.576231
11011		-11.671071	-1.674633	-1.918581	-0.931245	-1.445839	-0.987648	0.451172	0.178467	-0.008789	-29.077795	17.435989	-168.674129
11012		-11.529846	0.193721	-2.332379	-0.538331	-1.255743	-0.640073	0.441162	0.189941	-0.012451	-29.374475	16.627634	-168.637640
11013		-10.760917	1.520208	-2.879014	-0.507199	-1.012004	-0.328266	0.443115	0.178467	-0.012207	-29.627826	16.025255	-168.506895
11014		-10.275271	1.752309	-3.123731	-0.685169	-0.705023	-0.024042	0.449219	0.177002	-0.013428	-29.964703	15.666503	-168.306863
11015		-9.814513	0.694991	-2.951717	-0.893302	-0.388164	0.283203	0.452393	0.192383	-0.006104	-30.404598	15.553463	-168.041381
11016		-9.712042	-1.189388	-2.285082	-0.967847	-0.089985	0.538136	0.454102	0.184326	-0.001221	-30.875574	15.664934	-167.734843
11017		-9.676586	-3.056543	-1.477085	-0.850978	0.155878	0.681894	0.454346	0.185791	-0.004150	-31.280338	15.943187	-167.431318
11018		-9.535765	-4.504039	-0.575098	-0.591109	0.391912	0.694043	0.456787	0.174072	0.002441	-31.552527	16.340840	-167.196035
11019		-10.130429	-5.399714	0.305951	-0.310394	0.588445	0.561562	0.469238	0.179688	0.015869	-31.701166	16.798893	-167.091136
11020		-10.280057	-6.103603	0.724821	-0.039591	0.730673	0.326323	0.470703	0.168457	0.017090	-31.740340	17.252067	-167.151140
11021		-10.183422	-6.404745	0.718103	0.215810	0.878197	0.034873	0.472656	0.179932	0.029053	-31.695420	17.694903	-167.407367
11022		-9.950985	-6.401248	0.281692	0.447290	1.062321	-0.234931	0.476074	0.175293	0.031250	-31.577151	18.141272	-167.859457
11023		-3.593020	-19.900349	-0.744199	1.903139	1.670988	-0.488244	0.481201	0.178467	0.038818	-30.734445	18.822026	-168.631187
11024		-2.936221	-5.955635	5.071133	3.322669	2.433553	0.001722	0.487305	0.176270	0.034180	-29.073081	20.029814	-169.363446
11025		-4.229751	-9.405503	11.342609	3.199000	2.395533	-0.839899	0.479004	0.177490	0.039551	-27.647513	21.014827	-170.509592
11026		3.191171	-7.916167	12.812657	3.405803	2.289206	-0.862919	0.481201	0.186035	0.039795	-26.100551	21.959742	-171.616815
11027		2.007823	5.237160	12.290775	3.184004	2.781748	-0.690619	0.483154	0.185303	0.053223	-24.715079	23.233743	-172.742982
11028		2.036810	13.899135	10.374700	2.396445	3.490192	-0.330794	0.488037	0.182861	0.056396	-23.784074	24.977492	-173.828171
11029		-7.818734	18.770929	13.621256	1.300864	3.954410	0.292656	0.500000	0.191162	0.078369	-23.409006	27.123642	-174.664388
11030		-10.980129	15.050066	13.985204	0.409037	3.586939	1.151427	0.508057	0.166016	0.107666	-23.283591	29.270219	-174.897261
11031		-12.833462	3.650278	13.219513	0.268797	3.057166	2.381471	0.525391	0.156982	0.121338	-22.791862	31.420140	-174.232501
11032		-10.841508	-14.315407	5.828106	0.692796	2.487723	2.803051	0.541992	0.128418	0.144775	-21.792001	33.346421	-173.109058
11033		-14.087728	-20.078405	1.362457	1.617175	2.773053	2.576707	0.544189	0.108887	0.161377	-20.309436	35.364413	-172.127236
11034		-27.020932	-5.269878	8.353665	2.300645	1.681527	2.363281	0.563965	0.084717	0.160889	-18.289398	36.719261	-170.936450
11035		-20.006622	7.321527	11.616229	1.850678	0.073187	1.675985	0.580322	0.071045	0.154785	-16.549219	37.054132	-169.803707
11036		-8.414992	4.556330	10.122569	0.970450	-0.503779	0.783982	0.571045	0.065430	0.148926	-15.604520	36.898977	-169.159327
11037		-7.561352	1.003504	9.934496	0.582944	-0.180297	0.344179	0.575684	0.065186	0.146729	-15.102806	36.860217	-168.883160
11038		-7.481818	1.134144	8.762516	0.259625	-0.119663	0.106051	0.584473	0.059326	0.139160	-14.893334	36.807465	-168.783677
11039		-6.167450	-2.459614	8.208757	0.099583	-0.045496	0.013408	0.588379	0.065186	0.137695	-14.820141	36.792928	-168.761323
11040		-5.985086	-2.687184	7.925369	0.124367	0.037306	0.072397	0.578125	0.058838	0.144287	-14.719490	36.821908	-168.714062
11041		-6.475061	-1.311193	7.861320	0.107538	0.085680	0.089986	0.583984	0.068604	0.139404	-14.624352	36.890981	-168.662596
11042		-6.951108	-1.062797	7.712332	0.033577	0.106630	0.042140	0.583252	0.053711	0.136230	-14.595674	36.953918	-168.648679
11043		-6.182549	-2.568469	7.620042	0.015541	0.110846	0.042630	0.581055	0.057617	0.143555	-14.575307	37.030106	-168.634317
11044		-5.959869	-2.229561	7.614113	0.035417	0.142221	0.080639	0.578857	0.062988	0.139893	-14.533223	37.118313	-168.599959
11045		-6.163384	-2.295570	7.593870	0.040372	0.162637	0.089025	0.584961	0.058105	0.140625	-14.484754	37.229776	-168.562541
11046		-6.074702	-2.183311	7.489204	0.056837	0.190292	0.106783	0.576416	0.059570	0.145752	-14.424309	37.348346	-168.518302
11047		-5.743012	-2.031428	7.631092	0.076529	0.219668	0.146544	0.586914	0.056396	0.149414	-14.336606	37.499502	-168.450526
11048		-5.956761	-2.244471	7.638043	0.088502	0.261285	0.160493	0.583984	0.055176	0.145020	-14.242245	37.664982	-168.380720
11049		-6.160842	-2.024235	7.554568	0.082892	0.280198	0.167775	0.581543	0.047607	0.146484	-14.147535	37.852419	-168.307910
11050		-6.146125	-2.139721	7.428424	0.078235	0.290226	0.154939	0.591309	0.061035	0.150391	-14.063642	38.033027	-168.246127
11051		-6.312687	-1.801709	7.493239	0.063642	0.293680	0.128432	0.583740	0.052734	0.156494	-13.997647	38.222244	-168.202497
11052		-6.258380	-1.826854	7.493608	0.043181	0.287288	0.102788	0.581543	0.050781	0.161133	-13.955601	38.393892	-168.176321
11053		-6.314071	-1.743174	7.373716	0.022458	0.282688	0.082631	0.584229	0.044189	0.156738	-13.931667	38.570558	-168.162710
11054		-6.373792	-1.831905	7.228710	0.019541	0.275694	0.076605	0.587402	0.050781	0.154297	-13.913203	38.732129	-168.152799
11055		-6.274870	-1.978011	7.178663	0.018676	0.260932	0.084224	0.588379	0.051758	0.164551	-13.888119	38.896852	-168.133980
11056		-6.379840	-1.876782	7.159834	0.032594	0.247417	0.085700	0.590576	0.043945	0.164795	-13.854754	39.043937	-168.112336
11057		-6.361645	-1.830091	7.133909	0.032482	0.220389	0.086120	0.589844	0.034668	0.168213	-13.816176	39.186261	-168.084714
11058		-6.297735	-1.745881	7.222037	0.030326	0.208379	0.076389	0.592041	0.046387	0.163330	-13.783699	39.310330	-168.062549
11059		-6.399604	-1.726635	7.238526	0.023806	0.205209	0.070082	0.597656	0.041504	0.167725	-13.755457	39.441872	-168.043501
11060		-6.410535	-1.752590	7.235050	0.031423	0.201696	0.084793	0.588867	0.041992	0.170898	-13.717505	39.563346	-168.013837
11061		-6.459834	-1.847548	7.128273	0.044802	0.193736	0.104382	0.591309	0.042969	0.169434	-13.659894	39.692980	-167.967683
11062		-6.497752	-1.868108	7.146960	0.056379	0.177738	0.119526	0.590332	0.040039	0.172852	-13.588505	39.805756	-167.908242
11063		-6.517432	-1.822888	7.127597	0.063070	0.170108	0.127564	0.589600	0.039307	0.175537	-13.506551	39.925092	-167.840606
11064		-6.556491	-1.816992	7.171834	0.056310	0.159924	0.130426	0.592529	0.045166	0.180176	-13.427549	40.029271	-167.769536
11065		-6.562476	-1.724159	7.253432	0.046363	0.156951	0.120170	0.593750	0.038330	0.174805	-13.356622	40.139973	-167.704412
11066		-6.536580	-1.699188	7.208653	0.042721	0.155200	0.118030	0.594971	0.039795	0.182617	-13.290151	40.239744	-167.641009
11067		-6.486680	-1.838893	7.210389	0.041244	0.151125	0.127527	0.595947	0.041016	0.183594	-13.217527	40.347835	-167.568979
11068		-6.490946	-1.908990	7.162465	0.049464	0.149682	0.141945	0.594727	0.040527	0.177734	-13.134705	40.447526	-167.486579
11069		-6.491338	-1.920311	7.057074	0.062823	0.157842	0.166494	0.595215	0.040039	0.177490	-13.031350	40.564018	-167.386503
11070		-6.570021	-1.802680	7.185076	0.063209	0.154386	0.168075	0.593506	0.034180	0.181641	-12.927952	40.669483	-167.284962
11071		-6.525110	-1.660715	7.274633	0.053949	0.152112	0.173481	0.594482	0.029053	0.176514	-12.824920	40.783152	-167.177954
11072		-6.685553	-1.611087	7.265959	0.044532	0.156614	0.168133	0.607422	0.031250	0.177002	-12.731606	40.889598	-167.075918
11073		-6.618818	-1.667946	7.286839	0.036872	0.154963	0.169328	0.602539	0.029297	0.188965	-12.639839	41.003813	-166.971629
11074		-6.694817	-1.518838	7.206755	0.041975	0.176577	0.170181	0.597656	0.021729	0.189453	-12.548333	41.121429	-166.870580
11075		-6.658267	-1.460379	7.203404	0.026183	0.176346	0.156835	0.601807	0.034424	0.182861	-12.470276	41.245559	-166.778284
11076		-6.586139	-1.341849	7.212788	0.007084	0.190465	0.137357	0.600586	0.019043	0.181152	-12.415560	41.366691	-166.703175
11077		-6.676560	-1.400908	7.311781	-0.005747	0.210716	0.113482	0.604492	0.020020	0.194092	-12.380176	41.504328	-166.648193
11078		-6.657212	-1.479571	7.238729	-0.022040	0.220805	0.096520	0.599365	0.022705	0.185303	-12.365126	41.637358	-166.608106
11079		-6.610489	-1.561002	7.145022	-0.012356	0.237507	0.108057	0.599121	0.014648	0.197266	-12.338710	41.789023	-166.561200
11080		-6.636661	-1.635570	7.037747	-0.014819	0.250754	0.120862	0.602051	0.025879	0.199951	-12.310217	41.941768	-166.507401
11081		-6.713087	-1.493757	7.074315	-0.022346	0.259456	0.111041	0.597900	0.021240	0.204590	-12.290027	42.105789	-166.461467
11082		-6.726082	-1.423660	7.089344	-0.035315	0.276619	0.110125	0.611816	0.014648	0.203369	-12.281081	42.271678	-166.419621
11083		-6.631384	-1.437777	7.149390	-0.049162	0.294868	0.098915	0.604736	0.020508	0.208252	-12.285994	42.453786	-166.388407
11084		-6.643435	-1.404172	7.171236	-0.065441	0.318962	0.083160	0.608154	0.018799	0.213135	-12.312588	42.640096	-166.373880
11085		-6.628324	-1.382970	7.204846	-0.073687	0.362515	0.077817	0.604492	0.006836	0.213623	-12.349985	42.857226	-166.370020
11086		-6.681713	-1.551832	7.101245	-0.075088	0.402363	0.090967	0.611328	0.013672	0.211426	-12.387635	43.091182	-166.363720
11087		-6.601936	-1.667061	7.128836	-0.091262	0.441547	0.120102	0.612305	0.014404	0.222168	-12.422242	43.357462	-166.341077
11088		-6.635201	-1.958499	7.075653	-0.089771	0.493632	0.159630	0.611572	0.012939	0.223877	-12.442693	43.650960	-166.297635
11089		-6.592646	-1.805994	7.146426	-0.080249	0.552192	0.190559	0.612305	0.010742	0.229492	-12.446226	43.987554	-166.239359
11090		-6.535009	-1.598172	7.334184	-0.093015	0.626984	0.208003	0.604736	0.012451	0.244629	-12.457636	44.361646	-166.180801
11091		-6.367144	-1.425931	7.418976	-0.080632	0.747708	0.193700	0.612061	0.008057	0.247314	-12.482615	44.807693	-166.153482
11092		-6.674804	-0.852151	7.544550	-0.116238	0.880408	0.160973	0.614014	0.009521	0.239746	-12.564431	45.317741	-166.176500
11093		-6.502290	-1.082838	7.549657	-0.162438	1.028802	0.125543	0.615234	0.012695	0.260254	-12.711749	45.912082	-166.255304
11094		-6.570544	-1.156827	7.546916	-0.195845	1.196236	0.113541	0.607910	0.007568	0.268066	-12.912158	46.592467	-166.378883
11095		-6.664611	-1.068120	7.485139	-0.215754	1.371393	0.093715	0.613770	-0.002441	0.283936	-13.163609	47.373132	-166.556570
11096		-6.672362	-1.001086	7.447297	-0.236674	1.538077	0.074898	0.603271	0.000244	0.300293	-13.472562	48.238229	-166.791994
11097		-6.770284	-1.089760	7.317074	-0.248303	1.711100	0.065126	0.604492	-0.001953	0.321045	-13.830662	49.202435	-167.081977
11098		-6.619935	-1.276161	7.350338	-0.245085	1.892809	0.069298	0.601563	0.000244	0.339600	-14.231221	50.261905	-167.424295
11099		-6.557311	-1.562675	7.215957	-0.227196	2.116355	0.109845	0.607910	-0.005859	0.339844	-14.651212	51.454222	-167.800627
11100		-6.572257	-1.947320	7.160821	-0.199118	2.342201	0.189161	0.603760	-0.006592	0.372070	-15.067839	52.776868	-168.185286
11101		-6.605825	-2.000357	7.164579	-0.168735	2.584870	0.284480	0.595947	-0.001709	0.399658	-15.472043	54.250464	-168.570213
11102		-6.611761	-1.746043	7.266845	-0.136866	2.858784	0.357273	0.596191	-0.005371	0.421143	-15.896595	55.880574	-168.993690
11103		-6.422108	-1.990654	7.594008	-0.114724	3.186262	0.448585	0.593750	-0.014160	0.454346	-16.351825	57.707189	-169.461390
11104		-6.158887	-2.455918	7.608934	-0.067731	3.586809	0.558724	0.585693	-0.018555	0.480469	-16.845920	59.765951	-169.995191
11105		-6.288941	-2.864888	7.926428	-0.087246	4.123900	0.685234	0.577148	-0.027100	0.521484	-17.466584	62.140280	-170.649833
11106		-6.975129	-2.904941	8.108495	-0.198614	4.677364	0.803086	0.558594	-0.038818	0.552734	-18.346855	64.829853	-171.507344
11107		-8.121319	-2.995541	7.967776	-0.312810	5.122487	0.899504	0.545410	-0.045166	0.598877	-19.578096	67.773206	-172.657539
11108		-8.845147	-2.938139	7.736132	-0.467142	5.502971	0.996285	0.528809	-0.049805	0.650879	-21.341403	70.925168	-174.256351
11109		-10.821347	-2.629632	6.970297	-0.567484	5.731832	1.171395	0.507080	-0.057861	0.697998	-23.683385	74.215962	-176.370749
11110		-13.170084	-1.896294	5.704172	-0.681658	5.858088	1.328236	0.478271	-0.079834	0.742920	-27.045529	77.574376	-179.434338
11111		-15.986712	-1.388962	5.028811	-0.905185	5.843428	1.364027	0.456055	-0.097168	0.779541	-32.751749	80.869216	175.286032
11112		-17.224970	-2.389243	5.296531	-1.085569	5.670600	1.420010	0.420410	-0.115967	0.832520	-43.627685	83.937452	164.944556
11113		-16.684389	-3.550759	5.095318	-1.032997	5.349162	1.532456	0.390625	-0.123047	0.872070	-68.794713	86.429949	140.289519
11114		-14.178054	-3.720754	4.291263	-0.840164	5.178593	1.632947	0.356934	-0.141602	0.911133	-125.347190	87.071452	84.141683
11115		-13.746622	-3.058174	5.137649	-0.768825	4.996129	1.625090	0.336426	-0.158203	0.937744	-162.570815	85.214302	47.284154
11116		-12.833079	-2.020525	5.123750	-0.890911	4.739895	1.561792	0.294189	-0.185547	0.971191	-176.166973	82.697145	34.128106
11117		-10.993489	-1.601385	5.165119	-1.177455	4.504097	1.457225	0.262207	-0.190186	1.001221	177.424404	80.127439	28.329671
11118		-9.222050	-1.309507	4.561663	-1.559178	4.226983	1.356362	0.227539	-0.217041	1.027588	173.543107	77.653837	25.284444
11119		-5.200074	-1.034874	3.834857	-1.830368	3.875766	1.252659	0.208984	-0.234619	1.046143	170.781820	75.361320	23.522676
11120		-15.006426	1.653388	6.667356	-2.275242	3.430244	1.151059	0.176514	-0.261719	1.060303	168.420134	73.311625	22.423005
11121		-26.481275	-3.130976	11.786976	-2.555253	1.577912	0.664556	0.156982	-0.289063	1.080566	166.381580	72.352633	21.820722
11122		-17.966256	-5.671424	8.849703	-2.708217	-0.448838	0.349272	0.171387	-0.312744	1.067383	164.001211	72.552368	20.950481
11123		-14.138864	-8.051353	6.999012	-2.337146	-1.839720	0.167463	0.183350	-0.343994	1.076660	161.320788	73.538683	19.547283
11124		-11.854539	-9.544503	4.358489	-1.478268	-2.922341	0.064048	0.205811	-0.356445	1.062012	158.280380	75.099650	17.268246
11125		-9.562342	-9.644140	2.359588	-0.411877	-3.601848	-0.023664	0.242188	-0.356445	1.044189	154.771028	77.008717	13.895094
11126		-7.070953	-8.379168	0.917661	0.666327	-3.905745	-0.167345	0.271484	-0.362305	1.024170	150.703432	79.044975	9.346440
11127		-4.694636	-5.948311	0.112381	1.474701	-3.888476	-0.344632	0.310547	-0.349609	1.016113	145.798925	81.056332	3.509495
11128		-2.929775	-3.152779	-0.212043	1.818215	-3.669574	-0.582635	0.337891	-0.323242	0.987793	139.641312	82.936077	-3.760744
11129		-2.761874	-0.801226	0.119707	1.739836	-3.318422	-0.908022	0.366699	-0.314697	0.980957	131.775091	84.675058	-12.675095
11130		-3.378749	0.555474	0.859700	1.370816	-3.006231	-1.272026	0.395996	-0.298828	0.949951	120.288672	86.286650	-24.984855
11131		-4.474346	0.622714	1.634017	0.870624	-2.834951	-1.608665	0.415283	-0.277344	0.937256	96.590255	87.712049	-49.212834
11132		-5.045757	-0.318008	2.047660	0.491173	-2.815636	-1.865197	0.432129	-0.261719	0.924561	41.974821	88.191547	-104.140348
11133		-5.105418	-1.643022	2.271343	0.381840	-2.846770	-1.974378	0.455322	-0.254150	0.906738	1.638074	87.015003	-144.726852
11134		-5.262408	-2.503979	2.445891	0.532510	-2.900312	-1.953776	0.477051	-0.224854	0.878174	-12.249831	85.240462	-158.951430
11135		-5.436299	-2.375528	2.721997	0.809374	-2.962592	-1.857803	0.506104	-0.205322	0.852783	-17.668329	83.311979	-164.862616
11136		-5.789020	-1.337205	3.215318	1.000710	-3.037765	-1.780614	0.516357	-0.195557	0.820068	-20.057020	81.332411	-167.852156
11137		-5.821698	-0.052311	3.683037	0.995902	-3.121784	-1.737413	0.542725	-0.176270	0.800293	-21.236202	79.296095	-169.627340
11138		-5.510659	0.929901	3.971421	0.823223	-3.151467	-1.715598	0.553223	-0.152344	0.772949	-21.949132	77.253439	-170.838146
11139		-5.254537	1.405172	4.214576	0.560974	-3.119607	-1.676316	0.571289	-0.141113	0.732910	-22.486103	75.224163	-171.722235
11140		-5.164645	0.835446	4.404368	0.338872	-3.047260	-1.592140	0.585449	-0.120850	0.713379	-22.875597	73.259647	-172.329731
11141		-5.554716	0.097967	4.706420	0.251821	-2.974444	-1.468594	0.601074	-0.104736	0.687256	-23.063129	71.350789	-172.678654
11142		-6.145265	-0.408809	5.328903	0.280274	-2.942355	-1.344241	0.617676	-0.099854	0.651855	-23.028835	69.496199	-172.813835
11143		-6.700877	-0.485813	5.965046	0.323060	-2.967895	-1.274879	0.615479	-0.075684	0.630127	-22.857853	67.633984	-172.829862
11144		-6.929848	-0.612243	6.515307	0.358344	-3.032088	-1.244422	0.620117	-0.062988	0.608398	-22.611407	65.754353	-172.786278
11145		-7.058266	-0.648104	6.953246	0.368233	-3.077437	-1.245848	0.629639	-0.054443	0.566406	-22.359184	63.840426	-172.741779
11146		-7.597390	-0.690334	7.523888	0.346533	-3.133825	-1.266164	0.636475	-0.039795	0.546143	-22.136478	61.902049	-172.715873
11147		-8.105671	-0.977347	7.982566	0.321839	-3.216829	-1.295911	0.648438	-0.022705	0.521240	-21.937119	59.903041	-172.700110
11148		-8.637136	-1.206600	8.518737	0.299951	-3.305680	-1.322614	0.641113	-0.016846	0.493896	-21.756110	57.861199	-172.690705
11149		-9.249800	-1.454093	8.967658	0.292899	-3.430559	-1.332874	0.649658	0.005127	0.465576	-21.556051	55.740390	-172.653885
11150		-9.720685	-1.600551	9.356976	0.286844	-3.562707	-1.332352	0.653076	0.016846	0.447754	-21.335304	53.559454	-172.586098
11151		-10.192537	-1.773460	9.685517	0.283736	-3.698163	-1.314968	0.663818	0.033691	0.421143	-21.081561	51.299247	-172.473204
11152		-10.656703	-2.095084	9.955299	0.287070	-3.825387	-1.276754	0.658691	0.056885	0.394531	-20.792123	48.988861	-172.311891
11153		-11.129260	-2.222384	10.191973	0.293841	-3.942851	-1.233937	0.671387	0.061279	0.368164	-20.468497	46.613286	-172.104928
11154		-11.518547	-2.477566	10.401942	0.295373	-4.021092	-1.182148	0.674316	0.079102	0.333252	-20.128319	44.215527	-171.866511
11155		-12.426924	-2.660287	10.709460	0.304318	-4.087289	-1.141711	0.675537	0.098633	0.291260	-19.775699	41.778957	-171.608268
11156		-13.246930	-2.869814	10.948244	0.295746	-4.146045	-1.126993	0.680664	0.112305	0.266113	-19.440609	39.322520	-171.355243
11157		-13.901963	-3.111757	10.915335	0.272890	-4.188305	-1.128004	0.687988	0.120117	0.233154	-19.135315	36.832405	-171.117470
11158		-14.448455	-3.211876	10.665908	0.254860	-4.202036	-1.142633	0.698975	0.153564	0.202637	-18.867792	34.340821	-170.910626
11159		-14.824715	-3.084512	10.223050	0.203089	-4.166646	-1.182444	0.707764	0.165771	0.169922	-18.663736	31.851668	-170.754397
11160		-15.023275	-2.980093	9.409536	0.140989	-4.101761	-1.234199	0.715576	0.178467	0.138428	-18.532937	29.396684	-170.658370
11161		-14.629417	-3.135547	8.203146	0.105835	-3.986976	-1.248262	0.713135	0.203125	0.090576	-18.442890	26.993793	-170.601323
11162		-14.295792	-3.681696	6.893606	0.125864	-3.810624	-1.202481	0.719971	0.221924	0.057861	-18.350980	24.702555	-170.558423
11163		-14.176847	-3.991691	5.172122	0.196881	-3.609046	-1.098571	0.716797	0.248291	0.017334	-18.211760	22.533444	-170.498460
11164		-14.368002	-2.941350	3.458281	0.181519	-3.360176	-0.995245	0.721191	0.270020	-0.021973	-18.082575	20.524290	-170.432814
11165		-14.497233	-0.877951	1.782679	-0.084745	-3.045167	-0.921510	0.716309	0.278809	-0.055176	-18.113372	18.695312	-170.386257
11166		-15.375878	1.000009	-0.142592	-0.607492	-2.688912	-0.823277	0.714111	0.310303	-0.083496	-18.447903	17.082410	-170.345627
11167		-16.301905	2.004295	-2.833847	-1.209202	-2.348476	-0.716253	0.717285	0.319824	-0.111816	-19.124329	15.671908	-170.295171
11168		-16.383670	1.751796	-6.178598	-1.569312	-1.967525	-0.577709	0.710205	0.339111	-0.130127	-20.003846	14.496863	-170.223758
11169		-16.327065	0.743093	-9.066703	-1.482555	-1.463618	-0.381607	0.716309	0.349121	-0.136719	-20.828214	13.632758	-170.129815
11170		-16.793327	-0.176855	-10.992257	-0.948446	-0.875253	-0.148804	0.712891	0.368652	-0.148926	-21.345748	13.132283	-170.022620
11171		-17.137712	-0.548212	-11.823078	-0.166220	-0.276543	0.091416	0.718018	0.385498	-0.158691	-21.413667	13.004534	-169.909800
11172		-17.442016	0.318285	-11.179630	0.517273	0.304879	0.326142	0.730225	0.385010	-0.156738	-21.089584	13.233180	-169.792483
11173		-18.187320	1.190116	-9.202636	0.804178	0.809683	0.526110	0.740479	0.380859	-0.149902	-20.598805	13.777317	-169.669263
11174		-15.987770	0.372342	-5.670928	0.789913	1.191072	0.692702	0.757080	0.383301	-0.142822	-20.110272	14.553243	-169.526813
11175		0.819956	-2.130934	12.926834	0.318366	2.120045	1.154174	0.786133	0.376465	-0.125732	-19.869804	15.926584	-169.309974
11176		2.254413	-15.135221	28.159730	0.045474	1.382774	0.590899	0.808838	0.375244	-0.111084	-19.827171	16.784770	-169.254936
11177		12.543353	-15.052623	25.116462	0.171158	0.494240	0.351659	0.819580	0.379639	-0.112061	-19.698650	17.123953	-169.153622
11178		9.006125	-7.832741	1.605640	0.280800	1.361947	0.124338	0.819580	0.390137	-0.087402	-19.597208	17.880827	-169.354866
11179		-0.134517	-4.442917	-0.307197	0.557166	3.276103	-0.102670	0.842773	0.392090	-0.058105	-19.509136	19.632298	-170.073718
11180		-11.230576	-0.347484	7.635531	0.522710	3.906835	-0.501409	0.846436	0.410645	-0.020996	-19.591397	21.643634	-171.159793
11181		-11.570329	4.144383	12.390001	0.172559	3.549689	-0.585394	0.859863	0.439209	0.023438	-19.908016	23.447293	-172.242670
11182		-6.847974	9.045159	13.229767	-0.310001	3.273106	-0.022122	0.881836	0.447021	0.068604	-20.380391	25.201630	-172.960756
11183		-7.778170	6.833765	12.518960	-0.891497	3.111786	0.614041	0.903809	0.454834	0.102539	-21.036214	26.997135	-173.292869
11184		-9.185221	-2.257144	9.223554	-1.136037	2.888564	0.896641	0.919678	0.453857	0.140137	-21.750549	28.723632	-173.430795
11185		-9.682988	-13.878127	5.779812	-0.576840	2.789842	0.992023	0.943115	0.445557	0.178467	-22.116830	30.422533	-173.507137
11186		-8.899121	-16.912231	2.779423	0.326640	2.726973	1.139402	0.960938	0.446777	0.217773	-21.914641	32.113916	-173.480270
11187		-13.120296	-7.695190	6.517471	0.879356	2.580557	1.452625	0.976074	0.428223	0.241455	-21.259622	33.799138	-173.203035
11188		-15.729655	-1.079604	9.816281	0.997829	1.478614	1.492462	0.989502	0.424805	0.253906	-20.343825	34.892871	-172.595145
11189		-11.178874	-5.032677	6.804348	1.075724	0.824593	1.346982	0.995361	0.413574	0.257080	-19.325537	35.604139	-171.899330
11190		-9.950777	-4.555308	7.344661	1.303715	0.655831	1.175285	1.012451	0.405273	0.264648	-18.201156	36.174501	-171.257404
11191		-9.524885	0.097320	9.428585	1.232898	0.348340	1.079141	1.015137	0.397949	0.252930	-17.103427	36.557490	-170.597870
11192		-10.302724	0.460944	9.293324	0.918913	-0.000390	0.814419	1.017822	0.391357	0.255615	-16.241120	36.688994	-170.036768
11193		-7.563074	-0.219628	8.298473	0.673222	-0.195328	0.587454	1.021973	0.374756	0.243164	-15.588656	36.679168	-169.591580
11194		-6.739440	-1.671539	8.166572	0.555263	-0.183940	0.481933	1.020752	0.373047	0.243164	-15.048083	36.648238	-169.220879
11195		-6.525109	-1.670602	7.814364	0.505333	-0.155111	0.427491	1.036133	0.364990	0.231201	-14.562466	36.630372	-168.894035
11196		-6.565445	-1.215700	7.903096	0.445027	-0.132625	0.379803	1.040283	0.356689	0.232910	-14.133379	36.608394	-168.603963
11197		-6.528178	-1.071706	7.951896	0.381058	-0.106280	0.319506	1.028809	0.354492	0.229248	-13.768933	36.598825	-168.360873
11198		-6.427578	-1.256710	7.979426	0.309147	-0.070682	0.259233	1.029053	0.356689	0.225830	-13.474131	36.592120	-168.165296
11199		-6.063714	-1.329512	7.997687	0.259191	-0.026006	0.225682	1.039795	0.354736	0.225586	-13.226191	36.612804	-168.000724
11200		-5.906526	-1.354624	8.089558	0.193717	0.056248	0.154991	1.038086	0.353271	0.230225	-13.052942	36.662022	-167.898204
11201		-5.984378	-0.681573	8.130499	0.094206	0.131760	0.077676	1.039307	0.354492	0.228760	-12.975752	36.750803	-167.861697
11202		-5.789979	-1.123779	8.072553	-0.001967	0.198078	0.006279	1.036621	0.349365	0.225098	-12.989931	36.859839	-167.885283
11203		-6.122448	-0.928619	7.935096	-0.072612	0.242081	-0.047035	1.040283	0.359863	0.238281	-13.071032	36.993991	-167.953530
11204		-6.273289	-1.213960	7.743045	-0.140460	0.269195	-0.099600	1.040771	0.353271	0.234863	-13.216538	37.128858	-168.063220
11205		-6.234021	-1.708217	7.545258	-0.171905	0.270099	-0.129632	1.040039	0.349121	0.242676	-13.393060	37.267422	-168.194881
11206		-6.144453	-2.010231	7.424173	-0.175230	0.262913	-0.128338	1.038086	0.351563	0.243164	-13.571315	37.394431	-168.325045
11207		-6.008551	-2.190679	7.381586	-0.173894	0.252794	-0.110927	1.039063	0.355469	0.251709	-13.740632	37.525198	-168.442137
11208		-5.856621	-2.166364	7.406661	-0.160961	0.258883	-0.095146	1.037842	0.367920	0.256104	-13.897386	37.653897	-168.549691
11209		-5.946575	-2.043046	7.485811	-0.156302	0.268209	-0.086718	1.035645	0.360352	0.255859	-14.049175	37.795986	-168.653792
11210		-6.060984	-2.064903	7.512261	-0.153475	0.271219	-0.081000	1.031494	0.367188	0.266357	-14.198054	37.933063	-168.754839
11211		-6.130272	-1.989099	7.396576	-0.145245	0.271203	-0.082900	1.046387	0.360840	0.274170	-14.343438	38.076841	-168.858102
11212		-6.210594	-1.986138	7.352961	-0.133815	0.270867	-0.086117	1.036865	0.365234	0.270264	-14.484416	38.212586	-168.963964
11213		-6.335960	-1.883462	7.304148	-0.121678	0.267237	-0.091337	1.027100	0.355957	0.270264	-14.620758	38.352492	-169.073736
11214		-6.369148	-1.865877	7.348982	-0.118437	0.261297	-0.094587	1.036377	0.362305	0.273926	-14.756704	38.481302	-169.185043
11215		-6.442453	-1.798254	7.339936	-0.124124	0.252842	-0.104881	1.036865	0.368896	0.286865	-14.899924	38.610797	-169.302940
11216		-6.427921	-1.823878	7.333846	-0.126893	0.249254	-0.120077	1.034424	0.375000	0.286621	-15.051723	38.728729	-169.431252
11217		-6.311039	-2.047379	7.265888	-0.132383	0.242822	-0.123310	1.040039	0.375244	0.284912	-15.207836	38.849410	-169.561540
11218		-6.294013	-2.170559	7.234787	-0.123118	0.234592	-0.114548	1.031006	0.373779	0.296631	-15.354400	38.959537	-169.684308
11219		-6.319445	-2.216725	7.174600	-0.105038	0.225489	-0.089541	1.031494	0.377686	0.306152	-15.478782	39.075229	-169.788376
11220		-6.243377	-2.358536	7.079079	-0.075727	0.223727	-0.054811	1.030273	0.375488	0.296875	-15.571015	39.188112	-169.867479
11221		-6.283326	-2.572433	6.974698	-0.015049	0.215896	0.010546	1.038818	0.385742	0.306641	-15.598383	39.313629	-169.899108
11222		-6.261115	-2.736379	6.841576	0.066988	0.208052	0.106853	1.030029	0.377686	0.300293	-15.534138	39.442672	-169.860041
11223		-6.312582	-2.716325	6.727977	0.155983	0.197990	0.200358	1.032227	0.381592	0.301025	-15.374886	39.587291	-169.752081
11224		-6.563283	-2.843723	6.700280	0.249412	0.166239	0.279874	1.038574	0.375244	0.313232	-15.120787	39.719123	-169.579519
11225		-6.766241	-2.605872	6.820579	0.305813	0.094795	0.328417	1.042236	0.368164	0.307617	-14.802482	39.824821	-169.357587
11226		-6.809928	-2.357296	6.862868	0.325441	0.001858	0.345617	1.046631	0.357910	0.302490	-14.452597	39.873589	-169.104232
11227		-6.830024	-1.913904	7.011527	0.318921	-0.077298	0.322917	1.044434	0.353760	0.297363	-14.107552	39.880929	-168.852747
11228		-6.555383	-1.574969	7.148893	0.274255	-0.131884	0.264989	1.044434	0.362793	0.302002	-13.808460	39.841912	-168.632948
11229		-6.456045	-1.723983	7.358096	0.245617	-0.133892	0.222630	1.043457	0.348389	0.292480	-13.545818	39.802125	-168.444335
11230		-6.257252	-1.414797	7.496934	0.145154	-0.153208	0.084856	1.045410	0.347900	0.286133	-13.402610	39.725754	-168.352151
11231		-6.086963	-1.093400	7.709506	0.159217	-0.066348	0.155280	1.044678	0.353027	0.282471	-13.228677	39.713760	-168.224562
11232		-6.117708	-1.227034	7.767358	0.119201	-0.001203	0.133873	1.043945	0.346680	0.299072	-13.094531	39.728204	-168.123207
11233		-6.296175	-1.415572	7.660073	0.082252	0.061817	0.113098	1.051270	0.358154	0.283691	-12.997888	39.781722	-168.047768
11234		-6.356568	-1.344778	7.638522	0.042443	0.112881	0.093817	1.053711	0.349609	0.287598	-12.938332	39.854450	-167.994422
11235		-6.453271	-1.277454	7.509337	0.001593	0.154152	0.060933	1.049316	0.343506	0.291992	-12.921741	39.952645	-167.972050
11236		-6.462549	-1.422180	7.426589	-0.027765	0.181444	0.045177	1.048340	0.347412	0.296875	-12.932311	40.057397	-167.965424
11237		-6.486332	-1.479176	7.346821	-0.047010	0.208100	0.036015	1.064209	0.354248	0.301025	-12.960969	40.182471	-167.970226
11238		-6.501152	-1.587501	7.341657	-0.064557	0.222739	0.017570	1.048096	0.341309	0.303223	-13.010220	40.306729	-167.990875
11239		-6.402915	-1.694990	7.345465	-0.071587	0.237240	0.016265	1.053711	0.346924	0.321045	-13.065701	40.445467	-168.015344
11240		-6.313266	-1.965208	7.291069	-0.071154	0.260732	0.025929	1.059326	0.340088	0.308350	-13.119287	40.591983	-168.036732
11241		-6.361904	-1.966221	7.292583	-0.060472	0.283802	0.047515	1.051758	0.342773	0.315430	-13.159025	40.760669	-168.046637
11242		-6.434672	-2.029083	7.206682	-0.050411	0.313717	0.070881	1.052002	0.350098	0.330322	-13.185363	40.942591	-168.044394
11243		-6.296641	-2.075721	7.180505	-0.034795	0.344747	0.109735	1.049561	0.344727	0.327881	-13.187358	41.153333	-168.019096
11244		-6.351788	-2.076385	7.210209	-0.020810	0.382023	0.147173	1.061279	0.343994	0.333008	-13.167208	41.383326	-167.972105
11245		-6.336397	-1.997141	7.217036	-0.019001	0.423888	0.167807	1.056641	0.341797	0.335938	-13.140290	41.645702	-167.917010
11246		-6.324784	-2.014553	7.321115	-0.023030	0.486310	0.196971	1.055908	0.339355	0.337158	-13.107934	41.940332	-167.850278
11247		-6.448867	-1.917227	7.436706	-0.026483	0.559084	0.216486	1.054688	0.339111	0.351563	-13.075617	42.284331	-167.781339
11248		-6.494859	-1.710196	7.445890	-0.042249	0.636327	0.222584	1.059814	0.339600	0.359863	-13.057628	42.665957	-167.720449
11249		-6.535576	-1.691241	7.420519	-0.051495	0.707825	0.243713	1.058838	0.337891	0.373291	-13.041901	43.096352	-167.655830
11250		-6.460579	-1.745470	7.457606	-0.071918	0.802475	0.271302	1.060303	0.335205	0.381348	-13.034077	43.576994	-167.585959
11251		-6.451446	-1.364362	7.581323	-0.086868	0.912914	0.293961	1.064941	0.331299	0.383789	-13.035478	44.128227	-167.517976
11252		-6.028893	-1.413624	7.607751	-0.097958	1.078066	0.300190	1.058594	0.322998	0.405762	-13.059908	44.766440	-167.474252
11253		-6.660932	-1.158565	7.518667	-0.096061	1.248539	0.279593	1.071045	0.321289	0.423584	-13.116644	45.502972	-167.478507
11254		-6.422100	-1.509154	7.436347	-0.131182	1.370287	0.291926	1.065186	0.312988	0.445557	-13.203908	46.303200	-167.496858
11255		-6.493439	-1.414350	7.435219	-0.117978	1.535360	0.289995	1.066406	0.309570	0.472412	-13.309468	47.200871	-167.550841
11256		-6.434764	-1.226237	7.455464	-0.127704	1.709755	0.276602	1.058350	0.306396	0.486328	-13.457876	48.188229	-167.654026
11257		-6.449351	-1.296735	7.468735	-0.144257	1.906419	0.279870	1.060303	0.307373	0.510986	-13.649747	49.290800	-167.801158
11258		-6.410771	-1.119205	7.381474	-0.150409	2.103984	0.282770	1.061768	0.312744	0.534424	-13.884912	50.497900	-167.997342
11259		-6.586798	-0.954000	7.472206	-0.157797	2.379736	0.289620	1.060059	0.313232	0.578613	-14.180843	51.863808	-168.262926
11260		-6.340704	-1.020883	7.655175	-0.148098	2.638480	0.311028	1.050537	0.300049	0.610352	-14.525010	53.370257	-168.590594
11261		-6.481077	-1.357498	7.630717	-0.129262	2.925506	0.361772	1.051758	0.296143	0.647705	-14.905608	55.046702	-168.970262
11262		-6.050662	-1.469769	7.552881	-0.136121	3.185316	0.399353	1.040283	0.297363	0.681396	-15.356011	56.865979	-169.420937
11263		-6.046427	-1.314452	7.552846	-0.124770	3.677479	0.555232	1.031006	0.290771	0.743408	-15.835761	58.983165	-169.904381
11264		-6.241492	-2.112590	7.557773	-0.117883	4.242598	0.655405	1.024658	0.285889	0.797363	-16.446865	61.420414	-170.531850
11265		-7.267237	-3.047907	8.026152	-0.136817	4.882229	0.675849	1.005859	0.273438	0.853760	-17.380675	64.211173	-171.494777
11266		-6.808469	-3.105256	8.604917	-0.219842	5.404534	0.734666	0.979248	0.279297	0.921631	-18.741224	67.283794	-172.849524
11267		-7.221481	-3.329035	8.659333	-0.364733	5.878572	0.912169	0.945557	0.269531	1.009033	-20.609461	70.632760	-174.627852
11268		-9.355243	-3.572530	8.422742	-0.488577	6.340213	1.120758	0.914307	0.254150	1.083740	-23.286583	74.241155	-177.141993
11269		-12.188662	-3.315206	7.271335	-0.610226	6.664284	1.379580	0.872803	0.238770	1.169434	-27.344511	78.033368	179.039576
11270		-16.283498	-2.062460	5.581559	-0.802645	6.881348	1.618378	0.826416	0.225586	1.242676	-34.800773	81.894998	171.937880
11271		-19.907482	-2.448688	5.035394	-1.115561	6.897037	1.729198	0.775879	0.190674	1.309082	-54.086541	85.458436	153.187228
11272		-20.697793	-3.562203	7.066851	-1.204765	6.495959	1.840879	0.720459	0.153320	1.382324	-112.505122	87.153661	95.362607
11273		-16.864996	-3.684015	5.818838	-1.120208	6.159709	1.901584	0.669678	0.126465	1.433105	-161.983477	85.123554	46.433893
11274		-14.985710	-2.826514	6.889528	-1.217673	5.907822	1.776735	0.618164	0.100830	1.476807	-177.027360	81.959119	32.001600
11275		-12.758109	-1.441060	6.838575	-1.566440	5.602228	1.568474	0.568359	0.053223	1.528809	176.807813	78.747664	26.660097
11276		-9.737684	-0.473777	6.637409	-2.083402	5.350938	1.398299	0.524414	0.016602	1.561523	173.259664	75.626100	24.245642
11277		-6.560164	-0.804700	4.803391	-2.699800	5.157075	1.223588	0.480957	-0.030029	1.601318	170.711520	72.606905	23.204273
11278		-4.400806	-0.159082	5.207242	-3.121668	5.081674	1.063685	0.435791	-0.080566	1.627197	168.684052	69.635883	22.951177
11279		-14.530122	4.282207	9.425876	-3.913832	4.603276	0.985053	0.397461	-0.143311	1.669434	166.474973	66.944155	22.986448
11280		-24.730985	-3.162035	13.728655	-4.298131	2.550031	0.520557	0.385010	-0.216553	1.670654	164.190649	65.457566	23.180302
11281		-16.511747	-6.109781	11.757035	-4.375622	0.340887	0.057298	0.428711	-0.267090	1.666992	161.732747	65.268958	23.233476
11282		-12.905559	-8.756960	10.205581	-3.834003	-1.340687	-0.260658	0.469727	-0.315186	1.635498	159.274178	66.044861	22.944938
11283		-9.790230	-11.356724	7.934697	-2.730223	-2.639815	-0.432541	0.549805	-0.339600	1.581055	156.923030	67.550792	22.088070
11284		-7.418912	-11.231166	5.945189	-1.284352	-3.462280	-0.579933	0.630859	-0.343262	1.511475	154.891734	69.499203	20.695147
11285		-6.918947	-9.627138	4.697759	0.092156	-4.018763	-0.752241	0.709229	-0.325195	1.436523	153.171122	71.770266	18.814785
11286		-7.047545	-7.717419	3.884402	1.169825	-4.526585	-0.926028	0.773926	-0.281982	1.344727	151.416032	74.315207	16.278602
11287		-6.348445	-4.973059	3.705044	1.838889	-4.936817	-1.077124	0.836426	-0.229004	1.225342	149.049032	77.091409	12.748861
11288		-5.406537	-2.052590	3.557702	1.993580	-5.197721	-1.226400	0.870117	-0.182861	1.115479	145.098453	79.977102	7.552751
11289		-4.186364	0.062234	2.971943	1.730509	-5.241843	-1.412066	0.890625	-0.140381	1.005615	137.846867	82.851528	-0.781286
11290		-3.944348	1.693941	2.368915	1.218557	-5.071442	-1.621394	0.888672	-0.108887	0.898438	122.644725	85.463186	-16.760723
11291		-4.634948	2.692690	2.328289	0.557779	-4.805694	-1.855557	0.888184	-0.082031	0.806152	83.772823	87.237181	-56.021418
11292		-5.826884	2.628510	2.532191	-0.160189	-4.576133	-2.092028	0.861572	-0.067139	0.721191	27.894287	86.688930	-111.875306
11293		-6.921538	0.718677	2.498441	-0.655606	-4.447081	-2.224964	0.830811	-0.053467	0.669678	2.572038	84.500110	-136.888939
11294		-7.926715	-1.653372	2.782726	-0.717852	-4.405980	-2.210333	0.806152	-0.046631	0.604980	-7.532274	81.911008	-146.648700
11295		-8.963552	-3.012407	3.072364	-0.424658	-4.465423	-2.112265	0.779785	-0.046875	0.556152	-12.291898	79.164867	-151.225804
11296		-9.585112	-3.397242	3.364728	0.008475	-4.576977	-1.975676	0.748779	-0.046875	0.510010	-14.542170	76.348465	-153.533809
11297		-9.682131	-2.941734	3.456101	0.395399	-4.652343	-1.859717	0.726318	-0.048584	0.475342	-15.563120	73.481827	-154.825205
11298		-9.816508	-2.083808	3.749621	0.623168	-4.624893	-1.794634	0.696533	-0.058105	0.432129	-16.023870	70.649856	-155.685715
11299		-9.967611	-1.402400	4.101458	0.676195	-4.536882	-1.811287	0.686035	-0.062988	0.395752	-16.352070	67.848354	-156.450358
11300		-10.293098	-1.457707	4.532325	0.637882	-4.392694	-1.882936	0.663086	-0.063965	0.373047	-16.709353	65.126371	-157.239591
11301		-11.009609	-2.048543	5.168966	0.610229	-4.242314	-1.980202	0.655273	-0.072266	0.342529	-17.125430	62.454921	-158.092336
11302		-11.740160	-2.718176	5.685042	0.665534	-4.122006	-2.068145	0.646484	-0.069336	0.324707	-17.514314	59.845317	-158.972757
11303		-12.213751	-3.205941	6.175344	0.774812	-4.022905	-2.147156	0.632568	-0.081299	0.292725	-17.839908	57.259879	-159.874058
11304		-12.439477	-3.365678	6.516276	0.913338	-3.940803	-2.201492	0.632813	-0.079102	0.271240	-18.057850	54.720998	-160.769446
11305		-12.903099	-3.460700	7.043447	1.022115	-3.847747	-2.225749	0.620361	-0.065918	0.246826	-18.180112	52.213549	-161.649758
11306		-13.685462	-3.377607	7.652739	1.070935	-3.811107	-2.226568	0.627930	-0.051025	0.227295	-18.215284	49.738639	-162.486170
11307		-14.293734	-3.372057	8.081421	1.074889	-3.835894	-2.197147	0.623535	-0.054443	0.200928	-18.172720	47.242413	-163.251177
11308		-14.583171	-3.593028	8.130769	1.048055	-3.894288	-2.091750	0.606445	-0.048340	0.172119	-18.029396	44.747118	-163.888252
11309		-14.536634	-3.709864	7.969894	1.003186	-3.925866	-1.913721	0.605957	-0.033203	0.145264	-17.785939	42.254950	-164.369129
11310		-14.548093	-3.531736	7.764393	0.897801	-3.898997	-1.706237	0.606689	-0.026855	0.115234	-17.489338	39.827693	-164.702524
11311		-14.751336	-3.343230	7.501180	0.692143	-3.823153	-1.508449	0.593262	-0.024658	0.084961	-17.227761	37.465301	-164.918156
11312		-15.040951	-3.212875	7.082260	0.394812	-3.736395	-1.329754	0.584717	-0.017334	0.053223	-17.069237	35.192903	-165.034256
11313		-14.845377	-3.251134	6.253176	0.058182	-3.631889	-1.189295	0.574219	-0.011475	0.025635	-17.061902	32.991027	-165.079854
11314		-14.603060	-3.270129	5.389044	-0.278408	-3.480011	-1.112152	0.563232	-0.006104	-0.003662	-17.231448	30.895758	-165.100812
11315		-14.207926	-3.272958	4.407245	-0.577741	-3.289272	-1.116036	0.559082	-0.002441	-0.012207	-17.588028	28.895070	-165.150768
11316		-13.597424	-3.252293	3.437720	-0.809694	-3.046317	-1.193495	0.553467	0.006836	-0.031006	-18.110692	27.021986	-165.278259
11317		-13.102671	-2.508391	2.474090	-0.948546	-2.769283	-1.335809	0.540039	0.022949	-0.048828	-18.763717	25.265333	-165.524784
11318		-12.017091	1.242572	2.518340	-1.099689	-2.404735	-1.641150	0.525391	0.028320	-0.052246	-19.589368	23.653087	-165.999585
11319		-11.299262	1.628972	2.176098	-1.397412	-2.018075	-1.989040	0.515381	0.051514	-0.063232	-20.673536	22.167659	-166.725797
11320		-11.273470	-1.485466	0.932646	-1.183671	-1.668431	-1.969844	0.505371	0.068115	-0.063965	-21.628367	20.866967	-167.482803
11321		-11.493927	-2.333569	0.108615	-0.490207	-1.415116	-1.621582	0.500244	0.074219	-0.062988	-22.115927	19.762585	-168.076665
11322		-11.571615	-0.365786	-0.105122	0.102600	-1.267012	-1.204371	0.487793	0.078613	-0.081299	-22.182800	18.828207	-168.460195
11323		-11.851702	2.011939	0.106873	0.236878	-1.148730	-0.880333	0.483643	0.083496	-0.084473	-22.119615	18.024414	-168.687674
11324		-11.600875	3.321127	-0.075790	-0.043743	-1.055067	-0.639720	0.482178	0.086182	-0.074219	-22.178057	17.324489	-168.801165
11325		-10.883853	3.002272	-0.759873	-0.473262	-0.915335	-0.409370	0.484131	0.089111	-0.084961	-22.453889	16.748180	-168.816462
11326		-10.937233	1.538288	-1.070066	-0.788627	-0.757007	-0.174841	0.471191	0.090820	-0.086670	-22.881465	16.307540	-168.734917
11327		-11.617417	-0.063503	-0.951014	-0.900796	-0.643908	0.006677	0.481445	0.090088	-0.079102	-23.353583	15.969553	-168.577102
11328		-10.920769	-1.888777	-0.980730	-0.757448	-0.564624	0.096811	0.487061	0.096436	-0.076172	-23.734440	15.693384	-168.386302
11329		-10.137824	-3.420458	-0.972587	-0.346553	-0.410949	0.146535	0.489258	0.092529	-0.082520	-23.884159	15.513571	-168.204598
11330		-10.124046	-3.916180	-0.348325	0.183151	-0.208860	0.138158	0.485596	0.089844	-0.082031	-23.743751	15.434318	-168.075693
11331		-11.295232	-3.796736	0.625768	0.642602	-0.078626	0.069928	0.475098	0.088867	-0.078857	-23.360247	15.412331	-168.015837
11332		-11.978263	-3.772094	1.449538	1.018846	-0.120904	-0.002133	0.475098	0.080078	-0.085693	-22.767302	15.346335	-167.985257
11333		-8.118735	-4.130320	2.094006	1.367214	-0.195529	0.003555	0.480713	0.085205	-0.090332	-21.972086	15.248516	-167.936222
11334		-5.985994	-1.591039	2.576234	1.770736	0.851067	0.722059	0.487305	0.068359	-0.088135	-20.897918	15.851715	-167.717921
11335		8.807985	-2.296575	7.975406	1.503791	1.257738	0.602338	0.492676	0.064453	-0.079834	-20.016005	16.653391	-167.640758
11336		-0.803191	-5.527081	17.770894	1.258148	1.452791	0.210928	0.494629	0.058594	-0.078613	-19.344135	17.475868	-167.811437
11337		3.948087	-3.747442	13.494929	1.071650	1.845650	-0.214499	0.495850	0.055176	-0.054199	-18.880345	18.439236	-168.294787
11338		3.823127	0.426263	6.169457	0.891396	2.859044	-0.423997	0.507568	0.051270	-0.029297	-18.630508	19.910237	-169.092422
11339		-5.612083	5.896414	8.854835	0.484142	3.900573	-0.482029	0.511475	0.062744	-0.003418	-18.726944	21.942123	-170.136088
11340		-12.319638	7.499415	12.316396	-0.152642	3.822503	-0.489491	0.517578	0.062256	0.034180	-19.225467	23.920068	-171.193676
11341		-7.605597	8.890818	12.004307	-0.586710	3.533452	0.152103	0.530762	0.060791	0.061279	-19.835819	25.861290	-171.846124
11342		-5.340432	5.229586	10.615022	-1.008491	3.532206	0.960938	0.530518	0.061279	0.102295	-20.502762	27.948866	-172.045277
11343		-5.180636	-5.817348	8.009137	-0.924276	3.683000	1.473886	0.543457	0.053955	0.135986	-21.004958	30.225841	-171.993319
11344		-8.372002	-18.703661	4.796030	0.059556	3.700920	2.034595	0.551514	0.028809	0.171143	-20.764051	32.620667	-171.598858
11345		-14.992338	-19.775142	3.815247	1.148758	3.364485	1.995646	0.552490	0.028076	0.187744	-19.833574	34.829840	-171.110128
11346		-27.257255	-4.488382	7.858721	1.798981	1.921986	2.124086	0.565430	0.002686	0.208984	-18.233812	36.265747	-170.133457
11347		-21.152661	0.658561	8.549199	1.515395	0.168944	1.630280	0.571045	-0.006836	0.202637	-16.727709	36.645109	-169.059482
11348		-8.669220	2.405934	10.003713	1.065509	-0.147249	0.918929	0.576416	-0.018311	0.190430	-15.719665	36.709020	-168.395722
11349		-7.156872	0.957435	9.187590	0.731070	-0.141884	0.587873	0.576172	-0.031006	0.193115	-15.040197	36.727499	-167.960746
11350		-7.378422	-1.430188	7.886657	0.618972	-0.115429	0.413050	0.570557	-0.029053	0.196533	-14.498798	36.721618	-167.650238
11351		-6.348150	-1.466880	8.457638	0.525849	-0.106163	0.382873	0.569824	-0.033203	0.189697	-14.024888	36.724281	-167.363109
11352		-6.327671	-2.090626	8.297540	0.476080	-0.049053	0.366832	0.569336	-0.032471	0.189697	-13.591359	36.744836	-167.096140
11353		-6.174184	0.624942	8.638420	0.360428	0.024380	0.294375	0.578125	-0.043213	0.185303	-13.261661	36.805056	-166.892128
11354		-7.115350	0.410060	8.148847	0.143167	0.101195	0.127065	0.578613	-0.037598	0.189697	-13.133035	36.875777	-166.816211
11355		-6.033778	-1.853587	8.115971	0.051584	0.144976	0.061353	0.572998	-0.039551	0.189697	-13.088331	36.972138	-166.793413
11356		-6.240174	-1.557680	7.882689	0.022862	0.212760	0.058553	0.576904	-0.043945	0.192627	-13.067964	37.096114	-166.783136
11357		-6.336689	-1.378833	7.762668	-0.024308	0.248313	0.024212	0.574951	-0.045166	0.196533	-13.092423	37.245262	-166.803011
11358		-6.142231	-2.162952	7.584240	-0.038938	0.275604	0.019212	0.575928	-0.042725	0.201904	-13.130419	37.399199	-166.830662
11359		-6.243134	-1.227003	7.751731	-0.052427	0.297860	0.002928	0.577393	-0.045654	0.203125	-13.185343	37.573174	-166.873969
11360		-6.264650	-1.015706	7.806957	-0.109487	0.328547	-0.043669	0.575928	-0.036377	0.202148	-13.296666	37.748336	-166.955262
11361		-6.295395	-1.912271	7.513135	-0.132122	0.353633	-0.061692	0.572021	-0.037354	0.210693	-13.431658	37.944699	-167.054433
11362		-6.259167	-2.265942	7.246435	-0.114739	0.356164	-0.038785	0.576660	-0.038818	0.210449	-13.548026	38.135619	-167.138342
11363		-6.225837	-2.448696	7.277320	-0.075276	0.333265	0.009388	0.576416	-0.041992	0.214844	-13.618618	38.329891	-167.185114
11364		-6.336912	-2.453647	7.228099	-0.026540	0.309314	0.057424	0.572998	-0.038086	0.220459	-13.638021	38.507552	-167.193602
11365		-6.408633	-2.113192	7.215011	0.006593	0.274527	0.090597	0.576416	-0.045654	0.224365	-13.619938	38.680032	-167.172877
11366		-6.352204	-1.818923	7.286258	0.014406	0.254625	0.087472	0.572021	-0.036621	0.223389	-13.596544	38.831291	-167.150413
11367		-6.324867	-1.839428	7.276949	0.014362	0.243684	0.083897	0.575439	-0.039063	0.220215	-13.573459	38.985676	-167.128914
11368		-6.329622	-1.826243	7.280516	0.011997	0.237054	0.079438	0.574463	-0.041260	0.220703	-13.552912	39.126056	-167.108925
11369		-6.408602	-1.664155	7.349543	0.011073	0.222082	0.069170	0.571045	-0.049072	0.225098	-13.535821	39.266399	-167.094051
11370		-6.429611	-1.544948	7.295179	-0.003400	0.213354	0.050027	0.582520	-0.038086	0.236572	-13.534737	39.389625	-167.090967
11371		-6.405414	-1.634155	7.253606	-0.013696	0.206584	0.034537	0.576416	-0.040527	0.234619	-13.545869	39.516673	-167.098294
11372		-6.380523	-1.573979	7.378453	-0.030660	0.207377	0.010909	0.571533	-0.036621	0.229736	-13.577777	39.631316	-167.122497
11373		-6.453725	-1.348446	7.448387	-0.065974	0.222776	-0.028801	0.568115	-0.046143	0.238770	-13.650089	39.758806	-167.178705
11374		-6.360206	-1.428447	7.440411	-0.092635	0.240426	-0.057800	0.574707	-0.044922	0.237549	-13.753505	39.882475	-167.258997
11375		-6.356521	-1.491346	7.425397	-0.127098	0.266937	-0.087482	0.576172	-0.042236	0.242432	-13.893884	40.026303	-167.366420
11376		-6.379290	-1.580944	7.404042	-0.152159	0.283583	-0.104796	0.578613	-0.040771	0.237549	-14.059438	40.167166	-167.489777
11377		-6.431406	-1.783821	7.316690	-0.162608	0.299760	-0.117245	0.570801	-0.045654	0.247559	-14.239393	40.324538	-167.626336
11378		-6.485611	-1.978054	7.194428	-0.164814	0.305711	-0.111439	0.575195	-0.035645	0.245361	-14.419602	40.476159	-167.760347
11379		-6.541170	-2.161615	7.038171	-0.152874	0.300552	-0.091387	0.575195	-0.042725	0.248779	-14.583616	40.636996	-167.880039
11380		-6.571741	-2.192819	7.029970	-0.128506	0.288753	-0.065320	0.572021	-0.038574	0.254395	-14.720602	40.785323	-167.978829
11381		-6.523944	-2.271202	6.986045	-0.095605	0.275842	-0.022895	0.571533	-0.034424	0.253906	-14.817433	40.942026	-168.045130
11382		-6.591783	-2.337457	6.898424	-0.062877	0.264712	0.021411	0.580566	-0.035156	0.256592	-14.873098	41.089517	-168.076699
11383		-6.636743	-2.157751	6.896758	-0.028372	0.243740	0.063479	0.570801	-0.036133	0.264893	-14.886292	41.241030	-168.073943
11384		-6.719555	-2.095984	6.936362	-0.011726	0.226684	0.082146	0.576172	-0.036621	0.266113	-14.878476	41.376386	-168.053559
11385		-6.731099	-2.026783	6.957432	-0.000758	0.203377	0.092461	0.568848	-0.041504	0.266846	-14.856450	41.509796	-168.021457
11386		-6.822971	-1.886275	6.949771	0.003419	0.185760	0.096406	0.575195	-0.043457	0.265625	-14.827419	41.624569	-167.982280
11387		-6.765126	-1.883646	6.951414	0.003849	0.166333	0.092958	0.571289	-0.048340	0.263916	-14.797399	41.737506	-167.942268
11388		-6.716588	-2.008223	6.883058	0.010872	0.153661	0.101094	0.580811	-0.041260	0.267578	-14.757268	41.835147	-167.893009
11389		-6.749393	-2.055427	6.876606	0.029064	0.139211	0.122780	0.574463	-0.037842	0.271729	-14.694108	41.937340	-167.825154
11390		-6.773137	-2.056019	6.758412	0.049170	0.111273	0.133395	0.573730	-0.040283	0.274658	-14.609986	42.016086	-167.743113
11391		-6.765373	-2.063944	6.872131	0.061947	0.078328	0.146851	0.580078	-0.046387	0.262939	-14.507552	42.087827	-167.644943
11392		-6.670004	-2.280793	6.818059	0.084277	0.058668	0.168861	0.579590	-0.051758	0.274170	-14.378203	42.142230	-167.525674
11393		-6.738153	-1.918153	6.861832	0.100471	0.027191	0.179238	0.575195	-0.050781	0.267578	-14.230385	42.189814	-167.392950
11394		-6.749109	-1.642687	7.023737	0.105377	0.008022	0.174159	0.580078	-0.039063	0.280273	-14.079347	42.216378	-167.259594
11395		-6.789916	-1.764404	6.916042	0.114709	-0.007273	0.176183	0.576904	-0.051025	0.270264	-13.920137	42.243829	-167.122265
11396		-6.779916	-1.833904	6.912168	0.129758	-0.032220	0.186840	0.579102	-0.053467	0.271973	-13.743445	42.249184	-166.971641
11397		-6.848327	-1.724316	6.872302	0.146828	-0.056452	0.189653	0.584473	-0.057373	0.276611	-13.552772	42.250431	-166.814974
11398		-6.816222	-1.717865	6.802443	0.148516	-0.082411	0.182363	0.584473	-0.060303	0.269287	-13.361520	42.226492	-166.658654
11399		-6.674192	-1.781620	6.962027	0.157767	-0.103128	0.182709	0.581543	-0.060059	0.275879	-13.162661	42.200014	-166.499063
11400		-6.515481	-1.746544	7.076439	0.165983	-0.097601	0.196976	0.577393	-0.059814	0.263916	-12.952580	42.168681	-166.329446
11401		-6.521222	-1.885565	7.148647	0.167375	-0.074074	0.204602	0.581055	-0.056152	0.261230	-12.740871	42.160309	-166.158792
11402		-6.516869	-1.771205	7.214951	0.171220	-0.049322	0.220070	0.584229	-0.062256	0.260742	-12.521892	42.157928	-165.980304
11403		-6.469386	-1.560190	7.213007	0.170101	-0.005738	0.229936	0.583252	-0.066406	0.258789	-12.303463	42.189868	-165.802013
11404		-6.526952	-1.441019	7.311898	0.153699	0.041594	0.231386	0.582520	-0.066162	0.266357	-12.098548	42.238778	-165.629707
11405		-6.526159	-1.368393	7.410469	0.139417	0.102081	0.229964	0.578125	-0.065918	0.263672	-11.908663	42.330109	-165.468167
11406		-6.610186	-1.338326	7.389916	0.112324	0.151448	0.214255	0.581543	-0.070068	0.266846	-11.747017	42.437781	-165.325440
11407		-6.674403	-1.394257	7.378790	0.098165	0.202905	0.202384	0.584961	-0.076416	0.262451	-11.604263	42.581699	-165.199455
11408		-6.526974	-1.468830	7.373701	0.029014	0.231423	0.064262	0.584961	-0.066895	0.264893	-11.575067	42.716555	-165.182490
11409		-6.494596	-1.706711	7.344223	0.070709	0.322184	0.190072	0.581299	-0.079590	0.267822	-11.465774	42.925675	-165.083369
11410		-6.514250	-1.786682	7.350163	0.086512	0.390768	0.225906	0.585693	-0.077637	0.279297	-11.335113	43.168292	-164.966147
11411		-6.577558	-1.631487	7.358454	0.092047	0.458052	0.251352	0.593750	-0.078369	0.285889	-11.193464	43.460156	-164.838568
11412		-6.708466	-1.697743	7.359063	0.095950	0.521973	0.249301	0.584717	-0.085693	0.286865	-11.055954	43.778707	-164.720493
11413		-6.575808	-1.323610	7.357694	0.101289	0.605509	0.249450	0.584229	-0.087891	0.291992	-10.922251	44.152722	-164.613487
11414		-6.468306	-0.673381	7.634769	0.068953	0.715058	0.256857	0.589355	-0.084473	0.297607	-10.812901	44.580348	-164.515147
11415		-6.652914	-1.260697	7.447909	0.015167	0.824241	0.271329	0.592041	-0.082764	0.299316	-10.735785	45.079358	-164.420171
11416		-6.619914	-0.911774	7.635022	0.004382	0.937687	0.259371	0.583740	-0.090088	0.310547	-10.682385	45.632391	-164.350160
11417		-6.676977	-1.145975	7.577928	-0.033734	1.054709	0.186899	0.581543	-0.088379	0.318604	-10.704239	46.251891	-164.355795
11418		-6.658574	-1.244763	7.531578	-0.043835	1.214523	0.246001	0.582275	-0.094971	0.334473	-10.715389	46.959353	-164.338057
11419		-6.592823	-1.431282	7.528252	-0.056420	1.366058	0.272185	0.588623	-0.095703	0.349365	-10.734647	47.762984	-164.322400
11420		-6.687730	-1.351932	7.341763	-0.092486	1.525342	0.324979	0.579834	-0.094482	0.361084	-10.760869	48.653855	-164.287941
11421		-6.628829	-1.350601	7.280524	-0.110834	1.688054	0.356523	0.579590	-0.102051	0.369629	-10.796392	49.647492	-164.252995
11422		-6.769248	-1.242607	7.164674	-0.120324	1.865546	0.401703	0.580811	-0.106934	0.394531	-10.829989	50.738097	-164.208390
11423		-6.780375	-1.337369	7.053110	-0.110552	2.039339	0.454637	0.571777	-0.107178	0.407471	-10.842679	51.939709	-164.145511
11424		-6.879634	-1.611836	7.106719	-0.085800	2.224654	0.515963	0.572754	-0.110352	0.426514	-10.820357	53.244714	-164.056881
11425		-6.959540	-1.622912	6.859379	-0.067653	2.395238	0.532193	0.573975	-0.118408	0.450195	-10.795334	54.654595	-163.979886
11426		-7.134681	-1.433792	6.832088	-0.046819	2.579307	0.686037	0.566162	-0.126709	0.468506	-10.655453	56.177286	-163.778723
11427		-7.252183	-1.454999	6.710372	-0.039740	2.755371	0.782139	0.561523	-0.135254	0.495117	-10.438431	57.815646	-163.494620
11428		-7.321281	-1.453721	6.578846	-0.042679	2.843819	0.855133	0.556396	-0.138916	0.520264	-10.143242	59.503858	-163.121673
11429		-7.731221	-1.281309	6.458610	-0.094689	2.956350	0.910557	0.548340	-0.140381	0.542725	-9.802451	61.266331	-162.669042
11430		-7.569351	-1.448436	6.374143	-0.117784	3.151730	1.047091	0.536621	-0.151367	0.564941	-9.309571	63.144165	-162.036890
11431		-8.496456	-1.658563	5.608345	-0.130335	3.361791	1.143723	0.535156	-0.159668	0.596680	-8.660949	65.152415	-161.234941
11432		-8.919354	-1.330067	5.280236	-0.163642	3.534844	1.242919	0.513184	-0.181396	0.626953	-7.806378	67.256315	-160.199849
11433		-9.636279	-1.330122	4.958875	-0.245876	3.636922	1.324072	0.506348	-0.188477	0.656982	-6.705099	69.422289	-158.865135
11434		-10.282867	-1.286339	4.362067	-0.321063	3.736027	1.386809	0.488281	-0.198975	0.691406	-5.276757	71.631632	-157.156466
11435		-11.219246	-1.040220	4.074480	-0.428525	3.760147	1.424891	0.482178	-0.203613	0.727051	-3.415273	73.844599	-154.952022
11436		-11.881590	-1.524055	3.830827	-0.562887	3.721560	1.470694	0.458496	-0.228271	0.748291	-0.898177	76.004888	-152.012845
11437		-11.711502	-1.140055	3.535523	-0.728575	3.671404	1.508338	0.443604	-0.247070	0.773682	2.596007	78.098676	-148.001374
11438		-12.017860	-1.076205	3.342178	-0.968009	3.645972	1.552952	0.432861	-0.258789	0.802002	7.624755	80.099321	-142.317452
11439		-12.220742	-1.310680	3.337127	-1.210766	3.579107	1.598702	0.406982	-0.272949	0.833984	15.210914	81.934060	-133.937609
11440		-11.867587	-1.273477	2.945132	-1.488528	3.498046	1.648204	0.385254	-0.305176	0.858887	26.900071	83.470782	-121.296099
11441		-11.596406	-1.337668	2.518724	-1.785282	3.445676	1.667775	0.369385	-0.330322	0.872314	44.326449	84.532506	-102.749193
11442		-11.620326	-1.016455	2.231507	-2.094424	3.351165	1.689397	0.338379	-0.359375	0.892578	66.154346	84.834327	-79.625476
11443		-11.173041	-0.590400	1.687651	-2.441560	3.254450	1.707965	0.317139	-0.386719	0.910889	86.419805	84.313748	-57.867517
11444		-10.787866	0.012105	1.096799	-2.865862	3.149376	1.692999	0.299561	-0.413086	0.939209	100.737435	83.220052	-41.815824
11445		-10.398208	0.454851	0.900150	-3.417529	3.042869	1.620884	0.283691	-0.452637	0.951660	109.774130	81.856042	-30.729888
11446		-10.364410	0.744130	0.870566	-4.007517	2.827837	1.580347	0.254883	-0.491699	0.957031	114.859481	80.399000	-23.260745
11447		-9.354432	0.829358	0.694884	-4.558776	2.614160	1.556657	0.238281	-0.544189	0.977051	117.461711	78.933744	-17.962561
11448		-8.817514	0.837203	0.997924	-5.041543	2.390879	1.584597	0.210938	-0.586182	0.963867	118.322400	77.489024	-14.133759
11449		-8.086753	1.573810	1.417984	-5.430271	2.058110	1.704490	0.201416	-0.639160	0.958252	117.685954	76.070051	-11.593226
11450		-10.191210	2.287616	1.526233	-5.858539	1.834218	1.675586	0.175293	-0.690186	0.952148	116.240818	74.736987	-9.618993
11451		-17.366733	-1.500824	3.868594	-6.175731	1.268247	1.227417	0.170654	-0.744629	0.932129	113.972512	73.789000	-8.301010
11452		-12.448970	-3.901501	2.878024	-6.083093	0.384690	0.811434	0.166504	-0.795410	0.909912	110.569561	73.274136	-8.216180
11453		-10.457781	-6.026506	2.667204	-5.484741	-0.144916	0.428329	0.163818	-0.843262	0.879883	106.900214	73.066624	-8.768057
11454		-8.860935	-6.804799	2.542907	-4.463230	-0.484527	-0.041441	0.165527	-0.869385	0.854736	103.470332	73.160628	-9.681136
11455		-7.719389	-5.006283	3.111920	-3.475411	-0.662106	-0.481936	0.173828	-0.895752	0.833496	100.423857	73.509007	-10.783914
11456		-6.506112	-1.924425	3.941119	-2.878852	-0.737131	-0.910838	0.183350	-0.916504	0.811768	97.609787	74.088637	-11.997767
11457		-5.534708	0.823763	4.898126	-2.688960	-0.729453	-1.289242	0.204834	-0.928711	0.800293	94.853015	74.868907	-13.260901
11458		-5.005738	3.020066	5.665809	-2.759233	-0.690854	-1.582539	0.219482	-0.941650	0.783203	91.957281	75.795265	-14.621029
11459		-5.172442	4.576009	6.460930	-2.961390	-0.685496	-1.765327	0.239502	-0.953369	0.748779	88.656938	76.809072	-16.272226
11460		-5.664289	5.412195	7.036102	-3.153089	-0.784142	-1.805331	0.260742	-0.966797	0.725586	84.575570	77.812623	-18.604897
11461		-5.778954	5.815339	7.525393	-3.268488	-0.967501	-1.706884	0.286621	-0.973877	0.703369	79.382680	78.702866	-21.996442
11462		-5.872729	5.849717	7.843958	-3.289521	-1.178460	-1.519924	0.299072	-0.995605	0.674072	73.025898	79.384949	-26.552362
11463		-6.105365	5.464714	7.965219	-3.191396	-1.428748	-1.305216	0.318115	-1.000977	0.634521	65.559323	79.792116	-32.285058
11464		-6.068719	4.737824	8.100746	-2.995940	-1.686029	-1.111912	0.336426	-1.004639	0.602539	57.398851	79.887150	-38.832458
11465		-6.400609	4.570129	8.595934	-2.777976	-1.895216	-1.054415	0.361816	-1.017334	0.566895	48.931573	79.713266	-45.818667
11466		-6.848287	4.317698	9.113309	-2.613892	-2.116950	-1.165747	0.381592	-1.022217	0.530518	40.257941	79.313820	-53.117189
11467		-6.782794	4.109713	9.432814	-2.459514	-2.373275	-1.373223	0.398438	-1.009766	0.500977	31.454838	78.662349	-60.649829
11468		-6.312770	4.157651	9.486671	-2.279643	-2.611917	-1.574250	0.413574	-1.015381	0.466309	23.030565	77.739103	-67.921970
11469		-5.797553	4.479547	9.598547	-2.093832	-2.779193	-1.701109	0.444580	-1.004639	0.426758	15.490703	76.544289	-74.425389
11470		-5.528852	5.206225	9.681692	-1.936597	-2.884387	-1.736632	0.457764	-0.989014	0.388672	9.136677	75.136904	-79.834506
11471		-5.709908	5.959490	9.983424	-1.846137	-2.984178	-1.677429	0.472656	-0.983154	0.349854	3.983236	73.534162	-84.089069
11472		-6.518208	6.600921	10.391333	-1.856088	-3.087067	-1.553568	0.498535	-0.968262	0.311768	-0.113353	71.792763	-87.267127
11473		-7.503061	6.867311	10.677327	-1.938652	-3.254839	-1.398524	0.508301	-0.969727	0.266357	-3.353161	69.890092	-89.523039
11474		-8.296076	6.514995	10.672878	-2.035570	-3.482892	-1.217716	0.516357	-0.954590	0.217041	-5.894516	67.841881	-90.998022
11475		-8.784459	5.777213	10.413125	-2.066341	-3.719772	-1.024489	0.526611	-0.946533	0.174072	-7.824498	65.640736	-91.813485
11476		-9.144392	4.902532	10.148161	-2.018556	-3.920577	-0.830406	0.531738	-0.933105	0.129639	-9.260825	63.346096	-92.124439
11477		-9.687018	4.198680	9.907367	-1.912448	-4.072190	-0.678337	0.525146	-0.919189	0.078125	-10.312488	60.965100	-92.079470
11478		-10.223047	3.455673	9.784289	-1.791000	-4.200830	-0.580303	0.525146	-0.913330	0.034180	-11.125107	58.535907	-91.833387
11479		-10.840311	2.816588	9.682783	-1.679478	-4.276735	-0.547857	0.514404	-0.903809	-0.012695	-11.790661	56.055787	-91.487130
11480		-11.342814	2.155854	9.555531	-1.587565	-4.343507	-0.547825	0.502930	-0.893799	-0.068604	-12.391008	53.554209	-91.109920
11481		-11.738925	1.575647	9.417714	-1.490186	-4.373222	-0.563751	0.496582	-0.879639	-0.104248	-12.925545	51.022252	-90.714208
11482		-12.050737	1.208814	9.246558	-1.412754	-4.366995	-0.590409	0.479980	-0.865234	-0.146729	-13.445056	48.506610	-90.335740
11483		-12.435877	1.055267	9.096668	-1.378170	-4.314975	-0.632634	0.465820	-0.860840	-0.192139	-13.966236	46.002599	-89.979699
11484		-12.828582	0.934801	8.836606	-1.376865	-4.252015	-0.692206	0.446289	-0.840332	-0.228516	-14.537347	43.541440	-89.671917
11485		-13.060114	0.625936	8.402078	-1.349871	-4.154684	-0.737290	0.436279	-0.821289	-0.262451	-15.113070	41.116525	-89.389768
11486		-13.494610	0.396538	7.954966	-1.295431	-4.069466	-0.751358	0.406250	-0.806396	-0.303467	-15.680831	38.752064	-89.119546
11487		-13.446846	0.376438	7.269321	-1.170271	-4.001652	-0.716492	0.391357	-0.796875	-0.337158	-16.156968	36.420074	-88.814563
11488		-13.168917	0.649306	6.563547	-1.050252	-3.892945	-0.654262	0.364014	-0.783691	-0.368408	-16.565232	34.172140	-88.481493
11489		-13.107146	1.170231	5.926510	-0.966044	-3.734374	-0.595731	0.345215	-0.775146	-0.388672	-16.916436	32.011756	-88.127331
11490		-13.083351	1.582050	4.967932	-0.935101	-3.564179	-0.566783	0.329346	-0.759277	-0.420166	-17.275091	29.962271	-87.785344
11491		-12.483486	0.384360	3.024028	-0.856245	-3.397309	-0.491511	0.305908	-0.750488	-0.442139	-17.578161	28.009416	-87.418089
11492		-12.246321	-3.436105	-0.335597	-0.557735	-3.267939	-0.229927	0.283936	-0.747070	-0.463379	-17.669162	26.182910	-86.918671
11493		-13.211341	-1.783832	-2.094538	-0.217696	-3.035975	0.058164	0.254395	-0.740479	-0.475830	-17.517283	24.525508	-86.294643
11494		-12.768815	4.627600	-3.038801	-0.698106	-2.611993	0.069466	0.232422	-0.739258	-0.500977	-17.698173	23.108992	-85.754746
11495		-11.684140	6.366086	-5.283913	-1.658913	-2.004243	-0.056291	0.220703	-0.726563	-0.515137	-18.501269	22.000756	-85.395019
11496		-12.219822	2.749788	-7.479032	-2.036633	-1.314407	-0.055620	0.209229	-0.699951	-0.526367	-19.580270	21.276460	-85.159523
11497		-12.844915	-8.003880	-10.972221	-0.987679	-0.551041	0.146543	0.200928	-0.697021	-0.533447	-20.061988	21.004166	-84.953379
11498		-12.040228	5.607478	-10.547787	0.823706	0.559953	0.942867	0.197021	-0.708496	-0.525879	-19.432110	21.486679	-84.520545
11499		-5.309606	6.445145	5.061449	-0.090953	1.354122	0.431353	0.215576	-0.713379	-0.528076	-19.483234	22.299895	-84.541348
11500		-5.137603	-9.510562	18.124578	-0.229720	0.972610	0.097089	0.218750	-0.709473	-0.516602	-19.668205	22.841602	-84.683151
11501		2.869096	-8.879347	18.578630	-0.009566	0.414663	0.243954	0.213135	-0.702637	-0.517334	-19.639906	23.111821	-84.619994
11502		1.113340	-6.964886	7.818392	0.026774	0.756652	0.195522	0.225830	-0.720703	-0.509033	-19.639380	23.555801	-84.660118
11503		-4.410054	-2.988739	4.543604	0.127553	1.475650	-0.098866	0.238037	-0.706543	-0.508301	-19.705136	24.330717	-85.023069
11504		-6.322293	-1.581726	7.231939	0.097311	1.746359	-0.399119	0.249756	-0.709717	-0.500977	-19.902361	25.192692	-85.629620
11505		-5.027011	0.320513	10.263696	0.016689	1.765516	-0.287250	0.261475	-0.702393	-0.494629	-20.121796	26.085357	-86.177974
11506		-4.973482	1.673877	10.645733	-0.203642	1.759154	-0.021416	0.275879	-0.702393	-0.485352	-20.415976	27.024674	-86.577409
11507		-5.714306	1.125519	9.410693	-0.469950	1.785996	0.112625	0.277100	-0.699463	-0.479248	-20.828824	28.003852	-86.907686
11508		-7.031902	-1.946326	8.702067	-0.634882	1.866976	0.042141	0.300049	-0.694336	-0.474121	-21.386651	29.008583	-87.316538
11509		-9.173900	-5.248971	9.100152	-0.589624	1.822259	-0.116103	0.305908	-0.690674	-0.460205	-21.963777	29.953518	-87.821737
11510		-9.974150	-5.446320	8.931603	-0.375661	1.541198	-0.137816	0.325684	-0.689209	-0.461182	-22.413973	30.739519	-88.288904
11511		-9.433052	-3.235947	8.386966	-0.277845	1.235391	-0.041219	0.326904	-0.681641	-0.450928	-22.736478	31.384146	-88.622559
11512		-9.627576	-2.362757	8.381853	-0.385224	0.978932	-0.003020	0.333984	-0.681885	-0.437988	-23.089525	31.898318	-88.876859
11513		-8.592945	-3.802307	7.693762	-0.476540	0.718729	-0.092649	0.328613	-0.681641	-0.456299	-23.481366	32.256570	-89.117160
11514		-7.212762	-5.343245	7.126265	-0.425816	0.548245	-0.136684	0.343750	-0.672852	-0.450195	-23.847506	32.511104	-89.347267
11515		-6.671705	-5.149536	7.404909	-0.298833	0.430104	-0.087909	0.338379	-0.678223	-0.445557	-24.098744	32.717329	-89.511438
11516		-6.828264	-4.272911	7.573111	-0.215167	0.317582	-0.053820	0.344482	-0.666504	-0.442871	-24.284853	32.868965	-89.629431
11517		-6.739535	-4.457324	7.330126	-0.141610	0.216423	-0.019114	0.345947	-0.662109	-0.439209	-24.392370	32.979189	-89.692968
11518		-6.067519	-4.365668	7.290911	-0.052274	0.164001	0.004889	0.350830	-0.668457	-0.440918	-24.442548	33.064214	-89.732064
11519		-5.978071	-3.600275	7.647104	0.001167	0.133312	0.046962	0.348633	-0.674072	-0.442627	-24.433625	33.146801	-89.731425
11520		-5.985136	-3.604404	7.564595	0.021978	0.077769	0.084275	0.364258	-0.666992	-0.440430	-24.400955	33.205640	-89.696705
11521		-5.854580	-3.666006	7.544986	0.053211	0.061775	0.088958	0.348145	-0.680420	-0.440186	-24.336793	33.260882	-89.649555
11522		-5.701792	-3.214704	7.748127	0.065052	0.049587	0.097366	0.348389	-0.674072	-0.446289	-24.270438	33.308035	-89.598526
11523		-5.633928	-3.249362	7.740807	0.062665	0.042227	0.118710	0.359131	-0.677490	-0.439209	-24.187474	33.359985	-89.527074
11524		-5.606785	-3.379338	7.587655	0.073530	0.051845	0.122772	0.355713	-0.672363	-0.430176	-24.107662	33.414157	-89.460557
11525		-5.477708	-3.296725	7.585052	0.088884	0.068983	0.135477	0.354004	-0.676025	-0.437012	-24.007758	33.483837	-89.385810
11526		-5.383978	-3.355144	7.473275	0.109377	0.087631	0.151717	0.339600	-0.671143	-0.430908	-23.902571	33.563293	-89.310777
11527		-5.523539	-3.341951	7.505162	0.114994	0.105474	0.160183	0.348633	-0.678223	-0.432861	-23.784341	33.657555	-89.230197
11528		-5.537567	-3.219634	7.474371	0.111679	0.108793	0.145681	0.353271	-0.689209	-0.438232	-23.682716	33.746476	-89.164311
11529		-5.475853	-2.932356	7.767063	0.071981	0.143431	0.089615	0.353027	-0.681885	-0.437988	-23.619285	33.844204	-89.138257
11530		-5.218060	-2.516050	7.761520	0.015432	0.162058	0.034408	0.354004	-0.677246	-0.425781	-23.619878	33.935434	-89.157112
11531		-4.805895	-2.927042	7.810033	-0.031422	0.212497	0.025977	0.358643	-0.691162	-0.434570	-23.648685	34.054745	-89.190311
11532		-5.115372	-3.022605	7.583158	-0.050242	0.243626	0.031046	0.350342	-0.679688	-0.431152	-23.700970	34.187988	-89.234123
11533		-5.296701	-3.258387	7.463241	-0.070352	0.264888	0.030576	0.354980	-0.681885	-0.429443	-23.758953	34.335664	-89.279310
11534		-5.173716	-3.188314	7.469201	-0.084121	0.277844	0.023283	0.355225	-0.682373	-0.426514	-23.839321	34.484972	-89.338146
11535		-5.106127	-3.202918	7.457826	-0.093273	0.316782	0.029363	0.358887	-0.687500	-0.422363	-23.919776	34.659382	-89.399337
11536		-5.685675	-3.269548	7.377770	-0.084867	0.335383	0.029428	0.362061	-0.677002	-0.435303	-24.008351	34.840105	-89.471317
11537		-6.094298	-3.380507	7.164188	-0.057497	0.307239	0.046330	0.366699	-0.675537	-0.424072	-24.061392	35.013292	-89.519775
11538		-5.914370	-3.491636	7.025221	-0.014178	0.275698	0.061412	0.362793	-0.682129	-0.426514	-24.088680	35.170153	-89.554986
11539		-6.075544	-3.298337	7.248497	0.018825	0.278293	0.071031	0.359619	-0.678467	-0.424072	-24.084650	35.334013	-89.579743
11540		-6.149829	-3.115639	7.301560	0.022127	0.236571	0.072678	0.364502	-0.678955	-0.418945	-24.080696	35.473038	-89.596662
11541		-6.126325	-3.283195	7.273968	0.027308	0.211745	0.071188	0.367920	-0.682129	-0.414795	-24.060809	35.602196	-89.602229
11542		-6.109776	-3.390284	7.131958	0.045944	0.167873	0.094566	0.368652	-0.683838	-0.416748	-24.023509	35.710394	-89.585249
11543		-5.741198	-3.770973	6.939415	0.098163	0.150535	0.140839	0.374512	-0.683594	-0.416504	-23.926453	35.823789	-89.528089
11544		-5.447205	-3.785212	6.826059	0.170566	0.136367	0.207575	0.371826	-0.686035	-0.413818	-23.769280	35.941608	-89.428507
11545		-5.126894	-4.169151	6.658392	0.274874	0.140345	0.317272	0.371338	-0.689697	-0.409424	-23.501398	36.089870	-89.253069
11546		-5.223455	-4.333975	6.607895	0.412226	0.151588	0.440617	0.376221	-0.700439	-0.414795	-23.117163	36.267769	-89.004102
11547		-5.440049	-4.190750	6.664249	0.558158	0.123441	0.568041	0.365234	-0.707275	-0.407227	-22.584304	36.460826	-88.656504
11548		-5.365110	-4.071832	6.648235	0.698530	0.108043	0.673212	0.368896	-0.707031	-0.403564	-21.933085	36.662401	-88.236971
11549		-5.727883	-3.396177	7.117853	0.792358	0.143516	0.666629	0.364746	-0.719238	-0.393799	-21.224115	36.880583	-87.822216
11550		-6.484943	-2.221102	7.910954	0.773308	0.154654	0.638858	0.364014	-0.727051	-0.393311	-20.543610	37.091950	-87.429361
11551		-6.763811	-1.664502	8.069378	0.652903	0.102927	0.542250	0.361572	-0.739502	-0.401611	-19.951738	37.255869	-87.079996
11552		-6.653925	-1.542742	8.005284	0.536667	0.110245	0.444766	0.355225	-0.738281	-0.395264	-19.473919	37.399314	-86.800874
11553		-6.592609	-1.569803	7.808460	0.424785	0.096284	0.347452	0.359375	-0.750488	-0.392578	-19.087932	37.518142	-86.577721
11554		-6.490735	-1.627974	7.711947	0.330281	0.099160	0.275911	0.355957	-0.750000	-0.391357	-18.794214	37.621174	-86.408132
11555		-6.320197	-1.800956	7.631969	0.258544	0.108969	0.207153	0.355713	-0.757813	-0.388428	-18.561833	37.719345	-86.281790
11556		-6.221024	-1.976687	7.590733	0.204124	0.135788	0.166167	0.350586	-0.755615	-0.390625	-18.390366	37.821259	-86.194549
11557		-6.068557	-2.092525	7.619411	0.166724	0.160648	0.128711	0.357422	-0.760742	-0.381348	-18.249849	37.932809	-86.132846
11558		-5.940816	-2.257417	7.613595	0.133426	0.188260	0.105924	0.361084	-0.761719	-0.377686	-18.151022	38.052170	-86.098242
11559		-5.929032	-2.528793	7.481496	0.123700	0.215517	0.090037	0.359863	-0.764893	-0.370850	-18.058660	38.186488	-86.074956
11560		-6.057185	-2.609376	7.368843	0.133273	0.234083	0.107337	0.363525	-0.764404	-0.377441	-17.965202	38.330977	-86.049084
11561		-6.255869	-2.365276	7.373690	0.135143	0.248422	0.096102	0.362061	-0.766846	-0.370850	-17.867868	38.484197	-86.028360
11562		-6.404047	-2.026984	7.465016	0.104189	0.252637	0.070483	0.349854	-0.762451	-0.365967	-17.809171	38.632275	-86.031692
11563		-6.357526	-2.075689	7.429833	0.074800	0.254606	0.042719	0.355957	-0.760010	-0.372559	-17.770217	38.779510	-86.049131
11564		-6.413455	-2.061490	7.393370	0.050661	0.266107	0.028523	0.371094	-0.766602	-0.377441	-17.762401	38.927605	-86.084659
11565		-6.384912	-2.109690	7.305806	0.024130	0.264448	0.003076	0.360352	-0.764648	-0.367432	-17.771439	39.073311	-86.132097
11566		-6.351155	-2.234001	7.241248	0.005279	0.266138	-0.000430	0.367432	-0.767334	-0.364746	-17.802763	39.216346	-86.188216
11567		-6.285632	-2.299729	7.255646	0.007056	0.264179	-0.000435	0.364014	-0.766602	-0.364014	-17.823540	39.361287	-86.238392
11568		-6.309696	-2.387769	7.216484	0.004568	0.274971	0.000504	0.369629	-0.763184	-0.365723	-17.856604	39.509263	-86.296263
11569		-6.267413	-2.298815	7.236347	0.001783	0.279780	0.006775	0.375000	-0.768311	-0.364502	-17.879946	39.663940	-86.345298
11570		-6.301897	-2.290516	7.270765	0.002971	0.291136	0.007172	0.376465	-0.769531	-0.364258	-17.913796	39.821860	-86.402590
11571		-6.385127	-2.253427	7.173469	-0.003440	0.296621	0.014871	0.375732	-0.771240	-0.359619	-17.939465	39.987091	-86.450169
11572		-6.298765	-2.377777	7.019284	0.002638	0.302493	0.041077	0.375244	-0.769531	-0.352539	-17.960199	40.157147	-86.486399
11573		-6.419376	-2.615954	6.941151	0.022998	0.309031	0.085571	0.375488	-0.767334	-0.354736	-17.940458	40.341611	-86.486691
11574		-6.411841	-2.621594	6.922003	0.045440	0.293141	0.126375	0.373779	-0.777100	-0.350830	-17.895861	40.521620	-86.459733
11575		-6.417007	-2.689370	6.876904	0.072126	0.267943	0.166953	0.385010	-0.771240	-0.352051	-17.803627	40.697970	-86.391698
11576		-6.413249	-2.774483	6.839912	0.106964	0.250228	0.211131	0.383545	-0.775635	-0.352539	-17.676714	40.869293	-86.292880
11577		-6.430349	-2.743676	6.953977	0.129973	0.237191	0.232611	0.369385	-0.777832	-0.349121	-17.514586	41.039978	-86.169026
11578		-6.496679	-2.415943	7.032367	0.141962	0.227095	0.233769	0.383057	-0.770752	-0.343018	-17.351779	41.202139	-86.046787
11579		-6.459122	-2.074150	7.114196	0.136719	0.232442	0.231228	0.383057	-0.779297	-0.337891	-17.184103	41.369424	-85.921022
11580		-6.509667	-2.107464	7.125352	0.131759	0.251876	0.241023	0.381104	-0.777344	-0.338867	-17.025543	41.545847	-85.797184
11581		-6.568152	-2.073685	7.088399	0.133492	0.265229	0.269856	0.379395	-0.788330	-0.333252	-16.843876	41.736962	-85.648410
11582		-6.632688	-2.008578	7.066655	0.126178	0.289949	0.287929	0.389893	-0.782715	-0.334229	-16.669038	41.941454	-85.496299
11583		-6.653407	-1.890715	7.174522	0.114638	0.300894	0.285137	0.388428	-0.793213	-0.329834	-16.493410	42.153938	-85.341529
11584		-6.637601	-1.932566	7.145427	0.083728	0.319914	0.275350	0.386475	-0.798828	-0.329590	-16.350986	42.372195	-85.202691
11585		-6.655756	-1.886406	7.193392	0.063368	0.345708	0.262309	0.380371	-0.793457	-0.333496	-16.220206	42.605020	-85.072097
11586		-6.591966	-1.867493	7.234082	0.035858	0.384515	0.254638	0.381348	-0.796143	-0.332520	-16.122838	42.855070	-84.960469
11587		-6.652185	-1.862997	7.190534	0.016944	0.424238	0.251449	0.385986	-0.797119	-0.329346	-16.033485	43.128986	-84.852812
11588		-6.664928	-1.684006	7.232789	-0.024877	0.468589	0.250818	0.385010	-0.794189	-0.321777	-15.983272	43.424500	-84.760345
11589		-6.601152	-1.843403	7.215926	-0.061388	0.523045	0.260216	0.381592	-0.793457	-0.320557	-15.946926	43.753987	-84.665622
11590		-6.691120	-1.771404	7.164213	-0.102208	0.575281	0.259132	0.383545	-0.798096	-0.312988	-15.951027	44.109518	-84.588681
11591		-6.574999	-1.629441	7.210141	-0.150284	0.657445	0.250704	0.389893	-0.811523	-0.312500	-15.989755	44.511431	-84.529676
11592		-6.473666	-1.542761	7.269577	-0.155851	0.757948	0.212423	0.395996	-0.803223	-0.309082	-16.077720	44.960241	-84.529317
11593		-6.690368	-1.497939	7.269574	-0.196309	0.858697	0.165855	0.399658	-0.799805	-0.300049	-16.222021	45.459364	-84.582799
11594		-6.628306	-1.516832	7.195505	-0.210274	0.966297	0.132551	0.402832	-0.800537	-0.297363	-16.422963	46.009871	-84.696663
11595		-6.776061	-1.351994	7.255720	-0.256322	1.076380	0.087818	0.409424	-0.810059	-0.296387	-16.688783	46.615369	-84.869597
11596		-6.737375	-1.270247	7.287243	-0.274772	1.203419	0.027329	0.411377	-0.801514	-0.280762	-17.039720	47.277630	-85.135878
11597		-6.695897	-1.467286	7.267806	-0.299694	1.349365	-0.010424	0.420654	-0.802002	-0.276367	-17.453975	48.014160	-85.472288
11598		-6.619602	-1.831256	7.261563	-0.304424	1.509359	-0.000984	0.429932	-0.799561	-0.270508	-17.920421	48.835821	-85.864075
11599		-6.641990	-2.121486	7.125507	-0.284202	1.688825	0.036089	0.440430	-0.797363	-0.260254	-18.395136	49.761523	-86.283310
11600		-6.748260	-2.033779	6.969075	-0.255101	1.866550	0.091612	0.441895	-0.793213	-0.248779	-18.887779	50.789620	-86.735172
11601		-6.843283	-2.146037	6.709218	-0.233749	2.025941	0.149887	0.448730	-0.796875	-0.236328	-19.379414	51.914096	-87.200532
11602		-7.042181	-2.109997	6.647994	-0.188905	2.211333	0.191581	0.461182	-0.798828	-0.212158	-19.902923	53.142307	-87.725097
11603		-7.088173	-2.026439	6.563106	-0.151183	2.376107	0.211006	0.464844	-0.800537	-0.199219	-20.458602	54.461415	-88.313124
11604		-7.232013	-2.101423	6.357782	-0.125856	2.555493	0.226995	0.478516	-0.795654	-0.184326	-21.096478	55.874630	-89.003637
11605		-7.060833	-2.057965	6.334163	-0.122976	2.735627	0.264129	0.491211	-0.795898	-0.166748	-21.804333	57.388305	-89.773017
11606		-7.231338	-2.237419	6.338377	-0.124873	2.986782	0.297449	0.497559	-0.799805	-0.150635	-22.659521	59.035093	-90.696108
11607		-7.455180	-2.398298	6.308459	-0.144212	3.267449	0.321128	0.503418	-0.788818	-0.126709	-23.701808	60.827942	-91.810468
11608		-7.767709	-2.797833	6.202342	-0.201795	3.561381	0.319110	0.517578	-0.797119	-0.096191	-25.070347	62.760350	-93.233203
11609		-8.247994	-3.153673	6.115600	-0.273645	3.826620	0.368826	0.520020	-0.808350	-0.058105	-26.763928	64.824276	-94.950682
11610		-7.982718	-3.175813	5.943759	-0.373538	4.056615	0.460889	0.530029	-0.806152	-0.039795	-28.873059	67.002021	-97.027277
11611		-8.463233	-3.134327	5.757520	-0.473789	4.278005	0.615802	0.542969	-0.807373	-0.001709	-31.425760	69.298744	-99.488659
11612		-9.455515	-2.946842	5.337527	-0.571609	4.460408	0.796000	0.544922	-0.808105	0.026855	-34.593173	71.689946	-102.501825
11613		-10.457051	-2.973058	4.726007	-0.662258	4.604511	0.987238	0.550293	-0.820313	0.063721	-38.576231	74.146746	-106.274144
11614		-11.667613	-2.814546	4.201715	-0.750231	4.738885	1.173881	0.546875	-0.830078	0.094238	-43.920551	76.633411	-111.352451
11615		-13.513043	-1.949907	3.965797	-0.946986	4.800042	1.280397	0.544434	-0.839600	0.130127	-51.571816	79.031935	-118.625119
11616		-14.045425	-1.694901	3.533989	-1.326602	4.764969	1.303300	0.528320	-0.838867	0.165283	-63.181379	81.142832	-129.637095
11617		-15.262168	-3.278694	4.220367	-1.539865	4.520980	1.330195	0.535400	-0.854248	0.187256	-79.641784	82.710933	-145.369744
11618		-14.028362	-3.826678	3.090869	-1.596426	4.287054	1.350410	0.521240	-0.862793	0.216553	-100.969640	83.486440	-165.929202
11619		-14.109848	-3.438093	3.450200	-1.537496	4.102974	1.406989	0.512695	-0.871826	0.238281	-123.445559	83.351991	172.334515
11620		-13.039626	-2.415214	3.709608	-1.588150	3.882223	1.418878	0.503174	-0.882080	0.262207	-141.954787	82.433932	154.600726
11621		-11.529662	-2.081960	3.057406	-1.722884	3.711309	1.452988	0.488525	-0.888184	0.272949	-155.485972	81.052147	141.926231
11622		-9.979842	-1.480434	2.452532	-1.883292	3.596803	1.416492	0.482422	-0.903320	0.292969	-165.048062	79.385400	133.318473
11623		-8.810122	-0.093035	2.397995	-2.244304	3.495071	1.241966	0.466797	-0.916016	0.304443	-171.752424	77.576407	127.788885
11624		-7.096869	0.847592	1.652891	-2.756100	3.443142	1.076725	0.464844	-0.922852	0.311035	-176.753513	75.677731	124.271162
11625		-5.876844	0.113457	0.635394	-3.221259	3.485012	0.951595	0.458252	-0.925293	0.312988	179.230515	73.704577	122.021261
11626		-5.941278	1.703309	1.504456	-3.622661	3.574471	0.948483	0.447266	-0.936523	0.319824	175.697622	71.637329	120.494084
11627		-16.288199	-0.805733	3.873864	-3.969998	3.449066	0.839449	0.429199	-0.949707	0.315430	172.614548	69.634219	119.637747
11628		-13.584392	-3.619007	4.618203	-4.035657	2.589815	0.548097	0.420166	-0.945801	0.314697	170.070215	68.122681	119.387971
11629		-11.666261	-4.517950	4.210520	-3.909169	1.886099	0.293055	0.425049	-0.953369	0.292725	167.914775	67.043452	119.479617
11630		-11.245161	-6.539781	4.188402	-3.432096	1.096271	0.067665	0.416504	-0.954346	0.284912	166.181707	66.425009	119.732496
11631		-10.556864	-8.003202	4.111554	-2.659486	0.324100	-0.088164	0.420410	-0.945801	0.269043	164.862962	66.273343	119.956307
11632		-10.837693	-8.083255	4.477340	-1.704430	-0.412372	-0.276113	0.421631	-0.946777	0.251221	164.084345	66.545551	120.171133
11633		-10.508070	-7.504937	4.337102	-0.738812	-1.231544	-0.529813	0.421143	-0.948730	0.239014	163.880234	67.325245	120.408714
11634		-10.356419	-6.255679	4.485230	0.067323	-2.033429	-0.789841	0.421875	-0.936035	0.224854	164.195089	68.572038	120.705619
11635		-10.517361	-4.836012	4.478298	0.649706	-2.852449	-1.070498	0.428955	-0.919922	0.208740	164.980320	70.330537	121.145441
11636		-10.359187	-4.039242	4.411857	1.065490	-3.620755	-1.280761	0.442139	-0.908447	0.186768	166.159065	72.524791	121.743598
11637		-9.895675	-3.136587	4.089025	1.374767	-4.292315	-1.400749	0.442139	-0.906494	0.174561	167.723217	75.123839	122.550418
11638		-9.081659	-2.127528	3.509789	1.577658	-4.853083	-1.435254	0.445801	-0.890381	0.143555	169.715239	78.014143	123.667438
11639		-8.107035	-1.091430	2.935470	1.630894	-5.247364	-1.379102	0.455322	-0.881836	0.116699	172.346317	81.130885	125.390438
11640		-6.862447	-0.118687	2.406866	1.525123	-5.494401	-1.260606	0.451904	-0.866699	0.072021	176.422927	84.338478	128.616540
11641		-4.944232	1.089037	1.960183	1.257316	-5.501658	-1.136563	0.454590	-0.862305	0.043945	-171.918002	87.501048	139.577431
11642		-3.915311	2.368732	1.717703	0.794857	-5.237179	-1.063406	0.440674	-0.842285	0.006592	-61.027503	88.896280	-109.966120
11643		-4.339594	2.666286	1.946791	0.223782	-4.813939	-1.105748	0.435791	-0.839111	-0.030762	-25.699529	86.315612	-74.746895
11644		-5.889926	1.909835	2.486911	-0.321691	-4.423535	-1.241225	0.430176	-0.833984	-0.057129	-21.645521	83.705309	-70.494617
11645		-7.531134	0.025861	3.059725	-0.655419	-4.233880	-1.412559	0.420654	-0.819580	-0.093506	-21.002875	81.127319	-69.468825
11646		-8.345076	-2.646981	3.452305	-0.607084	-4.226706	-1.527271	0.411621	-0.805420	-0.127197	-21.040976	78.550970	-69.155273
11647		-8.795524	-4.580604	3.816893	-0.196515	-4.289851	-1.560288	0.404785	-0.788574	-0.163574	-20.922086	75.911649	-68.919372
11648		-8.373179	-5.183990	4.026795	0.387345	-4.344316	-1.516036	0.390381	-0.772461	-0.185791	-20.445229	73.274250	-68.656175
11649		-8.227795	-4.370862	4.496266	0.893463	-4.278934	-1.467864	0.378418	-0.774658	-0.219238	-19.752350	70.657956	-68.467379
11650		-8.823976	-2.903122	5.316834	1.115567	-4.148121	-1.520151	0.359375	-0.765869	-0.239746	-19.180596	68.124883	-68.540653
11651		-9.501743	-2.184905	6.069148	1.060937	-4.018458	-1.679115	0.352051	-0.762451	-0.261230	-18.927876	65.609070	-68.928307
11652		-10.120295	-2.369076	6.650823	0.895307	-3.904363	-1.871680	0.339355	-0.750000	-0.276367	-19.005450	63.142894	-69.584401
11653		-10.718043	-3.101342	7.081116	0.776745	-3.801141	-2.039094	0.325684	-0.746826	-0.303955	-19.277787	60.676516	-70.399376
11654		-11.296095	-3.836843	7.489736	0.741240	-3.720811	-2.149405	0.300537	-0.732910	-0.326660	-19.611947	58.254225	-71.281543
11655		-11.860649	-4.252298	7.837062	0.773907	-3.679248	-2.216252	0.286133	-0.732910	-0.347656	-19.900858	55.815126	-72.156823
11656		-11.853271	-4.418505	7.867239	0.841601	-3.656670	-2.238085	0.265869	-0.719971	-0.368652	-20.100368	53.405766	-72.994265
11657		-11.512211	-4.279038	7.817183	0.905202	-3.607327	-2.202557	0.257813	-0.720947	-0.390869	-20.181026	51.005023	-73.755807
11658		-11.310616	-4.063995	7.825057	0.926627	-3.524725	-2.110176	0.234375	-0.715332	-0.399902	-20.164719	48.690475	-74.430456
11659		-11.431445	-3.927366	8.009499	0.892113	-3.419752	-1.983934	0.216064	-0.699463	-0.416260	-20.073816	46.434274	-75.003797
11660		-11.949083	-3.780619	8.379856	0.800741	-3.322535	-1.850612	0.187500	-0.706299	-0.433350	-19.959502	44.280690	-75.489456
11661		-12.600241	-3.667327	8.655218	0.627150	-3.274282	-1.744033	0.169189	-0.705078	-0.434814	-19.873150	42.151687	-75.892847
11662		-13.051207	-3.638001	8.628115	0.417053	-3.243430	-1.665848	0.151367	-0.697266	-0.443359	-19.862420	40.077605	-76.241544
11663		-13.203396	-3.803006	8.342414	0.219088	-3.226243	-1.599427	0.134033	-0.696533	-0.448242	-19.917037	38.003816	-76.533182
11664		-13.231528	-3.883209	7.826905	0.048558	-3.185864	-1.553787	0.111084	-0.695068	-0.454834	-20.046003	35.982156	-76.795508
11665		-12.911228	-3.658615	7.184659	-0.079986	-3.101103	-1.536576	0.093018	-0.702148	-0.464844	-20.234135	33.988501	-77.050185
11666		-12.968901	-3.097268	6.621466	-0.214140	-2.974913	-1.578360	0.069336	-0.692383	-0.476318	-20.518889	32.073845	-77.349409
11667		-12.915638	-3.010547	6.004483	-0.329746	-2.832822	-1.653670	0.050293	-0.691162	-0.481201	-20.889126	30.200039	-77.707563
11668		-13.385374	-3.180873	5.526410	-0.376852	-2.711892	-1.744926	0.043457	-0.687012	-0.507568	-21.311563	28.388602	-78.131748
11669		-13.356687	-3.279944	4.655353	-0.315009	-2.658907	-1.806046	0.016357	-0.683350	-0.504150	-21.695316	26.573544	-78.581086
11670		-12.874827	-2.747656	3.676313	-0.179295	-2.590134	-1.815124	0.000732	-0.670410	-0.510742	-21.994071	24.807239	-79.035689
11671		-12.377429	-1.743533	2.508047	-0.091057	-2.480367	-1.719595	-0.008301	-0.673096	-0.518311	-22.207700	23.104021	-79.443600
11672		-11.621610	-0.640502	1.101389	-0.069891	-2.311705	-1.511105	-0.023682	-0.667969	-0.522705	-22.367959	21.548279	-79.762858
11673		-11.167474	0.706521	0.071817	-0.171568	-2.045721	-1.208230	-0.041992	-0.667969	-0.521484	-22.533253	20.187503	-79.963045
11674		-12.310998	1.653458	-0.408241	-0.439983	-1.781809	-0.920717	-0.051270	-0.661133	-0.527100	-22.816254	19.040351	-80.058311
11675		-13.144654	1.247588	-1.024731	-0.665691	-1.637610	-0.678638	-0.057129	-0.658203	-0.531006	-23.188413	18.014488	-80.043877
11676		-13.484761	0.378779	-1.576703	-0.671877	-1.509251	-0.451534	-0.083496	-0.656006	-0.529297	-23.537825	17.116305	-79.929651
11677		-13.318014	-0.403195	-2.043830	-0.412580	-1.355923	-0.205641	-0.083984	-0.645508	-0.537354	-23.706896	16.350373	-79.712402
11678		-12.666448	-2.128153	-1.829047	0.103713	-1.115659	0.104537	-0.093018	-0.655029	-0.532471	-23.555774	15.787021	-79.385015
11679		-11.327404	-5.253941	0.202446	0.900624	-0.764165	0.475347	-0.101074	-0.663330	-0.530273	-22.915822	15.488347	-78.941262
11680		-9.183814	-6.805816	4.470098	1.881221	-0.458533	0.540611	-0.105225	-0.670166	-0.520264	-21.729336	15.361149	-78.536933
11681		-3.656443	-5.565304	9.536963	2.580689	-0.222841	0.011849	-0.107178	-0.701904	-0.508789	-20.232217	15.242558	-78.478952
11682		3.960284	-6.471252	13.793811	2.970831	-0.006120	-0.843242	-0.100342	-0.716797	-0.496094	-18.651174	15.076456	-78.946270
11683		8.780614	-4.361598	18.381231	3.111578	0.093908	-1.770838	-0.099121	-0.740479	-0.487061	-17.126690	14.813158	-79.958862
11684		11.411623	-1.699388	21.580100	2.804033	-0.189026	-2.566599	-0.096924	-0.758789	-0.475342	-15.876103	14.289453	-81.380388
11685		12.521639	0.577262	22.738395	2.360449	-0.686317	-2.909035	-0.087891	-0.776611	-0.458740	-14.890202	13.461597	-82.924153
11686		10.878557	3.820630	22.254135	1.821774	-1.280309	-2.721803	-0.082275	-0.778320	-0.450928	-14.148417	12.358185	-84.281007
11687		9.409439	6.149122	19.754289	1.267081	-1.861267	-2.163713	-0.092773	-0.785156	-0.452637	-13.611680	11.015057	-85.244220
11688		6.614065	7.122161	16.599315	0.802443	-2.276004	-1.446727	-0.099609	-0.791016	-0.441895	-13.241588	9.551837	-85.752702
11689		3.428741	6.698299	13.516639	0.512174	-2.603116	-0.695392	-0.121338	-0.797607	-0.452393	-12.946505	7.995891	-85.798790
11690		0.846412	6.514380	10.375432	0.277854	-2.835707	0.041433	-0.146484	-0.797119	-0.443115	-12.737240	6.414701	-85.408353
11691		-1.305010	6.071142	6.854173	-0.076775	-2.939165	0.762280	-0.162109	-0.804688	-0.452393	-12.691446	4.854151	-84.603449
11692		-4.370214	4.660989	2.968485	-0.525571	-2.862841	1.379508	-0.194824	-0.806641	-0.454102	-12.909180	3.427336	-83.463233
11693		-7.847195	2.519096	-0.635758	-0.927228	-2.578098	1.780493	-0.225342	-0.798584	-0.460693	-13.363027	2.207038	-82.128650
11694		-13.001840	-0.129254	-2.701414	-1.151626	-2.144366	1.856273	-0.257080	-0.789551	-0.458008	-13.981635	1.262265	-80.801088
11695		-17.133985	-3.104870	-4.600388	-1.056887	-1.805587	1.597580	-0.271484	-0.788818	-0.460938	-14.558308	0.473934	-79.655518
11696		-17.170988	-5.273242	-7.316153	-0.516983	-1.416992	1.260543	-0.288818	-0.783203	-0.465576	-14.850724	-0.130292	-78.747675
11697		-16.769941	-4.769708	-9.145389	0.166096	-0.783109	1.009997	-0.300781	-0.781006	-0.452881	-14.748936	-0.423532	-78.070592
11698		-18.183577	-3.356374	-8.826846	0.497742	-0.023182	0.807470	-0.313232	-0.784668	-0.461670	-14.465625	-0.321972	-77.616366
11699		-19.845643	-4.218556	-7.560510	0.562042	0.558751	0.551945	-0.307861	-0.795166	-0.450195	-14.135876	0.063335	-77.386206
11700		-18.738641	-5.694783	-6.655068	0.760675	0.988225	0.294498	-0.314941	-0.797119	-0.440430	-13.698765	0.651206	-77.355463
11701		9.967925	2.069404	20.596031	-0.105612	2.189264	0.196986	-0.302490	-0.789795	-0.465576	-13.756842	1.898255	-77.540832
11702		16.139169	-17.363394	25.942832	-0.584295	0.635538	-0.482062	-0.295410	-0.783691	-0.455322	-14.103103	2.182891	-77.893646
11703		23.204103	-7.960736	15.449829	-0.200117	1.071919	0.142415	-0.292480	-0.780518	-0.456299	-14.214684	2.796700	-77.961769
11704		7.084481	-7.701563	4.158540	-0.535044	2.822595	-0.305841	-0.270752	-0.774902	-0.455566	-14.555514	4.317425	-78.531204
11705		-4.235410	-1.981325	7.526189	-0.553689	4.554910	-1.061526	-0.252930	-0.768555	-0.454346	-14.988426	6.680496	-79.786879
11706		-8.004623	5.211455	11.456728	-1.143351	5.449460	-1.527869	-0.202393	-0.763184	-0.461182	-15.879615	9.455209	-81.474980
11707		-10.197041	10.602344	15.527310	-1.653225	5.559630	-0.858103	-0.169434	-0.757568	-0.462402	-17.085687	12.366499	-82.871278
11708		-10.577501	9.131552	14.187170	-2.207391	5.143712	0.301839	-0.142334	-0.741455	-0.458984	-18.529722	15.223219	-83.626316
11709		-11.582520	-1.065205	10.160329	-2.632769	4.854289	0.838796	-0.118408	-0.727539	-0.468750	-20.167537	18.005072	-84.109196
11710		-11.290455	-12.340285	5.474733	-2.476729	4.572456	0.537546	-0.087646	-0.699219	-0.473877	-21.812319	20.559448	-84.795072
11711		-7.032887	-14.563705	4.081375	-1.796572	4.673980	0.168273	-0.060547	-0.691406	-0.469971	-23.206469	23.071187	-85.797319
11712		-10.525027	-11.469128	7.696495	-1.049961	4.561491	0.270086	-0.030518	-0.691406	-0.463623	-24.216092	25.524654	-86.791077
11713		-11.543110	-9.067625	7.051795	-0.414848	3.919138	0.794794	-0.011963	-0.677979	-0.458984	-24.704365	27.759248	-87.361788
11714		-14.830303	-12.744475	7.467251	-0.002386	3.350915	1.135092	0.000732	-0.689209	-0.444336	-24.819997	29.773392	-87.601435
11715		-20.558378	-10.585100	6.881993	0.436770	2.229546	1.050980	0.012207	-0.685303	-0.434326	-24.555364	31.189253	-87.580514
11716		-16.111950	-5.209207	8.432750	0.648372	1.185953	1.007312	0.011230	-0.701904	-0.434326	-24.028870	32.044327	-87.286922
11717		-9.793136	-4.492731	7.926505	0.712451	0.630486	0.926156	0.009766	-0.697021	-0.427979	-23.399778	32.594620	-86.879376
11718		-7.588433	-4.156700	7.399255	0.785903	0.496112	0.873977	0.004150	-0.710693	-0.421875	-22.720797	33.050531	-86.459470
11719		-6.305363	-2.715896	7.701627	0.813256	0.374873	0.894624	0.003174	-0.720215	-0.421631	-21.992243	33.450701	-85.985838
11720		-6.340033	-3.009387	7.592829	0.802709	0.319214	0.886407	0.004395	-0.724854	-0.415283	-21.259776	33.806042	-85.495661
11721		-7.886734	-2.528043	8.056855	0.760280	0.257652	0.790140	0.003174	-0.730469	-0.409424	-20.569270	34.112028	-85.044780
11722		-7.544295	-1.450329	8.201261	0.653859	0.114431	0.662248	-0.000488	-0.733643	-0.410400	-19.964723	34.303031	-84.637746
11723		-6.297924	-1.778324	8.213704	0.543623	0.080976	0.562396	-0.006348	-0.745117	-0.406006	-19.450381	34.462005	-84.284389
11724		-6.759619	-1.624654	8.053907	0.455373	0.073698	0.466818	-0.003418	-0.750488	-0.403076	-19.021934	34.587995	-83.990695
11725		-6.478441	-1.241541	7.968939	0.358173	0.016989	0.392702	-0.000244	-0.756348	-0.406006	-18.665428	34.676416	-83.730797
11726		-5.940048	-1.556281	8.135188	0.266935	0.013227	0.321069	-0.008057	-0.750000	-0.405762	-18.389958	34.740017	-83.517506
11727		-6.308269	-1.288093	8.040562	0.155532	-0.015713	0.225356	-0.010254	-0.748047	-0.399414	-18.207054	34.778405	-83.359742
11728		-5.882957	-1.672195	7.779362	0.070738	-0.036964	0.143759	-0.005127	-0.760010	-0.404541	-18.104206	34.781884	-83.252388
11729		-5.565786	-2.409510	7.644221	0.034149	-0.044899	0.102337	-0.007080	-0.757813	-0.402832	-18.033367	34.781868	-83.169568
11730		-5.116710	-2.591402	7.499710	0.038068	-0.042317	0.089152	-0.008545	-0.758545	-0.402588	-17.969243	34.772524	-83.097279
11731		-5.447995	-2.493730	7.724916	0.038272	-0.017065	0.085182	-0.006592	-0.752930	-0.410400	-17.906055	34.784217	-83.031883
11732		-5.964357	-2.430130	7.564880	0.024196	-0.048491	0.076375	-0.005615	-0.751465	-0.408447	-17.853978	34.769132	-82.966779
11733		-5.587870	-2.711504	7.651201	0.025643	-0.052184	0.081015	-0.008301	-0.755859	-0.408936	-17.795424	34.760611	-82.896689
11734		-5.852738	-2.558315	7.583575	0.028173	-0.083382	0.087433	-0.011230	-0.760498	-0.397461	-17.732719	34.728314	-82.816883
11735		-5.218614	-2.929534	7.469130	0.043351	-0.092225	0.123944	-0.009033	-0.753418	-0.400635	-17.643186	34.705046	-82.709953
11736		-4.947726	-2.949444	7.435377	0.089133	-0.062416	0.157978	-0.013184	-0.756348	-0.397949	-17.521531	34.696202	-82.587861
11737		-5.513659	-2.627087	7.591582	0.112895	-0.047408	0.184846	-0.013184	-0.761963	-0.395020	-17.374778	34.707187	-82.450078
11738		-5.727847	-2.702847	7.527201	0.137187	-0.058296	0.218966	-0.005371	-0.762207	-0.406250	-17.202977	34.710468	-82.288297
11739		-5.412780	-2.662871	7.519665	0.160734	-0.063232	0.238005	-0.021729	-0.761230	-0.404541	-17.006879	34.720830	-82.111864
11740		-5.598359	-2.403998	7.749213	0.178307	-0.036328	0.252144	-0.015625	-0.761719	-0.404297	-16.801357	34.740788	-81.932339
11741		-6.009997	-2.125445	7.826014	0.158511	-0.036308	0.234053	-0.022461	-0.773926	-0.398438	-16.611066	34.764004	-81.763876
11742		-6.087699	-2.054438	7.813392	0.125108	-0.043034	0.196649	-0.031982	-0.767090	-0.405762	-16.456199	34.770276	-81.619893
11743		-5.939005	-1.944626	7.855238	0.101662	-0.049198	0.158725	-0.022217	-0.771240	-0.404053	-16.325646	34.773301	-81.499143
11744		-6.201693	-1.857379	7.941527	0.062069	-0.054825	0.120038	-0.028564	-0.767822	-0.404785	-16.234815	34.760260	-81.404114
11745		-5.948390	-1.933298	7.818826	0.028024	-0.054433	0.086476	-0.021484	-0.775391	-0.387451	-16.173476	34.748369	-81.330746
11746		-5.728704	-2.001361	7.832670	0.008062	-0.031067	0.066950	-0.023438	-0.767334	-0.399902	-16.136545	34.739769	-81.275944
11747		-5.972032	-1.889254	7.925984	-0.018326	-0.013761	0.052523	-0.026367	-0.773682	-0.402588	-16.119262	34.744591	-81.233234
11748		-5.869991	-2.048679	7.705279	-0.042386	-0.015698	0.032133	-0.023926	-0.768066	-0.407227	-16.126227	34.738885	-81.204735
11749		-5.607959	-2.359389	7.638972	-0.043799	-0.012697	0.040937	-0.022949	-0.765625	-0.392334	-16.128105	34.742279	-81.169998
11750		-5.364501	-2.391735	7.681958	-0.027642	0.005375	0.048492	-0.027588	-0.760010	-0.401367	-16.122699	34.750776	-81.134621
11751		-5.446546	-2.533970	7.639650	-0.014805	0.019021	0.051524	-0.037598	-0.764160	-0.402100	-16.107540	34.773070	-81.098976
11752		-5.481046	-2.609169	7.564050	0.004773	0.030729	0.057025	-0.021729	-0.771240	-0.400879	-16.083065	34.796866	-81.062761
11753		-5.587905	-2.615711	7.569336	0.031212	0.037556	0.058623	-0.029785	-0.771729	-0.400879	-16.040999	34.830231	-81.025970
11754		-6.062526	-2.511784	7.624884	0.052033	0.023493	0.061298	-0.020996	-0.769775	-0.395264	-15.986946	34.850674	-80.985429
11755		-5.799248	-2.374401	7.643102	0.068366	0.002133	0.055511	-0.027344	-0.774414	-0.393066	-15.921005	34.863815	-80.943927
11756		-5.630112	-2.286131	7.730006	0.079951	0.015064	0.054360	-0.030273	-0.769531	-0.393799	-15.852641	34.878451	-80.906364
11757		-5.818684	-2.123888	7.793526	0.078801	0.020009	0.050626	-0.031982	-0.773926	-0.395752	-15.784615	34.900423	-80.871555
11758		-5.848675	-2.096275	7.664758	0.068608	0.011883	0.043187	-0.025635	-0.770996	-0.399414	-15.726653	34.911496	-80.840846
11759		-5.739568	-2.271622	7.739217	0.066165	0.007635	0.048530	-0.036865	-0.773193	-0.402100	-15.665347	34.926106	-80.805072
11760		-5.639748	-2.346803	7.655516	0.062823	0.010371	0.057667	-0.022217	-0.774902	-0.407715	-15.604922	34.938528	-80.764293
11761		-5.801186	-2.297478	7.770145	0.068762	0.011014	0.064421	-0.034668	-0.776123	-0.403076	-15.536431	34.957208	-80.718459
11762		-5.823278	-2.169118	7.742135	0.066294	0.008196	0.062916	-0.030029	-0.780518	-0.402344	-15.471712	34.969157	-80.673688
11763		-6.115542	-2.143624	7.849078	0.048732	0.002456	0.057528	-0.025146	-0.773926	-0.388184	-15.416482	34.981826	-80.630887
11764		-5.996501	-2.079178	7.639873	0.030049	-0.014751	0.041413	-0.020508	-0.770508	-0.394531	-15.378366	34.977759	-80.596316
11765		-5.667459	-2.302354	7.612339	0.022612	-0.028807	0.036474	-0.027344	-0.777344	-0.402344	-15.342973	34.969808	-80.561933
11766		-5.762760	-2.456709	7.663221	0.035138	-0.035765	0.045274	-0.027588	-0.778076	-0.395020	-15.298243	34.954675	-80.520891
11767		-5.693537	-2.337112	7.719034	0.047308	-0.040385	0.046052	-0.027100	-0.778809	-0.393555	-15.243938	34.941579	-80.478009
11768		-5.793755	-2.401552	7.826097	0.057838	-0.033989	0.048026	-0.032471	-0.772949	-0.389893	-15.185369	34.927780	-80.435485
11769		-5.874537	-2.213673	7.826453	0.059902	-0.018832	0.041435	-0.024170	-0.777832	-0.398193	-15.128042	34.925693	-80.399758
11770		-5.948148	-1.941591	7.983466	0.046890	-0.006576	0.030972	-0.030029	-0.781250	-0.396484	-15.085217	34.924446	-80.373769
11771		-6.528086	-1.360162	8.406897	-0.003653	0.016553	-0.005820	-0.028320	-0.777588	-0.395508	-15.086292	34.934732	-80.376387
11772		-7.006245	-1.411078	8.399621	-0.105833	0.021998	-0.055451	-0.035889	-0.780762	-0.394775	-15.167341	34.936375	-80.413915
11773		-6.762025	-1.937654	7.998624	-0.160661	0.010501	-0.058495	-0.038574	-0.783936	-0.395508	-15.277964	34.935370	-80.450901
11774		-6.442748	-1.358886	8.018244	-0.196273	-0.000708	-0.056949	-0.030273	-0.777588	-0.404053	-15.409004	34.924124	-80.485243
11775		-6.435244	-1.468440	7.960818	-0.259360	-0.036725	-0.067004	-0.026855	-0.784912	-0.395020	-15.574325	34.895592	-80.519084
11776		-6.246128	-1.770401	7.510162	-0.285913	-0.068760	-0.074645	-0.026611	-0.770508	-0.400146	-15.756104	34.843908	-80.552391
11777		-5.828347	-1.770097	7.539986	-0.289738	-0.083995	-0.045621	-0.028320	-0.778320	-0.403809	-15.925240	34.792482	-80.562572
11778		-5.451864	-1.983274	7.642903	-0.297554	-0.111129	-0.036922	-0.029541	-0.768311	-0.409912	-16.094330	34.723261	-80.562018
11779		-5.367734	-2.245226	7.791574	-0.302724	-0.102679	-0.032636	-0.029053	-0.763428	-0.406494	-16.263644	34.663471	-80.559465
11780		-5.686717	-2.304135	7.686654	-0.295915	-0.118654	-0.035441	-0.026367	-0.763916	-0.408203	-16.430116	34.590356	-80.555953
11781		-5.450047	-2.202492	7.454614	-0.289705	-0.147256	-0.020107	-0.031494	-0.763672	-0.407471	-16.582056	34.507990	-80.535821
11782		-5.265216	-2.331028	7.538342	-0.278333	-0.146761	-0.000954	-0.026123	-0.756592	-0.403809	-16.722036	34.425124	-80.503284
11783		-5.315945	-2.740535	7.556825	-0.263601	-0.159638	0.002327	-0.029297	-0.759033	-0.414795	-16.849041	34.339629	-80.465315
11784		-5.189775	-2.948497	7.416340	-0.232310	-0.167393	0.006766	-0.041748	-0.750732	-0.405762	-16.957294	34.246857	-80.423123
11785		-5.130347	-2.887166	7.462984	-0.191785	-0.158996	0.001322	-0.033936	-0.756348	-0.412109	-17.043680	34.161514	-80.385701
11786		-4.872783	-2.963916	7.485717	-0.159245	-0.138314	-0.024075	-0.030273	-0.757568	-0.419678	-17.124785	34.079588	-80.369556
11787		-4.733353	-2.923684	7.512840	-0.123430	-0.093047	-0.032402	-0.036377	-0.755127	-0.409912	-17.192144	34.024560	-80.367718
11788		-4.802852	-2.884985	7.497799	-0.088325	-0.053042	-0.036714	-0.039307	-0.761719	-0.413574	-17.246949	33.987189	-80.377154
11789		-4.743089	-2.848717	7.468168	-0.061064	0.005328	-0.033695	-0.033936	-0.759277	-0.420410	-17.290418	33.985573	-80.396276
11790		-4.939430	-2.789138	7.508764	-0.029920	0.052045	-0.031276	-0.034668	-0.745850	-0.416504	-17.321792	34.006601	-80.423659
11791		-4.848414	-2.648082	7.517861	0.006877	0.093735	-0.010362	-0.028076	-0.753174	-0.417236	-17.328051	34.057135	-80.445638
11792		-4.969321	-2.624411	7.593941	0.030233	0.131834	0.019848	-0.036865	-0.755371	-0.417725	-17.315305	34.130521	-80.455728
11793		-5.168548	-2.714968	7.589947	0.061882	0.169181	0.050966	-0.031250	-0.754395	-0.407715	-17.276131	34.232627	-80.452723
11794		-5.624713	-2.752485	7.674587	0.085187	0.190831	0.061625	-0.032959	-0.755371	-0.423584	-17.223124	34.345404	-80.447189
11795		-6.024539	-2.450785	7.759066	0.093719	0.179054	0.063574	-0.034668	-0.753174	-0.424316	-17.162088	34.454947	-80.437659
11796		-5.847442	-2.411293	7.634446	0.095427	0.158985	0.083080	-0.028076	-0.759521	-0.425049	-17.091255	34.553896	-80.411041
11797		-5.693872	-2.678466	7.623787	0.100894	0.161753	0.101909	-0.027588	-0.751953	-0.414795	-17.009418	34.660359	-80.372135
11798		-5.706043	-2.738533	7.636026	0.126582	0.163873	0.114160	-0.028809	-0.759033	-0.415527	-16.909181	34.767118	-80.325370
11799		-5.899513	-2.545192	7.663292	0.145832	0.154780	0.125266	-0.025146	-0.760742	-0.409668	-16.791544	34.873463	-80.268949
11800		-6.042807	-2.302272	7.716023	0.144837	0.138714	0.122574	-0.022705	-0.757813	-0.412842	-16.674227	34.967652	-80.210861
11801		-6.347690	-2.194392	7.799729	0.122059	0.098169	0.100353	-0.038574	-0.765137	-0.405762	-16.572818	35.038625	-80.159199
11802		-5.852333	-2.014417	7.685368	0.100392	0.073371	0.088588	-0.038574	-0.764160	-0.408936	-16.486179	35.091213	-80.110393
11803		-5.848400	-2.163446	7.800819	0.078973	0.070567	0.084518	-0.032959	-0.763428	-0.411377	-16.412129	35.144314	-80.063556
11804		-5.775510	-2.224607	7.663186	0.068055	0.062219	0.074893	-0.025146	-0.763184	-0.404785	-16.347850	35.188454	-80.021527
11805		-5.947717	-2.302891	7.653354	0.061695	0.064083	0.060134	-0.036133	-0.770752	-0.410156	-16.292250	35.233930	-79.989626
11806		-5.815375	-2.203373	7.587070	0.056695	0.052189	0.049944	-0.028320	-0.757324	-0.412109	-16.242903	35.268481	-79.962279
11807		-5.649709	-2.258570	7.631345	0.056024	0.050350	0.054687	-0.029053	-0.760986	-0.403076	-16.191033	35.305455	-79.931242
11808		-5.533588	-2.361532	7.650169	0.063382	0.060183	0.052465	-0.023438	-0.759033	-0.409180	-16.137688	35.344767	-79.903657
11809		-5.579886	-2.285709	7.667716	0.069252	0.072932	0.059063	-0.034424	-0.763184	-0.414795	-16.079007	35.394748	-79.873966
11810		-5.688794	-2.314929	7.651821	0.074125	0.084788	0.069245	-0.033936	-0.760986	-0.411377	-16.015592	35.450220	-79.839693
11811		-5.723891	-2.346443	7.615183	0.077566	0.082545	0.074484	-0.032715	-0.771240	-0.409180	-15.947062	35.507809	-79.801274
11812		-5.718198	-2.306480	7.600346	0.087404	0.089243	0.081085	-0.033203	-0.763428	-0.405518	-15.871698	35.567528	-79.759630
11813		-5.750873	-2.272133	7.624154	0.098146	0.095316	0.090943	-0.031250	-0.762695	-0.401123	-15.786143	35.634595	-79.712284
11814		-5.717334	-2.217403	7.623901	0.102913	0.090817	0.093991	-0.033936	-0.774170	-0.407471	-15.696721	35.697089	-79.661899
11815		-5.704290	-2.243051	7.651333	0.112031	0.099356	0.098274	-0.025391	-0.773193	-0.400146	-15.600496	35.767347	-79.610020
11816		-5.796647	-2.202189	7.664320	0.114263	0.100594	0.106654	-0.033447	-0.761230	-0.407959	-15.500315	35.837046	-79.552525
11817		-5.852626	-2.125498	7.657113	0.114533	0.101097	0.100974	-0.031738	-0.772461	-0.401611	-15.401468	35.908481	-79.498760
11818		-5.811894	-2.092117	7.660239	0.112039	0.106097	0.099674	-0.027344	-0.768066	-0.402344	-15.305613	35.980001	-79.446661
11819		-5.868106	-2.107154	7.729664	0.111677	0.108460	0.091666	-0.022949	-0.772705	-0.396729	-15.212621	36.053916	-79.400246
11820		-5.949549	-2.102139	7.669306	0.103557	0.104170	0.084495	-0.036621	-0.773682	-0.399414	-15.127205	36.121959	-79.357799
11821		-5.967074	-2.066823	7.661128	0.099154	0.104768	0.076202	-0.031250	-0.772217	-0.399902	-15.046950	36.191378	-79.320950
11822		-6.202919	-2.061815	7.617052	0.087127	0.094357	0.069217	-0.031494	-0.786133	-0.399170	-14.975813	36.251628	-79.286872
11823		-5.941369	-2.080352	7.520353	0.087468	0.084869	0.063557	-0.030029	-0.774658	-0.406006	-14.905021	36.308078	-79.254795
11824		-5.909237	-2.135349	7.655068	0.086841	0.092839	0.076061	-0.028809	-0.778320	-0.405518	-14.830898	36.368425	-79.215497
11825		-5.973561	-2.178061	7.603213	0.089294	0.091201	0.078075	-0.027344	-0.777832	-0.398682	-14.753650	36.430413	-79.174366
11826		-5.981613	-2.120924	7.560785	0.096124	0.090386	0.081547	-0.027832	-0.781006	-0.394043	-14.671475	36.490112	-79.130579
11827		-5.956838	-2.060554	7.613606	0.101037	0.089318	0.085342	-0.031006	-0.780518	-0.393066	-14.584113	36.551990	-79.083835
11828		-5.933834	-2.093522	7.588480	0.103215	0.086419	0.086435	-0.025879	-0.774170	-0.397705	-14.495190	36.610085	-79.035669
11829		-6.018289	-2.046476	7.623089	0.106207	0.085100	0.090554	-0.029785	-0.783447	-0.392578	-14.402031	36.670221	-78.984275
11830		-6.057788	-1.987007	7.642150	0.107309	0.079362	0.087704	-0.027100	-0.775635	-0.395020	-14.309230	36.724455	-78.933675
11831		-6.429320	-1.805178	7.795710	0.079491	0.066909	0.073377	-0.029541	-0.783447	-0.391602	-14.236342	36.771917	-78.890690
11832		-6.301509	-1.735549	7.608999	0.041993	0.033667	0.045198	-0.030029	-0.781738	-0.396973	-14.193614	36.794692	-78.861317
11833		-6.257719	-1.822417	7.594892	0.023226	0.022137	0.027188	-0.027832	-0.785156	-0.393555	-14.167324	36.810762	-78.842395
11834		-6.023911	-1.941075	7.642943	0.015187	0.020280	0.011971	-0.022705	-0.780518	-0.397705	-14.152330	36.821420	-78.833696
11835		-6.025567	-1.939768	7.641970	0.006929	0.019168	0.003360	-0.022705	-0.784424	-0.390137	-14.144964	36.832490	-78.830780
11836		-6.151420	-1.908062	7.613313	-0.000793	0.016385	-0.010686	-0.044922	-0.780518	-0.391357	-14.148141	36.837809	-78.837121
11837		-6.332570	-1.928181	7.692614	-0.019626	0.011223	-0.021667	-0.034668	-0.787354	-0.394775	-14.165583	36.840947	-78.850193
11838		-6.199036	-1.945489	7.528221	-0.038850	-0.000816	-0.034003	-0.030762	-0.789551	-0.388916	-14.198462	36.833435	-78.869706
11839		-6.019079	-2.096440	7.547011	-0.039854	-0.013826	-0.030108	-0.037598	-0.781250	-0.391357	-14.228376	36.821473	-78.884243
11840		-6.047335	-2.084304	7.550450	-0.034404	-0.014356	-0.031979	-0.031006	-0.776123	-0.388428	-14.256421	36.806711	-78.899952
11841		-5.948546	-2.087052	7.524115	-0.025780	-0.016353	-0.021948	-0.033203	-0.788330	-0.388916	-14.274640	36.794474	-78.908387
11842		-6.088133	-2.177443	7.587674	-0.020487	-0.018321	-0.016967	-0.027100	-0.789307	-0.390869	-14.288043	36.779623	-78.912970
11843		-6.036052	-2.013118	7.554202	-0.021629	-0.028963	-0.021103	-0.025635	-0.777100	-0.393555	-14.302236	36.760484	-78.918605
11844		-5.964096	-1.978279	7.630900	-0.019480	-0.027466	-0.020493	-0.034180	-0.783691	-0.395264	-14.315548	36.740055	-78.924004
11845		-6.097187	-1.988440	7.696976	-0.033749	-0.026397	-0.021793	-0.032227	-0.784424	-0.387695	-14.337248	36.722223	-78.930563
11846		-5.910832	-1.912520	7.520847	-0.034181	-0.035268	-0.030687	-0.026611	-0.787598	-0.388428	-14.362361	36.696012	-78.941617
11847		-5.827640	-2.034213	7.585540	-0.026016	-0.019804	-0.022622	-0.024902	-0.782959	-0.395264	-14.380663	36.681704	-78.949902
11848		-5.900342	-2.032650	7.605243	-0.024835	-0.021334	-0.018184	-0.037842	-0.776123	-0.396973	-14.396709	36.665000	-78.954750
11849		-5.887550	-1.997157	7.513620	-0.023500	-0.021417	-0.020598	-0.041260	-0.781982	-0.399170	-14.412572	36.650050	-78.961342
11850		-5.799787	-2.036542	7.579740	-0.011394	-0.009822	-0.012676	-0.036133	-0.783691	-0.395264	-14.419856	36.640519	-78.964417
11851		-5.934350	-2.045147	7.645197	-0.010578	-0.008240	-0.009653	-0.023682	-0.783691	-0.392822	-14.425211	36.634413	-78.965784
11852		-5.855870	-1.989640	7.529724	-0.004611	-0.006246	-0.009678	-0.022461	-0.777832	-0.395752	-14.427750	36.627294	-78.967420
11853		-5.707915	-2.089526	7.569942	0.003288	0.002155	0.004802	-0.035645	-0.785645	-0.391113	-14.420317	36.628997	-78.960649
11854		-5.631317	-2.150892	7.513696	0.022436	0.018584	0.016648	-0.028320	-0.784180	-0.388428	-14.399129	36.639410	-78.948493
11855		-5.613139	-2.111656	7.523469	0.044083	0.037570	0.037806	-0.036865	-0.794678	-0.397949	-14.358477	36.665413	-78.925183
11856		-5.717458	-2.048072	7.585628	0.065099	0.054231	0.049335	-0.034424	-0.783203	-0.388672	-14.303071	36.700237	-78.896679
11857		-6.089025	-1.964913	7.662125	0.061036	0.054465	0.056575	-0.037354	-0.774170	-0.391846	-14.246675	36.738189	-78.863282
11858		-6.121575	-1.924517	7.605939	0.055064	0.048289	0.049311	-0.027588	-0.788086	-0.391846	-14.196310	36.769666	-78.833641
11859		-6.085230	-1.818336	7.643895	0.043571	0.034840	0.043734	-0.030029	-0.782471	-0.394531	-14.153103	36.794868	-78.805607
11860		-6.019652	-1.898217	7.621901	0.040529	0.033935	0.039856	-0.028076	-0.785400	-0.388184	-14.113424	36.817011	-78.779939
11861		-6.036074	-1.951114	7.614556	0.033243	0.027854	0.035006	-0.029785	-0.777100	-0.395508	-14.078975	36.837077	-78.756686
11862		-6.010339	-1.934213	7.628488	0.032364	0.028449	0.031736	-0.038086	-0.789063	-0.391113	-14.046741	36.855015	-78.735655
11863		-6.008499	-1.894336	7.668320	0.031121	0.032152	0.027046	-0.027344	-0.793701	-0.394531	-14.017246	36.876333	-78.718646
11864		-6.121782	-1.950069	7.687265	0.015006	0.028818	0.018762	-0.036377	-0.789307	-0.390625	-14.000378	36.892661	-78.706664
11865		-6.177295	-1.912762	7.558889	0.000534	0.022473	0.001708	-0.035889	-0.780029	-0.390869	-13.997960	36.905069	-78.705573
11866		-6.011167	-1.903778	7.588153	-0.007212	0.023872	-0.005063	-0.026367	-0.783936	-0.400146	-14.003246	36.915343	-78.709292
11867		-6.006372	-1.972780	7.630330	-0.010787	0.022644	-0.011041	-0.031006	-0.785156	-0.394043	-14.012666	36.926083	-78.717103
11868		-6.039756	-1.977508	7.533437	-0.013747	0.019564	-0.014673	-0.027588	-0.786621	-0.394043	-14.025267	36.932627	-78.726763
11869		-5.955071	-2.016308	7.598204	-0.006078	0.018347	-0.015678	-0.031738	-0.783691	-0.389893	-14.033503	36.940323	-78.737068
11870		-6.054936	-1.989803	7.641420	-0.017370	0.022515	-0.013371	-0.029053	-0.784424	-0.395264	-14.047949	36.948686	-78.746341
11871		-6.061084	-1.953729	7.577766	-0.020094	0.018690	-0.023611	-0.031982	-0.779785	-0.391113	-14.067596	36.955451	-78.762241
11872		-6.091857	-1.940302	7.579507	-0.032016	0.014727	-0.023585	-0.036133	-0.781250	-0.385742	-14.093895	36.958057	-78.777267
11873		-5.929327	-1.970258	7.567914	-0.030120	0.014967	-0.023897	-0.039551	-0.782227	-0.382568	-14.119034	36.962703	-78.792731
11874		-5.956908	-2.015369	7.533115	-0.024354	0.013512	-0.024587	-0.027100	-0.784912	-0.385254	-14.141237	36.964483	-78.808245
11875		-5.978685	-1.979229	7.500331	-0.019378	0.012470	-0.020768	-0.028076	-0.782471	-0.394043	-14.158676	36.968156	-78.821111
11876		-5.929568	-2.008238	7.545897	-0.013596	0.013012	-0.013926	-0.026367	-0.791504	-0.392822	-14.170207	36.971145	-78.829127
11877		-5.952743	-2.015782	7.552532	-0.008678	0.014153	-0.010354	-0.030518	-0.779785	-0.386475	-14.177361	36.977200	-78.835060
11878		-5.938958	-1.988071	7.539387	-0.002782	0.018319	-0.010610	-0.033447	-0.785645	-0.388916	-14.181873	36.983601	-78.841705
11879		-5.925426	-1.959593	7.526251	0.003865	0.018263	-0.000496	-0.024902	-0.776611	-0.390137	-14.178173	36.993307	-78.841516
11880		-5.905695	-1.997952	7.556835	0.014741	0.021389	0.003069	-0.029785	-0.781494	-0.388184	-14.167245	37.003334	-78.839186
11881		-5.840535	-1.977937	7.532843	0.028811	0.028849	0.011200	-0.033691	-0.785645	-0.397217	-14.145484	37.020544	-78.832721
11882		-5.718906	-2.005851	7.559827	0.041769	0.037646	0.022666	-0.033936	-0.786133	-0.385254	-14.112565	37.042342	-78.819589
11883		-5.737622	-2.029299	7.570366	0.057839	0.050957	0.030918	-0.020020	-0.784180	-0.390869	-14.068224	37.074547	-78.803236
11884		-5.787963	-2.034412	7.583255	0.071053	0.076771	0.035895	-0.027100	-0.789551	-0.385986	-14.017034	37.119917	-78.787652
11885		-5.868653	-1.976397	7.558944	0.080746	0.091191	0.042731	-0.027100	-0.795654	-0.396729	-13.958767	37.176062	-78.769971
11886		-5.866511	-1.999936	7.639463	0.079801	0.111710	0.039309	-0.030273	-0.782959	-0.392334	-13.904679	37.241308	-78.757921
11887		-5.814642	-2.054594	7.609942	0.079464	0.120400	0.038306	-0.036133	-0.792725	-0.388184	-13.851963	37.313034	-78.748223
11888		-6.025259	-2.054481	7.633015	0.080667	0.122459	0.035649	-0.019531	-0.785645	-0.385742	-13.799927	37.383740	-78.740412
11889		-6.204337	-1.952741	7.591779	0.072902	0.121813	0.021315	-0.029053	-0.786621	-0.383545	-13.758263	37.453888	-78.742705
11890		-6.360108	-1.920951	7.563974	0.061076	0.111647	0.006499	-0.027832	-0.786133	-0.382080	-13.728663	37.514601	-78.753342
11891		-6.396167	-1.854910	7.521881	0.050391	0.092185	-0.004027	-0.029297	-0.792969	-0.390381	-13.707609	37.564834	-78.768272
11892		-6.270975	-1.832542	7.529918	0.034246	0.083234	-0.012819	-0.014648	-0.788818	-0.388916	-13.698682	37.607114	-78.787574
11893		-6.255909	-1.795779	7.536146	0.029774	0.076806	-0.014727	-0.020264	-0.784668	-0.382813	-13.692440	37.647367	-78.807391
11894		-6.244172	-1.869976	7.523474	0.018201	0.062137	-0.021266	-0.022217	-0.786621	-0.383301	-13.694153	37.676760	-78.829028
11895		-6.231537	-1.871147	7.489771	0.009041	0.058002	-0.026107	-0.021484	-0.789307	-0.388184	-13.702744	37.705015	-78.853650
11896		-6.176639	-1.876668	7.499320	0.003441	0.045146	-0.024850	-0.019775	-0.784668	-0.384521	-13.712704	37.724460	-78.874918
11897		-6.164402	-1.923499	7.506104	0.001671	0.040551	-0.024039	-0.021484	-0.791260	-0.383301	-13.722834	37.743287	-78.895121
11898		-6.138545	-1.912468	7.519144	-0.001995	0.035720	-0.022929	-0.026611	-0.795410	-0.381348	-13.734110	37.757740	-78.913434
11899		-6.153786	-1.971950	7.511135	-0.001485	0.028268	-0.020983	-0.025635	-0.793945	-0.383545	-13.743472	37.770140	-78.929398
11900		-6.170375	-1.927806	7.500089	-0.002710	0.024010	-0.018072	-0.033691	-0.790283	-0.387207	-13.751840	37.778733	-78.942287
11901		-6.159996	-1.916325	7.544334	-0.012763	0.014697	-0.018835	-0.018799	-0.788574	-0.385010	-13.765336	37.783870	-78.954421
11902		-6.164402	-1.954096	7.502608	-0.007839	0.005884	-0.015131	-0.024414	-0.785156	-0.387939	-13.773463	37.782773	-78.962117
11903		-6.121310	-1.914439	7.505450	-0.007840	0.005884	-0.015131	-0.021484	-0.784668	-0.380859	-13.781627	37.783508	-78.970134
11904		-6.115542	-1.909421	7.527877	-0.008233	0.001197	-0.016721	-0.022705	-0.786133	-0.380859	-13.790169	37.779584	-78.978140
11905		-6.101893	-1.927326	7.555243	-0.008930	-0.002569	-0.019489	-0.028809	-0.790771	-0.382568	-13.799955	37.775013	-78.987771
11906		-6.097901	-1.913685	7.497494	-0.013325	-0.001365	-0.013470	-0.019531	-0.780029	-0.393555	-13.809739	37.770106	-78.993041
11907		-6.084092	-1.931723	7.524945	-0.013717	-0.006052	-0.015060	-0.022705	-0.789551	-0.380859	-13.819999	37.764193	-78.998956
11908		-6.081637	-1.888832	7.485516	-0.013719	-0.006052	-0.015060	-0.022949	-0.787842	-0.392578	-13.830195	37.756459	-79.004531
11909		-6.082615	-1.935426	7.525188	-0.010979	-0.006399	-0.012080	-0.026855	-0.785400	-0.380859	-13.837574	37.750753	-79.008291
11910		-6.089416	-1.914271	7.520701	-0.006662	-0.005425	-0.018355	-0.024414	-0.792236	-0.380859	-13.845208	37.742915	-79.016290
11911		-6.030725	-1.920168	7.533352	-0.008319	0.003372	-0.016974	-0.030273	-0.779541	-0.379883	-13.854219	37.741964	-79.025191
11912		-6.086807	-1.946964	7.502352	-0.010231	-0.004653	-0.016835	-0.025879	-0.785645	-0.382813	-13.863322	37.734762	-79.032250
11913		-6.028112	-1.952773	7.515013	-0.005811	0.001771	-0.014917	-0.013184	-0.785645	-0.385254	-13.869854	37.733190	-79.039433
11914		-6.035453	-2.005481	7.531429	-0.005349	0.004281	-0.013070	-0.022949	-0.786133	-0.384033	-13.875487	37.731473	-79.045393
11915		-6.043264	-1.983566	7.526338	-0.000011	0.007942	-0.007618	-0.010010	-0.785889	-0.381592	-13.876233	37.734320	-79.048525
11916		-6.038057	-1.977276	7.548651	0.001064	0.008611	-0.003416	-0.024170	-0.786865	-0.378418	-13.874496	37.736339	-79.048448
11917		-6.067185	-1.989560	7.532553	0.006558	0.015704	0.002705	-0.026367	-0.780762	-0.376221	-13.867882	37.744906	-79.045678
11918		-6.104262	-1.978551	7.511600	0.010587	0.017442	0.003032	-0.018555	-0.784668	-0.388916	-13.858850	37.752722	-79.042597
11919		-6.066365	-1.972212	7.473209	0.009223	0.017534	0.005431	-0.015625	-0.781006	-0.383789	-13.849749	37.762673	-79.038236
11920		-6.114790	-1.953572	7.505089	0.015076	0.021688	0.005206	-0.029297	-0.781982	-0.381836	-13.837656	37.773148	-79.034357
11921		-6.110765	-1.945496	7.526913	0.013785	0.019605	0.007859	-0.026611	-0.784424	-0.379639	-13.825130	37.784578	-79.028651
11922		-6.110544	-1.973314	7.507870	0.013783	0.019605	0.007859	-0.028564	-0.787109	-0.383789	-13.812407	37.794256	-79.022537
11923		-6.063402	-1.923774	7.533142	0.016446	0.021435	0.010586	-0.020020	-0.788330	-0.381592	-13.797387	37.807069	-79.015231
11924		-6.106700	-1.918402	7.489123	0.015832	0.023274	0.008230	-0.016113	-0.791504	-0.382324	-13.783712	37.818837	-79.009482
11925		-6.101000	-1.939552	7.492737	0.013699	0.021777	0.007604	-0.027100	-0.787842	-0.383301	-13.771594	37.831425	-79.004334
11926		-6.102881	-1.938120	7.491576	0.013316	0.024872	0.006170	-0.027832	-0.781982	-0.389893	-13.760414	37.843799	-79.000305
11927		-6.084045	-1.901434	7.501214	0.013464	0.020520	0.006681	-0.018799	-0.791992	-0.385010	-13.748708	37.855556	-78.995593
11928		-6.125137	-1.905244	7.537636	0.013691	0.021775	0.007604	-0.015137	-0.793457	-0.385254	-13.736359	37.866400	-78.990010
11929		-6.108138	-1.933943	7.488371	0.009661	0.020038	0.007274	-0.029541	-0.790771	-0.382080	-13.726529	37.877961	-78.984797
11930		-6.134093	-1.909279	7.512804	0.011633	0.018102	0.007234	-0.026855	-0.791748	-0.376465	-13.715125	37.886710	-78.978837
11931		-6.090456	-1.896158	7.497346	0.012768	0.016751	0.003914	-0.022217	-0.793457	-0.387695	-13.704633	37.895981	-78.975430
11932		-6.136670	-1.906925	7.511297	0.009120	0.011921	0.005018	-0.029541	-0.785645	-0.380615	-13.694971	37.900986	-78.969964
11933		-6.115172	-1.899858	7.503438	0.011550	0.012496	0.006824	-0.022461	-0.789795	-0.386963	-13.683475	37.908278	-78.963776
11934		-6.138562	-1.904756	7.510301	0.008432	0.008155	0.002251	-0.023682	-0.795410	-0.386719	-13.675006	37.910810	-78.959612
11935		-6.139364	-1.904131	7.509805	0.004484	0.012025	0.002328	-0.023682	-0.793701	-0.376709	-13.669468	37.917227	-78.956520
11936		-6.147478	-1.880954	7.504680	0.004254	0.002990	0.001254	-0.024170	-0.792725	-0.389404	-13.663280	37.916748	-78.952173
11937		-6.112005	-1.890765	7.524847	0.005619	0.002893	-0.001143	-0.023926	-0.788086	-0.381592	-13.657644	37.917610	-78.949969
11938		-6.123623	-1.903710	7.479047	0.003874	0.006084	-0.000182	-0.023682	-0.785645	-0.382080	-13.652622	37.918658	-78.947166
11939		-6.082578	-1.906961	7.521950	0.004025	0.001734	0.000332	-0.017578	-0.786865	-0.385010	-13.647150	37.919071	-78.943730
11940		-6.125955	-1.873635	7.496904	0.004557	0.002070	0.002433	-0.020996	-0.795410	-0.379395	-13.640180	37.918237	-78.938393
11941		-6.118517	-1.896079	7.501667	0.000304	-0.000919	0.001179	-0.017334	-0.792480	-0.379883	-13.636203	37.917281	-78.933911
11942		-6.133556	-1.924482	7.513766	0.004329	0.000815	0.001511	-0.023438	-0.789063	-0.382080	-13.629633	37.915623	-78.929010
11943		-6.105410	-1.911539	7.529347	0.001140	-0.001503	0.004460	-0.021729	-0.790527	-0.382324	-13.623708	37.914781	-78.922122
11944		-6.140953	-1.901202	7.509247	-0.000153	-0.003430	-0.000665	-0.020996	-0.788574	-0.380127	-13.620204	37.910465	-78.918032
11945		-6.102981	-1.940897	7.511753	-0.002204	-0.007100	-0.001035	-0.015625	-0.786377	-0.381104	-13.618005	37.905760	-78.914073
11946		-6.123118	-1.902161	7.479854	0.001592	-0.006621	-0.001625	-0.017090	-0.790771	-0.385254	-13.613582	37.899538	-78.910116
11947		-6.137645	-1.930948	7.492277	-0.003874	-0.006084	0.000183	-0.026123	-0.791504	-0.385010	-13.611939	37.895559	-78.905484
11948		-6.116415	-1.896010	7.503399	-0.004331	-0.008595	-0.001661	-0.027588	-0.788330	-0.386963	-13.610721	37.888233	-78.901217
11949		-6.128915	-1.880269	7.476298	-0.002433	-0.008355	-0.001957	-0.020264	-0.794678	-0.379150	-13.608958	37.882700	-78.897717
11950		-6.086730	-1.958346	7.541458	-0.004485	-0.012025	-0.002327	-0.018555	-0.793457	-0.388428	-13.607758	37.873373	-78.893334
11951		-6.100769	-1.913256	7.532673	-0.003878	-0.013864	0.000032	-0.027588	-0.791504	-0.387695	-13.605404	37.865036	-78.887502
11952		-6.105183	-1.920363	7.510758	-0.008059	-0.019030	-0.000964	-0.020996	-0.785156	-0.379639	-13.604930	37.851992	-78.880964
11953		-6.195745	-1.915323	7.559069	-0.007831	-0.017775	-0.000042	-0.026367	-0.787109	-0.380371	-13.604482	37.841462	-78.874527
11954		-6.212835	-1.906983	7.509891	-0.024850	-0.029888	0.002728	-0.023926	-0.790527	-0.391113	-13.610898	37.822869	-78.863535
11955		-6.045322	-1.964320	7.486227	-0.032377	-0.033024	0.004169	-0.019775	-0.786377	-0.381104	-13.621114	37.804425	-78.851535
11956		-6.054299	-1.958827	7.540447	-0.022504	-0.027142	0.004275	-0.027344	-0.787842	-0.383789	-13.625811	37.787572	-78.839921
11957		-6.080536	-1.898738	7.504742	-0.024638	-0.028638	0.003649	-0.028809	-0.789795	-0.387207	-13.632306	37.771491	-78.829048
11958		-6.119900	-1.876339	7.561360	-0.026534	-0.021098	0.004103	-0.023926	-0.786865	-0.377197	-13.640023	37.757982	-78.818588
11959		-6.065579	-1.889378	7.552256	-0.035060	-0.027081	0.001600	-0.018066	-0.786865	-0.382324	-13.653547	37.742491	-78.809427
11960		-6.048909	-1.937243	7.562332	-0.029430	-0.016404	0.000611	-0.026611	-0.796631	-0.386719	-13.664923	37.731127	-78.802225
11961		-6.123046	-1.954931	7.481568	-0.035890	-0.018875	0.006258	-0.030273	-0.789307	-0.388916	-13.677786	37.720827	-78.791188
11962		-6.011266	-1.972098	7.484575	-0.032302	-0.012030	0.012679	-0.025391	-0.792480	-0.390137	-13.686069	37.713536	-78.776239
11963		-6.020109	-1.995435	7.519420	-0.026435	-0.008043	0.020234	-0.023438	-0.788086	-0.380371	-13.688660	37.711161	-78.757236
11964		-6.042595	-1.927541	7.505409	-0.019433	-0.005404	0.024467	-0.028564	-0.792480	-0.390381	-13.685192	37.709158	-78.735128
11965		-6.164967	-1.999388	7.478333	-0.018365	-0.004740	0.028669	-0.021240	-0.795898	-0.383057	-13.679897	37.709754	-78.710766
11966		-6.085798	-1.967675	7.502256	-0.006300	-0.015105	0.029325	-0.030273	-0.787354	-0.386963	-13.665801	37.703003	-78.683581
11967		-6.049395	-1.902389	7.501939	-0.004331	-0.017043	0.029280	-0.020508	-0.790039	-0.385986	-13.650948	37.696829	-78.656707
11968		-6.119665	-1.934382	7.582642	-0.008068	-0.019700	0.030129	-0.026611	-0.785156	-0.387451	-13.637050	37.687618	-78.628180
11969		-6.062528	-1.854503	7.494745	-0.009378	-0.021618	0.025003	-0.029785	-0.795410	-0.386475	-13.626476	37.678305	-78.603551
11970		-6.019878	-1.857385	7.538777	-0.002616	-0.020072	0.020530	-0.018311	-0.787842	-0.380859	-13.613557	37.667582	-78.581727
11971		-5.984812	-1.911658	7.599415	-0.002922	-0.019150	0.019353	-0.031250	-0.786133	-0.384277	-13.601984	37.658868	-78.561504
11972		-6.034745	-1.854683	7.570972	0.003868	-0.009820	0.015046	-0.030273	-0.782227	-0.394043	-13.588784	37.653108	-78.545292
11973		-6.019056	-1.825123	7.559697	0.000425	-0.013229	0.009295	-0.026855	-0.790527	-0.387939	-13.580243	37.646316	-78.533159
11974		-6.046738	-1.836939	7.544901	0.006448	-0.005484	0.001962	-0.029541	-0.795898	-0.388916	-13.571642	37.641207	-78.526893
11975		-6.113962	-1.854552	7.567319	-0.006172	-0.003223	-0.000950	-0.031982	-0.788330	-0.384766	-13.572320	37.638600	-78.523666
11976		-6.066964	-1.872811	7.534414	-0.005950	-0.001800	-0.007805	-0.030273	-0.789307	-0.384766	-13.575400	37.634229	-78.524895
11977		-6.030932	-1.884266	7.554407	-0.010057	-0.001355	-0.008383	-0.025879	-0.785156	-0.382080	-13.581693	37.631662	-78.527216
11978		-6.068293	-1.920164	7.573613	-0.012028	0.000583	-0.008337	-0.028320	-0.784668	-0.384277	-13.588730	37.628546	-78.529222
11979		-6.081372	-1.905363	7.545954	-0.012263	-0.000671	-0.009261	-0.028564	-0.791016	-0.383057	-13.596745	37.626233	-78.532280
11980		-6.081083	-1.906951	7.545786	-0.014399	-0.002164	-0.009886	-0.031250	-0.788330	-0.383789	-13.605519	37.621379	-78.534907
11981		-6.035852	-1.896451	7.530861	-0.004423	0.001538	-0.009533	-0.021973	-0.792236	-0.394287	-13.609400	37.620257	-78.538538
11982		-6.016632	-1.907295	7.580971	-0.011658	-0.002518	-0.006908	-0.022705	-0.796875	-0.380615	-13.615288	37.615606	-78.539009
11983		-6.044689	-1.920836	7.565438	-0.006023	0.000376	-0.008057	-0.026855	-0.790527	-0.389404	-13.619341	37.614026	-78.541409
11984		-6.048809	-1.883380	7.502878	-0.006232	0.006906	-0.008813	-0.030762	-0.788818	-0.384521	-13.623917	37.614366	-78.544825
11985		-6.037627	-1.945364	7.569260	-0.004784	0.004467	-0.003183	-0.023682	-0.793457	-0.385010	-13.625605	37.615716	-78.544499
11986		-6.086877	-1.919278	7.521481	-0.003116	0.003453	-0.004407	-0.034180	-0.792236	-0.383301	-13.626146	37.614728	-78.544229
11987		-6.019547	-1.902093	7.499050	-0.003420	0.004376	-0.005583	-0.030029	-0.787842	-0.392822	-13.628090	37.615699	-78.545584
11988		-6.023344	-1.918297	7.556275	-0.001589	0.006792	-0.006134	-0.027588	-0.781494	-0.384277	-13.628844	37.616337	-78.547097
11989		-6.095229	-1.897934	7.515812	0.000921	0.005186	-0.004080	-0.032471	-0.783447	-0.383545	-13.627752	37.617954	-78.547540
11990		-6.046566	-1.924810	7.562928	-0.002650	0.005960	-0.002557	-0.032959	-0.793457	-0.383301	-13.627493	37.618612	-78.546397
11991		-6.031902	-1.896151	7.550657	0.006930	0.004982	-0.003800	-0.031250	-0.792480	-0.389893	-13.622829	37.620150	-78.546616
11992		-6.084863	-1.885125	7.560452	0.001083	0.008616	-0.003407	-0.030029	-0.790283	-0.392822	-13.621072	37.622172	-78.546522
11993		-6.053648	-1.931430	7.539026	0.000849	0.007362	-0.004332	-0.023926	-0.787354	-0.388916	-13.620375	37.624959	-78.547524
11994		-6.033443	-1.896308	7.549387	0.004582	0.010018	-0.005181	-0.020996	-0.789063	-0.385254	-13.617520	37.627523	-78.548916
11995		-6.094133	-1.936865	7.575567	0.002680	0.009778	-0.004882	-0.027588	-0.792725	-0.388672	-13.616275	37.631574	-78.550724
11996		-6.100439	-1.869406	7.531012	-0.001357	0.008045	-0.005210	-0.024170	-0.789063	-0.385010	-13.616631	37.633035	-78.551801
11997		-6.046754	-1.910059	7.502120	0.001534	0.011293	-0.009336	-0.024902	-0.784912	-0.378662	-13.618122	37.637329	-78.557004
11998		-6.056609	-1.932365	7.536407	0.003590	0.007009	-0.001352	-0.028809	-0.790771	-0.382813	-13.613879	37.638734	-78.555191
11999		-6.057244	-1.932218	7.535935	0.004812	0.011271	-0.004255	-0.028076	-0.781982	-0.385742	-13.611324	37.643698	-78.556826
12000		-6.076614	-1.902057	7.583702	0.005885	0.011933	-0.000053	-0.024902	-0.793457	-0.381104	-13.605720	37.648019	-78.554938
12001		-6.066355	-1.908872	7.530163	0.003518	0.009185	-0.001604	-0.028320	-0.785156	-0.383057	-13.602563	37.652173	-78.554360
12002		-6.067023	-1.908642	7.529684	0.005419	0.009425	-0.001902	-0.029053	-0.784912	-0.377686	-13.597759	37.654849	-78.553345
12003		-6.031894	-1.918707	7.549347	0.005186	0.008171	-0.002827	-0.031250	-0.781494	-0.386719	-13.594078	37.658271	-78.553460
12004		-6.075836	-1.885373	7.524124	0.005346	0.011601	-0.002154	-0.024658	-0.798096	-0.387451	-13.589650	37.662124	-78.552991
12005		-6.063432	-1.901169	7.551021	0.009452	0.011158	-0.001573	-0.029785	-0.787354	-0.377686	-13.583307	37.667374	-78.552740
12006		-6.011878	-1.911363	7.540366	0.010147	0.014919	0.001201	-0.023193	-0.781982	-0.384766	-13.575029	37.673526	-78.550473
12007		-6.103068	-1.933990	7.569106	0.014556	0.013554	0.002960	-0.033203	-0.791016	-0.394043	-13.564072	37.680710	-78.547442
12008		-6.102341	-1.887792	7.529119	0.014555	0.013553	0.002960	-0.029541	-0.789795	-0.391113	-13.552367	37.686338	-78.543702
12009		-6.103396	-1.886772	7.528519	0.009912	0.013664	0.000276	-0.034180	-0.790771	-0.381836	-13.545248	37.693222	-78.542584
12010		-6.040388	-1.883849	7.563558	0.009983	0.011488	0.000529	-0.027588	-0.788574	-0.385498	-13.536993	37.697372	-78.540203
12011		-6.092022	-1.901437	7.554897	0.009982	0.011487	0.000529	-0.027344	-0.791992	-0.390869	-13.529506	37.703073	-78.538540
12012		-6.106011	-1.884553	7.526954	0.009216	0.009901	-0.002497	-0.031250	-0.782715	-0.381104	-13.522828	37.705933	-78.538019
12013		-6.071315	-1.894223	7.546431	0.009763	0.018014	-0.000231	-0.025635	-0.785400	-0.393799	-13.516479	37.715168	-78.538002
12014		-6.077956	-1.900191	7.523001	0.007386	0.007485	-0.001947	-0.031006	-0.788330	-0.384277	-13.510361	37.716756	-78.536683
12015		-6.089820	-1.892683	7.575450	0.006633	0.013680	-0.004809	-0.027100	-0.788330	-0.382568	-13.507340	37.722961	-78.539162
12016		-6.103687	-1.876552	7.547401	0.000311	0.007024	-0.006438	-0.031982	-0.788574	-0.387207	-13.507164	37.723690	-78.540928
12017		-6.049782	-1.917016	7.518860	0.002745	0.007596	-0.004633	-0.025635	-0.784668	-0.385742	-13.505673	37.726526	-78.542257
12018		-6.046442	-1.881122	7.559399	0.004876	0.009089	-0.004005	-0.021240	-0.791748	-0.387939	-13.502046	37.728731	-78.542659
12019		-6.095936	-1.928672	7.532654	0.003582	0.007006	-0.001353	-0.027832	-0.796143	-0.378906	-13.498614	37.731670	-78.541591
12020		-6.089049	-1.876894	7.515558	0.007540	0.010915	-0.001275	-0.034668	-0.786133	-0.379639	-13.492473	37.735258	-78.540379
12021		-6.069040	-1.915628	7.547241	0.001377	0.007688	-0.002235	-0.030029	-0.786621	-0.385254	-13.490768	37.738457	-78.540044
12022		-6.082901	-1.899004	7.519304	0.010276	0.010565	0.001708	-0.026611	-0.785889	-0.383545	-13.481735	37.742249	-78.536670
12023		-6.113577	-1.881755	7.521511	-0.000220	0.006526	-0.000762	-0.029297	-0.788574	-0.384766	-13.480205	37.744994	-78.535114
12024		-6.059421	-1.901661	7.591699	-0.001211	0.003522	0.003068	-0.026123	-0.799072	-0.383545	-13.476439	37.745043	-78.529592
12025		-6.089976	-1.905091	7.495471	-0.001514	0.004444	0.001890	-0.026367	-0.786621	-0.385254	-13.474301	37.746978	-78.525825
12026		-6.063903	-1.863270	7.528877	0.000156	0.003429	0.000670	-0.032471	-0.784180	-0.383057	-13.470776	37.746654	-78.521976
12027		-6.073536	-1.885335	7.563476	0.000156	0.003429	0.000670	-0.029785	-0.784424	-0.384033	-13.468113	37.747860	-78.518893
12028		-6.056988	-1.885847	7.533136	0.003654	0.004830	-0.001099	-0.028809	-0.783203	-0.387451	-13.463492	37.748080	-78.516527
12029		-6.068526	-1.878607	7.585806	-0.000451	0.005272	-0.001686	-0.029053	-0.789795	-0.393311	-13.462392	37.749992	-78.515425
12030		-6.095324	-1.920629	7.551757	-0.004022	0.006047	-0.000170	-0.028076	-0.788086	-0.387451	-13.461895	37.751014	-78.512610
12031		-6.093801	-1.876013	7.511925	-0.000680	0.004018	-0.002610	-0.029541	-0.786621	-0.384521	-13.461208	37.752097	-78.511962
12032		-6.050705	-1.909244	7.536682	-0.000533	-0.000333	-0.002102	-0.029297	-0.794434	-0.393311	-13.458886	37.749307	-78.509432
12033		-6.110743	-1.875755	7.541887	-0.002204	0.000682	-0.000882	-0.020996	-0.792236	-0.391846	-13.457995	37.748758	-78.507004
12034		-6.063980	-1.893342	7.509016	0.001523	0.003336	-0.001727	-0.023438	-0.781738	-0.390625	-13.454711	37.748062	-78.504829
12035		-6.058529	-1.886773	7.531665	0.001523	0.003336	-0.001727	-0.029541	-0.796875	-0.382324	-13.452335	37.748878	-78.503464
12036		-6.060511	-1.857543	7.549660	-0.000607	0.001843	-0.002356	-0.023193	-0.797852	-0.385010	-13.450389	37.747266	-78.501480
12037		-6.045692	-1.903025	7.558893	0.005324	0.003816	-0.002318	-0.027344	-0.796875	-0.387695	-13.446145	37.748265	-78.500603
12038		-6.072376	-1.870529	7.503620	-0.000222	0.006526	-0.000762	-0.026123	-0.787842	-0.389160	-13.443774	37.749474	-78.498285
12039		-6.052111	-1.909601	7.535462	-0.002049	0.004111	-0.000213	-0.028564	-0.781738	-0.389160	-13.442889	37.750913	-78.495975
12040		-6.052545	-1.909575	7.535121	0.005176	0.008166	-0.002826	-0.021240	-0.793457	-0.378418	-13.438485	37.752762	-78.495388
12041		-6.054909	-1.880051	7.552885	0.003579	0.007005	-0.001352	-0.037354	-0.791992	-0.390137	-13.435180	37.755653	-78.494377
12042		-6.100466	-1.891594	7.567152	0.005782	0.006323	-0.000470	-0.030273	-0.785156	-0.387939	-13.429222	37.756789	-78.491818
12043		-6.083979	-1.891819	7.536829	0.005856	0.004148	-0.000216	-0.027832	-0.785889	-0.384521	-13.423837	37.758233	-78.489522
12044		-6.069238	-1.862845	7.524683	0.005020	0.004736	-0.003495	-0.028564	-0.789795	-0.389893	-13.419458	37.758082	-78.488829
12045		-6.056539	-1.878821	7.551884	0.003807	0.008259	-0.000429	-0.033203	-0.789551	-0.379395	-13.415772	37.761786	-78.487403
12046		-6.068532	-1.891535	7.505793	0.007836	0.009992	-0.000095	-0.022217	-0.794189	-0.385742	-13.408852	37.765015	-78.485196
12047		-6.082303	-1.874964	7.477867	0.003577	0.007004	-0.001353	-0.032959	-0.783447	-0.386230	-13.405579	37.767892	-78.484211
12048		-6.064213	-1.884211	7.527731	0.010725	0.013234	-0.004219	-0.028320	-0.786133	-0.383789	-13.399118	37.772380	-78.485456
12049		-6.057502	-1.906372	7.531947	0.009505	0.008977	-0.001313	-0.034912	-0.794189	-0.375732	-13.392645	37.776361	-78.484754
12050		-6.076945	-1.875843	7.579749	0.008898	0.010818	-0.003670	-0.028564	-0.787842	-0.383789	-13.386745	37.779576	-78.485206
12051		-6.088975	-1.888313	7.533673	0.014900	0.010616	-0.003375	-0.031738	-0.787598	-0.379639	-13.378252	37.784188	-78.486258
12052		-6.037043	-1.898425	7.523509	0.011174	0.007962	-0.002531	-0.030029	-0.790283	-0.381836	-13.370261	37.785962	-78.485427
12053		-6.069879	-1.851081	7.543719	0.021738	0.017605	0.000359	-0.024170	-0.788818	-0.378174	-13.356968	37.794960	-78.485023
12054		-6.024164	-1.866872	7.510503	0.022113	0.014508	0.001793	-0.028564	-0.784180	-0.386230	-13.341511	37.800955	-78.482235
12055		-6.132301	-1.888005	7.569294	0.024085	0.012572	0.001754	-0.027344	-0.802246	-0.390137	-13.325758	37.807325	-78.480023
12056		-6.073125	-1.845547	7.542462	0.027350	0.012715	-0.000936	-0.028564	-0.795654	-0.381836	-13.308294	37.811958	-78.478857
12057		-6.089088	-1.872283	7.554209	0.026816	0.012380	-0.003038	-0.033447	-0.782959	-0.379150	-13.293037	37.817584	-78.479995
12058		-6.119979	-1.853858	7.556435	0.019217	0.011423	-0.001862	-0.027100	-0.789307	-0.375732	-13.280499	37.821375	-78.479264
12059		-6.141253	-1.887932	7.545441	0.015342	0.005341	-0.001684	-0.030762	-0.790527	-0.394287	-13.270516	37.823250	-78.478231
12060		-6.085293	-1.862118	7.576434	0.007443	0.005304	-0.001689	-0.027344	-0.796875	-0.388672	-13.264024	37.823651	-78.476357
12061		-6.126852	-1.857820	7.533252	0.013518	0.002927	-0.001134	-0.026123	-0.791260	-0.384277	-13.254616	37.824252	-78.474579
12062		-6.068889	-1.861629	7.546226	0.003115	0.004491	-0.003203	-0.025635	-0.786621	-0.387451	-13.251176	37.824000	-78.473639
12063		-6.080485	-1.854245	7.598909	0.003115	0.004491	-0.003203	-0.026123	-0.797607	-0.387939	-13.248791	37.825197	-78.473579
12064		-6.127619	-1.857265	7.532765	0.001520	0.003333	-0.001730	-0.032959	-0.791260	-0.389648	-13.245509	37.824493	-78.471406
