// General information: 
//  MT Manager version: 2022.2.0 
//  XDA version: 2022.2.0 build 7381 rev 124627 built on 2023-07-19
// Device information: 
//  DeviceId: 00B4C3A0
//  ProductCode: MTW2-3A7G6
//  Firmware Version: 4.6.0
//  Hardware Version: 2.0.0
// Device settings: 
//  Filter Profile: human(46.1)
//  Option Flags: Orientation Smoother Disabled, Position/Velocity Smoother Disabled, Continuous Zero Rotation Update Disabled, AHS Disabled, ICC Disabled
// Coordinate system: ENU
PacketCounter	SampleTimeFine	Acc_X	Acc_Y	Acc_Z	Gyr_X	Gyr_Y	Gyr_Z	Mag_X	Mag_Y	Mag_Z	Roll	Pitch	Yaw
05548		9.489124	0.131469	-1.300408	-0.213931	-0.084957	0.053101	-0.324707	-0.260254	0.666016	167.950174	-80.006986	26.573367
05549		9.510762	0.114148	-1.381181	-0.220640	-0.103598	0.044808	-0.315430	-0.261475	0.665283	168.045818	-79.953679	26.351617
05550		9.456572	0.052125	-1.461026	-0.202003	-0.113479	0.045952	-0.326660	-0.269043	0.667480	168.185391	-79.901230	26.094469
05551		9.357281	0.015860	-1.470828	-0.177527	-0.128746	0.043363	-0.320557	-0.270264	0.668945	168.313824	-79.833479	25.864426
05552		9.337077	-0.141535	-1.521911	-0.163122	-0.130043	0.037901	-0.320557	-0.261475	0.664551	168.456810	-79.770679	25.625565
05553		9.303893	-0.210081	-1.553956	-0.145475	-0.115208	0.033140	-0.318359	-0.263672	0.674805	168.558799	-79.709180	25.440968
05554		9.313941	-0.246278	-1.610911	-0.125997	-0.099213	0.028353	-0.314941	-0.270996	0.666992	168.670704	-79.662332	25.256923
05555		9.323711	-0.276429	-1.569695	-0.115019	-0.098709	0.026789	-0.319336	-0.276367	0.672119	168.757440	-79.609273	25.105509
05556		9.387068	-0.251145	-1.531548	-0.109814	-0.095428	0.026525	-0.313477	-0.270508	0.663574	168.868216	-79.564199	24.929904
05557		9.374020	-0.218275	-1.517780	-0.092836	-0.084644	0.028397	-0.319824	-0.267822	0.674805	168.961788	-79.519130	24.784419
05558		9.381012	-0.091310	-1.582181	-0.067784	-0.085541	0.024099	-0.322266	-0.272705	0.674316	169.081453	-79.479218	24.625515
05559		9.422607	-0.057747	-1.568216	-0.061120	-0.094024	0.026732	-0.309082	-0.263184	0.666992	169.191453	-79.428590	24.481762
05560		9.474759	-0.000788	-1.531324	-0.050993	-0.089094	0.019988	-0.311523	-0.274170	0.670166	169.308314	-79.386095	24.335905
05561		9.526083	0.108230	-1.544734	-0.050913	-0.062293	0.017953	-0.313232	-0.268555	0.669189	169.377787	-79.352309	24.239298
05562		9.568177	0.139504	-1.576536	-0.042515	-0.053209	0.016257	-0.307617	-0.264648	0.662354	169.466590	-79.329492	24.126062
05563		9.632334	0.161806	-1.583710	-0.041636	-0.066787	0.012751	-0.309570	-0.267822	0.670410	169.527332	-79.292584	24.043730
05564		9.631557	0.165020	-1.517270	-0.042520	-0.073623	0.016753	-0.312988	-0.268311	0.669189	169.627689	-79.258165	23.919521
05565		9.641746	0.128776	-1.571386	-0.056115	-0.074408	0.022115	-0.301270	-0.279541	0.671387	169.710877	-79.217878	23.805877
05566		9.629416	0.100737	-1.675373	-0.069785	-0.087007	0.016282	-0.312988	-0.266602	0.677490	169.799780	-79.175797	23.676028
05567		9.584088	0.060890	-1.803523	-0.077259	-0.086802	0.008727	-0.319580	-0.272461	0.672607	169.836548	-79.127108	23.597280
05568		9.593756	0.027726	-1.835113	-0.076439	-0.097797	0.007649	-0.310791	-0.270752	0.674316	169.900794	-79.078192	23.490573
05569		9.527389	0.008094	-1.793426	-0.076093	-0.086191	0.003502	-0.308838	-0.270020	0.670410	169.921558	-79.029299	23.428781
05570		9.483228	-0.023333	-1.773993	-0.071419	-0.061482	0.006647	-0.314209	-0.275391	0.675537	169.965761	-79.000578	23.344801
05571		9.448870	0.021453	-1.757018	-0.059623	-0.056603	0.006274	-0.303223	-0.265625	0.674805	169.988162	-78.968642	23.290941
05572		9.469291	0.066662	-1.739660	-0.055314	-0.042222	0.014791	-0.313232	-0.270508	0.674072	170.054796	-78.951535	23.193622
05573		9.412859	0.118525	-1.769319	-0.050839	-0.027899	0.015661	-0.309326	-0.276367	0.675049	170.094361	-78.936709	23.127394
05574		9.400568	0.148942	-1.797941	-0.028261	-0.032732	0.019114	-0.306885	-0.271729	0.670654	170.183764	-78.925364	23.022370
05575		9.410469	0.169411	-1.802510	0.000764	-0.039964	0.018655	-0.316162	-0.272705	0.678955	170.267135	-78.903984	22.941623
05576		9.398398	0.200244	-1.807099	0.015269	-0.027086	0.014260	-0.313965	-0.273926	0.674316	170.364174	-78.895256	22.854437
05577		9.376277	0.210330	-1.785169	0.009037	-0.019506	0.015510	-0.307129	-0.273438	0.669189	170.432776	-78.885086	22.793567
05578		9.420898	0.191237	-1.713387	-0.009721	-0.019809	0.017187	-0.306152	-0.269043	0.672607	170.519953	-78.880646	22.701383
05579		9.420590	0.189762	-1.715243	-0.022661	-0.020249	0.020019	-0.306885	-0.277100	0.676270	170.583489	-78.870448	22.627162
05580		9.442601	0.178670	-1.692552	-0.035126	-0.021588	0.026682	-0.307861	-0.277100	0.672607	170.683889	-78.865747	22.506650
05581		9.485346	0.152472	-1.767348	-0.048592	-0.023758	0.023176	-0.308594	-0.275391	0.672119	170.743029	-78.853817	22.421763
05582		9.485534	0.095750	-1.791406	-0.076125	-0.024522	0.022484	-0.307617	-0.278320	0.677246	170.808924	-78.847016	22.312139
05583		9.485035	0.094992	-1.794083	-0.078204	-0.033478	0.022674	-0.310791	-0.268066	0.675781	170.853868	-78.829508	22.224422
05584		9.463695	0.051295	-1.770364	-0.074635	-0.029938	0.023786	-0.306396	-0.268799	0.672852	170.926570	-78.819692	22.109502
05585		9.463214	0.050565	-1.772951	-0.083854	-0.025581	0.021328	-0.305420	-0.271729	0.665039	170.960452	-78.806498	22.029754
05586		9.429910	0.037775	-1.798410	-0.092396	-0.018249	0.018801	-0.301270	-0.279785	0.676025	171.003071	-78.802724	21.935236
05587		9.461859	0.047882	-1.825212	-0.088810	-0.013405	0.021167	-0.302979	-0.269531	0.676514	171.027973	-78.796387	21.861744
05588		9.461339	0.046495	-1.850461	-0.088591	-0.005623	0.021009	-0.307129	-0.272217	0.668945	171.073286	-78.799848	21.766240
05589		9.461699	0.047446	-1.826053	-0.095806	0.005055	0.015858	-0.297852	-0.279541	0.669189	171.070692	-78.803474	21.716691
05590		9.461421	0.046857	-1.850037	-0.089392	0.002650	0.011917	-0.312500	-0.281494	0.666748	171.085886	-78.810771	21.651212
05591		9.484221	0.038735	-1.800638	-0.081576	0.007518	0.009119	-0.298340	-0.273926	0.674805	171.071104	-78.815190	21.622402
05592		9.482950	0.091715	-1.850246	-0.056613	0.018127	0.011015	-0.309326	-0.278809	0.668945	171.095698	-78.831176	21.566646
05593		9.439282	0.112759	-1.848806	-0.037333	0.014938	0.010686	-0.309814	-0.272949	0.671631	171.107498	-78.839932	21.536581
05594		9.427774	0.143877	-1.873131	-0.017598	0.008230	0.011682	-0.312012	-0.269531	0.674805	171.161000	-78.850377	21.474736
05595		9.439110	0.166968	-1.825120	-0.013867	-0.004753	0.009246	-0.310547	-0.278809	0.669189	171.190983	-78.847850	21.439843
05596		9.406409	0.155005	-1.824856	-0.016359	-0.008865	0.009350	-0.311523	-0.279785	0.668701	171.246115	-78.848367	21.377427
05597		9.384264	0.165151	-1.825788	-0.030519	-0.010105	0.009629	-0.310791	-0.275391	0.674316	171.269991	-78.842833	21.339034
05598		9.341291	0.132446	-1.800204	-0.032082	-0.004733	0.008306	-0.306641	-0.278809	0.671143	171.311134	-78.845539	21.281118
05599		9.373817	0.087489	-1.848611	-0.042255	-0.011149	0.006029	-0.303955	-0.281250	0.675537	171.318369	-78.839096	21.252832
05600		9.384679	0.110542	-1.825655	-0.041309	-0.000365	0.005862	-0.318848	-0.271973	0.672363	171.345100	-78.843925	21.203646
05601		9.416622	0.120309	-1.875040	-0.025787	0.005532	0.004221	-0.305664	-0.274170	0.664551	171.349275	-78.846771	21.188096
05602		9.427681	0.143168	-1.851086	-0.019952	0.004096	0.004132	-0.308594	-0.283203	0.662109	171.381461	-78.854028	21.147197
05603		9.428428	0.144874	-1.802063	-0.015939	0.000227	0.002834	-0.310791	-0.290771	0.671875	171.389622	-78.853748	21.133335
05604		9.439430	0.167659	-1.778388	-0.017037	0.003377	0.004087	-0.304199	-0.275146	0.675049	171.423435	-78.860521	21.090082
05605		9.428872	0.145891	-1.777163	-0.022259	0.002584	-0.000906	-0.308105	-0.279053	0.668457	171.416198	-78.861254	21.088223
05606		9.385253	0.168374	-1.752842	-0.020704	-0.002794	0.000407	-0.308350	-0.281494	0.670654	171.439953	-78.864109	21.054760
05607		9.373823	0.145026	-1.801312	-0.016247	-0.010189	0.000419	-0.307617	-0.278320	0.675781	171.445506	-78.857719	21.043377
05608		9.385345	0.113770	-1.776982	-0.025065	-0.011945	-0.003225	-0.315430	-0.278320	0.670410	171.460172	-78.855079	21.016376
05609		9.405990	0.101403	-1.851494	-0.021724	-0.017493	-0.003219	-0.312012	-0.273193	0.668945	171.455264	-78.844240	21.012456
05610		9.374869	0.038851	-1.777471	-0.017076	-0.022283	-0.008343	-0.303711	-0.278320	0.673828	171.464268	-78.835355	20.996845
05611		9.385158	0.061895	-1.780026	-0.015005	-0.013341	-0.008489	-0.307129	-0.275879	0.680176	171.446292	-78.826420	21.010169
05612		9.395883	0.085754	-1.757814	-0.016814	-0.014476	-0.008445	-0.296875	-0.271973	0.664063	171.451586	-78.821790	20.998032
05613		9.427537	0.096594	-1.808461	-0.016548	-0.006665	-0.008543	-0.313477	-0.276367	0.673096	171.429718	-78.816632	21.014423
05614		9.438365	0.120394	-1.785675	-0.014301	-0.009062	-0.007283	-0.310303	-0.284424	0.676514	171.437339	-78.815133	21.001463
05615		9.460144	0.110684	-1.786717	-0.009150	-0.013474	-0.007325	-0.301270	-0.277100	0.674072	171.426153	-78.806221	21.011286
05616		9.449995	0.091287	-1.738627	-0.018207	-0.020447	-0.008358	-0.297363	-0.271240	0.670166	171.433278	-78.798181	20.995835
05617		9.513240	0.111935	-1.840029	-0.014173	-0.023012	-0.008404	-0.313721	-0.277100	0.673828	171.420262	-78.783773	21.004591
05618		9.446455	0.143963	-1.866499	-0.007640	-0.021459	-0.008542	-0.308350	-0.269775	0.669189	171.433265	-78.775107	20.990226
05619		9.456547	0.166884	-1.869848	-0.000283	-0.030870	-0.009849	-0.302002	-0.281738	0.673828	171.427480	-78.756123	20.999724
05620		9.424076	0.158110	-1.823588	0.002320	-0.042006	-0.012328	-0.306152	-0.274414	0.679199	171.444050	-78.735461	20.987176
05621		9.457492	0.173732	-1.731157	-0.000863	-0.047814	-0.010938	-0.313477	-0.280273	0.670166	171.442099	-78.706785	20.992428
05622		9.425004	0.165086	-1.685474	-0.007580	-0.038029	-0.012198	-0.306152	-0.281982	0.679443	171.451567	-78.688432	20.981468
05623		9.412566	0.141732	-1.760725	-0.015523	-0.025097	-0.004540	-0.307617	-0.274902	0.667969	171.449661	-78.673173	20.978108
05624		9.366363	0.216612	-1.813695	-0.008593	-0.029677	-0.005902	-0.311035	-0.284180	0.677490	171.472574	-78.660026	20.952470
05625		9.366151	0.162289	-1.839343	-0.009828	-0.034342	-0.012207	-0.307129	-0.277832	0.674805	171.456179	-78.638875	20.967216
05626		9.366802	0.110038	-1.816423	-0.005616	-0.034297	-0.017392	-0.310547	-0.273193	0.661621	171.450212	-78.622131	20.972687
05627		9.377684	0.079554	-1.818305	-0.004517	-0.023486	-0.025174	-0.296631	-0.287598	0.682617	171.395898	-78.606021	21.029219
05628		9.388788	0.049375	-1.819110	0.002990	-0.011119	-0.025446	-0.301758	-0.280273	0.668945	171.362305	-78.601614	21.067607
05629		9.410649	0.040818	-1.819897	0.020869	-0.003664	-0.022049	-0.303223	-0.280518	0.683350	171.323022	-78.596986	21.123646
05630		9.410557	0.098517	-1.773519	0.028264	-0.010474	-0.020856	-0.305420	-0.273682	0.673584	171.316528	-78.593305	21.149337
05631		9.430907	0.142911	-1.801157	0.031421	-0.018637	-0.015741	-0.308838	-0.281982	0.678223	171.307481	-78.580736	21.180699
05632		9.420554	0.178749	-1.730458	0.036835	-0.015230	-0.015889	-0.302002	-0.277588	0.670410	171.321860	-78.574820	21.190613
05633		9.462936	0.212304	-1.758013	0.037077	-0.008716	-0.017242	-0.305664	-0.283203	0.670654	171.307643	-78.567740	21.230559
05634		9.495159	0.168712	-1.807489	0.030209	-0.020716	-0.019532	-0.297607	-0.282715	0.671875	171.310168	-78.558348	21.247992
05635		9.484139	0.148262	-1.808938	0.029405	-0.028928	-0.024537	-0.302979	-0.279053	0.676514	171.279903	-78.539186	21.299829
05636		9.517652	0.107927	-1.786216	0.021999	-0.022127	-0.025736	-0.300049	-0.278076	0.673584	171.260940	-78.528402	21.334326
05637		9.483249	0.152145	-1.813274	0.024518	-0.016701	-0.024576	-0.303467	-0.276123	0.672363	171.222720	-78.516151	21.391428
05638		9.439355	0.119749	-1.837156	0.025178	-0.015024	-0.025889	-0.298584	-0.285645	0.678467	171.202138	-78.509367	21.429959
05639		9.450075	0.144403	-1.815183	0.033976	-0.014554	-0.023536	-0.303223	-0.278809	0.673340	171.171459	-78.498412	21.484901
05640		9.450409	0.146967	-1.791575	0.045684	-0.000838	-0.027773	-0.304199	-0.278564	0.672363	171.151211	-78.499466	21.534483
05641		9.450984	0.149581	-1.766697	0.054963	0.012668	-0.028136	-0.313965	-0.278320	0.675537	171.107998	-78.503504	21.614487
05642		9.528801	0.143420	-1.717967	0.080316	0.014608	-0.030005	-0.305420	-0.279785	0.677490	171.094561	-78.513161	21.678185
05643		9.583794	0.145931	-1.716648	0.073476	0.039656	-0.028902	-0.305664	-0.282715	0.673828	171.047830	-78.532390	21.772596
05644		9.627523	0.181056	-1.714615	0.058469	0.049343	-0.027438	-0.290771	-0.274658	0.676025	171.013261	-78.561871	21.844418
05645		9.628612	0.183653	-1.686613	0.063029	0.027955	-0.028559	-0.303955	-0.270020	0.684570	170.966185	-78.574483	21.933058
05646		9.596748	0.230892	-1.612338	0.062605	0.018837	-0.022061	-0.299072	-0.277588	0.678467	170.962008	-78.587059	21.977095
05647		9.498266	0.251777	-1.609948	0.041092	0.010425	-0.016375	-0.302490	-0.270996	0.678711	170.944142	-78.590838	22.023107
05648		9.377799	0.226400	-1.654935	0.030790	0.002694	-0.012213	-0.297119	-0.278809	0.677979	170.956351	-78.595211	22.031556
05649		9.289696	0.212528	-1.701895	0.022197	-0.009135	-0.013135	-0.302490	-0.280518	0.671143	170.945468	-78.588214	22.059400
05650		9.235064	0.155813	-1.748704	0.021911	-0.018270	-0.014279	-0.302979	-0.275635	0.675293	170.955987	-78.580519	22.063349
05651		9.214358	0.113883	-1.723453	0.010471	-0.010216	-0.016692	-0.305908	-0.281006	0.679199	170.928952	-78.572590	22.100819
05652		9.225415	0.081996	-1.747052	0.002176	0.003638	-0.020533	-0.293945	-0.269043	0.679443	170.900853	-78.576762	22.133242
05653		9.280355	0.028672	-1.793872	-0.002098	0.014926	-0.024431	-0.305176	-0.271973	0.685303	170.833667	-78.582341	22.204327
05654		9.289927	0.107350	-1.795504	0.001566	0.021128	-0.020773	-0.302490	-0.272949	0.676025	170.796443	-78.596284	22.246789
05655		9.332658	0.141837	-1.820643	0.008247	0.010030	-0.020766	-0.309326	-0.277100	0.677734	170.747531	-78.599408	22.305273
05656		9.344208	0.167199	-1.771852	0.022943	0.014330	-0.013496	-0.304932	-0.272217	0.681885	170.745927	-78.610216	22.323337
05657		9.396859	0.221815	-1.822741	0.021119	0.011879	-0.014700	-0.297119	-0.276611	0.686523	170.720490	-78.614937	22.365395
05658		9.407374	0.244715	-1.823286	0.030736	0.001380	-0.013486	-0.300537	-0.267334	0.672363	170.729103	-78.618340	22.377610
05659		9.440250	0.257903	-1.800307	0.034553	-0.006384	-0.010905	-0.305176	-0.278564	0.680664	170.730379	-78.613084	22.400270
05660		9.417973	0.268609	-1.801358	0.035459	-0.013435	-0.008269	-0.296387	-0.280273	0.676270	170.762977	-78.608578	22.390735
05661		9.386057	0.259376	-1.753247	0.035812	-0.022211	-0.011981	-0.304443	-0.279785	0.682373	170.769186	-78.594274	22.409100
05662		9.407350	0.248261	-1.779249	0.031421	-0.010882	-0.008226	-0.306641	-0.269775	0.680176	170.798230	-78.591177	22.399606
05663		9.374296	0.235829	-1.802980	0.028324	0.002486	-0.008364	-0.299072	-0.274658	0.683350	170.799053	-78.591176	22.419090
05664		9.386421	0.205226	-1.777342	0.020765	0.000095	-0.018374	-0.297363	-0.280762	0.676270	170.788422	-78.593358	22.445354
05665		9.408925	0.197090	-1.753010	0.023037	-0.000982	-0.015858	-0.294678	-0.275635	0.674805	170.766788	-78.590706	22.484656
05666		9.430951	0.187952	-1.753128	0.014262	-0.001470	-0.018202	-0.293701	-0.271973	0.675049	170.753420	-78.591914	22.508203
05667		9.441844	0.212620	-1.729599	0.005783	0.008490	-0.018163	-0.305908	-0.275635	0.678467	170.711115	-78.594399	22.558508
05668		9.463659	0.202664	-1.752710	0.010751	0.018047	-0.017155	-0.295410	-0.274658	0.678223	170.689599	-78.606763	22.589418
05669		9.452261	0.236572	-1.752150	0.009633	0.019893	-0.017161	-0.302979	-0.273193	0.675781	170.646957	-78.615777	22.642314
05670		9.485416	0.250767	-1.727482	0.016972	0.010468	-0.018461	-0.303711	-0.280029	0.671387	170.628590	-78.623703	22.673589
05671		9.453584	0.241217	-1.700765	0.025830	0.016209	-0.011095	-0.305664	-0.284180	0.677734	170.613876	-78.631192	22.707459
05672		9.464262	0.264244	-1.700165	0.011437	0.022334	-0.015976	-0.294434	-0.266113	0.679199	170.593670	-78.646111	22.736267
05673		9.409169	0.262097	-1.745722	0.010318	0.024180	-0.015983	-0.307861	-0.269043	0.681641	170.552470	-78.657641	22.788084
05674		9.431998	0.253954	-1.719477	0.008792	0.014330	-0.011950	-0.300781	-0.275391	0.676514	170.545453	-78.668333	22.804391
05675		9.400196	0.244361	-1.692541	-0.001701	0.016642	-0.010469	-0.302246	-0.271240	0.679932	170.516335	-78.676115	22.836859
05676		9.400075	0.244249	-1.715086	-0.013289	0.022115	-0.007739	-0.308105	-0.270264	0.677979	170.504707	-78.691591	22.843811
05677		9.378235	0.255814	-1.713586	-0.021198	0.010641	-0.011202	-0.294922	-0.272461	0.681152	170.465096	-78.695907	22.875585
05678		9.444240	0.224888	-1.736836	-0.028978	0.007047	-0.007131	-0.297119	-0.270508	0.683350	170.453134	-78.702902	22.874127
05679		9.444300	0.226419	-1.736309	-0.044288	0.002358	-0.011825	-0.302246	-0.266357	0.677734	170.402435	-78.702473	22.903717
05680		9.411036	0.214400	-1.783580	-0.042485	0.004802	-0.010634	-0.302002	-0.270996	0.683594	170.373714	-78.707816	22.911952
05681		9.443136	0.226816	-1.808541	-0.050761	0.003403	-0.009155	-0.303955	-0.280762	0.678467	170.326347	-78.708227	22.934362
05682		9.454568	0.194975	-1.830991	-0.048263	0.010143	-0.006769	-0.305908	-0.277100	0.679199	170.302628	-78.716979	22.933108
05683		9.455109	0.197414	-1.805789	-0.041986	0.005200	-0.005557	-0.302979	-0.277588	0.672119	170.269582	-78.718747	22.946040
05684		9.433526	0.209752	-1.780784	-0.030261	0.007612	-0.000740	-0.307129	-0.283447	0.674316	170.274388	-78.726629	22.925922
05685		9.433634	0.210596	-1.780110	-0.029675	0.005347	-0.005835	-0.297852	-0.271729	0.673340	170.247520	-78.728452	22.939746
05686		9.421194	0.241713	-1.829305	-0.017922	0.009074	0.000246	-0.297852	-0.275146	0.672852	170.261360	-78.737199	22.917454
05687		9.401378	0.199988	-1.777866	-0.019315	0.000479	-0.002151	-0.301270	-0.281982	0.675781	170.253232	-78.736630	22.918222
05688		9.411363	0.221353	-1.803123	-0.008719	0.003431	0.001413	-0.300781	-0.275391	0.677734	170.278290	-78.742237	22.889562
05689		9.411810	0.222555	-1.778492	-0.016383	0.001082	-0.000946	-0.307373	-0.273926	0.672607	170.274967	-78.742125	22.887143
05690		9.433550	0.211619	-1.802560	-0.013936	0.003895	-0.002320	-0.304932	-0.274170	0.682373	170.286160	-78.747660	22.870823
05691		9.443949	0.234138	-1.803356	-0.009903	0.001343	-0.002368	-0.308105	-0.273682	0.672119	170.282390	-78.747558	22.872647
05692		9.391210	0.179681	-1.775605	-0.022215	0.002492	-0.000847	-0.299561	-0.269775	0.676514	170.293640	-78.752448	22.851886
05693		9.434083	0.213792	-1.777348	-0.016346	0.003700	0.001568	-0.299561	-0.269775	0.680176	170.296210	-78.754058	22.843481
05694		9.433396	0.211723	-1.825530	-0.006867	0.008499	0.005133	-0.307861	-0.270020	0.679443	170.330137	-78.762791	22.808941
05695		9.420667	0.240847	-1.898753	-0.002604	0.013763	0.004965	-0.295654	-0.272949	0.677490	170.345386	-78.770410	22.795638
05696		9.388771	0.229800	-1.872557	-0.009358	0.003063	0.003986	-0.309570	-0.271240	0.674805	170.377277	-78.775955	22.761501
05697		9.410276	0.275641	-1.825961	-0.008446	-0.005287	0.005369	-0.302979	-0.270508	0.672852	170.399555	-78.772848	22.737619
05698		9.433126	0.266993	-1.777410	-0.016538	-0.001496	0.004202	-0.304688	-0.277588	0.678223	170.430111	-78.775847	22.700812
05699		9.412826	0.223693	-1.750803	-0.023470	0.003070	0.005556	-0.299072	-0.274414	0.675049	170.440298	-78.777476	22.680481
05700		9.444600	0.233343	-1.800048	-0.027489	0.006928	0.006860	-0.300537	-0.277588	0.669678	170.468023	-78.785408	22.638856
05701		9.420422	0.296132	-1.850575	-0.021215	0.000685	0.006819	-0.298584	-0.269287	0.679199	170.484262	-78.785806	22.613672
05702		9.388317	0.285107	-1.825416	0.002727	-0.005902	0.002586	-0.304443	-0.277100	0.674561	170.523096	-78.786002	22.578653
05703		9.367861	0.241865	-1.799592	0.000404	-0.007450	-0.002459	-0.305664	-0.276367	0.677979	170.529149	-78.780924	22.576482
05704		9.390713	0.233667	-1.750968	0.003084	0.003181	-0.003945	-0.300293	-0.272705	0.678711	170.545252	-78.785696	22.564693
05705		9.434229	0.211418	-1.799028	0.000377	0.010392	-0.005271	-0.299561	-0.277344	0.678467	170.534789	-78.790437	22.579344
05706		9.467274	0.224442	-1.774603	0.001538	0.011166	-0.002750	-0.304932	-0.276367	0.673096	170.549421	-78.799737	22.568260
05707		9.447067	0.181254	-1.747463	-0.002876	0.003324	0.002568	-0.303955	-0.275879	0.675781	170.562820	-78.801221	22.556686
05708		9.435292	0.213375	-1.748785	-0.001497	-0.008547	0.005268	-0.297852	-0.277100	0.679932	170.607962	-78.800164	22.512530
05709		9.423010	0.244562	-1.775112	-0.013858	-0.010021	0.004263	-0.295166	-0.281006	0.675781	170.626205	-78.794260	22.489601
05710		9.411260	0.219620	-1.848265	-0.023306	-0.012202	0.003208	-0.302979	-0.270752	0.670410	170.654457	-78.790804	22.448703
05711		9.434360	0.212262	-1.776064	-0.016165	-0.010262	0.000475	-0.298584	-0.271973	0.677246	170.660648	-78.784408	22.436713
05712		9.488382	0.213283	-1.802086	-0.025912	-0.005035	-0.005793	-0.301270	-0.269043	0.679932	170.658222	-78.784185	22.427768
05713		9.444481	0.235860	-1.778191	-0.026550	-0.005405	-0.003220	-0.302002	-0.279785	0.667969	170.645649	-78.780192	22.428842
05714		9.456064	0.204142	-1.777876	-0.029682	-0.011210	-0.001801	-0.296387	-0.277344	0.675049	170.655292	-78.776845	22.404730
05715		9.434188	0.215986	-1.754414	-0.026726	-0.009299	0.000668	-0.305420	-0.277344	0.680176	170.655517	-78.771011	22.392653
05716		9.433586	0.215318	-1.779799	-0.013913	-0.012652	0.001730	-0.304443	-0.285400	0.676025	170.684832	-78.767158	22.357219
05717		9.388968	0.177773	-1.876117	-0.003087	-0.003187	0.003941	-0.301758	-0.271973	0.666504	170.705039	-78.765082	22.338579
05718		9.366729	0.188286	-1.876802	0.006829	-0.011106	-0.007663	-0.301758	-0.268311	0.678711	170.718725	-78.761222	22.330589
05719		9.378603	0.157431	-1.852747	0.009026	-0.017415	-0.010183	-0.302490	-0.273193	0.675049	170.712296	-78.749794	22.346180
05720		9.390875	0.128173	-1.804432	0.004577	-0.014000	-0.021646	-0.295410	-0.281494	0.675537	170.686087	-78.742964	22.380176
05721		9.413233	0.120500	-1.780804	0.004873	-0.002255	-0.017973	-0.288818	-0.272705	0.678223	170.648148	-78.739380	22.425471
05722		9.390193	0.187764	-1.758070	0.002251	0.010194	-0.014248	-0.306152	-0.270508	0.679688	170.630211	-78.746731	22.446716
05723		9.476920	0.201037	-1.783670	0.006799	0.006742	-0.010460	-0.301025	-0.276855	0.679199	170.610487	-78.748928	22.474562
05724		9.453400	0.266652	-1.785592	0.016465	-0.003721	-0.009242	-0.294189	-0.274414	0.680664	170.621490	-78.749064	22.477088
05725		9.420201	0.311618	-1.738677	0.017887	-0.012979	-0.004033	-0.298584	-0.279297	0.675049	170.635634	-78.740713	22.476881
05726		9.419152	0.309883	-1.788523	0.019214	-0.008317	-0.005403	-0.299561	-0.277588	0.678467	170.661041	-78.738463	22.464355
05727		9.376598	0.277060	-1.763049	0.014987	-0.010969	-0.002723	-0.298096	-0.281006	0.677246	170.676274	-78.731370	22.461342
05728		9.375544	0.275425	-1.812838	0.006844	-0.009803	-0.006406	-0.302734	-0.271729	0.680908	170.692376	-78.728214	22.450537
05729		9.353352	0.228934	-1.884991	0.003250	-0.012087	-0.006300	-0.302979	-0.273193	0.678467	170.691244	-78.720157	22.457355
05730		9.331779	0.241677	-1.837796	0.010625	-0.021483	-0.007608	-0.303711	-0.273193	0.677734	170.711353	-78.710326	22.447400
05731		9.344003	0.211708	-1.790116	0.008803	-0.023938	-0.008818	-0.307617	-0.276855	0.671387	170.711761	-78.695336	22.455892
05732		9.343141	0.211559	-1.816578	0.000703	-0.020153	-0.009977	-0.298828	-0.270508	0.679199	170.718843	-78.686053	22.452449
05733		9.353216	0.234816	-1.818800	-0.005857	-0.005192	-0.013875	-0.299072	-0.272217	0.675049	170.687916	-78.681193	22.484332
05734		9.385056	0.246935	-1.844868	-0.000678	-0.008276	-0.012667	-0.297607	-0.273193	0.675781	170.680844	-78.678235	22.495124
05735		9.407864	0.239548	-1.797065	0.000933	-0.012334	-0.010090	-0.303955	-0.278076	0.674072	170.667844	-78.669686	22.512692
05736		9.438572	0.306955	-1.801411	0.001536	-0.013280	-0.013929	-0.297119	-0.270508	0.677979	170.660830	-78.663791	22.523345
05737		9.460475	0.297775	-1.802372	0.004055	-0.006527	-0.011516	-0.298828	-0.270264	0.674316	170.642941	-78.658391	22.547725
05738		9.459802	0.297824	-1.827715	-0.000867	-0.013480	-0.010038	-0.297852	-0.271729	0.686279	170.645344	-78.652671	22.548887
05739		9.449146	0.276599	-1.828281	0.001840	-0.020695	-0.008723	-0.289551	-0.280762	0.678223	170.640659	-78.639521	22.558506
05740		9.426557	0.287920	-1.830502	-0.001829	-0.026919	-0.012401	-0.301025	-0.279297	0.674805	170.641999	-78.625916	22.558349
05741		9.437995	0.256619	-1.831251	0.001575	-0.010663	-0.011411	-0.305664	-0.276855	0.675293	170.624992	-78.618186	22.580383
05742		9.415664	0.268180	-1.832095	-0.000064	-0.007918	-0.015251	-0.295654	-0.279541	0.677246	170.610677	-78.615197	22.597090
05743		9.438106	0.259987	-1.808415	0.002274	-0.006362	-0.010205	-0.299072	-0.273926	0.680664	170.595499	-78.610009	22.617668
05744		9.427204	0.238168	-1.832206	0.001261	-0.003253	-0.016622	-0.298096	-0.268555	0.672363	170.575686	-78.609403	22.640884
05745		9.437497	0.261636	-1.833109	0.002686	0.006662	-0.012945	-0.295410	-0.269043	0.688232	170.547005	-78.611316	22.675477
05746		9.458658	0.308002	-1.810175	-0.000232	0.007363	-0.012890	-0.303955	-0.279297	0.673828	170.531570	-78.617017	22.696178
05747		9.460159	0.311911	-1.736448	0.003179	0.004450	-0.010368	-0.300293	-0.275146	0.684814	170.511413	-78.617919	22.722363
05748		9.459623	0.311904	-1.760989	0.000478	-0.007509	-0.010151	-0.294189	-0.272461	0.686035	170.511167	-78.615569	22.725577
05749		9.459444	0.312719	-1.761809	-0.005511	-0.009995	-0.006147	-0.302490	-0.276611	0.683350	170.504663	-78.608704	22.732757
05750		9.426819	0.301662	-1.761665	-0.008454	-0.010607	-0.007354	-0.294922	-0.265137	0.678955	170.508331	-78.604793	22.727791
05751		9.394612	0.291818	-1.737440	-0.018606	-0.017112	-0.009606	-0.300049	-0.277100	0.685547	170.487983	-78.593580	22.741440
05752		9.382617	0.267692	-1.810770	-0.017312	-0.009772	-0.000770	-0.301270	-0.276367	0.676758	170.504416	-78.590719	22.719173
05753		9.360371	0.278375	-1.811222	-0.017083	-0.001947	-0.000876	-0.300049	-0.272705	0.683105	170.502288	-78.588901	22.715125
05754		9.338668	0.290084	-1.786988	-0.021824	-0.003706	-0.002030	-0.292480	-0.270752	0.677734	170.509794	-78.589386	22.698310
05755		9.338624	0.290430	-1.787164	-0.022401	-0.001450	0.003073	-0.301270	-0.282959	0.682129	170.515442	-78.588221	22.683220
05756		9.338128	0.289798	-1.811533	-0.021128	0.000594	-0.000822	-0.299561	-0.271973	0.681152	170.524570	-78.591156	22.663935
05757		9.360735	0.280916	-1.787238	-0.026522	-0.002845	-0.000663	-0.298584	-0.277832	0.672607	170.518049	-78.588850	22.658852
05758		9.414790	0.281918	-1.812786	-0.013472	0.001650	0.000275	-0.299072	-0.285400	0.671631	170.534042	-78.592492	22.637768
05759		9.404497	0.260187	-1.811757	-0.020038	-0.002567	-0.002091	-0.289795	-0.279053	0.678223	170.527104	-78.590209	22.636899
05760		9.426577	0.250314	-1.812068	-0.017746	-0.003635	0.000430	-0.294189	-0.271973	0.674072	170.543504	-78.590766	22.609523
05761		9.382767	0.271951	-1.787653	-0.009409	0.000416	0.001480	-0.299805	-0.276855	0.681885	170.551264	-78.590504	22.599873
05762		9.424544	0.304228	-1.838217	-0.004512	0.006067	-0.001254	-0.297607	-0.272461	0.676514	170.565800	-78.596422	22.585824
05763		9.423065	0.358798	-1.839683	0.000702	0.004302	0.001214	-0.297607	-0.277344	0.676025	170.576804	-78.598330	22.578774
05764		9.425213	0.304805	-1.812956	0.005940	0.003848	0.004946	-0.291748	-0.275635	0.682373	170.615659	-78.603554	22.545732
05765		9.415633	0.282686	-1.786563	0.009216	0.017531	0.011111	-0.293213	-0.278076	0.670654	170.653207	-78.613863	22.516580
05766		9.448013	0.292212	-1.809940	0.010639	0.027443	0.014799	-0.295166	-0.277832	0.678955	170.711484	-78.633211	22.465011
05767		9.435946	0.321176	-1.856192	0.005301	0.047107	0.017229	-0.298828	-0.278076	0.679932	170.750612	-78.660799	22.431965
05768		9.469312	0.330936	-1.852823	0.000488	0.046693	0.025007	-0.301270	-0.275146	0.680420	170.823478	-78.692028	22.359943
05769		9.426409	0.350147	-1.824155	-0.000224	0.042385	0.023788	-0.296143	-0.273926	0.683838	170.880631	-78.717529	22.305294
05770		9.418305	0.328668	-1.745797	-0.006568	0.045989	0.021308	-0.300781	-0.276855	0.675049	170.939760	-78.747997	22.244804
05771		9.418873	0.325829	-1.765181	-0.006784	0.059940	0.022404	-0.300781	-0.274658	0.675293	170.981798	-78.783286	22.201746
05772		9.364731	0.320451	-1.806738	-0.009438	0.072371	0.026120	-0.294922	-0.272705	0.677979	171.041702	-78.829080	22.137821
05773		9.342333	0.323614	-1.920526	0.001871	0.102690	0.033147	-0.296875	-0.274658	0.678711	171.100985	-78.889505	22.082254
05774		9.398018	0.318943	-1.984365	0.013316	0.116414	0.036537	-0.301514	-0.280273	0.677002	171.185103	-78.960981	22.007241
05775		9.368475	0.303509	-1.947575	0.047548	0.130678	0.048427	-0.299561	-0.267822	0.673096	171.304165	-79.038556	21.917463
05776		9.417372	0.282454	-1.787945	0.063191	0.150916	0.052881	-0.303711	-0.275391	0.678711	171.452060	-79.130934	21.806408
05777		9.443720	0.269254	-1.674232	0.046276	0.191497	0.065235	-0.302490	-0.275146	0.673340	171.596927	-79.244309	21.689674
05778		9.437212	0.241956	-1.606019	0.022109	0.201840	0.073006	-0.309814	-0.269531	0.674316	171.764113	-79.367110	21.534346
05779		9.384398	0.286874	-1.614317	-0.004197	0.175067	0.081413	-0.302246	-0.270264	0.672119	171.942386	-79.472353	21.354299
05780		9.324873	0.148431	-1.545186	-0.042505	0.142104	0.096511	-0.313965	-0.266602	0.672852	172.177447	-79.562902	21.094082
05781		9.241879	0.013133	-1.649283	-0.083810	0.134158	0.115013	-0.314453	-0.270264	0.670166	172.438984	-79.647228	20.783113
05782		9.191084	-0.117684	-1.948781	-0.128789	0.158132	0.118876	-0.313721	-0.265869	0.664063	172.697049	-79.748217	20.450677
05783		9.192705	-0.081836	-2.229121	-0.076954	0.157440	0.105339	-0.312256	-0.271973	0.669678	172.932688	-79.844584	20.170202
05784		9.163399	-0.099832	-2.190553	-0.013781	0.143193	0.076708	-0.315674	-0.278564	0.666016	173.138928	-79.933497	19.956641
05785		9.166957	-0.153505	-1.980605	0.019554	0.136973	0.052161	-0.306396	-0.274414	0.671875	173.275294	-80.014274	19.833286
05786		9.138626	-0.274516	-1.865806	0.002710	0.147597	0.027831	-0.315430	-0.269287	0.674805	173.336806	-80.102108	19.772852
05787		9.164512	-0.342955	-1.898457	-0.032753	0.154338	0.013924	-0.318359	-0.276367	0.669434	173.314399	-80.190176	19.780294
05788		9.299805	-0.358255	-2.053344	-0.024206	0.169859	0.010920	-0.316406	-0.274170	0.672607	173.297161	-80.289593	19.786492
05789		9.422336	-0.281960	-2.063505	0.007322	0.174540	0.018154	-0.311523	-0.271240	0.665527	173.303547	-80.389438	19.788013
05790		9.577073	-0.245691	-1.949855	0.033822	0.159415	0.022023	-0.322510	-0.275391	0.668457	173.361325	-80.483472	19.750991
05791		9.665770	-0.232630	-1.838451	0.018098	0.116398	0.022945	-0.322266	-0.264404	0.664063	173.414054	-80.550542	19.711785
05792		9.688768	-0.243382	-1.780411	-0.019914	0.061768	0.016628	-0.313721	-0.275146	0.661865	173.462858	-80.588715	19.654340
05793		9.723038	-0.235068	-1.849316	-0.054469	0.028400	0.008573	-0.316650	-0.272217	0.660645	173.460135	-80.604749	19.629208
05794		9.744547	-0.190566	-1.848872	-0.074779	0.009189	0.005233	-0.320313	-0.259033	0.665039	173.459345	-80.612019	19.586951
05795		9.721727	-0.176541	-1.775850	-0.097945	0.003580	0.006699	-0.313721	-0.276123	0.668213	173.435097	-80.613803	19.558390
05796		9.622822	-0.154357	-1.753598	-0.111217	-0.004706	0.009434	-0.315430	-0.276367	0.666504	173.433372	-80.613452	19.499765
05797		9.590196	-0.165144	-1.753919	-0.103709	0.002709	0.016870	-0.317871	-0.273926	0.665039	173.441197	-80.615407	19.435348
05798		9.545937	-0.089446	-1.780111	-0.109538	0.023080	0.007538	-0.327393	-0.277100	0.668701	173.423206	-80.630703	19.391321
05799		9.548016	-0.143992	-1.823942	-0.115462	0.049886	0.004457	-0.320801	-0.274414	0.666748	173.362733	-80.658699	19.389303
05800		9.505865	-0.175354	-1.818322	-0.118577	0.064372	-0.002228	-0.323486	-0.269775	0.669678	173.289310	-80.696969	19.397813
05801		9.485082	-0.215351	-1.763057	-0.134622	0.058048	-0.005976	-0.323730	-0.273193	0.662598	173.177730	-80.728905	19.436458
05802		9.463371	-0.253770	-1.659966	-0.155642	0.047393	-0.005848	-0.324707	-0.273682	0.662354	173.076620	-80.757184	19.453783
05803		9.452713	-0.217696	-1.657233	-0.184857	0.039190	-0.008355	-0.320557	-0.273926	0.667480	172.935017	-80.778205	19.493677
05804		9.420716	-0.225390	-1.654614	-0.182917	0.030256	-0.005771	-0.328369	-0.271973	0.666260	172.825352	-80.796664	19.503392
05805		9.333199	-0.126100	-1.704506	-0.175584	0.026001	-0.001976	-0.325684	-0.273193	0.662598	172.716643	-80.810621	19.515343
05806		9.300271	-0.079889	-1.703515	-0.166241	0.028066	-0.000806	-0.323242	-0.279297	0.657471	172.634716	-80.828238	19.508752
05807		9.224205	-0.013544	-1.752065	-0.166421	0.030536	0.001619	-0.326660	-0.288330	0.657227	172.541525	-80.845031	19.510302
05808		9.201823	0.000853	-1.701531	-0.177307	0.018532	-0.003455	-0.316406	-0.277832	0.650391	172.448284	-80.856922	19.503645
05809		9.191498	-0.017966	-1.699970	-0.186076	0.013084	0.001568	-0.318604	-0.287842	0.656982	172.351523	-80.863800	19.497404
05810		9.213307	-0.025147	-1.673830	-0.199920	0.014579	0.001367	-0.322266	-0.284668	0.650391	172.263704	-80.873598	19.472074
05811		9.247463	-0.065592	-1.695409	-0.208505	0.027103	0.008704	-0.315674	-0.290039	0.666016	172.172434	-80.888991	19.447257
05812		9.281769	-0.106174	-1.716343	-0.218824	0.032100	0.009720	-0.325684	-0.284912	0.659668	172.094838	-80.909396	19.400713
05813		9.315744	-0.146601	-1.712481	-0.208181	0.038785	0.009593	-0.324463	-0.288818	0.661865	172.000935	-80.931500	19.378752
05814		9.359882	-0.165143	-1.684115	-0.193485	0.033992	0.008340	-0.318359	-0.300293	0.657227	171.932064	-80.952972	19.340747
05815		9.425193	-0.194993	-1.605782	-0.169034	0.054495	0.015952	-0.322021	-0.287598	0.646729	171.875081	-80.984508	19.304117
05816		9.447454	-0.149827	-1.599322	-0.137402	0.079423	0.010921	-0.318604	-0.291992	0.651855	171.824366	-81.031800	19.276463
05817		9.438359	-0.115441	-1.640801	-0.120746	0.083434	-0.003016	-0.324707	-0.288574	0.657227	171.711510	-81.078204	19.324411
05818		9.417275	-0.102258	-1.608851	-0.102944	0.088183	-0.014371	-0.317627	-0.294922	0.647949	171.583459	-81.128356	19.397897
05819		9.406280	-0.066490	-1.551775	-0.060998	0.091514	-0.029226	-0.320068	-0.291504	0.662598	171.403060	-81.177081	19.548833
05820		9.371899	0.034858	-1.470024	0.002028	0.097901	-0.043793	-0.316406	-0.295166	0.657715	171.219231	-81.230020	19.738519
05821		9.371419	0.093359	-1.411168	0.034825	0.112107	-0.049854	-0.322754	-0.297363	0.651123	171.001968	-81.288420	19.982257
05822		9.253167	0.128486	-1.426909	0.046528	0.136029	-0.051170	-0.322266	-0.288574	0.649414	170.788412	-81.362037	20.226551
05823		9.169129	0.174432	-1.488863	0.067270	0.156794	-0.040897	-0.324219	-0.295898	0.653809	170.588874	-81.446259	20.471070
05824		9.171081	0.286342	-1.522397	0.113087	0.175401	-0.045581	-0.326660	-0.296631	0.648926	170.401193	-81.542429	20.729241
05825		9.204814	0.354207	-1.479331	0.157972	0.217752	-0.039066	-0.330811	-0.287354	0.651611	170.211221	-81.661009	21.016496
05826		9.330413	0.324624	-1.502513	0.162083	0.265018	-0.035908	-0.328857	-0.285400	0.649170	170.016433	-81.808511	21.310041
05827		9.612159	0.111724	-1.489750	0.155679	0.321033	-0.028082	-0.330078	-0.294189	0.645752	169.779316	-81.986152	21.643374
05828		10.046022	-0.120662	-1.414504	0.187973	0.372085	-0.023560	-0.333984	-0.291504	0.647461	169.548337	-82.194866	21.987702
05829		10.285167	-0.235376	-1.169351	0.244242	0.397269	-0.031154	-0.334473	-0.284912	0.658936	169.260708	-82.414708	22.422880
05830		10.245730	-0.213123	-1.130773	0.267310	0.384706	-0.050301	-0.343018	-0.287109	0.649658	168.914261	-82.627150	22.929527
05831		9.988507	0.023630	-1.207069	0.294501	0.332626	-0.067200	-0.341553	-0.288574	0.643799	168.508243	-82.805908	23.512677
05832		9.602844	0.376227	-1.399320	0.323177	0.253600	-0.073014	-0.331055	-0.286133	0.646484	168.166012	-82.941365	24.045869
05833		9.287190	0.827080	-1.526359	0.379341	0.212876	-0.058541	-0.341553	-0.273926	0.648193	167.923503	-83.053154	24.512898
05834		8.966999	1.221772	-1.561542	0.427774	0.218507	-0.040413	-0.338623	-0.268799	0.655273	167.798595	-83.172096	24.887571
05835		8.778591	1.497164	-1.567268	0.457754	0.194643	-0.021896	-0.340332	-0.273193	0.642578	167.772367	-83.277857	25.181818
05836		8.858355	1.588673	-1.606713	0.474531	0.141328	0.013979	-0.344482	-0.267090	0.645264	168.001265	-83.360083	25.228608
05837		9.196821	1.472474	-1.704825	0.492196	0.018154	0.043616	-0.347168	-0.265625	0.650879	168.488943	-83.374766	25.025267
05838		9.587085	1.275108	-1.891284	0.310462	0.150423	0.061236	-0.350586	-0.258301	0.644043	168.853049	-83.467535	24.841126
05839		9.881957	1.019150	-1.867137	0.133644	0.309742	0.068869	-0.346436	-0.265381	0.646729	168.984196	-83.648674	24.789919
05840		10.128907	0.815245	-1.935596	0.066682	0.296933	0.042185	-0.349609	-0.259033	0.646240	168.977766	-83.821564	24.837915
05841		10.212073	0.665479	-2.046482	0.037906	0.187373	-0.002368	-0.342041	-0.267578	0.647949	168.808639	-83.926044	25.033569
05842		10.115390	0.714422	-2.188482	-0.023751	0.092022	-0.063425	-0.350098	-0.259033	0.646973	168.396477	-83.971603	25.436045
05843		9.905103	0.662672	-2.266467	-0.107314	0.063284	-0.124154	-0.358154	-0.265869	0.647949	167.618041	-83.991703	26.160679
05844		9.672913	0.708981	-2.227750	-0.167421	0.083771	-0.158572	-0.344482	-0.270996	0.648926	166.612450	-84.019399	27.078506
05845		9.488905	0.654219	-2.055587	-0.160457	0.132693	-0.164597	-0.354736	-0.268066	0.645752	165.482219	-84.069898	28.126147
05846		9.436775	0.590251	-1.868100	-0.119759	0.206413	-0.152934	-0.352783	-0.267334	0.645020	164.329273	-84.162331	29.217798
05847		9.456338	0.544046	-1.741938	-0.066348	0.302961	-0.127847	-0.352295	-0.272461	0.645264	163.128389	-84.307946	30.390287
05848		9.453447	0.586411	-1.762580	-0.002102	0.330695	-0.108387	-0.357422	-0.269043	0.642822	161.982243	-84.471220	31.543102
05849		9.346059	0.647577	-1.719859	0.076753	0.304645	-0.097480	-0.352783	-0.272949	0.632568	160.906397	-84.618475	32.671725
05850		9.304630	0.730098	-1.700791	0.098403	0.263422	-0.096463	-0.356934	-0.276855	0.636963	159.897180	-84.743283	33.743952
05851		9.208175	0.810187	-1.690041	0.134925	0.244501	-0.095917	-0.355469	-0.270508	0.641113	158.884700	-84.854658	34.841949
05852		9.088023	0.792427	-1.630612	0.171545	0.238578	-0.093400	-0.354736	-0.264160	0.643799	157.897501	-84.963167	35.933025
05853		9.043994	0.765572	-1.564686	0.193843	0.233866	-0.088857	-0.353027	-0.261719	0.645996	156.897061	-85.066941	37.052453
05854		8.938982	0.792430	-1.458425	0.192269	0.235016	-0.072602	-0.360107	-0.265625	0.631836	155.969019	-85.174778	38.097678
05855		8.892660	0.818337	-1.396579	0.174326	0.216236	-0.064798	-0.367188	-0.270996	0.642090	155.068690	-85.271826	39.105077
05856		8.866868	0.940690	-1.364502	0.151590	0.176394	-0.034060	-0.354980	-0.264648	0.638672	154.453699	-85.356135	39.811439
05857		8.896630	1.008226	-1.328238	0.135233	0.126526	-0.003674	-0.361328	-0.267822	0.633545	154.137044	-85.420243	40.210559
05858		8.899791	1.112125	-1.374117	0.107338	0.091117	0.026837	-0.364014	-0.259766	0.636230	154.125920	-85.474978	40.285335
05859		8.910578	1.237193	-1.398352	0.069343	0.065817	0.055152	-0.363281	-0.266846	0.637451	154.338447	-85.522378	40.115706
05860		8.906381	1.313222	-1.473109	0.034908	0.036512	0.085147	-0.369629	-0.259033	0.632324	154.848429	-85.563212	39.626916
05861		9.000681	1.369267	-1.537982	-0.005716	0.019362	0.105193	-0.368652	-0.263184	0.633301	155.512525	-85.598262	38.961256
05862		9.045468	1.366235	-1.628693	-0.044001	0.048740	0.126348	-0.363770	-0.261230	0.637695	156.241710	-85.654230	38.207744
05863		9.148320	1.255681	-1.704133	-0.088177	0.084712	0.127586	-0.367676	-0.263184	0.636230	156.844860	-85.727506	37.555920
05864		9.225711	1.104283	-1.727538	-0.111933	0.117487	0.114343	-0.366943	-0.259766	0.639160	157.282454	-85.815656	37.055580
05865		9.299255	0.902171	-1.696670	-0.123957	0.147532	0.101682	-0.369141	-0.254883	0.638916	157.526957	-85.915715	36.742931
05866		9.423047	0.758407	-1.634972	-0.130864	0.193763	0.090780	-0.363037	-0.260986	0.631104	157.574918	-86.038657	36.623064
05867		9.519168	0.547233	-1.591545	-0.142219	0.279078	0.095204	-0.373291	-0.262451	0.638916	157.354460	-86.206885	36.766054
05868		9.643089	0.485203	-1.616740	-0.164462	0.379686	0.106983	-0.380127	-0.267090	0.631348	156.868149	-86.431508	37.161794
05869		9.741295	0.542335	-1.618168	-0.159483	0.424766	0.121784	-0.366943	-0.266113	0.621826	156.256140	-86.682208	37.687064
05870		9.754047	0.613500	-1.729251	-0.152117	0.367026	0.126302	-0.372803	-0.263916	0.628662	155.878105	-86.904102	37.980912
05871		9.765392	0.738098	-1.851727	-0.102446	0.238168	0.141390	-0.379883	-0.255859	0.625000	156.199682	-87.061365	37.603806
05872		9.720874	0.855763	-1.822478	-0.037314	0.085821	0.156488	-0.376465	-0.261475	0.619141	157.481471	-87.141985	36.302075
05873		9.637922	0.932342	-1.684548	-0.031721	0.011006	0.171511	-0.383057	-0.260986	0.636230	159.288345	-87.183663	34.478481
05874		9.557820	0.927510	-1.643133	-0.093788	0.047132	0.188927	-0.376465	-0.253418	0.625244	161.199278	-87.245539	32.514463
05875		9.607451	0.943698	-1.651700	-0.192099	0.161091	0.200809	-0.381592	-0.261963	0.631836	162.839278	-87.368396	30.766160
05876		9.643373	1.024064	-1.702271	-0.268667	0.269998	0.198546	-0.383057	-0.264404	0.616211	164.217092	-87.548590	29.235955
05877		9.663799	1.007127	-1.766224	-0.322876	0.346413	0.186383	-0.386475	-0.263672	0.625732	165.308447	-87.767651	27.962235
05878		9.646539	1.062617	-1.708507	-0.345455	0.385211	0.152563	-0.382568	-0.264648	0.621338	165.994043	-88.002503	27.080978
05879		9.618782	1.123198	-1.575467	-0.331783	0.399591	0.121080	-0.393555	-0.261475	0.618164	166.220318	-88.240863	26.668074
05880		9.597305	1.075885	-1.488094	-0.348304	0.377244	0.087343	-0.400879	-0.264160	0.603027	165.993748	-88.461880	26.698082
05881		9.567892	0.931026	-1.500555	-0.393704	0.357857	0.061613	-0.394775	-0.262939	0.612549	165.143180	-88.668710	27.326960
05882		9.513745	0.971978	-1.645617	-0.410656	0.358279	0.050571	-0.396484	-0.267090	0.604736	163.759356	-88.873409	28.478780
05883		9.436320	1.198826	-1.923249	-0.423536	0.300911	0.053246	-0.393311	-0.273438	0.607910	162.432100	-89.046760	29.567236
05884		9.521852	1.277102	-1.982352	-0.400191	0.178131	0.055999	-0.397705	-0.272217	0.603516	162.336871	-89.152765	29.436102
05885		9.983258	0.821853	-1.434010	-0.275300	0.260080	0.072320	-0.406006	-0.274170	0.602783	161.790791	-89.306833	29.828172
05886		10.661140	0.108344	-0.778267	-0.173203	0.592682	0.091276	-0.405762	-0.266113	0.600098	152.992065	-89.640470	38.530971
05887		11.213565	-0.435378	-0.486685	-0.057239	0.716796	0.072538	-0.402344	-0.278809	0.596191	53.417965	-89.849604	138.076431
05888		11.455188	-0.485911	-0.954716	0.068478	0.337929	0.009742	-0.417480	-0.280518	0.592529	21.964499	-89.696642	169.572284
05889		11.319963	-0.148604	-2.128802	0.132611	-0.019538	-0.078678	-0.415283	-0.279785	0.605713	30.404102	-89.687941	161.212231
05890		11.005838	0.071618	-2.534896	0.481024	0.015442	-0.108701	-0.417236	-0.268066	0.600098	38.601798	-89.647936	153.292859
05891		11.022500	-0.157807	-1.872844	1.097682	0.189728	-0.077757	-0.412598	-0.261719	0.603760	35.051302	-89.535390	157.476074
05892		10.778500	-0.241855	-0.611438	1.290287	0.487625	0.012029	-0.412354	-0.251953	0.599121	22.031072	-89.294295	171.239139
05893		10.021165	-0.298100	-1.389368	1.361305	0.634456	0.079606	-0.419678	-0.247559	0.604492	12.760381	-88.960834	-178.705390
05894		9.661198	-0.211733	-2.541757	1.890271	0.224588	0.136949	-0.411865	-0.238281	0.603271	8.483711	-88.851225	-173.341921
05895		10.003059	0.404272	-0.317074	2.224028	-0.547201	0.216391	-0.413086	-0.225098	0.611084	4.627567	-89.178096	-168.207072
05896		10.758972	0.939042	3.343624	1.785080	-0.732377	0.278313	-0.414307	-0.206787	0.622070	-11.964599	-89.593741	-150.588592
05897		11.231093	1.262207	2.723444	0.836751	-0.324387	0.261010	-0.411133	-0.197754	0.621094	-47.590047	-89.685520	-114.479373
05898		10.604489	1.247931	-0.240187	0.345765	-0.002500	0.173270	-0.412842	-0.201660	0.617676	-57.776187	-89.606726	-104.092006
05899		9.547918	1.029966	-1.143973	0.464786	-0.136560	0.042638	-0.414063	-0.197998	0.623047	-69.685911	-89.618984	-91.912013
05900		9.228726	0.427499	0.524195	0.516153	-0.307948	-0.069574	-0.406494	-0.187500	0.632813	-97.921463	-89.677873	-63.377331
05901		9.306835	0.220586	1.467469	0.121654	-0.175392	-0.122770	-0.408447	-0.195068	0.624756	-120.187998	-89.710974	-41.037094
05902		9.075550	0.619873	0.786506	-0.188337	-0.140663	-0.094376	-0.403320	-0.193604	0.633057	-139.173972	-89.698337	-22.155810
05903		8.953820	0.860226	0.368757	-0.202889	-0.251779	-0.028656	-0.401855	-0.204346	0.626709	-154.132409	-89.584677	-7.309650
05904		8.864087	0.830689	0.557467	-0.163684	-0.317717	0.051906	-0.400391	-0.205078	0.631348	-159.201526	-89.403182	-2.331141
05905		8.731895	0.633700	0.958329	-0.189325	-0.257779	0.112485	-0.394531	-0.195068	0.632080	-158.657425	-89.241071	-2.980072
05906		8.646290	0.253004	0.898350	-0.213229	-0.128575	0.145145	-0.399170	-0.204346	0.627686	-155.340734	-89.138435	-6.416207
05907		8.746535	-0.255953	0.718985	-0.181371	-0.024164	0.150114	-0.408936	-0.195801	0.626465	-150.860609	-89.085959	-10.997108
05908		9.000575	-0.773966	0.945933	-0.166570	0.048734	0.138816	-0.395020	-0.193359	0.631836	-145.813854	-89.065673	-16.136858
05909		9.326594	-1.167196	1.126009	-0.194449	0.131225	0.118222	-0.407715	-0.203613	0.630371	-139.745598	-89.083350	-22.313639
05910		9.551142	-1.375911	1.173119	-0.209561	0.165388	0.084323	-0.402588	-0.190186	0.618652	-133.470475	-89.116747	-28.706524
05911		9.816321	-1.470493	1.041734	-0.170782	0.164942	0.047833	-0.402588	-0.198242	0.621582	-127.613604	-89.156117	-34.658230
05912		9.962186	-1.385535	1.094711	-0.095353	0.142728	0.025787	-0.407471	-0.209229	0.624268	-122.451729	-89.188669	-39.872219
05913		9.971315	-1.146295	1.103629	-0.008131	0.058141	0.007355	-0.402588	-0.204102	0.628174	-120.284875	-89.201140	-42.040256
05914		9.974829	-0.981192	1.210446	0.113755	-0.065118	0.011416	-0.402344	-0.200195	0.626221	-122.239170	-89.173852	-40.017603
05915		9.867117	-0.678384	1.250832	0.128037	-0.085795	0.033370	-0.407227	-0.202637	0.621338	-124.240292	-89.129630	-37.939204
05916		9.754554	-0.495141	0.925577	0.171713	-0.148581	0.063789	-0.404785	-0.198486	0.632080	-127.137158	-89.047937	-34.940561
05917		9.706202	-0.399083	0.740552	0.211017	-0.184163	0.099823	-0.404541	-0.186768	0.624512	-129.693178	-88.936245	-32.259534
05918		9.687341	-0.353652	0.438219	0.214354	-0.212923	0.132055	-0.401611	-0.191406	0.633057	-131.725778	-88.797037	-30.100633
05919		9.763630	-0.543106	0.429552	0.259560	-0.169527	0.159465	-0.399414	-0.185547	0.635254	-132.079133	-88.662878	-29.594747
05920		9.785462	-0.765350	0.345807	0.235044	-0.135924	0.173446	-0.396729	-0.188477	0.632813	-131.582846	-88.534661	-29.953424
05921		9.852778	-1.044707	0.180073	0.207769	-0.120150	0.179180	-0.400146	-0.184326	0.635010	-130.863014	-88.410791	-30.550736
05922		9.933765	-1.306761	-0.007678	0.160865	-0.087819	0.178566	-0.398682	-0.186768	0.642578	-129.780096	-88.297974	-31.538894
05923		9.911137	-1.424602	-0.029630	0.142451	-0.094790	0.170835	-0.396729	-0.181641	0.633301	-129.037140	-88.186581	-32.196851
05924		9.849615	-1.491577	-0.015834	0.115404	-0.117537	0.159526	-0.397949	-0.175781	0.644287	-128.797332	-88.070839	-32.367681
05925		9.733609	-1.445060	-0.000521	0.071941	-0.088646	0.143149	-0.402832	-0.178711	0.641113	-128.420059	-87.973769	-32.700243
05926		9.629370	-1.375732	0.014880	0.057807	-0.086026	0.140986	-0.397217	-0.177734	0.633057	-128.055521	-87.877421	-33.028941
05927		9.405827	-1.214269	0.024210	0.030545	-0.093799	0.128154	-0.398926	-0.173096	0.645020	-127.959311	-87.785187	-33.104014
05928		9.266320	-1.047095	-0.079232	0.000751	-0.088872	0.129035	-0.396484	-0.167480	0.637451	-127.807085	-87.693126	-33.253053
05929		9.184627	-0.883751	-0.197617	-0.025671	-0.075237	0.132869	-0.388428	-0.167236	0.639160	-127.517157	-87.605237	-33.554253
05930		9.093393	-0.799366	-0.328946	-0.041883	-0.029934	0.138579	-0.398193	-0.173340	0.640381	-126.716609	-87.529084	-34.376676
05931		9.013159	-0.724525	-0.527701	-0.057973	0.020982	0.137358	-0.402344	-0.174072	0.639160	-125.463325	-87.471281	-35.660708
05932		8.868392	-0.749573	-0.667854	-0.046725	0.077355	0.128861	-0.397217	-0.173584	0.637451	-123.712436	-87.433116	-37.437319
05933		8.793253	-0.827977	-0.611935	-0.014327	0.111051	0.109707	-0.394531	-0.174561	0.640625	-121.775429	-87.413382	-39.380809
05934		8.711880	-0.947103	-0.374507	0.005673	0.129024	0.084315	-0.396729	-0.176514	0.631348	-119.810107	-87.407115	-41.342117
05935		8.757571	-1.139693	-0.254774	0.012942	0.160761	0.058202	-0.402832	-0.170166	0.639893	-117.660830	-87.420895	-43.482468
05936		8.887133	-1.246651	-0.305208	0.027593	0.185239	0.052084	-0.399170	-0.180176	0.642822	-115.224451	-87.438763	-45.902731
05937		8.980728	-1.279550	-0.395259	0.047203	0.166350	0.038418	-0.397461	-0.173584	0.635986	-113.047989	-87.456411	-48.050589
05938		9.090114	-1.293411	-0.512641	0.074349	0.119223	0.025777	-0.405762	-0.168213	0.632324	-111.450416	-87.465859	-49.604427
05939		9.164947	-1.339564	-0.559468	0.096859	0.079884	0.017186	-0.407227	-0.163818	0.634277	-110.353642	-87.471770	-50.643029
05940		9.242502	-1.299789	-0.544351	0.119906	0.076323	0.009571	-0.404541	-0.166748	0.637451	-109.309069	-87.478623	-51.617153
05941		9.233817	-1.219839	-0.673647	0.113207	0.071775	0.004739	-0.397949	-0.165771	0.635986	-108.345153	-87.488119	-52.513381
05942		9.247900	-1.208276	-0.815506	0.108209	0.061564	-0.003145	-0.412109	-0.162354	0.641846	-107.531528	-87.497812	-53.263148
05943		9.203182	-1.102670	-0.856064	0.104085	0.058241	-0.010531	-0.401611	-0.162598	0.638916	-106.788387	-87.512232	-53.943608
05944		9.110233	-1.024133	-0.876044	0.109114	0.054169	-0.027588	-0.404297	-0.156250	0.633057	-106.146094	-87.533243	-54.521381
05945		9.056408	-0.883613	-0.923819	0.130774	0.053852	-0.043213	-0.406250	-0.160400	0.640625	-105.543921	-87.564306	-55.045416
05946		8.968272	-0.726214	-1.030090	0.150830	0.045301	-0.066782	-0.401855	-0.154053	0.633301	-105.111207	-87.605082	-55.389530
05947		8.887870	-0.542398	-1.115081	0.172179	0.033610	-0.091216	-0.408203	-0.160889	0.639648	-104.899009	-87.659376	-55.499481
05948		8.822025	-0.418517	-1.166068	0.195966	-0.002483	-0.120212	-0.402100	-0.162598	0.641846	-105.275301	-87.722495	-55.008069
05949		8.740084	-0.310842	-1.195122	0.199639	-0.030484	-0.139577	-0.399902	-0.154785	0.638428	-106.153046	-87.793571	-54.011487
05950		8.693986	-0.274167	-1.183934	0.184782	-0.035725	-0.161162	-0.405518	-0.154785	0.637939	-107.278073	-87.873085	-52.777298
05951		8.678983	-0.344390	-1.300628	0.145941	-0.017415	-0.172586	-0.405273	-0.159180	0.635010	-108.296000	-87.963001	-51.671334
05952		8.703231	-0.464766	-1.450642	0.116320	0.018694	-0.177026	-0.406982	-0.153076	0.635742	-108.879454	-88.059482	-51.018437
05953		8.664956	-0.630996	-1.550870	0.105027	0.046101	-0.177206	-0.400879	-0.158203	0.640137	-109.072774	-88.162879	-50.761111
05954		8.742203	-0.786194	-1.406783	0.096911	0.051217	-0.178271	-0.401611	-0.156250	0.631104	-109.218032	-88.265871	-50.557874
05955		8.847219	-0.980153	-1.224721	0.108753	0.085802	-0.182411	-0.398926	-0.156250	0.641602	-108.740426	-88.379486	-50.969656
05956		9.077113	-1.068938	-0.983525	0.149348	0.138030	-0.185338	-0.402588	-0.153320	0.640625	-107.115069	-88.501698	-52.507725
05957		9.317132	-1.063757	-0.926237	0.168722	0.161987	-0.199452	-0.397705	-0.157227	0.642578	-104.716843	-88.635892	-54.806306
05958		9.578120	-1.030100	-1.119597	0.175462	0.137643	-0.212849	-0.408447	-0.151855	0.632813	-102.542060	-88.769830	-56.878862
05959		9.740518	-0.994571	-1.258017	0.183310	0.082498	-0.223375	-0.405273	-0.156250	0.641846	-101.498057	-88.903713	-57.814338
05960		9.793617	-0.925640	-1.350522	0.192815	0.028987	-0.228903	-0.414063	-0.150146	0.635742	-102.031668	-89.032275	-57.167974
05961		9.853340	-0.918328	-1.485861	0.192318	0.000433	-0.230454	-0.401123	-0.151123	0.640381	-103.809968	-89.159892	-55.275560
05962		10.027588	-0.884355	-1.580481	0.152283	0.032102	-0.219839	-0.394775	-0.148682	0.637939	-104.779356	-89.283148	-54.216715
05963		10.054912	-0.941979	-1.706654	0.064871	0.092143	-0.217307	-0.402344	-0.142090	0.635254	-102.895185	-89.415524	-56.060145
05964		10.168172	-0.952335	-1.745047	-0.007128	0.144403	-0.219606	-0.401855	-0.149658	0.641846	-96.352162	-89.550312	-62.605489
05965		10.386292	-0.891771	-1.620295	-0.020159	0.196249	-0.221077	-0.402832	-0.152344	0.630615	-79.107264	-89.672849	-79.858627
05966		10.668185	-0.829815	-1.098687	-0.089862	0.279038	-0.262449	-0.403076	-0.155518	0.638672	-38.439474	-89.720001	-120.576485
05967		11.172968	-0.436561	-0.205482	-0.251644	0.290282	-0.322370	-0.398193	-0.153809	0.639404	1.324626	-89.615280	-160.481680
05968		12.154221	0.268843	0.248407	-0.518795	0.141232	-0.405238	-0.399170	-0.154785	0.631104	26.943248	-89.479584	173.603583
05969		13.372485	1.087650	-0.163842	-0.849840	-0.159933	-0.459634	-0.400391	-0.167236	0.633545	52.864042	-89.379559	147.198302
05970		13.953655	1.611249	-1.011290	-0.977334	-0.571606	-0.441012	-0.391357	-0.173340	0.639404	86.083331	-89.256036	113.418763
05971		13.819676	1.857615	-1.262041	-0.742854	-0.770483	-0.312818	-0.391357	-0.181152	0.633057	112.686347	-89.001008	86.390863
05972		13.862393	2.180190	-0.423788	-0.356458	-0.597859	-0.127744	-0.391846	-0.185059	0.644287	126.174611	-88.768596	72.697879
05973		13.439524	2.101744	0.480126	-0.172063	-0.325971	0.074558	-0.389648	-0.177246	0.640869	133.804902	-88.681342	64.970787
05974		12.605621	1.500179	0.276922	-0.183722	-0.271094	0.181794	-0.388428	-0.177002	0.640869	141.616797	-88.636471	57.053649
05975		11.665609	0.478076	-0.097252	-0.183816	-0.465165	0.169328	-0.370361	-0.180420	0.642822	150.641812	-88.468598	47.924114
05976		10.656747	-0.839906	-0.090248	-0.172004	-0.676321	0.105572	-0.373779	-0.182373	0.652832	158.170028	-88.143553	40.296301
05977		9.896758	-1.858910	0.565399	-0.072980	-0.642072	0.029865	-0.374023	-0.182617	0.647461	162.149815	-87.802680	36.275894
05978		9.376344	-2.778637	1.539158	-0.163271	-0.346507	-0.044516	-0.365723	-0.179932	0.644287	163.015586	-87.604251	35.318019
05979		8.714522	-3.207012	1.087422	-0.500849	-0.190701	-0.130192	-0.362549	-0.179932	0.651855	161.871635	-87.477098	36.179486
05980		8.235591	-3.017076	-0.124318	-0.636835	-0.183445	-0.184298	-0.367676	-0.188965	0.646240	160.135852	-87.342265	37.553911
05981		7.776057	-2.413468	-1.198500	-0.473316	-0.275475	-0.208245	-0.366943	-0.190186	0.650391	158.723770	-87.152150	38.699813
05982		7.579130	-1.890607	-1.836496	-0.009152	-0.016543	-0.201670	-0.358887	-0.196045	0.647217	156.737920	-87.098760	40.684905
05983		7.527340	-1.310555	-0.978491	0.428758	0.079743	-0.182236	-0.362305	-0.187012	0.645996	154.763501	-87.097202	42.911528
05984		7.700386	-0.707000	-0.259925	0.683852	0.120975	-0.139715	-0.359131	-0.189453	0.648682	153.208642	-87.123816	44.862569
05985		8.077440	-0.044678	0.208157	0.779169	0.223351	-0.086613	-0.364746	-0.177734	0.647705	151.596002	-87.213992	46.927849
05986		8.465334	0.683771	0.470869	0.830852	0.303138	-0.022044	-0.359619	-0.175049	0.645508	150.141794	-87.359307	48.862131
05987		8.922496	1.492258	0.827943	0.887611	0.347133	0.046989	-0.372559	-0.171875	0.652832	148.938495	-87.544222	50.579380
05988		9.488589	2.135386	1.463212	0.914519	0.337050	0.100052	-0.368164	-0.161621	0.644775	148.305648	-87.738912	51.739115
05989		10.003536	2.619852	2.101728	0.839473	0.220652	0.132125	-0.369385	-0.153564	0.655762	148.787288	-87.886087	51.742149
05990		10.305671	2.829223	2.387236	0.698333	0.115176	0.145699	-0.369873	-0.148926	0.644287	150.359406	-87.985265	50.571473
05991		10.235675	2.819900	2.193975	0.476997	0.039494	0.117559	-0.375244	-0.141357	0.645752	152.059025	-88.037307	49.147985
05992		9.843189	2.752565	1.507725	0.246342	-0.048386	0.061084	-0.375732	-0.130615	0.657227	153.573265	-88.028535	47.776371
05993		9.536417	2.497289	1.264017	0.122104	-0.134314	-0.007989	-0.366943	-0.136719	0.654541	154.526097	-87.957038	46.896649
05994		9.418604	2.092357	1.200565	-0.066193	-0.149660	-0.081095	-0.370605	-0.133301	0.635742	154.436617	-87.859485	46.950710
05995		9.436453	1.664555	0.965824	-0.278818	-0.135679	-0.145731	-0.369873	-0.142578	0.650879	153.251432	-87.752605	47.980588
05996		9.490287	1.182415	0.572813	-0.450657	-0.130276	-0.189448	-0.371338	-0.139893	0.645264	151.536160	-87.636134	49.441441
05997		9.509678	0.801880	0.156782	-0.577100	-0.141362	-0.216480	-0.362793	-0.138428	0.644531	149.630317	-87.504430	51.021738
05998		9.502513	0.494732	-0.254865	-0.630744	-0.190736	-0.222160	-0.364258	-0.145752	0.642822	148.164286	-87.345246	52.130175
05999		9.521801	0.327334	-0.514000	-0.623257	-0.198193	-0.217467	-0.362793	-0.154297	0.646484	146.913134	-87.182400	53.028940
06000		9.461202	0.236604	-0.622948	-0.588373	-0.194025	-0.209449	-0.359863	-0.154297	0.650879	145.873175	-87.023626	53.735386
06001		9.370089	0.215163	-0.696500	-0.531921	-0.193814	-0.188531	-0.359131	-0.150635	0.639404	145.106798	-86.870814	54.201345
06002		9.246377	0.284122	-0.810099	-0.445841	-0.170252	-0.165096	-0.355713	-0.155762	0.644287	144.524813	-86.736863	54.531096
06003		9.063132	0.435441	-0.839107	-0.344855	-0.125982	-0.135203	-0.350098	-0.172607	0.638672	143.995471	-86.632947	54.867102
06004		8.914106	0.510078	-0.923419	-0.223562	-0.059793	-0.096167	-0.356445	-0.165283	0.642090	143.508618	-86.573027	55.229203
06005		8.877316	0.644976	-0.869124	-0.131263	0.028606	-0.059903	-0.351807	-0.164551	0.630127	142.836397	-86.565520	55.830983
06006		8.815921	0.788530	-0.787542	-0.071996	0.110202	-0.031535	-0.360840	-0.170410	0.647461	141.957733	-86.604823	56.672599
06007		8.796969	0.963829	-0.698348	-0.009905	0.169197	-0.002035	-0.360352	-0.170898	0.633301	140.932265	-86.679894	57.697841
06008		8.900420	1.087241	-0.507409	0.047562	0.223900	0.014793	-0.354736	-0.167725	0.635254	139.688290	-86.784378	58.973870
06009		8.925596	1.239890	-0.402666	0.066372	0.236347	0.016537	-0.357422	-0.179932	0.633545	138.273594	-86.892817	60.432502
06010		8.856448	1.375176	-0.408817	0.066170	0.231356	0.019443	-0.360596	-0.171631	0.631592	136.840200	-86.998585	61.908673
06011		8.812192	1.415981	-0.476037	0.038549	0.214597	0.018771	-0.357422	-0.167969	0.638428	135.388915	-87.094771	63.387697
06012		8.697073	1.437219	-0.503446	-0.010330	0.189465	0.020831	-0.355469	-0.175049	0.629639	134.061060	-87.180125	64.714108
06013		8.564170	1.359533	-0.523929	-0.075781	0.162377	0.032822	-0.358643	-0.161377	0.625000	132.924588	-87.257967	65.812142
06014		8.457032	1.268956	-0.564956	-0.164582	0.153702	0.044449	-0.364502	-0.162598	0.623779	131.870241	-87.336653	66.776132
06015		8.380654	1.132294	-0.720381	-0.236353	0.152901	0.062172	-0.359375	-0.165039	0.628906	130.843904	-87.421490	67.671674
06016		8.332365	1.034782	-0.925229	-0.303212	0.164091	0.077303	-0.365723	-0.164307	0.624023	129.752128	-87.516582	68.593527
06017		8.301171	0.984896	-1.106948	-0.360836	0.173847	0.095309	-0.367188	-0.166016	0.620605	128.571753	-87.622090	69.571727
06018		8.284958	0.930600	-1.236327	-0.381901	0.162085	0.113092	-0.372070	-0.169678	0.621826	127.596883	-87.730874	70.331329
06019		8.331525	0.930555	-1.288026	-0.380647	0.147446	0.125667	-0.374756	-0.170654	0.624023	126.800426	-87.839606	70.913815
06020		8.348564	0.944399	-1.297159	-0.368467	0.138168	0.134357	-0.364258	-0.173584	0.614014	126.169802	-87.949033	71.336535
06021		8.390389	1.029810	-1.136888	-0.329397	0.107363	0.141451	-0.366455	-0.174072	0.612305	125.962820	-88.051086	71.358489
06022		8.483074	1.037404	-0.865004	-0.255552	0.064283	0.150404	-0.365234	-0.170898	0.618652	126.529864	-88.142730	70.647566
06023		8.586154	0.954122	-0.711639	-0.235898	0.022973	0.178329	-0.365967	-0.169434	0.608643	128.063624	-88.232296	68.981502
06024		8.695189	0.753237	-0.848480	-0.233343	0.001124	0.214997	-0.370605	-0.178711	0.610840	130.595514	-88.328172	66.317675
06025		8.885418	0.697762	-1.185530	-0.215197	-0.009170	0.255183	-0.368164	-0.169189	0.609375	134.143939	-88.432895	62.648177
06026		9.133574	0.774431	-1.501749	-0.189322	-0.040820	0.275892	-0.383301	-0.171143	0.596924	139.058766	-88.524378	57.626065
06027		9.383836	0.931058	-1.504716	-0.150076	-0.072143	0.278021	-0.366699	-0.166260	0.601318	145.026038	-88.589828	51.574581
06028		9.635766	1.006534	-1.154790	-0.146542	-0.064830	0.263128	-0.375977	-0.172363	0.602051	151.140760	-88.637276	45.377035
06029		10.075278	0.910708	-0.907605	-0.196604	-0.026638	0.241264	-0.369629	-0.169434	0.598633	156.685079	-88.684120	39.722217
06030		10.588130	0.779060	-1.111836	-0.266984	0.038300	0.217172	-0.368652	-0.167725	0.599854	161.462726	-88.747826	34.793329
06031		10.976970	0.765858	-1.935779	-0.310914	0.048656	0.182719	-0.365723	-0.177490	0.596436	165.674742	-88.803720	30.405862
06032		11.050129	0.968553	-3.027870	-0.290041	-0.038680	0.159155	-0.370850	-0.171143	0.592041	170.081517	-88.799508	25.834863
06033		10.742450	1.411701	-3.588457	-0.166909	-0.163161	0.133139	-0.361328	-0.175537	0.590576	174.119259	-88.716672	21.704209
06034		10.337479	1.620290	-3.114908	0.003963	-0.188438	0.128249	-0.364258	-0.176758	0.593506	177.661881	-88.612045	18.165813
06035		10.291937	1.564278	-1.840275	0.139363	0.030143	0.131564	-0.371826	-0.177002	0.588867	-179.090709	-88.629460	15.001025
06036		10.544259	0.984904	-0.823725	0.196174	0.398474	0.132736	-0.383301	-0.174805	0.588623	-174.932624	-88.851166	10.957290
06037		11.309433	-0.033549	-1.365847	0.472942	0.626405	0.174736	-0.378662	-0.170654	0.579102	-165.223504	-89.187617	1.521501
06038		12.390288	-0.552860	-2.964309	1.193570	0.124104	0.263040	-0.376709	-0.168701	0.579346	-152.713607	-89.197251	-10.302787
06039		13.092985	-0.057343	-2.825440	1.772169	-0.994659	0.272472	-0.375488	-0.153320	0.593018	-156.955056	-88.613292	-5.041370
06040		13.550639	0.812583	0.889878	1.435981	-1.338234	0.220278	-0.362305	-0.137207	0.593018	-161.177857	-87.848418	0.009299
06041		13.051639	0.764268	4.654601	0.282454	-0.301035	0.164663	-0.366699	-0.141846	0.593018	-160.181306	-87.653333	-0.822369
06042		11.232118	-0.434037	2.558684	-0.100097	-0.076853	0.073791	-0.367188	-0.145752	0.590088	-159.636731	-87.594822	-1.421854
06043		10.496957	-1.342081	-0.681265	-0.041224	-0.296785	0.046469	-0.359131	-0.139404	0.597656	-160.402211	-87.424805	-0.675602
06044		10.541522	-1.295966	0.155850	-0.169541	-0.282229	0.077737	-0.364502	-0.144775	0.595459	-160.741511	-87.254954	-0.430214
06045		10.310837	-0.674316	3.074142	-0.539130	-0.120311	0.091818	-0.364014	-0.151855	0.593750	-160.483581	-87.171366	-0.994021
06046		9.902340	-0.018816	3.229798	-0.756925	0.038593	0.056700	-0.365723	-0.148438	0.590088	-160.133567	-87.178841	-1.775682
06047		9.809717	0.385472	1.186450	-0.656401	-0.089024	0.042649	-0.365723	-0.156738	0.586182	-160.376783	-87.121474	-1.905027
06048		9.932950	0.529912	0.332136	-0.614774	-0.224193	0.034868	-0.361816	-0.159912	0.585449	-161.171401	-86.991425	-1.458965
06049		10.014608	0.245761	0.626267	-0.635696	-0.142641	0.024348	-0.357178	-0.164551	0.592041	-161.758395	-86.908413	-1.232188
06050		10.207242	-0.182288	0.832994	-0.614623	0.035213	0.007504	-0.351074	-0.168701	0.587646	-161.904794	-86.924167	-1.435079
06051		10.447603	-0.554911	0.927111	-0.506188	0.132434	-0.020210	-0.349121	-0.173096	0.579834	-161.941852	-86.998810	-1.684707
06052		10.814442	-0.577837	0.987692	-0.360391	0.120058	-0.054650	-0.364990	-0.172852	0.577637	-162.301494	-87.071922	-1.528147
06053		11.085559	-0.658112	0.937899	-0.234510	0.039714	-0.072620	-0.368896	-0.174072	0.584717	-163.066070	-87.104956	-0.893427
06054		11.107800	-0.801497	0.852235	-0.191254	-0.027919	-0.059364	-0.355957	-0.188232	0.570068	-163.892574	-87.097444	-0.172351
06055		10.909667	-0.998047	0.930948	-0.152578	-0.097808	-0.022022	-0.361816	-0.183838	0.565186	-164.497598	-87.045904	0.349623
06056		10.882679	-1.095869	0.620586	0.044978	-0.212445	0.031788	-0.357422	-0.187744	0.574463	-164.732821	-86.921973	0.614230
06057		10.040697	-1.768220	0.627291	0.200665	-0.441936	0.098150	-0.351318	-0.181641	0.576172	-164.818993	-86.661833	0.819384
06058		9.628117	-1.979248	0.814436	0.026516	-0.065312	0.165700	-0.361328	-0.188232	0.578369	-163.408214	-86.598167	-0.575386
06059		9.242296	-2.243885	0.506659	0.073339	-0.124726	0.226284	-0.365479	-0.181641	0.570313	-161.658034	-86.489996	-2.282961
06060		8.822405	-2.308400	-0.168869	0.058265	-0.172234	0.273323	-0.359619	-0.180664	0.564697	-159.765711	-86.343413	-4.142356
06061		8.378532	-2.245403	-0.288458	0.062132	-0.123857	0.296146	-0.353027	-0.185059	0.570557	-157.681320	-86.214572	-6.191777
06062		8.138901	-2.143393	0.012388	0.104821	-0.091802	0.293701	-0.361084	-0.182373	0.573242	-155.613652	-86.097767	-8.200817
06063		8.118824	-1.987751	0.340583	0.070554	0.014970	0.274208	-0.361084	-0.176025	0.565918	-153.444560	-86.036770	-10.330810
06064		8.233740	-1.767792	0.389702	-0.002189	0.089087	0.247023	-0.354248	-0.180664	0.560303	-151.282169	-86.014455	-12.496636
06065		8.421451	-1.507333	0.128703	-0.064467	0.164083	0.231458	-0.359619	-0.176270	0.568604	-148.981923	-86.028738	-14.835766
06066		8.601642	-1.213422	-0.129576	-0.109176	0.239769	0.218852	-0.358643	-0.172363	0.567139	-146.427165	-86.075926	-17.456305
06067		8.597951	-0.900987	-0.380603	-0.088970	0.293499	0.202581	-0.363525	-0.188477	0.564453	-143.652269	-86.146016	-20.284999
06068		8.460279	-0.647853	-0.345099	-0.048051	0.285168	0.169151	-0.364258	-0.182373	0.560547	-141.019392	-86.214106	-22.948364
06069		8.383786	-0.396938	-0.353176	-0.011114	0.244190	0.135698	-0.364502	-0.183838	0.564697	-138.740590	-86.269739	-25.234760
06070		8.326833	-0.376045	-0.392192	0.007482	0.238872	0.102676	-0.367676	-0.185547	0.559082	-136.625106	-86.329238	-27.347409
06071		8.198065	-0.368008	-0.391434	0.003886	0.218626	0.063655	-0.371582	-0.182129	0.563721	-134.831432	-86.392200	-29.138779
06072		8.103938	-0.486766	-0.353068	-0.005278	0.206606	0.027573	-0.372559	-0.183838	0.546143	-133.284243	-86.461032	-30.689056
06073		8.113763	-0.687617	-0.367910	-0.023043	0.232572	-0.004341	-0.375977	-0.180176	0.554443	-131.710761	-86.551609	-32.274998
06074		8.286637	-0.808290	-0.264722	-0.003158	0.269315	-0.022894	-0.381104	-0.185303	0.550781	-129.876785	-86.660197	-34.111065
06075		8.510980	-0.983755	-0.145874	0.000295	0.303063	-0.035750	-0.377441	-0.189941	0.546875	-127.734547	-86.783711	-36.252948
06076		8.803976	-1.057052	-0.095505	0.007625	0.321262	-0.035905	-0.379883	-0.192627	0.545898	-125.258450	-86.907542	-38.725505
06077		9.099401	-1.076024	-0.194961	0.025483	0.316525	-0.023597	-0.377686	-0.186768	0.541260	-122.547135	-87.018669	-41.422316
06078		9.227277	-1.003199	-0.476525	0.044711	0.261775	-0.017046	-0.386963	-0.186768	0.544189	-120.119558	-87.102765	-43.824550
06079		9.216419	-0.827328	-0.769341	0.105977	0.160187	-0.010451	-0.388916	-0.187256	0.545898	-118.523305	-87.151668	-45.358321
06080		9.067921	-0.633587	-0.897419	0.139872	0.029728	-0.019021	-0.379639	-0.185791	0.541260	-118.242390	-87.167051	-45.556494
06081		8.892541	-0.619969	-0.976099	0.128520	-0.068953	-0.033872	-0.376221	-0.186279	0.545410	-119.058013	-87.163874	-44.662452
06082		8.768187	-0.660915	-1.048122	0.045600	-0.100410	-0.046891	-0.383057	-0.194092	0.536621	-120.304224	-87.156392	-43.385734
06083		8.730763	-0.803004	-1.272299	-0.046482	-0.072594	-0.054101	-0.378418	-0.189697	0.540039	-121.370597	-87.160413	-42.341021
06084		8.787806	-1.022898	-1.472279	-0.098177	-0.008348	-0.048463	-0.377441	-0.185303	0.538574	-121.799382	-87.179177	-41.965266
06085		8.789526	-1.183835	-1.507572	-0.098411	0.046123	-0.058207	-0.373779	-0.197754	0.542236	-121.755269	-87.220167	-42.062191
06086		8.725661	-1.280103	-1.455628	-0.056381	0.070582	-0.079548	-0.382813	-0.201660	0.536377	-121.566061	-87.277716	-42.281274
06087		8.610937	-1.207659	-1.399518	-0.023079	0.051344	-0.124094	-0.382324	-0.195313	0.532715	-121.842290	-87.352390	-42.014285
06088		8.543597	-0.962642	-1.549152	0.053122	0.024309	-0.175807	-0.379395	-0.192139	0.536133	-122.733920	-87.442420	-41.088669
06089		8.585230	-0.662944	-1.687971	0.161813	-0.010103	-0.231570	-0.376709	-0.199219	0.530518	-124.428553	-87.548486	-39.295923
06090		8.782034	-0.361720	-1.632594	0.276529	-0.056600	-0.279911	-0.378906	-0.199463	0.532959	-127.133835	-87.657020	-36.427167
06091		9.047578	-0.177009	-1.413588	0.314070	-0.117363	-0.308583	-0.372803	-0.196777	0.534912	-131.032821	-87.750639	-32.341268
06092		9.405338	-0.147363	-1.246985	0.246650	-0.157123	-0.312873	-0.376221	-0.198975	0.531494	-135.752736	-87.816447	-27.473904
06093		9.741329	-0.324909	-1.241078	0.158618	-0.141037	-0.287476	-0.375244	-0.202881	0.532227	-140.336044	-87.865239	-22.792707
06094		10.024552	-0.530757	-1.311666	0.098704	-0.073251	-0.242262	-0.367432	-0.198730	0.542480	-143.930992	-87.914704	-19.136259
06095		10.188615	-0.648977	-1.376906	0.055640	-0.000004	-0.207972	-0.377197	-0.204590	0.524170	-146.619225	-87.981360	-16.410711
06096		10.264187	-0.751388	-1.501796	-0.015462	0.031647	-0.177544	-0.364014	-0.207520	0.528809	-148.799354	-88.048424	-14.235715
06097		10.300772	-0.889898	-1.802723	-0.156641	0.021318	-0.178473	-0.363281	-0.208496	0.534912	-151.331824	-88.108846	-11.787930
06098		10.235841	-1.136243	-2.162828	-0.345389	-0.003383	-0.197253	-0.372314	-0.216309	0.535156	-154.605482	-88.155876	-8.708180
06099		10.157173	-1.339392	-2.359959	-0.446520	-0.018648	-0.228298	-0.368896	-0.220703	0.524414	-158.745040	-88.196736	-4.818804
06100		10.125859	-1.448299	-2.140414	-0.524152	-0.037668	-0.293932	-0.375732	-0.224121	0.522705	-164.330066	-88.227047	0.470712
06101		10.189439	-1.541314	-1.814356	-0.703081	-0.076239	-0.394710	-0.364258	-0.224365	0.529297	-172.153461	-88.229371	7.898499
06102		10.452499	-1.425934	-1.283393	-0.839810	-0.165179	-0.498384	-0.372070	-0.234863	0.527588	178.255218	-88.147587	17.015300
06103		11.284892	-0.705176	-1.081120	-0.870132	-0.286188	-0.606777	-0.367676	-0.245117	0.523193	168.232057	-87.942451	26.549108
06104		12.678639	0.154243	-1.467354	-0.901867	-0.290680	-0.648052	-0.369385	-0.255371	0.521729	159.661627	-87.677646	34.610718
06105		13.535061	0.711949	-1.731304	-0.886613	-0.169568	-0.570409	-0.364258	-0.266602	0.516357	153.053700	-87.456923	40.719824
06106		13.499281	1.059399	-1.438445	-0.614865	-0.170461	-0.384341	-0.362793	-0.263184	0.517578	149.598248	-87.264644	43.828343
06107		13.432744	1.640711	-0.279723	0.031041	-0.323914	-0.163931	-0.348877	-0.268799	0.514160	149.894830	-87.056808	43.552896
06108		13.608015	2.178644	1.245011	0.729826	-0.533948	0.016350	-0.355469	-0.262451	0.521240	153.238187	-86.791240	40.625621
06109		13.358097	1.927338	1.936231	0.940214	-0.613041	0.117988	-0.357666	-0.259521	0.520752	157.354742	-86.499927	37.045341
06110		12.297192	1.246008	1.442797	0.751165	-0.535426	0.147827	-0.347168	-0.251221	0.527588	160.807199	-86.242355	34.019525
06111		10.600427	0.176593	1.283646	0.734707	-0.683331	0.119665	-0.347412	-0.259766	0.532715	163.924300	-85.889433	31.320727
06112		9.287798	-0.929445	1.555243	0.844917	-0.975175	0.085346	-0.341797	-0.246094	0.540527	166.902983	-85.359597	28.821323
06113		8.523964	-1.457395	1.168841	0.708099	-0.735759	0.078099	-0.342773	-0.255615	0.538818	168.886055	-84.956171	27.242026
06114		7.942206	-1.579737	0.401726	0.393348	-0.185738	0.090016	-0.332031	-0.248779	0.541504	169.931787	-84.859752	26.420887
06115		7.591766	-1.674549	0.055490	0.302166	0.047496	0.096330	-0.343750	-0.241699	0.542236	170.676885	-84.895237	25.850326
06116		7.741668	-1.597969	-0.169832	0.266175	0.155731	0.084017	-0.339111	-0.248779	0.541992	171.241049	-84.989662	25.439486
06117		8.340510	-1.274582	-0.436949	0.191666	0.264953	0.051315	-0.346680	-0.249023	0.538330	171.439339	-85.143509	25.354386
06118		9.245561	-0.732309	-0.386121	0.146038	0.355730	0.024144	-0.351318	-0.251465	0.547852	171.356798	-85.345879	25.523538
06119		10.270891	-0.075032	-0.024192	0.164588	0.435563	0.043831	-0.351807	-0.238525	0.536865	171.307412	-85.595717	25.671375
06120		11.193303	0.528568	0.686563	0.239260	0.441736	0.108664	-0.349854	-0.247070	0.540283	171.811044	-85.854035	25.306158
06121		11.770815	1.069211	1.315974	0.329590	0.385872	0.185129	-0.347168	-0.244629	0.529297	173.099722	-86.086470	24.207295
06122		11.678500	1.570532	1.063021	0.234720	0.119859	0.217204	-0.352783	-0.241455	0.531982	174.998784	-86.166530	22.441119
06123		10.855466	1.981225	0.500354	0.214782	-0.193329	0.170335	-0.347656	-0.243896	0.540283	176.692394	-86.062372	20.870649
06124		9.839282	2.183372	0.305593	0.189486	-0.381217	0.069605	-0.346924	-0.240234	0.530518	177.556012	-85.845045	20.116301
06125		9.021575	2.231653	0.417841	0.129628	-0.378154	-0.041343	-0.351563	-0.235107	0.536865	177.456855	-85.626782	20.293909
06126		8.533095	2.043939	0.480237	0.053795	-0.205020	-0.107413	-0.345215	-0.245117	0.537109	176.802823	-85.505274	20.983564
06127		8.319241	1.830280	0.448211	-0.029763	0.045325	-0.155288	-0.339600	-0.241943	0.536377	175.649201	-85.524584	22.127324
06128		8.369043	1.558724	0.123899	-0.093970	0.227866	-0.165331	-0.348633	-0.249023	0.535156	174.255072	-85.645360	23.474482
06129		8.486445	1.257858	-0.178653	-0.099202	0.315909	-0.175566	-0.347412	-0.248047	0.537109	172.600846	-85.812981	25.080013
06130		8.776750	1.018935	-0.340177	-0.045720	0.328700	-0.183399	-0.349365	-0.257324	0.528320	170.776967	-85.983366	26.885276
06131		9.025649	0.756150	-0.307603	0.018203	0.274434	-0.199355	-0.350830	-0.252930	0.532471	168.775028	-86.117230	28.906130
06132		9.194435	0.477423	-0.337467	0.058907	0.191125	-0.217164	-0.354492	-0.251221	0.528809	166.685688	-86.197158	31.037018
06133		9.215257	0.298244	-0.350516	0.069352	0.138570	-0.234476	-0.357178	-0.249268	0.526855	164.478939	-86.240069	33.292099
06134		9.143328	0.234180	-0.636552	0.033317	0.103124	-0.244322	-0.355225	-0.251221	0.528809	162.229078	-86.256102	35.568958
06135		8.968230	0.321169	-1.025480	-0.001621	0.105293	-0.227796	-0.348633	-0.252197	0.529541	160.060482	-86.270566	37.744938
06136		8.712459	0.422454	-1.204951	0.032291	0.086643	-0.175106	-0.353516	-0.254639	0.529541	158.402406	-86.281055	39.428098
06137		8.379918	0.455128	-1.094229	0.101824	0.062472	-0.094942	-0.354004	-0.254395	0.537598	157.499346	-86.293429	40.395218
06138		8.216658	0.489110	-0.841078	0.115629	0.064359	-0.013603	-0.355957	-0.259277	0.530762	157.269754	-86.324137	40.694704
06139		8.183822	0.641344	-0.704893	0.080203	0.122275	0.054772	-0.350830	-0.252197	0.525391	157.369366	-86.400512	40.644632
06140		8.211160	0.757735	-0.675480	0.027932	0.215206	0.102603	-0.349365	-0.267822	0.525146	157.535561	-86.536569	40.497191
06141		8.381360	0.940545	-0.651323	0.000007	0.300354	0.118196	-0.357178	-0.256104	0.526611	157.505485	-86.721105	40.531017
06142		8.580682	1.108381	-0.665286	-0.006658	0.334590	0.102896	-0.355225	-0.260254	0.521484	157.191418	-86.920339	40.844808
06143		8.810786	1.237822	-0.642739	-0.025637	0.351166	0.079690	-0.361816	-0.261230	0.523926	156.490177	-87.122933	41.535980
06144		8.974492	1.263560	-0.666056	-0.042144	0.352606	0.056647	-0.359863	-0.252441	0.521484	155.424190	-87.320281	42.582144
06145		9.039108	1.334078	-0.782825	-0.045674	0.309930	0.037007	-0.363037	-0.257813	0.522705	154.184651	-87.489687	43.800450
06146		9.017002	1.285386	-0.880177	-0.063938	0.243756	0.031983	-0.368164	-0.263916	0.526611	153.128374	-87.622620	44.824163
06147		8.996345	1.313855	-1.089873	-0.098501	0.175386	0.045858	-0.364258	-0.267822	0.514160	152.553115	-87.723754	45.347105
06148		8.833487	1.273703	-1.295507	-0.139843	0.104108	0.061011	-0.371338	-0.253174	0.520508	152.614501	-87.792397	45.208663
06149		8.651593	1.269948	-1.463758	-0.159685	0.043101	0.079954	-0.375244	-0.260254	0.519775	153.334700	-87.834940	44.400071
06150		8.534936	1.238306	-1.474683	-0.132245	0.020110	0.099982	-0.374512	-0.263184	0.514893	154.547423	-87.869911	43.113869
06151		8.429697	1.178574	-1.185293	-0.070984	0.027896	0.122546	-0.369873	-0.264893	0.511475	156.096174	-87.913430	41.527062
06152		8.394026	1.057592	-0.830717	0.004427	0.034684	0.148444	-0.375000	-0.268799	0.510498	158.111905	-87.964098	39.515780
06153		8.380598	0.891843	-0.692168	0.034169	0.038361	0.177624	-0.367676	-0.261230	0.520996	160.666594	-88.020097	36.982802
06154		8.499964	0.736680	-0.783227	0.008803	0.017772	0.211609	-0.365967	-0.257568	0.515381	164.012372	-88.065666	33.643361
06155		8.631134	0.462684	-0.938451	-0.021305	-0.024471	0.251192	-0.377197	-0.261230	0.517822	168.298845	-88.085952	29.345949
06156		8.697657	0.349026	-1.222252	-0.060473	-0.089742	0.269368	-0.379883	-0.261719	0.510498	173.083271	-88.058956	24.527396
06157		8.832080	0.522643	-1.725480	-0.061891	-0.131270	0.258826	-0.374268	-0.265137	0.513672	177.552468	-87.995320	20.023760
06158		9.116563	0.819490	-1.997339	0.007896	-0.144116	0.213046	-0.368408	-0.261230	0.513184	-178.961006	-87.912749	16.542761
06159		9.501074	1.001177	-1.650034	0.025925	-0.130818	0.179214	-0.376221	-0.259521	0.514648	-176.238848	-87.832682	13.837283
06160		9.954351	0.749123	-1.026730	0.006078	-0.071597	0.166407	-0.376709	-0.264160	0.515381	-173.818889	-87.781875	11.422251
06161		10.467901	0.432900	-0.729166	-0.033084	0.006430	0.156220	-0.375244	-0.263672	0.516602	-171.511554	-87.773164	9.097900
06162		10.800180	0.292414	-1.481960	-0.135644	0.081167	0.137233	-0.384033	-0.261475	0.510498	-169.357665	-87.804206	6.867857
06163		10.637700	0.606955	-2.967071	-0.227929	0.006197	0.097787	-0.377197	-0.269531	0.512695	-168.015003	-87.795700	5.397205
06164		10.221005	1.114665	-4.122560	-0.086538	-0.198990	0.071316	-0.367432	-0.264404	0.511475	-167.643237	-87.673739	4.978711
06165		9.872420	1.530525	-3.565916	0.244653	-0.268518	0.073761	-0.372314	-0.259521	0.515137	-167.293058	-87.513372	4.772215
06166		10.050044	1.464560	-1.723551	0.540157	-0.011258	0.089125	-0.374756	-0.259033	0.520264	-165.865145	-87.493135	3.655852
06167		10.739556	0.905641	-0.043322	0.750484	0.508768	0.114186	-0.376465	-0.250488	0.520752	-161.951548	-87.754142	0.172956
06168		11.990609	-0.006391	0.139811	0.869286	0.930586	0.155615	-0.387451	-0.249023	0.516602	-153.341970	-88.212354	-7.940328
06169		12.898250	-0.382917	-1.945545	1.190414	0.608541	0.194717	-0.382568	-0.245117	0.512939	-143.072243	-88.449538	-17.528337
06170		12.877444	0.877516	-3.640328	1.843338	-0.552645	0.163616	-0.385986	-0.234863	0.520264	-145.660642	-88.135274	-13.879026
06171		13.368996	2.100560	-0.569149	1.984613	-1.517103	0.084861	-0.374756	-0.219238	0.526855	-154.464568	-87.353617	-3.926848
06172		13.864592	1.801926	6.417766	0.676952	-0.711532	0.032635	-0.374023	-0.219238	0.531982	-157.106031	-86.971746	-0.890643
06173		12.309831	0.712516	5.284503	-0.220549	0.239500	-0.003965	-0.362793	-0.217773	0.531982	-156.207869	-87.097498	-1.912851
06174		11.227659	-0.961579	-1.092005	-0.261392	-0.142152	-0.006509	-0.374268	-0.222168	0.530518	-157.050207	-87.022400	-1.215884
06175		11.007086	-1.349406	-2.530156	-0.170597	-0.284940	0.055677	-0.373047	-0.223145	0.534912	-157.755504	-86.858278	-0.603772
06176		10.538940	-0.447541	1.721975	-0.313855	-0.184330	0.111097	-0.375732	-0.228760	0.531738	-157.595776	-86.734494	-0.940468
06177		9.894932	0.112320	3.781880	-0.630055	0.088031	0.098519	-0.379395	-0.234131	0.535645	-156.682862	-86.757903	-2.212740
06178		9.450739	0.283209	1.310719	-0.637724	0.066689	0.043565	-0.383545	-0.232666	0.538330	-156.367868	-86.781316	-2.890697
06179		9.335771	0.094282	0.079323	-0.536381	-0.075380	0.003307	-0.379150	-0.236816	0.535645	-156.932722	-86.739768	-2.629062
06180		9.422423	-0.266783	0.959944	-0.597431	0.010210	-0.033908	-0.376465	-0.245605	0.530029	-157.544778	-86.751082	-2.355301
06181		9.604202	-0.658319	1.443681	-0.680531	0.226328	-0.069417	-0.379395	-0.244873	0.525635	-157.693354	-86.885000	-2.593320
06182		10.027348	-0.824064	0.996420	-0.674385	0.305820	-0.088233	-0.382324	-0.247314	0.519531	-157.699490	-87.064812	-2.970487
06183		10.562986	-0.700760	0.704467	-0.587176	0.235758	-0.079980	-0.381104	-0.250732	0.513184	-157.846505	-87.206055	-3.156443
06184		10.842600	-0.454915	0.754295	-0.441224	0.111716	-0.044680	-0.383789	-0.257080	0.515381	-158.084572	-87.273581	-3.167552
06185		10.791543	-0.380250	0.644238	-0.324088	0.007258	0.008582	-0.384521	-0.259521	0.522217	-158.125112	-87.274477	-3.309173
06186		10.477531	-0.420116	0.600943	-0.244490	-0.054929	0.068030	-0.387451	-0.252441	0.524170	-157.749104	-87.229328	-3.822179
06187		10.349336	-0.585910	0.566493	-0.129911	-0.099246	0.116842	-0.384277	-0.259033	0.515625	-156.994375	-87.149945	-4.648647
06188		10.108235	-1.056543	0.459897	0.148737	-0.375647	0.167780	-0.389160	-0.250244	0.515625	-156.821939	-86.912970	-4.732277
06189		9.689797	-1.616053	0.762168	-0.029391	-0.109269	0.203715	-0.386719	-0.256348	0.519043	-155.342117	-86.807258	-6.227495
06190		9.378694	-1.998781	0.829414	-0.045777	-0.004439	0.250268	-0.379639	-0.251953	0.518066	-153.086836	-86.741312	-8.508936
06191		8.990518	-2.290840	0.207559	-0.070925	-0.113907	0.274737	-0.377197	-0.257324	0.521973	-151.243550	-86.608894	-10.392340
06192		8.596389	-2.406741	-0.215580	-0.066897	-0.109368	0.296956	-0.379395	-0.260986	0.518066	-149.341286	-86.468833	-12.332846
06193		8.331689	-2.378427	-0.190530	0.004791	-0.119696	0.303603	-0.382813	-0.247803	0.520020	-147.545743	-86.318121	-14.125505
06194		8.261224	-2.269264	0.224713	0.007554	-0.067631	0.301113	-0.387451	-0.258545	0.521484	-145.656643	-86.189400	-16.010775
06195		8.288920	-2.078830	0.499081	-0.036667	-0.006446	0.293905	-0.378174	-0.248535	0.515625	-143.665271	-86.087727	-18.024036
06196		8.406771	-1.728124	0.449344	-0.078886	0.047067	0.286224	-0.384277	-0.250977	0.518555	-141.576278	-86.008138	-20.159835
06197		8.521973	-1.299886	0.195826	-0.115511	0.070711	0.273864	-0.389404	-0.253174	0.515869	-139.547952	-85.938474	-22.255829
06198		8.656101	-0.940737	-0.195078	-0.162564	0.068412	0.266052	-0.392578	-0.253418	0.522949	-137.672646	-85.865595	-24.225867
06199		8.746572	-0.715996	-0.428490	-0.187533	0.057242	0.250869	-0.387451	-0.258301	0.520020	-136.028968	-85.789934	-25.977948
06200		8.762463	-0.669795	-0.627039	-0.184984	0.069416	0.243270	-0.387695	-0.253418	0.528076	-134.415538	-85.718458	-27.698655
06201		8.662881	-0.749402	-0.726849	-0.159494	0.080860	0.216410	-0.398193	-0.241699	0.522461	-132.921586	-85.659466	-29.284789
06202		8.464531	-0.880702	-0.758360	-0.108828	0.098033	0.186218	-0.392334	-0.252686	0.513428	-131.490724	-85.616599	-30.778919
06203		8.226778	-1.039003	-0.668552	-0.072717	0.076967	0.147716	-0.398438	-0.256836	0.521240	-130.374976	-85.580261	-31.936055
06204		8.130390	-1.219306	-0.658684	-0.062088	0.062031	0.106632	-0.396973	-0.249512	0.508301	-129.545699	-85.554646	-32.800113
06205		8.115559	-1.414920	-0.685167	-0.048487	0.099096	0.066155	-0.394287	-0.247314	0.512695	-128.695080	-85.559774	-33.677461
06206		8.281082	-1.567113	-0.639362	-0.010437	0.140218	0.037493	-0.396484	-0.253174	0.505371	-127.706646	-85.590904	-34.671511
06207		8.453714	-1.639732	-0.694951	0.064105	0.176171	0.006831	-0.403320	-0.251709	0.518066	-126.585742	-85.647450	-35.755164
06208		8.722922	-1.679484	-0.712618	0.122230	0.180313	-0.019118	-0.400635	-0.250977	0.510010	-125.488374	-85.715344	-36.782154
06209		8.993735	-1.610192	-0.863118	0.170294	0.176273	-0.028407	-0.396729	-0.246338	0.510742	-124.399735	-85.785251	-37.772255
06210		9.207808	-1.536371	-0.996319	0.208524	0.169419	-0.032806	-0.402100	-0.246338	0.507568	-123.314939	-85.853118	-38.736953
06211		9.261627	-1.370859	-1.063344	0.248598	0.139878	-0.036293	-0.401367	-0.244873	0.506836	-122.392182	-85.912785	-39.515595
06212		9.212351	-1.313323	-1.062327	0.267668	0.094615	-0.049105	-0.397705	-0.247070	0.509277	-121.797579	-85.963528	-39.954821
06213		9.120721	-1.231496	-1.073956	0.254356	0.059363	-0.060259	-0.397949	-0.251953	0.512207	-121.496097	-86.009487	-40.107254
06214		9.076126	-1.206941	-1.199266	0.212531	0.047703	-0.069663	-0.402344	-0.250000	0.515381	-121.333454	-86.055839	-40.145163
06215		8.937657	-1.188710	-1.436713	0.185089	0.067479	-0.087865	-0.404785	-0.249512	0.514160	-121.124607	-86.117656	-40.244505
06216		8.878164	-1.185783	-1.686156	0.167888	0.050162	-0.109531	-0.401367	-0.253174	0.515625	-121.141102	-86.184211	-40.128576
06217		8.731867	-1.189850	-1.949469	0.192042	0.016494	-0.135572	-0.409668	-0.249268	0.513672	-121.519112	-86.254199	-39.635774
06218		8.623553	-1.150453	-2.015691	0.225970	-0.001743	-0.165394	-0.406494	-0.251709	0.514648	-122.171071	-86.332067	-38.849812
06219		8.447192	-1.096080	-1.995619	0.253196	-0.025837	-0.201240	-0.403809	-0.247803	0.507813	-123.204536	-86.419836	-37.665219
06220		8.434968	-0.989673	-1.959689	0.272013	-0.042727	-0.240755	-0.407959	-0.244629	0.509033	-124.621720	-86.518465	-36.086398
06221		8.468405	-0.817906	-1.851251	0.271716	-0.033031	-0.278793	-0.402100	-0.257324	0.516846	-126.270594	-86.636349	-34.274924
06222		8.629481	-0.687185	-1.792785	0.271091	-0.013946	-0.297741	-0.402344	-0.250244	0.513672	-128.007898	-86.765259	-32.376445
06223		8.839810	-0.582391	-1.771677	0.248901	0.016962	-0.309884	-0.408936	-0.254883	0.510986	-129.741299	-86.908315	-30.493880
06224		9.074931	-0.601415	-1.777293	0.233486	0.052709	-0.303385	-0.403564	-0.256348	0.517090	-131.308877	-87.057749	-28.787518
06225		9.308669	-0.563252	-1.763405	0.261746	0.068802	-0.278128	-0.407715	-0.247559	0.508789	-132.696492	-87.201272	-27.244311
06226		9.477476	-0.650638	-1.616237	0.301529	0.067447	-0.245483	-0.403809	-0.254395	0.512695	-133.947314	-87.327727	-25.816517
06227		9.541792	-0.733156	-1.360358	0.319304	0.061257	-0.216769	-0.406250	-0.244873	0.512695	-135.116721	-87.439601	-24.459060
06228		9.646058	-0.823101	-1.296103	0.306541	0.074035	-0.182256	-0.405762	-0.250488	0.513428	-135.953899	-87.540578	-23.442750
06229		9.794472	-0.925470	-1.445683	0.260675	0.104731	-0.148238	-0.401855	-0.246582	0.512451	-136.263228	-87.641427	-22.979967
06230		9.951702	-0.984075	-1.649683	0.239545	0.089090	-0.118026	-0.410889	-0.247803	0.510742	-136.454148	-87.722526	-22.649069
06231		9.968861	-1.035296	-1.955236	0.212521	0.026545	-0.098721	-0.408447	-0.255859	0.509033	-137.107312	-87.771065	-21.869849
06232		9.972683	-1.196216	-2.327223	0.168940	-0.034884	-0.101531	-0.402100	-0.246582	0.512451	-138.457864	-87.792755	-20.419044
06233		9.879205	-1.269557	-2.582410	0.166103	-0.076388	-0.134835	-0.397949	-0.251221	0.503418	-140.623102	-87.808320	-18.153280
06234		9.635872	-1.372644	-2.508297	0.133195	-0.102494	-0.212984	-0.401367	-0.249023	0.512939	-144.012577	-87.833746	-14.682734
06235		9.804899	-1.646493	-2.068782	-0.014670	-0.075832	-0.300943	-0.408691	-0.247803	0.513428	-148.497430	-87.892213	-10.199485
06236		10.219173	-1.862547	-1.246338	-0.146059	0.020109	-0.384499	-0.404297	-0.262695	0.508057	-153.786686	-88.006007	-4.988463
06237		11.045339	-1.514970	-0.910109	-0.324077	0.185379	-0.478489	-0.400391	-0.260986	0.508789	-160.343696	-88.209833	1.390012
06238		12.443952	-0.762446	-1.554537	-0.771511	0.186351	-0.603062	-0.398438	-0.265869	0.514160	-171.159444	-88.396636	11.770255
06239		13.642842	-0.069963	-2.332079	-1.016469	-0.263591	-0.702634	-0.395264	-0.280029	0.518066	174.349052	-88.254986	25.688923
06240		14.384446	0.679470	-1.970034	-0.671357	-0.766161	-0.623580	-0.394531	-0.288086	0.515381	166.062991	-87.758726	33.596999
06241		15.134136	1.333658	0.298420	0.185846	-0.762582	-0.340239	-0.389648	-0.287842	0.514404	164.416295	-87.285960	35.355494
06242		15.507564	2.405367	3.320704	0.822161	-0.177811	-0.013325	-0.391846	-0.278076	0.512451	165.342774	-87.184115	34.901599
06243		14.502917	3.501291	3.982475	0.752574	0.190640	0.241885	-0.391602	-0.278564	0.510010	168.089997	-87.321728	32.586600
06244		12.591728	4.029946	2.433666	0.601838	0.104933	0.345017	-0.385254	-0.267578	0.516357	172.505330	-87.412890	28.514153
06245		9.969448	2.436924	1.612340	0.872506	-0.741502	0.284982	-0.383789	-0.261719	0.524658	177.151781	-87.003498	24.366409
06246		8.595145	0.338134	3.223005	1.334295	-1.159192	0.193250	-0.386475	-0.261475	0.525391	-179.874018	-86.340428	22.155640
06247		8.349783	-1.171133	3.602326	0.705527	-0.574203	0.046153	-0.384521	-0.265137	0.534424	-179.099777	-86.010384	21.788510
06248		7.866517	-2.122211	1.513877	-0.171951	-0.201485	-0.089856	-0.384033	-0.256836	0.536621	-179.911008	-85.893994	22.505760
06249		7.920390	-2.802500	-0.650291	-0.487668	-0.103252	-0.135237	-0.382813	-0.264160	0.531494	178.763985	-85.833254	23.557781
06250		8.595929	-2.979360	-1.924658	-0.404625	0.081403	-0.141201	-0.377930	-0.262207	0.526123	177.426203	-85.875926	24.669307
06251		9.167866	-2.585606	-1.991921	-0.164652	0.197854	-0.146573	-0.392334	-0.262451	0.535156	176.081707	-85.983599	25.926322
06252		9.782213	-1.628207	-1.628880	0.133524	0.303731	-0.133086	-0.386963	-0.267334	0.525391	174.889326	-86.149859	27.200689
06253		10.516040	-0.564534	-0.931956	0.437142	0.352434	-0.069113	-0.384277	-0.269287	0.528564	174.267717	-86.346432	28.078330
06254		11.207261	0.456506	-0.009531	0.667251	0.326975	0.023348	-0.387939	-0.264160	0.533691	174.613173	-86.532979	28.117658
06255		11.669207	1.538214	1.182851	0.799351	0.248934	0.101871	-0.388184	-0.259033	0.532227	175.874200	-86.679228	27.316910
06256		11.651404	2.307104	2.496510	0.751168	0.107341	0.111841	-0.394287	-0.256592	0.534912	177.396974	-86.743188	26.225221
06257		11.020239	2.674699	3.754031	0.468951	-0.174089	0.079499	-0.391113	-0.245850	0.531006	178.536398	-86.644338	25.356729
06258		9.941126	2.914842	2.436659	0.108437	-0.168622	0.004162	-0.386475	-0.252197	0.532959	178.714666	-86.546782	25.243150
06259		8.744402	2.855948	0.782213	-0.051174	0.028574	-0.078772	-0.387695	-0.251221	0.533447	177.948920	-86.561046	25.984605
06260		8.022048	2.568913	0.095678	-0.028075	-0.067218	-0.141615	-0.390381	-0.259033	0.532715	176.656193	-86.517903	27.266574
06261		7.776998	2.106154	0.349082	0.015014	-0.202274	-0.179835	-0.396484	-0.262451	0.526611	175.159543	-86.394198	28.778404
06262		7.811345	1.659127	0.855914	-0.012527	-0.197766	-0.215556	-0.396973	-0.262695	0.536621	173.441371	-86.268442	30.496058
06263		8.016097	1.317386	0.918579	-0.118852	-0.055199	-0.240422	-0.389893	-0.260742	0.536865	171.377658	-86.218212	32.499665
06264		8.292107	1.031287	0.639532	-0.223791	0.065281	-0.244164	-0.388184	-0.269531	0.528320	169.092496	-86.230817	34.664568
06265		8.641746	0.736875	0.125011	-0.330938	0.036482	-0.260188	-0.382568	-0.269043	0.533691	166.648297	-86.219338	36.927750
06266		8.972191	0.493877	-0.331095	-0.375011	-0.037219	-0.278210	-0.385010	-0.272217	0.529785	164.225750	-86.158253	39.143669
06267		9.180230	0.273399	-0.686207	-0.404036	-0.046949	-0.297209	-0.389160	-0.275146	0.528809	161.730588	-86.082179	41.416229
06268		9.198731	0.218889	-1.093894	-0.395075	0.011892	-0.308241	-0.385498	-0.287842	0.533936	159.085051	-86.029151	43.844510
06269		8.971589	0.227987	-1.218768	-0.292284	-0.024199	-0.264756	-0.388184	-0.284180	0.537598	157.003756	-85.959182	45.766721
06270		8.699170	0.183808	-1.221159	-0.187133	-0.086557	-0.185117	-0.380127	-0.280762	0.521240	155.839854	-85.871162	46.829441
06271		8.390133	0.208801	-1.143758	-0.110689	-0.067322	-0.080676	-0.388428	-0.296387	0.526611	155.436771	-85.816626	47.173697
06272		8.174176	0.217370	-1.000126	-0.078422	-0.010122	0.009764	-0.383789	-0.282959	0.525635	155.520753	-85.813525	47.047765
06273		8.075790	0.401442	-0.916532	-0.052927	0.076221	0.078384	-0.384766	-0.283691	0.522949	155.826773	-85.871487	46.714230
06274		8.093564	0.614607	-0.791799	-0.026977	0.167150	0.108729	-0.379883	-0.294189	0.524658	156.089536	-85.984143	46.438622
06275		8.228766	0.772047	-0.686276	-0.009656	0.232490	0.094072	-0.388428	-0.278320	0.520020	156.036376	-86.127421	46.490058
06276		8.486059	1.005870	-0.622683	-0.015386	0.260995	0.061677	-0.390137	-0.285400	0.529785	155.619196	-86.278112	46.902652
06277		8.669990	1.210225	-0.659012	-0.031267	0.300136	0.022565	-0.396729	-0.284180	0.517578	154.673193	-86.439269	47.836313
06278		8.932540	1.391659	-0.601002	-0.046204	0.327912	0.001653	-0.396729	-0.291504	0.521973	153.335131	-86.608379	49.153688
06279		9.069064	1.435197	-0.609983	-0.077493	0.307021	-0.001669	-0.401855	-0.284424	0.518311	151.904360	-86.763889	50.546073
06280		9.170905	1.401163	-0.738370	-0.133956	0.245880	0.021819	-0.391846	-0.284912	0.520752	150.839010	-86.893383	51.539613
06281		9.185562	1.438781	-1.070886	-0.190573	0.188194	0.052594	-0.392822	-0.301270	0.509277	150.255145	-87.001874	52.018654
06282		9.137526	1.449896	-1.412395	-0.229193	0.146123	0.082900	-0.405029	-0.290039	0.511963	150.149066	-87.097944	51.996852
06283		9.039884	1.500837	-1.571890	-0.265955	0.090088	0.105835	-0.401855	-0.298340	0.517334	150.568892	-87.172581	51.427622
06284		8.858811	1.494576	-1.589028	-0.293606	0.044238	0.131418	-0.405762	-0.294434	0.506592	151.531198	-87.230905	50.299239
06285		8.688930	1.384473	-1.491942	-0.329724	0.011416	0.160172	-0.409424	-0.296631	0.516357	153.003126	-87.279148	48.640177
06286		8.480084	1.233876	-1.422474	-0.356790	-0.011310	0.191577	-0.408936	-0.299316	0.512207	154.984404	-87.320983	46.455566
06287		8.338029	0.998490	-1.333998	-0.359766	-0.046447	0.215893	-0.410889	-0.302002	0.513428	157.469976	-87.346156	43.764638
06288		8.192919	0.710401	-1.217546	-0.364476	-0.070500	0.245150	-0.410400	-0.304443	0.509033	160.442063	-87.358223	40.583855
06289		8.166742	0.328453	-1.222723	-0.401043	-0.065688	0.277719	-0.416504	-0.301270	0.510986	163.783586	-87.370815	37.012463
06290		8.261922	-0.086228	-1.231735	-0.400326	-0.024757	0.304445	-0.408936	-0.298828	0.507324	167.361845	-87.399677	33.204388
06291		8.399480	-0.236543	-1.393702	-0.262870	0.027112	0.292862	-0.412598	-0.300537	0.499023	170.836261	-87.446074	29.579382
06292		8.776721	-0.007863	-1.467419	-0.063119	0.089108	0.249031	-0.406494	-0.297852	0.508789	173.889279	-87.514596	26.490681
06293		9.121080	0.221362	-1.367041	0.060932	0.118285	0.195334	-0.421631	-0.301270	0.502441	176.428479	-87.590860	23.987799
06294		9.488116	0.238200	-1.057185	0.130428	0.151558	0.156282	-0.412598	-0.299072	0.505615	178.607354	-87.680282	21.885293
06295		9.961881	0.025210	-0.596758	0.125373	0.171126	0.130617	-0.416992	-0.290039	0.511719	-179.422038	-87.778064	19.988718
06296		10.413058	-0.053451	-0.777393	-0.015108	0.167864	0.093162	-0.421631	-0.299561	0.493408	-177.939033	-87.871682	18.499402
06297		10.621003	0.125840	-1.825333	-0.225861	0.167885	0.056821	-0.423584	-0.291992	0.504639	-177.027090	-87.965495	17.461054
06298		10.466976	0.516181	-2.906697	-0.337689	0.125386	0.055070	-0.422363	-0.305176	0.505615	-176.167794	-88.033941	16.411023
06299		9.957861	1.063195	-3.422879	-0.359472	-0.045152	0.096194	-0.425293	-0.308350	0.501709	-174.813800	-88.002922	14.853823
06300		9.419493	1.523061	-3.247278	-0.323184	-0.201613	0.154053	-0.426514	-0.300293	0.507568	-172.879110	-87.876991	12.735914
06301		8.944243	2.031923	-2.448882	-0.246622	-0.148085	0.215771	-0.428467	-0.308838	0.501465	-170.104250	-87.773798	9.821340
06302		8.975004	2.337775	-1.167379	-0.122858	0.047098	0.251407	-0.428467	-0.307129	0.505127	-166.393811	-87.769098	6.040963
06303		9.807782	2.159622	-0.427890	0.121560	0.492154	0.260777	-0.432861	-0.311768	0.497559	-160.238091	-87.995565	-0.045559
06304		11.599999	1.429999	-0.467480	0.253716	0.903104	0.263921	-0.436768	-0.299072	0.492676	-148.653042	-88.397364	-11.487388
06305		13.213215	0.756282	-2.107925	0.557957	0.602824	0.260410	-0.433105	-0.291992	0.505859	-135.810208	-88.578836	-24.011158
06306		13.851875	1.152653	-3.073186	1.298484	-0.635919	0.192636	-0.433594	-0.287109	0.507324	-140.831141	-88.231188	-18.240603
06307		14.678496	1.268116	1.277631	1.182621	-1.363947	0.080003	-0.434570	-0.288574	0.514648	-151.022357	-87.553905	-7.360972
06308		14.846666	0.936747	5.184156	0.175059	-0.748810	0.024367	-0.432373	-0.283447	0.506592	-154.885764	-87.163393	-3.389589
06309		13.202287	-0.714250	2.087363	-0.434309	-0.356012	0.030315	-0.427490	-0.285645	0.516846	-156.450869	-86.969206	-2.067906
06310		11.824758	-2.383058	-2.084438	-0.304619	-0.432491	0.052519	-0.424805	-0.288086	0.515625	-157.867337	-86.727566	-0.820428
06311		11.068279	-2.755757	-0.594192	-0.045852	-0.560934	0.114609	-0.430176	-0.294922	0.518555	-158.837977	-86.403479	0.129331
06312		10.326113	-1.681283	2.835146	-0.387145	-0.177806	0.138723	-0.427002	-0.297119	0.523682	-158.477743	-86.277993	-0.450392
06313		9.582093	-0.683115	2.997239	-0.723753	-0.028982	0.104164	-0.428955	-0.300049	0.519775	-158.125024	-86.239369	-1.215734
06314		9.254740	-0.118456	1.323843	-0.635961	-0.130138	0.056583	-0.435547	-0.312744	0.516602	-158.445344	-86.156618	-1.256282
06315		9.023618	-0.075289	0.775094	-0.414970	-0.232023	0.030989	-0.416504	-0.306641	0.515869	-159.131759	-86.025137	-0.802885
06316		8.911077	-0.259622	0.891239	-0.393955	-0.144830	-0.002198	-0.424072	-0.304932	0.515625	-159.782562	-85.946493	-0.373077
06317		8.828745	-0.441114	0.847711	-0.489063	0.026455	-0.044511	-0.428711	-0.310303	0.514404	-160.315754	-85.968334	-0.115769
06318		9.228867	-0.349203	0.717447	-0.493241	0.160180	-0.095141	-0.430176	-0.312012	0.511475	-160.891693	-86.071713	0.182004
06319		9.812091	-0.127758	0.530671	-0.406442	0.188895	-0.142317	-0.434570	-0.310059	0.511475	-161.740992	-86.199268	0.803529
06320		10.410788	0.281556	0.301017	-0.263059	0.086567	-0.142274	-0.436523	-0.313721	0.506348	-162.833537	-86.270111	1.751171
06321		10.785581	0.392305	0.018260	-0.158728	-0.031180	-0.103357	-0.431885	-0.313965	0.507813	-163.858385	-86.268898	2.690754
06322		10.902612	0.237331	0.142072	-0.121838	-0.104174	-0.037249	-0.432861	-0.325439	0.509277	-164.479589	-86.216157	3.247178
06323		10.820568	-0.206102	0.291159	-0.071164	-0.110206	0.028270	-0.430664	-0.319092	0.517578	-164.524450	-86.149928	3.254970
06324		10.731976	-0.759765	0.501217	-0.040875	-0.069844	0.085262	-0.433105	-0.320313	0.512451	-164.004989	-86.097079	2.714733
06325		10.670664	-1.398145	0.478335	-0.012269	-0.061279	0.125938	-0.427490	-0.319336	0.512695	-163.134949	-86.041926	1.839291
06326		10.619128	-1.910285	0.442824	-0.000276	-0.079472	0.167211	-0.432373	-0.314941	0.515381	-162.011880	-85.968746	0.717223
06327		9.902315	-2.402325	0.141098	0.053829	-0.337119	0.211412	-0.425537	-0.325928	0.515625	-161.221775	-85.746152	-0.040330
06328		9.395535	-2.631089	0.179717	0.024310	-0.195808	0.233507	-0.434326	-0.318115	0.513184	-160.022101	-85.594880	-1.225625
06329		8.971963	-2.626708	0.262311	0.070483	-0.180565	0.258336	-0.430176	-0.325684	0.525391	-158.667853	-85.444736	-2.539816
06330		8.597094	-2.438943	0.111385	0.092234	-0.178840	0.271013	-0.437012	-0.322510	0.522461	-157.301187	-85.290455	-3.854173
06331		8.240509	-2.058030	0.119041	0.097085	-0.097492	0.268827	-0.439209	-0.319336	0.518555	-155.806560	-85.176767	-5.294467
06332		8.036239	-1.640962	0.169470	0.065108	-0.030675	0.255824	-0.427979	-0.311035	0.520264	-154.282650	-85.097875	-6.782735
06333		8.050351	-1.235171	0.051252	-0.019404	0.049161	0.249581	-0.434570	-0.317139	0.530762	-152.652152	-85.058016	-8.426725
06334		8.059189	-0.888494	-0.203862	-0.092411	0.128157	0.254967	-0.434082	-0.314941	0.522949	-150.804252	-85.052349	-10.330987
06335		8.154455	-0.640875	-0.433784	-0.133518	0.176865	0.257178	-0.446289	-0.313721	0.522705	-148.809199	-85.064625	-12.406566
06336		8.222796	-0.453086	-0.508946	-0.152841	0.187844	0.255454	-0.445557	-0.316406	0.517090	-146.784538	-85.076511	-14.522960
06337		8.287636	-0.396020	-0.470764	-0.158427	0.182702	0.249099	-0.445068	-0.313965	0.523926	-144.812811	-85.081628	-16.589387
06338		8.347825	-0.478420	-0.516788	-0.173540	0.185845	0.229208	-0.445801	-0.311279	0.521484	-142.938244	-85.088992	-18.566988
06339		8.312412	-0.648012	-0.614430	-0.188401	0.171015	0.203325	-0.453613	-0.312744	0.509521	-141.267918	-85.093498	-20.348103
06340		8.250542	-0.854903	-0.687907	-0.185914	0.164706	0.170915	-0.447998	-0.312744	0.511963	-139.783993	-85.102829	-21.940713
06341		8.215898	-1.043951	-0.710837	-0.150384	0.175223	0.135553	-0.449463	-0.310547	0.515625	-138.407942	-85.126584	-23.404557
06342		8.306230	-1.322968	-0.610254	-0.112855	0.185548	0.099121	-0.454834	-0.310059	0.515137	-137.126955	-85.165819	-24.751403
06343		8.434703	-1.537902	-0.533663	-0.052129	0.218147	0.060337	-0.452881	-0.317139	0.516357	-135.828042	-85.231366	-26.081161
06344		8.634506	-1.652949	-0.552491	0.019082	0.255525	0.020274	-0.460449	-0.309082	0.513672	-134.458287	-85.325591	-27.441014
06345		8.864583	-1.696297	-0.521790	0.070201	0.246107	-0.016394	-0.450684	-0.311523	0.515625	-133.235880	-85.428766	-28.623356
06346		9.148948	-1.661965	-0.714803	0.106351	0.202623	-0.039222	-0.464111	-0.308838	0.503418	-132.281682	-85.522648	-29.515875
06347		9.400528	-1.579438	-0.894905	0.135291	0.151899	-0.052761	-0.462158	-0.308594	0.508301	-131.626104	-85.602025	-30.091976
06348		9.547216	-1.495118	-1.118651	0.137616	0.079580	-0.061429	-0.460449	-0.313721	0.510010	-131.396769	-85.657095	-30.239432
06349		9.501677	-1.417469	-1.397426	0.121088	0.034005	-0.068036	-0.466064	-0.319580	0.509033	-131.471094	-85.697923	-30.091620
06350		9.290208	-1.356833	-1.601793	0.094768	-0.006929	-0.084159	-0.468262	-0.314453	0.511475	-131.875011	-85.729730	-29.628729
06351		9.035196	-1.215394	-1.799086	0.098268	-0.036637	-0.101517	-0.467529	-0.320557	0.509521	-132.548113	-85.757418	-28.893608
06352		8.748013	-1.046692	-1.757768	0.076434	-0.048890	-0.135197	-0.461182	-0.314941	0.511963	-133.487638	-85.793302	-27.904309
06353		8.481633	-0.911451	-1.637595	0.035663	-0.079430	-0.176678	-0.460693	-0.314941	0.516357	-134.871572	-85.832900	-26.492487
06354		8.289117	-0.678500	-1.643257	-0.011175	-0.084768	-0.219468	-0.455566	-0.317139	0.517822	-136.579607	-85.884220	-24.783177
06355		8.195592	-0.426197	-1.984844	0.015405	-0.096722	-0.247943	-0.461182	-0.317871	0.511230	-138.554354	-85.937902	-22.790847
06356		8.258135	-0.253888	-2.198171	0.100387	-0.084052	-0.265491	-0.462402	-0.320068	0.517578	-140.571414	-85.998200	-20.707964
06357		8.406926	-0.097810	-2.324556	0.189529	-0.097695	-0.281906	-0.459717	-0.319092	0.516357	-142.778760	-86.053200	-18.382748
06358		8.565515	-0.017299	-2.120850	0.272545	-0.100092	-0.288385	-0.462402	-0.327393	0.523926	-145.050763	-86.102435	-15.945795
06359		8.702064	0.004754	-1.666431	0.278383	-0.101852	-0.291090	-0.456543	-0.323975	0.517578	-147.407234	-86.145411	-13.420359
06360		8.915549	-0.179566	-1.301041	0.223738	-0.065429	-0.278843	-0.458008	-0.318604	0.518555	-149.593099	-86.195181	-11.098068
06361		9.225099	-0.397964	-1.235778	0.139518	0.016581	-0.264021	-0.453125	-0.329590	0.518555	-151.432875	-86.276720	-9.170511
06362		9.465193	-0.640335	-1.293318	0.116461	0.080893	-0.240666	-0.452393	-0.327148	0.514160	-152.913962	-86.380346	-7.616484
06363		9.794177	-0.960199	-1.425095	0.076829	0.100175	-0.210847	-0.463379	-0.324707	0.520264	-154.182480	-86.484376	-6.297704
06364		10.088791	-1.219982	-1.791450	-0.006417	0.079105	-0.176986	-0.457275	-0.337158	0.518311	-155.361332	-86.566848	-5.117392
06365		10.313614	-1.451997	-2.297594	-0.050853	0.042295	-0.144238	-0.463379	-0.331543	0.517578	-156.478727	-86.621540	-4.023514
06366		10.228416	-1.692599	-2.799055	-0.042207	-0.014063	-0.111806	-0.466309	-0.332275	0.511719	-157.538120	-86.637324	-2.983647
06367		9.979863	-1.832878	-2.920793	-0.023647	-0.131910	-0.132882	-0.458008	-0.331299	0.519287	-159.205291	-86.593997	-1.323443
06368		9.640636	-1.931443	-2.622195	-0.011323	-0.226308	-0.187161	-0.451904	-0.330322	0.518311	-161.587643	-86.505893	1.059434
06369		9.626180	-1.902090	-2.099884	-0.036660	-0.181274	-0.257457	-0.457764	-0.338135	0.521484	-164.378633	-86.448658	3.838355
06370		9.916121	-1.715660	-1.593918	-0.159831	0.059102	-0.316096	-0.454102	-0.337646	0.524414	-167.168911	-86.524085	6.544690
06371		10.690348	-1.261058	-1.501310	-0.383168	0.338148	-0.372804	-0.463867	-0.344238	0.522217	-170.293892	-86.754912	9.458822
06372		11.927736	-0.363237	-2.033520	-0.647713	0.467297	-0.446321	-0.456787	-0.347656	0.507813	-174.671751	-87.052167	13.473861
06373		13.101781	0.481434	-2.747154	-0.899103	0.280249	-0.529363	-0.462891	-0.362549	0.502197	178.889619	-87.223165	19.408413
06374		13.604123	1.127897	-2.416930	-0.873378	-0.178050	-0.556304	-0.458740	-0.363037	0.498047	172.185028	-87.094909	25.622608
06375		13.656435	1.534404	-0.726500	-0.571284	-0.653858	-0.478425	-0.448486	-0.369629	0.503662	168.095768	-86.678012	29.393771
06376		14.171118	1.626058	1.740210	-0.054672	-0.744275	-0.272747	-0.451172	-0.371094	0.506836	167.115584	-86.226606	30.346890
06377		14.916886	2.209508	3.777672	0.319858	-0.383498	-0.016610	-0.450439	-0.374268	0.515381	167.883485	-86.009443	29.764607
06378		14.676979	2.693135	3.277614	0.510631	0.015177	0.188385	-0.453125	-0.365479	0.513428	169.705621	-86.037755	28.234044
06379		12.983158	3.043670	1.516652	0.586581	-0.089423	0.231517	-0.453613	-0.363525	0.515381	172.062024	-86.007530	26.212547
06380		10.138218	1.992411	-0.025677	0.577672	-0.784712	0.114346	-0.448242	-0.361328	0.523926	174.040123	-85.567959	24.563944
06381		8.599657	-0.159948	0.790973	0.974279	-1.385950	0.007603	-0.443359	-0.361572	0.541992	175.521391	-84.776812	23.641343
06382		8.477171	-1.865405	3.292767	0.906401	-0.761368	-0.032938	-0.442871	-0.356201	0.550293	176.193349	-84.339203	23.491093
06383		8.077916	-2.554607	1.606933	-0.087187	-0.054304	-0.103975	-0.440918	-0.357910	0.544922	175.582587	-84.303153	24.058372
06384		7.707665	-2.919861	-0.415914	-0.486610	0.036379	-0.110374	-0.443604	-0.358398	0.538330	174.673558	-84.317611	24.694813
06385		7.837390	-2.919139	-1.774029	-0.438168	-0.073233	-0.118275	-0.435547	-0.369385	0.547363	173.804443	-84.268348	25.319661
06386		8.441070	-2.322278	-2.255056	-0.202941	0.127721	-0.101278	-0.444092	-0.365479	0.543701	173.048510	-84.333508	25.965447
06387		9.183056	-1.473371	-1.860653	0.084986	0.325833	-0.062234	-0.448242	-0.366455	0.543213	172.509446	-84.513551	26.559704
06388		9.984279	-0.504570	-1.081441	0.382655	0.456322	-0.001219	-0.449219	-0.365967	0.533691	172.379237	-84.771730	26.913502
06389		10.869494	0.550512	0.103721	0.588448	0.534872	0.079822	-0.453125	-0.349854	0.535889	172.798005	-85.080846	26.835272
06390		11.596338	1.504474	1.924402	0.680280	0.468397	0.158315	-0.457520	-0.359619	0.539063	173.920820	-85.357004	26.102490
06391		11.764774	2.158013	2.904199	0.547490	0.166334	0.200805	-0.460205	-0.356201	0.531738	175.569734	-85.461727	24.766667
06392		10.964933	2.692459	1.880296	0.399359	0.006577	0.178507	-0.465088	-0.352051	0.540039	177.108847	-85.471205	23.455292
06393		9.818472	3.054965	0.351956	0.310946	-0.137451	0.058786	-0.458008	-0.348145	0.548828	177.768879	-85.393263	22.975583
06394		8.830675	3.053726	-0.106209	0.343473	-0.278174	-0.065934	-0.460449	-0.350098	0.547852	177.606720	-85.231739	23.338992
06395		8.301517	2.690577	0.206048	0.263816	-0.201282	-0.149511	-0.456787	-0.353027	0.540283	176.827209	-85.111618	24.276672
06396		8.086944	2.308008	0.697505	0.108586	0.018857	-0.193986	-0.457031	-0.349854	0.549316	175.604397	-85.114392	25.569808
06397		8.076088	1.860180	0.620688	-0.047016	0.193840	-0.212030	-0.456787	-0.351563	0.546143	174.045341	-85.213329	27.111099
06398		8.210577	1.546166	0.379094	-0.141650	0.254967	-0.215643	-0.453857	-0.355713	0.546387	172.288340	-85.343158	28.796213
06399		8.487081	1.269217	0.050186	-0.191623	0.202389	-0.213745	-0.466553	-0.357910	0.542480	170.478468	-85.438814	30.505507
06400		8.755338	1.007352	-0.187925	-0.213766	0.116251	-0.210685	-0.461914	-0.354736	0.547607	168.728979	-85.482135	32.141300
06401		8.926938	0.694871	-0.313576	-0.236858	0.043175	-0.224514	-0.458984	-0.366943	0.546143	166.954673	-85.478636	33.788706
06402		8.998270	0.561338	-0.504025	-0.297308	0.009619	-0.245666	-0.457031	-0.365234	0.540283	165.065435	-85.449632	35.516713
06403		8.944788	0.513936	-0.696858	-0.373313	0.000078	-0.247795	-0.450439	-0.379150	0.535156	163.161475	-85.410295	37.215868
06404		8.759908	0.504377	-0.811795	-0.397814	-0.019580	-0.219828	-0.458984	-0.380371	0.541504	161.508023	-85.361139	38.649758
06405		8.475133	0.502068	-0.619533	-0.407693	-0.036661	-0.155684	-0.460205	-0.378418	0.541748	160.343682	-85.311690	39.587299
06406		8.315064	0.565802	-0.494209	-0.451733	0.008352	-0.072216	-0.453369	-0.376465	0.542969	159.610372	-85.301820	40.067127
06407		8.263178	0.700993	-0.482500	-0.511269	0.090651	0.008706	-0.461182	-0.380371	0.533936	159.169550	-85.351778	40.219207
06408		8.262468	0.857607	-0.534747	-0.530454	0.143990	0.080115	-0.466064	-0.395752	0.532471	159.052047	-85.445040	40.035948
06409		8.391965	0.977288	-0.637122	-0.497866	0.187826	0.116219	-0.466553	-0.388428	0.531494	159.088350	-85.568937	39.717096
06410		8.644721	0.963128	-0.683443	-0.425320	0.225076	0.119400	-0.467041	-0.389404	0.527344	159.098846	-85.713624	39.465973
06411		8.898655	1.001581	-0.754828	-0.357922	0.274522	0.093371	-0.477783	-0.396973	0.532959	158.825263	-85.879230	39.538364
06412		9.094099	0.961181	-0.847179	-0.322097	0.293568	0.057498	-0.472656	-0.389893	0.523193	158.222772	-86.047612	39.961175
06413		8.958891	0.912444	-0.930769	-0.341708	0.271394	0.020584	-0.471436	-0.394043	0.529297	157.342648	-86.195649	40.650780
06414		8.831515	0.943519	-1.023503	-0.338867	0.221691	0.004812	-0.478516	-0.393066	0.519043	156.447038	-86.313362	41.357583
06415		8.636428	0.955240	-0.932035	-0.315580	0.147275	0.013850	-0.478516	-0.396240	0.513184	155.868134	-86.393408	41.760175
06416		8.564941	0.960824	-0.953562	-0.315002	0.090161	0.052835	-0.473145	-0.394775	0.511963	155.812983	-86.452711	41.638460
06417		8.556729	0.905806	-1.188216	-0.330432	0.071554	0.107366	-0.478027	-0.404297	0.515869	156.291753	-86.514808	40.972800
06418		8.668192	0.900914	-1.510993	-0.331058	0.051811	0.157383	-0.477051	-0.409912	0.517334	157.303415	-86.577339	39.773140
06419		8.761125	0.928669	-1.793682	-0.287741	-0.031610	0.199992	-0.481445	-0.397949	0.511963	159.061291	-86.602728	37.850684
06420		8.823217	0.966474	-1.869665	-0.204024	-0.181350	0.229960	-0.480957	-0.402344	0.515869	161.623931	-86.548760	35.170208
06421		8.839473	1.097785	-1.758081	0.063804	-0.511909	0.266739	-0.484619	-0.405273	0.509033	165.367693	-86.310335	31.459502
06422		8.812284	0.972825	-1.810633	0.146985	-0.736070	0.283324	-0.475830	-0.399658	0.512451	169.177342	-85.933894	27.729383
06423		8.822766	1.018727	-1.934293	-0.137717	-0.338576	0.310039	-0.478516	-0.398926	0.523438	171.972543	-85.770919	24.851432
06424		8.821101	1.049425	-1.952337	-0.345847	-0.048886	0.335773	-0.480469	-0.399414	0.524902	174.416441	-85.765101	22.205977
06425		8.729255	0.962288	-1.888946	-0.308088	-0.103491	0.347745	-0.485596	-0.397949	0.527832	176.986750	-85.720153	19.455247
06426		8.689487	0.711939	-1.794017	-0.234815	-0.211949	0.366973	-0.481934	-0.396973	0.524658	179.683102	-85.603896	16.620033
06427		8.849073	0.390052	-1.824706	-0.270970	-0.164168	0.370838	-0.479004	-0.393555	0.523438	-177.743327	-85.505389	13.886676
06428		9.137483	0.196328	-1.937717	-0.367705	0.018056	0.356755	-0.492188	-0.400391	0.524414	-175.339545	-85.502319	11.267925
06429		9.401412	0.044041	-1.891085	-0.398340	0.227633	0.323427	-0.490479	-0.395020	0.522461	-173.008961	-85.612373	8.705099
06430		9.585686	0.204111	-1.703965	-0.297523	0.347540	0.277943	-0.489990	-0.396729	0.520020	-170.697382	-85.785792	6.219779
06431		9.700475	0.453951	-1.469970	-0.200641	0.384592	0.231034	-0.488525	-0.402344	0.521240	-168.434571	-85.977586	3.839555
06432		9.640446	0.465686	-1.243678	-0.196563	0.392585	0.191936	-0.497803	-0.389648	0.514404	-166.255811	-86.171757	1.546500
06433		9.634361	0.509538	-1.109973	-0.216774	0.393467	0.157176	-0.509521	-0.397705	0.507813	-164.146491	-86.365707	-0.688069
06434		9.631424	0.470638	-0.921915	-0.220811	0.420979	0.125498	-0.507813	-0.392090	0.512207	-162.011895	-86.574294	-2.949761
06435		9.569044	0.464970	-0.787840	-0.222974	0.482043	0.105861	-0.513184	-0.401123	0.495605	-159.558804	-86.814096	-5.531208
06436		9.341053	0.528947	-0.972536	-0.236520	0.473470	0.099605	-0.514648	-0.396973	0.498047	-156.822391	-87.043525	-8.403533
06437		9.152786	0.757628	-1.585698	-0.248164	0.304288	0.102867	-0.522705	-0.406982	0.499268	-154.461186	-87.176916	-10.906418
06438		9.005311	1.077393	-2.193147	-0.259830	-0.023465	0.104045	-0.507568	-0.400146	0.506592	-153.646267	-87.137419	-11.867670
06439		8.993793	1.339902	-2.507995	-0.295671	-0.292688	0.121478	-0.520752	-0.404541	0.501465	-154.024015	-86.955039	-11.655361
06440		9.004964	1.762265	-2.467323	-0.319879	-0.396879	0.152680	-0.513428	-0.408203	0.504395	-154.564424	-86.710824	-11.293989
06441		9.222864	2.217604	-1.980615	-0.325887	-0.347697	0.194544	-0.514404	-0.411377	0.500244	-154.486912	-86.481865	-11.554993
06442		9.881714	2.065446	-1.656772	-0.285703	-0.047669	0.218645	-0.518066	-0.407959	0.500732	-153.039288	-86.400575	-13.165722
06443		11.051943	0.961500	-1.899530	-0.188596	0.560688	0.214466	-0.526367	-0.399658	0.505615	-148.813465	-86.620592	-17.503942
06444		12.791127	-0.256596	-2.273338	-0.082376	1.298631	0.140298	-0.531494	-0.404785	0.492188	-139.624509	-87.177706	-26.749742
06445		15.020970	-1.327062	-1.713996	0.106480	1.756237	-0.044719	-0.532227	-0.411865	0.481445	-122.338781	-87.863411	-43.986364
06446		17.086750	-2.421037	-0.077599	0.423164	1.450137	-0.244079	-0.543701	-0.392334	0.477295	-100.403324	-88.303471	-65.687398
06447		16.887524	-2.675038	0.747629	1.198067	0.209571	-0.294692	-0.539795	-0.392578	0.479736	-96.375587	-88.486998	-69.026310
06448		15.318303	-1.305121	1.843692	2.485047	-1.473129	-0.045136	-0.539307	-0.387207	0.496094	-123.184473	-88.216642	-40.778834
06449		13.505385	-1.470217	6.658509	1.820397	-1.162921	0.248061	-0.539795	-0.378906	0.517578	-134.210459	-87.684902	-28.698599
06450		10.930559	-1.425026	5.023012	-0.121548	-0.213181	0.276832	-0.533447	-0.374268	0.518799	-133.762492	-87.484708	-29.212927
06451		9.114992	-1.387261	-2.500639	-0.376916	-0.247789	0.245612	-0.531982	-0.366211	0.514893	-134.074361	-87.283575	-29.113225
06452		8.331421	-0.896182	-3.299861	0.543574	-1.000170	0.280134	-0.537598	-0.376221	0.530273	-139.094483	-86.755182	-23.770746
06453		7.933002	1.119901	5.878587	-0.348040	-0.593179	0.318376	-0.521973	-0.365479	0.524902	-140.614135	-86.376481	-22.444445
06454		7.738149	3.005346	5.014830	-0.998422	-0.014535	0.232476	-0.534180	-0.376465	0.525146	-139.676357	-86.283534	-23.953537
06455		7.538435	2.685745	-1.103141	-0.593036	-0.184936	0.234878	-0.528320	-0.377441	0.524658	-139.500607	-86.114341	-24.466512
06456		7.730100	2.682417	-1.036071	-0.497466	-0.385515	0.224144	-0.533203	-0.371582	0.525635	-140.411501	-85.861644	-23.835020
06457		8.430305	2.135714	-0.190298	-0.434903	-0.184068	0.190812	-0.529785	-0.380859	0.522705	-140.422130	-85.709433	-24.070522
06458		8.870529	0.918177	-0.365412	-0.460364	0.239165	0.136608	-0.536865	-0.378174	0.520996	-138.697520	-85.762092	-26.060218
06459		9.391559	-0.134168	0.046300	-0.594641	0.369012	0.041419	-0.534424	-0.382813	0.513184	-136.840776	-85.901440	-28.259794
06460		10.448236	-0.964846	0.838550	-0.527154	0.279673	-0.023816	-0.547363	-0.379150	0.508545	-135.716981	-86.025896	-29.684914
06461		11.620106	-1.843720	1.787651	-0.392971	0.227329	-0.022538	-0.541260	-0.393066	0.505615	-134.732692	-86.126174	-30.893504
06462		12.137013	-2.605965	2.294961	-0.454572	0.272525	0.022021	-0.552979	-0.389893	0.503418	-133.183824	-86.224756	-32.702554
06463		12.035312	-2.947485	1.581785	-0.586106	0.115681	0.096234	-0.544189	-0.390869	0.507080	-132.209345	-86.227889	-34.011997
06464		11.328028	-3.183015	0.409163	-0.614982	-0.048339	0.195600	-0.550293	-0.398682	0.503418	-131.748860	-86.125334	-34.822324
06465		10.336944	-3.202035	-0.373341	-0.411281	-0.109916	0.255401	-0.552246	-0.399414	0.505371	-131.258950	-85.972717	-35.545913
06466		10.066512	-3.175341	0.053736	-0.045303	-0.310973	0.319064	-0.551025	-0.400146	0.506348	-131.461748	-85.716965	-35.364367
06467		9.630044	-2.980667	0.550656	0.180496	-0.419892	0.363300	-0.551514	-0.388184	0.513672	-131.885670	-85.400232	-34.831743
06468		9.110429	-2.659293	0.766987	0.274967	-0.399015	0.379974	-0.552734	-0.397705	0.511230	-132.019236	-85.084603	-34.535458
06469		8.804250	-2.259380	0.597274	0.306307	-0.364962	0.368097	-0.547607	-0.390869	0.515625	-131.999878	-84.786658	-34.375002
06470		8.695300	-1.934333	0.334012	0.334786	-0.321201	0.333127	-0.544434	-0.386963	0.531006	-131.902826	-84.520761	-34.275673
06471		8.686900	-1.611986	0.158184	0.350695	-0.306389	0.290029	-0.552246	-0.377441	0.525391	-131.898336	-84.278549	-34.074583
06472		8.742822	-1.387253	0.139194	0.290667	-0.276519	0.251036	-0.553955	-0.376953	0.529297	-131.940353	-84.064739	-33.860801
06473		8.809917	-1.169627	0.221293	0.188235	-0.212041	0.219870	-0.546631	-0.379395	0.528809	-131.887514	-83.888547	-33.801775
06474		8.812989	-0.880727	0.249107	0.086696	-0.124179	0.198010	-0.550781	-0.368164	0.530518	-131.624845	-83.755594	-34.011860
06475		8.796843	-0.688772	0.209387	0.015985	-0.053423	0.178677	-0.543945	-0.369141	0.526123	-131.205649	-83.657281	-34.420674
06476		8.682897	-0.545497	0.041080	-0.005365	-0.024101	0.161263	-0.550537	-0.370850	0.531006	-130.754729	-83.577556	-34.873302
06477		8.547359	-0.474208	-0.076638	0.004928	-0.014206	0.141339	-0.552246	-0.361328	0.538330	-130.337442	-83.509437	-35.286700
06478		8.432703	-0.524700	-0.261272	0.004061	-0.006540	0.129703	-0.556885	-0.364014	0.526855	-129.935589	-83.449318	-35.684591
06479		8.316254	-0.771451	-0.462692	0.003455	0.034910	0.120237	-0.555176	-0.371582	0.539307	-129.414414	-83.407773	-36.203509
06480		8.256365	-1.115797	-0.454169	0.009336	0.087338	0.108076	-0.554932	-0.359131	0.526855	-128.730695	-83.390357	-36.882154
06481		8.275138	-1.452422	-0.359605	0.062245	0.108798	0.087212	-0.553467	-0.363037	0.538330	-128.002153	-83.388579	-37.575958
06482		8.431870	-1.817983	-0.146570	0.117703	0.132838	0.065093	-0.554932	-0.359131	0.535156	-127.211878	-83.404573	-38.299383
06483		8.652613	-2.101755	-0.047279	0.127284	0.168057	0.040150	-0.550537	-0.367188	0.529785	-126.347315	-83.442511	-39.092550
06484		8.782211	-2.181207	-0.059862	0.189414	0.181740	0.010109	-0.567139	-0.369873	0.529053	-125.466606	-83.497941	-39.865563
06485		8.955466	-2.110038	-0.145471	0.298766	0.133599	-0.025658	-0.562256	-0.356689	0.526367	-124.815560	-83.552735	-40.344798
06486		9.142217	-1.897726	-0.336312	0.391168	0.073093	-0.066639	-0.562988	-0.352783	0.536133	-124.472135	-83.606957	-40.460678
06487		9.232657	-1.597131	-0.498649	0.458880	0.019263	-0.115520	-0.562500	-0.351318	0.536865	-124.460789	-83.666486	-40.203835
06488		9.254925	-1.371651	-0.523931	0.510567	-0.023372	-0.134901	-0.559570	-0.354980	0.540771	-124.658523	-83.721513	-39.706443
06489		9.194725	-1.181254	-0.537354	0.494435	-0.041281	-0.157719	-0.556641	-0.357910	0.540039	-125.021223	-83.780883	-39.052882
06490		9.176874	-1.100690	-0.516791	0.456372	-0.029848	-0.167076	-0.558105	-0.350342	0.546631	-125.391353	-83.848199	-38.413453
06491		9.138615	-0.978343	-0.574369	0.429584	-0.000168	-0.165823	-0.566406	-0.346436	0.541504	-125.658455	-83.924181	-37.893573
06492		9.132255	-0.903688	-0.649218	0.392578	0.004830	-0.167037	-0.562012	-0.352783	0.547363	-125.934884	-84.002380	-37.385312
06493		9.137356	-0.836422	-0.822932	0.355316	-0.028531	-0.161767	-0.558594	-0.344482	0.546387	-126.377896	-84.066283	-36.731491
06494		9.183271	-0.822403	-0.918016	0.313740	-0.071393	-0.167047	-0.557861	-0.349609	0.546875	-127.061083	-84.117497	-35.859847
06495		9.216715	-0.801999	-1.091583	0.323187	-0.078202	-0.164080	-0.560547	-0.346436	0.548828	-127.776033	-84.163648	-34.951289
06496		9.175338	-0.738161	-1.180444	0.336409	-0.102820	-0.178419	-0.558838	-0.350342	0.550781	-128.651736	-84.206472	-33.873251
06497		9.159342	-0.719268	-1.413291	0.364409	-0.136330	-0.191624	-0.556885	-0.348389	0.552002	-129.723592	-84.240926	-32.582362
06498		9.121795	-0.715956	-1.574968	0.397576	-0.143551	-0.210511	-0.552490	-0.352295	0.560547	-130.888842	-84.278638	-31.178275
06499		9.039456	-0.796310	-1.586084	0.431328	-0.141832	-0.231493	-0.548340	-0.341309	0.559326	-132.128102	-84.322821	-29.680792
06500		8.901620	-0.840416	-1.482513	0.467471	-0.147733	-0.255753	-0.554688	-0.347656	0.561768	-133.486482	-84.371726	-28.042654
06501		8.789142	-0.922413	-1.321799	0.481069	-0.144368	-0.281616	-0.549316	-0.353760	0.562988	-134.958403	-84.428388	-26.283017
06502		8.815643	-1.025133	-1.215041	0.460792	-0.126255	-0.298424	-0.548096	-0.348145	0.560303	-136.470056	-84.494894	-24.495103
06503		8.930229	-1.101193	-1.370457	0.422773	-0.104766	-0.314668	-0.552734	-0.340820	0.576660	-138.031514	-84.571926	-22.679470
06504		9.078222	-1.109862	-1.502713	0.394820	-0.079969	-0.317056	-0.550293	-0.332275	0.573242	-139.566891	-84.655995	-20.906202
06505		9.131110	-1.118015	-1.570359	0.394839	-0.075451	-0.323274	-0.552490	-0.343994	0.577881	-141.168576	-84.739590	-19.066734
06506		9.221574	-1.053499	-1.469095	0.408663	-0.078215	-0.319760	-0.553223	-0.335693	0.574951	-142.806737	-84.815965	-17.182828
06507		9.325209	-1.002832	-1.488652	0.420747	-0.074491	-0.316922	-0.552979	-0.344727	0.574707	-144.462411	-84.888023	-15.274701
06508		9.413502	-0.913197	-1.465116	0.420337	-0.065675	-0.314823	-0.540771	-0.343750	0.582764	-146.122119	-84.958633	-13.362938
06509		9.520906	-0.810128	-1.515730	0.392366	-0.064523	-0.325064	-0.539307	-0.336914	0.583496	-147.902184	-85.027810	-11.346686
06510		9.627493	-0.817290	-1.577825	0.343586	-0.074674	-0.321751	-0.549805	-0.345703	0.584473	-149.774416	-85.085419	-9.266188
06511		9.755692	-0.834341	-1.635840	0.290736	-0.051357	-0.325468	-0.540039	-0.340332	0.583252	-151.671407	-85.149756	-7.191404
06512		9.787863	-0.939792	-1.714172	0.255475	-0.012560	-0.319011	-0.538330	-0.334473	0.591064	-153.479852	-85.226375	-5.226046
06513		9.770264	-1.013370	-1.724640	0.231293	0.015712	-0.320180	-0.545898	-0.338135	0.588623	-155.289090	-85.312647	-3.273951
06514		9.770288	-1.071489	-1.781911	0.177282	0.050979	-0.322415	-0.545410	-0.338867	0.587891	-157.112861	-85.412728	-1.338729
06515		9.733438	-1.132173	-1.790332	0.101518	0.084708	-0.332368	-0.538818	-0.346680	0.585693	-159.044465	-85.527735	0.660972
06516		9.719310	-1.201372	-1.793025	0.014136	0.103667	-0.340934	-0.542480	-0.347412	0.585938	-161.139985	-85.648905	2.774311
06517		9.678882	-1.250039	-1.752102	-0.058033	0.096641	-0.369587	-0.546631	-0.349854	0.589844	-163.625583	-85.764715	5.237254
06518		9.776629	-1.241911	-1.581998	-0.134898	0.049923	-0.418514	-0.539551	-0.353516	0.585205	-166.749311	-85.852507	8.295237
06519		10.068690	-1.247886	-1.194517	-0.353704	-0.015590	-0.492292	-0.540527	-0.361084	0.587158	-170.798038	-85.897689	12.154984
06520		10.454239	-0.802162	-1.531277	-0.466799	-0.024671	-0.535465	-0.538818	-0.369385	0.583252	-175.327456	-85.919637	16.431129
06521		11.028103	-0.327031	-1.816392	-0.448925	0.047736	-0.527474	-0.531494	-0.378906	0.575684	-179.805307	-85.958964	20.666074
06522		11.376565	0.181521	-2.003305	-0.373731	-0.019705	-0.474369	-0.540283	-0.369873	0.585938	176.172857	-85.938112	24.486558
06523		11.346844	0.569268	-2.079296	-0.224384	-0.130167	-0.399609	-0.537109	-0.373291	0.586182	172.988609	-85.841488	27.553815
06524		11.137915	0.848869	-1.554400	0.059690	-0.176134	-0.326675	-0.535156	-0.377441	0.585205	170.730084	-85.714209	29.855996
06525		11.152084	0.928789	-0.295411	0.456347	-0.224124	-0.256770	-0.533203	-0.378174	0.587402	169.400625	-85.561692	31.455241
06526		11.450113	1.035524	0.814270	0.685577	-0.201105	-0.206090	-0.538574	-0.369873	0.590820	168.623767	-85.425285	32.631789
06527		11.830465	1.320230	0.804952	0.690991	0.005463	-0.164159	-0.534424	-0.365479	0.600830	167.880909	-85.408602	33.777908
06528		12.134131	1.520089	0.123185	0.638450	0.187481	-0.123499	-0.530518	-0.371826	0.610352	167.107177	-85.497491	34.924415
06529		12.203175	1.036019	0.035921	0.790755	0.072480	-0.083851	-0.529297	-0.364502	0.595215	166.863169	-85.526562	35.627335
06530		12.252410	0.380930	0.828099	1.070561	-0.154233	-0.063693	-0.536621	-0.354736	0.612549	167.297521	-85.431661	35.810392
06531		12.098013	-0.182643	1.455792	1.115436	-0.187129	-0.075241	-0.525146	-0.356201	0.614746	167.720949	-85.317077	36.030467
06532		11.472904	-0.521055	1.236286	0.984113	-0.057523	-0.104070	-0.532959	-0.353027	0.613525	167.682265	-85.271659	36.638583
06533		10.715850	-0.614897	0.450087	0.927950	0.037004	-0.132039	-0.531738	-0.353760	0.615967	167.282732	-85.275379	37.576669
06534		9.971608	-0.697841	0.069958	1.026911	0.073001	-0.144493	-0.543213	-0.338135	0.623535	166.799051	-85.297174	38.655931
06535		9.418211	-0.971358	0.108343	1.154138	0.133595	-0.160609	-0.534912	-0.323486	0.629395	166.165751	-85.349530	39.958527
06536		9.089848	-1.106155	0.131629	1.247669	0.242621	-0.165541	-0.539551	-0.322754	0.626465	165.332066	-85.460612	41.515612
06537		8.942955	-1.015954	-0.239788	1.355303	0.391814	-0.182811	-0.530518	-0.313965	0.637451	164.065706	-85.649011	43.568363
06538		8.963349	-0.797079	-0.485087	1.525487	0.571609	-0.194911	-0.543701	-0.308594	0.623779	162.221255	-85.929948	46.297703
06539		9.308565	-0.385140	-0.504611	1.747163	0.632143	-0.202658	-0.543945	-0.305908	0.633057	159.923945	-86.234566	49.607473
06540		9.611126	0.014021	-0.172363	1.985235	0.671046	-0.187341	-0.546387	-0.291504	0.635498	157.276154	-86.553494	53.403670
06541		9.917103	0.489063	0.211722	2.131903	0.730995	-0.169856	-0.557373	-0.280029	0.633057	153.952221	-86.894708	57.960205
06542		9.951532	0.976162	0.749742	2.231929	0.753711	-0.157016	-0.556885	-0.271973	0.641113	149.741387	-87.233553	63.460494
06543		9.927169	1.473185	1.234325	2.231471	0.687663	-0.187295	-0.572021	-0.249512	0.636230	144.425932	-87.506293	70.065104
06544		9.814950	1.875760	1.639586	2.148798	0.568773	-0.226896	-0.560791	-0.233154	0.640381	138.433654	-87.680814	77.298463
06545		9.589917	2.122757	1.588669	1.996562	0.489955	-0.282005	-0.568115	-0.227783	0.634766	131.744089	-87.765874	85.141833
06546		9.309364	2.242480	1.164511	1.845058	0.481600	-0.341541	-0.571777	-0.213623	0.645752	124.129173	-87.781933	93.824115
06547		8.958861	2.335957	1.081597	1.769519	0.474854	-0.395343	-0.572266	-0.206055	0.646729	116.273533	-87.723306	102.704107
06548		8.609756	2.294899	0.947319	1.669244	0.463669	-0.436166	-0.577637	-0.195313	0.645264	108.894343	-87.595114	111.050478
06549		8.364091	2.231224	0.816694	1.579141	0.452118	-0.454576	-0.572266	-0.195557	0.639404	102.482464	-87.414786	118.377747
06550		8.329300	2.160248	0.709388	1.469354	0.453602	-0.451544	-0.582520	-0.184814	0.640381	96.952808	-87.204212	124.760258
06551		8.357592	2.075037	0.513646	1.348730	0.445513	-0.442056	-0.581543	-0.186035	0.642334	92.338758	-86.973116	130.157709
06552		8.568626	1.965895	0.404649	1.277878	0.430446	-0.418345	-0.580322	-0.178467	0.640625	88.555695	-86.736006	134.683820
06553		8.870408	1.870800	0.428005	1.240146	0.401540	-0.403436	-0.590576	-0.168701	0.637207	85.596827	-86.494337	138.363335
06554		9.150954	1.703984	0.461659	1.221496	0.360664	-0.394522	-0.589111	-0.165771	0.632813	83.399663	-86.250211	141.270344
06555		9.405991	1.514076	0.419834	1.178647	0.341170	-0.389477	-0.585938	-0.158447	0.637939	81.654129	-86.004572	143.700423
06556		9.599322	1.252585	0.174321	1.129150	0.321821	-0.386125	-0.591553	-0.148682	0.632568	80.260003	-85.757776	145.751020
06557		9.697435	1.031855	-0.062499	1.117883	0.309076	-0.374891	-0.592773	-0.152100	0.635254	79.132339	-85.515870	147.528018
06558		9.649653	0.840442	-0.123895	1.178128	0.280109	-0.347328	-0.594482	-0.145020	0.633301	78.337941	-85.290010	149.006432
06559		9.518816	0.694921	-0.273133	1.242249	0.257435	-0.307357	-0.599121	-0.138184	0.636475	77.778733	-85.088335	150.285589
06560		9.354932	0.729048	-0.375824	1.324990	0.262115	-0.264668	-0.604736	-0.133301	0.635498	77.241999	-84.908465	151.590691
06561		9.241643	0.815005	-0.383593	1.448423	0.264395	-0.211287	-0.594727	-0.123291	0.638916	76.750802	-84.757574	152.920865
06562		9.206784	0.858357	-0.342723	1.516069	0.272389	-0.162384	-0.603516	-0.122314	0.635986	76.224534	-84.631310	154.326022
06563		9.207052	1.053160	-0.373490	1.540155	0.299031	-0.115333	-0.603027	-0.108887	0.637695	75.535406	-84.526589	155.908358
06564		9.211353	1.199983	-0.374356	1.565780	0.318846	-0.074430	-0.592529	-0.093506	0.635742	74.723159	-84.439148	157.629935
06565		9.254696	1.402908	-0.154701	1.574461	0.317245	-0.038342	-0.603760	-0.086426	0.629150	73.908521	-84.370036	159.358596
06566		9.284281	1.632627	0.034943	1.529561	0.292023	-0.021448	-0.611816	-0.080078	0.626709	73.206176	-84.311536	160.949321
06567		9.347566	1.899563	0.103449	1.470093	0.311030	-0.001028	-0.611328	-0.073242	0.630859	72.357669	-84.259414	162.652279
06568		9.400662	2.101149	-0.216725	1.451309	0.321832	0.004942	-0.612549	-0.061035	0.622314	71.450937	-84.205438	164.403725
06569		9.312774	2.267259	-0.268231	1.531808	0.315460	0.011904	-0.625732	-0.053955	0.625977	70.637839	-84.154382	166.106951
06570		9.295533	2.417616	-0.252742	1.591770	0.308321	0.010525	-0.616211	-0.037842	0.629150	69.919490	-84.101006	167.750334
06571		9.258594	2.486120	-0.277777	1.622411	0.324900	0.016025	-0.609619	-0.036865	0.622803	69.145758	-84.045732	169.466498
06572		9.210562	2.428499	-0.257073	1.633878	0.344930	0.027517	-0.624512	-0.022949	0.618896	68.276920	-83.989171	171.285882
06573		9.172872	2.364419	-0.151699	1.654095	0.322523	0.038004	-0.627197	-0.012939	0.618896	67.534840	-83.941069	172.988814
06574		9.101368	2.253037	-0.046992	1.650873	0.273413	0.056098	-0.626221	0.002441	0.610107	67.013622	-83.910655	174.468816
06575		9.090906	2.194951	-0.045746	1.608193	0.264489	0.068888	-0.628906	0.012451	0.607666	66.493503	-83.888349	175.922280
06576		9.090807	2.292505	-0.138221	1.547729	0.268615	0.088356	-0.633057	0.020996	0.608154	65.884319	-83.872950	177.431532
06577		9.089355	2.403304	-0.175150	1.487909	0.266405	0.100472	-0.636963	0.031738	0.607910	65.228356	-83.863442	178.952392
06578		9.090635	2.530455	-0.116979	1.453779	0.235094	0.111488	-0.636475	0.034180	0.614746	64.683303	-83.864681	-179.656849
06579		9.153316	2.619925	-0.028044	1.428708	0.204990	0.125638	-0.632813	0.050537	0.609863	64.232182	-83.880243	-178.376134
06580		9.194904	2.712124	0.044463	1.401606	0.177824	0.134564	-0.637451	0.062744	0.599121	63.873184	-83.905333	-177.202517
06581		9.188297	2.783669	-0.051500	1.362186	0.150069	0.137706	-0.635742	0.061523	0.599609	63.608007	-83.939307	-176.147245
06582		9.144134	2.856921	-0.132736	1.339798	0.138108	0.140776	-0.635254	0.073242	0.595459	63.376892	-83.976458	-175.137854
06583		9.098917	2.919210	-0.116797	1.333610	0.123919	0.138034	-0.636230	0.087646	0.598389	63.206257	-84.016457	-174.194254
06584		9.035253	2.978706	0.025767	1.338141	0.104666	0.141254	-0.641113	0.090576	0.589111	63.121907	-84.061831	-173.333394
06585		8.926224	3.009280	0.145417	1.304373	0.109039	0.139969	-0.638428	0.102295	0.591797	62.987432	-84.106273	-172.443139
06586		8.824027	2.965376	0.201297	1.246026	0.089433	0.146336	-0.635986	0.106934	0.593262	62.898617	-84.157796	-171.630851
06587		8.754868	2.881559	0.103097	1.173824	0.071799	0.161522	-0.640869	0.123779	0.591064	62.802712	-84.222636	-170.854721
06588		8.711317	2.859753	-0.131651	1.109146	0.079414	0.177629	-0.640381	0.134033	0.576904	62.585308	-84.292295	-169.992063
06589		8.744009	2.849445	-0.203456	1.077831	0.059851	0.201139	-0.639648	0.139648	0.577393	62.365557	-84.379913	-169.146947
06590		8.755704	2.780214	-0.094513	1.059461	0.015332	0.223995	-0.637939	0.152344	0.586914	62.295834	-84.489544	-168.461399
06591		8.872582	2.738521	0.027883	1.017879	0.001378	0.254792	-0.637207	0.149414	0.573730	62.164572	-84.619614	-167.739993
06592		8.990696	2.748761	-0.043817	0.953028	0.013904	0.265131	-0.639160	0.151855	0.578857	61.885274	-84.750032	-166.905369
06593		9.043953	2.745929	-0.291880	0.900621	0.029339	0.272640	-0.644531	0.161133	0.577148	61.427257	-84.880806	-165.923630
06594		9.061337	2.756982	-0.380462	0.858633	0.006851	0.275479	-0.634766	0.170898	0.572021	61.038833	-85.017235	-165.033971
06595		9.067508	2.682412	-0.208114	0.831124	-0.048903	0.274096	-0.641113	0.166504	0.572266	60.919319	-85.169426	-164.432366
06596		9.120612	2.389749	0.031712	0.771793	-0.114865	0.282520	-0.636475	0.173828	0.566895	61.130473	-85.342828	-164.194551
06597		9.256375	2.015833	-0.354371	0.610543	-0.138268	0.309295	-0.630127	0.184326	0.569824	61.287281	-85.537558	-163.997230
06598		9.176729	1.797539	-0.908384	0.511395	-0.137334	0.331577	-0.632813	0.189697	0.574219	61.311442	-85.741851	-163.721546
06599		9.026183	1.804705	-1.057933	0.581602	-0.210655	0.330534	-0.634033	0.199707	0.566895	61.873372	-85.967116	-163.947145
06600		9.057777	1.921514	-0.750504	0.715249	-0.243740	0.316537	-0.631348	0.198242	0.564941	62.887987	-86.192392	-164.547232
06601		9.217819	1.926673	-0.418269	0.742708	-0.212396	0.300458	-0.623535	0.203125	0.567383	63.808986	-86.402098	-165.040030
06602		9.410395	1.706589	-0.525568	0.710699	-0.142662	0.302630	-0.621338	0.212891	0.573242	64.205086	-86.593546	-165.022692
06603		9.775834	1.382326	-0.779985	0.788856	-0.075166	0.288996	-0.621582	0.216309	0.568359	64.089661	-86.762593	-164.450636
06604		10.345593	0.870979	-0.737988	0.935127	-0.028881	0.270285	-0.625977	0.229492	0.565918	63.696006	-86.908714	-163.513494
06605		11.173006	0.410152	-0.696863	1.063779	0.067405	0.215079	-0.625488	0.232178	0.562988	62.620218	-87.002499	-161.822132
06606		12.078269	0.259871	-0.790399	1.100971	0.188687	0.119724	-0.623047	0.240967	0.559570	60.846107	-87.011610	-159.407629
06607		12.695926	0.396760	-0.867969	1.138419	0.305969	-0.011422	-0.631836	0.252686	0.552002	58.710459	-86.918961	-156.612109
06608		12.561834	0.723432	-0.667354	1.292959	0.338181	-0.076680	-0.638184	0.258057	0.544922	56.934460	-86.778651	-154.085181
06609		11.878606	0.643584	-1.213466	1.807134	0.183973	-0.071259	-0.627197	0.266113	0.537842	56.820116	-86.688137	-152.929861
06610		11.530348	0.696395	-1.871283	2.420161	-0.366041	0.020506	-0.629883	0.271240	0.538086	61.303986	-86.806229	-156.025732
06611		11.324869	1.205809	-0.336808	2.663470	-0.742439	0.119014	-0.621094	0.290527	0.529053	69.519111	-87.046888	-162.720699
06612		11.413706	1.780392	3.108434	2.101792	-0.321948	0.162496	-0.619141	0.301758	0.516357	73.663357	-87.193334	-165.658052
06613		11.089105	2.072388	2.497791	1.394720	0.003323	0.129134	-0.621338	0.307861	0.526123	74.013288	-87.265055	-165.204648
06614		10.346145	1.570402	0.202371	1.202044	-0.092535	0.060605	-0.618896	0.310303	0.517090	75.636341	-87.312087	-166.133686
06615		9.737400	1.044570	0.008136	1.246944	-0.236193	-0.018923	-0.611572	0.319336	0.510254	79.241645	-87.332093	-169.024010
06616		9.646770	1.118476	1.418604	1.063708	-0.181970	-0.049611	-0.616211	0.326416	0.511963	82.199043	-87.320278	-171.368136
06617		9.279750	1.530243	1.522613	0.824254	-0.102517	-0.028238	-0.620850	0.328613	0.512451	83.975283	-87.312375	-172.669854
06618		8.799804	1.577053	0.933007	0.747400	-0.135603	-0.015751	-0.607910	0.322021	0.510986	86.112331	-87.309349	-174.374205
06619		8.392566	1.467286	0.866446	0.696587	-0.208447	-0.011137	-0.607910	0.333008	0.508301	89.076434	-87.309018	-176.938332
06620		8.065653	1.189482	0.955448	0.594369	-0.197740	-0.011947	-0.615479	0.336914	0.510742	91.864420	-87.300278	-179.382119
06621		7.838484	0.800123	0.840657	0.521149	-0.107171	-0.001014	-0.608887	0.340332	0.509277	93.484592	-87.297791	179.298528
06622		7.958755	0.228684	0.651170	0.511717	-0.023220	0.022932	-0.616943	0.345459	0.503174	94.118154	-87.308939	178.964122
06623		8.686036	-0.467610	0.672935	0.550847	0.077937	0.071484	-0.616943	0.344971	0.502930	93.559271	-87.353736	179.843260
06624		9.671904	-1.116641	1.049658	0.640077	0.173239	0.114023	-0.611572	0.358643	0.502197	91.861435	-87.422692	-178.083744
06625		10.929939	-1.860353	1.635590	0.694489	0.236852	0.140880	-0.610596	0.344727	0.482422	89.234620	-87.505723	-175.052361
06626		12.198156	-2.446161	1.957506	0.665469	0.255711	0.131363	-0.613037	0.358887	0.494873	86.182037	-87.574365	-171.609211
06627		12.535960	-2.677004	1.571177	0.608581	0.174399	0.110830	-0.614258	0.360840	0.493408	84.044698	-87.630200	-169.117312
06628		12.354812	-2.448721	0.646977	0.796806	-0.138038	0.139171	-0.608154	0.366943	0.485840	86.321261	-87.715822	-170.932960
06629		10.748160	-2.721081	0.858108	0.946527	-0.299265	0.204977	-0.602051	0.369629	0.485107	91.240363	-87.837990	-175.309341
06630		10.029532	-2.328589	1.096013	0.950419	-0.064685	0.259626	-0.598389	0.374023	0.481445	92.999269	-87.984770	-176.518829
06631		9.346460	-1.909315	0.833792	1.040117	-0.128274	0.292245	-0.603271	0.383545	0.473877	96.192049	-88.146757	-179.113452
06632		9.181635	-1.467478	0.901715	1.096895	-0.042010	0.316924	-0.604980	0.386963	0.470703	98.397714	-88.323329	179.314102
06633		9.276831	-1.033481	1.116952	1.089075	0.045188	0.321536	-0.606934	0.404785	0.469971	99.151005	-88.510209	179.188447
06634		9.540224	-0.635736	1.070534	1.069831	0.096553	0.328100	-0.593506	0.408936	0.464355	98.788316	-88.704086	-179.830248
06635		9.787875	-0.363673	0.930707	1.063953	0.073965	0.336826	-0.595459	0.417725	0.456299	98.860053	-88.902151	-179.288579
06636		9.883581	-0.213994	0.908169	1.056286	0.053002	0.343143	-0.597168	0.412842	0.451416	99.649357	-89.100690	-179.467431
06637		9.808681	-0.150639	0.864913	1.004433	0.004843	0.339968	-0.594238	0.420410	0.445068	102.811851	-89.293156	177.949011
06638		9.593658	-0.161593	0.737152	0.947002	-0.034781	0.324030	-0.597900	0.439697	0.447754	110.112765	-89.465315	171.195506
06639		9.406503	-0.196888	0.725627	0.871107	-0.049064	0.300860	-0.588379	0.436523	0.447021	123.502796	-89.607913	158.307864
06640		9.199174	-0.237177	0.811859	0.788990	-0.056091	0.277866	-0.591553	0.443359	0.442139	146.633313	-89.698251	135.634153
06641		9.068339	-0.224119	0.560842	0.732231	-0.036067	0.259678	-0.585205	0.455322	0.433838	177.027473	-89.725475	105.662858
06642		8.919847	-0.292251	0.375121	0.696282	-0.025896	0.247042	-0.584229	0.450195	0.433350	-155.985235	-89.682458	79.079258
06643		8.834844	-0.277194	0.367404	0.643291	0.017153	0.232625	-0.588379	0.463135	0.424805	-136.513034	-89.614404	59.978976
06644		8.740155	-0.510342	0.307288	0.614478	0.066413	0.217142	-0.574463	0.465332	0.425537	-121.638788	-89.540323	45.461463
06645		8.706482	-0.657154	0.264657	0.609981	0.125893	0.212881	-0.587402	0.469971	0.417969	-107.949332	-89.458041	32.124688
06646		8.814129	-0.776473	0.434883	0.611924	0.191953	0.187799	-0.581299	0.472900	0.419678	-95.035443	-89.373713	19.565769
06647		8.942853	-0.887342	0.675686	0.609606	0.206942	0.162861	-0.583008	0.480225	0.410156	-84.676839	-89.278747	9.559448
06648		9.107207	-0.887326	0.915719	0.582885	0.186440	0.122855	-0.583252	0.475342	0.406250	-77.356572	-89.192555	2.577478
06649		9.323668	-0.879328	0.879976	0.548784	0.148387	0.097695	-0.580566	0.484375	0.405762	-72.532368	-89.115606	-1.929098
06650		9.561474	-0.751595	0.530969	0.537802	0.096535	0.079029	-0.591064	0.479492	0.406494	-69.936813	-89.055284	-4.211938
06651		9.759441	-0.708717	0.179256	0.525714	0.051231	0.076973	-0.581299	0.482910	0.408691	-68.988463	-89.003038	-4.855480
06652		9.844382	-0.707020	0.012067	0.493878	0.042349	0.073869	-0.581543	0.484619	0.400879	-68.372091	-88.955168	-5.184111
06653		9.761869	-0.755382	-0.021250	0.448815	0.060326	0.078834	-0.583252	0.486572	0.394043	-67.370196	-88.899688	-5.925295
06654		9.627960	-0.763930	-0.077661	0.414957	0.054356	0.064202	-0.582764	0.493896	0.405029	-66.471841	-88.854027	-6.581228
06655		9.573447	-0.791159	-0.287010	0.395325	0.050624	0.064017	-0.587646	0.500977	0.391357	-65.726571	-88.808160	-7.096412
06656		9.558222	-0.777579	-0.312297	0.377312	0.066143	0.054075	-0.581299	0.493164	0.394043	-64.563221	-88.764522	-8.039015
06657		9.508406	-0.806319	-0.137642	0.341728	0.067138	0.034579	-0.580322	0.498291	0.377930	-63.236411	-88.729268	-9.166609
06658		9.398180	-0.879197	-0.158369	0.310086	0.039171	0.009644	-0.586670	0.496338	0.382813	-62.336210	-88.714529	-9.884566
06659		9.361922	-0.867308	-0.252636	0.278787	0.012913	-0.017406	-0.589111	0.488281	0.382324	-61.725163	-88.719369	-10.332303
06660		9.261316	-0.862892	-0.326020	0.250840	0.012106	-0.045092	-0.586670	0.505859	0.379150	-60.807692	-88.739141	-11.101507
06661		9.195630	-0.795700	-0.326900	0.214810	0.023935	-0.067059	-0.583740	0.502197	0.380127	-59.310185	-88.765135	-12.472574
06662		9.104388	-0.707395	-0.339443	0.228133	0.037706	-0.082000	-0.583008	0.499756	0.377686	-57.220738	-88.794237	-14.427029
06663		9.071594	-0.503754	-0.295150	0.249990	0.024304	-0.103406	-0.578613	0.505859	0.372070	-54.977344	-88.835280	-16.523948
06664		9.044913	-0.411606	-0.441214	0.246409	0.011833	-0.116293	-0.586426	0.502197	0.381104	-52.651763	-88.885674	-18.704059
06665		8.985872	-0.323724	-0.576225	0.223550	0.030462	-0.130932	-0.586670	0.507324	0.376953	-49.394811	-88.932770	-21.829804
06666		8.909551	-0.388381	-0.718977	0.216686	0.055514	-0.145324	-0.581055	0.510010	0.375244	-44.969505	-88.973045	-26.126943
06667		8.835709	-0.519607	-0.776949	0.212291	0.078394	-0.164689	-0.583252	0.501465	0.375488	-39.246721	-89.002965	-31.725276
06668		8.788184	-0.664156	-0.765413	0.216082	0.098529	-0.179880	-0.584229	0.501953	0.367188	-32.435860	-89.018650	-38.408564
06669		8.773218	-0.912588	-0.599852	0.225029	0.108245	-0.193646	-0.593018	0.500244	0.367920	-24.955226	-89.017755	-45.757653
06670		8.776810	-1.067871	-0.287791	0.234071	0.100604	-0.200301	-0.593018	0.503906	0.369141	-17.454435	-89.006889	-53.120657
06671		8.760881	-1.247031	-0.204008	0.255818	0.081915	-0.199221	-0.586670	0.503906	0.365479	-10.385553	-88.989312	-60.040332
06672		8.749816	-1.335617	-0.229081	0.310308	0.035525	-0.206392	-0.588623	0.507568	0.368408	-3.461851	-88.984976	-66.782559
06673		8.789991	-1.342161	-0.287238	0.312347	-0.017977	-0.214551	-0.594482	0.500977	0.365234	3.645380	-88.995914	-73.708211
06674		8.806537	-1.223438	-0.307817	0.298348	-0.059737	-0.221189	-0.600098	0.504639	0.371338	11.299955	-89.015201	-81.188281
06675		8.909911	-1.041038	-0.371341	0.292949	-0.092261	-0.230486	-0.595947	0.503906	0.368896	19.730560	-89.031905	-89.448545
06676		9.017653	-0.822538	-0.353706	0.291015	-0.096884	-0.234224	-0.592285	0.497314	0.350586	28.496845	-89.029607	-98.044656
06677		9.236689	-0.611834	-0.391240	0.272009	-0.103570	-0.230736	-0.586426	0.503174	0.363770	37.011785	-89.009156	-106.401277
06678		9.441521	-0.560455	-0.489560	0.220089	-0.105110	-0.227276	-0.594971	0.494629	0.360840	44.998310	-88.970884	-114.258237
06679		9.683959	-0.480497	-0.625096	0.192817	-0.109169	-0.213478	-0.594482	0.497803	0.355957	52.066489	-88.921846	-121.213424
06680		9.884399	-0.443678	-1.054104	0.140077	-0.117066	-0.217710	-0.599609	0.493652	0.361084	58.717709	-88.858810	-127.780959
06681		9.997272	-0.528944	-1.524475	0.058795	-0.108812	-0.236893	-0.599121	0.490723	0.365967	64.536858	-88.770162	-133.563967
06682		9.995837	-0.664149	-1.614391	-0.053813	-0.094109	-0.273548	-0.603271	0.500732	0.362305	69.495313	-88.648279	-138.549820
06683		10.085557	-0.754967	-1.330655	-0.127196	-0.011982	-0.326853	-0.593506	0.491211	0.356445	72.151893	-88.474812	-141.276444
06684		10.124069	-0.616089	-0.767175	-0.228618	0.102450	-0.421164	-0.606201	0.493652	0.375000	72.671200	-88.228473	-141.922233
06685		10.401525	-0.484299	-0.155284	-0.540607	0.235385	-0.551592	-0.609863	0.491455	0.377686	71.464430	-87.887451	-141.021005
06686		11.048662	-0.301180	-0.208933	-0.649302	-0.016898	-0.686380	-0.611328	0.475098	0.375732	74.257177	-87.515813	-144.183567
06687		12.051832	-0.227099	-0.203703	-0.679034	-0.391299	-0.783116	-0.608643	0.462402	0.380127	80.649300	-87.127008	-150.968419
06688		12.972247	-0.042529	-0.405128	-0.695450	-0.476029	-0.779373	-0.609131	0.464111	0.391846	86.276181	-86.714980	-156.997668
06689		13.228358	0.111472	-0.852113	-0.595842	-0.422291	-0.656332	-0.615479	0.448730	0.395020	90.136190	-86.347462	-161.203059
06690		12.691910	0.339253	-0.769583	-0.306259	-0.341648	-0.471870	-0.625732	0.455322	0.398682	92.844909	-86.072899	-164.088789
06691		12.287436	0.701952	0.334397	0.210165	-0.379313	-0.293916	-0.615967	0.456787	0.391846	95.883896	-85.889319	-167.010849
06692		12.325151	1.250520	1.514709	0.512263	-0.334754	-0.200760	-0.611328	0.454102	0.400635	98.616748	-85.751664	-169.451918
06693		12.334671	1.589751	1.786352	0.457307	-0.220813	-0.182237	-0.624023	0.444336	0.397461	100.323248	-85.628696	-170.896796
06694		12.037398	0.925847	2.015620	0.456138	-0.283781	-0.166240	-0.611328	0.459717	0.398438	102.429691	-85.503757	-172.742727
06695		11.515492	-0.207249	2.816895	0.540077	-0.448577	-0.114270	-0.615234	0.450928	0.406494	105.683485	-85.378548	-175.692718
06696		10.780749	-0.852015	2.731548	0.391583	-0.474283	-0.096249	-0.610840	0.448730	0.406982	108.901159	-85.245473	-178.691527
06697		9.902590	-1.025271	1.460582	0.186652	-0.353868	-0.138322	-0.601563	0.456299	0.406006	110.962543	-85.102487	179.350785
06698		9.090308	-1.023174	0.779478	0.240796	-0.227818	-0.181787	-0.605713	0.453857	0.405762	112.084067	-84.958107	178.367870
06699		8.490468	-1.094005	1.057844	0.334814	-0.169843	-0.203335	-0.606934	0.465820	0.411377	112.800295	-84.813886	177.845086
06700		8.277468	-1.109014	1.061671	0.288492	-0.086636	-0.201640	-0.611572	0.460693	0.406250	112.999154	-84.688646	177.815608
06701		8.214931	-0.942721	0.716719	0.195678	0.032327	-0.174872	-0.616211	0.458984	0.402100	112.531096	-84.604026	178.402028
06702		8.256173	-0.455463	0.268689	0.242624	0.073306	-0.141518	-0.605957	0.456787	0.401611	111.961644	-84.545535	179.117784
06703		8.730487	0.068600	0.204095	0.411795	0.225363	-0.092023	-0.616211	0.460449	0.401611	110.752672	-84.544085	-179.427024
06704		9.279429	0.570654	0.872716	0.535784	0.268538	-0.044933	-0.606689	0.463867	0.394287	109.473547	-84.573627	-177.829703
06705		9.908826	1.166943	1.657570	0.558616	0.249546	0.003722	-0.613770	0.455322	0.386719	108.385860	-84.622709	-176.411968
06706		10.379710	1.737677	2.368810	0.500109	0.245367	0.045842	-0.615234	0.472168	0.380371	107.350409	-84.691766	-175.080258
06707		10.400770	2.205042	2.338191	0.399302	0.187445	0.074173	-0.606934	0.472412	0.391846	106.615810	-84.764497	-174.109079
06708		10.275813	2.535689	1.477844	0.331907	0.019558	0.058133	-0.618896	0.463623	0.385254	106.814190	-84.800570	-174.113484
06709		9.960997	2.645238	1.078535	0.309176	-0.135044	0.016844	-0.609375	0.469238	0.379639	107.849023	-84.787440	-174.971020
06710		9.670612	2.579565	1.325694	0.245591	-0.210870	-0.058490	-0.608887	0.470947	0.380371	109.141168	-84.718153	-176.123483
06711		9.339800	2.306864	1.776378	0.072164	-0.152314	-0.126852	-0.604248	0.474365	0.383789	109.820011	-84.621195	-176.760042
06712		9.068125	1.969183	1.838010	-0.110893	-0.094260	-0.181435	-0.614014	0.464600	0.380371	109.936393	-84.505812	-176.936998
06713		8.970644	1.671500	1.476242	-0.253656	-0.059436	-0.208600	-0.605957	0.474854	0.386230	109.718660	-84.382487	-176.860550
06714		8.998873	1.342592	0.986112	-0.341022	-0.050103	-0.219698	-0.606934	0.477539	0.392090	109.387213	-84.254987	-176.720119
06715		9.008413	1.087466	0.671444	-0.358969	-0.078974	-0.223652	-0.614990	0.467041	0.393799	109.199619	-84.119761	-176.734585
06716		9.161602	0.834594	0.602960	-0.350105	-0.092499	-0.218093	-0.603027	0.464111	0.390381	109.100317	-83.985073	-176.832769
06717		9.206991	0.675222	0.510887	-0.373500	-0.090351	-0.219900	-0.607910	0.464355	0.398926	108.973840	-83.849760	-176.917077
06718		9.245380	0.548370	0.282460	-0.404486	-0.066469	-0.218414	-0.606934	0.457520	0.403076	108.715087	-83.719800	-176.886313
06719		9.198083	0.623040	0.019056	-0.400116	-0.065194	-0.197593	-0.612061	0.454346	0.401123	108.492879	-83.601271	-176.889686
06720		9.109597	0.756178	-0.074812	-0.353748	-0.081418	-0.166301	-0.613037	0.454834	0.406250	108.427305	-83.496935	-177.024103
06721		9.003627	0.814396	-0.070293	-0.282826	-0.057900	-0.112943	-0.610596	0.458008	0.408447	108.374835	-83.425748	-177.130684
06722		8.869582	0.949509	0.059512	-0.236503	-0.025410	-0.055966	-0.604004	0.451172	0.413330	108.283958	-83.391569	-177.172061
06723		8.776587	1.088455	0.156315	-0.213250	-0.014748	-0.015593	-0.609131	0.452637	0.408691	108.219897	-83.381128	-177.226859
06724		8.825451	1.223586	0.317206	-0.218685	0.015496	0.018336	-0.614014	0.448486	0.407471	108.062032	-83.394724	-177.190547
06725		8.935476	1.289320	0.399072	-0.238744	0.036560	0.028159	-0.606445	0.449707	0.411621	107.808856	-83.417221	-177.069672
06726		9.085379	1.345173	0.525983	-0.263321	0.028782	0.034226	-0.610352	0.453369	0.418945	107.584881	-83.441769	-176.992585
06727		9.167050	1.359668	0.461541	-0.281641	0.020733	0.021487	-0.606934	0.445801	0.416748	107.370087	-83.457784	-176.935095
06728		9.327606	1.369876	0.351062	-0.319645	0.009281	0.014651	-0.609375	0.444336	0.411377	107.175393	-83.468235	-176.919999
06729		9.375135	1.366652	0.189428	-0.360371	-0.015243	0.009613	-0.600830	0.442383	0.419678	107.069038	-83.471639	-177.017062
06730		9.376053	1.287696	0.187446	-0.395264	-0.067298	0.013910	-0.606689	0.448242	0.420410	107.195588	-83.468746	-177.368934
06731		9.279593	1.229726	0.192051	-0.422425	-0.122894	0.026462	-0.606934	0.441406	0.426514	107.592827	-83.462871	-178.008671
06732		9.248385	1.231375	0.065329	-0.470308	-0.136053	0.046383	-0.594727	0.440674	0.431396	108.052424	-83.465151	-178.739068
06733		9.144502	1.228437	-0.146358	-0.519640	-0.137457	0.074796	-0.594482	0.437256	0.429932	108.539073	-83.481806	-179.524852
06734		9.085714	1.187323	-0.368340	-0.541069	-0.170220	0.105846	-0.595459	0.443359	0.426514	109.220811	-83.508451	179.480404
06735		9.047178	1.132786	-0.504643	-0.547888	-0.185800	0.128699	-0.601563	0.442871	0.435791	110.022105	-83.542826	178.361749
06736		9.050555	1.070565	-0.544136	-0.546665	-0.175695	0.157705	-0.593262	0.439209	0.440674	110.836049	-83.593154	177.230895
06737		9.058555	1.034963	-0.552672	-0.536965	-0.167293	0.179583	-0.595459	0.438232	0.446289	111.675364	-83.654934	176.080495
06738		9.095400	0.948163	-0.711810	-0.544003	-0.146861	0.198052	-0.590820	0.444336	0.450195	112.465872	-83.729237	174.975042
06739		9.098847	0.980830	-0.820725	-0.530959	-0.134761	0.217352	-0.586670	0.438721	0.458008	113.271150	-83.814581	173.862671
06740		9.043059	1.020586	-0.927623	-0.486476	-0.155709	0.232823	-0.587891	0.429688	0.455078	114.262450	-83.901438	172.588792
06741		8.996821	1.015716	-0.902234	-0.460253	-0.151444	0.248151	-0.585938	0.431641	0.468994	115.318692	-83.994701	171.265158
06742		8.918587	1.004988	-0.676395	-0.449305	-0.115098	0.255283	-0.584473	0.436523	0.459717	116.253286	-84.098388	170.070183
06743		8.873429	0.973262	-0.570405	-0.444191	-0.121453	0.267153	-0.576416	0.439453	0.472656	117.293598	-84.204228	168.772303
06744		8.861831	0.894758	-0.695691	-0.429862	-0.138879	0.285139	-0.580078	0.441650	0.473145	118.520233	-84.311985	167.295483
06745		8.920611	0.835837	-0.871219	-0.423784	-0.158230	0.295764	-0.577148	0.434326	0.469971	119.933464	-84.416089	165.635106
06746		8.836400	0.737731	-0.952209	-0.410304	-0.156979	0.299490	-0.568359	0.436035	0.475586	121.414742	-84.518355	163.914265
06747		8.806009	0.706839	-0.764134	-0.392842	-0.150249	0.296405	-0.569580	0.435547	0.481445	122.923268	-84.616698	162.176543
06748		8.789957	0.805808	-0.687213	-0.387178	-0.138191	0.287731	-0.567139	0.439941	0.481445	124.400238	-84.710520	160.473921
06749		8.849967	0.800218	-0.775265	-0.383012	-0.111687	0.276995	-0.565674	0.432129	0.488525	125.762780	-84.803972	158.888988
06750		8.999750	0.770715	-0.986457	-0.347639	-0.078876	0.267359	-0.555664	0.433594	0.489502	126.991813	-84.900925	157.458586
06751		9.249872	0.639281	-0.927192	-0.285448	-0.031948	0.248207	-0.553955	0.435303	0.487305	127.990426	-85.002922	156.295604
06752		9.574970	0.347546	-0.694754	-0.261231	0.008547	0.234480	-0.553955	0.440186	0.491943	128.777651	-85.111629	155.358828
06753		9.867659	0.022816	-0.556341	-0.275274	0.054891	0.219845	-0.563477	0.437012	0.486328	129.288268	-85.229543	154.691813
06754		10.115190	-0.205551	-0.740361	-0.262137	0.086222	0.201403	-0.550049	0.441895	0.499268	129.582388	-85.350404	154.249601
06755		10.198875	-0.142365	-1.087833	-0.205550	0.054964	0.177389	-0.554932	0.442383	0.501221	129.991568	-85.448902	153.724648
06756		10.177902	0.077339	-1.596526	-0.179752	-0.020202	0.162006	-0.554443	0.447510	0.496582	130.780252	-85.512470	152.833785
06757		10.030614	0.411115	-1.829182	-0.217561	-0.086142	0.163783	-0.551270	0.445801	0.497803	131.943066	-85.550499	151.546093
06758		9.938969	0.592901	-1.557290	-0.254844	-0.133919	0.189645	-0.545166	0.441650	0.497803	133.494961	-85.578548	149.846717
06759		9.893904	0.570505	-0.977162	-0.188385	-0.158657	0.215536	-0.548340	0.437744	0.504150	135.370482	-85.603237	147.861073
06760		10.250669	0.225125	-0.702274	-0.041979	-0.132688	0.233260	-0.532959	0.445801	0.503418	137.316691	-85.640642	145.888715
06761		10.836378	-0.246164	-1.063472	0.104390	-0.042120	0.224781	-0.542725	0.459229	0.497314	138.877674	-85.708760	144.386956
06762		11.538545	-0.518358	-2.028833	0.186329	0.082945	0.170109	-0.542725	0.455078	0.500244	139.584293	-85.808482	143.789108
06763		11.896074	-0.277670	-2.759588	0.210990	0.243153	0.093931	-0.538330	0.451172	0.500488	139.032399	-85.949240	144.467333
06764		11.815949	0.164426	-2.746914	0.346002	0.501619	0.019580	-0.539063	0.456299	0.496582	136.575122	-86.169826	147.132836
06765		11.763681	0.245348	-2.021376	0.689664	0.799848	-0.012688	-0.554932	0.450684	0.483398	131.793553	-86.484488	152.323873
06766		11.377898	0.192066	-0.498177	1.052639	0.869663	0.016692	-0.543701	0.458496	0.468994	125.908541	-86.805266	158.826856
06767		10.612499	0.172830	0.275635	1.504970	0.369992	0.110329	-0.541260	0.468018	0.463867	124.271591	-86.979243	161.333462
06768		10.495330	0.369555	0.770863	1.742380	-0.427568	0.193368	-0.539307	0.476318	0.456787	130.223632	-86.919443	156.376443
06769		11.875719	0.434686	2.796102	1.405727	-0.748349	0.191902	-0.538086	0.493896	0.456787	137.957332	-86.699826	149.441148
06770		13.213276	0.624485	4.294256	0.637215	0.153963	0.138834	-0.538330	0.489502	0.448730	138.361490	-86.818768	149.405654
06771		12.264567	0.260069	2.331334	0.207587	0.379819	0.066841	-0.533203	0.487793	0.443115	136.295714	-87.004842	151.597237
06772		10.860192	-0.536052	0.103818	0.066370	-0.058606	0.008467	-0.536621	0.499268	0.446289	136.870246	-86.984216	151.063438
06773		9.825204	-0.617288	0.298624	0.166651	-0.316128	-0.003537	-0.534668	0.494385	0.443604	139.213254	-86.848203	148.816352
06774		9.110019	-0.441180	2.102629	-0.107832	-0.196881	0.029982	-0.533447	0.500244	0.445557	140.719006	-86.773310	147.249772
06775		8.270814	0.273341	1.903176	-0.400543	0.005185	0.028874	-0.541260	0.493408	0.445313	140.710203	-86.786085	147.032426
06776		7.642164	0.714042	1.208972	-0.436505	0.009607	-0.014210	-0.531738	0.494141	0.451660	140.313321	-86.785747	147.182702
06777		7.577684	0.998801	1.255213	-0.462510	-0.009894	-0.048658	-0.535400	0.493652	0.448242	139.760253	-86.763511	147.474924
06778		7.880355	1.093617	1.263640	-0.416849	0.034143	-0.053443	-0.534668	0.483398	0.463135	138.910740	-86.759082	148.089789
06779		8.255689	0.895584	0.971032	-0.300892	0.161089	-0.038333	-0.527588	0.492676	0.450928	137.376738	-86.813233	149.457232
06780		8.885886	0.556483	0.626436	-0.189814	0.255559	-0.013119	-0.527100	0.481201	0.458496	135.347191	-86.914826	151.384075
06781		9.724100	0.103900	0.746065	-0.135476	0.332444	0.006828	-0.525635	0.495117	0.451904	132.751757	-87.050255	153.909074
06782		10.439650	-0.517390	1.292446	-0.137085	0.404008	0.016022	-0.535889	0.502930	0.455322	129.332147	-87.210189	157.257452
06783		11.111530	-1.277806	1.766303	-0.135588	0.423904	0.018668	-0.525879	0.489990	0.450684	125.343658	-87.366392	161.176326
06784		11.398580	-1.935128	1.997366	-0.121785	0.360618	0.015301	-0.534668	0.485596	0.446289	121.563265	-87.488911	164.893665
06785		11.400499	-2.224053	1.634028	-0.088644	0.228978	0.016540	-0.541016	0.484619	0.444092	119.032450	-87.563747	167.379695
06786		10.451389	-2.391031	1.041917	-0.024480	0.013469	0.038138	-0.536133	0.493164	0.447754	119.127196	-87.588150	167.273619
06787		9.943189	-2.116270	0.919628	-0.019573	0.105851	0.046998	-0.533203	0.490723	0.445801	118.180582	-87.641347	168.213522
06788		9.603629	-1.875248	0.924661	0.081763	-0.014828	0.085790	-0.533447	0.494385	0.447021	119.004080	-87.682241	167.438864
06789		9.427554	-1.525224	0.872537	0.141498	-0.034090	0.127699	-0.532227	0.490723	0.443115	120.449950	-87.736558	166.076668
06790		9.271348	-1.194238	0.962676	0.160434	-0.007667	0.158836	-0.539307	0.486084	0.450684	121.871666	-87.814129	164.748391
06791		9.272858	-0.932622	0.932341	0.153629	0.008909	0.170808	-0.528076	0.488770	0.441650	123.289402	-87.899749	163.421438
06792		9.376947	-0.705495	0.703255	0.148025	-0.006137	0.173857	-0.527832	0.490234	0.452393	125.035581	-87.982279	161.761424
06793		9.587655	-0.507104	0.437547	0.146673	-0.024601	0.174497	-0.523926	0.504150	0.446289	127.191918	-88.055076	159.691577
06794		9.667294	-0.429929	0.452699	0.125348	-0.006268	0.181009	-0.525879	0.502930	0.444336	129.310176	-88.136420	157.646377
06795		9.677681	-0.360915	0.680213	0.093059	0.035847	0.179680	-0.523438	0.501221	0.447754	131.004638	-88.228592	156.008100
06796		9.656204	-0.331092	0.704444	0.067849	0.038058	0.171888	-0.527832	0.500244	0.437988	132.722276	-88.318632	154.330897
06797		9.521327	-0.286244	0.435083	0.083555	0.025440	0.157489	-0.522217	0.502197	0.435059	134.622500	-88.394132	152.481474
06798		9.384511	-0.260125	0.297167	0.100479	0.025511	0.141201	-0.520264	0.509766	0.432129	136.456445	-88.463378	150.706713
06799		9.207488	-0.335493	0.296593	0.099954	0.036934	0.127773	-0.522461	0.498291	0.434326	138.067295	-88.528687	149.156287
06800		9.046784	-0.478083	0.356812	0.074586	0.098578	0.111216	-0.518311	0.502930	0.432617	138.564948	-88.615385	148.703479
06801		8.985791	-0.673446	0.413219	0.091918	0.188981	0.108570	-0.507568	0.509766	0.427979	137.547010	-88.737567	149.778057
06802		9.039683	-0.896050	0.421855	0.126142	0.265823	0.101810	-0.515625	0.517090	0.433838	134.604303	-88.890046	152.795889
06803		9.248192	-1.204418	0.560182	0.132119	0.337614	0.089792	-0.516846	0.509521	0.421631	128.582531	-89.057376	158.898019
06804		9.600748	-1.452607	0.778660	0.132147	0.402781	0.073013	-0.517578	0.519287	0.423096	117.305817	-89.221361	170.253844
06805		9.977521	-1.672089	0.940147	0.138918	0.477369	0.056544	-0.517822	0.516846	0.420654	97.400715	-89.336315	-169.756229
06806		10.189025	-1.716099	0.797430	0.133393	0.534626	0.043866	-0.524902	0.514404	0.417725	70.692316	-89.331936	-142.967632
06807		10.245628	-1.603681	0.449700	0.179305	0.439277	0.034651	-0.518311	0.519775	0.412842	52.363790	-89.229340	-124.531262
06808		10.127851	-1.534444	0.409535	0.261939	0.293195	0.025606	-0.521240	0.521240	0.410889	42.970988	-89.128064	-114.985483
06809		9.939670	-1.491025	0.566443	0.326740	0.203717	0.019054	-0.519775	0.519043	0.409180	37.870552	-89.047462	-109.693481
06810		9.689641	-1.363863	0.634507	0.408072	0.164312	0.014006	-0.521240	0.520264	0.405029	34.341125	-88.976935	-105.927841
06811		9.520566	-1.306255	0.518298	0.475278	0.139402	0.005564	-0.517578	0.524414	0.394531	32.075577	-88.913065	-103.385859
06812		9.383002	-1.235104	0.497289	0.523732	0.113195	0.001660	-0.527344	0.527100	0.397217	30.444512	-88.858707	-101.452577
06813		9.330207	-1.194962	0.488320	0.565392	0.096656	-0.006181	-0.507080	0.542969	0.397461	29.539812	-88.810173	-100.219988
06814		9.224916	-1.169202	0.424258	0.632669	0.091570	-0.023717	-0.522705	0.529297	0.391357	29.099139	-88.758262	-99.414926
06815		9.116749	-1.128459	0.247260	0.690051	0.048647	-0.047310	-0.515137	0.536621	0.384766	29.925279	-88.721853	-99.842111
06816		8.938243	-1.175230	0.084483	0.724795	-0.003636	-0.088260	-0.514893	0.541748	0.373535	32.167053	-88.698148	-101.667403
06817		8.735546	-1.257126	0.097909	0.750045	-0.041433	-0.119465	-0.519775	0.533691	0.375000	35.646731	-88.680893	-104.714445
06818		8.514038	-1.301603	0.018421	0.798499	-0.062728	-0.143367	-0.524414	0.544189	0.370605	39.712183	-88.660127	-108.321733
06819		8.343278	-1.308319	0.155564	0.859901	-0.070426	-0.162468	-0.516113	0.551270	0.367432	44.266285	-88.629097	-112.380594
06820		8.284907	-1.312643	0.293991	0.900492	-0.098166	-0.182431	-0.518555	0.542725	0.365967	49.296450	-88.592982	-116.894552
06821		8.412929	-1.342533	0.471158	0.928571	-0.109975	-0.209365	-0.508545	0.548096	0.351807	54.766266	-88.538417	-121.830192
06822		8.635634	-1.250752	0.443368	0.964939	-0.139437	-0.233551	-0.520020	0.546875	0.345459	60.537677	-88.470236	-127.048979
06823		8.892231	-1.231521	0.214455	1.004239	-0.151469	-0.260191	-0.515137	0.551514	0.348877	66.370618	-88.376818	-132.304830
06824		9.013881	-1.191917	0.133002	1.034325	-0.190420	-0.289743	-0.524170	0.552002	0.338867	72.356547	-88.262589	-137.698970
06825		9.018741	-1.091646	-0.040873	1.066979	-0.207522	-0.327830	-0.514893	0.554688	0.333740	78.135112	-88.112251	-142.865089
06826		8.997740	-1.187059	-0.264995	1.128779	-0.133093	-0.346412	-0.524658	0.562744	0.335693	81.898258	-87.933227	-145.981902
06827		8.824736	-1.137225	-0.074055	1.277726	-0.023405	-0.351712	-0.528076	0.564209	0.323730	83.673259	-87.736075	-147.021873
06828		8.677464	-0.803704	0.657301	1.484412	0.044518	-0.383248	-0.525391	0.562012	0.319580	84.419526	-87.518528	-146.916141
06829		9.003788	0.032605	1.265508	1.556501	0.086710	-0.466490	-0.522217	0.567627	0.302490	84.797888	-87.248833	-146.398466
06830		9.830067	0.953180	1.059350	1.512709	0.186115	-0.541406	-0.527344	0.579102	0.291260	84.128815	-86.933252	-144.859379
06831		10.601624	1.596296	0.802709	1.516696	0.312125	-0.539359	-0.532715	0.555908	0.283203	82.503671	-86.606519	-142.357577
06832		11.135797	1.809959	1.181036	1.661608	0.391945	-0.477849	-0.528076	0.561279	0.268799	80.488980	-86.305645	-139.383914
06833		11.321419	1.665670	2.031233	1.826006	0.452226	-0.402614	-0.534180	0.566406	0.258301	78.375781	-86.032388	-136.213728
06834		11.577012	1.281178	2.590773	1.860821	0.476004	-0.335161	-0.540283	0.575439	0.240234	76.275021	-85.787895	-133.037532
06835		11.806716	0.866897	2.231335	1.810844	0.391309	-0.276235	-0.535889	0.573486	0.220459	74.966454	-85.580031	-130.681061
06836		11.786055	0.691268	1.679373	1.811702	0.250747	-0.237325	-0.548096	0.589355	0.216309	74.660692	-85.413624	-129.332060
06837		11.532661	0.730713	1.417015	1.834579	0.172745	-0.201524	-0.548340	0.576904	0.210938	74.920926	-85.277414	-128.534841
06838		10.865894	0.774311	1.282300	1.749313	0.102505	-0.160574	-0.545166	0.584229	0.187988	75.489437	-85.175803	-128.098596
06839		10.073070	0.746797	1.029017	1.640023	0.075435	-0.129260	-0.545898	0.587158	0.178955	76.159952	-85.094581	-127.824772
06840		9.585289	0.794612	0.778737	1.560452	0.152013	-0.098743	-0.547119	0.588135	0.170410	76.197541	-85.021088	-126.964181
06841		9.335027	0.740393	0.841894	1.520311	0.232936	-0.070581	-0.547852	0.590088	0.154053	75.714696	-84.950632	-125.601360
06842		9.512671	0.739656	0.935943	1.443367	0.299331	-0.050843	-0.550293	0.583984	0.143799	74.726326	-84.880772	-123.777955
06843		9.811154	0.837444	1.046444	1.370449	0.376104	-0.048679	-0.540771	0.582520	0.134521	73.312420	-84.795800	-121.566185
06844		10.115765	0.995529	0.996892	1.297820	0.384089	-0.065734	-0.546631	0.594482	0.123291	71.859494	-84.695761	-119.359568
06845		10.352137	1.210316	0.822696	1.248872	0.336396	-0.093889	-0.541016	0.589844	0.118652	70.820636	-84.584321	-117.593751
06846		10.345058	1.464840	0.537086	1.243373	0.292978	-0.124019	-0.550537	0.595947	0.099854	70.095678	-84.462697	-116.149009
06847		10.083591	1.599943	0.525145	1.279211	0.259177	-0.160321	-0.554199	0.594238	0.089600	69.736954	-84.326645	-115.048401
06848		9.720725	1.723997	0.630776	1.329839	0.227962	-0.191388	-0.547119	0.591797	0.083252	69.626597	-84.179737	-114.170903
06849		9.474850	1.732516	0.670175	1.366515	0.210791	-0.203655	-0.553467	0.593750	0.083740	69.713126	-84.029578	-113.467066
06850		9.270883	1.788913	0.527652	1.357844	0.210169	-0.205259	-0.555664	0.591064	0.070068	69.777229	-83.878647	-112.748404
06851		9.233889	1.824298	0.280588	1.350810	0.230084	-0.202495	-0.551758	0.591064	0.058350	69.788826	-83.725435	-111.977853
06852		9.248226	1.817572	0.272516	1.372236	0.257127	-0.188011	-0.559082	0.595703	0.042480	69.639301	-83.574211	-111.035522
06853		9.235110	1.811375	0.500378	1.422527	0.278273	-0.160590	-0.547363	0.587646	0.034668	69.432350	-83.433479	-110.003208
06854		9.258925	1.751133	0.718528	1.454393	0.256729	-0.113953	-0.560547	0.590820	0.022705	69.250636	-83.321172	-108.980561
06855		9.274156	1.686335	0.804663	1.462202	0.217359	-0.077110	-0.556396	0.585205	0.022949	69.240207	-83.236949	-108.122770
06856		9.294465	1.628075	0.693354	1.460415	0.191727	-0.032145	-0.556641	0.589355	0.007080	69.242115	-83.181274	-107.281221
06857		9.281567	1.531899	0.476788	1.466185	0.159528	-0.001988	-0.549316	0.582275	-0.005615	69.379240	-83.149138	-106.569539
06858		9.160973	1.499577	0.273103	1.519327	0.131979	0.020482	-0.549072	0.590332	-0.016602	69.600237	-83.133961	-105.914531
06859		9.063227	1.496636	0.295507	1.576417	0.127412	0.036435	-0.551270	0.585938	-0.030518	69.882047	-83.129487	-105.284915
06860		8.926943	1.509583	0.312290	1.588649	0.120977	0.054081	-0.552490	0.590088	-0.045654	70.137577	-83.135106	-104.624640
06861		8.852926	1.648217	0.256092	1.571482	0.135231	0.064871	-0.546143	0.584717	-0.051514	70.334653	-83.145102	-103.912538
06862		8.819345	1.806180	0.314777	1.556721	0.138710	0.081202	-0.546875	0.583984	-0.061523	70.447535	-83.162304	-103.127012
06863		8.889792	1.944410	0.670994	1.546290	0.136280	0.105575	-0.552979	0.587158	-0.074951	70.556758	-83.194478	-102.341024
06864		9.090789	2.114278	1.142605	1.535753	0.169410	0.130149	-0.546631	0.575928	-0.083496	70.433455	-83.232211	-101.329821
06865		9.337445	2.233620	1.048322	1.473001	0.193133	0.154366	-0.547607	0.586914	-0.086670	70.151602	-83.279379	-100.192443
06866		9.548510	2.354123	0.630337	1.462318	0.242026	0.172633	-0.545654	0.592529	-0.106201	69.565513	-83.324066	-98.757833
06867		9.669744	2.468239	0.319656	1.463435	0.283039	0.185513	-0.536865	0.576172	-0.111572	68.788054	-83.366994	-97.127216
06868		9.699114	2.427903	0.276638	1.481491	0.234336	0.189664	-0.544922	0.586670	-0.121094	68.189728	-83.418122	-95.669459
06869		9.636231	2.447254	0.441493	1.517415	0.162071	0.195863	-0.540039	0.579834	-0.135742	67.950331	-83.488778	-94.549659
06870		9.458524	2.403644	0.644506	1.510045	0.149561	0.198988	-0.531006	0.578369	-0.145996	67.713106	-83.561019	-93.439200
06871		9.316547	2.369972	0.679547	1.467164	0.154297	0.208731	-0.532959	0.577393	-0.165283	67.425378	-83.639071	-92.300062
06872		9.238605	2.351247	0.518148	1.412919	0.149868	0.222595	-0.532471	0.567383	-0.167480	67.050559	-83.722178	-91.107474
06873		9.132514	2.412943	0.367199	1.380474	0.124037	0.239096	-0.533447	0.578369	-0.167480	66.757044	-83.821556	-90.012858
06874		9.090045	2.522550	0.172730	1.337295	0.110502	0.255336	-0.527100	0.578613	-0.179688	66.416772	-83.929118	-88.898999
06875		8.984262	2.619835	0.173416	1.276100	0.099124	0.275543	-0.528076	0.568359	-0.190674	66.056799	-84.051972	-87.798138
06876		8.866887	2.701244	0.133777	1.203904	0.074647	0.296186	-0.531982	0.573975	-0.205078	65.671268	-84.187564	-86.716061
06877		8.705083	2.798981	0.115180	1.145904	0.042535	0.310505	-0.516602	0.573242	-0.209473	65.380194	-84.340642	-85.759958
06878		8.602346	2.862595	0.055737	1.095710	0.030736	0.315828	-0.514648	0.574951	-0.214844	65.046238	-84.495500	-84.792500
06879		8.543439	3.026989	-0.127714	1.026972	0.026403	0.326209	-0.506592	0.575928	-0.220703	64.660685	-84.659520	-83.810454
06880		8.470665	3.129701	-0.170520	0.988804	-0.006304	0.326514	-0.516846	0.578857	-0.216309	64.366695	-84.827640	-82.945108
06881		8.433637	3.143125	-0.075931	0.975522	-0.039451	0.334137	-0.514404	0.563477	-0.235107	64.227884	-85.011206	-82.240910
06882		8.521568	3.181995	0.059274	0.952547	-0.056307	0.337782	-0.506348	0.577148	-0.239990	64.108166	-85.196892	-81.571753
06883		8.603698	3.196132	-0.054166	0.919070	-0.062342	0.341300	-0.513184	0.571289	-0.245850	63.992849	-85.389617	-80.923976
06884		8.767049	3.225570	-0.205994	0.907039	-0.068098	0.332912	-0.512451	0.561523	-0.251709	63.876262	-85.575277	-80.284438
06885		8.953109	3.220119	-0.151787	0.915979	-0.045360	0.317592	-0.505127	0.567871	-0.252686	63.655322	-85.751251	-79.532842
06886		9.136446	2.981653	0.170348	0.927887	-0.068660	0.313646	-0.499756	0.572021	-0.263672	63.555745	-85.926627	-78.898640
06887		9.266233	2.669438	0.121172	0.860331	-0.083933	0.311828	-0.505127	0.568604	-0.261719	63.531498	-86.109268	-78.376513
06888		9.272809	2.419891	-0.227509	0.797853	-0.064496	0.308887	-0.502197	0.564697	-0.267090	63.277768	-86.280753	-77.662739
06889		9.207400	2.263010	-0.191253	0.810406	-0.064397	0.307896	-0.498535	0.568848	-0.274170	63.013201	-86.456072	-76.928683
06890		9.158327	2.179578	0.107095	0.854839	-0.042487	0.301010	-0.498779	0.561279	-0.279297	62.542769	-86.617088	-75.965328
06891		9.293896	2.211960	0.479488	0.927848	-0.004816	0.288008	-0.489502	0.564941	-0.283936	61.791980	-86.765579	-74.677088
06892		9.542292	2.172504	0.425090	0.964438	0.022634	0.271817	-0.489502	0.557617	-0.296387	60.777394	-86.892258	-73.106124
06893		9.832895	2.053090	0.074537	0.999260	0.043313	0.255006	-0.489990	0.563965	-0.291260	59.589911	-87.007973	-71.339919
06894		10.165017	1.967605	-0.399665	1.013790	0.060580	0.241120	-0.496582	0.555664	-0.297363	58.199204	-87.104468	-69.364338
06895		10.274956	1.965354	-0.503154	0.986931	0.110535	0.222900	-0.483643	0.555420	-0.306641	56.320756	-87.178941	-66.913686
06896		10.225252	1.765577	0.161356	0.995385	0.148364	0.219980	-0.484863	0.555420	-0.321533	53.991701	-87.229848	-64.009393
06897		10.428397	1.544889	1.175212	1.020922	0.231779	0.205365	-0.490234	0.554932	-0.319824	50.913399	-87.243508	-60.338191
06898		11.032534	1.040980	1.665919	0.976952	0.346464	0.183577	-0.480469	0.554932	-0.328125	46.989654	-87.188366	-55.847915
06899		11.835469	0.922190	1.138577	0.805909	0.348167	0.133286	-0.486328	0.548828	-0.336670	43.531405	-87.103434	-51.919360
06900		12.348181	0.960771	-0.437815	0.784727	0.352587	0.059188	-0.473145	0.537109	-0.344482	40.898072	-86.972500	-48.830811
06901		12.375758	0.668348	-2.135765	1.212673	0.186200	0.033713	-0.484375	0.546387	-0.351807	40.022820	-86.905130	-47.254813
06902		11.800080	0.671686	-1.119912	1.668497	-0.177769	0.055755	-0.487061	0.532471	-0.364502	41.810795	-86.999156	-48.086383
06903		11.560678	1.074163	2.088252	1.662837	-0.153297	0.085753	-0.472900	0.532227	-0.369141	43.212315	-87.098382	-48.532072
06904		11.487326	1.481340	2.929149	1.418894	0.146868	0.096518	-0.481201	0.524170	-0.386230	42.142374	-87.070115	-46.645114
06905		11.169513	1.308582	1.659953	1.170210	0.123636	0.059400	-0.477539	0.513184	-0.387451	41.401551	-87.041232	-45.228254
06906		10.938959	0.848745	1.464012	0.992387	0.047249	-0.018761	-0.482178	0.514404	-0.401123	41.816318	-87.009830	-45.072693
06907		11.266179	0.446598	2.000120	0.859123	0.109213	-0.105143	-0.483643	0.498291	-0.398926	42.360705	-86.924293	-45.121221
06908		11.177500	0.524139	2.507007	0.776236	0.159295	-0.136826	-0.483398	0.500732	-0.408203	42.767379	-86.799909	-45.081612
06909		10.729824	0.927435	2.963619	0.718253	0.108774	-0.123921	-0.472900	0.495850	-0.411377	43.344017	-86.707179	-45.243294
06910		10.332869	1.337067	2.703956	0.631351	0.014863	-0.087919	-0.480225	0.498291	-0.419678	44.261983	-86.661824	-45.799082
06911		9.844269	1.366589	2.394374	0.508091	-0.082272	-0.047764	-0.482910	0.489014	-0.414795	45.459196	-86.677221	-46.703021
06912		9.225319	1.084367	2.198522	0.359372	-0.148072	-0.023597	-0.497070	0.485107	-0.424805	46.915679	-86.721588	-47.954426
06913		8.673147	0.680269	1.856369	0.251993	-0.206747	0.010674	-0.486328	0.492920	-0.413818	48.540253	-86.807094	-49.433289
06914		8.478265	0.108642	1.869864	0.344833	-0.212982	0.050767	-0.482178	0.481445	-0.416504	50.099219	-86.903876	-50.795580
06915		8.915094	-0.519668	2.066489	0.483132	-0.206902	0.098553	-0.486084	0.484619	-0.421387	51.437633	-87.023889	-51.854979
06916		9.853389	-0.984404	2.374003	0.624529	-0.183205	0.122463	-0.486084	0.473145	-0.428467	52.587621	-87.138881	-52.647083
06917		11.069118	-1.491537	2.598136	0.699455	-0.174751	0.135021	-0.481934	0.479492	-0.425049	53.682150	-87.262138	-53.337993
06918		11.414390	-2.034376	2.517604	0.609288	-0.175988	0.152105	-0.493408	0.466309	-0.419678	54.699040	-87.386889	-54.005495
06919		11.063406	-2.375241	2.319892	0.441080	-0.055144	0.173015	-0.481689	0.471680	-0.419434	54.244788	-87.487219	-53.294126
06920		10.385269	-2.623938	1.912292	0.341858	0.045347	0.227466	-0.486084	0.469482	-0.427002	52.153585	-87.571210	-51.003926
06921		9.645646	-2.640822	1.399310	0.426827	0.032695	0.300936	-0.486084	0.469727	-0.434082	49.413302	-87.694290	-48.012854
06922		8.988474	-2.467086	1.401215	0.622841	0.006473	0.359410	-0.488281	0.476563	-0.442383	46.159874	-87.839746	-44.398783
06923		8.763933	-2.122435	1.794635	0.787576	-0.002441	0.384554	-0.489014	0.468994	-0.442383	42.293866	-87.995828	-40.074992
06924		8.938848	-1.757547	1.913454	0.870487	0.011851	0.396691	-0.483398	0.469727	-0.451904	37.526502	-88.132102	-34.804791
06925		9.166951	-1.288772	1.963403	0.921036	-0.004546	0.413922	-0.486084	0.466553	-0.453125	31.881756	-88.270713	-28.625609
06926		9.357609	-0.898600	1.993133	0.961006	-0.079192	0.426678	-0.484131	0.458740	-0.454346	25.814435	-88.424348	-22.003836
06927		9.569617	-0.662947	1.876245	0.950657	-0.135226	0.439266	-0.475586	0.461426	-0.458496	18.503135	-88.592563	-14.141515
06928		9.532482	-0.480223	1.762662	0.873087	-0.131290	0.444750	-0.473877	0.454590	-0.463379	9.308332	-88.723360	-4.442744
06929		9.332849	-0.421483	1.580904	0.790031	-0.077420	0.436822	-0.476563	0.451172	-0.470947	-1.646943	-88.785531	6.971549
06930		9.076039	-0.490132	1.566428	0.771102	-0.062192	0.423244	-0.474121	0.443604	-0.475830	-12.620127	-88.787865	18.390166
06931		8.828741	-0.630836	1.539757	0.713066	-0.064571	0.395101	-0.470215	0.443848	-0.475830	-22.856599	-88.754460	29.041317
06932		8.664177	-0.510279	1.187306	0.729617	-0.088660	0.367585	-0.477295	0.444092	-0.479980	-31.722725	-88.701289	38.328845
06933		8.562813	-0.622228	1.364349	0.756507	-0.073364	0.342128	-0.470703	0.445068	-0.485596	-39.223453	-88.621656	46.268864
06934		8.546617	-0.642590	1.465794	0.765555	-0.062476	0.318955	-0.472168	0.439697	-0.487305	-45.001304	-88.525091	52.488362
06935		8.521864	-0.654960	1.268958	0.756662	-0.087976	0.309152	-0.471191	0.437744	-0.488525	-50.495165	-88.427547	58.421537
06936		8.673163	-0.832022	1.196069	0.743362	-0.046646	0.300421	-0.472412	0.434814	-0.494629	-54.325765	-88.307760	62.680879
06937		8.774618	-0.983094	1.290530	0.734920	-0.008333	0.293373	-0.465820	0.429932	-0.488525	-57.148964	-88.171101	65.930372
06938		8.923042	-1.113557	1.407849	0.745386	0.006489	0.269670	-0.463623	0.436035	-0.490479	-58.949778	-88.038818	68.160604
06939		9.140859	-1.260314	1.365145	0.743953	0.037779	0.240869	-0.472168	0.429688	-0.512939	-60.008151	-87.908477	69.649847
06940		9.274001	-1.299750	1.276513	0.736602	0.040613	0.208909	-0.458984	0.423584	-0.511719	-60.499150	-87.793924	70.564681
06941		9.469834	-1.233148	1.211017	0.724574	0.024504	0.178839	-0.461670	0.419189	-0.518066	-61.070080	-87.697156	71.555214
06942		9.669161	-1.149669	1.219193	0.706385	0.026501	0.152997	-0.463623	0.412598	-0.516113	-61.252238	-87.613968	72.143772
06943		9.717164	-1.044980	1.179224	0.697588	0.016367	0.150658	-0.461914	0.406738	-0.521240	-61.656224	-87.533164	72.951857
06944		9.708699	-0.919201	0.999600	0.692953	0.016490	0.150216	-0.458740	0.403564	-0.523193	-61.884970	-87.453792	73.579437
06945		9.656919	-0.853403	0.897161	0.680146	0.026007	0.159418	-0.457031	0.401123	-0.530762	-62.174052	-87.365625	74.262598
06946		9.570652	-0.701913	0.829908	0.678966	0.027815	0.159783	-0.461182	0.405273	-0.532959	-62.288075	-87.278150	74.767420
06947		9.515414	-0.579223	0.877894	0.676253	0.026723	0.159087	-0.466553	0.392578	-0.539795	-62.514762	-87.189764	75.385977
06948		9.417586	-0.519963	0.631348	0.687313	0.029373	0.151726	-0.458984	0.389404	-0.532715	-62.524926	-87.105876	75.791698
06949		9.367064	-0.458534	0.524655	0.695719	0.024830	0.148823	-0.461670	0.382324	-0.541260	-62.664900	-87.023109	76.334687
06950		9.254685	-0.462315	0.524717	0.687252	0.023291	0.139684	-0.453613	0.388672	-0.537842	-62.647692	-86.946959	76.713049
06951		9.182804	-0.381598	0.666690	0.676513	-0.009128	0.130730	-0.451904	0.380859	-0.550049	-62.999424	-86.882190	77.457159
06952		9.058476	-0.381079	0.589619	0.658722	-0.034576	0.116926	-0.459717	0.379883	-0.544922	-63.401588	-86.832502	78.239220
06953		9.014602	-0.308108	0.372630	0.661011	-0.072096	0.100638	-0.455566	0.372314	-0.549561	-64.164296	-86.798477	79.386115
06954		8.959062	-0.169156	0.252576	0.645720	-0.111396	0.078315	-0.457031	0.364990	-0.547852	-65.076231	-86.786669	80.671348
06955		8.958220	-0.119524	0.218894	0.586450	-0.110981	0.062667	-0.459229	0.369629	-0.555664	-66.051566	-86.779705	81.988454
06956		8.938193	-0.209932	0.191770	0.506239	-0.051333	0.046141	-0.460205	0.362305	-0.562256	-66.339384	-86.768998	82.568568
06957		8.758321	-0.218876	0.370765	0.444519	-0.004440	0.020538	-0.462891	0.356934	-0.559814	-66.226337	-86.758655	82.714129
06958		8.693313	-0.145187	0.480300	0.400851	-0.012669	-0.009804	-0.460938	0.355469	-0.554932	-65.985157	-86.768409	82.703938
06959		8.773524	-0.134672	0.488542	0.364289	-0.052913	-0.040003	-0.460938	0.355469	-0.561035	-66.120970	-86.801073	83.052707
06960		8.873470	-0.099761	0.215743	0.333129	-0.104379	-0.067269	-0.456787	0.347168	-0.558594	-66.549367	-86.862140	83.674253
06961		8.958050	-0.270737	0.245949	0.239226	-0.112671	-0.088751	-0.457764	0.347656	-0.566162	-67.156275	-86.933669	84.423009
06962		8.956808	-0.399322	0.345494	0.072892	0.012273	-0.114423	-0.462891	0.345703	-0.565674	-66.411197	-86.993000	83.720034
06963		8.901134	-0.498262	0.510543	-0.019603	0.048848	-0.147396	-0.465576	0.347656	-0.563477	-65.284571	-87.058025	82.584331
06964		8.928591	-0.629539	0.461027	-0.029025	-0.035518	-0.179308	-0.462646	0.341309	-0.562012	-64.705954	-87.161420	81.989658
06965		9.003656	-0.745352	-0.025778	0.002694	-0.101450	-0.192404	-0.466309	0.341553	-0.560791	-64.840302	-87.285356	82.129398
06966		9.149337	-0.859980	-0.430267	0.068583	-0.133928	-0.204113	-0.469727	0.339355	-0.563721	-65.126747	-87.425433	82.456820
06967		9.232401	-0.881635	-0.530781	0.130448	-0.157150	-0.214819	-0.473633	0.330566	-0.564209	-65.779680	-87.574223	83.188875
06968		9.309451	-0.998095	-0.331674	0.164027	-0.198961	-0.237287	-0.471924	0.337158	-0.560547	-66.782498	-87.746307	84.287946
06969		9.377313	-1.186638	-0.353727	0.157763	-0.210515	-0.254881	-0.475342	0.334229	-0.560303	-68.187923	-87.926796	85.788515
06970		9.405664	-1.362518	-0.417419	0.145370	-0.185874	-0.273491	-0.470703	0.327881	-0.558594	-69.192673	-88.113389	86.878583
06971		9.544445	-1.467845	-0.327482	0.123560	-0.151422	-0.293453	-0.479736	0.330566	-0.557373	-69.872360	-88.300593	87.633119
06972		9.780043	-1.522835	-0.330878	0.101795	-0.146335	-0.323953	-0.482178	0.322754	-0.564941	-70.207797	-88.505582	88.028446
06973		10.011282	-1.509266	-0.612121	0.052225	-0.177653	-0.371023	-0.481689	0.315918	-0.555664	-71.302666	-88.739161	89.157246
06974		10.202573	-1.483446	-0.815253	-0.074937	-0.184377	-0.425166	-0.486084	0.321533	-0.559570	-72.371283	-89.005478	90.184571
06975		10.199024	-1.314839	-0.610940	-0.290413	-0.083805	-0.497245	-0.486328	0.316406	-0.559082	-69.384038	-89.289810	87.034278
06976		10.120021	-0.961109	-0.878344	-0.224282	-0.295760	-0.594442	-0.493408	0.312988	-0.555420	-75.556691	-89.667965	93.080125
06977		10.221755	-0.679476	-1.002502	-0.179070	-0.566688	-0.702101	-0.500977	0.303467	-0.548584	161.799940	-89.744310	-144.374798
06978		10.608731	-0.355923	-0.648884	-0.270720	-0.492210	-0.783161	-0.502686	0.304932	-0.544189	134.375542	-89.255133	-117.103283
06979		11.355410	0.261806	0.197119	-0.273383	-0.424732	-0.830323	-0.510986	0.299805	-0.541504	127.102502	-88.735080	-109.982177
06980		12.445026	1.134952	0.788162	-0.281577	-0.376869	-0.800238	-0.517090	0.294434	-0.542725	123.439807	-88.235390	-106.478226
06981		13.104161	1.549594	0.592418	-0.366129	-0.312788	-0.659308	-0.519287	0.296143	-0.538574	121.744932	-87.820961	-104.988571
06982		12.974046	1.890727	-0.177995	-0.299351	-0.344424	-0.444841	-0.528809	0.300049	-0.540527	122.260706	-87.499549	-105.675162
06983		12.712853	2.358011	-0.557998	-0.083382	-0.442186	-0.272511	-0.522461	0.290771	-0.535889	124.950644	-87.229593	-108.412076
06984		12.395474	2.042086	0.815676	0.196704	-0.524626	-0.161761	-0.528809	0.291992	-0.529297	128.637201	-86.974730	-111.989320
06985		11.950897	0.842632	3.398470	0.342549	-0.653300	-0.069675	-0.533691	0.286865	-0.520264	133.493672	-86.698732	-116.652924
06986		11.688417	-0.096759	4.253831	0.209597	-0.681959	-0.000765	-0.540527	0.283447	-0.525635	138.064425	-86.418533	-121.110611
06987		11.057437	-0.763377	2.837813	-0.078268	-0.537187	0.024750	-0.542236	0.285400	-0.518311	141.295810	-86.192976	-124.389959
06988		10.101114	-1.126495	1.147034	-0.186636	-0.564839	0.001226	-0.549805	0.291016	-0.509521	143.983596	-85.937507	-127.190442
06989		9.123963	-1.404770	0.624259	-0.094510	-0.557262	-0.031937	-0.546631	0.282227	-0.504395	146.234323	-85.664997	-129.497820
06990		8.482827	-1.611372	0.934740	-0.050404	-0.437388	-0.051733	-0.550293	0.284912	-0.504883	147.587579	-85.440903	-130.883308
06991		8.178163	-1.693314	0.963839	-0.091928	-0.299984	-0.064697	-0.549561	0.285400	-0.506592	148.291275	-85.275400	-131.638466
06992		7.902635	-1.323217	0.294060	-0.157217	-0.225622	-0.063681	-0.560547	0.280029	-0.495850	148.586702	-85.148659	-132.024493
06993		8.261500	-0.781691	-0.615390	0.072860	0.071624	-0.055299	-0.549072	0.279541	-0.502930	148.074729	-85.166784	-131.465093
06994		8.949812	-0.219132	0.153393	0.365301	0.258443	-0.006836	-0.559082	0.275391	-0.504883	147.245011	-85.292378	-130.421574
06995		9.884519	0.346380	1.395275	0.493643	0.280908	0.058480	-0.554443	0.268555	-0.507568	146.813221	-85.445505	-129.700911
06996		10.793687	0.998278	2.233371	0.456929	0.254261	0.132300	-0.551514	0.266357	-0.507568	146.811244	-85.611553	-129.435442
06997		11.302620	1.535747	2.567711	0.398444	0.144109	0.190365	-0.548828	0.267578	-0.522217	147.682667	-85.739862	-130.076714
06998		11.050641	2.025769	2.258706	0.324868	0.052262	0.189793	-0.548584	0.263428	-0.518555	148.847114	-85.825529	-131.056909
06999		10.313805	2.277323	1.394838	0.214427	-0.095513	0.134363	-0.551270	0.261719	-0.518555	150.279240	-85.817150	-132.365973
07000		9.587611	2.347918	1.186099	0.183445	-0.181476	0.046897	-0.547119	0.261230	-0.513428	151.324148	-85.742847	-133.307700
07001		9.080068	2.134925	1.566881	0.133604	-0.195080	-0.027090	-0.556396	0.265869	-0.500732	151.944722	-85.636877	-133.849573
07002		8.861894	1.762416	1.758670	0.034963	-0.142105	-0.085005	-0.563721	0.264893	-0.510498	151.838746	-85.545662	-133.722715
07003		8.856647	1.436278	1.418380	-0.100582	-0.035366	-0.120467	-0.549316	0.254150	-0.506104	151.150390	-85.494675	-133.086360
07004		8.940645	1.227075	0.929647	-0.182112	0.051922	-0.140825	-0.558350	0.260010	-0.510742	149.900603	-85.484473	-131.937021
07005		9.185351	1.090387	0.626175	-0.178656	0.071615	-0.162213	-0.549316	0.249512	-0.500244	148.542999	-85.471978	-130.674165
07006		9.353260	1.008714	0.542107	-0.137434	0.038731	-0.179752	-0.548828	0.249023	-0.503662	147.145524	-85.439399	-129.351022
07007		9.496298	0.878919	0.565556	-0.107438	0.009312	-0.192601	-0.555664	0.251221	-0.504150	145.920187	-85.382865	-128.179804
07008		9.556842	0.766996	0.531171	-0.103111	-0.021328	-0.206170	-0.559082	0.250244	-0.508789	144.678866	-85.308846	-126.993470
07009		9.442629	0.654827	0.387977	-0.116928	-0.071451	-0.206709	-0.559814	0.250732	-0.506104	143.761563	-85.206311	-126.136544
07010		9.248071	0.605617	0.284221	-0.117858	-0.108515	-0.191134	-0.560791	0.250000	-0.501465	143.020936	-85.094270	-125.460910
07011		9.030566	0.510489	0.212506	-0.096462	-0.117012	-0.163496	-0.559082	0.250000	-0.492920	142.591562	-84.984193	-125.081700
07012		8.908194	0.476918	0.288153	-0.079357	-0.128861	-0.119905	-0.572266	0.239990	-0.500977	142.366645	-84.886962	-124.901481
07013		8.790033	0.478551	0.259727	-0.099737	-0.112900	-0.069802	-0.562744	0.248047	-0.498291	142.414109	-84.811278	-125.002815
07014		8.792459	0.514175	0.225452	-0.139505	-0.050463	-0.022270	-0.561279	0.244141	-0.489502	142.346333	-84.783857	-125.014983
07015		8.820295	0.621239	0.135454	-0.198754	0.009363	0.024150	-0.563232	0.252197	-0.496338	142.334622	-84.796526	-125.113874
07016		8.872539	0.793052	0.066067	-0.214080	0.051877	0.043211	-0.557617	0.243408	-0.499756	142.155507	-84.838546	-125.057159
07017		9.002147	0.946531	0.031042	-0.199211	0.081195	0.057518	-0.558350	0.246094	-0.492432	142.030846	-84.895473	-125.042896
07018		9.063926	1.164385	0.089886	-0.163770	0.088397	0.060215	-0.566162	0.254150	-0.493408	141.816804	-84.960010	-124.922191
07019		9.137527	1.273812	0.175038	-0.140724	0.061064	0.061507	-0.566895	0.244629	-0.496826	141.823943	-85.009276	-125.006599
07020		9.185691	1.379130	0.163748	-0.127005	0.035142	0.059946	-0.562744	0.250977	-0.492676	141.841268	-85.049750	-125.097029
07021		9.190591	1.414148	0.063738	-0.139840	0.010726	0.069013	-0.572998	0.251953	-0.488037	142.096748	-85.078929	-125.430183
07022		9.117376	1.457031	0.007932	-0.136120	-0.011921	0.079676	-0.558838	0.244629	-0.502930	142.408110	-85.104966	-125.820995
07023		9.035324	1.364989	-0.143997	-0.147456	-0.041289	0.099143	-0.567383	0.252441	-0.496338	143.038748	-85.120506	-126.535031
07024		8.888074	1.355391	-0.358391	-0.162168	-0.041590	0.111201	-0.556641	0.253906	-0.493896	143.631894	-85.143064	-127.223623
07025		8.835191	1.220296	-0.492378	-0.173633	-0.029932	0.123019	-0.560059	0.259277	-0.477783	144.343359	-85.170565	-128.033781
07026		8.810982	1.193830	-0.712474	-0.174661	-0.012212	0.130468	-0.561523	0.252930	-0.485840	144.933997	-85.211884	-128.726973
07027		8.766263	1.168812	-0.799556	-0.195861	-0.011152	0.143302	-0.572021	0.255859	-0.491211	145.694191	-85.253257	-129.598720
07028		8.683875	1.088183	-0.824637	-0.223750	-0.023886	0.155782	-0.563232	0.254150	-0.482910	146.471466	-85.295595	-130.507295
07029		8.682491	1.043455	-0.797928	-0.251034	-0.038131	0.169654	-0.568359	0.264160	-0.479248	147.486446	-85.330113	-131.666299
07030		8.650682	1.029354	-0.714397	-0.258842	-0.057935	0.194264	-0.559814	0.257813	-0.477295	148.631689	-85.364920	-132.964101
07031		8.604681	1.001817	-0.604874	-0.225603	-0.114143	0.213025	-0.558105	0.263916	-0.476563	150.229611	-85.370493	-134.693248
07032		8.571588	0.895803	-0.503310	-0.203311	-0.178492	0.238951	-0.556152	0.263672	-0.477051	152.118290	-85.351344	-136.704952
07033		8.712954	0.758898	-0.555484	-0.195584	-0.201169	0.265703	-0.565186	0.272705	-0.471191	154.327180	-85.316744	-139.029923
07034		8.870248	0.586940	-0.713803	-0.227818	-0.164798	0.287650	-0.559082	0.270508	-0.473145	156.426875	-85.304503	-141.267554
07035		9.082609	0.447660	-0.906703	-0.273656	-0.030842	0.299357	-0.564941	0.277100	-0.468750	158.310089	-85.353833	-143.310661
07036		9.330459	0.461618	-1.072667	-0.284118	0.105875	0.293546	-0.561035	0.279785	-0.472168	159.761726	-85.475999	-144.930114
07037		9.500039	0.593229	-0.979020	-0.189879	0.154635	0.265551	-0.562744	0.284668	-0.471924	161.131418	-85.609986	-146.409387
07038		9.718838	0.691467	-0.669659	-0.070156	0.126798	0.237644	-0.565430	0.280029	-0.470703	162.424664	-85.727153	-147.746407
07039		9.961922	0.594828	-0.447883	-0.004482	0.076733	0.207352	-0.555176	0.282471	-0.467285	163.804976	-85.803243	-149.129379
07040		10.220413	0.228641	-0.387443	-0.008905	0.056328	0.174013	-0.554932	0.282959	-0.476563	164.924604	-85.867022	-150.256797
07041		10.499999	-0.055753	-0.616684	-0.022109	-0.030444	0.136896	-0.553711	0.289795	-0.467041	166.043717	-85.869253	-151.387834
07042		10.595837	0.080312	-1.337769	-0.053527	-0.185374	0.114099	-0.554443	0.283691	-0.469971	167.151796	-85.787146	-152.529276
07043		10.336813	0.427190	-2.429527	-0.068132	-0.292939	0.110910	-0.558350	0.284424	-0.459229	168.433559	-85.635937	-153.850089
07044		10.101029	0.777873	-2.899291	0.044930	-0.290906	0.141192	-0.556641	0.287354	-0.458496	169.826657	-85.493613	-155.221154
07045		9.964902	0.947852	-2.222655	0.284544	-0.122639	0.169272	-0.560791	0.282715	-0.452148	171.359312	-85.439494	-156.591381
07046		10.242162	0.402984	-0.701465	0.489204	0.236678	0.176284	-0.568115	0.282227	-0.464111	172.615498	-85.593895	-157.569783
07047		11.017765	-0.793275	0.518116	0.528782	0.585576	0.114470	-0.556396	0.280518	-0.468750	173.258928	-85.934233	-157.907479
07048		12.462046	-1.466395	-0.018216	0.480556	0.825838	-0.008616	-0.551270	0.277832	-0.474609	172.517432	-86.409312	-156.887813
07049		13.605278	-1.127182	-2.260763	0.410940	0.792393	-0.044039	-0.542969	0.281494	-0.474121	171.262809	-86.854586	-155.391482
07050		13.196250	0.229521	-4.713954	1.147540	0.334991	0.037683	-0.545898	0.275879	-0.475098	171.700751	-87.053512	-155.170905
07051		12.912918	1.340661	-1.799283	2.207830	-0.551076	0.210483	-0.541748	0.260498	-0.481201	175.838806	-86.751925	-158.044466
07052		12.722711	1.196058	7.214728	1.801809	-0.944235	0.286520	-0.548584	0.251465	-0.485107	179.809963	-86.223175	-160.987953
07053		12.068855	0.446975	7.891546	-0.038047	0.077275	0.219253	-0.551270	0.252686	-0.475342	-178.270288	-86.264928	-162.929989
07054		10.777202	-0.422088	-1.114257	-0.661763	-0.164774	0.153075	-0.555908	0.255615	-0.478027	-177.434707	-86.174621	-164.146870
07055		10.245046	-0.697514	-3.500919	0.056643	-0.476479	0.166476	-0.548096	0.261230	-0.478027	-176.228183	-85.895871	-165.320061
07056		9.942427	0.067418	2.187968	0.211900	-0.233474	0.198290	-0.562500	0.261719	-0.470215	-174.745226	-85.760789	-166.684618
07057		9.656448	1.058167	5.228495	-0.419305	0.086411	0.163311	-0.540283	0.262939	-0.469727	-173.639607	-85.799658	-168.030446
07058		9.542195	1.570574	1.759202	-0.574007	-0.126843	0.092238	-0.555420	0.263916	-0.465088	-173.412234	-85.729507	-168.587743
07059		9.502235	1.389915	0.599674	-0.478059	-0.277048	0.077292	-0.554443	0.267090	-0.468750	-173.333185	-85.565784	-168.938027
07060		9.382079	0.962245	1.271606	-0.539226	-0.170967	0.082296	-0.554932	0.270508	-0.453125	-173.231253	-85.471348	-169.349793
07061		9.084101	0.297245	1.275785	-0.520297	0.035772	0.079477	-0.548828	0.266846	-0.455811	-172.911310	-85.485261	-169.966080
07062		9.002970	-0.253072	1.168164	-0.496407	0.086309	0.055204	-0.550781	0.274170	-0.452148	-172.756227	-85.539102	-170.406607
07063		9.313283	-0.536807	1.295010	-0.440766	0.077947	0.015898	-0.554443	0.276855	-0.451660	-172.804764	-85.581319	-170.607531
07064		9.840818	-0.722234	1.458413	-0.348643	0.086692	-0.009590	-0.550537	0.279785	-0.455078	-173.033472	-85.640294	-170.578181
07065		10.184478	-0.948765	1.496741	-0.261382	0.070369	-0.020659	-0.546875	0.282471	-0.452637	-173.259017	-85.680798	-170.498485
07066		10.357718	-1.125884	1.603246	-0.187165	-0.009751	-0.017713	-0.540283	0.276367	-0.447998	-173.544774	-85.685708	-170.319159
07067		10.518092	-1.307170	1.452488	-0.121617	-0.076616	-0.000874	-0.551270	0.281982	-0.443848	-173.669683	-85.641207	-170.260081
07068		10.595039	-1.425955	1.114598	-0.023021	-0.154289	0.040743	-0.551025	0.291260	-0.451172	-173.542178	-85.560344	-170.400908
07069		9.922455	-1.783308	0.978231	0.123727	-0.416703	0.099769	-0.554443	0.287598	-0.446045	-173.092801	-85.315623	-170.776902
07070		9.654259	-1.894709	1.207847	0.043937	-0.171938	0.150977	-0.549072	0.290283	-0.437988	-172.208910	-85.216694	-171.638258
07071		9.407758	-1.970833	1.212183	0.128409	-0.223226	0.201180	-0.555176	0.286865	-0.437500	-170.998672	-85.072364	-172.775320
07072		9.223790	-1.939915	0.760260	0.170344	-0.297130	0.246872	-0.555664	0.284180	-0.441650	-169.654246	-84.890904	-174.026590
07073		8.960155	-1.785570	0.531694	0.207950	-0.296751	0.271860	-0.555664	0.289551	-0.440430	-168.203266	-84.693114	-175.360243
07074		8.808997	-1.625776	0.677524	0.232407	-0.317770	0.271198	-0.554199	0.289551	-0.440674	-166.887834	-84.492131	-176.547365
07075		8.768515	-1.435618	0.764514	0.201956	-0.290223	0.250067	-0.545654	0.288086	-0.429932	-165.742899	-84.295620	-177.577832
07076		8.710181	-1.258297	0.680801	0.134616	-0.245981	0.223234	-0.551270	0.296143	-0.436035	-164.797202	-84.137270	-178.450345
07077		8.829167	-1.067594	0.469266	0.048015	-0.167435	0.205729	-0.552979	0.291260	-0.433594	-163.914308	-84.012033	-179.306621
07078		8.950458	-0.899249	0.236594	0.003105	-0.107478	0.191780	-0.555420	0.295166	-0.417969	-163.074384	-83.932383	179.851129
07079		9.060500	-0.697916	0.368836	-0.042316	-0.070556	0.189444	-0.553467	0.286377	-0.431152	-162.231984	-83.860341	178.983246
07080		9.045476	-0.492561	0.465623	-0.101886	-0.060799	0.175236	-0.551514	0.299316	-0.431396	-161.497334	-83.806694	178.186206
07081		9.054425	-0.449964	0.225551	-0.126808	-0.055538	0.170722	-0.556152	0.296875	-0.422363	-160.805451	-83.743868	177.420837
07082		8.948002	-0.437833	-0.157695	-0.133216	-0.078190	0.163839	-0.549805	0.299072	-0.427734	-160.200796	-83.681129	176.736368
07083		8.788293	-0.493586	-0.371064	-0.159875	-0.086322	0.157168	-0.549561	0.302734	-0.424805	-159.675819	-83.602656	176.119678
07084		8.580290	-0.671495	-0.387827	-0.216814	-0.050862	0.141412	-0.539551	0.300781	-0.426514	-159.200798	-83.557755	175.517330
07085		8.499514	-0.952073	-0.414838	-0.274099	0.030722	0.127551	-0.545654	0.305908	-0.422363	-158.688923	-83.546791	174.847855
07086		8.401174	-1.285714	-0.480608	-0.259952	0.149243	0.114780	-0.549072	0.302002	-0.422607	-157.994973	-83.612799	174.000388
07087		8.584208	-1.629514	-0.371207	-0.241258	0.255882	0.104105	-0.555664	0.309082	-0.417969	-157.122600	-83.724389	172.987287
07088		8.810111	-1.876707	-0.242431	-0.211841	0.320807	0.085799	-0.544189	0.312012	-0.412109	-156.131544	-83.884307	171.869160
07089		9.128750	-1.997395	-0.162512	-0.149458	0.335185	0.064926	-0.539551	0.317383	-0.419678	-155.138259	-84.042738	170.787930
07090		9.460322	-1.987498	-0.210938	-0.090076	0.308309	0.041925	-0.534424	0.319092	-0.425293	-154.212288	-84.202677	169.806120
07091		9.713226	-1.885398	-0.388834	-0.039224	0.247172	0.024625	-0.535645	0.309570	-0.423340	-153.478245	-84.322389	169.049496
07092		9.783059	-1.695897	-0.592518	0.004350	0.160104	0.013283	-0.535889	0.308105	-0.426758	-152.948558	-84.411229	168.520759
07093		9.765677	-1.511932	-0.828687	0.042474	0.073849	-0.000035	-0.534424	0.318848	-0.418457	-152.717220	-84.447683	168.316474
07094		9.597219	-1.339282	-0.848355	0.092004	0.015773	-0.008510	-0.540283	0.308105	-0.421875	-152.624027	-84.468184	168.276889
07095		9.421011	-1.242797	-0.920887	0.116032	-0.006083	-0.017822	-0.530273	0.311279	-0.415771	-152.658627	-84.468580	168.382142
07096		9.221561	-1.123509	-1.038252	0.129166	-0.003298	-0.021265	-0.522949	0.311035	-0.426514	-152.662189	-84.482614	168.461208
07097		9.095273	-1.073929	-1.203797	0.129698	-0.018041	-0.035555	-0.535400	0.313721	-0.419189	-152.815204	-84.481556	168.693292
07098		9.065893	-1.038987	-1.348374	0.102801	-0.022818	-0.051984	-0.533203	0.318359	-0.415527	-153.049547	-84.493464	168.989083
07099		9.064193	-1.079105	-1.424083	0.083589	0.002985	-0.077666	-0.530029	0.309570	-0.426758	-153.397248	-84.513842	169.390202
07100		9.008720	-1.091757	-1.454712	0.103614	0.049981	-0.103258	-0.530029	0.305664	-0.423828	-153.716396	-84.575687	169.771669
07101		8.931300	-1.003338	-1.499706	0.191013	0.090796	-0.140546	-0.532227	0.301758	-0.417725	-154.122191	-84.656626	170.292888
07102		8.778631	-0.948074	-1.291063	0.234192	0.088510	-0.181444	-0.532715	0.301270	-0.423828	-154.721691	-84.756978	171.030979
07103		8.700568	-1.000045	-1.003312	0.226131	0.063474	-0.224400	-0.529785	0.302979	-0.423340	-155.697091	-84.842732	172.144206
07104		8.646589	-1.087848	-0.976954	0.208983	0.080837	-0.253259	-0.534424	0.303467	-0.426270	-156.816114	-84.953252	173.389171
07105		8.620333	-1.209024	-1.006904	0.192029	0.105598	-0.271169	-0.529053	0.297119	-0.428711	-158.072948	-85.067577	174.764924
07106		8.670620	-1.218341	-1.263227	0.176813	0.097010	-0.273016	-0.533447	0.288574	-0.430420	-159.407670	-85.185793	176.207442
07107		8.664233	-1.258101	-1.477156	0.210081	0.093982	-0.269095	-0.534180	0.293701	-0.432617	-160.795455	-85.287786	177.724514
07108		8.766956	-1.329355	-1.468367	0.260085	0.065206	-0.259559	-0.532227	0.292236	-0.432129	-162.195179	-85.380038	179.279704
07109		8.884619	-1.356037	-1.059299	0.274826	0.050517	-0.233673	-0.540039	0.282227	-0.431396	-163.513243	-85.446080	-179.236334
07110		8.967987	-1.300977	-0.539341	0.268378	0.097710	-0.204942	-0.523438	0.289063	-0.434814	-164.566144	-85.541728	-178.024595
07111		9.029953	-1.155088	-0.494402	0.249318	0.166067	-0.162652	-0.534424	0.284180	-0.426514	-165.256992	-85.656795	-177.184742
07112		9.205030	-0.868471	-0.863509	0.217605	0.210527	-0.129260	-0.523193	0.283936	-0.437988	-165.656307	-85.801666	-176.657943
07113		9.398211	-0.560530	-1.415145	0.183944	0.204914	-0.116288	-0.526855	0.284424	-0.426025	-166.032983	-85.930753	-176.170927
07114		9.566165	-0.426570	-1.676041	0.205916	0.167173	-0.119920	-0.531738	0.285156	-0.437500	-166.512494	-86.049504	-175.570591
07115		9.654544	-0.415131	-1.557743	0.255146	0.134075	-0.135119	-0.523682	0.283691	-0.431641	-167.199405	-86.140880	-174.731864
07116		9.663540	-0.579707	-1.334956	0.226694	0.131744	-0.168513	-0.526855	0.278564	-0.439209	-168.218030	-86.244422	-173.579399
07117		9.660296	-0.853350	-1.432993	0.163804	0.121768	-0.224046	-0.530762	0.283203	-0.438721	-169.846573	-86.336343	-171.849700
07118		9.588314	-1.116403	-1.667043	0.114110	0.061047	-0.276940	-0.526123	0.281494	-0.435059	-172.144823	-86.404854	-169.479887
07119		9.569049	-1.400503	-1.593478	0.073551	-0.068906	-0.355432	-0.522217	0.275635	-0.439453	-175.366916	-86.386817	-166.205499
07120		9.582479	-1.566294	-1.347535	-0.056429	-0.257009	-0.456316	-0.534180	0.275391	-0.437012	-179.559144	-86.260147	-162.035586
07121		9.928833	-1.353852	-1.377776	-0.133013	-0.290770	-0.554181	-0.524902	0.265137	-0.434814	175.724270	-86.082078	-157.381158
07122		10.890149	-0.816646	-1.571057	-0.259101	-0.187657	-0.642682	-0.534424	0.268799	-0.427002	170.506727	-85.939790	-152.298353
07123		11.953141	-0.183325	-2.024001	-0.353715	-0.186647	-0.661526	-0.532227	0.266357	-0.422607	165.521258	-85.755709	-147.499292
07124		12.804394	0.545242	-2.072272	-0.341396	-0.254858	-0.593717	-0.535156	0.260498	-0.418701	161.562492	-85.527473	-143.723856
07125		13.335911	1.149553	-1.397309	-0.152972	-0.296206	-0.432920	-0.539795	0.260498	-0.420654	159.292888	-85.283989	-141.531179
07126		13.647005	1.811990	0.346855	0.307738	-0.302475	-0.208291	-0.540283	0.258301	-0.421387	158.850895	-85.087408	-140.909347
07127		13.894459	2.508614	2.026511	0.792913	-0.190190	0.004046	-0.541992	0.255859	-0.423828	159.791307	-84.985861	-141.393588
07128		14.097187	3.057745	2.933678	1.027919	-0.126451	0.146855	-0.535889	0.255371	-0.421387	161.523286	-84.953521	-142.539831
07129		14.075342	3.268320	2.844127	0.936926	-0.275711	0.180817	-0.544922	0.253906	-0.427734	163.711961	-84.833217	-144.194572
07130		12.937285	2.327742	3.230979	0.841693	-0.632567	0.159559	-0.543213	0.249023	-0.418213	166.121744	-84.515780	-146.129447
07131		11.109693	0.454692	4.785706	0.817989	-0.919625	0.121852	-0.539551	0.248291	-0.419189	168.439541	-84.016528	-147.984147
07132		9.730552	-0.708691	3.970910	0.268529	-0.794883	0.040983	-0.543457	0.247314	-0.413574	169.580112	-83.583570	-148.975870
07133		8.667932	-1.671804	1.616153	-0.301473	-0.670441	-0.058014	-0.556152	0.241455	-0.405029	169.734042	-83.199077	-149.301010
07134		8.006092	-2.704592	0.659025	-0.542269	-0.666923	-0.136023	-0.554199	0.250000	-0.399902	169.344798	-82.819470	-149.221187
07135		8.124760	-3.396828	-0.825346	-0.645683	-0.381831	-0.194319	-0.550537	0.256104	-0.395264	168.463302	-82.582741	-148.701752
07136		8.060812	-3.391754	-1.667479	-0.573673	-0.057453	-0.216086	-0.556641	0.255127	-0.399658	167.245640	-82.534976	-147.804476
07137		7.979805	-2.602087	-2.123981	-0.251064	0.103860	-0.198527	-0.554932	0.255371	-0.401855	166.163232	-82.566159	-146.854216
07138		8.370728	-1.429918	-1.842621	0.230155	0.224651	-0.143334	-0.557129	0.255371	-0.401855	165.422578	-82.681100	-145.973518
07139		9.084120	-0.390577	-0.794703	0.593802	0.349788	-0.043860	-0.551758	0.251953	-0.401855	165.183126	-82.868040	-145.385493
07140		9.912077	0.478948	0.412471	0.752382	0.428960	0.066859	-0.547607	0.250000	-0.414551	165.393381	-83.125695	-145.162043
07141		10.714561	1.420631	1.361022	0.797520	0.482836	0.137442	-0.534424	0.246338	-0.420166	165.930090	-83.412673	-145.238653
07142		11.345583	2.235191	2.215096	0.769506	0.424381	0.176495	-0.540527	0.245850	-0.416504	166.714188	-83.683285	-145.583129
07143		11.383622	2.743672	3.350505	0.621073	0.187401	0.147621	-0.540771	0.234131	-0.424316	167.619266	-83.806182	-146.131944
07144		10.699834	2.954891	3.206137	0.273957	-0.062647	0.083814	-0.540283	0.240723	-0.417725	168.256538	-83.792092	-146.614333
07145		9.622741	3.107833	1.716002	0.036084	-0.123015	0.002887	-0.537598	0.241943	-0.415771	168.436524	-83.722791	-146.770892
07146		8.753172	2.786757	1.039859	-0.026108	-0.200699	-0.082686	-0.535156	0.245605	-0.418945	168.188411	-83.611989	-146.535768
07147		8.220981	2.170847	1.058482	-0.097343	-0.344679	-0.142507	-0.534912	0.241943	-0.420410	167.805745	-83.401241	-146.203061
07148		8.058957	1.516718	1.215080	-0.187917	-0.375907	-0.187339	-0.541016	0.246582	-0.414307	167.175705	-83.179260	-145.676722
07149		8.247029	0.919049	1.070969	-0.331121	-0.267992	-0.218440	-0.531250	0.246826	-0.419189	166.285103	-83.000508	-144.967004
07150		8.569813	0.482133	0.817179	-0.490196	-0.168574	-0.257107	-0.555176	0.249512	-0.409180	165.014247	-82.882092	-143.969236
07151		8.964314	0.211313	0.367262	-0.644852	-0.148746	-0.302438	-0.544678	0.245361	-0.412354	163.517891	-82.752543	-142.829732
07152		9.357419	0.082289	-0.360799	-0.733660	-0.213542	-0.355679	-0.553467	0.246582	-0.413086	161.834941	-82.586751	-141.556645
07153		9.621885	0.191875	-1.247730	-0.608480	-0.074585	-0.373421	-0.551270	0.247803	-0.410156	160.063112	-82.476061	-140.117562
07154		9.629218	0.247241	-1.360685	-0.376173	-0.052424	-0.354075	-0.552979	0.259033	-0.403809	158.463499	-82.387604	-138.721302
07155		9.422147	0.356202	-1.254040	-0.143032	-0.135142	-0.285184	-0.543457	0.250732	-0.402100	157.486492	-82.254157	-137.814435
07156		9.213056	0.409595	-0.993185	0.029578	-0.172719	-0.180462	-0.554688	0.244141	-0.404785	157.049705	-82.134150	-137.356474
07157		8.931133	0.522880	-0.739567	0.101745	-0.142229	-0.060106	-0.548828	0.244141	-0.399902	157.120839	-82.045314	-137.365720
07158		8.715934	0.729757	-0.617738	0.098925	-0.090700	0.030839	-0.555420	0.250244	-0.397705	157.401233	-82.015400	-137.591634
07159		8.575191	1.043089	-0.371201	0.090483	-0.029752	0.066516	-0.540527	0.248047	-0.394287	157.763227	-82.013798	-137.901105
07160		8.619093	1.226916	-0.067485	0.059273	0.031603	0.064628	-0.543213	0.246826	-0.408447	157.957608	-82.055754	-138.063100
07161		8.750697	1.441384	0.130023	-0.008911	0.069482	0.039531	-0.544434	0.247559	-0.406982	158.008872	-82.100765	-138.116297
07162		8.923559	1.558744	0.146261	-0.098856	0.122521	0.003872	-0.548096	0.249268	-0.405518	157.737950	-82.177913	-137.900030
07163		9.039189	1.602356	0.064220	-0.199338	0.129557	-0.023603	-0.547607	0.252197	-0.401367	157.337991	-82.240969	-137.607907
07164		9.109650	1.532338	-0.224678	-0.266784	0.092278	-0.037873	-0.545166	0.260986	-0.407227	156.845681	-82.292503	-137.265443
07165		9.066112	1.464793	-0.578761	-0.311375	0.100381	-0.031197	-0.550781	0.259521	-0.408691	156.389600	-82.337844	-136.981538
07166		9.058264	1.400396	-0.763564	-0.319884	0.098954	-0.012962	-0.544189	0.256592	-0.404297	155.941305	-82.397900	-136.714295
07167		8.946605	1.318257	-0.783807	-0.330970	0.075513	0.009925	-0.538086	0.258301	-0.408691	155.670657	-82.439358	-136.628852
07168		8.883197	1.259105	-0.797571	-0.350769	0.083172	0.037454	-0.544189	0.263184	-0.405029	155.423081	-82.502715	-136.581989
07169		8.828422	1.183393	-0.889740	-0.393711	0.095768	0.057569	-0.540283	0.264404	-0.401611	155.264991	-82.566015	-136.646345
07170		8.814860	1.114076	-1.098849	-0.440916	0.097293	0.081181	-0.546387	0.264893	-0.407959	155.110959	-82.647157	-136.745886
07171		8.717514	1.021191	-1.253684	-0.471109	0.072851	0.109622	-0.538330	0.265381	-0.398682	155.161610	-82.711114	-137.065388
07172		8.668051	0.952073	-1.404280	-0.484051	0.021473	0.146584	-0.534912	0.277832	-0.404053	155.396037	-82.768381	-137.581357
07173		8.583323	0.960840	-1.448808	-0.500802	-0.018357	0.177564	-0.536133	0.274170	-0.397461	155.889147	-82.800424	-138.363923
07174		8.492866	0.926384	-1.413325	-0.532227	-0.014665	0.214415	-0.536865	0.278320	-0.407715	156.459166	-82.853333	-139.245767
07175		8.372002	0.885407	-1.468617	-0.575059	0.022814	0.255605	-0.527832	0.285645	-0.397949	157.181305	-82.922636	-140.301836
07176		8.402017	0.838461	-1.520876	-0.562611	0.030573	0.279406	-0.522217	0.291504	-0.403809	157.961575	-83.010923	-141.412690
07177		8.497184	0.716260	-1.592207	-0.570392	0.047364	0.288824	-0.533203	0.298340	-0.392822	158.829641	-83.096692	-142.612694
07178		8.743447	0.557803	-1.453776	-0.532213	0.105691	0.276479	-0.533936	0.299316	-0.389893	159.539467	-83.220642	-143.634482
07179		9.139204	0.315627	-1.179520	-0.455301	0.173686	0.248121	-0.529053	0.304443	-0.403320	160.135841	-83.362635	-144.493928
07180		9.479450	0.222354	-0.804252	-0.358199	0.292488	0.211384	-0.524658	0.310059	-0.390869	160.393033	-83.572341	-144.959011
07181		9.800761	0.138457	-0.540257	-0.259043	0.393617	0.175093	-0.532959	0.300781	-0.395020	160.430642	-83.818009	-145.142470
07182		9.991412	-0.023588	-0.532792	-0.200201	0.447955	0.142344	-0.530762	0.306641	-0.406006	160.183040	-84.098232	-145.008391
07183		10.131284	-0.096852	-0.711083	-0.130387	0.437680	0.128177	-0.527344	0.307373	-0.402588	159.961785	-84.358586	-144.857397
07184		10.184017	-0.227408	-0.813362	-0.017824	0.374092	0.131439	-0.519043	0.303711	-0.405762	159.876957	-84.596828	-144.781917
07185		10.181614	-0.207910	-0.830140	0.067339	0.270447	0.129660	-0.520020	0.317627	-0.400879	160.113049	-84.767417	-144.976585
07186		10.172961	-0.132183	-1.057111	-0.002767	0.221365	0.120603	-0.519775	0.309814	-0.411865	160.309627	-84.921217	-145.174956
07187		9.979647	0.138766	-1.358625	-0.167710	0.208471	0.118428	-0.516357	0.314697	-0.404785	160.503593	-85.056060	-145.462433
07188		9.678101	0.486426	-1.605996	-0.294685	0.124347	0.130900	-0.512451	0.320068	-0.411621	160.839552	-85.159110	-145.968398
07189		9.384453	0.984636	-1.559053	-0.358646	-0.038973	0.168865	-0.514160	0.312744	-0.406982	161.820193	-85.168468	-147.155072
07190		9.159489	1.484853	-1.672048	-0.445421	-0.222001	0.204321	-0.509277	0.327881	-0.415283	163.282257	-85.093148	-148.877788
07191		9.078179	1.993184	-2.069482	-0.484990	-0.410685	0.227060	-0.515625	0.326172	-0.408691	165.182740	-84.901492	-151.060781
07192		8.978387	2.672109	-2.698884	-0.366998	-0.545106	0.243994	-0.513916	0.325195	-0.400146	167.238547	-84.642308	-153.335460
07193		8.961053	2.829791	-2.365053	0.006189	-0.822080	0.248164	-0.517822	0.332031	-0.394287	169.651867	-84.208611	-155.752967
07194		9.321217	2.049597	-2.097395	-0.058267	-0.426976	0.208069	-0.518555	0.336182	-0.393799	171.129103	-83.997927	-157.270684
07195		10.229567	1.083264	-2.132700	-0.295274	0.880992	0.109513	-0.511963	0.333008	-0.400391	170.803169	-84.505629	-157.109442
07196		11.458639	0.477253	-1.648348	-0.119674	1.649146	-0.031528	-0.510254	0.338867	-0.421875	168.579182	-85.442512	-154.944754
07197		13.153591	-0.274729	-0.635970	0.326303	0.997538	-0.123189	-0.512695	0.333984	-0.421631	166.201719	-85.984413	-152.369480
07198		13.552021	-0.868197	-1.363398	0.564659	-0.072354	-0.166554	-0.502930	0.332520	-0.421631	165.312054	-85.930705	-151.152193
07199		12.811440	-0.303728	-1.855649	1.268141	-1.229731	-0.123479	-0.514893	0.320557	-0.426758	167.324420	-85.228774	-152.438080
07200		13.098904	-0.068923	3.035777	1.349356	-1.577650	0.050156	-0.525635	0.328369	-0.416504	170.300024	-84.357328	-154.648527
07201		12.547040	-1.003016	5.973610	-0.173353	-0.329517	0.154066	-0.524658	0.324463	-0.417725	171.383932	-84.184317	-155.834001
07202		10.767479	-2.403082	0.503254	-1.216367	0.255670	0.194714	-0.523438	0.320557	-0.417236	171.546430	-84.356667	-156.696807
07203		9.917477	-3.001580	-3.267754	-0.610317	-0.011681	0.208982	-0.524170	0.329590	-0.425293	172.422246	-84.366056	-157.924571
07204		9.744538	-2.111339	-0.522177	0.555580	-0.225331	0.196153	-0.519287	0.328857	-0.415771	174.000721	-84.262076	-159.189868
07205		9.766682	-1.044884	5.248494	0.179079	-0.051108	0.114482	-0.519287	0.335693	-0.413330	174.794656	-84.238608	-159.880996
07206		9.763998	0.120387	3.238439	-0.717933	0.122724	-0.004240	-0.521973	0.332764	-0.411865	174.283439	-84.319855	-159.779570
07207		9.811011	0.347791	0.691998	-0.810342	-0.061281	-0.025026	-0.509521	0.332764	-0.408936	173.727736	-84.282718	-159.684008
07208		9.585720	0.525871	1.202717	-0.726567	-0.071038	-0.010537	-0.519775	0.343506	-0.407471	173.287867	-84.253494	-159.659338
07209		9.454683	0.486688	1.764481	-0.739800	0.143504	-0.004799	-0.526611	0.337402	-0.409180	172.751534	-84.334071	-159.542623
07210		9.682236	0.445592	0.965449	-0.536402	0.226883	-0.009592	-0.517090	0.354004	-0.411621	172.203466	-84.474444	-159.299827
07211		10.047751	0.554132	0.485587	-0.283021	0.087174	-0.022376	-0.515625	0.341064	-0.408691	171.852987	-84.521448	-159.106939
07212		10.696768	0.596798	0.337520	-0.088746	0.006147	-0.028902	-0.521240	0.343750	-0.405029	171.612292	-84.534942	-158.915352
07213		11.212356	0.297686	0.469821	-0.064235	0.051528	-0.008115	-0.522461	0.339600	-0.409180	171.497429	-84.562790	-158.833243
07214		11.342557	-0.194938	0.899462	-0.086283	0.092032	0.029926	-0.525635	0.346680	-0.410645	171.530323	-84.629998	-158.915096
07215		11.272779	-0.702837	1.313799	-0.020363	0.041763	0.070955	-0.525146	0.349609	-0.410645	171.926852	-84.658850	-159.321386
07216		10.987837	-1.253499	1.402964	-0.010515	-0.022855	0.112250	-0.511963	0.353271	-0.412598	172.609648	-84.667352	-160.012375
07217		10.653634	-1.756975	1.120314	-0.035778	-0.046287	0.160518	-0.510986	0.345459	-0.407471	173.615519	-84.651348	-161.039526
07218		9.550198	-2.109558	0.447554	-0.044821	-0.024954	0.185025	-0.522949	0.349365	-0.402344	174.728059	-84.661066	-162.181862
07219		9.066228	-2.241916	0.151886	0.095732	-0.119091	0.204904	-0.512207	0.343506	-0.406006	176.101513	-84.601684	-163.502580
07220		8.689577	-2.139176	0.165652	0.200203	-0.148998	0.222749	-0.518066	0.348145	-0.416260	177.611570	-84.536747	-164.903283
07221		8.386131	-1.917363	0.446727	0.251187	-0.116632	0.219756	-0.511963	0.346924	-0.415283	179.098263	-84.472757	-166.248559
07222		8.276411	-1.620778	0.543505	0.235929	-0.090939	0.214436	-0.516846	0.354248	-0.422119	-179.483826	-84.434431	-167.536301
07223		8.355121	-1.333150	0.580192	0.188653	-0.058303	0.189530	-0.510742	0.348877	-0.415527	-178.257928	-84.398038	-168.655742
07224		8.514118	-1.020716	0.539154	0.132311	-0.092365	0.177503	-0.505127	0.347412	-0.420898	-177.148160	-84.354502	-169.693614
07225		8.676971	-0.729166	0.465583	0.036576	-0.133910	0.166352	-0.520996	0.352783	-0.410156	-176.202918	-84.271486	-170.618774
07226		9.031541	-0.423696	0.200187	-0.047798	-0.106116	0.176338	-0.517090	0.351563	-0.413818	-175.246687	-84.216776	-171.606238
07227		9.158072	-0.258917	-0.018413	-0.083021	-0.016805	0.178305	-0.510986	0.350586	-0.415527	-174.287153	-84.196946	-172.614811
07228		9.125880	-0.193368	-0.364424	-0.116487	0.012844	0.156167	-0.518799	0.351563	-0.414795	-173.436041	-84.208110	-173.536196
07229		9.029744	-0.143886	-0.482824	-0.086033	0.022624	0.129556	-0.513672	0.351563	-0.417969	-172.730543	-84.211089	-174.291162
07230		8.893768	-0.196458	-0.436039	-0.048474	0.083971	0.109433	-0.516113	0.360596	-0.413330	-172.041547	-84.263767	-175.010335
07231		8.793666	-0.505739	-0.225290	-0.111113	0.242580	0.077708	-0.512207	0.356201	-0.422607	-171.447854	-84.393953	-175.667227
07232		8.675323	-0.789626	-0.020647	-0.164144	0.407468	0.055932	-0.508301	0.355225	-0.423096	-170.793908	-84.632862	-176.417395
07233		8.680941	-1.146832	0.297589	-0.067551	0.356122	0.048640	-0.510498	0.353516	-0.423828	-170.155347	-84.828492	-177.093839
07234		8.863613	-1.501012	0.454288	0.015226	0.318796	0.042659	-0.502441	0.355469	-0.423096	-169.460450	-85.017058	-177.781433
07235		9.104425	-1.743846	0.320140	0.034564	0.370606	0.036242	-0.510742	0.362793	-0.431152	-168.717624	-85.220622	-178.503393
07236		9.361650	-1.890563	0.013263	0.024857	0.396436	0.023683	-0.505127	0.352051	-0.438232	-167.913345	-85.453344	-179.294762
07237		9.480493	-1.967427	-0.271738	-0.029870	0.367670	0.004080	-0.505371	0.353760	-0.439209	-167.305280	-85.657564	-179.918136
07238		9.513589	-1.830350	-0.596841	-0.042744	0.357877	-0.012127	-0.500977	0.359131	-0.437744	-166.721960	-85.871770	179.473695
07239		9.494633	-1.604864	-0.646717	0.037059	0.342063	-0.033916	-0.497070	0.361816	-0.439453	-166.305233	-86.065836	179.080908
07240		9.527448	-1.393884	-0.637987	0.121505	0.293455	-0.038822	-0.501221	0.352051	-0.441162	-165.864430	-86.246976	178.710205
07241		9.549019	-1.111613	-0.754463	0.202035	0.220337	-0.042777	-0.506104	0.347412	-0.449463	-165.618960	-86.374307	178.583909
07242		9.524359	-0.871256	-0.918902	0.269293	0.127803	-0.038148	-0.503174	0.354980	-0.440674	-165.409773	-86.463051	178.530240
07243		9.458688	-0.648405	-0.953178	0.314561	0.078942	-0.031401	-0.506104	0.346436	-0.450684	-165.310480	-86.510295	178.615014
07244		9.239695	-0.431698	-1.051214	0.363288	0.045675	-0.028571	-0.503662	0.346436	-0.442871	-165.149603	-86.551962	178.663728
07245		9.070093	-0.284702	-1.094443	0.375605	0.015320	-0.036998	-0.494385	0.346680	-0.457764	-165.221237	-86.564800	178.954771
07246		8.889439	-0.217167	-1.013335	0.359922	0.012587	-0.050777	-0.504639	0.340088	-0.457520	-165.352145	-86.591194	179.293883
07247		8.788375	-0.276590	-1.084691	0.357886	0.051029	-0.070789	-0.500488	0.337891	-0.455078	-165.669607	-86.628585	179.820998
07248		8.697728	-0.314737	-1.078204	0.383759	0.093098	-0.099051	-0.491211	0.334229	-0.455322	-166.070265	-86.706094	-179.556017
07249		8.531741	-0.330456	-0.895512	0.407994	0.101083	-0.130939	-0.503662	0.334229	-0.460449	-166.862158	-86.778910	-178.525018
07250		8.419484	-0.334204	-0.601886	0.420552	0.073531	-0.167375	-0.503174	0.335449	-0.458252	-168.042156	-86.852791	-177.100470
07251		8.379583	-0.377855	-0.332278	0.410003	0.029947	-0.199178	-0.498047	0.328369	-0.471191	-169.776871	-86.890570	-175.124218
07252		8.370072	-0.437451	-0.404108	0.389214	-0.014023	-0.219149	-0.504395	0.322021	-0.467041	-171.783217	-86.914873	-172.890246
07253		8.461189	-0.486698	-0.810333	0.405455	-0.040721	-0.214728	-0.502686	0.319092	-0.467041	-173.846072	-86.906155	-170.588058
07254		8.575965	-0.507790	-1.174094	0.448208	-0.064402	-0.190935	-0.507568	0.317871	-0.476074	-175.594603	-86.891741	-168.578448
07255		8.660588	-0.456666	-1.404460	0.499487	-0.079249	-0.167570	-0.511475	0.313965	-0.477051	-177.093178	-86.851646	-166.787341
07256		8.713681	-0.493112	-1.297534	0.510095	-0.094221	-0.143655	-0.511719	0.322510	-0.474854	-178.272607	-86.813225	-165.312056
07257		8.824416	-0.593999	-1.104945	0.468166	-0.097007	-0.135654	-0.509277	0.308350	-0.473145	-179.386740	-86.758384	-163.923822
07258		9.049525	-0.783721	-1.066524	0.380466	-0.035965	-0.135548	-0.504395	0.298096	-0.475830	179.504785	-86.749935	-162.593870
07259		9.216150	-1.030535	-1.230898	0.291826	0.050322	-0.145903	-0.509033	0.299316	-0.485840	178.206006	-86.776280	-161.121862
07260		9.498994	-1.203465	-1.549063	0.230581	0.098821	-0.170584	-0.505859	0.306152	-0.480469	176.576175	-86.840367	-159.355822
07261		9.704936	-1.368975	-1.741349	0.156261	0.091957	-0.213906	-0.513672	0.290771	-0.480713	174.385189	-86.882491	-157.068196
07262		9.878094	-1.533228	-1.774610	0.043312	0.048694	-0.283321	-0.508545	0.289307	-0.481445	171.401748	-86.901903	-154.054148
07263		9.975645	-1.551075	-1.644639	-0.109118	0.001701	-0.363864	-0.514648	0.291504	-0.483154	167.595924	-86.864211	-150.301618
07264		9.999494	-1.322752	-0.977398	-0.315704	-0.076506	-0.486353	-0.520020	0.283691	-0.489258	162.776379	-86.762113	-145.654448
07265		10.273130	-0.644215	-0.427356	-0.495554	-0.168902	-0.646742	-0.521240	0.278564	-0.482666	157.130751	-86.543510	-140.279930
07266		11.190919	0.194506	-0.418902	-0.574373	-0.156892	-0.775337	-0.515869	0.283203	-0.476807	151.024588	-86.279475	-134.490327
07267		12.758058	0.993076	-0.915657	-0.676269	-0.101332	-0.802156	-0.522461	0.292236	-0.484375	145.333182	-85.987327	-129.170645
07268		13.903354	1.845867	-1.359575	-0.726056	-0.069614	-0.688732	-0.534424	0.289063	-0.475586	140.837163	-85.728951	-125.078901
07269		14.011122	2.464028	-1.294742	-0.496011	-0.054676	-0.466084	-0.536621	0.282715	-0.473633	138.182156	-85.531716	-122.697493
07270		13.685696	2.833380	-0.048792	0.190505	-0.125972	-0.208354	-0.530273	0.286133	-0.477295	137.722391	-85.408176	-122.125797
07271		13.655719	3.167925	1.915109	1.017572	-0.291192	0.007756	-0.535400	0.278564	-0.478516	139.718785	-85.285768	-123.540147
07272		13.682254	2.949236	3.915735	1.307117	-0.439054	0.118209	-0.541992	0.262695	-0.477783	142.920112	-85.141774	-126.000176
07273		13.199765	2.463577	3.783866	0.974886	-0.492315	0.082930	-0.544678	0.262451	-0.475830	145.836287	-84.940032	-128.362942
07274		11.811652	0.756494	2.792971	0.733428	-0.647247	-0.025682	-0.543457	0.267822	-0.475830	148.280782	-84.631579	-130.394804
07275		10.611507	-1.080046	2.360084	0.646129	-0.891338	-0.133762	-0.553955	0.256348	-0.472656	150.638747	-84.152515	-132.388406
07276		10.043344	-2.267325	2.387632	0.371194	-0.734943	-0.197996	-0.551514	0.249756	-0.462891	151.788186	-83.740370	-133.329720
07277		9.304831	-2.676977	1.344443	-0.114829	-0.463870	-0.235555	-0.552246	0.253662	-0.463623	151.797179	-83.442112	-133.401275
07278		8.427967	-2.675524	-0.255768	-0.272305	-0.296354	-0.231993	-0.562744	0.253662	-0.464355	151.301807	-83.241617	-133.059027
07279		8.073389	-2.244454	-1.155265	-0.037788	0.046124	-0.183918	-0.567627	0.250488	-0.465332	150.411431	-83.213149	-132.180495
07280		7.998100	-1.754779	-0.837141	0.284779	0.195358	-0.105624	-0.557861	0.244873	-0.469238	149.629252	-83.292037	-131.227962
07281		8.343509	-1.118262	-0.322933	0.493615	0.264030	-0.028083	-0.554443	0.248779	-0.476074	149.147116	-83.413845	-130.454127
07282		9.086945	-0.350202	0.210940	0.585325	0.381693	0.046668	-0.560059	0.243652	-0.475586	148.658176	-83.627061	-129.623913
07283		9.897712	0.488546	0.982471	0.632884	0.524805	0.128647	-0.549316	0.245605	-0.480469	148.168288	-83.921646	-128.762655
07284		10.297094	1.322150	1.528270	0.642301	0.549637	0.209913	-0.557129	0.232422	-0.489014	147.872056	-84.264625	-128.094277
07285		10.664588	2.041345	1.875576	0.648704	0.399932	0.240991	-0.547119	0.230957	-0.486816	148.218804	-84.531957	-128.065530
07286		10.555137	2.568818	1.693135	0.657383	0.125111	0.190749	-0.550537	0.232422	-0.499756	149.142763	-84.662295	-128.614723
07287		10.042416	2.873404	1.216708	0.625796	-0.071765	0.083082	-0.546631	0.230957	-0.498047	150.180272	-84.650649	-129.292947
07288		9.346373	2.959923	1.014129	0.505450	-0.076898	-0.045652	-0.543457	0.223145	-0.491211	150.411402	-84.611797	-129.233715
07289		8.793342	2.756879	1.089235	0.338423	-0.001726	-0.142725	-0.556152	0.233643	-0.490967	149.878952	-84.570017	-128.500421
07290		8.658221	2.475652	1.237317	0.183707	0.091460	-0.203746	-0.549072	0.223877	-0.499268	148.590793	-84.567511	-127.100309
07291		8.799930	2.072425	1.325950	0.026558	0.153204	-0.236083	-0.550293	0.215576	-0.508789	146.927686	-84.569435	-125.410722
07292		8.936914	1.652841	1.143498	-0.124310	0.180824	-0.249054	-0.552246	0.219238	-0.494629	144.931525	-84.587140	-123.476847
07293		9.100574	1.339201	0.788665	-0.205430	0.142693	-0.255489	-0.544678	0.212402	-0.500977	143.077592	-84.567178	-121.729119
07294		9.185581	0.985486	0.380667	-0.237792	0.058246	-0.260940	-0.553223	0.224609	-0.508057	141.413619	-84.513431	-120.194252
07295		9.184953	0.662821	0.090615	-0.235543	0.000196	-0.267829	-0.557373	0.221924	-0.494629	140.069124	-84.416405	-118.975353
07296		9.131785	0.497657	-0.026956	-0.219193	-0.038114	-0.274097	-0.553467	0.219971	-0.499268	138.798558	-84.308734	-117.824716
07297		9.036748	0.393914	-0.167875	-0.183888	-0.065239	-0.266478	-0.558350	0.216797	-0.501221	137.825479	-84.179331	-116.948904
07298		8.930697	0.451450	-0.323426	-0.150342	-0.037237	-0.242396	-0.556152	0.215576	-0.499756	136.806915	-84.080258	-116.011534
07299		8.838717	0.545717	-0.535946	-0.120521	-0.003260	-0.199884	-0.553955	0.213379	-0.503906	135.972222	-84.000013	-115.238036
07300		8.694555	0.739296	-0.637202	-0.058453	0.060225	-0.137536	-0.560059	0.216797	-0.496338	135.094582	-83.979909	-114.389221
07301		8.558339	0.889818	-0.528515	0.006169	0.082307	-0.072403	-0.554199	0.206543	-0.493652	134.519611	-83.983849	-113.803812
07302		8.484285	1.096798	-0.392278	0.049613	0.110778	-0.022066	-0.553955	0.209961	-0.494873	133.948596	-84.029232	-113.201065
07303		8.509913	1.289742	-0.077063	0.057526	0.156760	0.016160	-0.551758	0.213867	-0.499023	133.434803	-84.098136	-112.647667
07304		8.580428	1.441338	0.384075	-0.023059	0.136664	0.036952	-0.553467	0.203857	-0.508301	132.920324	-84.177033	-112.143732
07305		8.752865	1.613976	0.503890	-0.137539	0.076730	0.037954	-0.555420	0.211182	-0.501465	132.686025	-84.223046	-111.983740
07306		8.955950	1.794727	0.305458	-0.218133	0.049091	0.030764	-0.555908	0.210205	-0.499268	132.383599	-84.264774	-111.805363
07307		9.146953	1.860760	0.045711	-0.249257	0.028711	0.027110	-0.546875	0.218262	-0.497559	132.240487	-84.287531	-111.801367
07308		9.245962	1.896922	-0.109919	-0.243783	-0.022812	0.023391	-0.560059	0.220703	-0.498779	132.195555	-84.298261	-111.896539
07309		9.328077	1.831190	-0.153555	-0.235821	-0.083415	0.038135	-0.552979	0.215088	-0.495361	132.577606	-84.282375	-112.412588
07310		9.361394	1.670767	-0.074843	-0.261507	-0.084671	0.060373	-0.558350	0.219238	-0.492920	132.926550	-84.284400	-112.913784
07311		9.264811	1.519121	-0.009730	-0.303007	-0.072566	0.086614	-0.552246	0.216309	-0.498779	133.412389	-84.292326	-113.572828
07312		9.122939	1.307480	-0.257798	-0.362489	-0.075442	0.112036	-0.557373	0.223145	-0.493652	133.871972	-84.318590	-114.243301
07313		9.045857	1.213305	-0.458311	-0.408110	-0.055573	0.131878	-0.550537	0.223877	-0.493652	134.415898	-84.350791	-115.021179
07314		8.928961	1.089030	-0.567668	-0.428389	-0.062895	0.152201	-0.555420	0.230713	-0.495117	134.963782	-84.397216	-115.818178
07315		8.866683	0.984883	-0.568073	-0.448388	-0.059882	0.176364	-0.547607	0.229980	-0.488770	135.706659	-84.443975	-116.819026
07316		8.796073	0.845822	-0.563078	-0.465322	-0.034950	0.198896	-0.558838	0.229248	-0.491455	136.345374	-84.518633	-117.728309
07317		8.788686	0.803755	-0.633033	-0.463204	-0.002338	0.230857	-0.558838	0.241943	-0.493652	137.119228	-84.608416	-118.768561
07318		8.822611	0.775847	-0.638463	-0.422815	0.003303	0.254771	-0.560303	0.242188	-0.488037	137.929844	-84.718528	-119.825658
07319		9.012403	0.712923	-0.587004	-0.384314	-0.001387	0.278741	-0.555908	0.240967	-0.486816	139.040326	-84.823850	-121.158203
07320		9.247355	0.647564	-0.574424	-0.353541	0.021943	0.299276	-0.550293	0.247070	-0.489746	140.122063	-84.954998	-122.447160
07321		9.423013	0.575826	-0.567645	-0.319727	0.049821	0.308801	-0.550537	0.248535	-0.487061	141.322743	-85.089117	-123.832578
07322		9.555870	0.446462	-0.518553	-0.287011	0.068897	0.313080	-0.547119	0.256592	-0.488281	142.456306	-85.241552	-125.134634
07323		9.587502	0.376587	-0.491137	-0.258739	0.099020	0.301584	-0.552734	0.252441	-0.488770	143.596375	-85.390764	-126.423577
07324		9.618624	0.394666	-0.489175	-0.241667	0.137313	0.280615	-0.540771	0.257568	-0.489258	144.435963	-85.559784	-127.403993
07325		9.574783	0.377890	-0.511503	-0.229150	0.164972	0.265169	-0.545654	0.260010	-0.493652	145.241312	-85.724465	-128.339663
07326		9.496809	0.349849	-0.573123	-0.215966	0.167166	0.252192	-0.543457	0.270264	-0.486084	145.922816	-85.896171	-129.146272
07327		9.470833	0.248006	-0.699902	-0.200255	0.148890	0.239569	-0.552246	0.268311	-0.492920	146.781359	-86.043119	-130.118279
07328		9.445445	0.233985	-0.857245	-0.196635	0.115842	0.248965	-0.545166	0.267822	-0.500244	147.825615	-86.187163	-131.276974
07329		9.387804	0.371772	-1.036702	-0.184495	0.088564	0.252788	-0.542236	0.271973	-0.482666	149.222672	-86.305898	-132.779283
07330		9.341643	0.629799	-1.250865	-0.164871	0.021928	0.264310	-0.554199	0.276611	-0.489258	151.013461	-86.403515	-134.667358
07331		9.271209	0.964479	-1.317311	-0.076329	-0.146528	0.269475	-0.548096	0.277588	-0.487793	153.788903	-86.400376	-137.488416
07332		9.380094	1.204068	-1.453538	0.007532	-0.378740	0.259629	-0.547607	0.274658	-0.487061	157.254551	-86.275908	-140.955696
07333		9.398280	1.549991	-1.705733	-0.046484	-0.418806	0.260147	-0.549805	0.275146	-0.475586	160.634741	-86.105034	-144.366371
07334		9.418929	1.777644	-1.878209	-0.114367	-0.351290	0.257678	-0.547607	0.279785	-0.475586	163.456342	-85.970543	-147.259149
07335		9.367933	1.788515	-1.916882	-0.182944	-0.295173	0.250049	-0.545898	0.280273	-0.469971	165.927785	-85.844678	-149.838307
07336		9.292793	1.823620	-1.992005	-0.249817	-0.233340	0.231510	-0.545898	0.284180	-0.473877	167.933401	-85.755778	-151.991438
07337		9.229416	1.743424	-2.138241	-0.356067	-0.158818	0.199911	-0.546875	0.285645	-0.469482	169.488539	-85.688337	-153.751814
07338		9.232543	1.627307	-2.321575	-0.517079	-0.081327	0.169119	-0.548340	0.291260	-0.470215	170.547047	-85.670322	-155.108916
07339		9.260695	1.551986	-2.453675	-0.657034	-0.024605	0.135342	-0.547119	0.292969	-0.474854	171.229944	-85.668018	-156.167612
07340		9.216268	1.417186	-2.560622	-0.727553	-0.018339	0.112699	-0.550781	0.303223	-0.458008	171.665739	-85.677960	-157.021051
07341		9.137655	1.360738	-2.552906	-0.724234	0.010229	0.085835	-0.554932	0.306396	-0.453369	171.903388	-85.690106	-157.671825
07342		9.190587	1.420613	-2.373474	-0.647303	0.103840	0.073943	-0.553223	0.305664	-0.470459	171.971630	-85.765297	-158.110406
07343		9.527382	0.918985	-1.850619	-0.527178	0.352333	0.072727	-0.546631	0.309082	-0.459961	171.867249	-85.970337	-158.304904
07344		10.306580	0.041238	-0.844923	-0.086558	0.590039	0.052243	-0.545410	0.311279	-0.472656	171.519182	-86.319187	-158.003902
07345		11.658438	-0.817240	-0.040576	0.511591	0.624591	-0.008760	-0.543213	0.302246	-0.472412	170.858632	-86.671401	-157.044765
07346		13.226402	-1.700229	0.687929	0.645103	0.432185	-0.101877	-0.550781	0.306396	-0.483154	169.423615	-86.915307	-155.235438
07347		13.830919	-2.055290	-0.189819	0.349622	0.080491	-0.165145	-0.541992	0.299316	-0.479004	167.750992	-86.941176	-153.356120
07348		12.864319	-1.216752	-2.812863	1.057115	-0.585882	-0.105113	-0.551270	0.291016	-0.475098	168.511925	-86.610217	-153.509808
07349		12.380403	-0.490831	-0.576088	2.138523	-1.186595	0.143582	-0.544189	0.274414	-0.476563	172.713698	-85.952002	-156.488827
07350		12.761857	-0.825735	7.177961	1.355382	-0.654616	0.285875	-0.552490	0.281738	-0.479004	176.185590	-85.604203	-159.189597
07351		11.849763	-1.014240	5.142243	-0.653223	0.209467	0.289052	-0.558350	0.287842	-0.482910	177.931332	-85.731797	-161.311993
07352		10.760990	-1.681360	-1.512460	-0.854851	0.096460	0.264321	-0.556152	0.292480	-0.481934	179.477859	-85.801294	-163.352140
07353		10.366847	-1.224720	-0.424484	-0.113818	0.000513	0.232930	-0.555176	0.293457	-0.476807	-178.752053	-85.799898	-165.188694
07354		10.114300	0.324971	4.969191	-0.529935	0.056571	0.182969	-0.562500	0.305176	-0.469727	-177.587604	-85.839578	-166.658883
07355		10.252596	1.418616	2.901791	-1.064617	0.098646	0.114956	-0.558350	0.306152	-0.468994	-177.234567	-85.892184	-167.620727
07356		9.987675	1.219588	0.135365	-0.858693	-0.033711	0.105163	-0.553711	0.312500	-0.468262	-176.878727	-85.881031	-168.469002
07357		9.783500	1.022534	0.655367	-0.813936	-0.143297	0.102941	-0.545654	0.314453	-0.469727	-176.583093	-85.794802	-169.229315
07358		9.711999	0.670419	0.971776	-0.714181	-0.040273	0.099911	-0.551270	0.322754	-0.468750	-176.210011	-85.779450	-170.011926
07359		9.644525	0.186947	0.389849	-0.525868	0.062470	0.088312	-0.553955	0.313477	-0.451904	-175.773903	-85.810711	-170.747639
07360		9.785946	-0.045210	0.187540	-0.348606	0.034841	0.078396	-0.552490	0.323730	-0.460205	-175.309223	-85.838471	-171.412021
07361		10.260550	-0.199531	0.394850	-0.210623	0.037816	0.063259	-0.549805	0.317871	-0.460449	-174.890229	-85.856041	-171.949427
07362		10.846780	-0.692604	0.785765	-0.162715	0.142055	0.068797	-0.546875	0.318115	-0.458984	-174.295082	-85.944711	-172.637751
07363		11.177982	-1.320177	1.256858	-0.117998	0.212479	0.096625	-0.550049	0.325439	-0.456787	-173.371063	-86.058861	-173.628112
07364		11.670058	-1.826867	1.318679	-0.003165	-0.022099	0.160213	-0.549072	0.328613	-0.456543	-172.033483	-86.046059	-174.968880
07365		10.378565	-2.348409	0.830543	-0.030739	-0.178050	0.207487	-0.544434	0.321045	-0.455811	-170.579699	-85.926254	-176.440209
07366		10.136016	-2.580587	0.914250	-0.050762	0.140909	0.265774	-0.555420	0.325928	-0.462646	-168.224072	-85.988969	-178.829051
07367		9.422882	-2.805965	0.559725	0.047056	-0.073667	0.328346	-0.551270	0.335449	-0.461182	-165.729421	-85.904385	178.700758
07368		8.751133	-2.811371	0.144324	0.086925	-0.102651	0.369164	-0.548096	0.332764	-0.461182	-163.014253	-85.801710	176.030249
07369		8.195062	-2.652353	0.140793	0.134550	-0.044299	0.381027	-0.551758	0.337402	-0.461914	-160.240320	-85.707665	173.329678
07370		7.954551	-2.333837	0.336782	0.188838	0.006635	0.365124	-0.542725	0.331055	-0.466064	-157.443463	-85.645983	170.635259
07371		8.072054	-1.936847	0.533917	0.209758	0.057248	0.336686	-0.546875	0.335449	-0.457275	-154.834261	-85.596751	168.142642
07372		8.332605	-1.593682	0.634254	0.210983	0.047695	0.305210	-0.551758	0.341797	-0.464355	-152.429458	-85.553161	165.853861
07373		8.768940	-1.277690	0.702507	0.180586	0.014647	0.277929	-0.534180	0.337402	-0.466553	-150.480006	-85.483202	164.005903
07374		9.167034	-0.948399	0.449194	0.112922	0.027931	0.271672	-0.541992	0.338623	-0.472656	-148.515851	-85.427011	162.102469
07375		9.393821	-0.653852	0.120019	0.044161	0.058958	0.265558	-0.539307	0.338135	-0.461426	-146.660103	-85.372709	160.269796
07376		9.297451	-0.379991	-0.112481	0.065911	0.012987	0.257615	-0.541504	0.346680	-0.467529	-144.958852	-85.304386	158.602863
07377		9.200434	-0.296895	-0.180118	0.076105	-0.026337	0.238076	-0.534668	0.347412	-0.473877	-143.677812	-85.211278	157.364867
07378		9.000511	-0.316937	-0.197791	0.059651	-0.013336	0.215306	-0.533936	0.333008	-0.468506	-142.415177	-85.139027	156.134187
07379		8.729842	-0.472474	-0.197002	0.019828	0.074703	0.188427	-0.540283	0.344482	-0.468750	-141.092829	-85.104512	154.822123
07380		8.586591	-0.778355	-0.080909	-0.072277	0.211396	0.160276	-0.532227	0.346924	-0.473389	-139.280002	-85.146268	152.963356
07381		8.385512	-1.160974	0.206733	-0.061301	0.237769	0.137308	-0.536865	0.345459	-0.468994	-137.542180	-85.194634	151.187785
07382		8.348925	-1.509701	0.545555	0.023828	0.149631	0.107365	-0.531494	0.342529	-0.475342	-136.168548	-85.221986	149.825261
07383		8.570044	-1.848535	0.525190	0.042335	0.157542	0.096089	-0.538818	0.352051	-0.475586	-134.909151	-85.246531	148.589524
07384		8.797149	-2.091699	0.282704	0.041447	0.210298	0.095436	-0.522949	0.352539	-0.471436	-133.246511	-85.297349	146.947256
07385		9.060366	-2.217959	0.065702	0.079557	0.209609	0.090835	-0.529053	0.340576	-0.472168	-131.685475	-85.338720	145.430418
07386		9.322081	-2.261901	-0.017387	0.147875	0.188011	0.092008	-0.529541	0.342041	-0.476318	-130.032513	-85.374827	143.859224
07387		9.515179	-2.182954	-0.046657	0.213882	0.196014	0.083884	-0.528320	0.350098	-0.481445	-128.450110	-85.407323	142.398319
07388		9.573498	-1.939739	-0.104156	0.300919	0.169571	0.063205	-0.520020	0.340820	-0.486084	-126.893000	-85.442749	141.011387
07389		9.610444	-1.670149	-0.211108	0.364563	0.063973	0.036095	-0.526367	0.336914	-0.485596	-126.157019	-85.446619	140.486302
07390		9.591801	-1.450686	-0.314015	0.366629	-0.002614	0.021243	-0.531738	0.349609	-0.482910	-125.723265	-85.440156	140.264079
07391		9.471214	-1.308980	-0.524860	0.369834	-0.042576	0.005747	-0.523438	0.337402	-0.485107	-125.732431	-85.421913	140.489535
07392		9.324410	-1.198029	-0.784346	0.382893	-0.071615	-0.002777	-0.528320	0.341553	-0.482422	-125.792164	-85.403400	140.771724
07393		9.129175	-1.064011	-0.981198	0.401010	-0.088470	-0.012858	-0.528076	0.333740	-0.492432	-126.122253	-85.378273	141.337078
07394		8.948351	-0.998434	-1.033600	0.435751	-0.100349	-0.034841	-0.522705	0.329346	-0.489746	-126.447306	-85.364554	141.915862
07395		8.778815	-0.910506	-1.012571	0.457119	-0.091123	-0.066853	-0.532715	0.329590	-0.492188	-126.980870	-85.362721	142.717634
07396		8.690492	-0.814087	-0.987719	0.454804	-0.056290	-0.105316	-0.533936	0.326660	-0.497070	-127.348678	-85.395659	143.350257
07397		8.640172	-0.793793	-1.048847	0.448336	-0.022555	-0.141855	-0.531738	0.317383	-0.490479	-127.835887	-85.450851	144.100411
07398		8.573626	-0.715849	-1.178444	0.467397	0.001697	-0.181291	-0.531250	0.317627	-0.499023	-128.229875	-85.537728	144.766413
07399		8.573647	-0.714093	-1.098771	0.467182	-0.006737	-0.216262	-0.531006	0.315918	-0.491211	-128.999135	-85.630813	145.810122
07400		8.555449	-0.664034	-1.014945	0.456391	-0.022995	-0.241104	-0.537354	0.304688	-0.505371	-129.892834	-85.733798	146.970733
07401		8.582650	-0.615263	-0.971308	0.427304	-0.033358	-0.248264	-0.534668	0.314209	-0.495117	-131.093105	-85.828242	148.423442
07402		8.583830	-0.598068	-0.971613	0.376105	-0.030567	-0.243320	-0.529541	0.303711	-0.506348	-132.201284	-85.925806	149.752639
07403		8.607332	-0.640170	-1.079343	0.323991	-0.029268	-0.233095	-0.534180	0.306396	-0.505615	-133.473642	-86.011019	151.217931
07404		8.623057	-0.769841	-1.155788	0.303224	0.010974	-0.214303	-0.531738	0.296631	-0.509521	-134.326451	-86.109186	152.248964
07405		8.687106	-0.820277	-1.039977	0.278613	0.058019	-0.191955	-0.533936	0.302002	-0.505371	-134.960136	-86.209477	153.047752
07406		8.778842	-0.946090	-0.848752	0.273831	0.120620	-0.183128	-0.537598	0.293213	-0.504150	-135.044362	-86.337926	153.291410
07407		8.958374	-1.063143	-0.625550	0.262345	0.183613	-0.174818	-0.542969	0.289063	-0.503174	-134.828880	-86.481816	153.229795
07408		9.195564	-1.150442	-0.438882	0.216662	0.235989	-0.170113	-0.534912	0.290283	-0.515137	-134.074332	-86.651267	152.600238
07409		9.352178	-1.205695	-0.379225	0.149196	0.246711	-0.176539	-0.536377	0.290283	-0.507813	-133.419143	-86.820758	152.033288
07410		9.548932	-1.225939	-0.508870	0.117357	0.239980	-0.189649	-0.538330	0.282227	-0.510254	-132.686547	-86.998861	151.368894
07411		9.717414	-1.177518	-0.634640	0.115819	0.196802	-0.201423	-0.540283	0.283936	-0.519043	-132.519353	-87.158810	151.271608
07412		9.873259	-1.129485	-0.810964	0.120681	0.156024	-0.212968	-0.541748	0.284424	-0.523682	-132.596911	-87.313750	151.420355
07413		9.983217	-1.076760	-0.951659	0.139619	0.142547	-0.223921	-0.540771	0.282715	-0.528320	-133.111639	-87.462029	152.019376
07414		10.018032	-1.001042	-1.124935	0.172694	0.119842	-0.223865	-0.538818	0.282471	-0.523438	-133.681876	-87.606970	152.691001
07415		9.994848	-0.955110	-1.258278	0.225129	0.091150	-0.224078	-0.538086	0.272949	-0.520996	-134.829298	-87.734056	153.972146
07416		9.848179	-0.938499	-1.385980	0.270685	0.042887	-0.243209	-0.540771	0.279785	-0.528809	-136.582472	-87.853720	155.883609
07417		9.748689	-0.954938	-1.504708	0.282051	-0.018417	-0.263222	-0.545410	0.276855	-0.520020	-139.665743	-87.945260	159.134341
07418		9.638166	-1.050516	-1.699875	0.240566	-0.116826	-0.293567	-0.536377	0.267334	-0.523438	-144.202198	-88.001777	163.813302
07419		9.595979	-1.149692	-2.149994	0.189775	-0.201354	-0.333214	-0.542725	0.265869	-0.521240	-150.479914	-88.006421	170.207297
07420		9.670410	-1.198478	-2.508378	0.162350	-0.123339	-0.366818	-0.543945	0.262939	-0.529053	-156.556120	-88.043607	176.381898
07421		10.098184	-1.238951	-2.063393	0.109938	0.051137	-0.381785	-0.537842	0.259521	-0.520508	-162.320893	-88.146853	-177.783448
07422		10.974466	-1.121824	-1.096192	0.043013	0.253778	-0.385576	-0.542236	0.261230	-0.521484	-167.879844	-88.351924	-172.195589
07423		12.063210	-1.102810	-0.689400	-0.105550	0.397127	-0.374487	-0.536133	0.265137	-0.529297	-174.594018	-88.608942	-165.535895
07424		12.709898	-0.600326	-1.255435	-0.385305	0.253303	-0.421403	-0.544922	0.258057	-0.525146	174.809239	-88.763617	-155.155635
07425		12.824500	0.160772	-2.370605	-0.511871	-0.300630	-0.471373	-0.541992	0.257324	-0.526855	164.560904	-88.544325	-145.194189
07426		12.784884	0.655910	-2.082573	-0.257010	-0.853952	-0.480137	-0.557861	0.251709	-0.520508	160.598259	-88.003640	-141.375557
07427		12.986762	0.892259	0.108293	0.080724	-1.067348	-0.433238	-0.562988	0.251221	-0.506348	160.000973	-87.343760	-140.727820
07428		13.030159	0.962413	2.675485	0.170928	-0.702813	-0.300435	-0.565186	0.246094	-0.512207	159.658416	-86.915063	-140.285197
07429		13.069951	1.346804	3.203124	0.107361	-0.074950	-0.144865	-0.568359	0.246582	-0.508057	158.604536	-86.844950	-139.164468
07430		13.139302	2.106155	1.560774	0.099501	0.212921	-0.008218	-0.565918	0.250977	-0.511230	157.743151	-86.965457	-138.243229
07431		12.383040	2.330157	0.502297	0.212654	0.006715	0.061340	-0.562012	0.244385	-0.515381	158.482381	-86.981735	-138.857800
07432		10.876419	1.133005	1.467792	0.612208	-0.617437	0.063250	-0.565918	0.241699	-0.507324	161.623761	-86.670497	-141.651143
07433		10.000637	-0.498829	4.292621	0.890373	-0.618077	0.040979	-0.570068	0.235352	-0.498291	164.227455	-86.338314	-143.744900
07434		9.283728	-1.149195	3.945692	0.228976	-0.222643	-0.053920	-0.569580	0.238281	-0.513184	164.437294	-86.216546	-143.822221
07435		8.346473	-1.618641	2.003038	-0.244569	-0.186207	-0.127673	-0.575195	0.236816	-0.510742	163.708002	-86.093354	-143.228044
07436		7.881402	-2.084761	0.343705	-0.312313	-0.290287	-0.181612	-0.575439	0.238281	-0.513184	162.794065	-85.913966	-142.489908
07437		7.857323	-2.375109	-0.541211	-0.194998	-0.098504	-0.192069	-0.578125	0.233154	-0.505127	161.492194	-85.826015	-141.292980
07438		7.920785	-2.365283	-0.796969	-0.039558	-0.002451	-0.172134	-0.571289	0.233887	-0.506104	160.207213	-85.802277	-140.026026
07439		8.153594	-1.756469	-0.960317	0.164802	0.153160	-0.144627	-0.567383	0.234619	-0.513428	158.837194	-85.855076	-138.554009
07440		8.565707	-0.886446	-0.856604	0.433804	0.224910	-0.117604	-0.583252	0.235107	-0.509033	157.544479	-85.959602	-137.007610
07441		9.198305	-0.144960	-0.475785	0.639020	0.255947	-0.053064	-0.573730	0.223145	-0.511230	156.710420	-86.082536	-135.800837
07442		9.851863	0.453661	0.166496	0.758158	0.317782	0.024097	-0.574219	0.221924	-0.523438	156.245156	-86.264811	-134.898003
07443		10.399671	1.216322	0.926502	0.813533	0.390545	0.085106	-0.567139	0.221680	-0.526123	156.009217	-86.488821	-134.190857
07444		10.698963	2.105723	1.741094	0.828288	0.401414	0.111279	-0.573242	0.209961	-0.530273	155.873829	-86.734627	-133.578663
07445		10.632440	2.697633	3.014570	0.759518	0.283087	0.102387	-0.561279	0.209473	-0.532715	156.112555	-86.906314	-133.378234
07446		10.150678	3.055474	3.469786	0.391786	0.023179	0.054046	-0.574219	0.205078	-0.534424	156.746145	-86.940804	-133.786769
07447		9.343797	3.282372	2.000947	0.075220	-0.102045	-0.006654	-0.566162	0.209229	-0.531006	157.175821	-86.885140	-134.170229
07448		8.898279	3.135768	1.011044	0.022617	-0.128739	-0.091817	-0.568359	0.202881	-0.543213	156.804923	-86.806779	-133.784608
07449		8.615435	2.589828	1.099486	-0.039959	-0.213261	-0.150451	-0.572510	0.206787	-0.530029	156.274940	-86.660012	-133.273015
07450		8.630945	1.922507	1.266309	-0.154443	-0.271373	-0.200870	-0.570313	0.208008	-0.531006	155.458852	-86.481059	-132.542901
07451		8.804762	1.263955	1.078194	-0.335144	-0.206432	-0.235463	-0.570068	0.206787	-0.525146	154.151361	-86.316276	-131.421546
07452		8.995636	0.818460	0.603741	-0.480900	-0.177623	-0.265180	-0.572510	0.207275	-0.531006	152.463468	-86.167027	-130.004969
07453		9.262391	0.418392	0.147596	-0.563745	-0.240694	-0.286251	-0.576416	0.206787	-0.526367	151.011669	-85.967640	-128.869827
07454		9.383785	0.216642	-0.117088	-0.602069	-0.295404	-0.301710	-0.574219	0.210693	-0.519287	149.704387	-85.744848	-127.903861
07455		9.440643	0.124592	-0.407842	-0.605370	-0.357303	-0.300917	-0.575195	0.210449	-0.517578	148.810899	-85.480567	-127.351934
07456		9.345972	0.179585	-1.204936	-0.510791	-0.227591	-0.278374	-0.582520	0.208252	-0.516357	147.646803	-85.295421	-126.476596
07457		9.098777	0.225820	-1.377995	-0.329683	-0.140861	-0.215314	-0.581543	0.211914	-0.510498	146.758863	-85.160607	-125.771432
07458		8.730807	0.250014	-1.099047	-0.099612	-0.206720	-0.139095	-0.583496	0.219238	-0.505859	146.643541	-85.027330	-125.711896
07459		8.527857	0.395988	-0.655448	0.042235	-0.202006	-0.059605	-0.581299	0.208740	-0.510498	147.080341	-84.911606	-126.122405
07460		8.442721	0.596554	-0.197909	0.061849	-0.086306	0.015725	-0.584961	0.209229	-0.514160	147.463909	-84.884268	-126.470827
07461		8.467018	0.872104	-0.029429	0.009736	0.050935	0.060159	-0.585205	0.209473	-0.509521	147.638612	-84.927235	-126.636934
07462		8.578486	1.081505	0.127887	-0.042319	0.140563	0.091000	-0.580078	0.220703	-0.513672	147.587908	-85.032526	-126.609253
07463		8.721438	1.314114	0.176802	-0.077392	0.189578	0.093750	-0.587891	0.217773	-0.509277	147.410506	-85.152843	-126.472016
07464		9.022046	1.465116	0.215212	-0.121507	0.227302	0.095481	-0.581787	0.210449	-0.517090	147.006357	-85.301228	-126.135160
07465		9.274953	1.590746	0.247828	-0.156308	0.198341	0.086221	-0.577393	0.214111	-0.515869	146.680416	-85.423247	-125.894314
07466		9.477112	1.585297	0.177739	-0.187934	0.132933	0.083982	-0.579102	0.215332	-0.520508	146.504642	-85.522495	-125.824798
07467		9.605980	1.572080	0.049726	-0.250295	0.078782	0.086484	-0.577393	0.207520	-0.516357	146.593696	-85.587340	-126.054276
07468		9.525251	1.478687	-0.138762	-0.323977	0.025258	0.100490	-0.585693	0.218262	-0.523438	146.883927	-85.640134	-126.530266
07469		9.366050	1.365209	-0.255470	-0.390433	-0.042279	0.118082	-0.582764	0.218018	-0.522705	147.601168	-85.656224	-127.470244
07470		9.139520	1.332101	-0.439068	-0.461261	-0.070519	0.135101	-0.585449	0.219727	-0.517822	148.438509	-85.672070	-128.573693
07471		8.939853	1.233407	-0.651248	-0.524275	-0.052982	0.159536	-0.575439	0.228760	-0.511963	149.403786	-85.693072	-129.839275
07472		8.827097	1.151942	-0.837090	-0.579875	-0.000217	0.176438	-0.584473	0.233887	-0.515625	150.197586	-85.752949	-130.967039
07473		8.776162	1.019890	-1.009306	-0.621034	0.040843	0.199661	-0.576660	0.228516	-0.510010	151.061989	-85.829228	-132.186884
07474		8.769547	0.849239	-1.113972	-0.650923	0.078969	0.223379	-0.566162	0.235840	-0.506104	151.911901	-85.939185	-133.411385
07475		8.811163	0.740113	-1.057009	-0.646264	0.097013	0.252637	-0.567627	0.251465	-0.507813	153.031169	-86.055121	-134.900894
07476		8.868648	0.574547	-0.951381	-0.648549	0.116088	0.289219	-0.578369	0.254395	-0.505371	154.383144	-86.197244	-136.626777
07477		8.919811	0.481382	-0.821316	-0.653760	0.133484	0.318933	-0.570557	0.254639	-0.503418	156.085927	-86.342934	-138.704862
07478		8.957994	0.424278	-0.841929	-0.655534	0.131312	0.352911	-0.573730	0.254150	-0.505127	158.194884	-86.499951	-141.192532
07479		9.031484	0.332680	-0.898874	-0.639300	0.130239	0.367706	-0.566650	0.267334	-0.496582	160.709454	-86.643394	-144.074875
07480		9.201954	0.275473	-0.858023	-0.607889	0.149130	0.368133	-0.567139	0.270020	-0.505615	163.390093	-86.798854	-147.106935
07481		9.368168	0.249846	-0.864982	-0.569371	0.177414	0.351269	-0.561768	0.276367	-0.500977	166.157300	-86.949311	-150.201294
07482		9.506230	0.268430	-0.885077	-0.509097	0.222057	0.322004	-0.568359	0.276611	-0.500732	168.814916	-87.122588	-153.152616
07483		9.564031	0.319972	-0.826851	-0.437635	0.232922	0.290023	-0.561523	0.281738	-0.507080	171.474662	-87.281917	-156.062900
07484		9.625906	0.297081	-0.796591	-0.374519	0.203319	0.262343	-0.564453	0.274414	-0.506348	174.195074	-87.425149	-158.999009
07485		9.618430	0.200381	-0.852629	-0.322786	0.166161	0.244293	-0.559570	0.285889	-0.509277	177.041910	-87.530046	-162.030048
07486		9.565527	0.116619	-0.949303	-0.281780	0.154445	0.238407	-0.558105	0.290283	-0.504395	-179.893928	-87.630517	-165.256441
07487		9.531381	0.037056	-1.179844	-0.250140	0.147366	0.234722	-0.555420	0.293457	-0.516357	-176.641486	-87.710012	-168.651332
07488		9.465677	0.120162	-1.321880	-0.235419	0.137105	0.237554	-0.557129	0.293701	-0.515869	-173.077214	-87.784213	-172.351182
07489		9.415863	0.174611	-1.571565	-0.272696	0.122953	0.238117	-0.544189	0.291260	-0.510254	-169.402380	-87.832101	-176.181385
07490		9.307132	0.328055	-1.752157	-0.312373	0.091935	0.232553	-0.560059	0.291992	-0.508789	-165.714597	-87.862311	179.951377
07491		9.299894	0.600229	-1.858963	-0.326256	0.023455	0.232071	-0.553711	0.293701	-0.509766	-162.373349	-87.837578	176.424390
07492		9.274224	0.882643	-1.915548	-0.344648	-0.079702	0.228048	-0.553955	0.300293	-0.502686	-159.625156	-87.758551	173.478909
07493		9.274422	1.066689	-1.963932	-0.385671	-0.137297	0.234762	-0.549561	0.305908	-0.506104	-157.429851	-87.634923	171.064355
07494		9.249927	1.260310	-1.982265	-0.380826	-0.176892	0.248784	-0.552246	0.312744	-0.491211	-155.415710	-87.491088	168.832485
07495		9.264793	1.404844	-1.946620	-0.294934	-0.333674	0.250874	-0.550049	0.314453	-0.494873	-154.493856	-87.255826	167.744179
07496		9.341448	1.491887	-2.328015	-0.280937	-0.462001	0.236786	-0.553467	0.315186	-0.495605	-154.396082	-86.964219	167.487747
07497		9.491803	1.776541	-2.687856	-0.339159	-0.216178	0.225809	-0.557617	0.321045	-0.492920	-153.443710	-86.794876	166.343030
07498		9.905388	1.556462	-2.481753	-0.358560	0.278231	0.204236	-0.553223	0.320801	-0.494141	-150.331934	-86.885678	163.023562
07499		10.678658	0.969180	-1.786343	-0.209334	0.897304	0.165736	-0.544678	0.324463	-0.497070	-143.379011	-87.263680	155.945210
07500		11.907503	-0.086074	-0.651195	0.145177	1.360136	0.106752	-0.547607	0.321533	-0.511719	-129.679772	-87.794718	142.319658
07501		13.746588	-1.734725	1.061318	0.471243	1.219549	0.058890	-0.528564	0.322021	-0.516357	-112.011417	-88.126518	124.914199
07502		14.867914	-3.285611	0.731353	0.609601	0.517695	0.027935	-0.533203	0.313477	-0.521240	-102.459829	-88.200004	115.710072
07503		14.458122	-1.813546	-1.398701	1.227090	-0.481716	0.155286	-0.543213	0.305908	-0.525146	-109.123260	-88.037722	123.084205
07504		14.254106	-1.618727	3.099826	1.348952	-0.945605	0.353435	-0.532715	0.301025	-0.522949	-119.082793	-87.631127	133.827027
07505		13.110053	-2.127481	7.183057	-0.164453	-0.220938	0.423252	-0.542725	0.310059	-0.522705	-119.016656	-87.356351	133.670189
07506		11.214151	-3.037176	0.711266	-1.092780	0.293996	0.361850	-0.544434	0.307861	-0.521484	-114.317472	-87.248265	128.341762
07507		9.980998	-2.677964	-3.951624	-0.193533	0.052692	0.337329	-0.537842	0.316406	-0.520264	-112.326955	-87.081426	126.241464
07508		8.999288	-1.114268	0.622055	0.664142	-0.377046	0.310936	-0.538330	0.316406	-0.518799	-114.219294	-86.833215	128.520268
07509		9.848649	0.117876	7.697780	-0.194516	-0.071233	0.204291	-0.540771	0.315430	-0.514160	-114.143222	-86.708432	128.336127
07510		10.502617	1.348903	4.237216	-0.860406	0.275127	0.078550	-0.531006	0.315186	-0.513428	-111.662182	-86.729313	125.359964
07511		10.428397	1.618678	0.593784	-0.457484	-0.198679	0.065161	-0.543457	0.330566	-0.510986	-113.496548	-86.649849	126.938518
07512		10.016282	1.246635	1.011031	-0.291830	-0.408510	0.104331	-0.540527	0.320313	-0.514404	-116.650547	-86.498025	129.933488
07513		9.408971	0.465064	1.426845	-0.364970	-0.230365	0.117122	-0.542969	0.328125	-0.503418	-118.244764	-86.376322	131.324954
07514		8.714588	-0.402959	1.114690	-0.401318	-0.008895	0.097389	-0.537354	0.324219	-0.510498	-118.009774	-86.326847	130.862004
07515		8.539754	-0.718841	1.064807	-0.369797	0.092231	0.063072	-0.531494	0.330322	-0.514893	-117.232929	-86.318025	129.874922
07516		9.038330	-0.896985	1.228665	-0.262655	0.169388	0.040111	-0.538818	0.326172	-0.505127	-115.744362	-86.342649	128.235427
07517		9.788742	-1.175551	1.221722	-0.195814	0.220359	0.033923	-0.533447	0.327637	-0.503174	-113.928639	-86.376757	126.307294
07518		10.501406	-1.587911	1.268920	-0.190642	0.216712	0.058263	-0.540283	0.329346	-0.509521	-111.890524	-86.395715	124.158581
07519		11.025085	-2.019451	1.663514	-0.269039	0.105945	0.104345	-0.535156	0.329346	-0.502686	-110.810273	-86.360864	122.925392
07520		10.319561	-2.136371	1.518706	-0.273480	0.148404	0.119225	-0.533936	0.334229	-0.506104	-109.217712	-86.326605	121.175434
07521		10.065081	-2.429571	1.317173	-0.237909	0.192530	0.147337	-0.533936	0.341064	-0.506836	-107.326678	-86.279779	119.147543
07522		9.567634	-2.499766	0.837318	-0.159128	-0.004044	0.168585	-0.531494	0.334717	-0.508545	-106.887258	-86.186982	118.618601
07523		9.173446	-2.475483	0.758071	-0.044439	-0.108724	0.181715	-0.532471	0.342285	-0.510742	-107.343250	-86.067910	119.053799
07524		8.854379	-2.403994	0.862749	0.048134	-0.157498	0.191049	-0.525146	0.336914	-0.503906	-107.944588	-85.936304	119.686994
07525		8.680304	-2.202340	1.017272	0.107857	-0.183655	0.195720	-0.523682	0.332520	-0.502197	-108.778606	-85.795477	120.588828
07526		8.622697	-1.953597	1.043785	0.144232	-0.193522	0.191831	-0.528564	0.335205	-0.503174	-109.494960	-85.655411	121.392753
07527		8.575045	-1.690343	0.890747	0.161140	-0.202978	0.171500	-0.533691	0.339111	-0.504883	-110.387367	-85.522114	122.384096
07528		8.642222	-1.453513	0.702458	0.140443	-0.220345	0.148442	-0.538574	0.340332	-0.506836	-111.296848	-85.398008	123.379846
07529		8.644967	-1.352179	0.795339	0.097557	-0.245122	0.128019	-0.537842	0.336914	-0.504395	-112.504335	-85.276289	124.651109
07530		8.690431	-1.137349	0.808353	0.054003	-0.261392	0.112616	-0.534424	0.334961	-0.498047	-113.707424	-85.158772	125.892137
07531		8.734787	-1.127445	0.777103	0.024661	-0.230247	0.109785	-0.535645	0.333496	-0.497559	-114.795766	-85.045943	127.002334
07532		8.789641	-1.087427	0.622475	0.012227	-0.156648	0.106055	-0.541748	0.341309	-0.497314	-115.318278	-84.953787	127.536574
07533		8.763120	-1.087519	0.516027	0.022783	-0.139233	0.097035	-0.539307	0.333252	-0.501221	-115.843437	-84.867899	128.080605
07534		8.791055	-1.182238	0.462158	0.043520	-0.150118	0.077099	-0.540771	0.337646	-0.494385	-116.354866	-84.791443	128.621870
07535		8.849374	-1.288307	0.399441	0.042759	-0.118821	0.062711	-0.541748	0.338135	-0.501709	-116.818262	-84.727543	129.115502
07536		8.745831	-1.401295	0.334224	0.027343	-0.075108	0.047532	-0.542969	0.334473	-0.495850	-116.983434	-84.684933	129.299824
07537		8.614428	-1.461894	0.361710	0.018230	-0.038140	0.034191	-0.541016	0.338867	-0.495361	-117.085492	-84.656250	129.416504
07538		8.609837	-1.554207	0.402687	0.047459	-0.040484	0.010960	-0.539795	0.338379	-0.504395	-117.148524	-84.641210	129.509811
07539		8.647283	-1.605183	0.462382	0.080465	-0.015078	-0.010324	-0.543701	0.335205	-0.497070	-117.212393	-84.641224	129.623955
07540		8.800205	-1.500395	0.379273	0.104495	0.032244	-0.028524	-0.537842	0.332031	-0.502197	-116.956030	-84.665243	129.429253
07541		8.992756	-1.501411	0.379992	0.127417	0.043496	-0.047356	-0.540771	0.334473	-0.500244	-116.775246	-84.699409	129.324697
07542		9.190095	-1.446049	0.385286	0.153452	0.044639	-0.068789	-0.534912	0.324951	-0.499756	-116.529263	-84.747053	129.168568
07543		9.264700	-1.361085	0.275432	0.208518	0.036678	-0.067003	-0.537109	0.330811	-0.504883	-116.390625	-84.789487	129.153011
07544		9.289059	-1.293167	0.151437	0.265509	0.000698	-0.074450	-0.540039	0.321045	-0.503418	-116.339212	-84.828769	129.256702
07545		9.274119	-1.321313	0.027903	0.283162	-0.032088	-0.072742	-0.546387	0.320557	-0.506836	-116.564580	-84.856596	129.649573
07546		9.224225	-1.392067	-0.090210	0.295740	-0.036226	-0.065112	-0.538574	0.326416	-0.512207	-116.683191	-84.881565	129.941320
07547		9.076024	-1.423635	-0.200875	0.303942	-0.004927	-0.062664	-0.544434	0.322754	-0.505615	-116.717418	-84.911072	130.154210
07548		8.987301	-1.496073	-0.252137	0.305115	0.019907	-0.071839	-0.538086	0.316895	-0.511719	-116.530039	-84.953870	130.144092
07549		8.947493	-1.564195	-0.213810	0.307277	0.016828	-0.097893	-0.546387	0.309082	-0.505127	-116.540662	-85.007059	130.335178
07550		8.971406	-1.580323	-0.165089	0.308106	0.005387	-0.124499	-0.542725	0.314209	-0.504150	-116.592627	-85.073070	130.566970
07551		9.009834	-1.416397	-0.186917	0.319650	-0.009825	-0.159068	-0.546875	0.312256	-0.510742	-116.947877	-85.150606	131.111018
07552		9.128304	-1.272110	-0.362387	0.298787	-0.023938	-0.185866	-0.544434	0.305420	-0.511963	-117.390270	-85.239967	131.729142
07553		9.303327	-1.109268	-0.504297	0.296982	-0.029905	-0.213560	-0.546143	0.302490	-0.517090	-118.094893	-85.338985	132.610573
07554		9.461967	-1.002893	-0.492635	0.292220	-0.014638	-0.226483	-0.549805	0.290039	-0.510742	-118.671430	-85.450204	133.359270
07555		9.498530	-0.941020	-0.498480	0.287693	-0.002836	-0.230068	-0.542236	0.291260	-0.524170	-119.337321	-85.563395	134.196241
07556		9.538081	-0.934306	-0.482035	0.306715	-0.006453	-0.230977	-0.540771	0.294189	-0.519287	-119.940666	-85.677811	134.979875
07557		9.489218	-0.898685	-0.541640	0.319305	-0.023565	-0.224638	-0.552490	0.292969	-0.519287	-120.783931	-85.780730	136.012628
07558		9.453224	-1.005549	-0.688667	0.333974	-0.058188	-0.225073	-0.549805	0.290527	-0.519775	-121.779978	-85.875088	137.205411
07559		9.350937	-1.044798	-0.765304	0.354560	-0.080356	-0.233740	-0.553711	0.286133	-0.523438	-123.126948	-85.962076	138.763151
07560		9.268489	-1.162200	-0.800267	0.356650	-0.101202	-0.247426	-0.552979	0.282227	-0.527100	-124.619982	-86.049267	140.466842
07561		9.345369	-1.364864	-0.705210	0.325463	-0.099995	-0.257871	-0.555908	0.278809	-0.522461	-126.369799	-86.134977	142.411329
07562		9.403479	-1.488070	-0.650889	0.283976	-0.057324	-0.257302	-0.552734	0.279785	-0.525879	-127.806938	-86.234960	144.016840
07563		9.482387	-1.567901	-0.648809	0.250359	-0.023243	-0.250863	-0.555420	0.269531	-0.526855	-129.199273	-86.337830	145.559530
07564		9.620105	-1.530080	-0.736140	0.250454	-0.009053	-0.250391	-0.561523	0.259521	-0.526123	-130.445346	-86.447149	146.953889
07565		9.698991	-1.402626	-0.881755	0.284488	-0.021878	-0.247305	-0.560059	0.261963	-0.530029	-131.956030	-86.544185	148.634387
07566		9.664207	-1.205029	-0.918650	0.324785	-0.023764	-0.251177	-0.564697	0.248535	-0.525879	-133.442536	-86.643451	150.311888
07567		9.593467	-1.017604	-0.997187	0.356618	-0.027107	-0.260055	-0.566162	0.252686	-0.525635	-135.225406	-86.737863	152.306081
07568		9.482367	-0.838515	-0.938156	0.401862	-0.030757	-0.262887	-0.564941	0.255371	-0.527100	-137.007213	-86.832671	154.323195
07569		9.382449	-0.713619	-0.831603	0.457897	-0.015955	-0.271386	-0.570313	0.249756	-0.530273	-138.969776	-86.928651	156.555091
07570		9.285110	-0.610477	-0.750094	0.476722	0.004817	-0.277693	-0.567139	0.240234	-0.535156	-140.831102	-87.036774	158.694357
07571		9.237426	-0.645607	-0.908821	0.447187	0.016276	-0.285480	-0.570801	0.237793	-0.536133	-142.985030	-87.143749	161.111291
07572		9.147696	-0.739621	-1.205961	0.415233	0.008762	-0.291139	-0.575684	0.232666	-0.535889	-145.305016	-87.249523	163.674042
07573		9.127052	-0.867100	-1.421327	0.402449	-0.018813	-0.297355	-0.568359	0.233154	-0.535400	-148.198873	-87.332681	166.805656
07574		9.177823	-1.104254	-1.578385	0.411550	-0.039199	-0.299449	-0.570068	0.227295	-0.530518	-151.293296	-87.404230	170.141133
07575		9.215826	-1.305016	-1.629804	0.418389	-0.038001	-0.294488	-0.578613	0.218506	-0.536377	-154.610197	-87.460378	173.705002
07576		9.290936	-1.391756	-1.566294	0.411912	-0.007329	-0.297531	-0.570557	0.216797	-0.541992	-157.845610	-87.530235	177.181413
07577		9.385185	-1.435610	-1.559022	0.355801	-0.001132	-0.314735	-0.572754	0.214111	-0.539551	-161.598837	-87.591017	-178.854239
07578		9.511753	-1.329633	-1.495208	0.273616	-0.051237	-0.358321	-0.577393	0.208252	-0.531494	-166.236898	-87.625162	-174.053643
07579		9.856102	-1.322864	-1.189990	0.150244	-0.091863	-0.408087	-0.575439	0.203369	-0.540527	-171.895026	-87.616806	-168.300809
07580		10.276820	-1.012198	-0.723481	0.038590	-0.069876	-0.451242	-0.586670	0.200439	-0.543945	-178.035064	-87.605720	-162.131816
07581		11.075407	-0.397455	-0.637664	-0.021271	0.018814	-0.448486	-0.585938	0.197021	-0.537109	175.822726	-87.610727	-155.992784
07582		12.036681	0.031522	-0.858867	-0.155819	0.116894	-0.418283	-0.574463	0.201904	-0.543701	169.845805	-87.654072	-150.098709
07583		12.401074	0.311455	-1.123425	-0.145826	0.028378	-0.377799	-0.583740	0.191650	-0.535645	164.588691	-87.621414	-144.917077
07584		12.188415	0.724656	-0.920738	0.154338	-0.262485	-0.332049	-0.586182	0.186035	-0.547119	161.518567	-87.428975	-141.754193
07585		12.176011	1.212551	-0.182957	0.481256	-0.535061	-0.312567	-0.587402	0.185059	-0.531494	160.380619	-87.080264	-140.335211
07586		12.303101	1.450215	1.124108	0.682604	-0.502228	-0.282439	-0.590576	0.181396	-0.536621	159.787370	-86.761490	-139.348009
07587		12.443292	1.320204	2.448533	0.695591	-0.230663	-0.250375	-0.592041	0.174072	-0.528809	158.708730	-86.586645	-137.864654
07588		12.456194	1.163670	2.638596	0.691479	-0.089164	-0.200519	-0.597900	0.168945	-0.537598	157.663039	-86.503594	-136.418719
07589		12.386849	1.137345	1.365519	0.722230	-0.058656	-0.146867	-0.598145	0.159912	-0.538086	157.051495	-86.439805	-135.387742
07590		11.809392	0.909203	0.112518	0.757329	-0.131306	-0.137929	-0.597412	0.152588	-0.542236	156.802206	-86.346872	-134.701766
07591		11.018668	0.100400	0.213410	0.890945	-0.323254	-0.162212	-0.604736	0.149170	-0.532471	157.136725	-86.139697	-134.521752
07592		10.445787	-0.857300	1.355914	0.963186	-0.327908	-0.196457	-0.596436	0.140381	-0.539551	157.242894	-85.930113	-134.073580
07593		10.024088	-1.427610	1.219589	0.714513	-0.131180	-0.229950	-0.596191	0.134277	-0.543457	156.406087	-85.808797	-132.820460
07594		9.385181	-1.678190	0.249736	0.495927	-0.036675	-0.245271	-0.609375	0.131592	-0.542725	155.070821	-85.739308	-131.195367
07595		8.845140	-1.577572	-1.076607	0.590969	0.087723	-0.266335	-0.606934	0.129395	-0.545898	153.298067	-85.717794	-129.074450
07596		8.553219	-1.221614	-1.188150	0.998975	0.257128	-0.252106	-0.596191	0.121826	-0.543701	151.218275	-85.788371	-126.413854
07597		8.457514	-0.745028	-0.776425	1.415852	0.419434	-0.209580	-0.603027	0.112061	-0.546387	148.955462	-85.936635	-123.328108
07598		8.542326	-0.247859	-0.320860	1.724904	0.535969	-0.162275	-0.595703	0.099854	-0.552002	146.415675	-86.153776	-119.790564
07599		8.864446	0.279198	0.100262	1.946617	0.584104	-0.139596	-0.601563	0.078369	-0.563477	143.607774	-86.382135	-115.855327
07600		9.329774	0.894545	0.395195	2.118836	0.633958	-0.129494	-0.588867	0.074219	-0.567383	140.157965	-86.629200	-111.181848
07601		9.790698	1.376774	0.917895	2.245242	0.670795	-0.117749	-0.586182	0.065430	-0.567383	136.066186	-86.870606	-105.791317
07602		10.151616	1.749097	1.673509	2.275531	0.687323	-0.120367	-0.589111	0.039307	-0.586426	130.977726	-87.098357	-99.389249
07603		10.408561	2.072509	2.782170	2.102339	0.586881	-0.160516	-0.581787	0.025879	-0.587891	125.727208	-87.235389	-92.922621
07604		10.347873	2.326951	2.828515	1.826098	0.439909	-0.228078	-0.577637	0.015137	-0.594971	120.779453	-87.269526	-86.920738
07605		10.027310	2.427871	2.031277	1.652409	0.482108	-0.309336	-0.585449	-0.001953	-0.593262	114.928279	-87.242359	-80.111339
07606		9.630680	2.316384	1.644261	1.579784	0.493919	-0.382421	-0.576416	-0.005127	-0.598633	108.674140	-87.147460	-72.942545
07607		9.246534	2.155172	1.699634	1.492952	0.438163	-0.433197	-0.582275	-0.015869	-0.602051	103.508757	-86.979095	-66.910188
07608		9.031700	1.908125	1.719711	1.338453	0.429975	-0.447554	-0.569092	-0.031250	-0.599854	98.801021	-86.776854	-61.426537
07609		8.952211	1.636757	1.370632	1.171815	0.421267	-0.436874	-0.568848	-0.041504	-0.600342	94.864345	-86.557789	-56.806991
07610		8.938345	1.459287	1.077748	1.068483	0.385948	-0.410877	-0.563232	-0.054688	-0.613037	91.586873	-86.335596	-52.908967
07611		9.009110	1.317904	0.884194	0.991241	0.346194	-0.386029	-0.564697	-0.054199	-0.606934	89.142548	-86.116640	-49.886484
07612		9.102599	1.320429	0.567118	0.932707	0.333230	-0.363967	-0.555176	-0.078125	-0.614990	86.937108	-85.901212	-47.139146
07613		9.262180	1.364186	0.377924	0.898815	0.318022	-0.347956	-0.559082	-0.078369	-0.615479	85.179398	-85.690843	-44.856645
07614		9.341650	1.456771	0.320192	0.906232	0.305748	-0.334779	-0.562744	-0.090088	-0.618164	83.588255	-85.481639	-42.739161
07615		9.389872	1.512682	0.477194	0.916959	0.282685	-0.330013	-0.554932	-0.091064	-0.613037	82.422083	-85.275347	-41.038412
07616		9.406205	1.480962	0.600646	0.891779	0.280573	-0.327136	-0.552246	-0.101807	-0.614014	81.279637	-85.065313	-39.378287
07617		9.368114	1.519484	0.674443	0.901900	0.269742	-0.321968	-0.552002	-0.110596	-0.618408	80.409541	-84.859739	-37.982378
07618		9.332392	1.496984	0.497812	0.929678	0.258935	-0.312086	-0.548828	-0.120361	-0.619873	79.611881	-84.655762	-36.645631
07619		9.336593	1.403850	0.402940	0.963198	0.255738	-0.283204	-0.552002	-0.127930	-0.616455	78.978004	-84.470268	-35.450837
07620		9.285322	1.289503	0.358724	1.014253	0.254589	-0.252446	-0.548096	-0.144531	-0.616211	78.325375	-84.297249	-34.210292
07621		9.289697	1.164646	0.365090	1.082350	0.259656	-0.211754	-0.542969	-0.146240	-0.622314	77.764923	-84.148917	-33.019983
07622		9.228406	1.061259	0.316363	1.157317	0.254676	-0.174549	-0.548828	-0.158936	-0.619629	77.199492	-84.016844	-31.784025
07623		9.167937	1.012496	0.262784	1.230682	0.248674	-0.132304	-0.538330	-0.161377	-0.615479	76.762368	-83.912084	-30.631713
07624		9.153552	1.045566	0.263876	1.297798	0.249701	-0.100960	-0.541260	-0.169678	-0.609619	76.278046	-83.819399	-29.395867
07625		9.134749	1.125026	0.176643	1.356408	0.265053	-0.070203	-0.541748	-0.181152	-0.609863	75.800376	-83.744928	-28.129914
07626		9.202631	1.303698	0.180911	1.415586	0.284553	-0.046578	-0.545166	-0.190186	-0.619385	75.185123	-83.674883	-26.694046
07627		9.220664	1.493163	0.330709	1.470425	0.291857	-0.024892	-0.538086	-0.208008	-0.609131	74.619402	-83.618771	-25.273438
07628		9.370323	1.645740	0.476574	1.473145	0.308608	-0.009358	-0.532471	-0.204590	-0.613037	73.910082	-83.561953	-23.709332
07629		9.425571	1.899584	0.388307	1.489508	0.316351	0.006846	-0.525635	-0.219238	-0.619385	73.226711	-83.515670	-22.159018
07630		9.423064	2.081434	0.415509	1.519011	0.349462	0.029952	-0.528320	-0.235840	-0.612305	72.328348	-83.468680	-20.377813
07631		9.299928	2.286912	0.504300	1.559482	0.335293	0.039244	-0.529785	-0.243652	-0.618164	71.578079	-83.431786	-18.719532
07632		9.287907	2.421240	0.397834	1.579576	0.259196	0.049255	-0.529785	-0.252930	-0.616211	71.141351	-83.406553	-17.367726
07633		9.149945	2.427432	0.277132	1.610860	0.195536	0.053906	-0.532715	-0.255127	-0.607178	71.068807	-83.400744	-16.361897
07634		9.054043	2.361362	0.360173	1.617814	0.200396	0.062231	-0.531494	-0.270752	-0.604736	70.916947	-83.392238	-15.274623
07635		9.042675	2.320551	0.345549	1.580171	0.218981	0.073598	-0.521973	-0.284912	-0.603516	70.687311	-83.392057	-14.128329
07636		8.986176	2.248112	0.336969	1.539836	0.228547	0.085002	-0.525146	-0.284912	-0.593506	70.326236	-83.389144	-12.875287
07637		9.031109	2.250212	0.242209	1.488766	0.202956	0.106485	-0.521484	-0.294922	-0.602051	70.062632	-83.408405	-11.747535
07638		9.035313	2.290943	0.147941	1.464076	0.172177	0.118915	-0.523926	-0.321289	-0.593750	69.860681	-83.433215	-10.698322
07639		9.035276	2.377790	0.071621	1.449872	0.139481	0.132431	-0.524414	-0.315674	-0.592041	69.816885	-83.478160	-9.814379
07640		9.080057	2.418150	0.161688	1.444560	0.103630	0.142084	-0.527588	-0.316162	-0.586670	69.876421	-83.528511	-9.039637
07641		9.112157	2.503378	0.136925	1.423525	0.072373	0.152576	-0.515625	-0.328125	-0.577148	70.088952	-83.597716	-8.429028
07642		9.138418	2.608067	0.052449	1.400978	0.059689	0.159538	-0.524658	-0.342285	-0.585938	70.295316	-83.666320	-7.827215
07643		9.111347	2.714026	-0.028633	1.398924	0.043181	0.164998	-0.525635	-0.351807	-0.574463	70.606214	-83.748385	-7.329921
07644		9.064486	2.789229	-0.005644	1.403018	0.021299	0.170180	-0.519043	-0.351318	-0.567627	70.980676	-83.830459	-6.896061
07645		8.935728	2.828115	-0.000700	1.405255	0.000307	0.169187	-0.526855	-0.359375	-0.560547	71.501632	-83.923440	-6.606541
07646		8.865591	2.811621	-0.021384	1.404727	0.011923	0.173730	-0.525146	-0.362549	-0.561523	71.922299	-84.009638	-6.218158
07647		8.774661	2.789204	-0.030106	1.401077	0.011094	0.191064	-0.530029	-0.369141	-0.550537	72.352351	-84.113125	-5.839750
07648		8.814943	2.797062	0.008493	1.420597	0.018752	0.214493	-0.527832	-0.384521	-0.544678	72.678781	-84.220757	-5.347496
07649		8.923010	2.837447	0.028502	1.439381	0.042896	0.240648	-0.528320	-0.394775	-0.543701	72.869658	-84.346413	-4.706810
07650		9.120562	2.899216	0.118483	1.443020	0.081560	0.264376	-0.528320	-0.400391	-0.543213	72.759467	-84.470748	-3.763003
07651		9.286093	2.971345	0.204739	1.432081	0.099706	0.277487	-0.528564	-0.396484	-0.527344	72.522300	-84.606694	-2.696802
07652		9.444584	2.993767	0.361606	1.407154	0.092198	0.290161	-0.523193	-0.406250	-0.529053	72.227476	-84.742320	-1.588474
07653		9.539615	2.944309	0.426606	1.352795	0.068579	0.302086	-0.520996	-0.416260	-0.529541	72.012963	-84.896226	-0.591121
07654		9.578248	2.785947	0.406074	1.244611	0.047668	0.313633	-0.533203	-0.422607	-0.516602	71.777749	-85.051465	0.363476
07655		9.527765	2.607498	0.221881	1.127521	0.013905	0.316405	-0.533691	-0.423340	-0.517578	71.675939	-85.222361	1.117694
07656		9.432303	2.442006	0.120061	1.013878	-0.005452	0.320653	-0.531250	-0.427979	-0.508789	71.571540	-85.390427	1.808029
07657		9.294846	2.123392	0.314879	0.925877	-0.048731	0.340651	-0.531738	-0.432373	-0.509521	71.667455	-85.585701	2.247636
07658		9.329616	1.701077	-0.166826	0.790155	-0.094115	0.373295	-0.535400	-0.428223	-0.505127	71.897654	-85.798322	2.473605
07659		9.367270	1.602653	-0.804982	0.676601	-0.058968	0.403906	-0.544434	-0.435547	-0.496338	71.733903	-86.029977	3.030106
07660		9.321815	1.644225	-0.895015	0.654773	-0.053608	0.420963	-0.536133	-0.435547	-0.498047	71.396612	-86.261076	3.747102
07661		9.401513	1.896912	-0.565862	0.717397	-0.055569	0.414919	-0.541504	-0.438965	-0.486328	71.086822	-86.497673	4.473050
07662		9.575190	2.129922	-0.282096	0.731957	-0.026899	0.401019	-0.540283	-0.437744	-0.486816	70.467680	-86.712225	5.516477
07663		9.594917	2.235455	-0.404229	0.709437	-0.014877	0.380578	-0.549561	-0.444824	-0.487061	69.693857	-86.921408	6.702276
07664		9.652772	2.324312	-0.564766	0.708765	-0.052607	0.360449	-0.552490	-0.432861	-0.481201	69.249021	-87.117797	7.557563
07665		9.759351	2.173269	-0.327317	0.710435	-0.090251	0.336364	-0.548828	-0.443848	-0.469971	69.258554	-87.317607	7.959224
07666		10.025343	1.734422	-0.093470	0.698417	-0.092574	0.317011	-0.548096	-0.433838	-0.472900	69.340005	-87.498573	8.281591
07667		10.442721	1.243565	-0.284090	0.727275	-0.050593	0.287629	-0.550781	-0.442139	-0.464111	69.024986	-87.664184	9.017634
07668		10.749017	0.822691	-0.547752	0.772139	0.005913	0.246327	-0.552979	-0.442139	-0.474121	68.100817	-87.786609	10.388691
07669		10.852987	0.696576	-0.677331	0.831840	0.075126	0.184759	-0.553223	-0.448486	-0.464355	66.466221	-87.868926	12.505087
07670		10.758153	0.770985	-0.486985	0.921231	0.117225	0.100776	-0.550781	-0.458984	-0.458740	64.729286	-87.886153	14.774913
07671		10.448614	0.952199	-0.268631	1.031279	0.180965	0.021767	-0.547363	-0.452393	-0.456543	62.684213	-87.852696	17.416361
07672		10.192068	1.056068	-0.008215	1.130571	0.250015	-0.036855	-0.547119	-0.461182	-0.446533	60.357815	-87.758355	20.396318
07673		9.951289	1.411401	0.552041	1.217345	0.328464	-0.073724	-0.552490	-0.473145	-0.443848	57.600888	-87.626429	23.857207
07674		10.047482	1.684055	1.689887	1.060835	0.594883	-0.076173	-0.539795	-0.472900	-0.453857	52.434754	-87.387802	29.640300
07675		9.563737	1.647254	0.948627	1.097979	0.427314	-0.047184	-0.544922	-0.484375	-0.437988	49.397293	-87.213702	33.314598
07676		9.603157	1.706036	-0.116269	1.376800	-0.255981	0.000957	-0.543457	-0.483887	-0.430420	52.634388	-87.299434	30.867249
07677		10.588009	1.847932	0.809481	1.361658	-0.582420	0.033936	-0.537109	-0.489258	-0.419189	59.276455	-87.503956	25.003020
07678		11.035724	1.727136	1.993132	1.074638	-0.369527	0.032625	-0.548340	-0.497314	-0.422607	64.117345	-87.613352	20.777683
07679		10.808297	1.340967	1.127834	0.890632	-0.214727	0.013910	-0.548096	-0.498535	-0.410156	67.284128	-87.672547	18.122621
07680		10.416785	0.832673	0.089758	0.905198	-0.401318	-0.019201	-0.550293	-0.499756	-0.403564	73.328754	-87.731867	12.595732
07681		9.942329	0.720779	0.640904	0.772977	-0.455458	-0.064129	-0.554199	-0.507568	-0.397705	80.457380	-87.756500	5.908492
07682		9.538295	0.892909	1.207467	0.464497	-0.380001	-0.074513	-0.552490	-0.515381	-0.398438	86.333593	-87.731142	0.297526
07683		8.968408	0.853781	0.858377	0.294580	-0.385641	-0.051097	-0.556885	-0.508057	-0.389404	92.084534	-87.705937	-5.285380
07684		8.613856	0.783374	0.745384	0.260694	-0.357247	-0.026042	-0.555908	-0.514160	-0.394043	97.209618	-87.666716	-10.261827
07685		8.484342	0.538350	1.130880	0.215415	-0.249595	0.000764	-0.557373	-0.507568	-0.384766	100.813826	-87.645632	-13.741849
07686		8.742206	0.146651	1.080342	0.158602	-0.187553	0.037515	-0.556152	-0.512207	-0.375244	103.495217	-87.636649	-16.331347
07687		9.556115	-0.351728	0.878250	0.181923	-0.142594	0.113060	-0.553955	-0.519043	-0.371338	105.964157	-87.679325	-18.694354
07688		10.517915	-0.940815	0.891532	0.227876	-0.071813	0.189785	-0.555908	-0.522217	-0.370605	107.789843	-87.764476	-20.387701
07689		11.433224	-1.469567	1.125538	0.277261	0.009839	0.242566	-0.557617	-0.504883	-0.374023	108.998947	-87.898860	-21.435023
07690		12.159951	-1.811453	1.476108	0.349849	0.035127	0.256388	-0.563477	-0.510254	-0.377930	109.936885	-88.037515	-22.169952
07691		12.758997	-1.868667	1.299910	0.566164	-0.140030	0.256567	-0.560547	-0.517334	-0.366455	114.187907	-88.144326	-26.095090
07692		12.286982	-2.333286	1.442442	0.612075	-0.233754	0.289133	-0.567627	-0.515625	-0.369629	120.549834	-88.224317	-32.106462
07693		11.741519	-2.256308	1.519330	0.631719	-0.143482	0.333982	-0.566895	-0.514404	-0.360107	126.776101	-88.338567	-37.969739
07694		11.011622	-2.220569	1.204966	0.668210	-0.152923	0.397730	-0.565186	-0.511719	-0.353760	134.633927	-88.450282	-45.444924
07695		10.287886	-2.165956	0.808766	0.717246	-0.140940	0.459759	-0.572510	-0.515137	-0.353760	144.811079	-88.559404	-55.210757
07696		9.717834	-1.968369	0.848252	0.785063	-0.052109	0.504282	-0.564209	-0.514648	-0.339844	156.026965	-88.674781	-65.977347
07697		9.349381	-1.770044	0.987697	0.851600	-0.035052	0.537491	-0.582031	-0.518311	-0.346191	169.944745	-88.745681	-79.406892
07698		9.157125	-1.577074	1.083783	0.897605	-0.039456	0.561217	-0.578125	-0.514648	-0.344971	-175.115006	-88.738922	-93.833764
07699		9.130106	-1.453032	1.174460	0.895717	-0.054789	0.580152	-0.587158	-0.507080	-0.327148	-160.627774	-88.636598	-107.807738
07700		9.043735	-1.298685	1.011124	0.863354	-0.056285	0.594820	-0.592041	-0.509766	-0.330566	-148.675760	-88.464854	-119.266273
07701		9.004957	-1.184930	0.834571	0.831362	-0.038414	0.615894	-0.587646	-0.514160	-0.325928	-138.747986	-88.236199	-128.717918
07702		8.883771	-1.121372	0.625093	0.781211	-0.012664	0.624782	-0.589355	-0.508301	-0.314697	-130.897803	-87.982123	-136.122117
07703		8.704196	-1.068273	0.415395	0.757112	0.013367	0.619851	-0.592041	-0.501953	-0.308594	-124.529117	-87.704155	-142.057518
07704		8.654145	-1.014383	0.374572	0.712459	0.088860	0.600478	-0.598633	-0.513916	-0.301514	-118.867435	-87.443831	-147.313309
07705		8.690478	-1.027076	0.643900	0.688263	0.106351	0.558886	-0.595459	-0.496094	-0.312988	-114.261059	-87.183191	-151.526283
07706		8.746794	-1.024971	0.847924	0.657598	0.105161	0.509352	-0.599365	-0.503906	-0.308350	-110.637964	-86.942414	-154.774491
07707		8.876383	-1.010064	0.784132	0.655359	0.106454	0.458391	-0.597900	-0.500488	-0.300537	-107.672163	-86.713018	-157.365089
07708		8.993801	-1.035633	0.564404	0.682192	0.056120	0.409656	-0.599365	-0.509277	-0.295654	-105.625439	-86.503336	-159.021505
07709		9.083921	-1.079750	0.348336	0.664954	0.009489	0.372958	-0.602051	-0.499023	-0.293457	-104.289135	-86.297067	-159.975027
07710		9.045762	-1.149767	0.216047	0.660953	0.020991	0.335132	-0.604736	-0.499268	-0.300781	-103.043540	-86.119246	-160.841492
07711		8.955379	-1.230906	0.394308	0.654120	0.031038	0.295531	-0.610107	-0.499023	-0.294189	-101.895037	-85.956557	-161.613383
07712		8.926350	-1.207295	0.491497	0.662460	0.035793	0.255872	-0.605225	-0.501221	-0.288574	-100.825177	-85.822684	-162.303134
07713		9.032148	-1.215726	0.537884	0.671299	0.054684	0.214473	-0.609131	-0.501953	-0.284424	-99.733095	-85.706192	-163.008846
07714		9.279819	-1.217689	0.431477	0.690413	0.080449	0.182606	-0.609375	-0.506348	-0.275146	-98.507961	-85.615916	-163.838475
07715		9.453503	-1.184088	0.431904	0.706214	0.076244	0.154743	-0.607666	-0.500977	-0.279541	-97.391010	-85.533005	-164.549242
07716		9.611798	-1.185997	0.369516	0.715545	0.042621	0.127395	-0.617920	-0.505127	-0.269531	-96.547279	-85.469142	-164.982038
07717		9.733733	-1.203956	0.147483	0.703868	0.015294	0.107272	-0.609131	-0.500977	-0.271729	-95.956214	-85.407877	-165.166731
07718		9.691060	-1.186587	0.072470	0.680226	0.008461	0.090189	-0.602539	-0.515381	-0.261963	-95.429518	-85.362481	-165.301838
07719		9.573377	-1.233471	0.097721	0.647963	-0.002429	0.068028	-0.601563	-0.510986	-0.270996	-95.036989	-85.322431	-165.319499
07720		9.477548	-1.186836	0.166072	0.616618	-0.019094	0.048425	-0.616455	-0.505859	-0.257568	-94.774099	-85.299314	-165.226494
07721		9.409363	-1.204743	0.059745	0.589451	-0.020629	0.027056	-0.602783	-0.504883	-0.252930	-94.569421	-85.281799	-165.089308
07722		9.377952	-1.182071	-0.053731	0.552113	-0.027429	0.008793	-0.613525	-0.510986	-0.258545	-94.424914	-85.280933	-164.914600
07723		9.344545	-1.142038	-0.078326	0.512718	-0.022841	-0.002268	-0.615234	-0.519531	-0.247314	-94.295838	-85.280136	-164.745667
07724		9.246968	-1.048509	-0.141496	0.480608	-0.013203	-0.023739	-0.606445	-0.509033	-0.244629	-94.111478	-85.298462	-164.652049
07725		9.130252	-1.074522	-0.228414	0.464596	-0.023209	-0.045329	-0.606934	-0.517334	-0.242920	-94.035026	-85.322329	-164.457987
07726		8.986220	-1.017724	-0.253318	0.458278	-0.026258	-0.068682	-0.601318	-0.513184	-0.246582	-93.978536	-85.365785	-164.248901
07727		8.883511	-0.971488	-0.303184	0.454814	-0.053484	-0.092506	-0.609619	-0.517822	-0.244385	-94.149392	-85.415388	-163.812374
07728		8.814121	-0.959378	-0.379614	0.443676	-0.053560	-0.109901	-0.608643	-0.524170	-0.233887	-94.327306	-85.481112	-163.376547
07729		8.837957	-0.980830	-0.425694	0.447566	-0.038393	-0.126390	-0.606689	-0.530029	-0.231445	-94.426931	-85.550541	-163.015711
07730		8.953227	-1.015167	-0.350746	0.448326	-0.011612	-0.140120	-0.599854	-0.525391	-0.230469	-94.326140	-85.635218	-162.856800
07731		9.043559	-1.099840	-0.134825	0.433400	0.005515	-0.151916	-0.610107	-0.524658	-0.236084	-94.127317	-85.721159	-162.803481
07732		9.198402	-1.117364	-0.044723	0.424184	0.010581	-0.164900	-0.598877	-0.529297	-0.228760	-93.882641	-85.820894	-162.802735
07733		9.247564	-1.072947	0.081562	0.397660	-0.012512	-0.184647	-0.597656	-0.539551	-0.224854	-93.859781	-85.924872	-162.593539
07734		9.267578	-1.032805	0.050525	0.378960	-0.062876	-0.210352	-0.596436	-0.536133	-0.222656	-94.267856	-86.047530	-161.964412
07735		9.198712	-1.005085	-0.139456	0.347257	-0.124805	-0.226772	-0.605713	-0.543457	-0.216309	-95.282830	-86.169960	-160.743991
07736		9.155507	-1.036136	-0.359428	0.305065	-0.163465	-0.245765	-0.596191	-0.537109	-0.214844	-96.743053	-86.305125	-159.103072
07737		9.034740	-1.095354	-0.550026	0.280227	-0.189515	-0.247887	-0.592041	-0.536621	-0.208984	-98.583332	-86.430286	-157.094532
07738		8.973676	-1.151902	-0.687640	0.282950	-0.204073	-0.250409	-0.593262	-0.542725	-0.203125	-100.695161	-86.557010	-154.813932
07739		8.971027	-1.280884	-0.784141	0.284567	-0.176801	-0.251352	-0.592773	-0.547852	-0.202393	-102.710785	-86.676320	-152.627784
07740		9.050851	-1.413891	-0.779999	0.286491	-0.138853	-0.252962	-0.581299	-0.548828	-0.200928	-104.511037	-86.803156	-150.657775
07741		9.119394	-1.518656	-0.705382	0.300405	-0.110467	-0.259260	-0.599609	-0.548584	-0.195313	-106.177523	-86.928453	-148.812741
07742		9.282407	-1.650013	-0.653162	0.290249	-0.104260	-0.276534	-0.593994	-0.554688	-0.194336	-108.003598	-87.066826	-146.815156
07743		9.455183	-1.701668	-0.729090	0.287616	-0.100704	-0.289067	-0.591064	-0.556885	-0.197021	-110.012288	-87.203398	-144.635282
07744		9.598699	-1.667266	-0.747521	0.303344	-0.106985	-0.298773	-0.594727	-0.560303	-0.193115	-112.363978	-87.345081	-142.104413
07745		9.666092	-1.659823	-0.732768	0.333295	-0.111946	-0.310818	-0.587402	-0.561035	-0.191650	-115.062207	-87.481094	-139.208603
07746		9.632209	-1.469919	-0.581361	0.349404	-0.121061	-0.312829	-0.585205	-0.562012	-0.186523	-118.224947	-87.614098	-135.840025
07747		9.457197	-1.259717	-0.746429	0.394692	-0.169623	-0.328244	-0.582275	-0.561768	-0.177246	-122.396053	-87.726178	-131.435471
07748		9.439873	-1.046496	-0.943344	0.427990	-0.233969	-0.342261	-0.581543	-0.565918	-0.180664	-127.922942	-87.812784	-125.656397
07749		9.341329	-0.862469	-1.220329	0.465961	-0.264248	-0.352651	-0.570801	-0.573486	-0.167480	-134.195811	-87.864446	-119.108233
07750		9.232815	-0.652285	-1.272161	0.509870	-0.316537	-0.362938	-0.582764	-0.577881	-0.170654	-141.399467	-87.872402	-111.604616
07751		9.303408	-0.568404	-1.300989	0.473253	-0.317228	-0.382542	-0.587158	-0.581543	-0.170410	-148.714299	-87.847618	-104.009678
07752		9.360138	-0.676331	-1.152637	0.341538	-0.272920	-0.415971	-0.571045	-0.585449	-0.158203	-156.117120	-87.820887	-96.403039
07753		9.734879	-0.836879	-0.924242	0.153466	-0.199754	-0.438750	-0.577393	-0.588135	-0.160889	-163.217371	-87.799735	-89.205947
07754		10.361093	-0.977473	-0.512192	0.005816	-0.054904	-0.433162	-0.566406	-0.589111	-0.152832	-169.828335	-87.827542	-82.584074
07755		11.131295	-0.878455	-0.356603	-0.113921	0.108917	-0.410808	-0.572021	-0.595215	-0.151855	-175.947530	-87.917781	-76.522313
07756		11.769564	-0.420126	-0.691769	-0.354227	0.118834	-0.437334	-0.570557	-0.596924	-0.152588	176.748617	-87.987386	-69.414099
07757		12.080531	-0.145107	-1.111809	-0.497606	-0.130425	-0.478125	-0.569824	-0.599121	-0.157227	169.212949	-87.878825	-62.155162
07758		12.003351	0.063673	-1.092214	-0.437799	-0.496053	-0.495919	-0.566895	-0.586670	-0.160645	163.645909	-87.534246	-56.831902
07759		12.143751	0.300479	-0.189834	-0.308455	-0.756794	-0.498054	-0.560303	-0.603271	-0.156494	160.581568	-87.033316	-53.937400
07760		12.293471	0.507032	1.147957	-0.209957	-0.691689	-0.430830	-0.559570	-0.601318	-0.147217	158.728892	-86.574221	-52.199553
07761		12.511370	0.731501	2.001894	-0.191786	-0.367791	-0.302734	-0.555664	-0.595215	-0.141602	157.323641	-86.313498	-50.898014
07762		12.594166	0.937222	1.692853	-0.207698	-0.169723	-0.158873	-0.547119	-0.596436	-0.143066	156.462549	-86.186785	-50.151786
07763		12.192721	0.835894	0.751571	-0.166680	-0.272483	-0.043518	-0.555908	-0.604980	-0.148193	156.960507	-86.033170	-50.742935
07764		11.246845	0.628191	0.373384	-0.030188	-0.551094	0.003385	-0.558105	-0.597168	-0.137207	158.584685	-85.740298	-52.386302
07765		10.153567	0.254539	0.327971	0.065494	-0.716203	-0.026540	-0.552734	-0.601074	-0.143311	160.308638	-85.350269	-54.074148
07766		9.244925	-0.330124	0.529828	0.092970	-0.566294	-0.101889	-0.552002	-0.598633	-0.121826	160.947427	-85.023807	-54.659546
07767		8.592973	-1.014027	0.965659	0.071222	-0.358586	-0.198179	-0.562012	-0.600586	-0.131592	160.562881	-84.791962	-54.228823
07768		8.184087	-1.550071	1.091142	-0.058321	-0.283612	-0.266387	-0.557861	-0.602539	-0.132813	159.548473	-84.586297	-53.241557
07769		7.993455	-1.763776	0.610048	-0.275701	-0.276414	-0.306519	-0.554199	-0.605713	-0.138672	158.300753	-84.374952	-52.143041
07770		7.858582	-1.614345	-0.098894	-0.452289	-0.406110	-0.313167	-0.553711	-0.612061	-0.133789	157.239668	-84.090967	-51.335108
07771		7.861624	-1.170929	-1.632831	-0.262558	-0.139173	-0.272301	-0.547607	-0.611816	-0.127197	156.039088	-83.955543	-50.275534
07772		8.013866	-0.707764	-1.323304	0.103803	0.110202	-0.203290	-0.547607	-0.603027	-0.130127	154.824079	-83.963788	-48.991988
07773		8.240480	-0.291118	-0.416700	0.420959	0.132009	-0.142366	-0.551514	-0.608887	-0.128662	154.074000	-83.996543	-47.991531
07774		8.813252	0.276291	0.206632	0.553611	0.202389	-0.099750	-0.544434	-0.605957	-0.123291	153.385150	-84.074396	-46.978020
07775		9.273197	0.768039	0.690744	0.593163	0.315274	-0.042767	-0.537842	-0.610596	-0.123535	152.729473	-84.224060	-45.973584
07776		9.906952	1.296322	1.074571	0.631430	0.359063	0.019664	-0.545410	-0.609131	-0.120605	152.210075	-84.410883	-45.086153
07777		10.506930	1.767734	1.986764	0.625686	0.341565	0.093436	-0.547607	-0.614990	-0.120605	152.127800	-84.608692	-44.639668
07778		11.032437	2.225830	2.732493	0.460576	0.202225	0.144869	-0.535889	-0.616943	-0.114258	152.573625	-84.749161	-44.820697
07779		11.092500	2.469501	2.414492	0.280846	0.109002	0.167162	-0.539551	-0.614746	-0.116943	153.378049	-84.848045	-45.463182
07780		10.679944	2.470150	1.700284	0.099410	0.108601	0.139142	-0.540771	-0.612793	-0.123535	153.889430	-84.938829	-45.918054
07781		10.179811	2.317720	0.986503	-0.054044	-0.144964	0.061828	-0.543701	-0.616699	-0.122314	154.639700	-84.879092	-46.698698
07782		9.787002	1.971846	0.887195	-0.171279	-0.269867	-0.017256	-0.544189	-0.610596	-0.116699	155.126941	-84.734734	-47.285357
07783		9.644500	1.538180	1.083328	-0.318644	-0.239536	-0.088002	-0.545166	-0.602783	-0.112061	155.090592	-84.588699	-47.428527
07784		9.690531	1.128837	0.828422	-0.477255	-0.173518	-0.148015	-0.539795	-0.616211	-0.124756	154.420926	-84.462595	-47.029564
07785		9.844589	0.972151	0.336084	-0.564685	-0.101466	-0.205259	-0.537109	-0.617188	-0.117920	153.297268	-84.358300	-46.221936
07786		9.939320	0.841395	0.025722	-0.582082	-0.118607	-0.239894	-0.536865	-0.617920	-0.121582	152.016153	-84.234813	-45.268839
07787		10.056950	0.690065	-0.105506	-0.554952	-0.163465	-0.258560	-0.534424	-0.608887	-0.112793	150.880325	-84.081501	-44.443016
07788		10.082325	0.487341	-0.047377	-0.505164	-0.179442	-0.256132	-0.535400	-0.614502	-0.126221	149.825140	-83.919530	-43.672370
07789		9.948752	0.489565	-0.215710	-0.469559	-0.194292	-0.256466	-0.536133	-0.612061	-0.127930	148.926397	-83.748693	-43.035311
07790		9.730966	0.483693	-0.419530	-0.410856	-0.179414	-0.245843	-0.534424	-0.618896	-0.128662	148.058773	-83.587409	-42.398614
07791		9.476133	0.533577	-0.649585	-0.340456	-0.167115	-0.225227	-0.530029	-0.616455	-0.128906	147.369399	-83.437384	-41.897429
07792		9.288170	0.591663	-0.687319	-0.259616	-0.164392	-0.196748	-0.524658	-0.617188	-0.134766	146.814536	-83.297011	-41.488028
07793		9.188907	0.577941	-0.614023	-0.184237	-0.143369	-0.158283	-0.526123	-0.614502	-0.129395	146.465953	-83.178409	-41.239607
07794		9.148827	0.622087	-0.421250	-0.133562	-0.093967	-0.120741	-0.529785	-0.617676	-0.126709	146.128472	-83.095169	-40.976245
07795		9.167938	0.751010	-0.249484	-0.128492	-0.044180	-0.092353	-0.529785	-0.623291	-0.127930	145.825144	-83.044474	-40.741150
07796		9.134075	0.765253	-0.258343	-0.150441	-0.014907	-0.072467	-0.519287	-0.622070	-0.127197	145.467415	-83.013949	-40.467121
07797		9.093757	0.853332	-0.251064	-0.150866	-0.005242	-0.053925	-0.524414	-0.612549	-0.135254	145.202301	-82.993813	-40.283408
07798		9.087991	0.908138	-0.182188	-0.138883	-0.007943	-0.050767	-0.524658	-0.613770	-0.125000	144.919520	-82.973405	-40.078248
07799		8.967858	0.935271	-0.188983	-0.146945	0.010571	-0.045467	-0.521729	-0.616211	-0.118896	144.648900	-82.963251	-39.886711
07800		8.950405	0.993352	-0.224634	-0.190222	0.053124	-0.048095	-0.525635	-0.624268	-0.135986	144.183711	-82.971972	-39.527449
07801		8.931695	1.077769	-0.309473	-0.222329	0.100137	-0.044780	-0.517578	-0.620361	-0.123779	143.627464	-83.003159	-39.091657
07802		8.922183	1.210004	-0.389123	-0.238957	0.132034	-0.034127	-0.518311	-0.613281	-0.130859	142.960969	-83.052096	-38.557810
07803		8.966099	1.256601	-0.452965	-0.257755	0.152410	-0.011954	-0.519531	-0.616455	-0.132568	142.346254	-83.117332	-38.083658
07804		9.038670	1.242432	-0.367429	-0.274333	0.146540	0.014177	-0.523682	-0.621826	-0.128906	141.779772	-83.188457	-37.671119
07805		9.098754	1.182431	-0.426548	-0.295417	0.123832	0.045423	-0.510742	-0.612305	-0.142822	141.426148	-83.260222	-37.481764
07806		9.089501	1.082082	-0.449423	-0.292874	0.110841	0.073519	-0.514893	-0.617676	-0.142822	141.166147	-83.336011	-37.388654
07807		9.071547	0.988285	-0.672475	-0.286800	0.055541	0.103180	-0.528564	-0.613770	-0.142090	141.241692	-83.397856	-37.626445
07808		9.079281	0.886829	-0.859483	-0.289697	0.013234	0.129200	-0.520996	-0.607422	-0.147461	141.501362	-83.449919	-38.054638
07809		8.939952	0.766620	-1.134901	-0.336879	-0.000214	0.145763	-0.525391	-0.618408	-0.147705	141.897403	-83.501578	-38.643843
07810		8.785904	0.663964	-1.166656	-0.368863	0.007449	0.157810	-0.520752	-0.610840	-0.144775	142.256640	-83.560505	-39.217751
07811		8.621863	0.659377	-1.151503	-0.304491	-0.094849	0.173273	-0.520752	-0.603271	-0.157471	143.090401	-83.577459	-40.228664
07812		8.515300	0.596368	-1.222712	-0.288106	-0.232228	0.186006	-0.521729	-0.611572	-0.147217	144.347984	-83.533368	-41.659979
07813		8.464601	0.603494	-1.404843	-0.414921	-0.112270	0.202924	-0.527832	-0.597168	-0.144531	145.292361	-83.547698	-42.845946
07814		8.408626	0.653593	-1.417285	-0.482989	0.018935	0.223915	-0.528320	-0.602783	-0.150879	145.868302	-83.629406	-43.703521
07815		8.352169	0.697000	-1.335934	-0.429830	0.015685	0.244343	-0.526123	-0.600586	-0.160156	146.642380	-83.714537	-44.726436
07816		8.350892	0.640200	-1.106335	-0.338718	-0.042770	0.276078	-0.519775	-0.596924	-0.155518	147.748035	-83.779976	-46.033381
07817		8.580696	0.521158	-1.096603	-0.293298	-0.045433	0.304435	-0.530762	-0.594727	-0.152588	149.092759	-83.848987	-47.551319
07818		8.846470	0.432652	-1.304837	-0.304930	0.045935	0.320888	-0.529785	-0.600586	-0.158936	150.244825	-83.965065	-48.885007
07819		9.238072	0.311594	-1.441086	-0.325669	0.194223	0.322661	-0.532471	-0.594482	-0.169678	151.099540	-84.152427	-49.928248
07820		9.637628	0.193694	-1.332528	-0.266541	0.318274	0.310803	-0.528564	-0.590332	-0.166504	151.596536	-84.398450	-50.580482
07821		9.929849	0.285176	-1.071800	-0.104511	0.353375	0.288623	-0.524902	-0.589111	-0.170410	152.078197	-84.654760	-51.120815
07822		10.165295	0.369421	-0.894004	0.056120	0.300665	0.267428	-0.534668	-0.590820	-0.160889	152.680858	-84.879093	-51.692875
07823		10.312164	0.306077	-0.817728	0.116477	0.229358	0.242442	-0.538330	-0.587402	-0.173096	153.497482	-85.058880	-52.441978
07824		10.421015	0.107123	-0.811718	0.100110	0.208864	0.232121	-0.530762	-0.583984	-0.167236	154.298116	-85.225609	-53.187041
07825		10.482959	0.042388	-0.775989	0.080789	0.231041	0.228063	-0.528809	-0.583008	-0.168457	155.115065	-85.400822	-53.956604
07826		10.502200	0.118901	-0.801236	0.062110	0.166818	0.217366	-0.533447	-0.585449	-0.176025	156.038444	-85.540208	-54.846236
07827		10.368734	0.339351	-1.209400	0.012312	-0.023530	0.202704	-0.543701	-0.582031	-0.163818	157.507628	-85.573272	-56.309092
07828		10.165980	0.682786	-1.686029	-0.053835	-0.230705	0.197054	-0.528809	-0.582764	-0.167236	159.398321	-85.492797	-58.235490
07829		10.114820	0.832113	-1.788818	-0.087902	-0.277889	0.218009	-0.536865	-0.575439	-0.156982	161.510583	-85.384088	-60.401304
07830		10.287580	0.660869	-1.131469	-0.047370	-0.073938	0.228657	-0.534912	-0.573730	-0.167969	163.147405	-85.384627	-62.069580
07831		10.732489	0.115251	-0.694132	0.000709	0.299039	0.225240	-0.539307	-0.573730	-0.161621	164.123806	-85.584887	-63.044930
07832		11.165335	-0.407863	-1.012287	-0.001656	0.723026	0.171550	-0.531250	-0.571045	-0.169189	163.805737	-86.011397	-62.725794
07833		11.535646	-0.210991	-2.028723	0.025091	1.024541	0.095083	-0.531494	-0.579102	-0.174316	161.977716	-86.588054	-60.875895
07834		11.927486	0.396989	-2.479790	0.152867	1.258008	0.054929	-0.531738	-0.572754	-0.172363	157.944290	-87.277314	-56.747709
07835		11.655364	0.777840	-2.233262	0.304826	1.430052	0.088043	-0.530762	-0.574707	-0.194580	150.556189	-88.038591	-49.175142
07836		10.645614	0.681548	-1.648152	1.291606	0.900603	0.197272	-0.523438	-0.576416	-0.181641	145.203758	-88.536265	-43.078373
07837		9.981059	0.450775	0.753087	1.990696	-0.574218	0.250979	-0.535889	-0.568359	-0.167236	156.796364	-88.317099	-53.530620
07838		10.672108	0.684948	2.840446	1.465864	-1.089986	0.235734	-0.535400	-0.583496	-0.159668	166.975174	-87.764209	-62.873221
07839		11.288472	0.642394	3.297033	0.603843	-0.334186	0.245245	-0.533447	-0.584473	-0.149170	171.644884	-87.601384	-67.196812
07840		11.222856	0.113060	1.204589	0.027796	0.119601	0.233832	-0.540283	-0.580566	-0.151367	174.614008	-87.687002	-70.151194
07841		10.765159	-0.214681	-1.062462	0.071695	0.124554	0.171940	-0.531250	-0.579346	-0.144775	177.029709	-87.764618	-72.524015
07842		10.361766	-0.121200	-0.509070	0.396678	-0.035078	0.117887	-0.531982	-0.583008	-0.151611	178.917296	-87.748771	-74.184300
07843		10.372852	-0.044080	1.482356	0.456791	-0.236179	0.099133	-0.531738	-0.584717	-0.143066	-179.375699	-87.612842	-75.627094
07844		10.621241	0.157900	2.629382	0.096816	-0.145075	0.111727	-0.532959	-0.572998	-0.139893	-177.928786	-87.530340	-77.018566
07845		10.329580	0.374203	1.581054	-0.122921	-0.049098	0.141625	-0.537109	-0.571045	-0.138184	-176.139740	-87.497161	-78.876118
07846		9.827856	0.435971	0.733045	-0.041522	-0.186215	0.174444	-0.545166	-0.579102	-0.138916	-174.200238	-87.385012	-80.840378
07847		9.136503	0.596549	0.981474	-0.039972	-0.316013	0.174696	-0.537598	-0.582764	-0.140137	-172.541434	-87.192641	-82.520292
07848		8.527438	0.763755	1.211709	-0.132045	-0.351781	0.159395	-0.543701	-0.574951	-0.135986	-171.444650	-86.983229	-83.693375
07849		8.112375	0.692308	0.901031	-0.205910	-0.296805	0.156120	-0.539307	-0.581055	-0.135742	-170.409629	-86.800202	-84.844397
07850		7.858135	0.327700	0.508091	-0.250856	-0.254200	0.161483	-0.537354	-0.573486	-0.141846	-169.453053	-86.643818	-85.945775
07851		7.760070	0.061637	0.529566	-0.292900	-0.191672	0.151387	-0.534180	-0.580566	-0.133057	-168.528614	-86.518437	-87.036304
07852		7.922060	-0.278856	0.678943	-0.307214	-0.065239	0.121366	-0.541260	-0.568359	-0.144531	-167.759252	-86.470974	-87.982809
07853		8.245864	-0.735140	0.720462	-0.311276	0.057536	0.085144	-0.543457	-0.572266	-0.138428	-167.029140	-86.491462	-88.889308
07854		8.867114	-1.176610	0.915878	-0.322517	0.183316	0.050145	-0.541748	-0.571777	-0.141602	-166.389101	-86.590679	-89.715067
07855		9.607313	-1.556838	1.291919	-0.317445	0.275551	0.024809	-0.543945	-0.567627	-0.143799	-165.662435	-86.739401	-90.621481
07856		10.335845	-1.830631	1.616541	-0.282987	0.292954	0.006413	-0.530029	-0.566650	-0.149414	-165.030743	-86.904673	-91.416066
07857		10.881742	-2.043126	1.715037	-0.248773	0.231492	0.008165	-0.538086	-0.566406	-0.156494	-164.409814	-87.030315	-92.176928
07858		11.094262	-1.996555	1.534558	-0.169987	0.103328	0.022977	-0.534424	-0.573730	-0.142334	-163.977035	-87.087732	-92.707496
07859		11.084532	-1.777884	1.186186	-0.021806	-0.116701	0.050395	-0.532227	-0.562012	-0.152344	-163.792725	-87.014394	-92.900887
07860		10.344161	-1.777410	1.102101	0.010950	-0.170228	0.072028	-0.540771	-0.562988	-0.145020	-163.579398	-86.913389	-93.108079
07861		10.025539	-1.524232	1.181501	-0.033563	-0.048506	0.095191	-0.536621	-0.557129	-0.148438	-162.767833	-86.869903	-93.936424
07862		9.720094	-1.289761	1.053960	0.013131	-0.117447	0.100735	-0.533447	-0.558105	-0.146729	-162.148514	-86.792678	-94.549131
07863		9.687766	-1.153013	0.837477	-0.007719	-0.074569	0.111399	-0.532227	-0.557617	-0.150635	-161.301948	-86.730977	-95.397805
07864		9.818797	-1.144853	0.707149	-0.036466	0.009074	0.131341	-0.536865	-0.565674	-0.145264	-160.061976	-86.715452	-96.660815
07865		9.903530	-1.207573	0.676470	-0.044716	-0.006128	0.154084	-0.531982	-0.562744	-0.151367	-158.661678	-86.679903	-98.085430
07866		9.847735	-1.260446	0.694721	-0.063669	-0.066287	0.167806	-0.531738	-0.566162	-0.147217	-157.421372	-86.613281	-99.364558
07867		9.773463	-1.333397	0.685863	-0.102649	-0.098614	0.177486	-0.543457	-0.562500	-0.148438	-156.277692	-86.520172	-100.565538
07868		9.582985	-1.385064	0.431452	-0.152250	-0.092338	0.179054	-0.538818	-0.562012	-0.145508	-155.194947	-86.434401	-101.737958
07869		9.336378	-1.372193	0.250744	-0.195622	-0.094597	0.170475	-0.534668	-0.558350	-0.145508	-154.261238	-86.342491	-102.782155
07870		9.098805	-1.238371	0.176932	-0.216928	-0.104193	0.155369	-0.537598	-0.568604	-0.136719	-153.546555	-86.254344	-103.623151
07871		9.037045	-1.161231	0.220049	-0.233186	-0.093262	0.140292	-0.537109	-0.561035	-0.151611	-152.947339	-86.169235	-104.353901
07872		9.072506	-1.212053	0.238537	-0.259409	-0.041593	0.126327	-0.549072	-0.554199	-0.149902	-152.291935	-86.119396	-105.160058
07873		9.103629	-1.333080	0.190017	-0.261709	0.017521	0.125613	-0.541260	-0.556152	-0.146973	-151.428486	-86.093082	-106.172123
07874		9.157849	-1.496294	0.293625	-0.249672	0.049020	0.116733	-0.540527	-0.552246	-0.153809	-150.498652	-86.089755	-107.247838
07875		9.213961	-1.607683	0.381382	-0.227191	0.062859	0.109348	-0.545654	-0.555176	-0.149414	-149.560941	-86.088419	-108.314535
07876		9.288055	-1.742476	0.367392	-0.196594	0.057632	0.103945	-0.534668	-0.544189	-0.156738	-148.655199	-86.090704	-109.335663
07877		9.329193	-1.809575	0.273682	-0.178686	0.059789	0.098075	-0.534912	-0.546631	-0.152832	-147.784527	-86.088977	-110.307307
07878		9.320770	-1.808537	0.168300	-0.149141	0.070622	0.093075	-0.536621	-0.550049	-0.151611	-146.864604	-86.098689	-111.315432
07879		9.264976	-1.819971	0.086822	-0.087531	0.049700	0.097119	-0.539063	-0.547363	-0.155273	-145.995304	-86.090379	-112.233347
07880		9.213677	-1.761545	0.077594	-0.020920	0.041816	0.096294	-0.540283	-0.542480	-0.154541	-145.111184	-86.083249	-113.131978
07881		9.256851	-1.711058	0.127682	0.036617	0.019413	0.094543	-0.546143	-0.548340	-0.155518	-144.343607	-86.059770	-113.876657
07882		9.314522	-1.712003	0.126920	0.092514	-0.001078	0.090010	-0.541016	-0.554199	-0.156738	-143.655483	-86.033154	-114.513740
07883		9.359300	-1.684170	0.139680	0.131441	-0.018501	0.088135	-0.541016	-0.541260	-0.152588	-143.080923	-85.993230	-115.010524
07884		9.426519	-1.651495	-0.003185	0.156290	-0.031487	0.090495	-0.541016	-0.543701	-0.151611	-142.520248	-85.951602	-115.483294
07885		9.425945	-1.626536	-0.110442	0.187178	-0.038665	0.087139	-0.538330	-0.547852	-0.159912	-142.040618	-85.902240	-115.852944
07886		9.422996	-1.554545	-0.148350	0.209382	-0.058747	0.079513	-0.539551	-0.555664	-0.147949	-141.670738	-85.851610	-116.103991
07887		9.436365	-1.515192	-0.147650	0.235525	-0.069194	0.064773	-0.534668	-0.545898	-0.147949	-141.467342	-85.796189	-116.168945
07888		9.368353	-1.428763	-0.060656	0.267068	-0.050548	0.046236	-0.542969	-0.544922	-0.146973	-141.236861	-85.760915	-116.247108
07889		9.347347	-1.303635	0.037700	0.288603	-0.064526	0.016680	-0.543457	-0.553223	-0.146240	-141.274595	-85.724800	-116.039775
07890		9.361637	-1.134503	0.123690	0.312581	-0.096334	-0.006890	-0.538818	-0.543213	-0.143311	-141.552472	-85.687976	-115.582026
07891		9.478960	-1.038839	0.073206	0.328288	-0.120937	-0.023079	-0.535400	-0.549805	-0.135010	-142.058847	-85.640399	-114.881885
07892		9.604583	-0.943094	-0.013426	0.325173	-0.134741	-0.031019	-0.536865	-0.546143	-0.131104	-142.629615	-85.594044	-114.123134
07893		9.730059	-0.971132	-0.187658	0.328708	-0.144012	-0.033663	-0.535889	-0.544434	-0.128174	-143.273022	-85.538518	-113.285216
07894		9.741066	-1.042552	-0.335815	0.342794	-0.145794	-0.030782	-0.541992	-0.557861	-0.132324	-143.849167	-85.485759	-112.510862
07895		9.636866	-1.132933	-0.422121	0.362174	-0.150422	-0.031811	-0.539307	-0.559326	-0.127197	-144.454380	-85.425290	-111.691896
07896		9.508971	-1.244255	-0.442265	0.370085	-0.169671	-0.041884	-0.541748	-0.556885	-0.126953	-145.142729	-85.363680	-110.789161
07897		9.421232	-1.366224	-0.487989	0.357674	-0.178858	-0.056990	-0.541260	-0.559082	-0.123291	-145.968574	-85.296361	-109.751270
07898		9.364944	-1.468383	-0.632768	0.348221	-0.172464	-0.069728	-0.532959	-0.555664	-0.111084	-146.794965	-85.240205	-108.722424
07899		9.245239	-1.574994	-0.826451	0.335981	-0.165547	-0.080538	-0.537109	-0.559814	-0.113281	-147.669881	-85.184159	-107.647586
07900		9.170484	-1.595404	-0.941135	0.355417	-0.160376	-0.094658	-0.536377	-0.555420	-0.108398	-148.548214	-85.138790	-106.562284
07901		9.060736	-1.608759	-0.832615	0.383574	-0.161949	-0.110455	-0.528809	-0.558350	-0.111328	-149.512838	-85.090545	-105.369889
07902		9.013764	-1.587394	-0.780503	0.379691	-0.128395	-0.125685	-0.536621	-0.564697	-0.101807	-150.412819	-85.066875	-104.248726
07903		8.996064	-1.470638	-0.724185	0.409818	-0.091977	-0.150429	-0.535400	-0.568115	-0.092041	-151.337342	-85.061558	-103.081398
07904		9.092452	-1.334941	-0.730161	0.439598	-0.088684	-0.170986	-0.534912	-0.563721	-0.104004	-152.330020	-85.066971	-101.832694
07905		9.195141	-1.148244	-0.702776	0.470672	-0.076625	-0.191517	-0.537354	-0.571045	-0.093994	-153.415115	-85.076720	-100.469215
07906		9.202722	-0.880241	-0.722057	0.510747	-0.086671	-0.208683	-0.527588	-0.562500	-0.090088	-154.592581	-85.088488	-98.994146
07907		9.170570	-0.700434	-0.623223	0.544178	-0.121594	-0.220310	-0.528320	-0.570557	-0.087402	-155.941590	-85.076833	-97.323529
07908		9.071046	-0.524143	-0.491161	0.571454	-0.169149	-0.227098	-0.522217	-0.572754	-0.091797	-157.411071	-85.043423	-95.520395
07909		8.891393	-0.301040	-0.511313	0.585771	-0.219672	-0.230136	-0.523926	-0.580078	-0.080566	-159.001308	-84.974344	-93.583525
07910		8.833784	-0.172200	-0.766655	0.541570	-0.244189	-0.229295	-0.515381	-0.576660	-0.079346	-160.600854	-84.892581	-91.666677
07911		8.877305	-0.202830	-1.022083	0.455876	-0.257458	-0.220837	-0.525146	-0.581299	-0.075928	-162.178097	-84.792030	-89.817082
07912		8.843508	-0.462793	-1.144886	0.387518	-0.203998	-0.205628	-0.534180	-0.576416	-0.070313	-163.536208	-84.719312	-88.230770
07913		8.875790	-0.830498	-0.967535	0.332452	-0.110642	-0.211723	-0.515869	-0.584229	-0.064941	-164.779588	-84.690358	-86.787082
07914		8.977802	-1.140907	-0.843004	0.275150	-0.030509	-0.226683	-0.523438	-0.582764	-0.064209	-166.004848	-84.710445	-85.398675
07915		9.106787	-1.365288	-0.947549	0.221121	-0.007674	-0.244759	-0.514160	-0.586426	-0.059326	-167.354326	-84.737432	-83.912541
07916		9.255013	-1.528330	-1.286690	0.161759	-0.054748	-0.262332	-0.522949	-0.578857	-0.061279	-168.910888	-84.741888	-82.256740
07917		9.369822	-1.703614	-1.582713	0.148431	-0.101559	-0.273764	-0.517822	-0.585449	-0.054932	-170.597229	-84.711523	-80.474143
07918		9.459723	-1.708555	-1.673808	0.224593	-0.102479	-0.284214	-0.513672	-0.588379	-0.058594	-172.280243	-84.681882	-78.655002
07919		9.561647	-1.571256	-1.438813	0.316519	-0.078989	-0.298946	-0.512695	-0.587646	-0.051270	-173.965792	-84.656509	-76.776309
07920		9.773015	-1.380781	-1.148546	0.371552	-0.060519	-0.321263	-0.514648	-0.595459	-0.040527	-175.727674	-84.642623	-74.793162
07921		10.087992	-0.995507	-1.018032	0.390633	-0.035476	-0.337758	-0.504395	-0.600098	-0.049316	-177.560586	-84.632770	-72.723712
07922		10.704707	-0.574533	-1.129657	0.336125	-0.020086	-0.337731	-0.504883	-0.593018	-0.037842	-179.415582	-84.630500	-70.667345
07923		11.144477	-0.279176	-1.175530	0.313352	-0.010400	-0.307269	-0.502686	-0.596191	-0.052246	178.907213	-84.622935	-68.798726
07924		11.324561	-0.027188	-0.950360	0.345163	0.031004	-0.255201	-0.503418	-0.603027	-0.052246	177.555756	-84.640311	-67.242900
07925		11.476148	0.236882	-0.301684	0.314854	0.084430	-0.216025	-0.492920	-0.609619	-0.034180	176.401576	-84.681325	-65.898824
07926		11.601379	0.409517	0.072624	0.142778	0.111687	-0.189537	-0.500244	-0.611084	-0.050781	175.272871	-84.741450	-64.683402
07927		11.595442	0.604764	0.046620	-0.054239	0.175279	-0.172165	-0.492432	-0.604736	-0.039063	174.079119	-84.831567	-63.512215
07928		11.571616	0.818134	-0.104673	-0.206799	0.193456	-0.176354	-0.496338	-0.600586	-0.047607	172.704585	-84.934358	-62.251520
07929		11.502206	0.952300	-0.152044	-0.346268	0.079679	-0.201762	-0.500000	-0.603760	-0.043457	171.155485	-84.962658	-60.891869
07930		11.514866	0.745049	0.169332	-0.488910	-0.083870	-0.220586	-0.491455	-0.608887	-0.057129	169.565392	-84.898504	-59.577233
07931		11.429214	0.364992	0.580310	-0.603730	-0.166481	-0.218185	-0.492676	-0.611084	-0.043945	168.083036	-84.780080	-58.432482
07932		11.016112	0.084969	0.647114	-0.640626	-0.187936	-0.199506	-0.488037	-0.613770	-0.057373	166.764264	-84.654621	-57.477320
07933		10.452061	-0.090003	0.237804	-0.611200	-0.214461	-0.184019	-0.484375	-0.620850	-0.056152	165.659633	-84.509597	-56.715813
07934		9.722990	-0.400013	-0.145993	-0.493051	-0.310079	-0.173202	-0.485596	-0.609131	-0.055420	164.858378	-84.317217	-56.195331
07935		9.090130	-0.834653	-0.062755	-0.303897	-0.440443	-0.176930	-0.481689	-0.612549	-0.062988	164.397195	-84.046493	-55.903097
07936		8.811854	-1.334022	0.401514	-0.125502	-0.372814	-0.170558	-0.483398	-0.619141	-0.054688	163.988870	-83.819127	-55.565594
07937		8.684741	-1.550385	0.175467	-0.134352	-0.167772	-0.159046	-0.477539	-0.615479	-0.054443	163.374032	-83.700765	-55.020840
07938		8.527843	-1.496645	-0.864287	-0.145001	-0.082704	-0.159516	-0.494141	-0.607666	-0.056641	162.629872	-83.633682	-54.356594
07939		8.447350	-1.397726	-1.074492	-0.008577	-0.106926	-0.167277	-0.485840	-0.619385	-0.057861	161.992658	-83.545719	-53.716626
07940		8.526729	-1.405612	-0.640542	0.101955	-0.101757	-0.189767	-0.478760	-0.619141	-0.058594	161.308590	-83.461122	-52.970194
07941		8.786374	-1.227895	-0.270515	0.134495	-0.020471	-0.206536	-0.471436	-0.619141	-0.053467	160.461907	-83.410846	-52.036664
07942		9.075521	-0.871994	-0.273693	0.156842	0.082822	-0.200920	-0.480225	-0.619141	-0.053955	159.476666	-83.421054	-50.955290
07943		9.268899	-0.267685	-0.188498	0.273124	0.131819	-0.178358	-0.476807	-0.624023	-0.053955	158.583376	-83.454607	-49.894897
07944		9.389898	0.270848	0.313549	0.382936	0.144867	-0.137088	-0.467773	-0.609863	-0.045166	157.896976	-83.507718	-48.984123
07945		9.504008	0.780899	0.726619	0.449904	0.162060	-0.096666	-0.465820	-0.629395	-0.052979	157.405501	-83.572168	-48.226394
07946		9.548034	1.264213	0.860487	0.501475	0.201364	-0.062950	-0.472900	-0.621826	-0.044678	156.995356	-83.669807	-47.525652
07947		9.439743	1.655191	1.024519	0.539381	0.249613	-0.044479	-0.471191	-0.629639	-0.036133	156.593639	-83.790864	-46.806928
07948		9.352481	1.798489	1.273022	0.570125	0.269508	-0.039698	-0.471191	-0.630371	-0.039063	156.147777	-83.928581	-46.031221
07949		9.295967	1.879340	1.410567	0.538976	0.266036	-0.040643	-0.464600	-0.630371	-0.043457	155.679286	-84.057905	-45.245942
07950		9.316543	1.749354	1.288400	0.488728	0.263915	-0.041837	-0.466553	-0.628418	-0.042480	155.128001	-84.190892	-44.411753
07951		9.495687	1.590407	1.240921	0.424846	0.221969	-0.027528	-0.473633	-0.636963	-0.041016	154.711301	-84.299087	-43.744606
07952		9.722193	1.260724	1.101186	0.322843	0.186828	-0.007068	-0.467285	-0.628906	-0.047607	154.382202	-84.399569	-43.229745
07953		9.990020	1.016810	0.940802	0.209912	0.140114	0.015407	-0.463867	-0.626953	-0.033447	154.243873	-84.475448	-42.966238
07954		10.321855	0.825540	0.714716	0.076959	0.107520	0.025164	-0.460693	-0.629150	-0.038818	154.128953	-84.542867	-42.808388
07955		10.569869	0.802889	0.517247	-0.020329	0.102463	0.022128	-0.468262	-0.618652	-0.034912	153.984364	-84.600916	-42.671165
07956		10.767140	0.804536	0.464898	-0.090547	0.072747	0.005075	-0.463135	-0.630859	-0.041748	153.748335	-84.645405	-42.488227
07957		10.844926	0.931998	0.401754	-0.200080	0.047778	-0.013471	-0.470947	-0.628174	-0.035645	153.447278	-84.666214	-42.297312
07958		10.791040	1.106841	0.247475	-0.265676	0.028611	-0.046668	-0.468750	-0.632813	-0.043213	152.941401	-84.674654	-41.944258
07959		10.592220	1.250358	0.205525	-0.275113	-0.007385	-0.081844	-0.467773	-0.626221	-0.046143	152.376442	-84.649101	-41.531471
07960		10.391326	1.203502	0.239417	-0.292555	-0.029345	-0.107088	-0.467041	-0.629883	-0.044434	151.695507	-84.611365	-41.018135
07961		10.165096	1.160511	0.230191	-0.301964	-0.032396	-0.131412	-0.464355	-0.629883	-0.048828	150.937177	-84.558716	-40.426511
07962		9.934782	1.057131	0.049904	-0.307416	-0.011977	-0.146911	-0.462891	-0.620850	-0.049072	150.007642	-84.517141	-39.672020
07963		9.717127	0.975574	-0.164728	-0.290116	-0.003760	-0.160785	-0.461914	-0.635010	-0.040283	149.046619	-84.468380	-38.869853
07964		9.511055	0.973868	-0.296905	-0.238736	-0.003204	-0.170662	-0.451660	-0.627441	-0.051025	148.037150	-84.421606	-37.995468
07965		9.386907	0.868112	-0.255899	-0.155698	0.007492	-0.175992	-0.452637	-0.631836	-0.054199	147.074340	-84.370993	-37.113988
07966		9.376334	0.794448	-0.138508	-0.102059	0.022780	-0.175345	-0.457275	-0.632813	-0.046143	146.068601	-84.332262	-36.164562
07967		9.480403	0.716755	-0.116557	-0.069692	0.068006	-0.173366	-0.457520	-0.633789	-0.050049	145.000579	-84.308082	-35.127714
07968		9.541743	0.791674	-0.170225	-0.044370	0.121204	-0.167177	-0.457764	-0.639404	-0.052002	143.758360	-84.314370	-33.907409
07969		9.504327	0.840933	-0.134394	-0.015983	0.131536	-0.166139	-0.454102	-0.636719	-0.042969	142.546834	-84.317559	-32.695417
07970		9.508886	0.910168	-0.038302	0.028664	0.108054	-0.154835	-0.447754	-0.645508	-0.053955	141.445758	-84.317209	-31.574964
07971		9.484662	1.007966	0.046609	0.031073	0.110710	-0.143121	-0.454590	-0.630371	-0.056396	140.439284	-84.314811	-30.541942
07972		9.344246	1.076966	0.142293	0.041137	0.109646	-0.126769	-0.448730	-0.628174	-0.054199	139.463188	-84.321529	-29.539968
07973		9.149366	1.059592	0.321866	0.022773	0.088635	-0.100173	-0.451416	-0.632813	-0.052490	138.722552	-84.322385	-28.778884
07974		9.003715	1.069431	0.330781	-0.055969	0.089462	-0.076123	-0.444092	-0.638672	-0.052002	137.982159	-84.336972	-28.069780
07975		9.040117	1.093190	0.347317	-0.121797	0.098388	-0.048974	-0.446289	-0.636719	-0.056885	137.336228	-84.359832	-27.487135
07976		9.080549	1.108876	0.277551	-0.177715	0.103886	-0.033557	-0.443848	-0.638916	-0.058594	136.639682	-84.395443	-26.892320
07977		9.159306	1.192800	0.246696	-0.232345	0.104576	-0.011743	-0.442871	-0.640625	-0.063477	136.051057	-84.434272	-26.430963
07978		9.255002	1.290223	0.093939	-0.273426	0.091410	0.002997	-0.452148	-0.643555	-0.062988	135.488765	-84.478140	-26.026272
07979		9.342408	1.339039	-0.056238	-0.297771	0.082484	0.019854	-0.448975	-0.631348	-0.063232	135.074236	-84.519873	-25.777542
07980		9.310769	1.415469	-0.078073	-0.315901	0.072980	0.034989	-0.438477	-0.632568	-0.061279	134.687107	-84.568656	-25.573347
07981		9.287924	1.516165	-0.047632	-0.327665	0.045732	0.055073	-0.445801	-0.633545	-0.071289	134.554115	-84.609683	-25.624657
07982		9.252133	1.542974	-0.016886	-0.338542	-0.002861	0.073669	-0.447266	-0.638184	-0.073486	134.642065	-84.643618	-25.910710
07983		9.207793	1.519712	0.012066	-0.369659	-0.044092	0.097778	-0.446045	-0.632568	-0.068115	135.061796	-84.665674	-26.541317
07984		9.121614	1.424154	-0.056533	-0.392816	-0.087561	0.123004	-0.452637	-0.640625	-0.078369	135.707122	-84.684541	-27.418383
07985		9.076915	1.341787	-0.209091	-0.399185	-0.122017	0.144758	-0.454102	-0.637207	-0.073975	136.660642	-84.691647	-28.602037
07986		9.060261	1.228554	-0.355829	-0.419290	-0.153064	0.172543	-0.448730	-0.638672	-0.075439	137.798868	-84.699615	-29.989319
07987		9.103963	1.211469	-0.105220	-0.422121	-0.157883	0.192497	-0.448730	-0.632080	-0.078369	139.112330	-84.705131	-31.547629
07988		9.315236	0.853104	1.095677	-0.380895	-0.175415	0.213484	-0.451904	-0.632080	-0.079590	140.561168	-84.712624	-33.224702
07989		10.079930	-0.250109	2.060974	-0.403409	-0.160472	0.212281	-0.447266	-0.628662	-0.081787	141.995719	-84.716981	-34.893820
07990		11.588301	-1.355332	1.408030	-0.439638	0.030752	0.167918	-0.454834	-0.622070	-0.083984	142.413638	-84.795702	-35.569480
07991		12.702873	-1.286142	-1.049412	-0.596504	0.096026	-0.004882	-0.455322	-0.623779	-0.088135	141.692982	-84.837359	-35.185360
07992		12.369377	-0.113039	-2.708289	-0.518447	0.094291	-0.103217	-0.441650	-0.630615	-0.091553	140.469510	-84.848274	-34.258256
07993		10.467190	-0.520059	-1.509854	-0.233079	-0.093693	-0.011657	-0.460205	-0.629639	-0.090332	140.673885	-84.802591	-34.593878
07994		9.145043	-1.263894	0.511655	0.104662	-0.378737	0.078832	-0.451172	-0.621094	-0.092773	142.544151	-84.666536	-36.414742
07995		9.234671	-1.340066	0.507794	0.122762	-0.258441	0.121198	-0.460449	-0.630371	-0.080322	144.164719	-84.589129	-37.968130
07996		9.455328	-1.147037	-0.696965	-0.007752	0.130367	0.153565	-0.457275	-0.618164	-0.086182	144.426418	-84.707499	-38.238385
07997		9.895042	-0.853323	-1.332681	0.063027	0.306473	0.190446	-0.454590	-0.629395	-0.087646	144.331451	-84.913728	-38.103088
07998		10.220823	-0.195410	-1.238549	0.311801	0.323156	0.235859	-0.461182	-0.628174	-0.098877	144.503531	-85.149342	-38.099333
07999		10.072877	0.728780	-0.690854	0.616862	0.269244	0.275345	-0.452637	-0.622314	-0.076904	145.364885	-85.366169	-38.605317
08000		9.892150	1.369472	0.302746	0.722065	0.060801	0.270422	-0.458984	-0.617920	-0.082275	147.115073	-85.487631	-39.948787
08001		9.439303	1.455772	1.024182	0.569719	-0.188660	0.243289	-0.462402	-0.620361	-0.073242	149.679448	-85.468453	-42.190048
08002		9.019018	1.330681	1.010164	0.348565	-0.239699	0.217237	-0.463623	-0.620361	-0.070068	152.053334	-85.415671	-44.373903
08003		8.651396	1.303071	0.294467	0.152587	-0.207317	0.192606	-0.460693	-0.620361	-0.081299	154.047363	-85.359529	-46.283022
08004		8.452881	1.218948	-0.211497	0.055031	-0.213412	0.164653	-0.469727	-0.616699	-0.076416	155.734858	-85.295623	-47.947356
08005		8.450194	1.032819	-0.217557	0.013358	-0.222562	0.124392	-0.462891	-0.626465	-0.068115	157.161606	-85.206857	-49.367660
08006		8.654826	0.788763	0.133314	-0.024245	-0.171867	0.090787	-0.465576	-0.610596	-0.070313	158.140701	-85.142408	-50.367009
08007		8.968216	0.442477	0.327773	-0.085009	-0.073533	0.075864	-0.457764	-0.620605	-0.074219	158.766863	-85.118797	-51.040644
08008		9.328141	-0.016969	0.460570	-0.131218	0.016233	0.083808	-0.460938	-0.619141	-0.064209	159.160071	-85.151658	-51.513597
08009		9.729672	-0.515408	0.541137	-0.178566	0.084859	0.112078	-0.458252	-0.616699	-0.071533	159.586717	-85.219378	-52.040750
08010		10.178017	-1.059727	0.392428	-0.250438	0.151367	0.146213	-0.457031	-0.616699	-0.073975	160.014844	-85.336802	-52.617245
08011		10.505830	-1.483596	0.103725	-0.282014	0.181707	0.173909	-0.462891	-0.616699	-0.076416	160.603069	-85.467974	-53.365797
08012		10.556949	-1.745269	-0.174513	-0.257982	0.123803	0.182805	-0.459961	-0.620117	-0.077637	161.410824	-85.576426	-54.327245
08013		10.317125	-1.813598	-0.435335	-0.202291	0.033650	0.185281	-0.467529	-0.613770	-0.078125	162.549867	-85.627139	-55.582224
08014		9.924347	-1.744552	-0.624216	-0.111554	-0.043649	0.202915	-0.460449	-0.608398	-0.080566	164.031906	-85.644036	-57.135592
08015		9.472867	-1.458250	-0.525737	-0.007254	-0.095788	0.226336	-0.464355	-0.607178	-0.080811	165.874524	-85.624171	-58.984065
08016		9.201322	-1.136565	-0.159522	0.037911	-0.128784	0.252246	-0.468262	-0.613281	-0.071045	167.948835	-85.592494	-61.045539
08017		9.063586	-0.747591	0.106383	0.021031	-0.145167	0.263408	-0.470215	-0.616943	-0.073975	170.094796	-85.538960	-63.182180
08018		9.098470	-0.377099	0.181233	-0.017842	-0.136989	0.262291	-0.473877	-0.604980	-0.069092	172.142969	-85.492112	-65.249708
08019		9.166825	-0.065930	0.143822	-0.032733	-0.126882	0.253300	-0.478271	-0.609375	-0.073975	174.068637	-85.436656	-67.196562
08020		9.352953	0.090617	0.073327	-0.050283	-0.116578	0.242819	-0.471436	-0.610596	-0.072510	175.857690	-85.389837	-69.023075
08021		9.505850	0.153544	-0.102450	-0.058668	-0.075514	0.235126	-0.476807	-0.608398	-0.084473	177.533473	-85.353638	-70.734388
08022		9.563236	0.040228	-0.213552	-0.051513	-0.053966	0.226957	-0.475830	-0.603760	-0.084961	179.133381	-85.333977	-72.372004
08023		9.546909	-0.128172	-0.229213	-0.045426	-0.041106	0.218841	-0.482422	-0.600098	-0.071777	-179.343300	-85.309826	-73.922852
08024		9.530664	-0.395367	-0.201860	-0.055400	-0.041771	0.192294	-0.481445	-0.598877	-0.079346	-178.014802	-85.290745	-75.290452
08025		9.494559	-0.630567	-0.215588	-0.080099	-0.020822	0.171767	-0.482422	-0.597412	-0.078369	-176.859922	-85.273551	-76.491631
08026		9.491293	-0.797342	-0.294437	-0.111162	0.030787	0.150647	-0.483643	-0.601563	-0.082520	-175.834470	-85.292967	-77.587225
08027		9.370028	-0.881130	-0.402512	-0.118028	0.037919	0.139289	-0.487305	-0.595703	-0.078125	-174.897606	-85.307265	-78.591427
08028		9.468891	-0.970945	-0.444857	-0.102309	0.009380	0.136117	-0.492676	-0.596924	-0.077393	-173.967755	-85.312259	-79.585939
08029		9.472610	-1.035239	-0.369825	-0.070086	0.000780	0.145835	-0.490479	-0.595215	-0.073242	-172.980756	-85.302265	-80.612874
08030		9.558941	-1.020918	-0.246971	-0.033672	-0.011037	0.144041	-0.480713	-0.602051	-0.080322	-171.975148	-85.292277	-81.643922
08031		9.598714	-0.970828	-0.350715	-0.005845	-0.033580	0.148866	-0.482178	-0.592041	-0.077881	-170.977514	-85.259632	-82.644640
08032		9.632316	-0.894465	-0.477296	0.008931	-0.056333	0.151767	-0.496094	-0.591797	-0.073486	-169.962557	-85.220363	-83.660634
08033		9.597151	-0.874478	-0.458699	0.034634	-0.096730	0.149769	-0.489014	-0.587158	-0.078613	-169.046811	-85.149229	-84.556034
08034		9.513985	-0.814759	-0.349404	0.044091	-0.110801	0.142040	-0.488770	-0.588379	-0.077881	-168.188287	-85.077744	-85.394951
08035		9.485683	-0.769059	-0.335100	0.060967	-0.135920	0.118177	-0.495605	-0.595947	-0.074951	-167.566450	-84.986353	-85.980392
08036		9.424798	-0.762435	-0.308921	0.062547	-0.146775	0.093561	-0.482178	-0.578857	-0.077393	-167.100417	-84.899265	-86.414860
08037		9.396672	-0.762315	-0.275704	0.066375	-0.150862	0.069653	-0.487305	-0.590576	-0.073730	-166.834238	-84.805011	-86.640256
08038		9.440752	-0.703950	-0.250210	0.082933	-0.177729	0.045793	-0.490234	-0.586670	-0.074951	-166.714986	-84.706552	-86.714869
08039		9.519577	-0.680150	-0.339926	0.087485	-0.174344	0.028722	-0.488281	-0.586182	-0.069824	-166.726374	-84.604504	-86.649409
08040		9.551677	-0.640985	-0.370731	0.103907	-0.195522	0.009621	-0.487549	-0.590820	-0.067627	-166.833159	-84.500865	-86.484909
08041		9.596891	-0.629713	-0.416539	0.103397	-0.217246	-0.001114	-0.493652	-0.590820	-0.069580	-167.056879	-84.378709	-86.196929
08042		9.622565	-0.637925	-0.483847	0.089581	-0.219378	-0.008420	-0.492188	-0.593994	-0.062500	-167.289334	-84.263927	-85.914318
08043		9.595109	-0.705178	-0.469267	0.088418	-0.219705	-0.015997	-0.492920	-0.589355	-0.062012	-167.584514	-84.142016	-85.563020
08044		9.528515	-0.683831	-0.416350	0.094014	-0.226261	-0.024638	-0.480225	-0.587158	-0.055908	-167.887293	-84.025073	-85.207026
08045		9.514783	-0.704833	-0.492307	0.103187	-0.255392	-0.025929	-0.496826	-0.590576	-0.057129	-168.239439	-83.883953	-84.789776
08046		9.500584	-0.649344	-0.559779	0.131400	-0.297926	-0.033293	-0.497070	-0.585449	-0.057861	-168.611870	-83.727338	-84.341988
08047		9.564009	-0.717497	-0.642615	0.165405	-0.360864	-0.027034	-0.490723	-0.590820	-0.050293	-169.001047	-83.526500	-83.851347
08048		9.581143	-0.723812	-0.773249	0.097458	-0.268340	-0.031140	-0.495850	-0.588867	-0.056396	-169.312571	-83.385682	-83.484120
08049		9.520984	-0.729730	-0.786810	0.041278	-0.181702	-0.042425	-0.497070	-0.589844	-0.052734	-169.644982	-83.286757	-83.121949
08050		9.520964	-0.772893	-0.695032	0.044351	-0.202392	-0.056400	-0.487305	-0.595947	-0.046387	-170.024222	-83.185163	-82.716988
08051		9.545563	-0.775876	-0.761486	0.048578	-0.203813	-0.067950	-0.491455	-0.585449	-0.055908	-170.468002	-83.075676	-82.238277
08052		9.550801	-0.772068	-0.812254	0.024197	-0.156061	-0.076306	-0.482910	-0.591064	-0.046631	-170.891322	-83.001403	-81.800363
08053		9.523893	-0.732097	-0.833612	0.022347	-0.141190	-0.089017	-0.485840	-0.599854	-0.039551	-171.376865	-82.928353	-81.294546
08054		9.537192	-0.699873	-0.794110	0.030821	-0.151919	-0.100996	-0.491455	-0.593994	-0.042725	-171.886388	-82.857576	-80.765792
08055		9.515800	-0.686974	-0.882235	0.024609	-0.143166	-0.110233	-0.487549	-0.598389	-0.031982	-172.446755	-82.783957	-80.183094
08056		9.560952	-0.637865	-0.889647	0.014075	-0.114504	-0.116518	-0.485596	-0.600342	-0.047363	-172.992975	-82.734304	-79.626861
08057		9.646213	-0.623156	-0.867814	0.012533	-0.100663	-0.120257	-0.490234	-0.596191	-0.041016	-173.562355	-82.684144	-79.041908
08058		9.684823	-0.520286	-0.860278	0.015241	-0.090456	-0.119709	-0.495361	-0.598877	-0.040771	-174.095434	-82.647000	-78.498133
08059		9.750891	-0.498976	-0.823135	-0.011577	-0.086048	-0.127178	-0.486572	-0.597168	-0.041016	-174.688499	-82.604127	-77.903117
08060		9.775265	-0.418290	-0.868480	-0.033671	-0.092202	-0.129510	-0.486084	-0.599609	-0.038330	-175.281105	-82.565055	-77.327481
08061		9.773812	-0.355168	-0.899687	-0.061652	-0.095749	-0.129925	-0.490479	-0.597412	-0.038330	-175.904280	-82.515170	-76.730920
08062		9.726100	-0.254264	-0.924224	-0.086267	-0.094381	-0.128988	-0.489990	-0.601563	-0.036621	-176.511671	-82.473220	-76.170653
08063		9.729964	-0.193365	-0.988606	-0.109794	-0.079460	-0.130351	-0.479736	-0.601807	-0.039795	-177.145143	-82.431009	-75.591408
08064		9.704654	-0.171369	-0.946633	-0.147030	-0.036672	-0.129019	-0.485352	-0.595459	-0.034912	-177.764159	-82.420467	-75.054450
08065		9.646722	-0.141094	-0.907311	-0.182632	-0.007927	-0.127355	-0.484375	-0.601318	-0.039551	-178.406548	-82.417503	-74.508267
08066		9.613824	-0.118592	-0.914791	-0.210995	-0.015140	-0.131091	-0.483154	-0.603760	-0.042725	-179.066394	-82.417698	-73.967089
08067		9.624625	-0.231117	-0.853916	-0.227116	-0.033590	-0.127561	-0.479492	-0.606689	-0.039795	-179.734868	-82.398379	-73.420289
08068		9.618366	-0.266932	-0.889514	-0.245564	-0.014863	-0.117778	-0.482178	-0.600342	-0.038086	179.644472	-82.397069	-72.938614
08069		9.587393	-0.295744	-0.875264	-0.250050	0.010462	-0.113348	-0.479492	-0.602783	-0.045166	179.025647	-82.401493	-72.455148
08070		9.640079	-0.296489	-0.883639	-0.237532	-0.003985	-0.103983	-0.479980	-0.597900	-0.048828	178.468220	-82.405207	-72.032638
08071		9.648033	-0.311427	-0.865019	-0.230626	-0.019740	-0.097463	-0.493652	-0.601807	-0.048828	177.932260	-82.391354	-71.621543
08072		9.654025	-0.276456	-0.868268	-0.247052	-0.024267	-0.093494	-0.481934	-0.602295	-0.045654	177.418796	-82.382623	-71.248883
08073		9.646020	-0.263977	-0.925271	-0.244304	-0.024551	-0.095471	-0.484375	-0.604736	-0.048096	176.887815	-82.365082	-70.850695
08074		9.648453	-0.252220	-0.840341	-0.244508	-0.025837	-0.091984	-0.482422	-0.603027	-0.052734	176.385718	-82.354577	-70.488012
08075		9.651960	-0.192370	-0.898633	-0.238884	-0.041983	-0.093125	-0.484863	-0.616455	-0.054688	175.876961	-82.326222	-70.109083
08076		9.618783	-0.147978	-0.876125	-0.233891	-0.063014	-0.090830	-0.479248	-0.607666	-0.054443	175.402078	-82.293661	-69.767692
08077		9.604417	-0.159411	-0.936443	-0.243796	-0.064767	-0.085414	-0.475586	-0.608643	-0.054932	174.937938	-82.251827	-69.436568
08078		9.629364	-0.104836	-0.921747	-0.246204	-0.033044	-0.083452	-0.477295	-0.605469	-0.053711	174.482581	-82.235987	-69.121945
08079		9.651669	-0.074747	-1.026544	-0.251792	-0.016770	-0.085580	-0.468018	-0.605469	-0.053467	173.999856	-82.220789	-68.776654
08080		9.676669	-0.045098	-1.041897	-0.257363	-0.005131	-0.078745	-0.484375	-0.608154	-0.054688	173.548318	-82.220409	-68.472318
08081		9.696038	-0.039217	-1.056185	-0.256111	0.005077	-0.082120	-0.474609	-0.606934	-0.066406	173.069136	-82.217115	-68.133092
08082		9.729387	-0.012003	-1.015466	-0.236610	0.013541	-0.077710	-0.472168	-0.609863	-0.063477	172.624442	-82.226711	-67.823661
08083		9.724149	0.023511	-0.944697	-0.224987	0.036665	-0.074724	-0.466553	-0.606445	-0.066406	172.176105	-82.241190	-67.497580
08084		9.693976	0.014297	-0.891988	-0.224424	0.059449	-0.070471	-0.469482	-0.596924	-0.067139	171.739263	-82.276722	-67.189050
08085		9.722075	-0.008949	-0.879834	-0.195219	0.080553	-0.065168	-0.475342	-0.613037	-0.061279	171.316382	-82.316207	-66.871495
08086		9.717182	0.023670	-0.802521	-0.159296	0.101177	-0.052889	-0.476074	-0.611328	-0.067139	170.956427	-82.376291	-66.602965
08087		9.660597	0.119783	-0.855882	-0.140187	0.118179	-0.049068	-0.471924	-0.614258	-0.062012	170.598972	-82.437973	-66.319686
08088		9.631529	0.183998	-0.904342	-0.117206	0.091238	-0.049638	-0.471436	-0.610107	-0.070557	170.274453	-82.492292	-66.062665
08089		9.606860	0.194825	-0.849397	-0.129515	0.044333	-0.050186	-0.468262	-0.609131	-0.064453	169.964520	-82.511747	-65.821214
08090		9.604054	0.125900	-0.827189	-0.162658	0.031160	-0.049377	-0.468506	-0.609375	-0.074463	169.655031	-82.531812	-65.605647
08091		9.695005	0.033748	-0.752412	-0.194745	0.075200	-0.043872	-0.473145	-0.614502	-0.075195	169.307020	-82.568964	-65.363513
08092		9.788923	0.040331	-0.657802	-0.207597	0.101313	-0.039619	-0.470947	-0.615234	-0.077637	168.951788	-82.629204	-65.127833
08093		9.803383	0.018070	-0.664496	-0.218812	0.062686	-0.047085	-0.475586	-0.607422	-0.071045	168.580165	-82.658570	-64.875846
08094		9.788331	0.007789	-0.804190	-0.255178	-0.004199	-0.059457	-0.467041	-0.611572	-0.084961	168.198055	-82.656907	-64.640605
08095		9.780390	0.019738	-0.859770	-0.280779	-0.030569	-0.066350	-0.462646	-0.604980	-0.072021	167.790339	-82.631277	-64.388024
08096		9.652237	0.004790	-0.779307	-0.302495	-0.027412	-0.060376	-0.460938	-0.607178	-0.074219	167.400983	-82.616072	-64.172793
08097		9.546667	0.036733	-0.766275	-0.307785	-0.056035	-0.063637	-0.470703	-0.614502	-0.080566	167.018686	-82.576117	-63.961421
08098		9.452356	0.068944	-0.824890	-0.313770	-0.108655	-0.064645	-0.469238	-0.613037	-0.081543	166.689908	-82.514652	-63.813768
08099		9.394310	0.098382	-1.002976	-0.325071	-0.129401	-0.064456	-0.467041	-0.609619	-0.086426	166.375380	-82.433389	-63.680685
08100		9.362925	0.144102	-1.106684	-0.331932	-0.122978	-0.062951	-0.467529	-0.604492	-0.086182	166.066463	-82.363941	-63.563502
08101		9.350575	0.105909	-1.120541	-0.319158	-0.131050	-0.059492	-0.463867	-0.614258	-0.089844	165.786503	-82.282273	-63.461834
08102		9.423480	0.094302	-1.068966	-0.277524	-0.151493	-0.058136	-0.466797	-0.609375	-0.085938	165.565886	-82.197476	-63.402221
08103		9.438215	0.092900	-0.976349	-0.243801	-0.169387	-0.060984	-0.463867	-0.608398	-0.087891	165.370104	-82.094225	-63.341901
08104		9.436309	0.101164	-0.993799	-0.243715	-0.205429	-0.063290	-0.464111	-0.602539	-0.091797	165.210711	-81.978697	-63.324492
08105		9.533064	0.121986	-1.172618	-0.243072	-0.224261	-0.065821	-0.468506	-0.612305	-0.085938	165.059227	-81.844301	-63.308459
08106		9.574396	0.102485	-1.291477	-0.240093	-0.203801	-0.069946	-0.469482	-0.607910	-0.085938	164.880300	-81.728635	-63.269176
08107		9.524600	0.124412	-1.333759	-0.227876	-0.174115	-0.069610	-0.463867	-0.615967	-0.088623	164.677825	-81.621381	-63.192800
08108		9.555570	0.148692	-1.309514	-0.177665	-0.173430	-0.070043	-0.467773	-0.613525	-0.087158	164.509789	-81.522381	-63.128303
08109		9.542968	0.200432	-1.187670	-0.133732	-0.204632	-0.069525	-0.464600	-0.604248	-0.093750	164.398752	-81.398234	-63.089802
08110		9.562975	0.152944	-1.206302	-0.115080	-0.222163	-0.063168	-0.471191	-0.613525	-0.094971	164.345523	-81.273323	-63.105081
08111		9.535815	0.139499	-1.213408	-0.113196	-0.204909	-0.055685	-0.465088	-0.617188	-0.077148	164.298859	-81.151153	-63.119787
08112		9.495940	0.182872	-1.289090	-0.099240	-0.202889	-0.045291	-0.469727	-0.613770	-0.090088	164.299563	-81.039614	-63.180457
08113		9.463955	0.166269	-1.260843	-0.082771	-0.203034	-0.040487	-0.471191	-0.613770	-0.085693	164.321094	-80.920834	-63.246571
08114		9.485693	0.191049	-1.293059	-0.057091	-0.200803	-0.029464	-0.469482	-0.606689	-0.081299	164.396356	-80.812846	-63.358288
08115		9.497963	0.212108	-1.256341	-0.032358	-0.188303	-0.024291	-0.475342	-0.611572	-0.078613	164.484551	-80.704662	-63.462719
08116		9.534923	0.253027	-1.231389	-0.012805	-0.166629	-0.020175	-0.462402	-0.609375	-0.083740	164.580409	-80.616881	-63.569608
08117		9.533552	0.277324	-1.210700	-0.007725	-0.151718	-0.016234	-0.471436	-0.616455	-0.083008	164.671881	-80.530079	-63.663110
08118		9.536992	0.333925	-1.308855	-0.007819	-0.139743	-0.019926	-0.469727	-0.609863	-0.076904	164.743793	-80.457124	-63.742870
08119		9.526163	0.333135	-1.252830	-0.020852	-0.120878	-0.016420	-0.471191	-0.608154	-0.080078	164.796849	-80.387305	-63.805082
08120		9.529395	0.305618	-1.211752	-0.042456	-0.104517	-0.020485	-0.468262	-0.611084	-0.082275	164.814202	-80.333694	-63.849619
08121		9.517557	0.260510	-1.224751	-0.058694	-0.102396	-0.018209	-0.465576	-0.610352	-0.081787	164.822452	-80.273819	-63.888393
08122		9.560538	0.271860	-1.141668	-0.055084	-0.113131	-0.021358	-0.461670	-0.609863	-0.087402	164.836724	-80.215293	-63.937161
08123		9.595169	0.223545	-1.254873	-0.051436	-0.123798	-0.021074	-0.468750	-0.614502	-0.073486	164.857827	-80.143149	-63.984774
08124		9.578788	0.177279	-1.235264	-0.062041	-0.113881	-0.021291	-0.465332	-0.619629	-0.090088	164.868273	-80.084203	-64.033705
08125		9.557458	0.160944	-1.267198	-0.073303	-0.122669	-0.021477	-0.463379	-0.611084	-0.079102	164.873817	-80.012620	-64.078260
08126		9.559938	0.112211	-1.263384	-0.076669	-0.127465	-0.029843	-0.472900	-0.616455	-0.079834	164.860151	-79.944870	-64.111237
08127		9.562466	0.063666	-1.259655	-0.085711	-0.122756	-0.024055	-0.471436	-0.611816	-0.080566	164.850139	-79.872854	-64.147231
08128		9.566212	0.037175	-1.219320	-0.076337	-0.111982	-0.026513	-0.462402	-0.614258	-0.080322	164.834011	-79.814160	-64.177504
08129		9.530282	0.025513	-1.269468	-0.065471	-0.108016	-0.016196	-0.476807	-0.618652	-0.084717	164.847111	-79.751476	-64.225214
08130		9.518492	-0.020168	-1.282822	-0.062376	-0.099679	-0.006302	-0.468750	-0.612793	-0.073242	164.890291	-79.702603	-64.307640
08131		9.530661	0.008063	-1.358347	-0.060676	-0.084454	-0.002311	-0.467285	-0.609619	-0.081299	164.928122	-79.655015	-64.377711
08132		9.549485	0.028370	-1.345602	-0.053591	-0.081968	-0.005751	-0.466309	-0.614014	-0.076660	164.962806	-79.615997	-64.446322
08133		9.606974	0.065273	-1.328112	-0.051779	-0.095921	-0.013175	-0.468018	-0.614014	-0.078125	164.981393	-79.560435	-64.491664
08134		9.633516	0.090478	-1.385795	-0.080226	-0.109516	-0.024918	-0.469971	-0.606445	-0.074951	164.965041	-79.503312	-64.523969
08135		9.685428	0.105921	-1.372473	-0.083810	-0.115956	-0.033341	-0.465576	-0.611572	-0.076904	164.920931	-79.433668	-64.524224
08136		9.669020	0.115467	-1.402173	-0.088858	-0.110294	-0.042640	-0.458984	-0.614990	-0.079834	164.848211	-79.373462	-64.504159
08137		9.647399	0.101611	-1.433229	-0.084389	-0.107373	-0.040531	-0.467529	-0.618652	-0.072266	164.776644	-79.307485	-64.476812
08138		9.641956	0.104693	-1.409551	-0.060321	-0.113746	-0.039151	-0.465576	-0.613281	-0.072754	164.734414	-79.245873	-64.471181
08139		9.572541	0.178415	-1.476405	-0.047239	-0.113636	-0.038010	-0.464111	-0.606445	-0.082275	164.697324	-79.176806	-64.457252
08140		9.565655	0.158868	-1.488696	-0.049182	-0.106519	-0.035616	-0.470215	-0.608643	-0.078857	164.666670	-79.119704	-64.456843
08141		9.511918	0.173094	-1.486096	-0.068099	-0.098879	-0.025991	-0.468994	-0.612549	-0.077637	164.641014	-79.060611	-64.466725
08142		9.496966	0.203450	-1.477986	-0.076497	-0.099535	-0.029959	-0.466553	-0.603516	-0.076660	164.605891	-79.008207	-64.477734
08143		9.469096	0.218462	-1.559269	-0.068093	-0.105582	-0.024192	-0.467285	-0.613770	-0.070801	164.590767	-78.945687	-64.498347
08144		9.465793	0.199825	-1.605415	-0.060773	-0.108142	-0.022387	-0.463135	-0.620117	-0.070313	164.592917	-78.889653	-64.538056
08145		9.485975	0.243862	-1.557647	-0.073356	-0.084437	-0.021802	-0.466553	-0.618408	-0.076172	164.565018	-78.839178	-64.548730
08146		9.482969	0.225815	-1.601589	-0.085776	-0.082944	-0.031068	-0.463623	-0.611084	-0.067383	164.509221	-78.795711	-64.544062
08147		9.501852	0.207900	-1.695872	-0.078690	-0.092360	-0.037805	-0.464111	-0.610352	-0.079346	164.440269	-78.738412	-64.516002
08148		9.499706	0.178394	-1.584961	-0.074098	-0.092964	-0.044114	-0.472412	-0.612061	-0.071289	164.363599	-78.687364	-64.483101
08149		9.471413	0.195252	-1.665280	-0.066772	-0.095527	-0.042331	-0.464844	-0.614014	-0.076172	164.292476	-78.627603	-64.445851
08150		9.473051	0.202533	-1.708923	-0.050634	-0.104344	-0.046537	-0.466309	-0.619873	-0.072510	164.232560	-78.569858	-64.416359
08151		9.390464	0.249024	-1.707609	-0.029342	-0.123936	-0.046542	-0.461670	-0.615723	-0.080566	164.194270	-78.493763	-64.390710
08152		9.364501	0.232703	-1.706236	-0.019582	-0.142069	-0.046885	-0.458496	-0.610107	-0.074219	164.180963	-78.415118	-64.390588
08153		9.315068	0.271112	-1.704265	-0.015568	-0.137403	-0.043342	-0.466797	-0.620850	-0.071533	164.169962	-78.332096	-64.384728
08154		9.368068	0.267296	-1.763250	-0.006598	-0.111351	-0.041071	-0.465576	-0.615479	-0.072021	164.156717	-78.271254	-64.376968
08155		9.401909	0.285111	-1.732696	-0.003183	-0.067641	-0.033078	-0.458496	-0.626709	-0.069336	164.127793	-78.228288	-64.345552
08156		9.464971	0.347495	-1.710830	0.000278	-0.040966	-0.033389	-0.460449	-0.615234	-0.063477	164.086299	-78.207398	-64.304934
08157		9.518101	0.362050	-1.691661	-0.009863	-0.041334	-0.026245	-0.463623	-0.610352	-0.065430	164.052178	-78.179992	-64.272112
08158		9.514126	0.362786	-1.661449	-0.024856	-0.046256	-0.028089	-0.467285	-0.615967	-0.066650	164.014559	-78.156979	-64.250072
08159		9.473276	0.369248	-1.600295	-0.043477	-0.059203	-0.031546	-0.467773	-0.618652	-0.071289	163.961065	-78.118885	-64.217128
08160		9.484395	0.289236	-1.541046	-0.034873	-0.072014	-0.020675	-0.461182	-0.618896	-0.070068	163.956768	-78.082834	-64.235059
08161		9.437447	0.305461	-1.602705	-0.017948	-0.063867	-0.011198	-0.462402	-0.620605	-0.081543	163.974675	-78.045389	-64.260134
08162		9.424310	0.313432	-1.660505	-0.022587	-0.044609	-0.003342	-0.466553	-0.616699	-0.063965	164.001918	-78.027153	-64.303086
08163		9.369517	0.302417	-1.687753	-0.034722	-0.049846	-0.000457	-0.463867	-0.606689	-0.075684	164.027403	-77.999122	-64.345738
08164		9.391912	0.324498	-1.707040	-0.047555	-0.066873	-0.002876	-0.456543	-0.613281	-0.072021	164.057871	-77.968661	-64.406494
08165		9.395925	0.273469	-1.698939	-0.054328	-0.071126	-0.007661	-0.458740	-0.621338	-0.063721	164.068870	-77.927765	-64.445830
08166		9.400132	0.223003	-1.689855	-0.071675	-0.045302	-0.010775	-0.468506	-0.614502	-0.076904	164.049063	-77.907912	-64.469370
08167		9.417132	0.165300	-1.626024	-0.062580	-0.026074	-0.003323	-0.464111	-0.623779	-0.066162	164.033291	-77.892521	-64.486170
08168		9.416310	0.242942	-1.641859	-0.039241	-0.050983	-0.009308	-0.459717	-0.609131	-0.065430	164.040145	-77.869758	-64.518031
08169		9.413694	0.279686	-1.767122	-0.018501	-0.077199	-0.006347	-0.459717	-0.619141	-0.066895	164.079158	-77.825724	-64.565041
08170		9.401879	0.309171	-1.791215	-0.006000	-0.088884	-0.007277	-0.464844	-0.618652	-0.065674	164.137522	-77.782358	-64.629963
08171		9.446582	0.295269	-1.743920	0.001086	-0.074518	-0.004105	-0.459717	-0.614258	-0.068848	164.190816	-77.740134	-64.680118
08172		9.398527	0.329044	-1.734661	0.001794	-0.062733	0.001218	-0.461426	-0.604248	-0.071045	164.255737	-77.712460	-64.747260
08173		9.394703	0.326623	-1.705765	0.003475	-0.052802	0.000240	-0.472412	-0.614990	-0.065674	164.305277	-77.682865	-64.792184
08174		9.401616	0.352443	-1.743368	0.002261	-0.059373	0.004795	-0.468750	-0.616455	-0.065430	164.376614	-77.657547	-64.865553
08175		9.366851	0.358959	-1.751709	0.008220	-0.070197	0.010976	-0.459717	-0.616455	-0.068359	164.467574	-77.619981	-64.950106
08176		9.386093	0.376602	-1.738531	0.010675	-0.080602	0.013860	-0.456787	-0.615479	-0.069336	164.580527	-77.584251	-65.061239
08177		9.397876	0.348841	-1.764136	0.011480	-0.079007	0.012533	-0.468262	-0.615723	-0.070801	164.682182	-77.541988	-65.154857
08178		9.370660	0.323905	-1.722616	0.003751	-0.067896	0.013995	-0.453125	-0.621094	-0.062256	164.781619	-77.513195	-65.256171
08179		9.419059	0.291189	-1.778799	-0.008920	-0.057866	0.014897	-0.466309	-0.620361	-0.062012	164.862052	-77.482910	-65.340047
08180		9.389701	0.302190	-1.855145	-0.015541	-0.060443	0.010209	-0.474365	-0.610107	-0.066895	164.935239	-77.457588	-65.425778
08181		9.406681	0.298880	-1.877320	-0.012281	-0.069265	0.011759	-0.461670	-0.618164	-0.064209	165.012794	-77.420481	-65.508697
08182		9.382071	0.277034	-1.870145	-0.008821	-0.079853	0.004974	-0.459229	-0.616699	-0.070801	165.089049	-77.383567	-65.593599
08183		9.385732	0.300324	-1.875420	-0.004779	-0.075257	0.008472	-0.459229	-0.610352	-0.062988	165.165768	-77.342610	-65.671281
08184		9.392211	0.325717	-1.913835	-0.001863	-0.053686	0.007962	-0.462402	-0.619385	-0.054199	165.235478	-77.320542	-65.745313
08185		9.360363	0.334949	-1.953866	-0.004520	-0.024713	0.003181	-0.462402	-0.618408	-0.065430	165.265875	-77.306783	-65.775377
08186		9.359835	0.334849	-1.956411	0.007164	-0.029572	-0.001600	-0.464844	-0.619873	-0.063232	165.301425	-77.296628	-65.809170
08187		9.384893	0.378038	-1.937630	0.015877	-0.040849	-0.012744	-0.461914	-0.621094	-0.062988	165.314655	-77.271605	-65.809659
08188		9.366285	0.324689	-1.842439	0.012808	-0.042183	-0.017497	-0.460693	-0.618408	-0.063721	165.322456	-77.252109	-65.811687
08189		9.391527	0.292670	-1.812065	0.011427	-0.042011	-0.018123	-0.451904	-0.612549	-0.063477	165.320691	-77.225661	-65.799415
08190		9.403562	0.344216	-1.845541	0.001063	-0.022188	-0.019588	-0.463135	-0.614014	-0.066406	165.303876	-77.216912	-65.782927
08191		9.436691	0.319440	-1.916119	-0.000415	-0.016939	-0.018609	-0.468018	-0.613525	-0.063965	165.278161	-77.204287	-65.753052
08192		9.384462	0.330806	-1.903921	0.000803	-0.027161	-0.012927	-0.466309	-0.617676	-0.054932	165.280751	-77.193727	-65.756730
08193		9.388848	0.355877	-1.905172	0.003410	-0.040980	-0.015018	-0.468994	-0.611084	-0.063232	165.281432	-77.168301	-65.751675
08194		9.338722	0.369455	-1.929021	0.006215	-0.039652	-0.017129	-0.465088	-0.626709	-0.058594	165.284906	-77.150170	-65.753003
08195		9.348490	0.342470	-1.916309	0.014177	-0.033926	-0.021995	-0.466553	-0.615967	-0.053223	165.270350	-77.127637	-65.725989
08196		9.322241	0.320568	-1.870756	0.020678	-0.031345	-0.020760	-0.456543	-0.617432	-0.058105	165.268035	-77.113543	-65.712959
08197		9.355267	0.314932	-1.871889	0.023929	-0.031767	-0.024341	-0.458740	-0.619629	-0.058594	165.252119	-77.091862	-65.678816
08198		9.338896	0.321434	-1.893341	0.019980	-0.037991	-0.021023	-0.466064	-0.609863	-0.061768	165.253059	-77.074015	-65.669336
08199		9.351044	0.296892	-1.915336	0.015933	-0.042567	-0.024499	-0.460693	-0.617676	-0.057617	165.239178	-77.046325	-65.641976
08200		9.337144	0.325239	-1.901316	0.012197	-0.045471	-0.024476	-0.461426	-0.618164	-0.052246	165.232238	-77.023805	-65.628989
08201		9.382934	0.293817	-1.921666	0.005185	-0.039565	-0.025995	-0.463623	-0.616455	-0.057861	165.206863	-76.997557	-65.596148
08202		9.371479	0.324697	-1.941473	0.001350	-0.037395	-0.024370	-0.465576	-0.611572	-0.057861	165.189001	-76.979490	-65.578359
08203		9.409348	0.343285	-1.941619	0.005566	-0.044613	-0.020732	-0.464355	-0.621826	-0.052490	165.179817	-76.951213	-65.561906
08204		9.374766	0.352181	-1.947360	0.002219	-0.039110	-0.015544	-0.468262	-0.620361	-0.057129	165.184756	-76.933459	-65.567001
08205		9.384171	0.400861	-1.946517	0.011631	-0.023377	-0.009744	-0.465332	-0.627441	-0.058105	165.191904	-76.918554	-65.563745
08206		9.362939	0.382254	-1.968783	0.008975	-0.024693	-0.004194	-0.464111	-0.613037	-0.060791	165.218657	-76.910421	-65.587535
08207		9.396032	0.375396	-1.969873	0.013184	-0.035340	-0.008954	-0.473877	-0.618652	-0.050537	165.236048	-76.889005	-65.593882
08208		9.374875	0.376090	-1.923393	0.020372	-0.053028	-0.007270	-0.466553	-0.607422	-0.061768	165.279680	-76.864677	-65.627810
08209		9.353058	0.357398	-1.948410	0.024998	-0.053607	-0.010235	-0.460449	-0.616211	-0.053467	165.312039	-76.832949	-65.642577
08210		9.378534	0.324592	-1.918805	0.024654	-0.043463	-0.010468	-0.472900	-0.621582	-0.054932	165.344325	-76.813412	-65.662121
08211		9.346235	0.334609	-1.958706	0.020575	-0.036234	-0.010672	-0.461914	-0.615479	-0.058105	165.362198	-76.791248	-65.664615
08212		9.349815	0.339710	-2.031301	0.027895	-0.043875	-0.014057	-0.465576	-0.617920	-0.052979	165.388062	-76.770948	-65.676201
08213		9.371776	0.361490	-2.050368	0.023938	-0.051744	-0.007351	-0.470703	-0.618896	-0.051514	165.425100	-76.740663	-65.696406
08214		9.368479	0.359647	-2.021076	0.013877	-0.055573	-0.008457	-0.459717	-0.620361	-0.054199	165.463142	-76.714636	-65.728561
08215		9.355093	0.309897	-1.995903	0.012247	-0.062015	0.000962	-0.473633	-0.615234	-0.048828	165.518942	-76.679840	-65.774933
08216		9.372545	0.326593	-1.947512	0.011480	-0.061931	-0.001061	-0.466309	-0.608643	-0.061768	165.576439	-76.651294	-65.828353
08217		9.355570	0.331177	-1.971135	0.014001	-0.057188	-0.001655	-0.461914	-0.622070	-0.053711	165.623739	-76.618784	-65.864968
08218		9.360755	0.337602	-2.079436	0.018696	-0.051036	-0.002975	-0.461670	-0.610840	-0.049561	165.673954	-76.595970	-65.906615
08219		9.380419	0.356678	-2.064981	0.021662	-0.061489	-0.004918	-0.458496	-0.617920	-0.050293	165.720218	-76.560597	-65.937659
08220		9.394942	0.351802	-2.053016	0.022856	-0.064949	-0.000991	-0.463867	-0.616211	-0.053711	165.785287	-76.530259	-65.991621
08221		9.327139	0.385109	-1.991641	0.029341	-0.063998	0.003572	-0.464355	-0.620605	-0.048340	165.856610	-76.494668	-66.043920
08222		9.326054	0.383924	-1.996946	0.030611	-0.047288	0.009023	-0.460938	-0.613525	-0.052979	165.938526	-76.475508	-66.111378
08223		9.332366	0.408295	-2.033182	0.022510	-0.027782	0.013636	-0.469727	-0.615234	-0.042480	166.007719	-76.461414	-66.165521
08224		9.312002	0.406954	-1.985096	0.023723	-0.029599	0.014194	-0.462891	-0.612549	-0.046631	166.087156	-76.452729	-66.234008
08225		9.329249	0.402952	-2.004674	0.017329	-0.035605	0.008053	-0.461426	-0.624756	-0.048828	166.144715	-76.433484	-66.279243
08226		9.390994	0.363709	-2.006785	0.017344	-0.033957	0.004685	-0.464600	-0.614990	-0.041016	166.200742	-76.421008	-66.327730
08227		9.349620	0.344569	-1.978760	0.006253	-0.032668	-0.000251	-0.463135	-0.616455	-0.050781	166.230933	-76.402245	-66.351345
08228		9.384619	0.339552	-2.014839	-0.008412	-0.034273	-0.001703	-0.469238	-0.616943	-0.041992	166.257572	-76.388686	-66.384511
08229		9.412645	0.309064	-2.018138	-0.023943	-0.030738	-0.003589	-0.457275	-0.628906	-0.052246	166.261596	-76.370539	-66.399007
08230		9.366275	0.326056	-2.108811	-0.034195	-0.024440	-0.001480	-0.462646	-0.612305	-0.047607	166.268385	-76.362463	-66.427571
08231		9.330103	0.331671	-2.078124	-0.038219	-0.027227	0.006841	-0.467285	-0.620117	-0.047363	166.286130	-76.347688	-66.464604
08232		9.358367	0.300834	-2.080350	-0.037780	-0.015537	0.005244	-0.467773	-0.610596	-0.047607	166.301325	-76.345438	-66.503294
08233		9.368289	0.348616	-2.077511	-0.037618	-0.002089	0.008546	-0.465576	-0.623779	-0.049072	166.309229	-76.344882	-66.529847
08234		9.331600	0.334349	-2.114254	-0.044643	0.017218	0.006933	-0.468018	-0.617920	-0.040771	166.306133	-76.361065	-66.553954
08235		9.333792	0.337302	-2.147265	-0.059552	0.008895	0.000408	-0.452881	-0.620605	-0.042969	166.276687	-76.365521	-66.555003
08236		9.368676	0.350827	-2.075393	-0.059542	-0.016313	-0.002719	-0.465820	-0.625000	-0.051758	166.261672	-76.361666	-66.575285
08237		9.348433	0.352704	-2.026636	-0.053279	-0.033887	-0.006509	-0.461426	-0.612305	-0.041260	166.243943	-76.341370	-66.584693
08238		9.359887	0.344577	-1.943000	-0.042634	-0.035090	0.003251	-0.464844	-0.619141	-0.047363	166.262838	-76.327866	-66.630169
08239		9.328616	0.373647	-1.911526	-0.036831	-0.040789	0.007545	-0.472656	-0.613037	-0.053223	166.290457	-76.305637	-66.676552
08240		9.324682	0.352081	-1.951391	-0.033271	-0.039538	0.007432	-0.477295	-0.618652	-0.052734	166.326615	-76.290207	-66.734331
08241		9.303348	0.316382	-2.079989	-0.041678	-0.045264	0.002086	-0.465088	-0.617432	-0.053955	166.341268	-76.264737	-66.770233
08242		9.282695	0.317451	-2.033607	-0.038887	-0.055706	-0.003312	-0.465576	-0.621338	-0.045166	166.358500	-76.238820	-66.812050
08243		9.303160	0.261871	-2.007629	-0.030526	-0.075269	-0.016254	-0.464111	-0.623535	-0.052979	166.354246	-76.194162	-66.821915
08244		9.319618	0.262015	-2.029873	-0.053520	-0.049004	-0.021543	-0.464355	-0.615723	-0.049316	166.317959	-76.169465	-66.817098
08245		9.333540	0.241771	-2.084836	-0.096750	-0.000124	-0.024146	-0.465820	-0.622803	-0.049072	166.216657	-76.165561	-66.766097
08246		9.276937	0.232351	-2.071185	-0.106806	-0.000602	-0.031919	-0.459473	-0.615723	-0.052490	166.099887	-76.166332	-66.709526
08247		9.274039	0.294815	-2.155507	-0.084127	-0.038600	-0.036800	-0.468018	-0.624756	-0.057129	165.998949	-76.139239	-66.651448
08248		9.300690	0.345164	-2.172365	-0.065364	-0.055973	-0.038509	-0.466797	-0.619873	-0.046631	165.922493	-76.108239	-66.612162
08249		9.309571	0.397764	-2.172523	-0.059302	-0.036573	-0.039293	-0.468262	-0.610107	-0.047607	165.829614	-76.081882	-66.547718
08250		9.366345	0.340573	-2.176352	-0.052292	-0.015608	-0.037987	-0.462646	-0.621338	-0.049316	165.739593	-76.073290	-66.485913
08251		9.409663	0.385229	-2.172386	-0.036503	-0.012461	-0.031065	-0.466064	-0.622314	-0.045654	165.664891	-76.061437	-66.426730
08252		9.442940	0.381393	-2.172714	-0.019307	-0.021237	-0.026832	-0.464600	-0.631348	-0.051270	165.622083	-76.051230	-66.394755
08253		9.448883	0.410250	-2.207861	-0.005572	-0.037967	-0.020736	-0.464844	-0.615967	-0.049561	165.602966	-76.026670	-66.374580
08254		9.435108	0.438126	-2.193336	0.002515	-0.048982	-0.015467	-0.453857	-0.618408	-0.046143	165.613998	-76.002655	-66.385558
08255		9.411518	0.417603	-2.182352	0.000916	-0.028632	-0.006189	-0.473633	-0.625977	-0.049805	165.625693	-75.985347	-66.393304
08256		9.406164	0.394271	-2.185875	0.003479	-0.003795	-0.005165	-0.463135	-0.617188	-0.053223	165.634388	-75.987830	-66.400823
08257		9.377540	0.425643	-2.184224	0.008647	0.020717	-0.006351	-0.469482	-0.622070	-0.057373	165.622007	-75.997888	-66.379191
08258		9.448937	0.433201	-2.143040	0.004457	0.034629	-0.008243	-0.454834	-0.621826	-0.048584	165.602470	-76.021247	-66.357282
08259		9.409307	0.415125	-2.108068	-0.012136	0.043326	-0.013876	-0.455322	-0.617676	-0.049316	165.548323	-76.042773	-66.304885
08260		9.419569	0.385678	-2.053556	-0.030286	0.047208	-0.013470	-0.464111	-0.622559	-0.051758	165.489538	-76.072263	-66.262027
08261		9.333565	0.401431	-2.000047	-0.032990	0.052588	-0.009645	-0.457764	-0.619629	-0.041016	165.427155	-76.099508	-66.213467
08262		9.304247	0.414912	-2.065189	-0.033162	0.047609	-0.002993	-0.464111	-0.625000	-0.051270	165.389717	-76.130717	-66.194819
08263		9.276428	0.446671	-2.059739	-0.038377	0.048264	0.001423	-0.461182	-0.621582	-0.049561	165.351284	-76.157148	-66.174118
08264		9.222623	0.435245	-2.076571	-0.040451	0.038477	0.007251	-0.464600	-0.620605	-0.053467	165.337894	-76.184762	-66.185057
08265		9.221594	0.432978	-2.038792	-0.037913	0.031455	0.003357	-0.460938	-0.614746	-0.047119	165.313860	-76.202154	-66.178915
08266		9.214058	0.388560	-2.074484	-0.035204	0.026088	-0.000467	-0.454346	-0.617432	-0.052002	165.293326	-76.221740	-66.178710
08267		9.227383	0.363268	-2.090746	-0.035545	0.022778	-0.000608	-0.460938	-0.623291	-0.050049	165.266765	-76.233745	-66.168570
08268		9.247376	0.364489	-2.139750	-0.039613	0.016566	-0.000707	-0.458740	-0.613281	-0.051270	165.248705	-76.247973	-66.173605
08269		9.247650	0.365107	-2.138457	-0.040133	0.008258	0.005793	-0.462158	-0.614258	-0.054199	165.242621	-76.252866	-66.187253
08270		9.230038	0.367462	-2.121120	-0.040919	0.005011	0.010486	-0.462646	-0.618408	-0.053467	165.256161	-76.262294	-66.225164
