// General information: 
//  MT Manager version: 2022.2.0 
//  XDA version: 2022.2.0 build 7381 rev 124627 built on 2023-07-19
// Device information: 
//  DeviceId: 00B4C3A0
//  ProductCode: MTW2-3A7G6
//  Firmware Version: 4.6.0
//  Hardware Version: 2.0.0
// Device settings: 
//  Filter Profile: human(46.1)
//  Option Flags: Orientation Smoother Disabled, Position/Velocity Smoother Disabled, Continuous Zero Rotation Update Disabled, AHS Disabled, ICC Disabled
// Coordinate system: ENU
PacketCounter	SampleTimeFine	Acc_X	Acc_Y	Acc_Z	Gyr_X	Gyr_Y	Gyr_Z	Mag_X	Mag_Y	Mag_Z	Roll	Pitch	Yaw
02234		9.603209	1.339317	0.285062	0.040177	0.035390	0.005504	-0.427490	-0.229248	0.622559	88.624899	-80.346818	-86.606985
02235		9.548013	1.388725	0.384990	0.034984	0.038547	0.003578	-0.428711	-0.219727	0.626953	88.524981	-80.348556	-86.482320
02236		9.537164	1.439747	0.417142	0.016430	0.031240	-0.000174	-0.427002	-0.227295	0.619141	88.405564	-80.350557	-86.348614
02237		9.449299	1.528299	0.417073	-0.002259	0.033600	-0.004445	-0.430420	-0.220703	0.629883	88.301689	-80.347701	-86.241580
02238		9.469097	1.541996	0.424208	-0.003045	0.019426	-0.005134	-0.428223	-0.226074	0.617676	88.211318	-80.346976	-86.148243
02239		9.500000	1.545681	0.410937	0.004293	0.012421	-0.002843	-0.435791	-0.228027	0.619141	88.182408	-80.345371	-86.113441
02240		9.519632	1.517999	0.406450	0.011631	0.005417	-0.000550	-0.432861	-0.224121	0.621094	88.145059	-80.347454	-86.066903
02241		9.563842	1.478230	0.329015	0.022306	-0.000140	0.000775	-0.427734	-0.227051	0.621338	88.168373	-80.348148	-86.074609
02242		9.572504	1.460281	0.342683	0.030843	-0.001862	0.001738	-0.434326	-0.225342	0.614258	88.167429	-80.351687	-86.053794
02243		9.619719	1.510702	0.250662	0.037061	-0.001228	-0.000800	-0.431885	-0.227783	0.630371	88.203035	-80.351498	-86.065392
02244		9.659342	1.496529	0.249360	0.047246	-0.000094	-0.006267	-0.429443	-0.221680	0.625244	88.205222	-80.350430	-86.039874
02245		9.688145	1.533802	0.277148	0.042752	-0.000368	-0.007049	-0.433594	-0.229492	0.622070	88.241839	-80.346646	-86.049190
02246		9.705341	1.498731	0.304747	0.033829	-0.003395	-0.005503	-0.437744	-0.224365	0.623779	88.248262	-80.346077	-86.036256
02247		9.683140	1.519440	0.342763	0.018542	-0.002074	-0.007640	-0.435059	-0.223877	0.627930	88.276789	-80.341983	-86.051437
02248		9.651704	1.475911	0.347493	0.006942	-0.001023	-0.010171	-0.428467	-0.224121	0.628418	88.258762	-80.338688	-86.025643
02249		9.606772	1.434741	0.405162	0.006760	-0.002507	-0.013307	-0.432129	-0.219482	0.622314	88.282552	-80.331356	-86.042867
02250		9.540373	1.422307	0.343519	0.012095	0.000074	-0.020134	-0.431152	-0.228516	0.622070	88.267527	-80.322324	-86.016001
02251		9.509077	1.420939	0.357728	0.018631	-0.007471	-0.019008	-0.432617	-0.234131	0.627930	88.315306	-80.311811	-86.050662
02252		9.488835	1.409720	0.352243	0.025939	-0.005532	-0.022908	-0.437500	-0.228516	0.628662	88.325348	-80.301379	-86.057722
02253		9.499826	1.443198	0.341614	0.033323	-0.006081	-0.023695	-0.430664	-0.221680	0.623291	88.377198	-80.288152	-86.087975
02254		9.525756	1.433169	0.392537	0.035012	-0.012182	-0.023925	-0.432617	-0.223145	0.634521	88.414797	-80.277177	-86.105484
02255		9.556682	1.480244	0.385495	0.040320	-0.016071	-0.027661	-0.432129	-0.221680	0.628418	88.504153	-80.261823	-86.169725
02256		9.556379	1.482814	0.383114	0.037415	-0.021724	-0.022998	-0.432861	-0.223389	0.630371	88.575898	-80.251528	-86.218966
02257		9.607297	1.542964	0.379665	0.029122	-0.025699	-0.023403	-0.429932	-0.224121	0.621338	88.690147	-80.238713	-86.314979
02258		9.606844	1.504063	0.367271	0.018051	-0.024887	-0.022218	-0.431641	-0.227295	0.627197	88.760709	-80.228838	-86.375117
02259		9.576045	1.584929	0.398497	0.009383	-0.028905	-0.014412	-0.429688	-0.228271	0.621582	88.873252	-80.221159	-86.480881
02260		9.558513	1.622068	0.366553	0.006017	-0.041508	-0.016030	-0.432373	-0.238037	0.617920	88.990992	-80.214998	-86.602966
02261		9.518679	1.638091	0.363533	-0.007559	-0.035141	-0.015789	-0.436279	-0.223389	0.627197	89.114268	-80.206515	-86.729479
02262		9.531897	1.637260	0.307660	-0.008084	-0.030221	-0.013810	-0.433105	-0.225098	0.628418	89.184135	-80.201444	-86.813151
02263		9.540490	1.620740	0.319387	-0.006085	-0.024398	-0.013981	-0.429199	-0.231201	0.639648	89.272230	-80.193848	-86.903108
02264		9.553684	1.619689	0.264319	-0.003650	-0.022773	-0.010460	-0.435547	-0.226318	0.627930	89.321669	-80.190671	-86.964888
02265		9.553412	1.579483	0.252212	-0.001597	-0.030592	-0.010110	-0.430664	-0.225342	0.630859	89.432512	-80.185292	-87.075325
02266		9.584153	1.542370	0.225204	-0.000048	-0.022324	-0.005187	-0.429932	-0.221436	0.624512	89.481695	-80.185010	-87.126592
02267		9.612818	1.538318	0.242670	-0.006580	-0.003617	-0.003717	-0.430420	-0.222412	0.627930	89.500061	-80.183119	-87.146077
02268		9.590560	1.517370	0.272184	-0.010603	0.009533	-0.001301	-0.430176	-0.226074	0.628906	89.439088	-80.184809	-87.083958
02269		9.579331	1.486248	0.282906	-0.007996	0.007952	-0.000336	-0.428467	-0.226074	0.630615	89.418233	-80.184793	-87.064463
02270		9.554963	1.465302	0.187929	-0.001622	-0.001085	-0.002347	-0.430420	-0.218018	0.633301	89.397599	-80.186030	-87.048173
02271		9.577148	1.486661	0.158940	0.013069	0.005018	-0.001369	-0.423584	-0.227295	0.630615	89.398566	-80.185437	-87.038574
02272		9.577125	1.486750	0.159514	0.028217	0.013378	0.000205	-0.431152	-0.226074	0.631348	89.348531	-80.188023	-86.971191
02273		9.585844	1.469041	0.174668	0.037144	0.016400	-0.001361	-0.426025	-0.215576	0.630859	89.325587	-80.187358	-86.923328
02274		9.588079	1.477025	0.141959	0.047141	0.014269	-0.001193	-0.430908	-0.227295	0.632324	89.283238	-80.189081	-86.848823
02275		9.645580	1.509548	0.189709	0.048687	0.017829	-0.001962	-0.426758	-0.228027	0.632568	89.262201	-80.188053	-86.796184
02276		9.623438	1.529883	0.229636	0.049249	0.024054	-0.001351	-0.429932	-0.224854	0.621826	89.187803	-80.189704	-86.702291
02277		9.623353	1.530215	0.231008	0.043840	0.019257	-0.003315	-0.424805	-0.224609	0.623779	89.159332	-80.187873	-86.644926
02278		9.585869	1.552640	0.199183	0.036537	0.017319	0.000597	-0.432373	-0.225586	0.624268	89.100512	-80.190541	-86.565809
02279		9.577092	1.570523	0.186008	0.031224	0.016502	-0.001353	-0.428223	-0.221924	0.625488	89.073844	-80.189845	-86.517610
02280		9.585759	1.552996	0.201671	0.026467	0.021919	-0.002698	-0.425537	-0.224121	0.626709	88.993492	-80.190546	-86.421198
02281		9.583362	1.545473	0.237273	0.028647	0.029234	0.000254	-0.426758	-0.219238	0.632324	88.923071	-80.190619	-86.330095
02282		9.625354	1.538758	0.205599	0.038397	0.032783	-0.000135	-0.428955	-0.219971	0.625244	88.815376	-80.192651	-86.200844
02283		9.645055	1.511029	0.204046	0.048556	0.052218	-0.000480	-0.431396	-0.225342	0.632080	88.680239	-80.191959	-86.032491
02284		9.633858	1.521278	0.227552	0.044415	0.050220	-0.000677	-0.430420	-0.229004	0.631592	88.516849	-80.193315	-85.843683
02285		9.631509	1.554898	0.274379	0.032041	0.041794	0.001848	-0.426025	-0.223633	0.627441	88.406585	-80.193973	-85.710174
02286		9.609127	1.533610	0.306995	0.012369	0.037902	0.005163	-0.431152	-0.216064	0.627686	88.265429	-80.198811	-85.572542
02287		9.580591	1.578828	0.300692	0.000898	0.029293	0.003189	-0.432861	-0.218994	0.627930	88.178532	-80.200365	-85.480858
02288		9.551933	1.582877	0.284845	0.003257	0.033392	0.003589	-0.425049	-0.217773	0.621094	88.047157	-80.204107	-85.339591
02289		9.543080	1.559061	0.264397	0.009315	0.037212	0.003600	-0.423584	-0.220459	0.617188	87.938683	-80.205674	-85.221118
02290		9.560390	1.523270	0.296577	0.011219	0.039052	0.003410	-0.424561	-0.219482	0.628174	87.795283	-80.209075	-85.065764
02291		9.568996	1.505292	0.314287	0.010309	0.034535	0.002228	-0.430176	-0.214600	0.624268	87.696348	-80.209831	-84.956393
02292		9.597507	1.500763	0.336307	0.008058	0.034398	0.001834	-0.434814	-0.221191	0.627686	87.566278	-80.212358	-84.816069
02293		9.608597	1.490295	0.320117	0.014891	0.032320	0.006138	-0.429443	-0.224121	0.630615	87.476690	-80.215334	-84.713521
02294		9.568866	1.504175	0.323470	0.013907	0.034982	0.007510	-0.433350	-0.217529	0.626465	87.344947	-80.221095	-84.578537
02295		9.546540	1.523828	0.365142	0.019160	0.038253	0.006352	-0.428223	-0.222900	0.622803	87.237909	-80.223963	-84.455803
02296		9.577580	1.526543	0.353703	0.020960	0.036123	0.006156	-0.437256	-0.214600	0.624268	87.107218	-80.228742	-84.312257
02297		9.557614	1.512776	0.352165	0.021142	0.032908	0.003611	-0.430908	-0.213623	0.629150	87.019389	-80.230116	-84.207865
02298		9.599921	1.546895	0.330373	0.016180	0.030387	0.002229	-0.423828	-0.220703	0.622559	86.905495	-80.232632	-84.073085
02299		9.608479	1.529061	0.347295	0.019423	0.027848	0.001255	-0.436768	-0.223877	0.621338	86.833865	-80.232756	-83.986130
02300		9.593646	1.530503	0.278189	0.019420	0.032551	0.006929	-0.436523	-0.216797	0.621582	86.713850	-80.237940	-83.859305
02301		9.622194	1.525491	0.300176	0.020341	0.037052	0.008110	-0.420654	-0.216064	0.623291	86.610745	-80.241625	-83.739881
02302		9.602311	1.511295	0.298802	0.013645	0.034190	0.010043	-0.421631	-0.216064	0.629883	86.482623	-80.248368	-83.599138
02303		9.591061	1.479215	0.311703	0.012553	0.032887	0.011407	-0.435791	-0.217041	0.629883	86.388011	-80.254006	-83.492864
02304		9.588545	1.470474	0.348028	0.014411	0.028295	0.014340	-0.431396	-0.221680	0.624268	86.278993	-80.263419	-83.376465
02305		9.537745	1.493896	0.369324	0.017432	0.017831	0.013362	-0.427490	-0.223633	0.623047	86.236661	-80.270683	-83.320403
02306		9.569008	1.495924	0.355898	0.024723	0.013299	0.012601	-0.436523	-0.213135	0.626221	86.182564	-80.279664	-83.262387
02307		9.526669	1.460615	0.381403	0.029984	0.016560	0.011448	-0.420166	-0.221436	0.623535	86.151938	-80.285868	-83.210907
02308		9.546694	1.472988	0.387085	0.032241	0.016684	0.011847	-0.435791	-0.208496	0.625732	86.091954	-80.294207	-83.134550
02309		9.540735	1.456056	0.330649	0.034216	0.011348	0.009116	-0.434570	-0.215332	0.625488	86.081586	-80.299269	-83.101165
02310		9.529729	1.506833	0.359745	0.033524	0.014762	0.007942	-0.435059	-0.212891	0.623779	86.028096	-80.305295	-83.018359
02311		9.578177	1.515392	0.384159	0.031101	0.013131	0.004415	-0.436279	-0.214355	0.628906	86.011004	-80.307592	-82.979964
02312		9.549849	1.560642	0.375189	0.023700	0.013701	0.005169	-0.429199	-0.218018	0.621826	85.955671	-80.312096	-82.905709
02313		9.578366	1.555901	0.395026	0.017631	0.009898	0.005147	-0.430420	-0.215820	0.623291	85.941465	-80.314934	-82.878072
02314		9.600890	1.534858	0.357275	0.015781	0.005600	0.008464	-0.437012	-0.225098	0.627441	85.909245	-80.321707	-82.840076
02315		9.595100	1.559312	0.309463	0.012718	0.004930	0.006888	-0.438721	-0.217285	0.623779	85.908420	-80.325741	-82.828870
02316		9.592561	1.551012	0.343289	0.009881	0.003299	0.011568	-0.434326	-0.209961	0.625488	85.876833	-80.334404	-82.800652
02317		9.612509	1.522037	0.338606	0.013470	-0.000951	0.011194	-0.437012	-0.210449	0.625488	85.895112	-80.341139	-82.808388
02318		9.570283	1.528244	0.372327	0.012082	0.005885	0.008839	-0.432129	-0.205811	0.626465	85.858869	-80.347961	-82.755394
02319		9.576450	1.543501	0.429754	0.009421	0.001046	0.010982	-0.430420	-0.214111	0.620117	85.868162	-80.354493	-82.756367
02320		9.567875	1.519092	0.406097	0.004392	0.001002	0.006466	-0.434814	-0.221436	0.634277	85.845776	-80.360171	-82.723468
02321		9.585232	1.524413	0.444026	0.000112	-0.004920	0.006258	-0.435059	-0.219482	0.621338	85.870962	-80.364251	-82.745971
02322		9.570769	1.525318	0.371846	-0.005846	-0.004756	0.006234	-0.439697	-0.215088	0.625732	85.859842	-80.370224	-82.750460
02323		9.551114	1.552646	0.376161	-0.003937	-0.002921	0.006045	-0.433594	-0.220947	0.637939	85.876053	-80.374099	-82.766213
02324		9.582332	1.555371	0.361355	-0.003009	-0.003128	0.001554	-0.434570	-0.214355	0.631348	85.862145	-80.377305	-82.763184
02325		9.559791	1.534235	0.390275	-0.004283	-0.001212	0.005456	-0.430908	-0.214844	0.626221	85.872551	-80.380773	-82.773251
02326		9.593548	1.502833	0.332794	-0.008738	-0.003925	0.007786	-0.430664	-0.220215	0.625488	85.858123	-80.387513	-82.767217
02327		9.579951	1.546230	0.394558	-0.018108	-0.002720	0.005599	-0.430908	-0.219971	0.631348	85.865670	-80.391125	-82.782418
02328		9.591266	1.535339	0.375493	-0.019553	-0.002305	0.006375	-0.434570	-0.211670	0.621826	85.839864	-80.397098	-82.781883
02329		9.579953	1.503767	0.385571	-0.023773	-0.001806	0.003036	-0.439453	-0.209717	0.629883	85.841717	-80.399208	-82.794601
02330		9.571464	1.521076	0.371325	-0.029728	-0.001645	0.003014	-0.439941	-0.219727	0.618408	85.808056	-80.402963	-82.769425
02331		9.560308	1.530946	0.390524	-0.028396	-0.006024	0.002237	-0.433594	-0.212646	0.620605	85.821715	-80.404795	-82.796802
02332		9.540421	1.517421	0.385497	-0.030590	-0.013322	-0.000703	-0.443604	-0.208496	0.625488	85.827371	-80.406936	-82.817716
02333		9.571606	1.520378	0.370529	-0.028738	-0.004321	0.001651	-0.437744	-0.213623	0.623779	85.835232	-80.408361	-82.839411
02334		9.602789	1.523298	0.355713	-0.023706	-0.008987	0.000496	-0.427002	-0.217529	0.619873	85.829576	-80.410925	-82.836437
02335		9.594288	1.540812	0.340944	-0.030642	-0.006163	0.001840	-0.432373	-0.208252	0.632813	85.842540	-80.412534	-82.864414
02336		9.594160	1.499167	0.331671	-0.037230	-0.005052	0.003772	-0.436035	-0.207031	0.618652	85.818054	-80.416957	-82.860110
02337		9.614162	1.511994	0.336679	-0.034741	0.002994	0.004178	-0.436523	-0.215820	0.623291	85.797108	-80.419521	-82.856078
02338		9.596940	1.505632	0.299468	-0.035721	0.005654	0.005545	-0.433105	-0.216553	0.634521	85.735092	-80.424357	-82.803462
02339		9.574418	1.484043	0.329498	-0.036816	0.004352	0.006908	-0.438232	-0.223877	0.627930	85.707635	-80.428422	-82.794033
02340		9.585680	1.473340	0.310955	-0.020401	-0.000411	0.002075	-0.438721	-0.211670	0.626953	85.675296	-80.431782	-82.783118
02341		9.662616	1.477418	0.354238	-0.018550	0.008591	0.004441	-0.431885	-0.218994	0.620361	85.644539	-80.434252	-82.759729
02342		9.645561	1.512507	0.326621	-0.025655	0.009917	0.002658	-0.430176	-0.209961	0.624023	85.574672	-80.437331	-82.701500
02343		9.639737	1.537327	0.279877	-0.037153	0.006049	0.006322	-0.433594	-0.214600	0.627441	85.541341	-80.440981	-82.686311
02344		9.600152	1.551130	0.281226	-0.047896	0.005185	0.008040	-0.431641	-0.222412	0.620361	85.474743	-80.447322	-82.641684
02345		9.591745	1.567904	0.268118	-0.048526	0.006128	0.009994	-0.429932	-0.214355	0.625000	85.433579	-80.453062	-82.625160
02346		9.540795	1.550343	0.279336	-0.040318	0.006094	0.010416	-0.436279	-0.206543	0.623291	85.367233	-80.460788	-82.585633
02347		9.560610	1.521572	0.276405	-0.031527	0.021176	0.005211	-0.433105	-0.214355	0.626221	85.285900	-80.463088	-82.518501
02348		9.577685	1.485341	0.307568	-0.026674	0.019717	0.006595	-0.432129	-0.213867	0.625244	85.182003	-80.467793	-82.417885
02349		9.603272	1.431236	0.352991	-0.026671	0.019713	0.006595	-0.439453	-0.212402	0.622559	85.107929	-80.470918	-82.355294
02350		9.605997	1.438294	0.321358	-0.024363	0.012680	0.004433	-0.434814	-0.222412	0.625000	85.029365	-80.474729	-82.282966
02351		9.597544	1.455354	0.308609	-0.028982	0.013145	0.009302	-0.440430	-0.210205	0.619629	84.975411	-80.479702	-82.242120
02352		9.572494	1.466887	0.382065	-0.022688	0.011279	0.009909	-0.441406	-0.223389	0.620361	84.900170	-80.486717	-82.176168
02353		9.544157	1.470350	0.364300	-0.014144	0.009542	0.010917	-0.427979	-0.216064	0.627197	84.866384	-80.492782	-82.147152
02354		9.572953	1.505954	0.393895	-0.010448	0.009260	0.010541	-0.430908	-0.213135	0.628174	84.805288	-80.500338	-82.096116
02355		9.584058	1.453590	0.366520	-0.018525	0.013242	0.010129	-0.445068	-0.214600	0.618896	84.756512	-80.505752	-82.054448
02356		9.584375	1.493945	0.377140	-0.013334	0.005395	0.006410	-0.441895	-0.212891	0.619873	84.707972	-80.511003	-82.006434
02357		9.607131	1.514199	0.349308	-0.024297	0.010195	0.007552	-0.434570	-0.218750	0.621582	84.667009	-80.515097	-81.976041
02358		9.593276	1.515628	0.403207	-0.030653	0.005622	0.010047	-0.427979	-0.207520	0.627441	84.606367	-80.522411	-81.928294
02359		9.584924	1.532354	0.389840	-0.038502	0.003930	0.010200	-0.439941	-0.222168	0.632324	84.577740	-80.528347	-81.918660
02360		9.596294	1.521087	0.371698	-0.045885	0.004484	0.010951	-0.437744	-0.224121	0.627686	84.513289	-80.536299	-81.878837
02361		9.602177	1.494229	0.420868	-0.043508	0.008564	0.011371	-0.439453	-0.218506	0.624512	84.465470	-80.542644	-81.852655
02362		9.551179	1.476614	0.431750	-0.038954	0.001665	0.009602	-0.437256	-0.216064	0.624268	84.413273	-80.550014	-81.827976
02363		9.591006	1.460711	0.431960	-0.033078	-0.004927	0.012725	-0.436523	-0.217041	0.622803	84.417127	-80.557878	-81.848120
02364		9.559776	1.415011	0.436683	-0.025347	-0.007199	0.012553	-0.435791	-0.222656	0.637451	84.403043	-80.567332	-81.846130
02365		9.573996	1.411111	0.383671	-0.022406	-0.005826	0.019805	-0.431641	-0.219971	0.630615	84.413754	-80.579285	-81.867025
02366		9.551559	1.388261	0.412313	-0.021013	-0.003756	0.015913	-0.433350	-0.225342	0.619385	84.389737	-80.590638	-81.864309
02367		9.594207	1.379664	0.378394	-0.019518	-0.006646	0.018250	-0.429688	-0.214844	0.630859	84.405489	-80.601750	-81.888636
02368		9.568793	1.390338	0.325438	-0.013576	-0.006798	0.018276	-0.433350	-0.211426	0.624023	84.395968	-80.614564	-81.892713
02369		9.600536	1.432922	0.320291	-0.012010	-0.003248	0.017521	-0.433594	-0.217285	0.625977	84.404604	-80.625070	-81.905467
02370		9.601105	1.472333	0.329959	-0.017484	-0.000852	0.018096	-0.436279	-0.224121	0.613281	84.372475	-80.637333	-81.878883
02371		9.598600	1.462831	0.363881	-0.019317	0.003747	0.015182	-0.435303	-0.217529	0.620605	84.353510	-80.646114	-81.867905
02372		9.576066	1.440327	0.393424	-0.028655	0.004945	0.012998	-0.440186	-0.221680	0.617432	84.295388	-80.655172	-81.827970
02373		9.616181	1.465505	0.403572	-0.020298	0.001732	0.010866	-0.435791	-0.222656	0.624268	84.284252	-80.661605	-81.825497
02374		9.616002	1.423244	0.394306	-0.016607	0.001452	0.010490	-0.441162	-0.225586	0.624756	84.245454	-80.669455	-81.800354
02375		9.618546	1.389070	0.351258	-0.011309	-0.002421	0.006776	-0.427246	-0.223145	0.625977	84.255279	-80.673794	-81.813903
02376		9.635563	1.352464	0.379542	-0.006127	-0.005591	0.008735	-0.429932	-0.213867	0.623047	84.248370	-80.681149	-81.821524
02377		9.613658	1.412841	0.427061	-0.006252	-0.009550	0.008710	-0.433350	-0.217041	0.627930	84.285220	-80.686998	-81.859522
02378		9.625020	1.401934	0.406873	-0.002220	-0.011542	0.008911	-0.440186	-0.218506	0.625244	84.302654	-80.694666	-81.876947
02379		9.616373	1.377911	0.382075	-0.003245	-0.006404	0.007179	-0.432617	-0.217285	0.629150	84.330893	-80.699458	-81.904474
02380		9.597242	1.446177	0.396056	-0.003193	-0.008890	0.010291	-0.432373	-0.217285	0.620361	84.336863	-80.707775	-81.913286
02381		9.577396	1.432191	0.390737	-0.008084	-0.004947	0.005799	-0.440186	-0.213867	0.622070	84.357780	-80.711696	-81.936201
02382		9.589043	1.462641	0.381161	-0.019026	-0.000152	0.006956	-0.434814	-0.215576	0.622314	84.325613	-80.717530	-81.909638
02383		9.577949	1.472062	0.400511	-0.018861	-0.003340	0.004396	-0.435791	-0.213623	0.628662	84.335247	-80.720561	-81.927377
02384		9.589219	1.461451	0.381286	-0.021740	-0.002529	0.005953	-0.430176	-0.211914	0.623779	84.310570	-80.725979	-81.910806
02385		9.600478	1.450851	0.362305	-0.026920	0.000640	0.003998	-0.438477	-0.217529	0.631836	84.301837	-80.728558	-81.914612
02386		9.569370	1.447174	0.377097	-0.028484	-0.002917	0.004750	-0.435791	-0.221436	0.619873	84.275365	-80.733332	-81.901473
02387		9.609050	1.431963	0.376893	-0.026411	-0.004263	0.002013	-0.432861	-0.219238	0.623047	84.284749	-80.735059	-81.923340
02388		9.591839	1.426465	0.338396	-0.025095	-0.008631	0.001206	-0.434814	-0.222900	0.624268	84.280983	-80.738185	-81.937077
02389		9.597572	1.400509	0.385758	-0.022898	-0.006016	-0.001503	-0.433838	-0.219727	0.626709	84.299746	-80.738008	-81.966407
02390		9.560686	1.423338	0.352195	-0.025611	-0.008393	-0.002508	-0.433350	-0.218750	0.627441	84.296230	-80.739041	-81.983046
02391		9.600299	1.408681	0.351512	-0.029297	-0.008119	-0.002130	-0.437500	-0.218262	0.622314	84.318900	-80.738625	-82.020051
02392		9.569516	1.446679	0.375299	-0.028611	-0.011550	-0.000980	-0.434570	-0.221680	0.622803	84.324283	-80.740642	-82.042086
02393		9.620344	1.421825	0.355043	-0.025553	-0.010891	0.000601	-0.438232	-0.222900	0.625244	84.357855	-80.741935	-82.087963
02394		9.583499	1.444447	0.320933	-0.029829	-0.016826	0.000344	-0.434814	-0.219727	0.630371	84.380145	-80.745043	-82.132145
02395		9.591992	1.426464	0.334048	-0.025385	-0.014080	-0.001963	-0.430908	-0.215820	0.628906	84.425879	-80.745045	-82.190246
02396		9.594715	1.434601	0.299493	-0.015764	-0.014502	-0.002323	-0.435791	-0.218262	0.622070	84.450322	-80.746483	-82.225023
02397		9.592014	1.426813	0.331899	-0.018352	-0.012918	-0.003296	-0.431152	-0.227051	0.618408	84.496478	-80.745649	-82.279468
02398		9.560837	1.423945	0.345580	-0.015350	-0.009765	-0.004824	-0.433105	-0.210693	0.619385	84.504898	-80.745393	-82.300417
02399		9.571955	1.414438	0.325492	-0.007978	-0.010313	-0.005585	-0.436523	-0.224609	0.626953	84.548630	-80.743104	-82.346384
02400		9.589590	1.461220	0.372748	0.002108	-0.008483	-0.005340	-0.433350	-0.223145	0.618164	84.562984	-80.742401	-82.356066
02401		9.600706	1.451749	0.352523	0.002451	-0.010198	-0.004767	-0.428467	-0.222168	0.619141	84.611988	-80.740564	-82.401322
02402		9.632204	1.496476	0.346914	-0.002673	-0.009522	-0.003605	-0.433105	-0.215820	0.625488	84.627078	-80.740982	-82.421744
02403		9.595259	1.519559	0.312567	-0.014443	-0.018875	-0.003134	-0.432617	-0.221191	0.622070	84.696215	-80.740529	-82.497206
02404		9.564127	1.516547	0.325670	-0.017661	-0.016357	-0.002146	-0.438477	-0.218994	0.621582	84.726230	-80.742077	-82.536331
02405		9.586429	1.496830	0.285855	-0.020250	-0.014774	-0.003118	-0.438477	-0.218994	0.630371	84.777684	-80.741400	-82.597248
02406		9.557935	1.501985	0.265601	-0.009659	-0.017840	-0.004871	-0.432373	-0.218994	0.634033	84.817290	-80.741427	-82.640262
02407		9.594879	1.479622	0.297109	-0.009658	-0.017842	-0.004871	-0.432373	-0.225342	0.629883	84.886088	-80.739890	-82.712603
02408		9.566016	1.443668	0.266638	-0.016340	-0.020730	-0.002960	-0.430664	-0.217041	0.629150	84.932575	-80.741276	-82.775731
02409		9.574891	1.467066	0.288864	-0.019050	-0.023112	-0.003965	-0.436279	-0.222412	0.630859	85.014146	-80.740496	-82.866465
02410		9.569631	1.451345	0.353736	-0.018076	-0.025765	-0.005354	-0.431396	-0.225342	0.626953	85.078048	-80.740670	-82.943084
02411		9.560775	1.428613	0.327537	-0.010868	-0.023127	-0.003554	-0.429932	-0.224609	0.619141	85.164218	-80.740088	-83.033729
02412		9.518542	1.435750	0.359283	-0.002869	-0.024605	-0.006284	-0.438721	-0.223389	0.622559	85.233172	-80.739692	-83.112004
02413		9.552237	1.447875	0.308656	0.003855	-0.028866	-0.010803	-0.437744	-0.216797	0.628418	85.349922	-80.735197	-83.225087
02414		9.538472	1.450769	0.358519	0.010134	-0.030724	-0.010220	-0.432373	-0.223633	0.627686	85.447705	-80.732656	-83.315144
02415		9.572114	1.463172	0.307219	0.008862	-0.033511	-0.012006	-0.433105	-0.224365	0.623779	85.583713	-80.727611	-83.444835
02416		9.609476	1.482700	0.346554	0.010184	-0.037884	-0.012823	-0.429932	-0.224365	0.623291	85.707962	-80.723935	-83.569732
02417		9.600885	1.501927	0.328548	0.010534	-0.039607	-0.012251	-0.438477	-0.214600	0.623291	85.866040	-80.718908	-83.720818
02418		9.618313	1.508186	0.362551	0.005644	-0.044624	-0.010542	-0.431885	-0.218262	0.629150	86.010474	-80.716585	-83.859868
02419		9.611924	1.494020	0.301002	0.005602	-0.037476	-0.007939	-0.425781	-0.223145	0.635498	86.156980	-80.713813	-84.002094
02420		9.594414	1.489795	0.258829	0.003406	-0.044770	-0.010935	-0.432373	-0.220947	0.628662	86.301662	-80.711278	-84.150754
02421		9.583282	1.500886	0.273935	0.010086	-0.041883	-0.012860	-0.429688	-0.223389	0.621582	86.467034	-80.705731	-84.309497
02422		9.585720	1.510009	0.235953	0.014539	-0.048093	-0.009001	-0.425537	-0.217041	0.625244	86.628437	-80.704223	-84.465979
02423		9.563211	1.489773	0.259995	0.017071	-0.047189	-0.011142	-0.429688	-0.215576	0.628418	86.815692	-80.699681	-84.642845
02424		9.572147	1.513956	0.279050	0.020022	-0.050502	-0.009606	-0.428467	-0.218994	0.626465	86.989726	-80.697668	-84.802228
02425		9.561116	1.524845	0.293205	0.020378	-0.052231	-0.009033	-0.425781	-0.215820	0.630127	87.195814	-80.694296	-84.996259
02426		9.554548	1.510670	0.230390	0.021823	-0.052645	-0.009819	-0.433350	-0.219971	0.629639	87.378174	-80.692062	-85.165432
02427		9.565543	1.501679	0.205422	0.016135	-0.058210	-0.009272	-0.427246	-0.221191	0.626953	87.602477	-80.688485	-85.380389
02428		9.556902	1.520412	0.186009	0.008370	-0.048792	-0.006453	-0.428955	-0.217529	0.623291	87.762092	-80.687919	-85.537384
02429		9.556936	1.520779	0.181201	0.014222	-0.048242	-0.000787	-0.425537	-0.217041	0.634033	87.949195	-80.688765	-85.715755
02430		9.579313	1.542389	0.147714	0.008139	-0.043114	-0.006993	-0.431396	-0.218506	0.628418	88.089733	-80.687578	-85.849860
02431		9.590284	1.532839	0.124521	0.002344	-0.034332	-0.001246	-0.422852	-0.221680	0.632813	88.221514	-80.687754	-85.979069
02432		9.627629	1.510292	0.154516	0.000427	-0.022540	-0.001543	-0.425781	-0.221924	0.629883	88.285055	-80.689290	-86.044461
02433		9.618994	1.528285	0.138405	-0.001984	-0.019477	0.000636	-0.420654	-0.220459	0.634277	88.362302	-80.690233	-86.120919
02434		9.614439	1.512127	0.203628	-0.002607	-0.018538	0.002599	-0.422607	-0.228760	0.630371	88.410577	-80.694097	-86.176400
02435		9.636856	1.532940	0.172975	-0.002417	-0.017062	0.005737	-0.430176	-0.211670	0.628174	88.478710	-80.697899	-86.243872
02436		9.606023	1.528982	0.185830	-0.000657	-0.025664	0.008599	-0.428467	-0.218018	0.628418	88.552015	-80.705216	-86.319292
02437		9.612954	1.543531	0.241050	-0.005586	-0.021711	0.004146	-0.423096	-0.211426	0.635742	88.634881	-80.708143	-86.403532
02438		9.617280	1.517592	0.162169	-0.003687	-0.021663	0.012741	-0.424805	-0.214600	0.631348	88.692885	-80.717663	-86.458391
02439		9.595207	1.495123	0.189369	-0.007261	-0.017415	0.013175	-0.425293	-0.217773	0.632813	88.759202	-80.725676	-86.526831
02440		9.575416	1.480535	0.183585	-0.013707	-0.012359	0.015186	-0.422363	-0.216064	0.632324	88.778951	-80.736489	-86.551310
02441		9.556055	1.506992	0.188103	-0.009912	-0.008654	0.014814	-0.422607	-0.212891	0.639648	88.813046	-80.745322	-86.588638
02442		9.615938	1.504178	0.191330	-0.011781	-0.004028	0.011924	-0.422607	-0.217773	0.623047	88.805727	-80.754169	-86.584728
02443		9.620265	1.468929	0.272518	-0.022723	0.000765	0.013166	-0.420898	-0.211670	0.630371	88.799520	-80.761945	-86.588658
02444		9.565288	1.485369	0.202390	-0.027302	0.003001	0.009288	-0.427734	-0.222412	0.633057	88.758719	-80.769134	-86.557110
02445		9.591826	1.471790	0.255070	-0.026057	0.001120	0.005360	-0.423828	-0.216797	0.630859	88.749914	-80.772435	-86.560344
02446		9.611500	1.443219	0.250192	-0.022993	0.001785	0.006921	-0.431152	-0.217041	0.629883	88.715049	-80.778374	-86.539617
02447		9.622949	1.473863	0.241193	-0.025784	0.001898	0.002825	-0.431152	-0.217773	0.630615	88.703842	-80.780213	-86.540259
02448		9.613887	1.450292	0.217935	-0.025942	0.005091	0.005394	-0.427490	-0.213867	0.632080	88.654781	-80.785143	-86.500275
02449		9.616225	1.457822	0.185152	-0.020471	0.002694	0.004772	-0.418701	-0.212646	0.630615	88.643634	-80.788086	-86.497893
02450		9.585335	1.453954	0.200657	-0.018843	0.003763	0.007122	-0.424561	-0.218750	0.634033	88.605229	-80.793993	-86.462232
02451		9.583619	1.486266	0.244551	-0.021201	-0.000349	0.006701	-0.430176	-0.222412	0.635742	88.604239	-80.798084	-86.470564
02452		9.585550	1.452404	0.201570	-0.022793	0.003245	0.010061	-0.422363	-0.218750	0.633057	88.563921	-80.805799	-86.445217
02453		9.586211	1.492117	0.212452	-0.023377	0.008844	0.017737	-0.416992	-0.220215	0.629150	88.528128	-80.816079	-86.419555
02454		9.577791	1.508506	0.199779	-0.027138	0.011618	0.015036	-0.433105	-0.219482	0.635254	88.456766	-80.826504	-86.366039
02455		9.598114	1.519711	0.205982	-0.038526	0.012321	0.024456	-0.423828	-0.217529	0.635254	88.399105	-80.840569	-86.327021
02456		9.622632	1.505485	0.135371	-0.044719	0.011663	0.027007	-0.436768	-0.217773	0.630371	88.314407	-80.857777	-86.265823
02457		9.648938	1.448417	0.179465	-0.048356	0.016581	0.033124	-0.428711	-0.219971	0.638672	88.234630	-80.876717	-86.210112
02458		9.625357	1.466185	0.096723	-0.051605	0.026257	0.036749	-0.427490	-0.230225	0.627686	88.091410	-80.899176	-86.091897
02459		9.685034	1.419573	0.094515	-0.033313	0.046389	0.042584	-0.422119	-0.222656	0.632324	87.911541	-80.922894	-85.926100
02460		9.722298	1.351292	0.122276	-0.014475	0.054443	0.043802	-0.427246	-0.222168	0.627686	87.687375	-80.948807	-85.718431
02461		9.762421	1.331995	0.127702	0.010375	0.073483	0.047673	-0.427979	-0.227051	0.627197	87.432177	-80.974575	-85.451035
02462		9.797158	1.255020	0.191499	0.023541	0.089599	0.048998	-0.428223	-0.220215	0.629883	87.098985	-81.002126	-85.106948
02463		9.775118	1.228740	0.228743	0.019339	0.088254	0.054463	-0.430420	-0.218506	0.633545	86.790781	-81.030875	-84.780730
02464		9.756067	1.251694	0.242316	-0.010435	0.080326	0.048731	-0.432129	-0.220703	0.627686	86.468130	-81.057931	-84.461732
02465		9.705890	1.272117	0.270100	-0.035914	0.071209	0.040627	-0.427246	-0.218994	0.628418	86.189663	-81.078845	-84.197709
02466		9.700199	1.294878	0.229884	-0.043555	0.068143	0.029452	-0.425781	-0.208496	0.625977	85.894132	-81.094857	-83.926024
02467		9.724296	1.239892	0.154791	-0.032544	0.071655	0.016399	-0.426758	-0.223389	0.617920	85.620318	-81.101499	-83.664778
02468		9.803446	1.208671	0.160703	-0.023309	0.068302	0.009725	-0.423828	-0.207275	0.628662	85.341198	-81.105747	-83.391419
02469		9.777537	1.137459	0.219440	-0.025583	0.063527	0.003610	-0.423828	-0.212646	0.627197	85.104327	-81.105098	-83.163534
02470		9.741610	1.159143	0.317139	-0.036876	0.053615	-0.009811	-0.436523	-0.223389	0.627686	84.878496	-81.098563	-82.946829
02471		9.637432	1.201750	0.395985	-0.054051	0.048476	-0.017524	-0.437744	-0.214111	0.621338	84.687505	-81.086368	-82.781885
02472		9.526788	1.230071	0.416457	-0.068706	0.035265	-0.021227	-0.438232	-0.220703	0.623291	84.511482	-81.074131	-82.640401
02473		9.490044	1.296235	0.397335	-0.077905	0.019662	-0.025540	-0.429688	-0.211914	0.634033	84.415092	-81.058816	-82.585043
02474		9.461210	1.303302	0.380434	-0.082497	-0.000709	-0.022872	-0.425049	-0.212891	0.630859	84.363960	-81.047589	-82.575904
02475		9.397139	1.259561	0.275187	-0.081192	-0.014085	-0.017567	-0.431396	-0.223145	0.627197	84.385229	-81.038702	-82.641561
02476		9.405416	1.242766	0.288309	-0.078509	-0.025344	-0.016146	-0.431885	-0.221436	0.621094	84.424327	-81.032752	-82.725118
02477		9.404800	1.202796	0.276097	-0.074830	-0.034628	-0.010401	-0.442383	-0.225586	0.623779	84.520777	-81.029069	-82.863197
02478		9.418485	1.202084	0.220536	-0.079024	-0.043120	-0.007594	-0.428955	-0.222168	0.623779	84.618333	-81.028907	-83.007126
02479		9.369946	1.194643	0.193085	-0.080135	-0.058093	-0.005857	-0.431641	-0.227539	0.630127	84.794892	-81.028968	-83.229385
02480		9.401644	1.239349	0.183875	-0.082731	-0.070162	-0.006429	-0.427979	-0.227295	0.622314	84.989349	-81.030817	-83.478081
02481		9.344069	1.209228	0.129639	-0.087684	-0.086346	-0.007460	-0.427734	-0.230713	0.626953	85.264319	-81.031084	-83.804347
02482		9.372096	1.163693	0.130152	-0.086248	-0.100421	-0.007873	-0.430908	-0.220947	0.628662	85.567063	-81.033208	-84.169279
02483		9.423239	1.180979	0.111065	-0.078462	-0.116990	-0.013415	-0.433838	-0.223633	0.629150	85.959904	-81.030804	-84.609524
02484		9.442685	1.154456	0.094970	-0.069494	-0.121123	-0.017591	-0.424316	-0.218750	0.632813	86.349162	-81.027330	-85.038963
02485		9.504599	1.163198	0.054537	-0.068869	-0.126719	-0.025307	-0.428955	-0.221924	0.628906	86.784575	-81.017497	-85.516756
02486		9.513489	1.188502	0.066884	-0.066975	-0.143197	-0.030867	-0.425049	-0.232178	0.631592	87.257699	-81.006069	-86.027533
02487		9.533258	1.204722	0.058184	-0.061282	-0.155969	-0.036770	-0.417236	-0.234375	0.630615	87.802502	-80.989144	-86.611711
02488		9.541495	1.190185	0.057181	-0.049210	-0.166612	-0.042078	-0.423096	-0.226807	0.633789	88.368625	-80.970473	-87.225459
02489		9.562737	1.175232	0.002071	-0.036670	-0.175009	-0.046773	-0.420898	-0.233887	0.630859	88.992099	-80.946238	-87.875083
02490		9.546312	1.184143	-0.085583	-0.034090	-0.174173	-0.048916	-0.418701	-0.231934	0.628662	89.588433	-80.921670	-88.503447
02491		9.640228	1.208273	-0.179915	-0.022896	-0.164507	-0.053103	-0.416992	-0.229004	0.635254	90.175226	-80.891661	-89.108025
02492		9.666683	1.240636	-0.132428	-0.007847	-0.147084	-0.057574	-0.417969	-0.229736	0.630859	90.683193	-80.860305	-89.630820
02493		9.705946	1.272451	-0.136259	-0.004328	-0.123990	-0.058738	-0.418945	-0.227295	0.632568	91.128667	-80.825731	-90.081586
02494		9.758994	1.250576	-0.044904	-0.000623	-0.117760	-0.062170	-0.420654	-0.227295	0.637695	91.529399	-80.790798	-90.485934
02495		9.756284	1.248015	-0.022380	-0.003703	-0.104780	-0.064053	-0.421143	-0.234131	0.637695	91.900406	-80.752501	-90.860986
02496		9.696260	1.296686	-0.024156	0.000282	-0.093082	-0.064265	-0.413330	-0.238281	0.631836	92.208242	-80.716118	-91.173140
02497		9.702466	1.276227	0.014016	0.012353	-0.085959	-0.069920	-0.414307	-0.229980	0.637695	92.516081	-80.674230	-91.474940
02498		9.640578	1.316703	0.046607	0.025165	-0.088838	-0.071470	-0.416260	-0.231201	0.636475	92.818203	-80.633349	-91.772346
02499		9.601219	1.306295	-0.005007	0.034270	-0.096130	-0.078344	-0.406006	-0.236816	0.646240	93.166698	-80.585802	-92.102702
02500		9.535914	1.329647	0.092965	0.044846	-0.105065	-0.071582	-0.403809	-0.223633	0.635498	93.530865	-80.543793	-92.453661
02501		9.533428	1.327808	0.115162	0.059141	-0.114896	-0.070943	-0.406738	-0.237061	0.645752	93.952693	-80.499074	-92.844001
02502		9.513025	1.361938	0.109734	0.063026	-0.113089	-0.062551	-0.410156	-0.228516	0.640869	94.351243	-80.461053	-93.215008
02503		9.480129	1.355426	0.146769	0.063569	-0.117436	-0.058915	-0.408936	-0.235840	0.644287	94.780349	-80.422169	-93.610247
02504		9.460254	1.429534	0.151380	0.056335	-0.123584	-0.055008	-0.408936	-0.231689	0.646729	95.205245	-80.387075	-94.012445
02505		9.418501	1.440587	0.173778	0.048825	-0.135216	-0.054308	-0.394775	-0.236084	0.641357	95.680545	-80.348852	-94.463193
02506		9.418326	1.486698	0.170446	0.033174	-0.146928	-0.053873	-0.401123	-0.225586	0.640625	96.165296	-80.311990	-94.945317
02507		9.358300	1.534332	0.164264	0.024009	-0.153788	-0.064198	-0.395264	-0.229248	0.647705	96.676900	-80.265664	-95.447429
02508		9.287725	1.591535	0.177796	0.007445	-0.158178	-0.056567	-0.396729	-0.229980	0.636719	97.175588	-80.224998	-95.949116
02509		9.287109	1.596685	0.163245	-0.018985	-0.157175	-0.054535	-0.404053	-0.230469	0.650146	97.668699	-80.182439	-96.457587
02510		9.277347	1.619082	0.135691	-0.029742	-0.153742	-0.038647	-0.402344	-0.224609	0.647461	98.130478	-80.150867	-96.943715
02511		9.285642	1.521853	0.114333	-0.036067	-0.154016	-0.022110	-0.405273	-0.235107	0.647949	98.611544	-80.125525	-97.449996
02512		9.334592	1.490941	0.111878	-0.035965	-0.148731	-0.010686	-0.394287	-0.223389	0.646484	99.061227	-80.108879	-97.924991
02513		9.363284	1.404844	0.095236	-0.036023	-0.140890	-0.002344	-0.395752	-0.228027	0.653809	99.506000	-80.094548	-98.394461
02514		9.440894	1.359088	0.144293	-0.026181	-0.139788	0.000208	-0.391846	-0.226563	0.654053	99.937101	-80.083597	-98.842240
02515		9.471119	1.321353	0.105337	-0.015187	-0.127919	0.012877	-0.394775	-0.223145	0.648193	100.358482	-80.077946	-99.275873
02516		9.491504	1.333278	0.097559	0.001431	-0.122295	0.016515	-0.395996	-0.229492	0.645264	100.757316	-80.076881	-99.673382
02517		9.529489	1.258531	0.139866	0.019542	-0.111676	0.030747	-0.388184	-0.224609	0.646240	101.156925	-80.081997	-100.064716
02518		9.552151	1.253435	0.022156	0.054723	-0.105057	0.040791	-0.394775	-0.226563	0.651123	101.546307	-80.095573	-100.422452
02519		9.551615	1.273199	0.088720	0.080049	-0.104337	0.042547	-0.392822	-0.229248	0.653564	101.966129	-80.107224	-100.799084
02520		9.542838	1.287249	0.064698	0.089180	-0.095707	0.044027	-0.390869	-0.226074	0.652588	102.349079	-80.122943	-101.133962
02521		9.505644	1.387773	0.045838	0.093821	-0.072033	0.047601	-0.385254	-0.220703	0.656006	102.678546	-80.140574	-101.410839
02522		9.477486	1.428339	0.031472	0.102855	-0.058811	0.063017	-0.393311	-0.223389	0.653564	102.967825	-80.170878	-101.641218
02523		9.489203	1.485139	0.060710	0.089863	-0.017454	0.086818	-0.391357	-0.232666	0.655518	103.150874	-80.217011	-101.771754
02524		9.510007	1.481175	0.096901	0.072717	0.020514	0.099124	-0.394531	-0.221924	0.656250	103.194851	-80.277668	-101.777095
02525		9.551685	1.563458	0.193156	0.082840	0.026441	0.099145	-0.397705	-0.227539	0.649902	103.242272	-80.336366	-101.774077
02526		9.622931	1.576357	0.219298	0.104355	0.032527	0.086953	-0.392822	-0.215332	0.648682	103.255156	-80.391793	-101.725686
02527		9.683781	1.535611	0.178416	0.124037	0.042728	0.058046	-0.395752	-0.217041	0.649414	103.240617	-80.429709	-101.635894
02528		9.769648	1.386509	0.235299	0.125290	0.040823	0.011853	-0.396484	-0.212646	0.650391	103.179340	-80.444212	-101.491706
02529		9.730696	1.410317	0.205032	0.128942	0.007156	-0.024984	-0.395264	-0.211670	0.649658	103.220474	-80.431146	-101.455527
02530		9.654134	1.508792	0.117665	0.124064	-0.015460	-0.042897	-0.393311	-0.216553	0.657227	103.301884	-80.407730	-101.454435
02531		9.467063	1.592913	0.040294	0.109664	-0.021648	-0.051793	-0.386230	-0.216064	0.650391	103.405834	-80.375923	-101.493163
02532		9.301396	1.674747	-0.143734	0.096479	-0.011737	-0.073267	-0.387939	-0.212891	0.656250	103.436031	-80.336097	-101.466564
02533		9.134590	1.716704	-0.336801	0.094349	-0.001930	-0.090524	-0.385742	-0.210449	0.656738	103.436058	-80.285322	-101.408777
02534		9.067779	1.751259	-0.563951	0.086380	0.010109	-0.090612	-0.391846	-0.215820	0.656494	103.377106	-80.238647	-101.294259
02535		9.110742	1.726991	-0.854805	0.090087	0.024441	-0.094104	-0.390137	-0.208740	0.646973	103.287813	-80.189344	-101.148293
02536		9.312733	1.784829	-1.013895	0.120862	0.055842	-0.090900	-0.389648	-0.210205	0.655273	103.102311	-80.148400	-100.883971
02537		9.641498	1.831229	-1.011186	0.156782	0.071889	-0.085984	-0.386230	-0.212891	0.652100	102.907907	-80.109606	-100.592490
02538		9.953488	1.895448	-1.145984	0.178798	0.070836	-0.074978	-0.383545	-0.214355	0.656006	102.723758	-80.079105	-100.297785
02539		10.244225	1.928817	-1.216852	0.188467	0.079793	-0.055994	-0.396729	-0.213867	0.656006	102.546962	-80.057747	-100.005696
02540		10.353983	1.906089	-1.233685	0.208604	0.073546	-0.039083	-0.385498	-0.214111	0.656494	102.398931	-80.047354	-99.734947
02541		10.384000	1.943896	-1.203955	0.215920	0.058185	-0.028740	-0.386475	-0.210205	0.649658	102.327129	-80.038359	-99.533465
02542		10.372870	1.946716	-1.149812	0.217217	0.037425	-0.029594	-0.397217	-0.204346	0.657715	102.307404	-80.028657	-99.389660
02543		10.240906	1.944370	-1.067050	0.210458	0.012643	-0.038853	-0.388428	-0.206787	0.658691	102.370793	-80.008412	-99.328609
02544		10.139286	1.913353	-1.045432	0.182776	-0.009137	-0.054856	-0.391846	-0.206787	0.657227	102.461415	-79.978837	-99.310541
02545		10.027270	1.935895	-0.995298	0.144657	-0.008364	-0.074535	-0.389404	-0.204346	0.655273	102.528542	-79.936057	-99.291563
02546		10.025047	1.860216	-1.016857	0.119868	-0.007505	-0.089623	-0.383545	-0.197021	0.655029	102.553860	-79.887202	-99.246202
02547		9.931928	1.817406	-0.980745	0.118002	-0.015855	-0.106372	-0.393066	-0.207520	0.657471	102.606758	-79.825688	-99.228276
02548		9.799304	1.714684	-0.994335	0.132348	-0.009615	-0.117650	-0.394043	-0.197266	0.658691	102.627100	-79.760845	-99.168643
02549		9.709246	1.661613	-1.101342	0.160997	0.004508	-0.128885	-0.390869	-0.212646	0.653809	102.626231	-79.689297	-99.071032
02550		9.616254	1.620952	-1.062781	0.194545	0.032505	-0.136386	-0.386230	-0.201660	0.654053	102.540797	-79.619242	-98.869598
02551		9.472512	1.638995	-0.957991	0.226661	0.056822	-0.143075	-0.387939	-0.197266	0.660400	102.411172	-79.546186	-98.602776
02552		9.408509	1.670642	-0.846583	0.255146	0.086195	-0.143674	-0.387695	-0.196777	0.655762	102.199159	-79.478352	-98.235003
02553		9.465761	1.716169	-0.797787	0.278098	0.113901	-0.143580	-0.383545	-0.206299	0.656006	101.933363	-79.411506	-97.799568
02554		9.533320	1.793031	-0.757562	0.289159	0.145852	-0.143302	-0.390137	-0.199707	0.651367	101.570917	-79.350181	-97.263372
02555		9.508679	1.893792	-0.624735	0.292211	0.166507	-0.125585	-0.391846	-0.202393	0.666748	101.176506	-79.298427	-96.688656
02556		9.494433	1.982818	-0.510356	0.271536	0.174867	-0.101046	-0.385986	-0.202881	0.655518	100.751295	-79.262657	-96.099491
02557		9.489200	2.095335	-0.372520	0.225853	0.180044	-0.091679	-0.389648	-0.198486	0.655029	100.305680	-79.229856	-95.511207
02558		9.407716	2.171520	-0.348508	0.173634	0.188080	-0.077210	-0.386963	-0.192383	0.653564	99.804750	-79.207046	-94.904716
02559		9.213995	2.216257	-0.244979	0.117471	0.194020	-0.071107	-0.394043	-0.195557	0.651123	99.271689	-79.185303	-94.290530
02560		9.130011	2.278042	-0.151523	0.060887	0.183261	-0.062254	-0.395020	-0.190674	0.653076	98.732028	-79.168349	-93.704835
02561		9.088346	2.338579	-0.127205	0.005924	0.168805	-0.056737	-0.396729	-0.196289	0.652588	98.220317	-79.150491	-93.177385
02562		9.030260	2.355784	-0.181631	-0.038062	0.169700	-0.044626	-0.396729	-0.199219	0.648682	97.674403	-79.140392	-92.642197
02563		9.082390	2.300668	-0.227459	-0.071017	0.159200	-0.042478	-0.396484	-0.194336	0.658447	97.155573	-79.128091	-92.152342
02564		9.092497	2.204622	-0.212258	-0.112990	0.156116	-0.041931	-0.395752	-0.194092	0.651367	96.610345	-79.116670	-91.664253
02565		9.149936	2.113203	-0.142057	-0.129131	0.133378	-0.047273	-0.395752	-0.194824	0.656982	96.135497	-79.098319	-91.253051
02566		9.280051	1.977366	-0.131257	-0.139520	0.128213	-0.053537	-0.408691	-0.188477	0.645508	95.657276	-79.077002	-90.846519
02567		9.271019	1.827343	-0.130669	-0.137325	0.113771	-0.061763	-0.396729	-0.189209	0.648438	95.234815	-79.048066	-90.493393
02568		9.269937	1.743753	-0.100930	-0.116177	0.101123	-0.065895	-0.400391	-0.196289	0.644531	94.849499	-79.017155	-90.160054
02569		9.283934	1.711576	-0.185809	-0.081775	0.080730	-0.065159	-0.403564	-0.199707	0.647949	94.559072	-78.983862	-89.908934
02570		9.256344	1.775697	-0.256007	-0.046206	0.059264	-0.062657	-0.399170	-0.196777	0.651855	94.340904	-78.952303	-89.711476
02571		9.251807	1.866490	-0.392188	-0.024939	0.045251	-0.046054	-0.400146	-0.202393	0.644043	94.193604	-78.928050	-89.572960
02572		9.223801	1.969627	-0.456968	-0.021536	0.047586	-0.029497	-0.400879	-0.198486	0.646973	94.032934	-78.914728	-89.421024
02573		9.146659	2.101659	-0.534920	-0.028834	0.061003	-0.011228	-0.399902	-0.199463	0.645752	93.845506	-78.910849	-89.243878
02574		9.137574	2.119441	-0.541441	-0.032446	0.102905	0.000049	-0.398193	-0.204834	0.645752	93.523424	-78.916206	-88.933057
02575		9.215680	2.217298	-0.506177	-0.044542	0.132721	-0.000787	-0.406006	-0.196533	0.649902	93.119454	-78.920313	-88.544429
02576		9.339721	2.270983	-0.386872	-0.064926	0.140107	0.001406	-0.407715	-0.205811	0.646240	92.669799	-78.926662	-88.123493
02577		9.410372	2.341178	-0.213464	-0.095614	0.125643	0.003678	-0.407715	-0.198242	0.645752	92.257173	-78.932032	-87.755877
02578		9.537660	2.279948	-0.311443	-0.114253	0.104554	0.009061	-0.409424	-0.200195	0.653320	91.883001	-78.940816	-87.440206
02579		9.597276	2.282941	-0.454099	-0.113386	0.093117	0.022258	-0.405273	-0.201416	0.643311	91.556245	-78.955350	-87.170480
02580		9.460403	2.223525	-0.462889	-0.113640	0.078837	0.045640	-0.405762	-0.198975	0.644043	91.259726	-78.983988	-86.932984
02581		9.364100	2.148500	-0.473567	-0.113719	0.070087	0.072092	-0.408691	-0.209229	0.644043	91.001418	-79.026278	-86.733232
02582		9.378233	2.090134	-0.492479	-0.105730	0.067773	0.083811	-0.413086	-0.211182	0.640869	90.740907	-79.076222	-86.529027
02583		9.354654	2.050702	-0.544224	-0.094059	0.086761	0.106309	-0.412842	-0.209473	0.644531	90.441335	-79.137853	-86.275852
02584		9.572582	1.884083	-0.447916	-0.086565	0.094132	0.093543	-0.407227	-0.203125	0.642578	90.107943	-79.193009	-85.988163
02585		9.531114	1.834127	-0.379261	-0.081046	0.072551	0.078626	-0.413330	-0.199219	0.639404	89.852600	-79.238268	-85.772513
02586		9.490782	1.832595	-0.337303	-0.060676	0.065868	0.094074	-0.406006	-0.199219	0.644043	89.614701	-79.293277	-85.563276
02587		9.523036	1.868388	-0.335398	-0.056584	0.081387	0.105512	-0.408936	-0.202393	0.647705	89.341488	-79.353538	-85.315257
02588		9.392586	1.992283	-0.288964	-0.036948	0.086083	0.107819	-0.406982	-0.207031	0.640869	89.050414	-79.415891	-85.039146
02589		9.295336	1.995649	-0.284372	0.001284	0.083042	0.111341	-0.406494	-0.203125	0.632813	88.798888	-79.479027	-84.779562
02590		9.279197	2.107332	-0.447385	0.017244	0.066425	0.114752	-0.411133	-0.199463	0.644775	88.592806	-79.545119	-84.560214
02591		9.331783	2.242084	-0.584192	0.011427	0.060006	0.129830	-0.419678	-0.204590	0.636963	88.411451	-79.618838	-84.366181
02592		9.441964	2.322661	-0.534937	-0.012483	0.034924	0.130532	-0.415771	-0.192871	0.631104	88.280367	-79.694203	-84.238974
02593		9.364894	2.379412	-0.522017	-0.052268	0.028782	0.136587	-0.411377	-0.204346	0.646484	88.155683	-79.772173	-84.139716
02594		9.389546	2.470802	-0.528636	-0.100265	0.041840	0.132763	-0.418457	-0.197266	0.639160	87.948418	-79.848509	-83.985567
02595		9.394964	2.508056	-0.545852	-0.144740	0.055517	0.122294	-0.409668	-0.194580	0.642822	87.682171	-79.917585	-83.796375
02596		9.369288	2.542957	-0.546707	-0.184910	0.051142	0.115806	-0.411377	-0.197266	0.636719	87.393170	-79.983683	-83.607860
02597		9.311887	2.486555	-0.393226	-0.222548	0.021966	0.119735	-0.419922	-0.197266	0.636475	87.185671	-80.051896	-83.523665
02598		9.264008	2.459461	-0.376170	-0.271936	-0.007791	0.117944	-0.410400	-0.202881	0.638672	87.034145	-80.120606	-83.525377
02599		9.145420	2.401544	-0.355015	-0.316465	-0.036036	0.131956	-0.414551	-0.201416	0.638184	86.958815	-80.197478	-83.629974
02600		8.999690	2.347386	-0.229436	-0.347009	-0.047723	0.148325	-0.412842	-0.201416	0.633789	86.890977	-80.284749	-83.761671
02601		8.881436	2.328225	-0.201619	-0.369556	-0.082586	0.162476	-0.416260	-0.205078	0.635986	86.937281	-80.380544	-84.020458
02602		8.956059	2.385207	-0.197429	-0.404187	-0.118125	0.179106	-0.411377	-0.205566	0.640625	87.073604	-80.487451	-84.391434
02603		9.016879	2.452056	-0.423526	-0.455082	-0.129161	0.197032	-0.407471	-0.207520	0.637695	87.233321	-80.604164	-84.814710
02604		9.154763	2.482407	-0.616670	-0.520128	-0.139377	0.208348	-0.414307	-0.210938	0.632813	87.385846	-80.728003	-85.269670
02605		9.159371	2.477282	-0.773992	-0.603565	-0.152306	0.209724	-0.414307	-0.208740	0.638916	87.555468	-80.852179	-85.788871
02606		9.174782	2.518181	-1.096796	-0.701944	-0.160064	0.197183	-0.410645	-0.219482	0.635742	87.695998	-80.969660	-86.335942
02607		9.319151	2.345083	-1.357814	-0.800064	-0.129451	0.174863	-0.413330	-0.221680	0.630127	87.691795	-81.073026	-86.792807
02608		9.411270	2.148519	-1.449562	-0.878216	-0.102310	0.146740	-0.412354	-0.216797	0.622803	87.540760	-81.160209	-87.147810
02609		9.457653	1.911695	-1.486080	-0.865584	-0.092586	0.122036	-0.405029	-0.229980	0.635010	87.377816	-81.232692	-87.481811
02610		9.544239	1.742861	-1.503790	-0.777690	-0.064972	0.107113	-0.405273	-0.229248	0.633301	87.155921	-81.296521	-87.705131
02611		9.561414	1.607310	-1.337954	-0.686529	-0.055160	0.103726	-0.412842	-0.239502	0.630615	86.960419	-81.357782	-87.902304
02612		9.539169	1.542397	-1.318174	-0.632653	-0.071453	0.115387	-0.403320	-0.244385	0.634521	86.846139	-81.426756	-88.151093
02613		9.430297	1.555175	-1.501555	-0.605244	-0.125673	0.120086	-0.406982	-0.240967	0.638184	86.964660	-81.499637	-88.618640
02614		9.516293	1.664354	-1.535640	-0.614387	-0.135228	0.128403	-0.410156	-0.245117	0.630615	87.110518	-81.577852	-89.120282
02615		9.721416	1.673546	-1.227150	-0.651096	-0.083321	0.139244	-0.412354	-0.249756	0.624268	87.044688	-81.660250	-89.427854
02616		9.993546	1.506236	-0.988396	-0.660734	-0.106030	0.149410	-0.412109	-0.240234	0.627197	87.054684	-81.749636	-89.818071
02617		10.481640	1.231789	-0.775465	-0.607922	-0.110523	0.136840	-0.406982	-0.253906	0.632568	87.128552	-81.831439	-90.241661
02618		10.849579	1.025724	-0.715383	-0.506930	-0.100391	0.101087	-0.409668	-0.266113	0.626465	87.223735	-81.892961	-90.627506
02619		10.948144	0.932924	-0.785053	-0.344519	-0.141432	0.075520	-0.411377	-0.261475	0.628174	87.594078	-81.940130	-91.197979
02620		10.890376	0.875797	-0.694387	-0.153828	-0.195417	0.068819	-0.406738	-0.258545	0.615479	88.292196	-81.984339	-91.990819
02621		10.684678	0.927249	-0.523029	-0.047821	-0.201210	0.067035	-0.405273	-0.258545	0.614502	89.090828	-82.025623	-92.821996
02622		10.293088	1.083882	-0.543940	0.012137	-0.178042	0.075168	-0.402344	-0.259766	0.621826	89.828933	-82.070521	-93.558002
02623		10.030373	1.291844	-0.719825	0.057934	-0.160378	0.079570	-0.399170	-0.269287	0.625000	90.536635	-82.116039	-94.236023
02624		9.971900	1.354678	-0.676832	0.099480	-0.132711	0.075010	-0.407715	-0.257080	0.627930	91.154078	-82.158694	-94.800800
02625		9.879588	1.390838	-0.550521	0.133792	-0.088280	0.068607	-0.408691	-0.259521	0.624023	91.617680	-82.196962	-95.188419
02626		9.895058	1.523471	-0.491755	0.153649	-0.064067	0.060764	-0.415039	-0.260254	0.627686	91.987062	-82.231474	-95.470143
02627		9.954973	1.571779	-0.405244	0.207952	-0.056015	0.031805	-0.402588	-0.253418	0.630371	92.358663	-82.248644	-95.721970
02628		10.178133	1.532003	-0.288651	0.291983	-0.063237	-0.025177	-0.401123	-0.256348	0.631348	92.792273	-82.233437	-95.988631
02629		10.317027	1.410448	-0.210026	0.372646	-0.091304	-0.098769	-0.401611	-0.249268	0.631836	93.377087	-82.174271	-96.360438
02630		10.482655	1.278979	-0.082678	0.429723	-0.081630	-0.169644	-0.396973	-0.258301	0.639160	93.922401	-82.075072	-96.660376
02631		10.469082	1.107151	-0.051639	0.479908	-0.061369	-0.242209	-0.409668	-0.239502	0.627197	94.387262	-81.934249	-96.849173
02632		10.276424	0.980487	0.020171	0.574199	-0.091914	-0.308547	-0.399902	-0.254395	0.638428	94.987599	-81.754552	-97.121107
02633		9.894717	0.904657	0.148789	0.660947	-0.159482	-0.344141	-0.398682	-0.243896	0.640625	95.870527	-81.549718	-97.627774
02634		9.517918	1.101822	0.159016	0.646636	-0.232082	-0.338590	-0.392334	-0.239990	0.645752	96.981356	-81.342809	-98.375156
02635		9.053720	1.664972	0.165302	0.537323	-0.294982	-0.296308	-0.395996	-0.239502	0.646240	98.242325	-81.152198	-99.336522
02636		8.630239	2.266004	0.109466	0.397714	-0.323385	-0.225745	-0.391846	-0.233643	0.645508	99.515173	-80.996564	-100.392165
02637		8.313874	2.731364	-0.072742	0.265265	-0.354178	-0.152827	-0.390381	-0.237061	0.650146	100.832996	-80.874529	-101.569776
02638		8.378048	2.951105	-0.224781	0.130752	-0.377453	-0.099289	-0.381836	-0.232910	0.654297	102.155868	-80.776364	-102.831300
02639		8.727747	2.766378	-0.235153	0.034580	-0.357164	-0.078061	-0.385986	-0.234619	0.650635	103.348916	-80.687512	-104.017081
02640		9.109716	2.294833	-0.219515	-0.003939	-0.313466	-0.090157	-0.381104	-0.236328	0.657227	104.336000	-80.594919	-105.017018
02641		9.419784	1.714527	-0.218562	0.021000	-0.282359	-0.113887	-0.388672	-0.239990	0.652344	105.197752	-80.490487	-105.875472
02642		9.671101	1.138858	-0.217677	0.086068	-0.263219	-0.143023	-0.376221	-0.238525	0.654785	105.983533	-80.371520	-106.620055
02643		9.805942	0.640145	-0.159686	0.181115	-0.251555	-0.158403	-0.374756	-0.234619	0.653564	106.757428	-80.243684	-107.296908
02644		9.735900	0.254066	-0.014802	0.270272	-0.243465	-0.146046	-0.374023	-0.232422	0.664063	107.545806	-80.123092	-107.937571
02645		9.595798	0.220518	0.235433	0.318761	-0.221899	-0.120630	-0.368652	-0.239502	0.661377	108.307955	-80.018031	-108.522918
02646		9.361072	0.382739	0.474108	0.330744	-0.172102	-0.089844	-0.375977	-0.224609	0.662109	108.939361	-79.938304	-108.969841
02647		9.238356	0.641577	0.726530	0.312187	-0.124333	-0.076287	-0.373779	-0.230713	0.664063	109.425385	-79.873422	-109.278845
02648		9.193384	0.887518	0.763623	0.303056	-0.065457	-0.082817	-0.371582	-0.231201	0.667969	109.712876	-79.816891	-109.391361
02649		9.208112	1.174389	0.815317	0.320129	-0.008120	-0.097693	-0.370361	-0.225586	0.662354	109.825287	-79.762437	-109.316229
02650		9.360793	1.433436	0.860858	0.334493	0.026922	-0.108373	-0.367188	-0.220459	0.670410	109.825529	-79.709978	-109.119716
02651		9.541993	1.638358	0.946726	0.321107	0.056257	-0.096285	-0.374268	-0.218018	0.668457	109.749858	-79.668774	-108.852823
02652		9.751976	1.813902	0.972840	0.291939	0.069383	-0.067161	-0.368896	-0.218750	0.670410	109.645912	-79.646728	-108.573802
02653		9.981035	1.909233	1.016051	0.259162	0.091691	-0.031710	-0.362793	-0.219971	0.660645	109.499835	-79.647008	-108.271380
02654		10.080581	1.970695	1.072117	0.220107	0.109170	0.014596	-0.374268	-0.214844	0.660400	109.322219	-79.676408	-107.960518
02655		10.070151	1.953075	1.201023	0.137210	0.125767	0.050670	-0.366211	-0.210205	0.668701	109.088622	-79.727336	-107.640213
02656		9.938218	1.810484	1.302720	0.012522	0.148293	0.073756	-0.376709	-0.222656	0.661377	108.730139	-79.795659	-107.265355
02657		9.744278	1.578170	1.244213	-0.093578	0.192930	0.066717	-0.367920	-0.218262	0.664795	108.169205	-79.866726	-106.746962
02658		9.532226	1.499604	1.051749	-0.145663	0.250810	0.036499	-0.382080	-0.214600	0.665771	107.355863	-79.931248	-106.004673
02659		9.556873	1.303815	0.976676	-0.163735	0.288174	0.005625	-0.373779	-0.212646	0.656982	106.385132	-79.982109	-105.111131
02660		9.759964	1.112695	1.048786	-0.195479	0.286478	0.003062	-0.379639	-0.220947	0.656738	105.381955	-80.029612	-104.202971
02661		10.013234	0.936974	1.107734	-0.239061	0.259833	0.028701	-0.379883	-0.218262	0.655518	104.458600	-80.083735	-103.401619
02662		10.069121	0.869551	1.190309	-0.261035	0.212716	0.070460	-0.388916	-0.218994	0.663330	103.688018	-80.153443	-102.769248
02663		10.071517	0.942819	1.055259	-0.264340	0.152071	0.113110	-0.388184	-0.222412	0.664307	103.143324	-80.236631	-102.367205
02664		9.860075	1.044505	0.703685	-0.221045	0.092107	0.148214	-0.386230	-0.219482	0.651367	102.828748	-80.332252	-102.173718
02665		9.588456	1.056343	0.356095	-0.158525	0.039930	0.173958	-0.384766	-0.227539	0.660156	102.746763	-80.434462	-102.179713
02666		9.616533	1.155822	0.144207	-0.137230	0.048215	0.201000	-0.387207	-0.218750	0.662842	102.659073	-80.553908	-102.168595
02667		9.529577	1.078702	0.043938	-0.116747	0.067169	0.229709	-0.395020	-0.223633	0.650635	102.549177	-80.690699	-102.122036
02668		9.658664	1.253033	-0.031025	-0.142524	0.125347	0.235356	-0.385986	-0.219238	0.651611	102.214140	-80.838913	-101.862501
02669		9.773937	1.262931	-0.093547	-0.131533	0.143171	0.253367	-0.400879	-0.226807	0.655029	101.836826	-80.997951	-101.553747
02670		9.794401	1.325198	-0.287275	-0.110813	0.121094	0.262669	-0.386963	-0.225098	0.653320	101.534511	-81.160480	-101.309978
02671		9.841876	1.321666	-0.410798	-0.102847	0.101816	0.273710	-0.399414	-0.218506	0.653076	101.317117	-81.325729	-101.146676
02672		9.848143	1.313439	-0.466096	-0.121189	0.094268	0.284098	-0.396973	-0.215332	0.648438	101.106710	-81.496976	-101.002199
02673		9.556006	1.138390	-0.417888	-0.143155	0.086923	0.294952	-0.399902	-0.224854	0.644287	100.923906	-81.672359	-100.897356
02674		9.907393	1.042161	-0.468197	-0.181228	0.093058	0.291276	-0.400146	-0.225098	0.643066	100.673752	-81.847403	-100.747358
02675		9.762271	0.856748	-0.399327	-0.191747	0.111169	0.292658	-0.399414	-0.215820	0.644287	100.349558	-82.023887	-100.527925
02676		9.650999	0.735360	-0.400349	-0.173803	0.120547	0.283807	-0.401367	-0.227051	0.654541	99.965743	-82.197256	-100.239253
02677		9.434938	0.626553	-0.222404	-0.142616	0.133391	0.274040	-0.405762	-0.223389	0.650391	99.536679	-82.364960	-99.885767
02678		9.310845	0.668023	-0.212375	-0.134719	0.153737	0.253646	-0.402832	-0.221191	0.646973	98.980478	-82.523667	-99.402311
02679		9.067547	0.719281	-0.204463	-0.139895	0.171101	0.225974	-0.400391	-0.218750	0.641846	98.316960	-82.666450	-98.811085
02680		8.997632	0.672399	-0.180427	-0.164498	0.197251	0.204237	-0.400635	-0.218018	0.632568	97.471044	-82.799024	-98.052005
02681		9.095505	0.564442	-0.219265	-0.162481	0.203990	0.184111	-0.406250	-0.223145	0.640625	96.567886	-82.918080	-97.232654
02682		9.263188	0.476084	-0.230488	-0.147332	0.206578	0.154633	-0.410889	-0.220947	0.645996	95.604891	-83.019886	-96.346437
02683		9.530910	0.349179	-0.318563	-0.101674	0.233984	0.128781	-0.409180	-0.213135	0.635742	94.515777	-83.105329	-95.305022
02684		9.611926	0.195567	-0.278065	-0.033792	0.269254	0.117679	-0.406006	-0.207520	0.637451	93.253722	-83.184281	-94.050893
02685		9.855414	0.158611	-0.352274	0.038426	0.286933	0.093432	-0.408447	-0.218262	0.644287	91.929073	-83.245366	-92.691778
02686		9.675550	0.091333	-0.389176	0.091045	0.302612	0.077839	-0.419189	-0.210449	0.632324	90.521085	-83.294930	-91.218376
02687		9.693844	0.166166	-0.387791	0.128057	0.319567	0.050962	-0.418945	-0.210205	0.634521	89.046071	-83.323670	-89.656422
02688		9.541082	0.297992	-0.290331	0.152299	0.350756	0.024956	-0.418945	-0.216309	0.634033	87.410691	-83.333086	-87.918273
02689		9.449936	0.437916	-0.222050	0.164330	0.360915	0.004547	-0.419678	-0.207275	0.628906	85.752056	-83.323653	-86.150582
02690		9.487028	0.671613	-0.187955	0.155212	0.384950	-0.007249	-0.426514	-0.206055	0.631836	83.969462	-83.301058	-84.264208
02691		9.322762	0.866164	-0.181365	0.151684	0.398192	-0.016330	-0.428223	-0.211426	0.635742	82.156023	-83.264582	-82.347776
02692		9.381837	0.973448	-0.164165	0.133057	0.387831	-0.026628	-0.434814	-0.208496	0.625244	80.397049	-83.217102	-80.496998
02693		9.182666	0.982872	-0.272584	0.118407	0.368170	-0.021999	-0.436035	-0.202637	0.627197	78.758855	-83.166985	-78.775896
02694		9.276010	1.030763	-0.363047	0.107411	0.345256	-0.020419	-0.435791	-0.212891	0.619141	77.229054	-83.115667	-77.169604
02695		9.145237	1.008916	-0.336045	0.117421	0.297242	-0.012502	-0.432861	-0.202148	0.627686	75.954877	-83.069710	-75.815389
02696		9.103138	0.873533	-0.391310	0.152157	0.263906	-0.023465	-0.433838	-0.206299	0.615479	74.868359	-83.019838	-74.631145
02697		9.064382	0.704367	-0.278379	0.169769	0.241081	-0.042987	-0.442383	-0.199219	0.615723	73.949565	-82.959535	-73.604473
02698		9.312398	0.604524	-0.188555	0.147461	0.238374	-0.050319	-0.436035	-0.196533	0.618896	73.042034	-82.894321	-72.601956
02699		9.238942	0.504507	-0.097616	0.133706	0.217666	-0.067317	-0.438721	-0.196777	0.613281	72.272148	-82.820909	-71.745888
02700		9.406058	0.471525	0.037960	0.142193	0.229029	-0.075863	-0.445068	-0.197510	0.617432	71.474141	-82.740083	-70.855146
02701		9.520601	0.499314	0.024948	0.165658	0.262825	-0.080622	-0.440674	-0.201660	0.623779	70.586835	-82.648058	-69.861930
02702		9.311631	0.519690	0.135162	0.209642	0.233880	-0.089360	-0.443359	-0.198730	0.614990	69.867681	-82.555854	-69.012622
02703		9.389303	0.533996	0.074723	0.253607	0.203030	-0.106872	-0.445068	-0.197021	0.610352	69.357225	-82.458571	-68.348254
02704		9.180853	0.371853	0.055511	0.311620	0.182608	-0.130242	-0.445068	-0.197266	0.607910	68.999253	-82.352932	-67.804477
02705		9.810538	0.434302	-0.075368	0.355528	0.155807	-0.151190	-0.447754	-0.190674	0.611816	68.828392	-82.240644	-67.423543
02706		10.570098	0.627397	-0.317295	0.375089	0.172010	-0.155502	-0.437500	-0.202393	0.611084	68.607920	-82.123194	-66.981255
02707		9.900580	0.493310	-0.225100	0.419075	0.158943	-0.135681	-0.442627	-0.189697	0.618652	68.454403	-82.018179	-66.580866
02708		9.779864	0.590236	-0.079650	0.432130	0.142659	-0.121385	-0.447266	-0.194092	0.619873	68.344733	-81.924822	-66.219600
02709		9.621016	0.779145	-0.004883	0.387781	0.190388	-0.121511	-0.447510	-0.190430	0.622559	68.049127	-81.820333	-65.693597
02710		9.413785	0.961668	0.041385	0.386209	0.120892	-0.132104	-0.443359	-0.183350	0.619385	68.021920	-81.725668	-65.441412
02711		9.389865	1.023518	-0.086230	0.396139	0.101691	-0.155159	-0.441895	-0.188232	0.626221	68.116610	-81.622110	-65.304758
02712		9.506167	0.992420	-0.075867	0.384471	0.124738	-0.181360	-0.444824	-0.183838	0.614746	68.151782	-81.500573	-65.116068
02713		9.569633	0.858136	-0.168051	0.382931	0.100170	-0.182752	-0.442871	-0.180176	0.615723	68.285196	-81.382710	-65.026145
02714		9.629370	0.666208	-0.328527	0.397212	0.079884	-0.169005	-0.443848	-0.171143	0.621338	68.468186	-81.277317	-64.979366
02715		9.704733	0.394966	-0.469226	0.438787	0.065094	-0.161722	-0.448486	-0.179443	0.617676	68.723530	-81.178097	-64.980383
02716		9.802405	0.258065	-0.575052	0.474195	0.061291	-0.143759	-0.446045	-0.182617	0.613281	68.976566	-81.090192	-64.958979
02717		9.840650	0.129215	-0.597086	0.535642	0.037676	-0.123527	-0.453613	-0.168701	0.614502	69.325060	-81.017017	-64.998116
02718		9.776395	0.049745	-0.586328	0.601526	0.021578	-0.115425	-0.442627	-0.173584	0.623535	69.742693	-80.952300	-65.070836
02719		9.664205	-0.029800	-0.510718	0.660936	0.011942	-0.106087	-0.443359	-0.168701	0.625977	70.221066	-80.893481	-65.168815
02720		9.517528	-0.098302	-0.562673	0.709063	-0.026012	-0.103216	-0.443848	-0.157715	0.617432	70.839446	-80.844403	-65.383399
02721		9.360439	-0.096953	-0.764248	0.752094	-0.067384	-0.099126	-0.449219	-0.151123	0.624023	71.619495	-80.803663	-65.734085
02722		9.222282	-0.032657	-0.865300	0.798126	-0.089301	-0.098429	-0.442139	-0.156494	0.628906	72.485421	-80.767623	-66.145868
02723		9.221345	0.244195	-0.647277	0.832968	-0.068497	-0.091748	-0.443115	-0.144287	0.615234	73.297641	-80.729506	-66.482275
02724		9.285169	0.529646	-0.725752	0.868199	-0.111243	-0.085191	-0.445313	-0.142578	0.628906	74.255064	-80.702314	-66.947543
02725		9.590087	0.937441	-0.798617	0.879206	-0.140923	-0.047374	-0.443115	-0.141113	0.634277	75.287934	-80.697875	-67.480742
02726		9.937836	1.220449	-0.841626	0.810764	-0.162869	-0.000938	-0.435059	-0.134033	0.630371	76.309346	-80.722153	-68.044433
02727		10.142661	1.247597	-0.820155	0.719206	-0.161967	0.039127	-0.437500	-0.123047	0.625977	77.254283	-80.765700	-68.581353
02728		10.062616	1.157411	-0.775430	0.639938	-0.122871	0.049230	-0.438232	-0.114746	0.626953	78.011416	-80.810266	-68.976049
02729		10.102106	1.100061	-0.532095	0.606053	-0.089550	0.038241	-0.437012	-0.118408	0.623535	78.652483	-80.842572	-69.270710
02730		10.309256	1.265852	-0.223976	0.611271	-0.109909	0.025667	-0.440674	-0.124023	0.636230	79.373078	-80.870957	-69.644656
02731		10.743760	1.677808	0.062571	0.567478	-0.150449	0.032426	-0.435791	-0.115479	0.638916	80.216879	-80.904956	-70.166974
02732		11.446590	2.293548	0.409413	0.441429	-0.203494	0.074791	-0.429443	-0.108154	0.643799	81.152221	-80.967975	-70.857914
02733		12.164180	3.112312	1.055756	0.222460	-0.148758	0.141446	-0.431885	-0.102783	0.640625	81.746928	-81.061198	-71.327997
02734		12.562817	3.837849	1.170495	0.086098	-0.169262	0.244227	-0.425537	-0.102783	0.638672	82.292811	-81.215095	-71.829851
02735		12.615625	4.218725	0.669433	-0.033357	-0.222497	0.363817	-0.428467	-0.095947	0.635254	82.937588	-81.438590	-72.498452
02736		12.410304	4.177432	0.191163	-0.257674	-0.184552	0.442467	-0.432373	-0.099121	0.649170	83.298356	-81.704637	-73.011356
02737		11.401735	3.343323	-0.307024	-0.374128	-0.196205	0.491529	-0.430908	-0.093506	0.644287	83.651794	-81.997582	-73.581982
02738		10.366999	2.158128	-0.358594	-0.322856	-0.175274	0.461725	-0.424805	-0.096924	0.646973	83.988934	-82.272948	-74.107915
02739		9.201221	0.704046	-0.860574	-0.221046	-0.180006	0.364441	-0.424561	-0.095703	0.642578	84.484672	-82.491412	-74.732886
02740		8.678894	-0.616364	-0.834861	-0.084433	-0.220213	0.231505	-0.424805	-0.092285	0.640869	85.315187	-82.636264	-75.618106
02741		8.517183	-1.473047	-0.530790	0.086570	-0.236020	0.096011	-0.412598	-0.089600	0.646484	86.394580	-82.701223	-76.653429
02742		8.576347	-2.023592	-0.394568	0.254527	-0.222818	-0.000461	-0.414307	-0.092529	0.649170	87.543617	-82.709341	-77.663800
02743		8.662002	-2.151770	-0.431982	0.357658	-0.243044	-0.028476	-0.410889	-0.094238	0.647705	88.852089	-82.697678	-78.773402
02744		8.991003	-1.510588	-0.329171	0.355398	-0.231855	0.015985	-0.413330	-0.077393	0.647461	90.100473	-82.709844	-79.825974
02745		9.245028	-0.517854	-0.095634	0.283062	-0.194895	0.111698	-0.409668	-0.082031	0.645020	91.157458	-82.772829	-80.725049
02746		9.294196	0.678613	0.222973	0.195535	-0.199192	0.199698	-0.409180	-0.088623	0.656006	92.211585	-82.885745	-81.673949
02747		9.375921	1.689216	0.346022	0.119590	-0.224472	0.254420	-0.409668	-0.077393	0.666504	93.390282	-83.025232	-82.789615
02748		8.961344	2.463316	0.330532	0.030284	-0.275066	0.252693	-0.407959	-0.074463	0.656494	94.799987	-83.160250	-84.191565
02749		8.676468	2.952077	0.296520	-0.098445	-0.332396	0.239619	-0.403809	-0.074951	0.655273	96.464400	-83.278306	-85.921548
02750		8.656016	3.210260	0.893997	-0.204383	-0.223238	0.208558	-0.406494	-0.071045	0.657715	97.567876	-83.382985	-87.149672
02751		8.547395	3.107085	1.480112	-0.229421	-0.065779	0.170064	-0.406250	-0.075439	0.656006	97.888160	-83.474532	-87.601441
02752		8.314125	2.773936	1.905467	-0.243072	0.040386	0.137018	-0.401855	-0.074951	0.656006	97.650198	-83.556992	-87.501193
02753		8.094895	2.282888	2.091908	-0.218981	0.048123	0.117800	-0.407471	-0.083740	0.652344	97.373959	-83.627577	-87.346523
02754		8.217214	1.911939	2.193597	-0.154045	0.074030	0.104862	-0.403564	-0.078857	0.655029	96.982918	-83.693949	-87.040881
02755		8.383822	1.613783	2.272905	-0.104182	0.124723	0.093561	-0.398926	-0.075684	0.653320	96.348640	-83.755572	-86.459881
02756		8.631303	1.395964	2.248535	-0.071309	0.168263	0.073664	-0.400635	-0.074219	0.645752	95.474434	-83.808913	-85.620572
02757		9.120798	1.380157	2.095257	-0.017632	0.206368	0.066483	-0.409912	-0.076904	0.657959	94.418961	-83.857181	-84.566168
02758		9.683116	1.480818	2.140431	0.041144	0.256519	0.067760	-0.414551	-0.075928	0.653076	93.103221	-83.906982	-83.218164
02759		10.112435	1.610910	1.991103	0.048386	0.269606	0.090437	-0.410889	-0.068604	0.651611	91.713156	-83.965424	-81.789452
02760		10.505128	1.767928	1.599400	-0.000377	0.242715	0.108458	-0.413574	-0.074463	0.646973	90.404702	-84.031519	-80.472986
02761		10.678656	1.919174	1.344523	-0.040941	0.226637	0.125119	-0.408447	-0.073730	0.649170	89.143709	-84.102931	-79.225841
02762		10.617682	1.857200	1.566327	-0.070808	0.192003	0.127702	-0.412109	-0.069336	0.645508	88.016202	-84.174687	-78.132144
02763		10.233197	1.707583	1.619425	-0.120032	0.107871	0.086406	-0.410645	-0.062988	0.645996	87.334828	-84.221925	-77.513443
02764		10.074483	1.413711	1.369201	-0.125181	-0.019775	0.012601	-0.416748	-0.069092	0.654785	87.372684	-84.230937	-77.622490
02765		9.831723	1.269237	0.925810	-0.122348	-0.060138	-0.067807	-0.406982	-0.067871	0.651367	87.673754	-84.193892	-77.992615
02766		9.830727	1.071302	0.636246	-0.128183	-0.052323	-0.147010	-0.412842	-0.077393	0.645508	87.924944	-84.112126	-78.317847
02767		9.874140	0.938053	0.568481	-0.143518	-0.019628	-0.234562	-0.413086	-0.072510	0.644287	88.010802	-83.978487	-78.483900
02768		9.988809	0.877795	0.535205	-0.137780	0.012472	-0.338513	-0.410889	-0.078613	0.644043	87.929763	-83.785650	-78.480696
02769		10.036021	0.848389	0.481331	-0.069020	0.004272	-0.422694	-0.405029	-0.068604	0.651367	87.960346	-83.543804	-78.548306
02770		10.212702	1.082418	0.261236	0.027358	0.036320	-0.463884	-0.413574	-0.077637	0.648682	87.879936	-83.278695	-78.450514
02771		9.963921	1.281715	0.279907	0.092734	0.090085	-0.476592	-0.413818	-0.076904	0.647461	87.606757	-83.004083	-78.118898
02772		9.699423	1.553492	0.275513	0.163632	0.154711	-0.456269	-0.405518	-0.078613	0.644043	87.089613	-82.740079	-77.502182
02773		9.410807	1.845524	0.309287	0.202587	0.189547	-0.428536	-0.418945	-0.083008	0.645996	86.487565	-82.489139	-76.775099
02774		9.019751	2.054706	0.534117	0.179685	0.205302	-0.370409	-0.410645	-0.086182	0.652832	85.820052	-82.270687	-75.996674
02775		8.768936	2.237419	0.526059	0.099619	0.210773	-0.314301	-0.410400	-0.081787	0.648438	85.116259	-82.081947	-75.225698
02776		8.630857	2.411675	0.389774	0.024001	0.205943	-0.262017	-0.410645	-0.075439	0.642822	84.391586	-81.922773	-74.478857
02777		8.643242	2.470307	0.327280	-0.008974	0.228743	-0.227442	-0.423096	-0.077393	0.637939	83.582822	-81.779799	-73.664078
02778		8.699955	2.557708	0.239517	-0.010471	0.230908	-0.215420	-0.419678	-0.075195	0.647217	82.775856	-81.642550	-72.853391
02779		8.895932	2.655005	0.167191	-0.025485	0.206186	-0.214204	-0.414063	-0.082031	0.636230	82.090738	-81.505719	-72.172596
02780		9.166079	2.701339	0.043997	-0.063281	0.186532	-0.214471	-0.427490	-0.088623	0.639404	81.468802	-81.369739	-71.578939
02781		9.364666	2.678387	-0.078801	-0.070748	0.149165	-0.209579	-0.414795	-0.085205	0.642090	81.006262	-81.238453	-71.149063
02782		9.517260	2.661299	-0.139184	-0.086277	0.101045	-0.173405	-0.427490	-0.088867	0.639893	80.690543	-81.131992	-70.878097
02783		9.612314	2.593708	-0.040264	-0.125302	0.056709	-0.133635	-0.411865	-0.086914	0.632080	80.504486	-81.051572	-70.759471
02784		9.501952	2.552935	-0.068635	-0.171085	0.016073	-0.095407	-0.426514	-0.087646	0.631592	80.407034	-80.996903	-70.758440
02785		9.468529	2.492235	0.029286	-0.220108	-0.019695	-0.059675	-0.419678	-0.088135	0.637207	80.397276	-80.965503	-70.873284
02786		9.387826	2.399547	0.011420	-0.270382	-0.044003	-0.021215	-0.424072	-0.080078	0.633301	80.412322	-80.958429	-71.043670
02787		9.347597	2.288774	-0.004837	-0.328099	-0.055865	0.013566	-0.421875	-0.094482	0.637939	80.425013	-80.971851	-71.243901
02788		9.185403	2.172973	-0.000925	-0.372951	-0.078529	0.041458	-0.419434	-0.083984	0.638672	80.467385	-81.003408	-71.501356
02789		9.146418	2.099555	-0.013466	-0.404144	-0.078249	0.054153	-0.420898	-0.096191	0.638672	80.493604	-81.041852	-71.759362
02790		9.052313	2.115014	-0.055802	-0.414852	-0.106860	0.064321	-0.421387	-0.090088	0.636230	80.602950	-81.088893	-72.108785
02791		8.947638	2.267158	-0.063377	-0.426832	-0.123981	0.077300	-0.413574	-0.096924	0.632568	80.771505	-81.144519	-72.523946
02792		8.935304	2.391860	0.005549	-0.434668	-0.136102	0.092887	-0.422607	-0.093994	0.634277	80.965703	-81.210040	-72.970535
02793		9.005750	2.559414	-0.032596	-0.475948	-0.153791	0.097697	-0.414063	-0.102783	0.628418	81.212544	-81.279407	-73.493234
02794		8.948136	2.732544	-0.187645	-0.529627	-0.175681	0.104981	-0.410400	-0.100586	0.636475	81.503401	-81.354546	-74.092364
02795		9.017654	2.775035	-0.244221	-0.566932	-0.191018	0.111943	-0.412598	-0.112793	0.634521	81.843532	-81.434264	-74.761930
02796		9.292271	2.726359	-0.278788	-0.605750	-0.214960	0.090366	-0.410889	-0.100830	0.636230	82.264111	-81.503049	-75.535960
02797		9.316425	2.698629	-0.320815	-0.660004	-0.265327	0.062537	-0.414795	-0.106934	0.634766	82.878168	-81.558623	-76.536147
02798		9.150270	2.732026	-0.357346	-0.695545	-0.335376	0.045816	-0.402588	-0.120850	0.627930	83.751417	-81.607486	-77.819421
02799		8.834984	2.958430	-0.566949	-0.738407	-0.369393	0.085749	-0.406250	-0.115967	0.634766	84.739389	-81.677947	-79.242650
02800		9.155823	2.875424	-0.719545	-0.806085	-0.296400	0.139714	-0.400879	-0.120850	0.628662	85.396677	-81.772650	-80.371079
02801		9.365211	2.743603	-0.625295	-0.847282	-0.305608	0.126572	-0.402832	-0.134277	0.633301	86.099290	-81.858278	-81.568412
02802		9.448850	2.639010	-0.719481	-0.856213	-0.382586	0.112195	-0.401367	-0.127930	0.635742	87.122560	-81.935688	-83.094892
02803		9.655564	2.546998	-0.878727	-0.858336	-0.392239	0.106495	-0.398926	-0.138672	0.637695	88.216700	-82.006078	-84.693562
02804		9.662197	2.484420	-0.889942	-0.840976	-0.381767	0.119612	-0.401123	-0.134277	0.631104	89.292822	-82.079568	-86.263921
02805		9.648832	2.407444	-0.906457	-0.821066	-0.375329	0.136803	-0.394531	-0.146484	0.637207	90.386240	-82.158792	-87.839726
02806		9.627365	2.262831	-0.834333	-0.783739	-0.370755	0.150764	-0.390137	-0.149170	0.631592	91.502834	-82.241823	-89.417127
02807		9.734374	2.144768	-0.891996	-0.761691	-0.375501	0.151696	-0.388428	-0.157227	0.632813	92.688298	-82.321005	-91.050878
02808		9.716639	2.100617	-0.994737	-0.745432	-0.377969	0.161451	-0.392090	-0.162842	0.634521	93.918039	-82.400989	-92.719607
02809		9.722244	2.118861	-1.116712	-0.727229	-0.397450	0.177406	-0.385986	-0.162842	0.632324	95.286114	-82.484175	-94.517034
02810		9.713074	2.158995	-1.108939	-0.697558	-0.401720	0.192351	-0.385986	-0.165283	0.634277	96.725073	-82.569756	-96.368386
02811		9.513492	2.243037	-1.279675	-0.657730	-0.430358	0.196954	-0.385498	-0.165771	0.641113	98.359654	-82.649338	-98.393709
02812		9.548713	2.425356	-1.462596	-0.656541	-0.410436	0.193435	-0.375244	-0.168945	0.642090	99.935676	-82.721355	-100.358800
02813		9.619269	2.365334	-1.275940	-0.705444	-0.306850	0.199031	-0.379883	-0.182617	0.633545	101.068970	-82.801442	-101.905679
02814		9.580532	2.110759	-1.110748	-0.761412	-0.266614	0.195639	-0.374023	-0.182861	0.635742	102.009529	-82.880598	-103.290090
02815		9.805759	1.632409	-0.897864	-0.763451	-0.265504	0.157120	-0.385254	-0.184326	0.633789	102.935253	-82.935604	-104.660794
02816		10.101093	1.114984	-0.903945	-0.693532	-0.271477	0.106226	-0.375244	-0.193604	0.639404	103.881894	-82.958566	-106.011764
02817		10.274158	0.712419	-1.052952	-0.541350	-0.301656	0.052317	-0.370117	-0.192139	0.639893	104.998931	-82.944408	-107.446886
02818		10.367229	0.478657	-1.287297	-0.311926	-0.351410	0.010454	-0.372803	-0.189209	0.636719	106.401188	-82.895507	-109.036751
02819		10.370267	0.444070	-1.392698	-0.077116	-0.404510	-0.012671	-0.362061	-0.192627	0.633057	108.119013	-82.819651	-110.809584
02820		10.359327	0.515431	-1.466015	0.104008	-0.413682	-0.006001	-0.364502	-0.189453	0.639404	109.946043	-82.738915	-112.587953
02821		10.342335	0.642204	-1.536663	0.223078	-0.370887	0.021595	-0.366211	-0.190918	0.638184	111.672907	-82.674758	-114.197088
02822		10.362501	0.839853	-1.301435	0.279008	-0.266204	0.055150	-0.354980	-0.190430	0.634521	113.029371	-82.645773	-115.400434
02823		10.217109	1.046839	-0.966229	0.224573	-0.189489	0.078718	-0.365967	-0.190430	0.637207	114.081038	-82.643448	-116.328133
02824		10.247944	1.299165	-0.480554	0.099178	-0.162513	0.073037	-0.356201	-0.190430	0.639160	114.936917	-82.642665	-117.130696
02825		10.458505	1.406181	-0.167135	0.018970	-0.170834	0.039302	-0.355713	-0.191895	0.638184	115.718737	-82.620826	-117.905111
02826		10.620683	1.417259	-0.034493	0.016419	-0.186096	-0.016242	-0.353271	-0.186279	0.638672	116.441570	-82.565336	-118.621406
02827		10.687939	1.248212	-0.038999	0.039422	-0.193831	-0.077676	-0.353027	-0.188477	0.636963	117.078897	-82.475243	-119.238465
02828		10.659246	1.145650	-0.026043	0.076157	-0.206318	-0.131280	-0.352539	-0.196045	0.637939	117.658999	-82.353839	-119.776530
02829		10.314626	1.128692	-0.102208	0.128832	-0.279610	-0.177189	-0.346680	-0.183838	0.637207	118.434624	-82.188533	-120.481815
02830		9.897596	1.258088	-0.244256	0.163622	-0.308914	-0.198459	-0.346924	-0.185547	0.639648	119.257304	-82.003281	-121.214608
02831		9.434790	1.375819	-0.116148	0.084923	-0.308408	-0.180680	-0.346680	-0.193604	0.639160	120.037753	-81.825489	-121.950787
02832		9.009176	1.412997	0.063487	-0.094344	-0.314483	-0.157794	-0.348877	-0.188477	0.641113	120.746308	-81.656074	-122.718251
02833		8.697514	1.402048	0.087840	-0.257838	-0.297016	-0.140301	-0.338379	-0.184570	0.645752	121.314415	-81.499025	-123.438930
02834		8.566175	1.238794	0.085583	-0.335916	-0.231648	-0.134098	-0.347168	-0.195068	0.639893	121.613651	-81.363941	-123.933024
02835		8.611184	0.930252	0.220999	-0.358329	-0.144500	-0.144245	-0.342529	-0.199219	0.637451	121.596808	-81.249715	-124.120714
02836		8.812192	0.475609	0.455106	-0.338903	-0.065091	-0.160067	-0.338867	-0.198486	0.645264	121.305208	-81.151779	-124.018978
02837		9.213535	0.152589	0.751097	-0.312323	-0.010426	-0.182760	-0.339600	-0.204102	0.640869	120.824122	-81.058561	-123.710197
02838		9.621103	-0.003489	0.959839	-0.261994	0.029380	-0.208782	-0.340088	-0.200684	0.635742	120.204268	-80.963908	-123.231535
02839		9.880149	0.015858	0.959606	-0.179403	0.059484	-0.226553	-0.333252	-0.213867	0.637451	119.522688	-80.867894	-122.642426
02840		10.057915	0.039617	0.927842	-0.078984	0.082233	-0.220316	-0.339844	-0.208252	0.631348	118.847303	-80.780647	-122.001159
02841		10.180509	0.060091	1.043628	-0.006136	0.079748	-0.187052	-0.336426	-0.209473	0.634766	118.293255	-80.707988	-121.440395
02842		10.278434	0.058872	1.043052	0.019705	0.064590	-0.133723	-0.341309	-0.213379	0.632813	117.890914	-80.657935	-121.018378
02843		10.184613	0.218077	1.067621	-0.009783	0.085373	-0.072630	-0.342041	-0.213135	0.632324	117.514950	-80.643462	-120.640063
02844		10.033034	0.488458	1.028098	-0.046119	0.145606	-0.041091	-0.350342	-0.215576	0.632324	116.977407	-80.660959	-120.119318
02845		9.887230	0.778653	1.186862	-0.065739	0.237312	-0.021097	-0.347168	-0.215576	0.626709	116.175588	-80.710635	-119.341986
02846		9.733590	0.958781	1.276748	-0.093077	0.259210	-0.014201	-0.346924	-0.216064	0.625977	115.284529	-80.768112	-118.490514
02847		9.634331	1.089998	1.239630	-0.107733	0.245321	-0.007663	-0.350098	-0.219238	0.631104	114.434784	-80.822911	-117.689248
02848		9.623580	1.170626	1.199932	-0.124546	0.200695	0.011234	-0.345215	-0.212646	0.614258	113.731908	-80.876112	-117.046945
02849		9.794247	1.327369	1.036891	-0.139209	0.162949	0.041576	-0.350342	-0.213623	0.612549	113.186901	-80.934853	-116.572808
02850		9.980020	1.264575	1.014788	-0.148444	0.137756	0.082600	-0.350830	-0.214844	0.622559	112.764121	-81.009685	-116.228210
02851		10.252422	1.083771	1.043127	-0.156111	0.137642	0.145858	-0.341309	-0.216064	0.621582	112.426563	-81.116881	-115.974081
02852		10.293260	0.870828	1.007272	-0.160338	0.129693	0.199859	-0.351318	-0.213623	0.618164	112.174461	-81.251527	-115.809316
02853		10.192041	0.677413	0.758548	-0.137969	0.129722	0.233270	-0.351318	-0.219971	0.622559	111.984203	-81.403067	-115.693859
02854		9.982885	0.532344	0.472964	-0.102759	0.162760	0.249866	-0.346924	-0.219482	0.612061	111.705426	-81.571219	-115.468942
02855		9.777935	0.443865	0.283632	-0.081663	0.201590	0.252544	-0.359863	-0.222168	0.614746	111.298685	-81.747945	-115.102181
02856		9.550799	0.495395	0.092627	-0.102224	0.248855	0.244278	-0.359375	-0.226318	0.618164	110.663505	-81.930314	-114.517168
02857		9.393830	0.557104	-0.294517	-0.078928	0.265542	0.246500	-0.363037	-0.219238	0.617676	109.961684	-82.115372	-113.851195
02858		9.417133	0.558360	-0.297734	-0.053590	0.247002	0.239690	-0.359375	-0.221436	0.607178	109.296504	-82.292940	-113.208348
02859		9.683849	0.457547	-0.351553	-0.056688	0.268074	0.249269	-0.354736	-0.227539	0.607910	108.535681	-82.477663	-112.470568
02860		9.820160	0.346990	-0.315693	-0.067877	0.299155	0.244889	-0.369873	-0.216064	0.610107	107.582709	-82.664911	-111.546345
02861		10.013658	0.361829	-0.100097	-0.065186	0.309206	0.256699	-0.369141	-0.216797	0.597656	106.564724	-82.857387	-110.554878
02862		9.930599	0.432270	0.055661	-0.080316	0.311692	0.234999	-0.361328	-0.219971	0.601807	105.433128	-83.036798	-109.458681
02863		9.677671	0.510022	0.187292	-0.075114	0.288101	0.211111	-0.369873	-0.216064	0.604736	104.339279	-83.196015	-108.397289
02864		9.494442	0.544723	0.025411	-0.012995	0.291274	0.173807	-0.374023	-0.215332	0.592041	103.161327	-83.333208	-107.216353
02865		9.348328	0.527878	-0.155321	0.089032	0.324604	0.137870	-0.378174	-0.209961	0.595459	101.805949	-83.450504	-105.797609
02866		9.243679	0.461685	-0.039490	0.147483	0.339662	0.106576	-0.375000	-0.215088	0.599609	100.318367	-83.548589	-104.213096
02867		9.303238	0.463982	0.072352	0.172238	0.348695	0.085707	-0.384033	-0.220459	0.596680	98.749835	-83.630139	-102.532442
02868		9.427891	0.526592	0.136845	0.162740	0.359377	0.074497	-0.390381	-0.206299	0.596191	97.059495	-83.701563	-100.735690
02869		9.604850	0.589156	0.113850	0.148102	0.369563	0.067049	-0.382080	-0.213623	0.598633	95.279448	-83.762617	-98.856626
02870		9.845824	0.669877	0.030899	0.127065	0.392918	0.078385	-0.379395	-0.204590	0.581787	93.319062	-83.825114	-96.809273
02871		9.823702	0.666679	0.144124	0.100838	0.424946	0.082076	-0.384521	-0.207275	0.587891	91.148974	-83.881787	-94.565584
02872		9.854334	0.801350	0.201064	0.067051	0.408046	0.074960	-0.392334	-0.210693	0.582275	88.998517	-83.925862	-92.362113
02873		9.762686	0.961902	0.127225	0.060280	0.385800	0.059121	-0.390625	-0.211182	0.581543	86.955587	-83.952189	-90.270022
02874		9.669335	1.084066	0.036144	0.055077	0.367579	0.048418	-0.393799	-0.204590	0.574707	84.982647	-83.965855	-88.252192
02875		9.499415	1.101055	-0.082797	0.042481	0.361549	0.043829	-0.397705	-0.207520	0.580811	83.046764	-83.969587	-86.278111
02876		9.313556	1.048543	-0.008417	-0.009673	0.363688	0.049319	-0.400879	-0.211670	0.579834	81.049448	-83.969504	-84.273102
02877		9.168889	0.880234	0.046751	-0.075255	0.379172	0.048941	-0.402832	-0.211426	0.574219	78.950578	-83.959832	-82.202949
02878		9.116189	0.764936	-0.018721	-0.086261	0.358958	0.052575	-0.402832	-0.205566	0.573975	76.941395	-83.947066	-80.230071
02879		9.517025	0.669430	-0.087379	-0.101876	0.394468	0.045508	-0.395996	-0.207520	0.573242	74.774796	-83.917647	-78.107021
02880		9.509634	0.574190	-0.045287	-0.097071	0.409493	0.046172	-0.410645	-0.206055	0.571045	72.541795	-83.877723	-75.915093
02881		9.614913	0.512975	0.131853	-0.078385	0.397548	0.042189	-0.409180	-0.214844	0.569336	70.432953	-83.828921	-73.836284
02882		9.509191	0.464301	0.307883	-0.081639	0.384104	0.028363	-0.408447	-0.215332	0.563477	68.435408	-83.767523	-71.871929
02883		9.409840	0.484105	0.340027	-0.076677	0.356242	0.006950	-0.415771	-0.206543	0.560791	66.672840	-83.693944	-70.140007
02884		9.365891	0.488914	0.406711	-0.050402	0.338933	-0.011362	-0.417236	-0.207031	0.554443	65.072612	-83.609315	-68.556897
02885		9.333198	0.463483	0.313393	-0.021466	0.329672	-0.028663	-0.417236	-0.212402	0.560547	63.626290	-83.513475	-67.110824
02886		9.292243	0.439619	0.420519	0.012455	0.300544	-0.037802	-0.419189	-0.206543	0.560791	62.377466	-83.416698	-65.844622
02887		9.186514	0.414052	0.460080	0.029281	0.278279	-0.049831	-0.422363	-0.214600	0.547363	61.312544	-83.317068	-64.752686
02888		9.154564	0.459381	0.420617	0.037604	0.245478	-0.059962	-0.428467	-0.200684	0.547852	60.432435	-83.219296	-63.842785
02889		9.119458	0.604208	0.395680	0.041468	0.222538	-0.059487	-0.420654	-0.212158	0.552490	59.686246	-83.126933	-63.064388
02890		9.117245	0.681090	0.384938	0.039010	0.197523	-0.059860	-0.420410	-0.209229	0.558350	59.047471	-83.040464	-62.396459
02891		8.903014	0.619196	0.365750	0.031296	0.162049	-0.068118	-0.420166	-0.213379	0.558350	58.593525	-82.959836	-61.918087
02892		8.970178	0.648009	0.230540	0.022168	0.156294	-0.073403	-0.427979	-0.204346	0.553467	58.167559	-82.877791	-61.474115
02893		9.176506	0.679591	0.114923	0.017672	0.147602	-0.086246	-0.424072	-0.208984	0.541748	57.825767	-82.791912	-61.116475
02894		9.404980	0.763002	0.020415	0.002289	0.127286	-0.080127	-0.425781	-0.215820	0.553711	57.533343	-82.714861	-60.818463
02895		9.593160	0.822247	-0.091785	0.017983	0.062484	-0.059850	-0.428467	-0.210205	0.546387	57.461944	-82.667557	-60.733137
02896		9.738042	0.777191	-0.252745	0.028267	0.016815	-0.039569	-0.419189	-0.217529	0.544678	57.507896	-82.644028	-60.761243
02897		9.658340	0.666771	-0.342079	0.032779	0.000221	-0.038039	-0.424072	-0.205811	0.534424	57.626280	-82.626418	-60.858721
02898		9.614644	0.568235	-0.385552	0.015385	0.004464	-0.047577	-0.421875	-0.216797	0.541016	57.729502	-82.602829	-60.952046
02899		9.547189	0.483573	-0.298361	-0.005472	-0.009478	-0.065095	-0.425293	-0.219482	0.540771	57.924365	-82.574999	-61.148758
02900		9.667004	0.413821	-0.346984	-0.008984	0.000153	-0.079822	-0.426025	-0.209473	0.534912	58.103089	-82.537035	-61.332362
02901		9.878996	0.381154	-0.293745	0.002983	0.032678	-0.103611	-0.421631	-0.213379	0.544189	58.231863	-82.477567	-61.457566
02902		9.517619	0.288977	-0.101804	0.069595	0.011780	-0.120894	-0.419922	-0.211426	0.545654	58.501769	-82.415990	-61.687837
02903		9.563545	0.265052	-0.089345	0.126035	0.006022	-0.133660	-0.419678	-0.218506	0.541504	58.859483	-82.349608	-61.972924
02904		9.526087	0.226348	-0.150445	0.196400	-0.001143	-0.139512	-0.416992	-0.208252	0.542969	59.280386	-82.282379	-62.282383
02905		9.572609	0.206570	-0.231206	0.289341	-0.018700	-0.136673	-0.419189	-0.211670	0.545410	59.815590	-82.221124	-62.652254
02906		9.488415	0.199160	-0.215849	0.365388	-0.033850	-0.127778	-0.415527	-0.214844	0.540283	60.413782	-82.168379	-63.043093
02907		9.489584	0.251791	-0.297125	0.417282	-0.036373	-0.106486	-0.418213	-0.205078	0.544434	61.010937	-82.126162	-63.401596
02908		9.546966	0.329021	-0.417336	0.473478	-0.035959	-0.096669	-0.413818	-0.215088	0.534424	61.604826	-82.088601	-63.725723
02909		9.522416	0.314315	-0.487359	0.521590	-0.018972	-0.088232	-0.411377	-0.202881	0.549316	62.153460	-82.049920	-63.974962
02910		9.545808	0.303945	-0.621923	0.582265	-0.026844	-0.083657	-0.417236	-0.204102	0.550293	62.743774	-82.015732	-64.232666
02911		9.571898	0.261220	-0.620339	0.640739	-0.032487	-0.091910	-0.410400	-0.211426	0.544189	63.408505	-81.977969	-64.530249
02912		9.557185	0.154724	-0.736525	0.696643	-0.039512	-0.107505	-0.417725	-0.207275	0.538574	64.145304	-81.933974	-64.869826
02913		9.515835	0.094826	-0.859491	0.772569	-0.059636	-0.124761	-0.412598	-0.197266	0.541504	65.030886	-81.884804	-65.314253
02914		9.510203	0.048644	-0.937719	0.846251	-0.075759	-0.140243	-0.409424	-0.189941	0.538574	66.026493	-81.830981	-65.828846
02915		9.405910	0.018546	-1.114657	0.916030	-0.083255	-0.156781	-0.408936	-0.187988	0.544434	67.113028	-81.768226	-66.393377
02916		9.354010	0.041889	-1.285767	0.974053	-0.066836	-0.166293	-0.410156	-0.189453	0.546875	68.166924	-81.696086	-66.893129
02917		9.182587	0.031146	-1.389472	1.041656	-0.061102	-0.185157	-0.408936	-0.179443	0.542969	69.258749	-81.610607	-67.390467
02918		9.262178	0.104843	-1.005220	1.088473	-0.016706	-0.199891	-0.401367	-0.171875	0.559814	70.213628	-81.507964	-67.724150
02919		9.425566	0.225213	-0.366199	1.101221	0.022443	-0.219616	-0.408447	-0.173584	0.551758	71.051493	-81.385614	-67.930426
02920		9.942057	0.455657	-0.253907	1.109725	-0.011822	-0.220987	-0.407959	-0.167969	0.549561	71.996378	-81.269206	-68.241967
02921		10.623393	1.115584	-0.245787	1.041470	-0.040626	-0.196321	-0.397461	-0.165527	0.540039	72.966075	-81.169535	-68.616403
02922		11.171336	1.673122	-0.185994	0.993111	-0.081881	-0.139427	-0.394287	-0.157227	0.547119	73.973630	-81.107853	-69.059195
02923		11.388617	1.995756	-0.122669	0.936851	-0.122057	-0.103050	-0.410400	-0.155762	0.549316	75.050874	-81.070178	-69.603301
02924		11.292499	2.144018	0.091545	0.865820	-0.136867	-0.102401	-0.396240	-0.152100	0.554932	76.126855	-81.034393	-70.189265
02925		10.971456	2.272132	0.431038	0.780116	-0.176886	-0.103428	-0.408447	-0.150879	0.551758	77.294143	-81.000523	-70.915556
02926		11.023838	2.657922	0.625686	0.661893	-0.231203	-0.085728	-0.401367	-0.142090	0.550049	78.560426	-80.981662	-71.812540
02927		11.247613	3.237360	0.671043	0.501053	-0.307649	-0.018675	-0.399658	-0.138672	0.555176	79.962950	-81.004449	-72.938941
02928		11.471986	3.730783	0.816922	0.288817	-0.378684	0.076284	-0.392334	-0.144043	0.560059	81.447948	-81.083993	-74.273484
02929		11.428395	4.000319	0.950063	0.015963	-0.414547	0.182621	-0.395508	-0.145996	0.561768	82.887692	-81.220424	-75.718343
02930		10.901192	3.771853	0.848222	-0.270380	-0.545745	0.285195	-0.392578	-0.142334	0.562988	84.658774	-81.418020	-77.665211
02931		10.172787	3.194407	0.670250	-0.537368	-0.637810	0.343989	-0.385498	-0.150879	0.563232	86.709589	-81.642423	-80.046950
02932		9.397463	2.314620	0.526253	-0.644011	-0.626699	0.321150	-0.382813	-0.149170	0.557373	88.769563	-81.841561	-82.499741
02933		8.818006	1.411197	-0.363102	-0.619906	-0.589038	0.248234	-0.375244	-0.153809	0.561523	90.797673	-81.985329	-84.904001
02934		8.534865	0.357020	-0.785658	-0.491494	-0.509336	0.150866	-0.373291	-0.153320	0.566650	92.624056	-82.064030	-87.030894
02935		8.382377	-0.574799	-0.632459	-0.255802	-0.481448	0.048532	-0.361084	-0.151367	0.559570	94.478164	-82.074853	-89.047924
02936		8.646067	-1.217655	-0.380242	-0.002319	-0.528139	-0.014345	-0.357666	-0.152588	0.561279	96.638001	-82.038378	-91.228426
02937		9.052095	-1.377307	-0.328031	0.211123	-0.570120	-0.026269	-0.369629	-0.160645	0.559082	99.061312	-81.978904	-93.550384
02938		9.566698	-1.068844	-0.269358	0.389005	-0.563681	0.004618	-0.368164	-0.153564	0.561279	101.543997	-81.924820	-95.831248
02939		9.876960	-0.558404	-0.131846	0.500228	-0.500965	0.062387	-0.356445	-0.159180	0.570801	103.867773	-81.896509	-97.885924
02940		10.074077	0.040743	-0.017346	0.576029	-0.412387	0.136232	-0.359375	-0.154053	0.575195	105.953990	-81.912258	-99.658520
02941		9.994265	0.618340	0.084443	0.627126	-0.297949	0.190210	-0.350830	-0.154297	0.573486	107.701669	-81.967023	-101.057775
02942		9.680561	1.318347	0.272330	0.645805	-0.191773	0.196196	-0.357910	-0.146484	0.570801	109.076554	-82.040144	-102.071322
02943		9.304730	1.967266	0.554207	0.670192	-0.115264	0.172162	-0.352051	-0.151123	0.569824	110.157154	-82.110695	-102.771689
02944		8.897735	2.386933	0.900887	0.730592	-0.030707	0.131891	-0.351807	-0.138428	0.569824	110.897312	-82.176352	-103.095075
02945		8.559944	2.697104	1.075484	0.806271	0.066313	0.102372	-0.351807	-0.143311	0.571777	111.266254	-82.244521	-102.998235
02946		8.335269	2.919458	1.277680	0.866045	0.176418	0.085442	-0.342285	-0.130615	0.570801	111.207270	-82.327751	-102.436649
02947		8.321413	2.996561	1.472503	0.884041	0.292526	0.091303	-0.353271	-0.123291	0.570068	110.695461	-82.436317	-101.406299
02948		8.559296	2.951567	1.669581	0.862144	0.359049	0.111128	-0.355225	-0.122314	0.570557	109.899617	-82.568324	-100.103902
02949		9.001462	3.000818	1.601250	0.784101	0.421520	0.130418	-0.355957	-0.121582	0.562988	108.787971	-82.718652	-98.527093
02950		9.707834	2.944898	1.563889	0.701258	0.466042	0.156372	-0.355469	-0.105469	0.573242	107.407231	-82.887643	-96.728825
02951		10.280735	2.925383	1.465482	0.598967	0.463750	0.163836	-0.359131	-0.115479	0.566650	105.917202	-83.053650	-94.878783
02952		10.627078	2.678365	1.301438	0.535068	0.402647	0.154905	-0.360107	-0.109131	0.558838	104.576615	-83.200767	-93.218007
02953		10.519135	2.389269	1.032638	0.472979	0.301295	0.154352	-0.363037	-0.108643	0.554443	103.625825	-83.328530	-91.984781
02954		10.128548	2.081154	0.803155	0.404923	0.161262	0.111340	-0.363525	-0.103027	0.559814	103.216896	-83.412776	-91.337747
02955		10.074916	1.913690	0.421800	0.303575	-0.009219	0.032771	-0.370361	-0.107910	0.558594	103.486739	-83.429766	-91.431342
02956		9.848336	1.809538	-0.046938	0.230409	-0.103559	-0.056503	-0.368896	-0.108887	0.557617	104.055217	-83.384897	-91.868860
02957		9.766427	1.821292	-0.381059	0.181792	-0.154872	-0.160452	-0.358643	-0.108887	0.556885	104.712624	-83.273721	-92.422930
02958		9.625052	1.757431	-0.518776	0.142074	-0.160255	-0.246793	-0.359375	-0.104736	0.560303	105.235596	-83.114044	-92.865721
02959		9.515303	1.597124	-0.627227	0.119040	-0.178092	-0.311292	-0.362305	-0.108398	0.564453	105.730849	-82.914814	-93.293011
02960		9.450180	1.512392	-0.761646	0.114643	-0.165726	-0.362711	-0.353271	-0.106934	0.562256	106.073323	-82.689536	-93.570031
02961		9.606710	1.490596	-0.873622	0.116600	-0.087981	-0.370667	-0.363281	-0.114014	0.558838	106.073043	-82.471388	-93.499425
02962		9.767778	1.341029	-0.779519	0.147973	-0.012560	-0.348863	-0.364502	-0.117188	0.561768	105.804169	-82.277784	-93.140611
02963		9.789003	1.554528	-0.766168	0.180029	0.040272	-0.323102	-0.363281	-0.120850	0.561768	105.394234	-82.105575	-92.619770
02964		9.594052	1.869933	-0.753441	0.209123	0.116434	-0.275383	-0.358887	-0.114990	0.560059	104.764645	-81.971131	-91.861043
02965		9.752598	2.435645	-0.681324	0.184545	0.147141	-0.235818	-0.356445	-0.115479	0.558838	104.070353	-81.861179	-91.050028
02966		9.261854	2.894870	-0.514492	0.064859	0.175908	-0.189365	-0.354736	-0.115234	0.551270	103.252466	-81.780056	-90.184091
02967		9.619418	3.646519	-0.218749	-0.169777	0.140128	-0.135836	-0.372803	-0.116211	0.560791	102.507185	-81.722033	-89.526352
02968		9.428156	4.115785	-0.206103	-0.466597	0.202328	-0.100816	-0.360840	-0.120361	0.554443	101.384220	-81.689920	-88.659423
02969		9.262245	4.304470	-0.056577	-0.698147	0.201213	-0.084419	-0.368652	-0.127441	0.557861	100.159723	-81.663948	-87.823199
02970		9.019109	3.934774	0.160377	-0.870981	0.292301	-0.065045	-0.362061	-0.140625	0.557129	98.496348	-81.654591	-86.643923
02971		8.654540	3.246277	0.432703	-1.009355	0.381543	-0.062521	-0.365234	-0.129883	0.552979	96.420739	-81.647519	-85.127636
02972		8.646411	2.638962	0.489197	-1.086441	0.387615	-0.072920	-0.364990	-0.146484	0.548584	94.271309	-81.626792	-83.581612
02973		8.764789	2.148920	0.365261	-1.103097	0.371447	-0.088728	-0.370361	-0.150879	0.545166	92.190895	-81.588190	-82.114590
02974		8.970518	1.889744	0.229548	-1.070798	0.330774	-0.098811	-0.372314	-0.160889	0.544434	90.295301	-81.535852	-80.815736
02975		9.189129	1.622906	0.066657	-1.031144	0.278189	-0.093628	-0.377441	-0.163330	0.543213	88.651384	-81.480985	-79.747988
02976		9.475678	1.409785	-0.163117	-0.981207	0.218982	-0.078165	-0.366699	-0.170166	0.539063	87.268555	-81.431921	-78.915353
02977		9.681943	1.122145	-0.175797	-0.915225	0.170558	-0.045373	-0.369629	-0.182861	0.537354	86.118731	-81.400633	-78.279867
02978		9.731596	0.780088	-0.134186	-0.847374	0.119538	-0.014839	-0.377197	-0.183350	0.544922	85.189697	-81.387161	-77.828513
02979		9.678731	0.598175	-0.136788	-0.782480	0.089001	0.030976	-0.371826	-0.181396	0.532959	84.406050	-81.400554	-77.486414
02980		9.478952	0.550028	-0.027645	-0.710980	0.088493	0.072990	-0.377930	-0.192871	0.541504	83.639175	-81.437126	-77.120110
02981		9.340987	0.703333	0.124751	-0.652870	0.084362	0.101810	-0.376465	-0.190918	0.530273	82.910662	-81.489771	-76.758732
02982		9.211015	1.104212	0.167064	-0.606512	0.040259	0.116380	-0.381836	-0.189941	0.526855	82.355871	-81.553263	-76.546495
02983		9.045065	1.598681	0.101703	-0.581467	0.006132	0.116357	-0.372803	-0.200439	0.527344	81.948570	-81.619224	-76.468583
02984		9.008717	2.070083	-0.058683	-0.566922	-0.002319	0.110803	-0.375000	-0.200439	0.524170	81.574288	-81.682578	-76.415926
02985		8.875835	2.414051	-0.074133	-0.582534	-0.008106	0.116173	-0.380371	-0.205811	0.526855	81.214676	-81.749498	-76.386849
02986		9.056456	2.555823	0.025306	-0.629378	-0.026531	0.104956	-0.378418	-0.202393	0.527588	80.897037	-81.811564	-76.427510
02987		9.174318	2.659279	0.360411	-0.709284	-0.049541	0.094284	-0.379150	-0.213379	0.519287	80.636713	-81.869865	-76.572111
02988		9.192402	2.775301	0.817370	-0.792392	-0.037217	0.096790	-0.381348	-0.220947	0.523438	80.269664	-81.928335	-76.657080
02989		9.183535	2.915969	0.373546	-0.879208	-0.051634	0.106375	-0.375977	-0.225098	0.517334	79.909185	-81.993904	-76.798814
02990		8.928731	2.972930	-0.385329	-0.915303	-0.129841	0.144656	-0.372803	-0.222412	0.521729	79.807997	-82.088770	-77.223175
02991		8.769200	3.012829	-0.767870	-1.002904	-0.177880	0.173836	-0.369629	-0.228271	0.518066	79.844522	-82.205252	-77.837150
02992		8.893850	2.818851	-0.989971	-1.083691	-0.201965	0.175927	-0.372803	-0.231934	0.525146	79.936350	-82.324911	-78.553280
02993		8.752051	2.724521	-1.107137	-1.125323	-0.214313	0.150677	-0.374756	-0.235596	0.510742	80.095124	-82.431668	-79.361024
02994		9.003737	2.552443	-1.087288	-1.123206	-0.231759	0.129650	-0.366211	-0.243896	0.518799	80.352193	-82.527482	-80.266169
02995		9.186112	2.283905	-1.036856	-1.125895	-0.225746	0.103726	-0.371094	-0.241455	0.521973	80.621592	-82.607906	-81.185453
02996		9.392494	2.009002	-1.066348	-1.106717	-0.234360	0.084906	-0.365967	-0.249268	0.515625	80.959267	-82.677442	-82.161908
02997		9.625407	1.879442	-1.089776	-1.067969	-0.223719	0.060540	-0.368408	-0.260986	0.519775	81.307015	-82.731891	-83.126437
02998		9.784699	1.821133	-1.006963	-0.989811	-0.190759	0.037613	-0.368408	-0.263916	0.512207	81.570438	-82.769481	-83.960228
02999		9.814382	1.776762	-0.912174	-0.893368	-0.167229	0.037265	-0.365234	-0.271240	0.502686	81.795556	-82.804875	-84.700134
03000		9.709282	1.776253	-0.850853	-0.818760	-0.184739	0.048382	-0.374268	-0.288574	0.512695	82.134976	-82.847117	-85.511565
03001		9.566967	1.884455	-0.882473	-0.763235	-0.189117	0.057326	-0.366699	-0.281982	0.510986	82.533639	-82.894517	-86.351090
03002		9.445172	2.060529	-1.014315	-0.697826	-0.170658	0.064263	-0.364014	-0.275635	0.510742	82.884114	-82.943427	-87.103630
03003		9.329559	2.328162	-1.144387	-0.645642	-0.161006	0.077632	-0.360352	-0.285400	0.502686	83.225861	-82.999114	-87.817740
03004		9.193103	2.610601	-1.229802	-0.611176	-0.161942	0.093371	-0.360352	-0.284912	0.502441	83.587244	-83.062846	-88.530998
03005		9.404663	2.875349	-1.270148	-0.633042	-0.115997	0.117767	-0.372803	-0.300537	0.502441	83.721557	-83.137620	-89.028693
03006		9.638546	2.907115	-1.040136	-0.657485	-0.060531	0.127067	-0.363037	-0.285156	0.500977	83.574077	-83.213677	-89.255844
03007		10.030475	2.786404	-0.762657	-0.667190	-0.055173	0.120059	-0.369385	-0.293213	0.500488	83.404258	-83.285975	-89.466831
03008		10.428066	2.391726	-0.394999	-0.623035	-0.054673	0.107504	-0.360352	-0.297363	0.496582	83.260979	-83.350582	-89.678147
03009		10.622256	1.903768	-0.335785	-0.587777	-0.099159	0.092099	-0.359619	-0.302002	0.499268	83.370694	-83.409978	-90.124682
03010		10.725103	1.416403	-0.731817	-0.479318	-0.171575	0.073763	-0.370605	-0.306641	0.495605	83.914002	-83.462617	-90.944112
03011		10.686765	1.067794	-0.940711	-0.302831	-0.220910	0.060732	-0.361572	-0.289551	0.496826	84.827235	-83.510015	-92.034967
03012		10.575213	0.941157	-0.949574	-0.169999	-0.228852	0.046956	-0.357422	-0.312744	0.502441	85.872753	-83.547198	-93.181330
03013		10.602245	0.862544	-0.565861	-0.115284	-0.181947	0.030099	-0.361572	-0.304688	0.494873	86.732042	-83.571441	-94.109602
03014		10.655670	0.776303	-0.331982	-0.105499	-0.138519	-0.005070	-0.360840	-0.306152	0.497803	87.386765	-83.572347	-94.825451
03015		10.898563	0.674491	-0.109752	-0.049029	-0.111226	-0.068090	-0.353271	-0.314941	0.492676	87.950029	-83.536240	-95.417621
03016		11.262549	0.512415	-0.059388	0.061037	-0.078776	-0.142363	-0.358154	-0.297363	0.497559	88.413743	-83.455893	-95.845343
03017		11.745319	0.226556	0.035280	0.240132	-0.058586	-0.239984	-0.351318	-0.310547	0.493164	88.882254	-83.319483	-96.175537
03018		11.569797	0.200570	0.039615	0.458661	-0.171043	-0.344688	-0.357666	-0.308594	0.511719	89.995767	-83.122738	-97.028528
03019		10.980737	0.613987	0.117373	0.648268	-0.320660	-0.412582	-0.357422	-0.310791	0.510010	91.846038	-82.883615	-98.515508
03020		10.135923	1.235838	0.044799	0.715218	-0.484826	-0.416411	-0.355469	-0.310059	0.508057	94.346519	-82.630109	-100.619375
03021		9.208804	2.003708	-0.185450	0.597361	-0.601085	-0.347272	-0.346680	-0.303223	0.517578	97.157279	-82.397676	-103.106126
03022		8.526638	2.736080	-0.544610	0.378854	-0.598594	-0.244136	-0.338867	-0.307373	0.517578	99.741534	-82.208558	-105.491169
03023		8.094783	3.186157	-0.826200	0.171048	-0.513825	-0.137626	-0.351074	-0.309814	0.526367	101.840096	-82.075958	-107.507729
03024		7.946906	3.174859	-0.838817	0.010346	-0.358992	-0.068399	-0.336182	-0.314209	0.524658	103.228763	-81.992577	-108.900150
03025		7.996882	2.718699	-0.489477	-0.106246	-0.231952	-0.062143	-0.341064	-0.305664	0.521240	104.034545	-81.926587	-109.772452
03026		8.429203	2.093565	0.124408	-0.212852	-0.178652	-0.122679	-0.344727	-0.310547	0.521729	104.494840	-81.832642	-110.356677
03027		8.940304	1.405767	0.599464	-0.283241	-0.170558	-0.222755	-0.336182	-0.318604	0.522705	104.774245	-81.684377	-110.800017
03028		9.377960	0.795950	0.985706	-0.305609	-0.169271	-0.318874	-0.336182	-0.316895	0.527832	104.924116	-81.482301	-111.124563
03029		9.587937	0.377308	1.176920	-0.270419	-0.198891	-0.398933	-0.338623	-0.318115	0.521973	105.114691	-81.231911	-111.471083
03030		9.606022	0.093910	1.154609	-0.202210	-0.175075	-0.434494	-0.336914	-0.325439	0.517822	105.208435	-80.964835	-111.679329
03031		9.558712	-0.112292	1.109806	-0.104768	-0.122424	-0.429233	-0.339355	-0.321777	0.517090	105.179112	-80.709017	-111.707464
03032		9.377619	-0.186914	1.165288	-0.015066	-0.039554	-0.390879	-0.339355	-0.328613	0.518311	104.957624	-80.486410	-111.487905
03033		9.208112	-0.209017	1.272332	0.031091	0.042854	-0.333474	-0.324463	-0.326904	0.530029	104.557712	-80.307811	-111.061272
03034		9.090993	-0.088931	1.394511	0.033805	0.125395	-0.265200	-0.328369	-0.333496	0.519531	103.960673	-80.177896	-110.432131
03035		9.143409	0.118575	1.545767	0.016652	0.205581	-0.205655	-0.325928	-0.333496	0.526855	103.162998	-80.090906	-109.609827
03036		9.145532	0.419698	1.764531	0.006632	0.275877	-0.172843	-0.330566	-0.330078	0.522705	102.168647	-80.028712	-108.592881
03037		9.285506	0.781312	1.977805	-0.021041	0.293222	-0.158272	-0.329102	-0.336914	0.516602	101.129429	-79.973797	-107.546904
03038		9.564826	1.234153	2.007434	-0.090083	0.263286	-0.159288	-0.331055	-0.333008	0.517578	100.152061	-79.911816	-106.603175
03039		9.813215	1.668824	1.973540	-0.173454	0.243897	-0.166220	-0.329102	-0.331055	0.510986	99.201398	-79.841443	-105.735457
03040		10.083228	2.109440	1.641421	-0.223478	0.185833	-0.162041	-0.327881	-0.332275	0.508789	98.413887	-79.765907	-105.061881
03041		10.112988	2.179248	1.102021	-0.221448	0.087587	-0.133735	-0.332275	-0.337402	0.518799	97.962385	-79.697265	-104.728999
03042		10.322629	2.113392	0.646927	-0.202834	-0.008470	-0.092473	-0.336914	-0.336426	0.510742	97.836690	-79.644030	-104.715797
03043		10.401652	1.802198	0.245196	-0.156239	-0.051161	-0.022811	-0.334229	-0.331055	0.521240	97.905888	-79.627130	-104.874168
03044		10.490131	1.408154	-0.024126	-0.091397	-0.047370	0.069072	-0.329590	-0.338135	0.513184	98.034570	-79.662477	-105.054639
03045		10.307382	0.942186	-0.042177	-0.043446	-0.031842	0.148680	-0.331055	-0.336914	0.510010	98.185034	-79.744294	-105.229889
03046		10.193782	0.486955	-0.033058	-0.010412	-0.044505	0.218112	-0.337891	-0.341064	0.518311	98.423658	-79.864226	-105.474879
03047		10.073984	0.372191	-0.041418	-0.022946	-0.051992	0.278080	-0.340088	-0.336914	0.513916	98.720389	-80.017381	-105.786620
03048		10.089041	0.521533	-0.175426	-0.013939	-0.073612	0.328518	-0.333008	-0.341064	0.517334	99.122703	-80.196817	-106.199691
03049		10.035388	0.682871	-0.208867	0.028249	-0.065978	0.395551	-0.335938	-0.335205	0.507813	99.583056	-80.414325	-106.647320
03050		10.055517	0.932160	-0.181630	0.046015	-0.091772	0.460837	-0.334961	-0.328613	0.508789	100.196613	-80.665494	-107.239266
03051		10.249724	1.196862	-0.386754	0.042313	-0.044865	0.506101	-0.339111	-0.333984	0.511963	100.712749	-80.945997	-107.734591
03052		10.042072	1.287378	-0.555113	0.074480	0.041089	0.515962	-0.340088	-0.332520	0.516113	100.966962	-81.240879	-107.945410
03053		9.597351	1.181048	-0.490495	0.136054	0.077877	0.494511	-0.352295	-0.337891	0.510742	101.125325	-81.527505	-108.023775
03054		9.429105	1.053497	-0.313928	0.162448	0.152079	0.452666	-0.343018	-0.329590	0.515137	100.978664	-81.798869	-107.778194
03055		9.257217	0.894609	-0.149223	0.173608	0.193407	0.381129	-0.355469	-0.318604	0.514160	100.611386	-82.034130	-107.303805
03056		9.264950	0.799087	0.086030	0.150162	0.229389	0.292944	-0.347412	-0.318848	0.512451	99.983824	-82.222897	-106.580158
03057		9.096466	0.669939	0.507969	0.120002	0.254967	0.255959	-0.353027	-0.323730	0.509277	99.179011	-82.391850	-105.695702
03058		9.123977	0.437910	0.552513	0.100917	0.238246	0.213230	-0.361816	-0.318604	0.513184	98.362665	-82.533573	-104.810685
03059		9.272130	0.368011	0.460714	0.112175	0.176335	0.181570	-0.360352	-0.310303	0.510010	97.782420	-82.650820	-104.157791
03060		9.547074	0.221345	0.281767	0.148144	0.160676	0.168267	-0.349854	-0.309814	0.504395	97.257426	-82.758659	-103.539759
03061		9.703762	0.246009	0.078183	0.181063	0.187492	0.155123	-0.355957	-0.314209	0.501221	96.613775	-82.859944	-102.783490
03062		9.679665	0.281581	-0.015432	0.205991	0.196825	0.126794	-0.356201	-0.312500	0.507813	95.899548	-82.944712	-101.941702
03063		9.808841	0.230232	-0.064026	0.266013	0.186537	0.100886	-0.369629	-0.312012	0.506348	95.246860	-83.012734	-101.127566
03064		9.753932	0.152891	-0.021479	0.332141	0.193930	0.075955	-0.363525	-0.314453	0.520996	94.565358	-83.065906	-100.246250
03065		9.848753	0.074642	0.009671	0.367661	0.187896	0.053798	-0.363525	-0.307617	0.510498	93.922669	-83.104753	-99.383704
03066		9.744185	0.024718	0.076416	0.382149	0.157234	0.039731	-0.370850	-0.303955	0.502930	93.413167	-83.133595	-98.647006
03067		9.509735	-0.034255	0.109737	0.398930	0.133686	0.029250	-0.364014	-0.304688	0.508301	93.026694	-83.154792	-98.024584
03068		9.378106	0.091069	0.127737	0.417628	0.128349	0.010699	-0.361084	-0.311035	0.508301	92.660662	-83.164977	-97.412061
03069		9.324460	0.283929	0.044471	0.433958	0.121725	-0.005732	-0.371826	-0.301270	0.511230	92.340021	-83.164915	-96.835756
03070		8.892492	0.215916	-0.018639	0.469650	0.121023	-0.022130	-0.371094	-0.296631	0.506836	92.031819	-83.155344	-96.251528
03071		9.334653	0.447632	-0.188057	0.471291	0.140964	-0.054114	-0.364990	-0.297852	0.516602	91.635635	-83.127130	-95.577563
03072		9.252376	0.432517	-0.151223	0.467833	0.180223	-0.070713	-0.375732	-0.294189	0.514648	91.046136	-83.089526	-94.711038
03073		8.892296	0.204728	-0.028522	0.518395	0.147240	-0.094389	-0.367920	-0.299805	0.519043	90.656243	-83.036916	-94.016110
03074		8.937572	0.016405	0.022634	0.547212	0.109394	-0.124501	-0.376953	-0.299072	0.513428	90.457926	-82.966710	-93.497746
03075		9.386438	0.073478	-0.103492	0.549402	0.139602	-0.153406	-0.373535	-0.298096	0.505859	90.137552	-82.879455	-92.854762
03076		9.182124	0.061761	-0.243629	0.629153	0.124349	-0.174436	-0.368896	-0.287598	0.512939	89.935528	-82.780115	-92.285237
03077		9.096952	0.163907	-0.429776	0.743284	0.088849	-0.191176	-0.366455	-0.287598	0.511230	89.975787	-82.670771	-91.893544
03078		9.141586	0.340618	-0.730191	0.821477	0.086391	-0.186911	-0.370850	-0.283203	0.512207	90.068550	-82.564295	-91.509972
03079		9.352184	0.696405	-0.758106	0.852340	0.136086	-0.163998	-0.373291	-0.277588	0.516113	89.975230	-82.470590	-90.920348
03080		9.462486	1.006967	-0.643125	0.813369	0.200856	-0.129312	-0.366943	-0.277588	0.515869	89.581701	-82.396669	-90.050797
03081		9.711605	1.252093	-0.574129	0.737949	0.223155	-0.081579	-0.373047	-0.267822	0.513672	89.065958	-82.348666	-89.100907
03082		9.500759	1.199989	-0.411864	0.643636	0.232245	-0.035101	-0.375000	-0.260254	0.517822	88.453934	-82.326290	-88.108837
03083		9.543299	1.264087	-0.376179	0.523279	0.187327	0.014907	-0.370605	-0.263428	0.514648	87.967237	-82.331744	-87.312267
03084		9.665564	1.311467	-0.503561	0.419539	0.154119	0.040798	-0.379639	-0.268311	0.519287	87.549475	-82.352254	-86.645772
03085		9.690760	1.344630	-0.679408	0.360804	0.144695	0.031783	-0.371094	-0.269043	0.520020	87.144528	-82.366896	-86.025666
03086		9.820841	1.260198	-0.863233	0.346001	0.134974	0.000996	-0.369873	-0.262451	0.519531	86.771522	-82.363964	-85.446872
03087		9.925152	1.146806	-0.986413	0.338011	0.114923	-0.039673	-0.376953	-0.263428	0.523682	86.497608	-82.337709	-84.972138
03088		9.979315	0.989433	-1.146100	0.326875	0.087668	-0.078954	-0.379150	-0.262695	0.522705	86.339813	-82.290028	-84.621502
03089		9.836594	0.865875	-1.188338	0.325393	0.081243	-0.110395	-0.371582	-0.261963	0.527588	86.226572	-82.224201	-84.316111
03090		9.719611	0.729157	-1.178277	0.330526	0.083337	-0.126541	-0.375244	-0.262939	0.514160	86.109917	-82.149295	-84.004815
03091		9.682886	0.603222	-1.156322	0.353309	0.119011	-0.132284	-0.372314	-0.264893	0.509033	85.871418	-82.069236	-83.556713
03092		9.599277	0.396610	-1.209568	0.388539	0.146916	-0.119424	-0.373779	-0.257324	0.522217	85.537145	-81.995358	-82.992051
03093		9.552875	0.277738	-1.161675	0.433480	0.155022	-0.106149	-0.375244	-0.258057	0.524170	85.204811	-81.927898	-82.402632
03094		9.606306	0.184082	-1.221960	0.486561	0.163441	-0.104339	-0.378662	-0.253418	0.524658	84.871371	-81.860954	-81.781968
03095		9.560471	0.065547	-1.295256	0.550046	0.170266	-0.104803	-0.373291	-0.252197	0.503418	84.559947	-81.792519	-81.146003
03096		9.538917	0.008339	-1.385909	0.623091	0.161064	-0.125873	-0.375244	-0.246338	0.522949	84.338256	-81.712591	-80.559087
03097		9.447085	0.003843	-1.328647	0.692917	0.143886	-0.154750	-0.378418	-0.250488	0.518066	84.246650	-81.616518	-80.062293
03098		9.387342	0.087201	-1.267835	0.733327	0.139186	-0.187385	-0.375977	-0.237061	0.518311	84.212051	-81.502530	-79.600480
03099		9.336131	0.237435	-1.176097	0.778019	0.130017	-0.199015	-0.385986	-0.244141	0.514404	84.252306	-81.381946	-79.187435
03100		9.381779	0.486376	-1.147146	0.783369	0.099245	-0.179841	-0.375488	-0.243896	0.519287	84.404359	-81.274698	-78.885240
03101		9.602596	0.846041	-1.049706	0.740339	0.063806	-0.137775	-0.380859	-0.231689	0.522949	84.652045	-81.192979	-78.703694
03102		9.785761	1.183597	-1.002218	0.668337	0.042270	-0.082966	-0.380371	-0.230225	0.526855	84.915316	-81.144376	-78.580671
03103		9.854995	1.580126	-0.906352	0.607591	0.017981	-0.046139	-0.375732	-0.229492	0.525391	85.222838	-81.117489	-78.536614
03104		10.114502	2.001785	-0.810799	0.548097	0.007253	-0.010828	-0.375488	-0.234863	0.524902	85.521689	-81.111903	-78.519314
03105		10.499037	2.479052	-0.645183	0.487274	-0.011473	0.023458	-0.372559	-0.223877	0.528564	85.846980	-81.126123	-78.563014
03106		11.105163	2.948120	-0.377321	0.409080	-0.038038	0.071430	-0.384277	-0.224854	0.524658	86.211234	-81.169348	-78.692455
03107		11.541065	3.518155	-0.060578	0.266350	-0.103151	0.142486	-0.382568	-0.217285	0.521484	86.723616	-81.254780	-79.053540
03108		11.928449	3.953028	0.486410	0.040229	-0.206484	0.235423	-0.377441	-0.223877	0.527832	87.485285	-81.396266	-79.798586
03109		12.216172	4.322915	0.998066	-0.329386	-0.265091	0.343133	-0.376709	-0.225098	0.527832	88.274257	-81.598635	-80.784184
03110		11.735681	4.034547	1.139945	-0.679498	-0.401823	0.439810	-0.380127	-0.218506	0.530762	89.442649	-81.855832	-82.355970
03111		11.066242	3.268089	0.962536	-0.896793	-0.562903	0.498712	-0.375000	-0.227539	0.527588	91.247044	-82.139909	-84.694015
03112		10.187189	2.028329	0.244435	-0.870907	-0.522319	0.479256	-0.368896	-0.236572	0.528076	93.036969	-82.403671	-87.001439
03113		9.410843	0.778084	-0.391359	-0.704095	-0.464271	0.380151	-0.369385	-0.232910	0.530518	94.775509	-82.603037	-89.158901
03114		9.073767	-0.314472	-0.513332	-0.466150	-0.409938	0.259129	-0.374268	-0.239502	0.524414	96.447449	-82.728284	-91.111438
03115		8.756772	-1.089468	-0.110096	-0.276212	-0.323130	0.143340	-0.375488	-0.230713	0.530273	97.827812	-82.786854	-92.659480
03116		8.583612	-1.440542	0.483819	-0.086120	-0.302027	0.038528	-0.371094	-0.242676	0.527344	99.166815	-82.783598	-94.056564
03117		8.847609	-1.320480	1.117560	0.112004	-0.332786	-0.011489	-0.363037	-0.234375	0.534180	100.713991	-82.744213	-95.548519
03118		8.957494	-0.889018	1.435506	0.303030	-0.302234	-0.030132	-0.370605	-0.239990	0.534424	102.199623	-82.693455	-96.869039
03119		8.983717	-0.262603	1.419632	0.482463	-0.236944	-0.039585	-0.367432	-0.230713	0.536377	103.478110	-82.641126	-97.876405
03120		9.009000	0.451921	1.263889	0.621218	-0.144053	-0.023903	-0.355957	-0.236816	0.535645	104.437446	-82.608543	-98.482818
03121		9.035446	1.126807	1.224563	0.691466	-0.030426	0.003752	-0.363037	-0.228760	0.534424	104.980292	-82.606109	-98.627760
03122		8.949407	1.773395	1.422065	0.699817	0.094914	0.045095	-0.365479	-0.231934	0.538330	105.036671	-82.645774	-98.278301
03123		8.930871	2.237998	1.891429	0.682284	0.213334	0.089766	-0.371094	-0.222656	0.536621	104.622123	-82.726691	-97.463273
03124		9.077838	2.548859	2.645765	0.692798	0.325765	0.125269	-0.364502	-0.213623	0.537354	103.737287	-82.842616	-96.169200
03125		9.115429	2.656782	3.067076	0.729128	0.431784	0.159600	-0.371094	-0.218506	0.532959	102.395313	-82.987589	-94.392979
03126		9.229378	2.664198	2.516776	0.820608	0.448597	0.189843	-0.363281	-0.204346	0.527100	100.984011	-83.146786	-92.495485
03127		9.385965	2.788097	1.968044	0.892514	0.409924	0.205737	-0.371826	-0.209717	0.535400	99.742226	-83.305018	-90.727056
03128		9.662401	2.921288	1.530130	0.843834	0.356285	0.219388	-0.376465	-0.200439	0.531494	98.667894	-83.462295	-89.156520
03129		9.801432	3.187867	1.238333	0.711784	0.333260	0.219116	-0.373291	-0.198486	0.533691	97.577283	-83.613628	-87.645561
03130		9.914686	3.356504	1.123292	0.546638	0.290019	0.195579	-0.380615	-0.187500	0.540039	96.531070	-83.745690	-86.275411
03131		10.088117	3.261909	0.929688	0.379204	0.248676	0.137865	-0.378418	-0.187256	0.529785	95.536284	-83.839327	-85.053264
03132		10.296507	3.062328	0.570903	0.247837	0.190416	0.032986	-0.378662	-0.177490	0.534668	94.689412	-83.868202	-84.056079
03133		10.603107	2.827234	0.300253	0.164496	0.095175	-0.088245	-0.380859	-0.184570	0.532227	94.257350	-83.822183	-83.523772
03134		10.527771	2.623079	0.150280	0.101655	0.036386	-0.202377	-0.380859	-0.186035	0.540039	94.052640	-83.708279	-83.256519
03135		10.451850	2.509117	0.038597	0.044361	-0.049744	-0.293681	-0.378662	-0.187012	0.537598	94.237585	-83.538535	-83.414093
03136		10.266219	2.330784	-0.024499	-0.032494	-0.066830	-0.361046	-0.373291	-0.199219	0.525635	94.419176	-83.329533	-83.612781
03137		10.200500	2.164194	0.048679	-0.113777	-0.029601	-0.395187	-0.382568	-0.191895	0.539795	94.363725	-83.102611	-83.619640
03138		10.005809	2.017369	0.136289	-0.166152	0.031785	-0.405479	-0.385010	-0.195313	0.530273	93.987360	-82.872342	-83.333436
03139		9.752105	1.937974	0.144147	-0.178083	0.061150	-0.400534	-0.379639	-0.198242	0.534424	93.504803	-82.645783	-82.946903
03140		9.359528	1.833967	0.019050	-0.177759	0.124231	-0.387560	-0.377441	-0.206787	0.534180	92.771472	-82.428034	-82.307056
03141		9.201964	1.859500	-0.081447	-0.146732	0.210808	-0.367805	-0.379883	-0.205078	0.528076	91.742255	-82.222394	-81.350414
03142		9.048056	1.695086	0.182720	-0.095888	0.224342	-0.349183	-0.379150	-0.204590	0.529785	90.730959	-82.025198	-80.381937
03143		8.802349	1.539424	0.251591	-0.094060	0.329563	-0.317304	-0.381836	-0.206787	0.523193	89.355125	-81.843757	-79.043834
03144		8.669138	1.282864	0.392678	-0.097949	0.349935	-0.266792	-0.383301	-0.209229	0.520752	87.942609	-81.686248	-77.670271
03145		8.544309	1.224010	0.402061	-0.102795	0.346550	-0.253556	-0.388672	-0.220459	0.529297	86.597142	-81.531958	-76.366822
03146		8.730138	1.422161	0.370155	-0.118245	0.347067	-0.253390	-0.387207	-0.218994	0.526855	85.281600	-81.373105	-75.101984
03147		8.829824	1.722770	0.114340	-0.115845	0.293773	-0.268933	-0.383057	-0.210205	0.512451	84.223978	-81.204607	-74.096208
03148		9.085442	2.147469	0.011787	-0.129101	0.270865	-0.290055	-0.385498	-0.225586	0.518555	83.282497	-81.022563	-73.215108
03149		9.098902	2.396863	0.069770	-0.135832	0.240951	-0.285733	-0.392578	-0.224121	0.512695	82.483688	-80.843385	-72.482038
03150		8.979964	2.500384	-0.065178	-0.177973	0.219137	-0.278232	-0.394775	-0.217285	0.520752	81.755453	-80.668275	-71.844419
03151		8.798743	2.531358	-0.094749	-0.222942	0.211602	-0.270482	-0.389893	-0.233398	0.507324	81.054590	-80.497332	-71.260495
03152		8.638023	2.522870	0.047144	-0.256630	0.189393	-0.262518	-0.395264	-0.228271	0.508789	80.420458	-80.331389	-70.763303
03153		8.620318	2.472996	0.074765	-0.287046	0.153415	-0.257518	-0.400146	-0.234375	0.514893	79.908298	-80.171433	-70.407543
03154		8.619083	2.416097	0.047594	-0.313079	0.112063	-0.254632	-0.389893	-0.239502	0.505615	79.520153	-80.016355	-70.192335
03155		8.631956	2.290356	-0.097857	-0.320763	0.057423	-0.240901	-0.384521	-0.237305	0.509521	79.306455	-79.875087	-70.158980
03156		8.688299	2.238850	-0.266535	-0.339765	0.019085	-0.212475	-0.389648	-0.243408	0.510010	79.182371	-79.753352	-70.227345
03157		8.679433	2.306026	-0.391595	-0.356311	-0.004236	-0.181616	-0.393555	-0.235840	0.504883	79.108491	-79.652071	-70.356772
03158		8.793909	2.376725	-0.538166	-0.350049	-0.031779	-0.133652	-0.388916	-0.255859	0.507080	79.088654	-79.580206	-70.537093
03159		8.924643	2.453141	-0.647498	-0.379690	-0.046379	-0.087046	-0.385010	-0.248535	0.510010	79.073160	-79.536728	-70.739571
03160		8.908912	2.397667	-0.778766	-0.425812	-0.075131	-0.034436	-0.389404	-0.246826	0.509277	79.082557	-79.525377	-70.993746
03161		8.996658	2.344737	-0.847027	-0.460934	-0.118435	0.014474	-0.391846	-0.255615	0.507813	79.180016	-79.546775	-71.358436
03162		9.191665	2.300018	-0.886183	-0.507404	-0.141403	0.056307	-0.393066	-0.266357	0.503662	79.293689	-79.593448	-71.766076
03163		9.282059	2.354396	-0.795712	-0.547559	-0.141232	0.106008	-0.385986	-0.258301	0.505371	79.362342	-79.668575	-72.151828
03164		9.304110	2.342618	-0.617386	-0.566851	-0.138749	0.150902	-0.390381	-0.265625	0.502930	79.385486	-79.768050	-72.501825
03165		9.286795	2.358290	-0.613749	-0.591604	-0.142016	0.184447	-0.385254	-0.259766	0.495605	79.393188	-79.887359	-72.851052
03166		9.384176	2.243500	-0.462440	-0.602150	-0.121936	0.210994	-0.389893	-0.260498	0.504639	79.315087	-80.018899	-73.118450
03167		9.519263	2.021620	-0.293236	-0.601658	-0.113627	0.206672	-0.389404	-0.268066	0.504395	79.219647	-80.147822	-73.368543
03168		9.553826	1.854212	-0.126452	-0.546869	-0.124770	0.190293	-0.389648	-0.268066	0.491211	79.200627	-80.268125	-73.663503
03169		9.733572	1.714094	-0.013101	-0.478978	-0.135241	0.155132	-0.391113	-0.272217	0.504150	79.284909	-80.370366	-74.024430
03170		9.678222	1.586841	0.039374	-0.427942	-0.121399	0.111343	-0.391846	-0.270264	0.497070	79.380167	-80.445756	-74.365994
03171		9.721740	1.406433	0.088685	-0.386908	-0.120487	0.080249	-0.395264	-0.270508	0.497559	79.522624	-80.504048	-74.732254
03172		9.632499	1.314031	0.071861	-0.370214	-0.101693	0.068303	-0.393066	-0.276123	0.501953	79.617458	-80.552921	-75.039745
03173		9.624623	1.407592	0.072885	-0.368428	-0.077107	0.063391	-0.383545	-0.281982	0.497803	79.638683	-80.597050	-75.272275
03174		9.496316	1.578427	-0.007595	-0.339746	-0.073835	0.064683	-0.388916	-0.281982	0.494385	79.661636	-80.640963	-75.489156
03175		9.431698	1.846612	-0.005073	-0.292887	-0.102350	0.053284	-0.389404	-0.286133	0.491943	79.821650	-80.681894	-75.818418
03176		9.481610	2.057934	-0.059715	-0.264447	-0.118151	0.034229	-0.389648	-0.282471	0.500244	80.062279	-80.712881	-76.212098
03177		9.375702	2.337132	-0.150297	-0.272226	-0.137267	0.022769	-0.392090	-0.279785	0.501465	80.377449	-80.739533	-76.686515
03178		9.303905	2.671319	-0.277122	-0.330298	-0.160899	0.003293	-0.386475	-0.287354	0.493408	80.750860	-80.756333	-77.252849
03179		9.229612	2.961382	-0.503777	-0.416578	-0.195016	-0.014343	-0.385498	-0.291992	0.493164	81.208663	-80.766156	-77.955519
03180		9.076332	3.207816	-0.658150	-0.516018	-0.225830	-0.028733	-0.387207	-0.289795	0.496826	81.721756	-80.768841	-78.771046
03181		9.048283	3.269704	-0.704252	-0.632379	-0.279335	-0.045047	-0.388428	-0.300293	0.497070	82.366720	-80.765830	-79.788590
03182		9.173521	3.348644	-0.911501	-0.746352	-0.320627	-0.041105	-0.386963	-0.295654	0.490479	83.085065	-80.765408	-80.945642
03183		9.118470	3.434948	-1.133122	-0.846176	-0.360521	-0.031476	-0.380615	-0.306152	0.490479	83.885793	-80.771294	-82.245095
03184		9.115626	3.551629	-1.395121	-0.948729	-0.404951	-0.012172	-0.385986	-0.305664	0.492432	84.775797	-80.786861	-83.693345
03185		9.176730	3.764211	-1.566883	-1.066476	-0.424929	0.012264	-0.380371	-0.314941	0.487549	85.669596	-80.814475	-85.214829
03186		9.324236	3.872222	-1.575924	-1.197961	-0.404856	0.038276	-0.378418	-0.315186	0.483398	86.415365	-80.851843	-86.661253
03187		9.601890	3.826796	-1.474002	-1.309295	-0.414877	0.052395	-0.373047	-0.323730	0.492676	87.142523	-80.895476	-88.154556
03188		9.901683	3.643070	-1.455249	-1.350246	-0.418113	0.051816	-0.375000	-0.326904	0.488281	87.865393	-80.934936	-89.665662
03189		10.167389	3.258039	-1.298201	-1.359311	-0.434797	0.037444	-0.373047	-0.333008	0.486084	88.656316	-80.964212	-91.252236
03190		10.531036	2.695827	-1.216138	-1.337530	-0.469753	0.019393	-0.370605	-0.345215	0.481445	89.590640	-80.978709	-92.969722
03191		10.711666	2.112850	-1.100296	-1.279369	-0.489291	0.007276	-0.378906	-0.356201	0.485840	90.634503	-80.982557	-94.765888
03192		11.004892	1.556796	-1.044453	-1.190829	-0.529067	-0.011824	-0.367188	-0.351563	0.481201	91.867562	-80.968381	-96.700701
03193		11.058304	1.033302	-0.972316	-1.050647	-0.591415	-0.032388	-0.361328	-0.360840	0.476807	93.396535	-80.934452	-98.855533
03194		11.090940	0.483260	-0.893723	-0.854251	-0.634055	-0.062452	-0.371094	-0.366699	0.485840	95.160906	-80.870862	-101.133579
03195		11.113353	-0.024055	-0.680150	-0.625505	-0.664628	-0.100436	-0.361572	-0.373047	0.476074	97.118534	-80.772998	-103.476656
03196		11.032234	-0.431538	-0.416204	-0.363256	-0.684858	-0.156286	-0.347168	-0.378418	0.472900	99.212596	-80.627836	-105.805160
03197		10.883175	-0.622062	-0.250757	-0.083019	-0.706744	-0.222857	-0.354004	-0.375244	0.475342	101.426464	-80.429644	-108.094867
03198		10.587765	-0.419118	-0.290201	0.203858	-0.707185	-0.281682	-0.348389	-0.375488	0.484131	103.660926	-80.183359	-110.239032
03199		10.078344	0.077473	-0.310281	0.445335	-0.699118	-0.311161	-0.349854	-0.384277	0.489502	105.874287	-79.908734	-112.224175
03200		9.595705	0.792671	-0.626818	0.645246	-0.698867	-0.307395	-0.344482	-0.380615	0.496582	108.087211	-79.622639	-114.093181
03201		8.996187	1.598268	-0.994035	0.756824	-0.651938	-0.259660	-0.342041	-0.371338	0.500000	110.170109	-79.359467	-115.767599
03202		8.457523	2.413279	-1.090967	0.722688	-0.600985	-0.170781	-0.336670	-0.366211	0.513428	112.096902	-79.143320	-117.303365
03203		8.008014	3.035519	-0.815207	0.542370	-0.544795	-0.075318	-0.333252	-0.363037	0.505859	113.817121	-78.981560	-118.735918
03204		7.806148	3.457381	-0.394533	0.262085	-0.503003	-0.000055	-0.330078	-0.373047	0.515137	115.312128	-78.860896	-120.102259
03205		7.682597	3.772083	-0.118428	-0.038323	-0.475105	0.036745	-0.333252	-0.365234	0.512207	116.583166	-78.760387	-121.417321
03206		7.815813	3.722478	-0.078266	-0.281531	-0.420566	0.037597	-0.330078	-0.372070	0.514893	117.551922	-78.668985	-122.565476
03207		8.170027	3.351491	-0.112492	-0.436682	-0.334165	0.001274	-0.327393	-0.377197	0.521240	118.153647	-78.579811	-123.431484
03208		8.575104	2.676848	-0.028378	-0.517585	-0.256896	-0.053854	-0.325684	-0.382080	0.513672	118.428922	-78.481871	-124.010636
03209		9.193282	1.918918	0.136366	-0.542851	-0.215431	-0.117624	-0.320557	-0.385498	0.507813	118.499493	-78.363415	-124.397174
03210		9.884612	1.328162	0.303767	-0.541087	-0.162680	-0.167831	-0.316406	-0.388916	0.515381	118.368897	-78.233468	-124.576029
03211		10.388653	0.710187	0.486607	-0.525983	-0.053545	-0.194122	-0.317627	-0.383545	0.516357	117.954563	-78.120560	-124.457620
03212		10.701157	0.275973	0.764819	-0.497602	0.062100	-0.206629	-0.324463	-0.390869	0.510498	117.264910	-78.031219	-124.039821
03213		10.689047	-0.087931	1.119810	-0.472052	0.163085	-0.205145	-0.329346	-0.400391	0.502686	116.361225	-77.968121	-123.389461
03214		10.411971	-0.164775	1.569007	-0.475352	0.223084	-0.190286	-0.326172	-0.396240	0.503418	115.332041	-77.924948	-122.611353
03215		9.971766	-0.156735	1.826128	-0.504864	0.275443	-0.163190	-0.322021	-0.403809	0.501465	114.199057	-77.905855	-121.745520
03216		9.557908	0.063198	1.879645	-0.523986	0.306634	-0.151443	-0.326416	-0.394775	0.501953	112.990016	-77.896051	-120.811950
03217		9.424698	0.360209	1.785388	-0.525629	0.296806	-0.136816	-0.331055	-0.406250	0.497314	111.825292	-77.888153	-119.925748
03218		9.616100	0.657138	1.579711	-0.502712	0.249914	-0.106271	-0.335938	-0.415039	0.481689	110.816644	-77.883029	-119.184695
03219		10.013887	1.084094	1.291612	-0.456012	0.198660	-0.067641	-0.331299	-0.411621	0.491211	110.004081	-77.886192	-118.617854
03220		10.381965	1.442388	0.951528	-0.379518	0.138572	-0.029432	-0.325928	-0.416016	0.487061	109.415395	-77.896730	-118.234190
03221		10.653688	1.758192	0.628918	-0.304273	0.048537	0.022642	-0.328125	-0.415283	0.486572	109.147197	-77.917973	-118.135202
03222		11.022647	1.935811	0.150330	-0.213180	-0.046361	0.110181	-0.330078	-0.414063	0.483643	109.243095	-77.968551	-118.354201
03223		10.792158	1.786503	-0.218506	-0.086367	-0.109716	0.199738	-0.328369	-0.420654	0.488037	109.660955	-78.055338	-118.828972
03224		10.610265	1.563914	-0.397166	0.006073	-0.127070	0.263558	-0.338867	-0.412354	0.492676	110.237661	-78.172166	-119.410812
03225		10.333942	1.287373	-0.442255	0.029921	-0.113439	0.312112	-0.337891	-0.420410	0.492676	110.857683	-78.316594	-120.023614
03226		10.183640	1.162882	-0.547412	0.015706	-0.060971	0.342463	-0.336914	-0.409180	0.488770	111.373175	-78.486805	-120.536757
03227		10.206180	1.207905	-0.588275	-0.010996	0.001111	0.364638	-0.337402	-0.418213	0.486084	111.753172	-78.681107	-120.927863
03228		10.185484	1.218491	-0.714530	-0.038036	0.047456	0.386929	-0.343750	-0.411621	0.491455	112.024433	-78.896745	-121.222760
03229		10.146292	1.146632	-0.799214	-0.035639	0.073776	0.401200	-0.339355	-0.418457	0.486572	112.257738	-79.125350	-121.478239
03230		10.103432	1.235529	-0.567037	-0.065670	0.154925	0.395718	-0.333008	-0.414063	0.489746	112.243060	-79.368626	-121.497784
03231		9.850322	1.243601	-0.554150	-0.064637	0.237543	0.359715	-0.344482	-0.416260	0.490234	111.953727	-79.610544	-121.238202
03232		9.710195	1.282176	-0.468538	-0.040341	0.293362	0.314713	-0.350098	-0.406250	0.488037	111.440394	-79.840074	-120.736212
03233		9.265765	0.845964	-0.148105	0.020240	0.350463	0.276695	-0.343506	-0.411621	0.486816	110.726422	-80.060010	-119.996364
03234		9.822707	0.935608	-0.047272	0.025848	0.380290	0.268038	-0.354736	-0.409668	0.481689	109.872961	-80.279521	-119.111404
03235		9.726484	0.745967	-0.145970	0.120443	0.431404	0.268704	-0.357422	-0.410156	0.479004	108.876257	-80.506580	-118.027566
03236		9.630558	0.689428	-0.006950	0.262112	0.370674	0.275160	-0.367920	-0.407959	0.484131	108.114091	-80.723389	-117.099134
03237		9.596856	0.721362	0.135312	0.297253	0.416936	0.298313	-0.365967	-0.400879	0.480469	107.204724	-80.958584	-116.002546
03238		9.155626	0.591367	0.201040	0.331286	0.471059	0.317545	-0.365723	-0.403076	0.479248	106.081988	-81.210178	-114.670280
03239		8.858072	0.554675	0.389098	0.363462	0.498637	0.306584	-0.370605	-0.393066	0.470947	104.801492	-81.455485	-113.161380
03240		8.728872	0.563088	0.311099	0.380062	0.507995	0.279968	-0.371094	-0.393555	0.481201	103.381775	-81.681955	-111.502389
03241		8.761913	0.608281	0.405584	0.389018	0.516842	0.258907	-0.372314	-0.392578	0.474854	101.838371	-81.891352	-109.714836
03242		9.067161	0.743311	0.684982	0.329417	0.549402	0.232583	-0.376465	-0.388184	0.478271	100.014490	-82.081926	-107.678778
03243		9.456300	1.027520	1.080449	0.175833	0.581877	0.195662	-0.382568	-0.386963	0.470703	97.860723	-82.244536	-105.400064
03244		9.253951	1.098729	0.762823	0.021071	0.502124	0.183197	-0.379395	-0.388916	0.466064	95.852286	-82.383177	-103.357654
03245		9.158165	1.057411	-0.433626	0.050058	0.360864	0.168550	-0.385254	-0.393311	0.470703	94.406453	-82.497978	-101.867259
03246		9.293373	0.880368	-1.272210	0.198083	0.314071	0.145715	-0.387451	-0.380371	0.468994	93.193076	-82.593283	-100.525497
03247		9.386548	0.640438	-1.304615	0.301650	0.337372	0.109558	-0.398682	-0.385742	0.460205	91.907111	-82.664775	-99.051592
03248		9.526776	0.487018	-1.081720	0.324031	0.383303	0.076369	-0.394043	-0.379150	0.463379	90.391812	-82.713018	-97.333166
03249		9.654646	0.446201	-0.918081	0.319019	0.432392	0.033681	-0.397217	-0.379639	0.465576	88.645991	-82.730478	-95.385944
03250		9.539577	0.459859	-0.631397	0.328366	0.435410	-0.010101	-0.397705	-0.379395	0.463135	86.887740	-82.715095	-93.420292
03251		9.452923	0.484396	-0.361373	0.334891	0.408674	-0.050969	-0.403809	-0.375488	0.462646	85.285634	-82.670288	-91.608666
03252		9.232328	0.337927	-0.277833	0.365215	0.370479	-0.088208	-0.403076	-0.375977	0.463623	83.900921	-82.600129	-89.998049
03253		8.977916	0.149190	-0.371424	0.433001	0.350134	-0.125949	-0.400879	-0.375244	0.463623	82.701117	-82.505419	-88.534884
03254		8.908569	0.106689	-0.388873	0.521888	0.343434	-0.163267	-0.402344	-0.372314	0.468018	81.630613	-82.386128	-87.150053
03255		8.975406	0.246542	-0.336904	0.602637	0.347973	-0.178097	-0.412354	-0.374268	0.463379	80.643127	-82.254993	-85.802265
03256		8.633057	0.204662	-0.154067	0.678955	0.345681	-0.168265	-0.407959	-0.367920	0.466553	79.733266	-82.126493	-84.487999
03257		8.722777	0.389479	0.006143	0.731321	0.287561	-0.167706	-0.401855	-0.364990	0.469482	79.128021	-82.002259	-83.450879
03258		9.014513	0.768423	-0.171520	0.716525	0.302681	-0.177144	-0.404541	-0.362793	0.475830	78.481279	-81.869313	-82.379876
03259		9.446982	1.105287	-0.523290	0.748361	0.291858	-0.186210	-0.411377	-0.371094	0.465576	77.936240	-81.731173	-81.393041
03260		9.568661	1.306528	-0.679754	0.786364	0.308006	-0.194254	-0.403809	-0.355957	0.468994	77.377837	-81.585027	-80.370168
03261		9.643234	1.463234	-0.524955	0.770695	0.308180	-0.182272	-0.413574	-0.355469	0.472412	76.832457	-81.444313	-79.369328
03262		9.741412	1.602485	-0.322202	0.692200	0.269946	-0.169996	-0.411865	-0.362793	0.479248	76.390101	-81.314054	-78.517667
03263		9.717526	1.526267	-0.434693	0.618213	0.235543	-0.135295	-0.408936	-0.364990	0.471680	76.022227	-81.207106	-77.784137
03264		9.565230	1.296023	-0.505187	0.575114	0.190947	-0.108731	-0.410400	-0.348877	0.468018	75.771782	-81.120335	-77.194091
03265		9.655523	1.146045	-0.557237	0.504723	0.198168	-0.096964	-0.415527	-0.345459	0.470947	75.458288	-81.038837	-76.581069
03266		9.660220	0.962534	-0.552940	0.479518	0.210766	-0.101233	-0.414795	-0.352783	0.469482	75.094185	-80.952373	-75.931157
03267		9.640868	0.757308	-0.610727	0.503042	0.224726	-0.116338	-0.415527	-0.351074	0.478271	74.724233	-80.855031	-75.261635
03268		9.654368	0.637080	-0.561013	0.540905	0.232652	-0.136235	-0.413330	-0.347168	0.472900	74.374635	-80.744648	-74.590486
03269		9.765972	0.582566	-0.569589	0.567574	0.223059	-0.137782	-0.407471	-0.346191	0.473633	74.090151	-80.634498	-73.969700
03270		9.889493	0.600649	-0.480356	0.604404	0.219337	-0.138617	-0.411377	-0.344727	0.480225	73.846204	-80.523876	-73.368419
03271		9.972603	0.632872	-0.482108	0.633960	0.227155	-0.130027	-0.416748	-0.342285	0.475342	73.599138	-80.416444	-72.746612
03272		10.023671	0.699804	-0.458728	0.666830	0.215279	-0.113161	-0.409180	-0.342041	0.475098	73.398489	-80.319715	-72.152676
03273		10.247190	0.877684	-0.164938	0.663701	0.216846	-0.092571	-0.415283	-0.340088	0.478027	73.182644	-80.233763	-71.544899
03274		10.465405	1.083304	-0.010889	0.654818	0.204558	-0.077682	-0.418213	-0.342773	0.486084	72.989607	-80.157600	-70.965437
03275		10.564250	1.254290	0.205970	0.636516	0.187032	-0.062173	-0.424316	-0.333496	0.468262	72.835237	-80.092640	-70.435591
03276		10.642662	1.413829	0.413715	0.595535	0.173378	-0.060966	-0.419434	-0.327881	0.481201	72.699797	-80.030396	-69.948895
03277		10.584334	1.477859	0.483843	0.557441	0.130755	-0.060212	-0.408936	-0.329834	0.481201	72.680798	-79.975751	-69.602315
03278		10.581304	1.569201	0.508250	0.540684	0.075028	-0.070836	-0.428223	-0.331787	0.478760	72.832565	-79.924803	-69.439076
03279		10.519788	1.657126	0.427946	0.526588	0.024228	-0.083305	-0.418213	-0.328613	0.478271	73.147238	-79.875677	-69.449266
03280		10.383422	1.741029	0.295260	0.543632	-0.023362	-0.095541	-0.415771	-0.326904	0.491211	73.623604	-79.827604	-69.614032
03281		10.427721	1.946725	0.497903	0.559420	-0.041326	-0.089475	-0.414307	-0.319092	0.487793	74.158832	-79.785481	-69.829204
03282		10.720418	1.976934	0.792596	0.617340	-0.013921	-0.070984	-0.418457	-0.324463	0.483643	74.621591	-79.748995	-69.937268
03283		10.874767	2.091828	0.411757	0.717594	0.008000	-0.032143	-0.422363	-0.327637	0.490234	75.044014	-79.730562	-69.945748
03284		10.865498	2.180731	-1.193126	0.685123	-0.069534	0.019468	-0.421387	-0.309570	0.490967	75.639842	-79.751949	-70.149570
03285		10.874978	2.206564	-1.450405	0.499612	-0.017687	0.085836	-0.414795	-0.315186	0.496582	75.922750	-79.802634	-70.143192
03286		10.778990	2.116725	-0.815298	0.353626	-0.064545	0.158717	-0.416748	-0.313232	0.495605	76.210045	-79.900310	-70.226433
03287		10.683699	2.036351	-0.089698	0.293321	-0.078146	0.196109	-0.427490	-0.308105	0.497559	76.483363	-80.020578	-70.330353
03288		10.283377	1.774647	0.666768	0.280540	-0.088133	0.191542	-0.417236	-0.311768	0.495850	76.786848	-80.139522	-70.472460
03289		9.863195	1.493326	0.648961	0.287666	-0.174467	0.152387	-0.425537	-0.306152	0.497314	77.412123	-80.247445	-70.936770
03290		9.510571	1.138297	0.457869	0.314551	-0.250709	0.091671	-0.415527	-0.311523	0.500488	78.355552	-80.329432	-71.708266
03291		9.259853	1.047092	0.347528	0.346329	-0.268532	0.022804	-0.418945	-0.308350	0.507080	79.436892	-80.372346	-72.600874
03292		9.036582	1.201542	0.183570	0.357441	-0.251451	-0.016411	-0.410645	-0.301758	0.508545	80.495478	-80.388664	-73.464068
03293		8.895441	1.387763	0.090589	0.360148	-0.203634	-0.022029	-0.411865	-0.304688	0.505127	81.404020	-80.394972	-74.173280
03294		8.903466	1.519500	0.290451	0.393486	-0.134065	0.002648	-0.413086	-0.306641	0.507813	82.084902	-80.407962	-74.632423
03295		8.901117	1.482800	0.779165	0.444391	-0.087929	0.037274	-0.415039	-0.302979	0.497070	82.628498	-80.436220	-74.922517
03296		8.835267	1.363328	1.017661	0.479718	-0.100563	0.075924	-0.402832	-0.298096	0.513184	83.218960	-80.486925	-75.239788
03297		8.674626	1.452798	1.036061	0.497686	-0.115193	0.109239	-0.417725	-0.295410	0.510010	83.864794	-80.556907	-75.602492
03298		8.518676	1.601492	1.118103	0.499145	-0.083719	0.126144	-0.415527	-0.293701	0.512451	84.401354	-80.634122	-75.853727
03299		8.291010	1.887319	1.235508	0.515912	-0.022798	0.139724	-0.405518	-0.282715	0.523682	84.740194	-80.715400	-75.894582
03300		8.218757	2.153637	1.402439	0.547228	0.039807	0.138686	-0.417725	-0.289551	0.508789	84.876937	-80.792851	-75.712685
03301		8.146465	2.339005	1.558007	0.582986	0.104055	0.137711	-0.411621	-0.278076	0.514160	84.809534	-80.866416	-75.303092
03302		8.141423	2.425455	1.724816	0.600709	0.148492	0.146911	-0.418213	-0.275635	0.519775	84.582553	-80.942689	-74.721822
03303		8.269998	2.504174	1.854988	0.608138	0.205848	0.172143	-0.422119	-0.275879	0.512939	84.140427	-81.029606	-73.918409
03304		8.401873	2.544319	1.948901	0.584723	0.237305	0.201374	-0.418701	-0.275879	0.510254	83.541519	-81.129996	-72.970134
03305		8.556978	2.540865	1.920620	0.529833	0.252089	0.236225	-0.416016	-0.270752	0.522705	82.826794	-81.247623	-71.936713
03306		8.800293	2.612749	1.933455	0.457202	0.264665	0.259908	-0.423828	-0.259277	0.519043	81.982100	-81.375393	-70.814225
03307		8.976664	2.614085	1.915035	0.385690	0.246793	0.270872	-0.425049	-0.265137	0.519775	81.132913	-81.508562	-69.729043
03308		9.217090	2.537787	1.685016	0.333427	0.200253	0.260206	-0.417969	-0.265625	0.515625	80.403451	-81.637447	-68.795420
03309		9.373737	2.377981	1.556118	0.333913	0.161022	0.240756	-0.423340	-0.258545	0.523682	79.820471	-81.757938	-68.009962
03310		9.723235	2.103711	1.295352	0.361846	0.104073	0.192503	-0.429932	-0.250977	0.522217	79.487903	-81.855804	-67.461356
03311		10.025321	1.843907	0.922231	0.401479	0.061233	0.138999	-0.424072	-0.260986	0.510010	79.384392	-81.928113	-67.121488
03312		10.299356	1.649983	0.619688	0.444546	0.024937	0.083741	-0.432129	-0.253662	0.522217	79.482519	-81.972691	-66.960164
03313		10.487488	1.609052	0.388384	0.485809	-0.003889	0.027679	-0.427979	-0.249268	0.520752	79.767286	-81.989139	-66.963689
03314		10.557270	1.679285	0.236448	0.535601	-0.022998	-0.023190	-0.424561	-0.248535	0.515381	80.187675	-81.978360	-67.075123
03315		10.545117	1.927341	0.207320	0.585169	-0.047574	-0.064839	-0.432373	-0.246826	0.522461	80.768010	-81.946660	-67.319655
03316		10.339731	2.092075	0.245117	0.652336	-0.080188	-0.109693	-0.420654	-0.242432	0.523682	81.534638	-81.891609	-67.713241
03317		10.118162	2.292091	0.243500	0.688265	-0.087002	-0.141856	-0.429932	-0.242920	0.522705	82.364503	-81.818512	-68.150239
03318		9.897307	2.328302	0.192515	0.682925	-0.107754	-0.173115	-0.420410	-0.243164	0.529053	83.270310	-81.727750	-68.666836
03319		9.767810	2.426968	0.051654	0.651598	-0.098202	-0.202080	-0.432129	-0.241211	0.526123	84.123642	-81.619205	-69.148983
03320		9.649072	2.578806	-0.013427	0.606280	-0.068141	-0.233516	-0.427734	-0.231445	0.532715	84.824624	-81.489656	-69.503131
03321		9.560888	2.774927	-0.087371	0.541636	-0.039076	-0.259791	-0.423340	-0.237793	0.532715	85.377796	-81.343596	-69.745757
03322		9.426428	2.798462	-0.048919	0.456740	-0.004235	-0.280137	-0.426758	-0.235596	0.530762	85.741266	-81.183552	-69.845303
03323		9.314527	2.762056	0.133878	0.362244	0.010640	-0.305148	-0.415039	-0.235107	0.527344	86.000932	-81.009048	-69.895090
03324		9.139743	2.778135	0.088422	0.280141	0.012219	-0.312383	-0.433105	-0.234863	0.530029	86.199069	-80.829726	-69.929678
03325		9.084068	2.767931	-0.027564	0.205489	0.032487	-0.311159	-0.417969	-0.240234	0.536621	86.284839	-80.650918	-69.894322
03326		9.076366	2.710759	-0.029296	0.129800	0.090003	-0.292484	-0.429688	-0.235840	0.534180	86.121492	-80.479949	-69.649739
03327		8.831229	2.658726	0.119707	0.068241	0.102856	-0.267136	-0.425049	-0.237305	0.534180	85.886039	-80.323471	-69.368318
03328		8.754634	2.566786	0.133568	0.001825	0.111111	-0.229758	-0.421875	-0.241211	0.534424	85.579619	-80.187065	-69.052662
03329		8.689796	2.526120	0.222452	-0.082210	0.117072	-0.206081	-0.418457	-0.246338	0.536621	85.212644	-80.064313	-68.725007
03330		8.760817	2.414010	0.362031	-0.152227	0.105733	-0.202012	-0.422607	-0.244629	0.528564	84.845073	-79.943323	-68.436574
03331		8.783542	2.235305	0.335585	-0.190994	0.069595	-0.199833	-0.431641	-0.240723	0.533936	84.581815	-79.825981	-68.277344
03332		8.862695	2.073669	0.261884	-0.230983	0.042008	-0.204028	-0.422852	-0.250488	0.527588	84.384115	-79.706850	-68.207123
03333		9.002511	1.854251	0.277668	-0.267549	0.007347	-0.202216	-0.420410	-0.243408	0.532959	84.279970	-79.591489	-68.254109
03334		9.042638	1.671263	0.367694	-0.290690	0.014753	-0.189271	-0.420898	-0.250977	0.524902	84.132191	-79.482280	-68.269375
03335		8.953502	1.813883	0.315649	-0.318700	-0.017450	-0.178289	-0.414063	-0.249268	0.535156	84.068467	-79.382051	-68.387324
03336		8.853177	2.243501	0.135598	-0.365761	-0.061920	-0.170041	-0.415527	-0.262451	0.532715	84.104537	-79.288338	-68.633454
03337		8.800529	2.585261	0.062193	-0.448853	-0.104545	-0.173936	-0.417480	-0.255371	0.531982	84.223501	-79.195639	-69.013340
03338		8.899567	2.739057	-0.071798	-0.526339	-0.140629	-0.189427	-0.415771	-0.265381	0.533203	84.401079	-79.095138	-69.497347
03339		8.981754	2.961416	-0.587194	-0.562259	-0.177719	-0.207152	-0.413086	-0.263428	0.532715	84.669841	-78.987029	-70.096253
03340		9.065493	3.173440	-1.047748	-0.586647	-0.134857	-0.207798	-0.421631	-0.275879	0.522217	84.787891	-78.875043	-70.555086
03341		9.229570	3.175352	-1.036726	-0.610874	-0.065840	-0.176908	-0.417236	-0.271240	0.528320	84.684096	-78.777912	-70.803069
03342		9.266012	3.032594	-0.907025	-0.668301	-0.018336	-0.119956	-0.418457	-0.275146	0.528564	84.391825	-78.709921	-70.891426
03343		9.225223	2.887115	-0.696750	-0.717050	-0.006384	-0.052382	-0.413086	-0.285156	0.526367	84.023208	-78.680783	-70.931497
03344		9.190948	2.714312	-0.436997	-0.754189	-0.031793	0.008526	-0.417725	-0.287842	0.525146	83.684433	-78.686989	-71.022550
03345		9.136762	2.499111	-0.417047	-0.766629	-0.105023	0.055850	-0.421631	-0.296875	0.518555	83.535650	-78.725851	-71.315761
03346		9.156342	2.340115	-0.530256	-0.759325	-0.148876	0.071644	-0.412842	-0.294189	0.519043	83.509024	-78.775643	-71.728001
03347		9.113739	2.246288	-0.735494	-0.733372	-0.160134	0.079212	-0.421875	-0.304932	0.513916	83.532425	-78.831458	-72.177213
03348		9.121434	2.172291	-0.951119	-0.731485	-0.133591	0.083674	-0.412598	-0.309814	0.522217	83.477739	-78.887127	-72.544406
03349		9.116450	2.217643	-1.080909	-0.741963	-0.112148	0.085019	-0.409424	-0.305908	0.519043	83.358901	-78.943252	-72.853520
03350		9.173816	2.302382	-1.054416	-0.753833	-0.075907	0.095393	-0.418457	-0.310547	0.515625	83.121673	-79.002027	-73.047607
03351		9.274583	2.304043	-0.943214	-0.775228	-0.047102	0.110066	-0.416504	-0.313232	0.521729	82.784824	-79.068302	-73.153943
03352		9.368687	2.277749	-0.853542	-0.774955	-0.060419	0.115051	-0.413818	-0.314209	0.515137	82.481634	-79.137497	-73.293055
03353		9.517316	2.273120	-0.809080	-0.759194	-0.080828	0.107653	-0.414063	-0.321289	0.506348	82.252855	-79.205172	-73.500019
03354		9.643105	2.234318	-0.826875	-0.724025	-0.065596	0.112792	-0.414551	-0.324219	0.506592	81.994001	-79.273721	-73.654460
03355		9.714569	2.301441	-0.812073	-0.688471	-0.021024	0.132377	-0.426025	-0.326172	0.510254	81.614552	-79.350910	-73.666760
03356		9.701528	2.320982	-0.565578	-0.648604	-0.021750	0.152470	-0.413330	-0.329834	0.501221	81.246230	-79.438539	-73.665756
03357		9.825111	2.422468	-0.375383	-0.595442	0.002163	0.155456	-0.417725	-0.329834	0.504150	80.832953	-79.526745	-73.589431
03358		9.713510	2.437169	-0.227559	-0.484831	0.002777	0.154598	-0.417725	-0.332275	0.503906	80.475780	-79.613276	-73.504315
03359		9.632429	2.495989	-0.087017	-0.432585	-0.005637	0.146672	-0.420410	-0.338867	0.495117	80.177295	-79.697092	-73.449869
03360		9.502153	2.617139	-0.046386	-0.420536	-0.015058	0.137650	-0.423340	-0.334961	0.498779	79.915494	-79.775637	-73.424236
03361		9.420337	2.871314	-0.079183	-0.441621	-0.040966	0.120749	-0.416992	-0.341309	0.502197	79.732366	-79.848320	-73.492282
03362		9.267031	3.119535	-0.281671	-0.497997	-0.090840	0.104886	-0.421875	-0.338379	0.500244	79.681525	-79.916088	-73.725968
03363		9.087775	3.251814	-0.531082	-0.593613	-0.142455	0.091628	-0.421387	-0.339844	0.499023	79.751097	-79.982758	-74.139066
03364		8.940294	3.310946	-0.810774	-0.707170	-0.166288	0.066843	-0.423096	-0.342285	0.493652	79.847677	-80.036603	-74.643940
03365		8.848713	3.294341	-0.975378	-0.817475	-0.170074	0.036395	-0.428223	-0.354736	0.488770	79.915079	-80.074691	-75.184919
03366		8.770234	3.204783	-0.995141	-0.869455	-0.187145	0.023427	-0.417969	-0.355225	0.487549	80.016163	-80.105804	-75.788518
03367		8.867824	3.071407	-0.882284	-0.919443	-0.166578	0.020958	-0.414795	-0.359863	0.489990	80.026700	-80.134605	-76.330973
03368		9.065616	2.881248	-0.775147	-0.936921	-0.173265	0.012038	-0.426025	-0.360596	0.482666	80.054491	-80.157722	-76.899214
03369		9.409651	2.639462	-0.745602	-0.894764	-0.202732	-0.015445	-0.420410	-0.368408	0.486084	80.220216	-80.169334	-77.584749
03370		9.865060	2.294895	-0.764031	-0.788978	-0.245371	-0.055064	-0.417725	-0.374268	0.489746	80.606853	-80.160747	-78.431062
03371		10.168443	1.991719	-0.783105	-0.696150	-0.306269	-0.090077	-0.412842	-0.371094	0.478760	81.262428	-80.137848	-79.498306
03372		10.360864	1.762276	-0.913341	-0.607006	-0.360810	-0.094782	-0.422363	-0.373779	0.488037	82.143657	-80.113022	-80.740912
03373		10.333325	1.589692	-1.056114	-0.516900	-0.393339	-0.077090	-0.423096	-0.383301	0.483398	83.171018	-80.098399	-82.081443
03374		10.260059	1.571234	-0.996051	-0.446272	-0.406733	-0.047513	-0.414551	-0.390137	0.477783	84.268109	-80.095899	-83.449830
03375		10.240838	1.647378	-0.826989	-0.391220	-0.369274	-0.008621	-0.409912	-0.382568	0.490723	85.263948	-80.110620	-84.685276
03376		10.355792	1.657689	-0.552906	-0.323167	-0.303670	0.027029	-0.406494	-0.392090	0.487061	86.077569	-80.138248	-85.694260
03377		10.612128	1.532972	-0.142358	-0.227832	-0.246182	0.042407	-0.413086	-0.392822	0.494385	86.759331	-80.171615	-86.515728
03378		10.780300	1.361798	0.264714	-0.105220	-0.248873	0.024800	-0.406982	-0.390381	0.483154	87.526795	-80.191957	-87.350997
03379		10.943007	1.113313	0.455145	0.064778	-0.334907	-0.025495	-0.417969	-0.388184	0.491211	88.685545	-80.183968	-88.486309
03380		10.941905	1.109453	0.443910	0.258401	-0.436645	-0.085035	-0.407471	-0.389648	0.497559	90.287091	-80.136524	-89.956777
03381		10.955535	1.225431	0.532478	0.413765	-0.480673	-0.134609	-0.407959	-0.392822	0.500977	92.101799	-80.053870	-91.555309
03382		10.710929	1.407140	0.419121	0.516339	-0.516159	-0.170425	-0.401611	-0.391846	0.501953	94.050277	-79.939500	-93.228797
03383		10.252512	1.604592	0.150446	0.600011	-0.562105	-0.165581	-0.398438	-0.383057	0.507813	96.153583	-79.816470	-95.013159
03384		9.819045	1.823402	0.179924	0.590244	-0.566631	-0.121574	-0.397949	-0.384033	0.509521	98.234254	-79.705667	-96.779224
03385		9.515205	2.098722	0.255265	0.433345	-0.549511	-0.061325	-0.398926	-0.379395	0.512451	100.165490	-79.620667	-98.486955
03386		9.213433	2.408293	0.349136	0.250913	-0.522813	0.014719	-0.390869	-0.376709	0.514404	101.926257	-79.570463	-100.126379
03387		9.039261	2.644596	0.632814	0.088199	-0.496966	0.074150	-0.393555	-0.380371	0.528809	103.544610	-79.549084	-101.717608
03388		8.950693	2.746779	0.816567	-0.077452	-0.471167	0.098444	-0.393311	-0.382568	0.531006	104.999455	-79.536044	-103.237501
03389		9.085951	2.678318	0.780792	-0.195447	-0.474323	0.071183	-0.378174	-0.376221	0.531006	106.371027	-79.501726	-104.743247
03390		9.299843	2.553606	0.695976	-0.273312	-0.428841	0.031570	-0.384033	-0.379883	0.522217	107.513437	-79.446220	-106.059780
03391		9.600543	2.305501	0.597088	-0.334793	-0.354198	-0.014754	-0.381348	-0.381592	0.527100	108.350008	-79.375535	-107.103009
03392		9.938969	2.006930	0.487078	-0.364152	-0.269436	-0.040372	-0.381104	-0.393555	0.520264	108.884358	-79.303105	-107.854310
03393		10.225649	1.631915	0.591951	-0.376376	-0.192464	-0.044542	-0.387207	-0.391357	0.530762	109.184436	-79.242834	-108.376226
03394		10.382878	1.223431	0.854303	-0.401729	-0.101559	-0.021554	-0.387207	-0.397705	0.531982	109.226357	-79.210830	-108.648470
03395		10.420525	0.780514	1.077706	-0.435639	-0.001418	0.009542	-0.386230	-0.399902	0.521973	108.999526	-79.215548	-108.668669
03396		10.268152	0.390544	1.453333	-0.480728	0.104151	0.036391	-0.388428	-0.396729	0.523926	108.466458	-79.253337	-108.401747
03397		9.885007	0.100390	1.741862	-0.554115	0.199144	0.042429	-0.392334	-0.394287	0.527588	107.624967	-79.311638	-107.865456
03398		9.500526	-0.146155	1.758852	-0.580211	0.275731	0.027246	-0.390381	-0.408447	0.516602	106.518535	-79.371943	-107.073291
03399		8.898501	-0.108693	1.651106	-0.567304	0.317859	-0.010115	-0.390625	-0.408203	0.515869	105.259084	-79.416116	-106.119661
03400		8.658371	0.297279	1.525135	-0.530469	0.315584	-0.074537	-0.389648	-0.414551	0.510742	103.964844	-79.419541	-105.107746
03401		8.668372	0.831986	1.393674	-0.506566	0.318663	-0.126109	-0.395020	-0.417725	0.507813	102.645304	-79.391184	-104.057616
03402		8.838596	1.261584	1.157026	-0.476766	0.297057	-0.153421	-0.394287	-0.415283	0.500488	101.391775	-79.339869	-103.055700
03403		9.427980	1.483592	0.890386	-0.439272	0.242523	-0.148512	-0.395996	-0.415283	0.501953	100.341586	-79.282493	-102.240115
03404		9.998239	1.590994	0.653392	-0.392501	0.189254	-0.095654	-0.400635	-0.427002	0.501953	99.507027	-79.246463	-101.615175
03405		10.327444	1.583123	0.586422	-0.339450	0.117138	-0.000178	-0.394287	-0.425293	0.506592	98.972910	-79.257168	-101.266501
03406		10.697828	1.540597	0.543013	-0.323203	0.091999	0.098837	-0.401367	-0.419434	0.501221	98.561327	-79.320473	-101.031698
03407		10.404271	1.363846	0.376596	-0.285135	0.051404	0.177463	-0.397217	-0.426270	0.494873	98.331801	-79.425422	-100.961406
03408		10.171755	1.273053	0.203207	-0.224788	0.009764	0.237260	-0.397949	-0.423584	0.499512	98.282316	-79.560086	-101.037712
03409		9.792306	1.212086	-0.058796	-0.173538	-0.010664	0.259362	-0.393799	-0.426025	0.495850	98.343058	-79.706294	-101.197563
03410		9.438532	1.255709	-0.115330	-0.153087	0.003996	0.241369	-0.403320	-0.425781	0.499268	98.357350	-79.842833	-101.296897
03411		9.231973	1.533110	0.052635	-0.197866	0.015393	0.236142	-0.403809	-0.425537	0.504639	98.315046	-79.978031	-101.366102
03412		9.336373	1.758988	-0.233845	-0.253878	-0.020619	0.240176	-0.405762	-0.418701	0.490479	98.353034	-80.111876	-101.548059
03413		9.410985	2.111552	-0.377072	-0.309182	0.010949	0.257515	-0.403564	-0.428467	0.494385	98.273385	-80.258827	-101.644033
03414		9.719856	2.066599	-0.552475	-0.340101	0.030431	0.266969	-0.409912	-0.421143	0.488770	98.108403	-80.412107	-101.670033
03415		10.311182	2.103782	-0.756656	-0.345579	0.048943	0.296420	-0.406250	-0.431152	0.489746	97.896051	-80.584250	-101.652514
03416		10.287324	1.807319	-0.979126	-0.352136	0.137165	0.310988	-0.407715	-0.432861	0.490723	97.367355	-80.770677	-101.316872
03417		9.494375	1.039301	-0.597469	-0.300209	0.219638	0.305607	-0.416992	-0.423340	0.488281	96.561124	-80.959825	-100.671535
03418		9.496773	0.815933	-0.053230	-0.323060	0.293965	0.286654	-0.413574	-0.428223	0.481445	95.425021	-81.140162	-99.704501
03419		9.300934	0.664187	0.401767	-0.361742	0.288088	0.257050	-0.414063	-0.423828	0.483398	94.244030	-81.300958	-98.716266
03420		9.378804	0.597335	0.452716	-0.313949	0.249375	0.239369	-0.427734	-0.431396	0.479980	93.186723	-81.446535	-97.824533
03421		9.473561	0.426695	0.458015	-0.245452	0.240294	0.231286	-0.427246	-0.437988	0.476807	92.176796	-81.585523	-96.942661
03422		9.291427	0.182142	0.546329	-0.197592	0.245822	0.227825	-0.423340	-0.426758	0.475586	91.133658	-81.719587	-95.998564
03423		9.249084	0.161402	0.604365	-0.174645	0.231071	0.223658	-0.432861	-0.432617	0.479248	90.137851	-81.849412	-95.090574
03424		9.225169	0.263077	0.375551	-0.122578	0.216649	0.222940	-0.428955	-0.427734	0.476807	89.192659	-81.976003	-94.202680
03425		9.237727	0.259051	0.140604	-0.034856	0.216980	0.233311	-0.436279	-0.429443	0.481445	88.274063	-82.107157	-93.292359
03426		9.273485	0.269049	0.083832	0.035528	0.236329	0.250239	-0.427490	-0.428223	0.474854	87.273136	-82.244807	-92.257401
03427		9.394827	0.405918	0.259953	0.025259	0.263590	0.258589	-0.433594	-0.428467	0.473389	86.118829	-82.384320	-91.075072
03428		9.201609	0.506917	0.114551	0.008623	0.234881	0.260937	-0.445313	-0.425537	0.469482	85.027906	-82.522687	-89.965615
03429		9.201542	0.634375	-0.573588	0.075143	0.191638	0.244030	-0.439941	-0.427490	0.465088	84.141394	-82.651864	-89.025261
03430		8.970330	0.522218	-0.935300	0.167796	0.179369	0.221558	-0.448730	-0.420898	0.469727	83.335158	-82.766570	-88.111555
03431		8.931991	0.413979	-0.999232	0.231143	0.162989	0.195160	-0.447998	-0.419922	0.473877	82.636107	-82.866524	-87.270538
03432		8.984356	0.373241	-1.009258	0.250686	0.166634	0.157981	-0.446289	-0.419678	0.470215	81.926852	-82.943166	-86.407155
03433		9.369221	0.543558	-1.143848	0.245434	0.202610	0.121589	-0.447266	-0.422607	0.465332	81.065392	-82.995305	-85.394528
03434		9.304485	0.490456	-1.205561	0.267543	0.204560	0.085281	-0.451172	-0.416016	0.471924	80.216145	-83.024271	-84.380630
03435		9.285096	0.430541	-1.212280	0.315430	0.174102	0.038151	-0.455811	-0.414795	0.478027	79.574989	-83.028726	-83.549669
03436		9.071082	0.341912	-1.196880	0.333894	0.164937	-0.006923	-0.450928	-0.408936	0.463867	79.020120	-83.007140	-82.794130
03437		8.823683	0.128419	-1.126848	0.347018	0.123411	-0.046074	-0.455322	-0.411133	0.467285	78.708614	-82.968039	-82.276999
03438		8.819359	0.191548	-0.851848	0.309901	0.086144	-0.103442	-0.452393	-0.417969	0.483887	78.596375	-82.900134	-81.981270
03439		9.744298	0.720638	-0.824260	0.226141	0.110595	-0.137919	-0.452148	-0.415771	0.468262	78.368526	-82.810515	-81.618103
03440		9.364399	0.835625	-0.739232	0.261262	0.088112	-0.131477	-0.456787	-0.408936	0.472168	78.255703	-82.726478	-81.349833
03441		9.812920	1.032577	-0.819850	0.268972	0.088304	-0.140422	-0.449219	-0.408691	0.474854	78.163976	-82.637852	-81.099024
03442		9.652290	1.200899	-0.692994	0.234087	0.136073	-0.164368	-0.452881	-0.412354	0.471436	77.869537	-82.529523	-80.663232
03443		9.763960	1.391537	-0.719240	0.249535	0.049639	-0.179861	-0.451416	-0.416992	0.473877	77.976734	-82.423276	-80.624190
03444		9.424871	1.254730	-0.494792	0.269991	0.052805	-0.181030	-0.448242	-0.412354	0.469727	78.078494	-82.315522	-80.567179
03445		9.583069	1.097851	-0.487050	0.283950	0.050019	-0.177585	-0.457764	-0.416260	0.472412	78.199999	-82.210526	-80.522658
03446		9.723400	0.884420	-0.406603	0.259556	0.093018	-0.159149	-0.454590	-0.408203	0.480713	78.113343	-82.110342	-80.281480
03447		9.700613	0.683112	-0.388607	0.252793	0.114139	-0.128479	-0.451416	-0.416748	0.482666	77.919862	-82.025228	-79.936933
03448		9.670985	0.562409	-0.225746	0.258730	0.151491	-0.110517	-0.457031	-0.414795	0.477783	77.568837	-81.944957	-79.429199
03449		9.460737	0.453575	-0.166456	0.288375	0.164761	-0.100498	-0.454590	-0.407471	0.481201	77.185641	-81.868624	-78.872300
03450		9.473841	0.573327	-0.128973	0.321035	0.159436	-0.088944	-0.451172	-0.413818	0.475586	76.836814	-81.798518	-78.330594
03451		9.498629	0.619573	-0.266696	0.365792	0.127574	-0.076610	-0.448975	-0.417969	0.478516	76.634924	-81.739522	-77.911878
03452		9.431163	0.542525	-0.442268	0.444142	0.105369	-0.068667	-0.452148	-0.404053	0.477051	76.556559	-81.687382	-77.572101
03453		9.531217	0.463676	-0.581444	0.509165	0.125572	-0.078543	-0.462646	-0.403076	0.484619	76.453433	-81.627336	-77.170060
03454		9.500096	0.276842	-0.750118	0.575673	0.156736	-0.074626	-0.454346	-0.406982	0.483154	76.268721	-81.564784	-76.646565
03455		9.447212	0.143532	-0.861481	0.672626	0.169794	-0.071520	-0.457031	-0.397949	0.485840	76.095685	-81.502265	-76.079029
03456		9.407680	-0.001967	-0.899424	0.778650	0.164178	-0.060781	-0.461182	-0.407471	0.487549	75.997014	-81.446027	-75.524861
03457		9.381921	-0.037920	-0.824969	0.886124	0.162272	-0.048519	-0.461914	-0.402588	0.484131	75.961762	-81.397043	-74.972791
03458		9.396333	0.031438	-0.711599	0.967947	0.179493	-0.035304	-0.457275	-0.393311	0.490967	75.899486	-81.352738	-74.345692
03459		9.358203	0.202054	-0.737878	1.042058	0.172899	-0.022363	-0.460938	-0.385010	0.486816	75.896882	-81.316689	-73.736145
03460		9.558509	0.524150	-0.697786	1.076777	0.137728	-0.004363	-0.462158	-0.377197	0.497559	76.025736	-81.295502	-73.239294
03461		9.659430	0.821157	-0.685166	1.056618	0.111469	0.018329	-0.460938	-0.379639	0.504150	76.220081	-81.290890	-72.820484
03462		10.109605	1.168820	-0.552943	1.001270	0.108652	0.034137	-0.463623	-0.375244	0.504395	76.377454	-81.295566	-72.396288
03463		10.485311	1.643913	-0.347346	0.906947	0.133788	0.043160	-0.473389	-0.373291	0.503418	76.382542	-81.302054	-71.872778
03464		10.495656	1.877028	-0.092052	0.836338	0.094114	0.050573	-0.464600	-0.364014	0.505615	76.483444	-81.318000	-71.487082
03465		10.581350	2.165165	0.303873	0.748476	0.069541	0.058445	-0.465820	-0.360107	0.509033	76.617403	-81.341803	-71.185822
03466		10.702291	2.344687	0.618627	0.634494	0.024543	0.073245	-0.460449	-0.356201	0.506104	76.836775	-81.379822	-71.036952
03467		11.019127	2.673630	0.843361	0.526543	-0.018628	0.095127	-0.470215	-0.360352	0.512207	77.136468	-81.435823	-71.031973
03468		11.374441	3.074786	0.850052	0.377473	-0.109749	0.139011	-0.462158	-0.354492	0.516846	77.655843	-81.527617	-71.335343
03469		11.769093	3.463341	1.066017	0.202930	-0.171698	0.199726	-0.465088	-0.354248	0.515137	78.272359	-81.660526	-71.838059
03470		11.819446	3.452449	0.955692	0.000124	-0.273920	0.292400	-0.470459	-0.355469	0.518799	79.117813	-81.855824	-72.689052
03471		11.727392	3.238590	0.726255	-0.168797	-0.412057	0.388115	-0.471680	-0.354248	0.518311	80.401733	-82.117084	-74.080337
03472		11.282840	2.830184	0.127007	-0.258412	-0.446543	0.438053	-0.470459	-0.348389	0.520996	81.838749	-82.404704	-75.676658
03473		10.518550	2.020911	-0.555953	-0.241877	-0.406063	0.419997	-0.460449	-0.354248	0.521484	83.234995	-82.673932	-77.221633
03474		9.620217	0.978643	-0.820222	-0.145077	-0.356089	0.324231	-0.472900	-0.351807	0.529785	84.608272	-82.880311	-78.686303
03475		9.104763	-0.047087	-0.754015	-0.055301	-0.330498	0.191021	-0.465088	-0.345703	0.526611	86.041608	-83.005162	-80.159554
03476		9.055596	-0.685744	-0.305516	0.018796	-0.317894	0.074094	-0.459473	-0.348633	0.527344	87.532186	-83.057781	-81.647050
03477		9.535206	-0.921973	0.229413	0.112987	-0.312546	0.019793	-0.460693	-0.351563	0.527344	89.078928	-83.074675	-83.137020
03478		9.788069	-1.011762	0.364110	0.252313	-0.324676	-0.007737	-0.460205	-0.347168	0.526367	90.766176	-83.070548	-84.687853
03479		10.050303	-0.707505	0.156446	0.407468	-0.363238	0.003777	-0.465576	-0.347900	0.529541	92.724341	-83.066562	-86.422300
03480		10.338777	-0.040847	-0.560568	0.494722	-0.354255	0.051102	-0.460449	-0.348389	0.548096	94.702507	-83.082720	-88.126405
03481		10.208211	0.786318	-0.924046	0.498435	-0.236328	0.121930	-0.456299	-0.353027	0.543457	96.171714	-83.139549	-89.315685
03482		9.855118	1.240071	-0.225336	0.527599	-0.096912	0.172749	-0.460938	-0.337402	0.541016	97.042822	-83.231548	-89.885546
03483		9.571164	1.452634	0.912989	0.574010	-0.020300	0.177720	-0.462158	-0.335449	0.546875	97.593117	-83.331134	-90.105538
03484		9.135433	1.604364	1.444034	0.627177	-0.009922	0.133898	-0.461182	-0.333252	0.547119	98.103009	-83.406392	-90.254084
03485		8.600722	1.672053	1.436577	0.736137	-0.006283	0.092578	-0.460693	-0.331543	0.553467	98.636416	-83.458394	-90.363503
03486		8.287484	1.764587	1.416656	0.826491	0.083102	0.082200	-0.461426	-0.322510	0.554199	98.771722	-83.512152	-90.020014
03487		8.056356	1.976811	1.182388	0.835685	0.185250	0.091631	-0.457275	-0.322998	0.551514	98.405900	-83.579959	-89.167044
03488		8.016231	2.169120	1.071402	0.780819	0.280728	0.130609	-0.466064	-0.320313	0.555176	97.530752	-83.676345	-87.833188
03489		8.292627	2.238227	1.065372	0.684935	0.392116	0.189771	-0.471924	-0.315430	0.554932	96.019267	-83.810920	-85.914912
03490		8.673474	2.242582	1.336774	0.606553	0.525127	0.233422	-0.466309	-0.313721	0.545166	93.682293	-83.969627	-83.211889
03491		9.057586	2.148003	1.592043	0.533034	0.583396	0.269050	-0.483887	-0.306396	0.548584	90.853989	-84.137131	-80.058290
03492		9.524353	2.156551	1.668942	0.465118	0.570010	0.286774	-0.477295	-0.304932	0.547363	87.888062	-84.297887	-76.806078
03493		9.851521	1.986662	1.518313	0.411264	0.502181	0.274175	-0.485352	-0.298340	0.545654	85.129280	-84.437512	-73.794196
03494		9.795608	1.678394	1.390539	0.370200	0.386925	0.240792	-0.490234	-0.292969	0.549316	82.914968	-84.551652	-71.353196
03495		10.051407	1.405186	1.189250	0.328508	0.261586	0.170715	-0.494873	-0.285645	0.551758	81.409732	-84.628510	-69.649220
03496		10.093314	1.388943	1.003831	0.252989	0.219020	0.101282	-0.482178	-0.284424	0.550537	80.143546	-84.665671	-68.228528
03497		10.201233	1.661300	0.785925	0.164032	0.184767	0.040676	-0.492188	-0.292969	0.543457	79.092100	-84.669958	-67.075178
03498		10.012423	1.943698	0.440389	0.099979	0.138594	-0.022747	-0.496826	-0.292236	0.541504	78.354017	-84.641630	-66.272930
03499		9.730578	2.087004	0.272857	0.080925	0.103074	-0.071952	-0.499268	-0.291748	0.543945	77.892252	-84.589603	-65.759603
03500		9.396950	2.070470	0.427476	0.058369	0.073032	-0.103489	-0.493652	-0.293945	0.548096	77.638266	-84.522730	-65.467395
03501		9.264538	1.916219	0.573064	0.018410	0.054140	-0.120945	-0.505371	-0.293701	0.548828	77.504202	-84.448863	-65.319166
03502		9.354701	1.822664	0.578944	-0.036594	0.059853	-0.128892	-0.498779	-0.294189	0.540039	77.315426	-84.369207	-65.147009
03503		9.386208	1.689954	0.714620	-0.085361	0.069605	-0.143176	-0.501465	-0.280762	0.545166	77.072472	-84.280864	-64.949063
03504		9.638357	1.737995	0.795024	-0.129367	0.072590	-0.173267	-0.495117	-0.299072	0.540771	76.828619	-84.174620	-64.774871
03505		9.886963	1.952870	0.825418	-0.175562	0.083193	-0.219877	-0.495117	-0.297363	0.542725	76.573195	-84.041553	-64.616269
03506		9.944693	2.196626	0.855302	-0.209355	0.111903	-0.248040	-0.492188	-0.301270	0.545166	76.189271	-83.888158	-64.347181
03507		9.893631	2.454828	0.945835	-0.275747	0.101657	-0.268319	-0.503174	-0.312988	0.537842	75.865751	-83.725419	-64.177733
03508		9.511719	2.609697	0.962663	-0.354390	0.050159	-0.277237	-0.502930	-0.319580	0.531494	75.770423	-83.564144	-64.282400
03509		9.265072	2.634303	0.714805	-0.424999	-0.020177	-0.277929	-0.503174	-0.308838	0.542969	75.978375	-83.413052	-64.733841
03510		9.019635	2.595735	0.509671	-0.473419	-0.025015	-0.267047	-0.492188	-0.318115	0.537598	76.149965	-83.267695	-65.175872
03511		8.882132	2.393943	0.419944	-0.500647	-0.021317	-0.258668	-0.502686	-0.328125	0.538574	76.271036	-83.127179	-65.583733
03512		8.903779	2.138842	0.165402	-0.493161	-0.031735	-0.256230	-0.500488	-0.317871	0.537109	76.426026	-82.988440	-66.020613
03513		9.019011	1.940712	-0.003007	-0.461458	-0.049313	-0.252326	-0.488525	-0.325684	0.537842	76.665814	-82.854909	-66.525716
03514		9.217223	1.838123	-0.150575	-0.436123	-0.062284	-0.252525	-0.504639	-0.337402	0.534180	76.959139	-82.721771	-67.069295
03515		9.372300	1.748553	-0.269096	-0.410938	-0.061598	-0.257501	-0.491943	-0.338867	0.531738	77.257581	-82.586316	-67.604651
03516		9.360142	1.791125	-0.284464	-0.401787	-0.081823	-0.263280	-0.498535	-0.336914	0.531738	77.633157	-82.448833	-68.211645
03517		9.369736	1.917440	-0.373768	-0.412357	-0.117121	-0.270377	-0.494629	-0.351318	0.540527	78.141767	-82.311921	-68.960197
03518		9.366659	2.069195	-0.356400	-0.416098	-0.144362	-0.268176	-0.493164	-0.346436	0.529297	78.732231	-82.177505	-69.792695
03519		9.236904	2.254046	-0.278557	-0.424662	-0.160671	-0.244486	-0.486328	-0.350830	0.537109	79.345328	-82.057934	-70.654315
03520		9.055397	2.420062	-0.191663	-0.430985	-0.181742	-0.214026	-0.486084	-0.348145	0.530029	79.992221	-81.955465	-71.552841
03521		8.983995	2.481491	-0.038031	-0.444277	-0.175363	-0.172735	-0.487549	-0.353027	0.536865	80.563581	-81.875309	-72.384084
03522		8.809227	2.502882	-0.219361	-0.476817	-0.163902	-0.131134	-0.483154	-0.368408	0.534668	81.028816	-81.815604	-73.125918
03523		8.590903	2.580055	-0.622930	-0.497110	-0.174004	-0.075239	-0.483154	-0.364502	0.536133	81.484468	-81.788558	-73.871077
03524		8.591418	2.614502	-0.830425	-0.521710	-0.148805	-0.019840	-0.484131	-0.366211	0.526367	81.789311	-81.789097	-74.476880
03525		8.699142	2.466811	-0.864587	-0.556498	-0.117284	0.019561	-0.490479	-0.371338	0.528809	81.932085	-81.810101	-74.940312
03526		8.799030	2.220295	-0.848965	-0.602988	-0.121875	0.040709	-0.485107	-0.368652	0.525146	82.053457	-81.842261	-75.407677
03527		8.899786	2.087231	-0.900021	-0.644446	-0.132953	0.057692	-0.488770	-0.382324	0.529297	82.191449	-81.885835	-75.917107
03528		8.899471	2.045620	-0.906927	-0.671014	-0.121132	0.083532	-0.488525	-0.378174	0.516113	82.253812	-81.941955	-76.364088
03529		9.213376	1.921432	-0.772593	-0.697426	-0.097209	0.093842	-0.478760	-0.387939	0.527832	82.205194	-82.003147	-76.715580
03530		9.214500	1.842658	-0.696623	-0.712086	-0.094412	0.102335	-0.482666	-0.383057	0.525635	82.131892	-82.067896	-77.049168
03531		9.129028	1.735229	-0.567569	-0.673692	-0.125896	0.113026	-0.485107	-0.388916	0.523926	82.208962	-82.142266	-77.513707
03532		8.990268	1.759202	-0.450238	-0.634626	-0.144628	0.121220	-0.486572	-0.392822	0.517334	82.384679	-82.221482	-78.053713
03533		9.188567	1.829357	-0.375697	-0.614570	-0.143886	0.105736	-0.489014	-0.388916	0.522705	82.586948	-82.292707	-78.610248
03534		9.375778	1.908695	-0.280910	-0.585256	-0.123024	0.100524	-0.479980	-0.398926	0.517090	82.725059	-82.358102	-79.083558
03535		9.467993	2.014323	-0.222205	-0.582768	-0.101491	0.099160	-0.487061	-0.400635	0.509277	82.780988	-82.422174	-79.473896
03536		9.694099	2.113212	-0.202864	-0.620607	-0.095727	0.090561	-0.485107	-0.404785	0.515625	82.796313	-82.479774	-79.843607
03537		9.768606	2.253491	-0.257765	-0.679050	-0.104499	0.074731	-0.492920	-0.409912	0.505859	82.829889	-82.530121	-80.266937
03538		9.976398	2.468595	-0.419963	-0.728317	-0.106030	0.063354	-0.488281	-0.402344	0.517822	82.848648	-82.572915	-80.702219
03539		10.028011	2.632038	-0.429872	-0.753068	-0.108206	0.047712	-0.480225	-0.408447	0.513184	82.876048	-82.608118	-81.162005
03540		9.987932	2.787434	-0.302978	-0.778313	-0.095162	0.045403	-0.489258	-0.411621	0.516602	82.832841	-82.639871	-81.563554
03541		9.836455	2.818687	-0.240652	-0.820914	-0.104397	0.040700	-0.485596	-0.414063	0.508057	82.812344	-82.670856	-82.014174
03542		9.668041	2.847697	-0.216174	-0.880086	-0.125173	0.045915	-0.484375	-0.424072	0.504883	82.846997	-82.705011	-82.552874
03543		9.425444	2.780704	-0.340268	-0.963351	-0.152122	0.046339	-0.489990	-0.426025	0.505127	82.958872	-82.742499	-83.219142
03544		9.190179	2.710930	-0.577665	-1.037823	-0.201120	0.042020	-0.481689	-0.429199	0.492676	83.252138	-82.779270	-84.109469
03545		9.130246	2.679410	-0.881288	-1.100899	-0.232447	0.030680	-0.484619	-0.424561	0.491455	83.664539	-82.812269	-85.157986
03546		9.068768	2.639697	-1.063778	-1.144982	-0.274042	0.024130	-0.479004	-0.440674	0.488525	84.247749	-82.841518	-86.402225
03547		9.098112	2.644841	-1.243816	-1.185638	-0.301678	0.025129	-0.494141	-0.447021	0.488525	84.943149	-82.872472	-87.784744
03548		9.285827	2.612022	-1.296318	-1.247907	-0.299470	0.030990	-0.485840	-0.453857	0.486816	85.597172	-82.903211	-89.159550
03549		9.542465	2.535886	-1.212136	-1.299342	-0.299543	0.032471	-0.487793	-0.464111	0.491211	86.232648	-82.934307	-90.547148
03550		9.867856	2.319273	-1.281468	-1.286093	-0.343856	0.026196	-0.483398	-0.467773	0.473633	87.088729	-82.959592	-92.147372
03551		10.232203	2.002342	-1.312330	-1.177334	-0.392550	0.005394	-0.479248	-0.474609	0.469238	88.247164	-82.972106	-93.991316
03552		10.485936	1.712923	-1.338307	-1.080225	-0.445053	-0.018254	-0.489502	-0.473633	0.476807	89.707112	-82.964959	-96.081049
03553		10.478016	1.494009	-1.499904	-1.006134	-0.505778	-0.022256	-0.483398	-0.487061	0.468262	91.487995	-82.949394	-98.453368
03554		10.233747	1.311268	-1.458625	-0.936795	-0.521667	-0.008214	-0.476807	-0.485352	0.471436	93.370896	-82.930722	-100.886634
03555		10.064607	1.213182	-1.351830	-0.871694	-0.503132	0.010293	-0.475098	-0.499512	0.478516	95.203430	-82.915183	-103.233557
03556		9.814199	1.193463	-1.304019	-0.802927	-0.484625	0.014814	-0.476807	-0.488770	0.472656	96.978130	-82.892816	-105.480731
03557		9.874938	1.061617	-1.138167	-0.703700	-0.461702	0.008640	-0.472656	-0.500488	0.469482	98.690440	-82.861713	-107.609728
03558		10.125759	0.915443	-0.912757	-0.591263	-0.441638	-0.017180	-0.468994	-0.502441	0.474609	100.333098	-82.808805	-109.601977
03559		10.381939	0.679169	-0.641191	-0.469233	-0.436884	-0.077332	-0.467773	-0.499268	0.464600	101.943603	-82.716949	-111.493469
03560		10.674633	0.506105	-0.401876	-0.302393	-0.461354	-0.149596	-0.461914	-0.507568	0.471436	103.628940	-82.573450	-113.362770
03561		11.150365	0.349083	-0.116502	-0.126103	-0.422993	-0.233376	-0.466797	-0.504639	0.473145	105.095963	-82.383696	-114.912443
03562		11.146428	0.308548	0.148367	0.079403	-0.456856	-0.334023	-0.458740	-0.505615	0.474609	106.616031	-82.126681	-116.395951
03563		10.981230	0.293982	-0.021288	0.333834	-0.565363	-0.429960	-0.468262	-0.509277	0.482910	108.479726	-81.793943	-118.082004
03564		10.388270	0.361999	-0.260506	0.550492	-0.616877	-0.493493	-0.459961	-0.505615	0.490234	110.421360	-81.408244	-119.721288
03565		9.631950	0.642736	-0.558890	0.600427	-0.622893	-0.494058	-0.445068	-0.510742	0.491943	112.259992	-81.014436	-121.230679
03566		8.779735	1.312555	-0.816757	0.530803	-0.566430	-0.446498	-0.444336	-0.507568	0.505615	113.800662	-80.650668	-122.478724
03567		8.145642	1.942996	-0.885763	0.409338	-0.472332	-0.355172	-0.444092	-0.497803	0.506348	115.015626	-80.353217	-123.469805
03568		7.876399	2.359613	-0.800143	0.270978	-0.345899	-0.272356	-0.437012	-0.505127	0.500000	115.827545	-80.125811	-124.131623
03569		7.958883	2.480439	-0.412536	0.143783	-0.251619	-0.225404	-0.435303	-0.509277	0.513184	116.333484	-79.946101	-124.558690
03570		8.262216	2.427929	0.083995	0.045647	-0.199069	-0.204360	-0.434570	-0.507813	0.512939	116.643805	-79.788988	-124.842827
03571		8.644810	2.227197	0.623477	-0.023140	-0.175263	-0.215960	-0.434570	-0.514648	0.522217	116.827373	-79.632960	-125.039891
03572		8.985309	1.979658	0.888650	-0.078281	-0.190927	-0.258883	-0.434326	-0.516113	0.511475	116.952341	-79.449734	-125.207995
03573		9.329497	1.615427	0.859665	-0.089594	-0.182373	-0.314559	-0.427979	-0.518555	0.517090	116.970914	-79.241368	-125.276145
03574		9.632762	1.249528	0.788375	-0.098408	-0.172532	-0.366661	-0.432373	-0.510742	0.519287	116.882342	-79.007867	-125.238761
03575		9.804450	0.959118	0.622981	-0.094827	-0.131957	-0.395425	-0.428711	-0.516357	0.510498	116.661021	-78.771189	-125.065595
03576		9.977967	0.742773	0.634253	-0.097556	-0.046294	-0.378622	-0.425781	-0.520996	0.512451	116.245402	-78.563786	-124.694132
03577		10.147027	0.551832	0.726882	-0.135982	0.064733	-0.337142	-0.426025	-0.529785	0.519531	115.598015	-78.405934	-124.109969
03578		10.352772	0.446677	0.932999	-0.206212	0.186974	-0.294430	-0.418945	-0.531250	0.508545	114.665747	-78.297431	-123.274195
03579		10.461987	0.463686	1.219863	-0.241218	0.287618	-0.259831	-0.424805	-0.530273	0.514404	113.519632	-78.228504	-122.241771
03580		10.523343	0.606444	1.604862	-0.261545	0.363167	-0.227012	-0.423828	-0.527588	0.505127	112.213083	-78.188355	-121.055660
03581		10.328799	0.797154	1.937500	-0.302010	0.400264	-0.219150	-0.427490	-0.532471	0.509766	110.810064	-78.155393	-119.796004
03582		9.967358	1.075821	1.916440	-0.306792	0.387677	-0.217319	-0.429688	-0.530518	0.502686	109.441357	-78.113869	-118.572586
03583		9.906797	1.445913	1.675588	-0.285060	0.350875	-0.219907	-0.427734	-0.534912	0.496826	108.192133	-78.059266	-117.459791
03584		9.815970	1.621537	1.349607	-0.238288	0.303501	-0.199375	-0.425293	-0.540283	0.490967	107.113945	-78.002188	-116.492766
03585		9.938398	1.773626	1.058560	-0.195226	0.262369	-0.160847	-0.431641	-0.541748	0.497070	106.210309	-77.956866	-115.680240
03586		10.249735	1.885418	1.012706	-0.196650	0.223052	-0.093786	-0.437988	-0.550537	0.499512	105.456274	-77.939131	-115.019981
03587		10.516350	1.853140	0.618717	-0.179483	0.166056	0.022647	-0.432617	-0.549072	0.495605	104.947673	-77.976498	-114.602089
03588		10.748904	1.724469	-0.161322	-0.061577	0.073031	0.139577	-0.432617	-0.550293	0.490234	104.821600	-78.063664	-114.504836
03589		10.566609	1.374908	-0.522229	0.064748	0.048590	0.222998	-0.441406	-0.545654	0.494629	104.895315	-78.194203	-114.539258
03590		10.477631	1.201261	-0.688202	0.134873	0.122870	0.284215	-0.445557	-0.541260	0.492188	104.849065	-78.368822	-114.408699
03591		10.165142	1.198172	-0.574875	0.184360	0.157315	0.315377	-0.447754	-0.535400	0.493408	104.762865	-78.566459	-114.209925
03592		10.141444	1.322482	-0.495636	0.181910	0.177384	0.319767	-0.451660	-0.544678	0.494385	104.611456	-78.768652	-113.944853
03593		9.895426	1.322154	-0.595916	0.192566	0.177182	0.312373	-0.442871	-0.533936	0.495850	104.459837	-78.967291	-113.674891
03594		9.861724	1.463371	-0.606401	0.210716	0.183571	0.311065	-0.447266	-0.531006	0.491211	104.285432	-79.165272	-113.369981
03595		9.596759	1.383444	-0.669821	0.204341	0.244492	0.311849	-0.451416	-0.531494	0.496826	103.924793	-79.372622	-112.880777
03596		9.626740	1.535748	-0.514370	0.183057	0.250761	0.320455	-0.458252	-0.525391	0.495605	103.516098	-79.584307	-112.354124
03597		9.676177	1.718974	-0.575362	0.180113	0.253028	0.346718	-0.458252	-0.529053	0.493896	103.104457	-79.810941	-111.827870
03598		9.533030	1.699513	-0.762046	0.235692	0.234335	0.337905	-0.463623	-0.524170	0.498535	102.750642	-80.028919	-111.327067
03599		9.167441	1.463262	-0.479008	0.281737	0.319895	0.321151	-0.468994	-0.520264	0.501953	102.120368	-80.248038	-110.520522
03600		8.698025	1.194518	-0.173006	0.265706	0.374047	0.299993	-0.472656	-0.511230	0.499512	101.246518	-80.459007	-109.475441
03601		8.280393	1.104910	0.009636	0.213033	0.393521	0.258056	-0.467285	-0.513672	0.492920	100.212988	-80.646257	-108.300993
03602		8.184304	1.117523	0.015281	0.194666	0.410348	0.195516	-0.478760	-0.517578	0.494385	99.024391	-80.795257	-106.979358
03603		8.431736	1.226153	-0.115974	0.221860	0.426911	0.134773	-0.475830	-0.509277	0.487305	97.729252	-80.907338	-105.535809
03604		8.641315	1.096368	-0.230542	0.275324	0.458453	0.079967	-0.482178	-0.511963	0.488281	96.290382	-80.984152	-103.914787
03605		8.963029	1.001840	-0.379041	0.309808	0.466744	0.023099	-0.485840	-0.513916	0.484375	94.805329	-81.023286	-102.228555
03606		9.324816	0.918748	-0.479343	0.337751	0.469228	-0.010021	-0.490234	-0.502686	0.492676	93.302093	-81.035865	-100.506555
03607		9.593204	0.825996	-0.453195	0.375769	0.437076	-0.033941	-0.499512	-0.507324	0.501953	91.937160	-81.028049	-98.903799
03608		10.007556	0.963464	-0.386061	0.372627	0.416934	-0.049750	-0.493408	-0.507324	0.489014	90.641068	-81.004264	-97.371260
03609		10.037455	1.058786	-0.246700	0.338881	0.388540	-0.057575	-0.500000	-0.499756	0.493652	89.441964	-80.971655	-95.957610
03610		9.819463	1.260598	-0.094686	0.297743	0.359241	-0.062092	-0.492432	-0.510742	0.492920	88.330091	-80.931464	-94.654821
03611		9.468254	1.475372	-0.103736	0.271765	0.322177	-0.064321	-0.497070	-0.506592	0.487061	87.352001	-80.887947	-93.503631
03612		9.164690	1.578887	-0.149041	0.275363	0.285200	-0.070731	-0.499268	-0.499268	0.479736	86.514365	-80.838138	-92.491282
03613		8.915513	1.458598	-0.223346	0.311607	0.247697	-0.056353	-0.504639	-0.499268	0.492920	85.840533	-80.796760	-91.624878
03614		8.941302	1.401884	-0.348027	0.367624	0.203908	-0.035393	-0.500000	-0.503906	0.495850	85.348853	-80.766978	-90.909231
03615		8.941107	1.286764	-0.561178	0.457901	0.152176	-0.003314	-0.500732	-0.499023	0.491943	85.088164	-80.758139	-90.376341
03616		8.633673	0.964621	-0.739720	0.563763	0.109606	0.026881	-0.500732	-0.494385	0.490234	85.024427	-80.767492	-89.980382
03617		8.662622	0.717691	-0.821017	0.637200	0.100981	0.029730	-0.504639	-0.488525	0.495850	85.035812	-80.779774	-89.619071
03618		8.730148	0.632064	-0.957890	0.702977	0.115954	0.036526	-0.499268	-0.487549	0.500977	85.025816	-80.794315	-89.196821
03619		8.753423	0.491265	-1.042983	0.780984	0.123635	0.049491	-0.503662	-0.484375	0.505371	85.032375	-80.816751	-88.747200
03620		9.029618	0.503132	-1.097539	0.839125	0.138922	0.055354	-0.510742	-0.481445	0.499268	85.011852	-80.840926	-88.235381
03621		9.457176	0.711288	-1.076675	0.868648	0.167751	0.049826	-0.507568	-0.470947	0.506836	84.909777	-80.861247	-87.624909
03622		9.542962	0.938713	-0.873353	0.903991	0.147681	0.042055	-0.509033	-0.464844	0.515137	84.897390	-80.877258	-87.083809
03623		9.797656	1.281396	-0.768531	0.897934	0.121846	0.017663	-0.512939	-0.458252	0.518555	84.983462	-80.881508	-86.646947
03624		9.495988	1.321318	-0.574321	0.871038	0.067536	0.004840	-0.508545	-0.463623	0.521240	85.248593	-80.880521	-86.406094
03625		9.482375	1.312370	-0.527810	0.810675	0.037148	-0.005067	-0.514648	-0.462158	0.517334	85.592707	-80.876243	-86.281214
03626		9.292044	1.202305	-0.570898	0.745118	0.011594	-0.013415	-0.509033	-0.459961	0.529541	85.989880	-80.867635	-86.247182
03627		9.160909	0.931199	-0.664589	0.732627	0.002046	-0.022554	-0.512695	-0.454590	0.535889	86.418028	-80.854962	-86.252704
03628		9.439284	0.696368	-0.597666	0.734081	0.035386	-0.045101	-0.513916	-0.451904	0.534424	86.730874	-80.827509	-86.139691
03629		9.584569	0.425157	-0.494699	0.789132	0.043120	-0.069116	-0.509033	-0.442383	0.536377	87.054155	-80.786912	-86.006187
03630		9.644045	0.386609	-0.503530	0.886572	0.023893	-0.082532	-0.516602	-0.449707	0.541504	87.500227	-80.738615	-85.939670
03631		9.487017	0.425602	-0.670075	0.994866	0.014934	-0.074403	-0.514893	-0.439941	0.541016	88.038352	-80.695951	-85.904385
03632		9.304604	0.507203	-0.754295	1.080103	-0.000396	-0.052049	-0.512451	-0.438477	0.540039	88.672342	-80.665770	-85.915989
03633		9.234440	0.778701	-0.958140	1.097662	-0.038540	-0.023370	-0.515625	-0.429932	0.560059	89.447076	-80.652984	-86.060797
03634		9.180767	0.889558	-1.302031	1.097382	-0.070355	-0.006893	-0.510498	-0.418701	0.559082	90.329521	-80.648748	-86.314225
03635		9.181780	0.928621	-1.464612	1.104609	-0.058425	0.002534	-0.506592	-0.409912	0.562988	91.176093	-80.649964	-86.527809
03636		9.138923	0.836168	-1.465430	1.114874	-0.025384	-0.001822	-0.510498	-0.409668	0.570801	91.912204	-80.648160	-86.622816
03637		9.306445	0.787412	-1.452069	1.108124	0.021974	-0.035190	-0.521973	-0.410400	0.572510	92.476423	-80.628668	-86.548201
03638		9.505242	0.787591	-1.439355	1.113772	0.050664	-0.082164	-0.510010	-0.392334	0.575928	92.935506	-80.582655	-86.363108
03639		9.567810	0.704475	-1.490205	1.152756	0.055435	-0.114491	-0.514648	-0.391357	0.580811	93.393930	-80.519063	-86.155300
03640		9.640556	0.691954	-1.666914	1.199540	0.030249	-0.149341	-0.515625	-0.383057	0.585449	93.955403	-80.434440	-86.024178
03641		9.517211	0.677390	-1.773625	1.228913	-0.002314	-0.186557	-0.508789	-0.380859	0.590088	94.630248	-80.327881	-85.991516
03642		9.342302	0.646621	-1.871990	1.240672	-0.022146	-0.230144	-0.509521	-0.369385	0.589844	95.358165	-80.195083	-86.005326
03643		9.216861	0.617403	-2.229468	1.227343	-0.014031	-0.271102	-0.511719	-0.366455	0.593506	96.028804	-80.039822	-85.969281
03644		9.330977	0.653081	-2.834349	1.207830	0.042942	-0.303485	-0.520508	-0.363037	0.604980	96.486404	-79.869336	-85.727736
03645		9.390505	0.626883	-3.076806	1.172542	0.143249	-0.320506	-0.514648	-0.358398	0.602295	96.599448	-79.696327	-85.156979
03646		9.715172	0.626736	-2.832662	1.156460	0.205063	-0.336606	-0.514893	-0.348877	0.599121	96.516669	-79.517856	-84.395739
03647		9.904025	0.740361	-2.407502	1.115985	0.217886	-0.352292	-0.518066	-0.348389	0.614990	96.379725	-79.331384	-83.602986
03648		10.032582	0.896884	-2.142362	1.089765	0.200601	-0.377336	-0.521973	-0.346436	0.612793	96.289670	-79.128952	-82.872341
03649		9.999267	0.906970	-2.083567	1.088307	0.193887	-0.402719	-0.509521	-0.337891	0.612793	96.223674	-78.911776	-82.166947
03650		9.731440	0.961621	-2.110490	1.065613	0.198581	-0.424362	-0.519775	-0.335693	0.622070	96.142570	-78.682121	-81.458496
03651		9.273645	1.066339	-2.169484	0.985474	0.171947	-0.421871	-0.518311	-0.339355	0.619873	96.104318	-78.452381	-80.840412
03652		8.879356	1.065748	-2.357937	0.880343	0.109668	-0.424655	-0.516602	-0.328369	0.624512	96.191724	-78.217064	-80.411279
03653		8.477122	1.033363	-2.570994	0.769979	0.049396	-0.418865	-0.519287	-0.327148	0.620850	96.383430	-77.981701	-80.153344
03654		8.593905	1.035255	-2.441341	0.715555	0.099107	-0.409859	-0.515869	-0.334473	0.620361	96.421077	-77.754556	-79.769159
03655		8.847336	1.214943	-2.229631	0.702266	0.263379	-0.411948	-0.520996	-0.332764	0.623779	96.030208	-77.536366	-78.954115
03656		9.554665	1.893770	-2.013576	0.649850	0.389549	-0.379674	-0.524658	-0.324707	0.625977	95.321298	-77.341912	-77.843013
03657		10.514905	3.151692	-1.502971	0.463607	0.423239	-0.308991	-0.528076	-0.322754	0.623291	94.459465	-77.186298	-76.684110
03658		11.864567	4.626120	-0.990519	0.168184	0.438413	-0.219074	-0.529297	-0.326416	0.626953	93.433225	-77.078362	-75.529200
03659		12.997508	6.033868	-0.126587	-0.150889	0.533474	-0.110611	-0.529053	-0.324219	0.619385	92.013698	-77.029740	-74.158353
03660		13.301212	7.061584	0.647073	-0.307270	0.727336	0.013981	-0.537354	-0.336426	0.617920	90.040222	-77.045216	-72.310404
03661		13.059224	7.621081	1.376733	-0.296342	0.877150	0.158968	-0.543945	-0.327881	0.619385	87.679141	-77.126537	-70.059258
03662		12.808124	7.552800	1.887686	-0.604530	0.811571	0.330683	-0.547852	-0.333496	0.599121	85.249408	-77.286952	-67.919129
03663		13.182859	7.194516	2.417293	-0.962328	0.818961	0.514712	-0.560059	-0.333252	0.587891	82.476271	-77.530400	-65.639633
03664		13.332996	6.817980	3.734944	-0.858013	0.654164	0.668901	-0.555908	-0.334961	0.594482	80.031848	-77.852170	-63.636938
03665		12.363847	5.277440	4.976034	-0.824830	0.269520	0.702571	-0.568848	-0.336426	0.589355	78.497744	-78.219359	-62.548868
03666		10.930804	2.963319	3.965298	-1.059479	-0.194060	0.577762	-0.565186	-0.341064	0.584229	78.105949	-78.565883	-62.764540
03667		10.705890	1.321874	2.648501	-0.680294	-0.537064	0.412097	-0.566406	-0.341797	0.598145	79.001116	-78.858841	-64.071837
03668		11.148805	-0.318458	2.027805	-0.269744	-0.584521	0.214705	-0.567871	-0.337646	0.592285	80.433067	-79.039434	-65.684304
03669		11.487007	-2.122263	1.652103	-0.051414	-0.389082	0.019313	-0.564697	-0.340088	0.596680	81.542938	-79.085690	-66.841724
03670		11.226053	-3.204842	1.337556	0.310841	-0.140230	-0.110296	-0.565918	-0.337646	0.598389	82.189936	-79.034335	-67.315517
03671		10.751218	-3.380283	0.918166	0.696477	0.035311	-0.155676	-0.562012	-0.329590	0.605957	82.555715	-78.943621	-67.278632
03672		10.564430	-2.396262	0.234063	0.931291	0.193371	-0.132646	-0.554443	-0.324463	0.598633	82.590124	-78.854005	-66.766458
03673		10.156092	-0.732913	0.038301	1.190502	0.345552	-0.043211	-0.565186	-0.324463	0.608154	82.303697	-78.803812	-65.776229
03674		9.606382	0.695869	0.498700	1.489980	0.419046	0.060627	-0.570557	-0.311768	0.604004	81.942205	-78.805572	-64.534192
03675		8.945263	1.951760	1.089504	1.577862	0.500628	0.129666	-0.567383	-0.305420	0.608398	81.364324	-78.837834	-63.020617
03676		8.327490	3.268062	1.527673	1.506195	0.583536	0.151331	-0.573486	-0.296875	0.613770	80.492477	-78.871061	-61.249194
03677		7.683541	4.315146	2.080039	1.423123	0.639456	0.124546	-0.585693	-0.281250	0.604980	79.418787	-78.877854	-59.320948
03678		7.134990	4.919039	2.639529	1.332707	0.636200	0.074843	-0.583496	-0.276611	0.608887	78.333386	-78.849862	-57.433142
03679		6.667009	5.070441	2.942990	1.214537	0.585875	0.008078	-0.592529	-0.270020	0.607178	77.373013	-78.784215	-55.741849
03680		6.402271	4.918904	3.044280	1.053660	0.556106	-0.076045	-0.598145	-0.266113	0.607422	76.478674	-78.669812	-54.210839
03681		6.320327	4.618475	3.106711	0.868541	0.553760	-0.163242	-0.602539	-0.251709	0.610107	75.571551	-78.502920	-52.774750
03682		6.408902	4.212838	3.202740	0.726010	0.576983	-0.209987	-0.598633	-0.248291	0.610840	74.590917	-78.301517	-51.345390
03683		6.828687	3.635426	3.262936	0.724652	0.609798	-0.244251	-0.601807	-0.250000	0.600586	73.591193	-78.071685	-49.896863
03684		7.555587	3.093458	3.221876	0.646536	0.598172	-0.255832	-0.607666	-0.253418	0.596924	72.632983	-77.831721	-48.534554
03685		8.309517	2.794027	3.010637	0.584551	0.615403	-0.267727	-0.621094	-0.236328	0.596924	71.651717	-77.578151	-47.184471
03686		9.046665	2.793657	2.822060	0.584037	0.606161	-0.287556	-0.620605	-0.247070	0.594482	70.756212	-77.310082	-45.920438
03687		9.526908	2.944051	2.517689	0.624093	0.570853	-0.312519	-0.621094	-0.247559	0.593262	70.032220	-77.032254	-44.808173
03688		9.626689	3.122395	2.086661	0.722121	0.525684	-0.338541	-0.615967	-0.246826	0.581787	69.527613	-76.745908	-43.861466
03689		9.547162	3.284439	1.875835	0.750391	0.517063	-0.353027	-0.619629	-0.232666	0.585449	69.101481	-76.452653	-42.978420
03690		9.275522	3.355745	1.730003	0.779079	0.502136	-0.355037	-0.630615	-0.236084	0.594971	68.753297	-76.159117	-42.156794
03691		9.156286	3.425849	1.416798	0.786786	0.446599	-0.339548	-0.630371	-0.233398	0.590088	68.538408	-75.885391	-41.467776
03692		9.303510	3.349845	1.000403	0.744015	0.399516	-0.326980	-0.632324	-0.225098	0.585449	68.403621	-75.626786	-40.885029
03693		9.222966	3.140667	0.703498	0.673276	0.379479	-0.333458	-0.632080	-0.228271	0.585449	68.287629	-75.369628	-40.363737
03694		9.336917	3.095170	0.778622	0.658805	0.371430	-0.360378	-0.641602	-0.234619	0.584961	68.212351	-75.098623	-39.891591
03695		9.162471	3.120234	0.860066	0.697286	0.370162	-0.391438	-0.640381	-0.232910	0.579834	68.195836	-74.812281	-39.457759
03696		8.850861	3.065546	1.022745	0.759130	0.384972	-0.420020	-0.641357	-0.223389	0.582520	68.216774	-74.506545	-39.024459
03697		8.676659	3.028399	1.038199	0.733922	0.360609	-0.447914	-0.641602	-0.221680	0.583252	68.298242	-74.192279	-38.669322
03698		8.565963	2.988757	1.089863	0.697780	0.371306	-0.461486	-0.649902	-0.237305	0.576660	68.355222	-73.867567	-38.308702
03699		8.484163	2.924952	0.847742	0.638360	0.392532	-0.448953	-0.634766	-0.219482	0.581787	68.337060	-73.546147	-37.905668
03700		8.508418	2.931260	0.809075	0.579141	0.420564	-0.418903	-0.645264	-0.220459	0.577637	68.222927	-73.233550	-37.436212
03701		8.725653	2.767337	1.005542	0.588069	0.466759	-0.388119	-0.643311	-0.222900	0.572754	68.022760	-72.928188	-36.871743
03702		8.932557	2.806218	1.134185	0.552493	0.474248	-0.383850	-0.647949	-0.224854	0.569580	67.800617	-72.621767	-36.303632
03703		8.960178	3.005750	0.722741	0.529213	0.428110	-0.392864	-0.655029	-0.225830	0.564941	67.661429	-72.321165	-35.836611
03704		9.226336	3.338261	0.359085	0.561744	0.491922	-0.400903	-0.654785	-0.220947	0.576904	67.452911	-72.000809	-35.275300
03705		9.340806	3.550173	0.965997	0.583402	0.515053	-0.412453	-0.655518	-0.221680	0.567627	67.240618	-71.669725	-34.696991
03706		9.221463	3.872398	1.237558	0.578709	0.482022	-0.407481	-0.656982	-0.214600	0.568115	67.088673	-71.346916	-34.182932
03707		8.979566	3.981145	1.392930	0.561380	0.425816	-0.378263	-0.660156	-0.227539	0.564697	67.004622	-71.052872	-33.751273
03708		8.769308	3.820027	1.216751	0.482751	0.364332	-0.318996	-0.653320	-0.221191	0.552246	66.938971	-70.802514	-33.384866
03709		8.562401	3.573260	0.849247	0.406717	0.307881	-0.258835	-0.668701	-0.220459	0.558350	66.880571	-70.597585	-33.072975
03710		8.536125	3.343565	0.796064	0.410609	0.286782	-0.185668	-0.665039	-0.228027	0.553467	66.813672	-70.434648	-32.748117
03711		8.535714	3.106786	0.844091	0.448738	0.279925	-0.115915	-0.660645	-0.212646	0.561035	66.736729	-70.311045	-32.390346
03712		8.667091	2.938478	0.941647	0.522391	0.295456	-0.071080	-0.666016	-0.218750	0.552979	66.654394	-70.206150	-31.980489
03713		8.694127	2.957402	1.185263	0.622915	0.305729	-0.050486	-0.662598	-0.215088	0.563965	66.603244	-70.110788	-31.543564
03714		8.752054	3.079993	1.189721	0.724010	0.320161	-0.056239	-0.673096	-0.215088	0.551270	66.596037	-70.007854	-31.090216
03715		8.806913	3.222028	1.356656	0.816230	0.353354	-0.071783	-0.667480	-0.201172	0.552246	66.605096	-69.890383	-30.598898
03716		8.747785	3.279272	1.463610	0.876193	0.349786	-0.079696	-0.675781	-0.203857	0.556152	66.662339	-69.768470	-30.120645
03717		8.705307	3.382749	1.316138	0.882957	0.343438	-0.075045	-0.676025	-0.194092	0.547119	66.731120	-69.651813	-29.651485
03718		8.632557	3.519494	1.105341	0.885247	0.322480	-0.060595	-0.669434	-0.195557	0.537842	66.825348	-69.546536	-29.206433
03719		8.552334	3.680931	1.031348	0.891828	0.312453	-0.042073	-0.677734	-0.187256	0.548096	66.926962	-69.454734	-28.766261
03720		8.536177	3.916269	0.935778	0.907928	0.296335	-0.023257	-0.674316	-0.180908	0.546387	67.051775	-69.375562	-28.339424
03721		8.508218	4.110868	1.033481	0.937153	0.302240	-0.005316	-0.685791	-0.173340	0.546143	67.174410	-69.306077	-27.893503
03722		8.591442	4.199091	1.126860	0.950574	0.294896	0.008035	-0.677979	-0.172852	0.541016	67.309507	-69.244390	-27.451080
03723		8.701066	4.193489	1.239567	0.950497	0.280244	0.019284	-0.687012	-0.163086	0.541748	67.457973	-69.193507	-27.024251
03724		8.767653	4.199240	1.311191	0.943855	0.256919	0.026065	-0.684570	-0.165771	0.546631	67.633228	-69.150473	-26.628549
03725		8.675570	4.166824	1.172170	0.944949	0.227655	0.025430	-0.685303	-0.158936	0.541992	67.849144	-69.115207	-26.277062
03726		8.610385	4.104829	1.071426	0.940720	0.210357	0.034781	-0.687256	-0.150146	0.539063	68.083129	-69.087809	-25.945910
03727		8.516807	4.062895	1.108489	0.920186	0.201815	0.046985	-0.690186	-0.142090	0.537598	68.309016	-69.070505	-25.620161
03728		8.393788	4.020769	0.974122	0.924181	0.198868	0.075042	-0.692627	-0.139160	0.539063	68.527443	-69.067880	-25.282373
03729		8.310600	3.931926	1.052575	0.949110	0.222717	0.104546	-0.697510	-0.139404	0.531982	68.709072	-69.077777	-24.891485
03730		8.185338	3.918039	1.104954	0.958984	0.242936	0.140505	-0.694580	-0.131104	0.541016	68.850065	-69.101713	-24.449451
03731		8.188618	3.983937	1.099611	0.956690	0.244147	0.166336	-0.692383	-0.122803	0.539307	68.971817	-69.140936	-23.989955
03732		8.371984	4.044235	1.012761	0.944091	0.267558	0.186336	-0.700684	-0.119141	0.538574	69.043753	-69.184934	-23.483328
03733		8.500533	4.121297	1.016695	0.913913	0.294575	0.209568	-0.693359	-0.110596	0.538574	69.044799	-69.237337	-22.921211
03734		8.569911	4.152520	1.075837	0.895293	0.302451	0.244481	-0.699707	-0.094971	0.538818	69.005413	-69.305313	-22.325758
03735		8.683829	4.172067	1.077621	0.892826	0.310897	0.279910	-0.701660	-0.100586	0.531738	68.928830	-69.391709	-21.694103
03736		8.719369	4.167468	1.239589	0.911588	0.324707	0.318026	-0.703613	-0.093750	0.535889	68.821175	-69.493819	-21.016381
03737		8.767688	4.080516	1.363824	0.946895	0.320238	0.349334	-0.708496	-0.080811	0.534668	68.716260	-69.614583	-20.322276
03738		8.827823	3.875618	1.448766	0.992093	0.342914	0.396105	-0.711182	-0.069092	0.527100	68.575307	-69.753581	-19.560880
03739		8.848014	3.597890	1.386867	1.013078	0.339304	0.446069	-0.714355	-0.065186	0.527832	68.413787	-69.920747	-18.767347
03740		8.821470	3.387903	1.120647	0.999432	0.335478	0.481819	-0.715332	-0.044434	0.520752	68.223196	-70.105437	-17.950238
03741		8.871148	3.311390	1.008799	0.970694	0.325540	0.505830	-0.714844	-0.049072	0.520996	68.004126	-70.305493	-17.123202
03742		8.895996	3.402034	0.939149	0.947339	0.297366	0.503108	-0.710449	-0.030273	0.511963	67.807345	-70.507694	-16.333197
03743		8.831721	3.619713	0.813788	0.920257	0.296911	0.489049	-0.724121	-0.030518	0.508057	67.591377	-70.703048	-15.542140
03744		8.768419	3.917862	0.789171	0.881843	0.309753	0.467432	-0.718506	-0.028564	0.507568	67.340330	-70.881615	-14.736237
03745		8.759250	4.208712	0.902325	0.825385	0.318790	0.444392	-0.725342	-0.012695	0.510498	67.045104	-71.046193	-13.920563
03746		8.704343	4.462118	1.213191	0.766163	0.305571	0.437660	-0.720703	-0.012451	0.504395	66.734278	-71.207317	-13.123083
03747		8.515247	4.489700	1.354934	0.678123	0.262899	0.465734	-0.721680	-0.001953	0.504150	66.406961	-71.392949	-12.364239
03748		8.323981	4.399615	1.369608	0.566852	0.223859	0.499651	-0.723145	0.003906	0.506104	66.045582	-71.602401	-11.635549
03749		8.110130	4.327410	1.314881	0.449014	0.168082	0.542053	-0.729248	0.009033	0.500977	65.658007	-71.847093	-10.953368
03750		8.066858	4.227151	1.067558	0.363454	0.083672	0.573082	-0.721436	0.019775	0.500244	65.323042	-72.125099	-10.376984
03751		8.080169	4.135824	0.836838	0.290666	0.017201	0.588821	-0.731689	0.025635	0.498291	65.024445	-72.427857	-9.885593
03752		8.296442	4.115276	0.340211	0.223512	0.007533	0.586747	-0.729004	0.018066	0.494141	64.695162	-72.729449	-9.401029
03753		8.656189	3.985065	0.444116	0.221607	0.078468	0.578366	-0.720947	0.034668	0.497559	64.233209	-73.009795	-8.781697
03754		8.884001	3.641325	0.340132	0.269205	0.075943	0.551495	-0.719971	0.038574	0.497314	63.812429	-73.273874	-8.175544
03755		9.132842	3.471968	-0.332433	0.223956	-0.045788	0.503180	-0.732422	0.048828	0.495605	63.597261	-73.544693	-7.814078
03756		9.363484	3.649588	-0.832583	0.141202	-0.116153	0.463164	-0.719727	0.045898	0.498779	63.489280	-73.811006	-7.611877
03757		9.428958	3.861430	-0.800898	0.099812	-0.120935	0.435044	-0.727783	0.051025	0.483643	63.380893	-74.065672	-7.436524
03758		9.382980	4.018119	-0.783489	0.085940	-0.154111	0.423815	-0.723389	0.053955	0.498291	63.336423	-74.321395	-7.333629
03759		9.309713	4.109503	-0.643412	0.078262	-0.180364	0.428915	-0.710693	0.065186	0.500977	63.323157	-74.588117	-7.270271
03760		9.138250	4.108704	-0.667016	0.050229	-0.212213	0.441416	-0.723877	0.059814	0.494873	63.347112	-74.867753	-7.259645
03761		8.923735	4.061976	-0.564942	0.027221	-0.256109	0.453998	-0.726318	0.061768	0.504395	63.424090	-75.166781	-7.320151
03762		8.664043	4.022702	-0.557248	0.011273	-0.289357	0.451590	-0.713867	0.060303	0.502930	63.569905	-75.471321	-7.458471
03763		8.426402	3.791973	-0.579750	-0.004045	-0.309975	0.435654	-0.712891	0.069824	0.504639	63.763363	-75.774540	-7.657547
03764		8.322655	3.633679	-0.567437	-0.015423	-0.296702	0.404160	-0.706787	0.075684	0.508789	63.970943	-76.056251	-7.874831
03765		8.452677	3.534184	-0.011991	-0.084356	-0.210005	0.370962	-0.707031	0.078613	0.513428	63.990084	-76.300758	-7.941296
03766		8.668220	3.510277	0.440463	-0.148057	-0.212808	0.337114	-0.708252	0.069824	0.516113	64.023894	-76.526692	-8.057431
03767		9.125533	3.537847	0.665178	-0.162843	-0.219765	0.293945	-0.711426	0.084473	0.512451	64.104193	-76.733938	-8.232853
03768		9.731437	3.613354	0.893559	-0.166075	-0.224204	0.243770	-0.701904	0.078369	0.514404	64.259134	-76.914419	-8.483750
03769		10.399181	3.627019	1.262100	-0.228971	-0.154627	0.198561	-0.708008	0.089355	0.521484	64.266707	-77.056087	-8.623160
03770		10.767068	3.703114	1.830332	-0.353792	-0.074129	0.151771	-0.697510	0.083496	0.517090	64.081858	-77.151595	-8.635498
03771		10.985978	3.666182	1.731487	-0.481751	-0.122813	0.110765	-0.699951	0.084473	0.520996	63.969163	-77.240186	-8.799984
03772		11.230977	3.463705	1.023595	-0.481230	-0.232488	0.041833	-0.701660	0.082764	0.530762	64.194198	-77.318609	-9.307365
03773		11.829752	3.009830	0.391375	-0.303419	-0.213247	-0.066794	-0.695801	0.072510	0.525391	64.591301	-77.337617	-9.889561
03774		12.458855	2.326033	0.602395	0.021019	-0.116757	-0.183112	-0.699463	0.074951	0.535889	65.086571	-77.269661	-10.378896
03775		12.824591	1.730853	1.099438	0.269128	-0.107274	-0.284623	-0.699951	0.059814	0.523193	65.792922	-77.147579	-10.942091
03776		12.967986	1.248367	1.062696	0.456294	-0.126077	-0.374094	-0.692383	0.072998	0.529053	66.733953	-76.978979	-11.633403
03777		12.546706	0.917382	0.986024	0.703568	-0.198347	-0.469997	-0.701172	0.067871	0.530273	68.038565	-76.774745	-12.556059
03778		11.699478	1.091618	0.976258	0.979283	-0.314431	-0.537426	-0.689453	0.065674	0.526611	69.791375	-76.550743	-13.774901
03779		10.313580	1.559935	0.741887	1.109131	-0.442244	-0.525477	-0.693848	0.069824	0.542480	71.837848	-76.350239	-15.223257
03780		9.055108	2.445709	-0.041910	1.099959	-0.492836	-0.464331	-0.689453	0.073242	0.536865	73.907284	-76.177540	-16.698988
03781		8.141801	3.301722	-0.368554	1.025385	-0.396172	-0.352885	-0.686768	0.073242	0.536377	75.602812	-76.042669	-17.837363
03782		7.399128	3.775742	-0.091434	0.844903	-0.236845	-0.212841	-0.681152	0.079102	0.542725	76.746670	-75.954921	-18.511446
03783		7.049108	3.985429	0.190678	0.640293	-0.140199	-0.102123	-0.690430	0.089844	0.531982	77.485605	-75.916268	-18.891994
03784		7.191998	3.820097	0.215624	0.519685	-0.089425	-0.037237	-0.683105	0.085205	0.537842	78.015331	-75.904379	-19.125208
03785		7.556036	3.284940	0.376446	0.498169	-0.020834	-0.013896	-0.695313	0.093262	0.539307	78.361224	-75.899483	-19.184524
03786		8.297647	2.500880	1.115631	0.491542	0.043773	-0.033856	-0.689209	0.088135	0.538086	78.575051	-75.873453	-19.108612
03787		8.910769	1.742208	1.614017	0.485330	0.046460	-0.092104	-0.689941	0.085449	0.544922	78.798120	-75.816929	-19.048859
03788		9.535840	1.057138	1.816702	0.481517	0.034825	-0.163999	-0.691162	0.097168	0.527100	79.082105	-75.718860	-19.051276
03789		9.800624	0.746035	2.116360	0.432284	0.087968	-0.228899	-0.686523	0.087158	0.537842	79.240084	-75.581006	-18.955657
03790		9.782195	0.603562	2.286023	0.357953	0.104497	-0.283590	-0.693604	0.095703	0.530762	79.348135	-75.408267	-18.849614
03791		9.654158	0.539661	2.371094	0.336453	0.093290	-0.314528	-0.686523	0.090332	0.527832	79.474081	-75.221731	-18.777497
03792		9.458398	0.549775	2.411929	0.330575	0.088941	-0.313286	-0.685547	0.094727	0.532471	79.610460	-75.034084	-18.716982
03793		9.274722	0.471289	2.481377	0.348011	0.076826	-0.267218	-0.690674	0.089355	0.531006	79.757934	-74.875995	-18.660180
03794		9.350650	0.654772	2.534695	0.358169	0.059055	-0.186618	-0.692871	0.089355	0.526855	79.922256	-74.762979	-18.612325
03795		9.733803	0.892055	2.483886	0.394030	0.125883	-0.068785	-0.693848	0.093262	0.535156	79.920185	-74.711972	-18.373120
03796		10.256793	1.127301	2.662997	0.410808	0.185886	0.071169	-0.693848	0.097412	0.512207	79.757318	-74.731604	-17.954973
03797		11.081989	1.271199	3.054799	0.415851	0.225796	0.202756	-0.694824	0.102295	0.526611	79.458090	-74.822957	-17.394894
03798		11.556029	1.190316	3.406362	0.441763	0.284398	0.302928	-0.688965	0.104980	0.518066	79.009727	-74.961416	-16.663175
03799		11.748056	1.087175	2.788702	0.520446	0.249492	0.341361	-0.697998	0.108643	0.531250	78.648278	-75.126043	-15.977366
03800		11.335359	0.968972	1.837860	0.548101	0.182486	0.350695	-0.697754	0.115723	0.514648	78.434226	-75.300702	-15.426258
03801		10.775679	0.877670	1.546536	0.556172	0.165262	0.365091	-0.699219	0.125977	0.517090	78.242069	-75.486877	-14.895346
03802		10.271428	0.858724	1.584588	0.470994	0.165017	0.379803	-0.689453	0.125977	0.518799	77.989076	-75.678969	-14.350695
03803		9.637333	0.712610	1.582482	0.444328	0.173427	0.381135	-0.690674	0.130615	0.508789	77.686367	-75.871968	-13.772751
03804		9.630232	0.429614	1.432409	0.467447	0.226520	0.411053	-0.691162	0.141357	0.507568	77.254024	-76.072446	-13.046381
03805		9.741965	-0.043735	1.221791	0.534735	0.280769	0.467191	-0.691162	0.141113	0.503662	76.685106	-76.297446	-12.141989
03806		10.133752	-0.403981	1.162308	0.567348	0.307959	0.550997	-0.692139	0.144043	0.500244	76.002670	-76.561449	-11.100992
03807		10.161512	-0.828503	1.119507	0.600908	0.320633	0.639262	-0.699463	0.156006	0.502930	75.215289	-76.871085	-9.935195
03808		10.172527	-0.909305	1.058415	0.640765	0.331980	0.698839	-0.693359	0.157227	0.490967	74.340091	-77.206608	-8.655962
03809		9.928244	-0.908441	0.946240	0.709182	0.332285	0.714141	-0.702393	0.177734	0.498535	73.430359	-77.547418	-7.304301
03810		9.804032	-0.707470	0.762352	0.775604	0.372116	0.692590	-0.691895	0.183594	0.481934	72.417192	-77.863490	-5.808234
03811		9.585480	-0.622451	0.711482	0.850466	0.428039	0.659565	-0.698242	0.192871	0.476563	71.261221	-78.146731	-4.125311
03812		9.593224	-0.392327	0.857911	0.837810	0.457854	0.616787	-0.691895	0.199707	0.479736	69.997572	-78.392691	-2.340232
03813		9.424098	-0.088203	0.811555	0.833812	0.456825	0.571097	-0.691162	0.214355	0.471680	68.712401	-78.607253	-0.538219
03814		9.685949	0.496379	0.680231	0.783157	0.471323	0.497733	-0.698730	0.219727	0.468262	67.388932	-78.770603	1.273202
03815		9.362414	0.853770	0.907962	0.750623	0.475127	0.437251	-0.695801	0.223389	0.454834	66.058888	-78.893847	3.070280
03816		9.363760	1.038241	1.027485	0.708497	0.477424	0.401267	-0.698730	0.232178	0.449707	64.715620	-78.988872	4.856678
03817		9.366866	1.267470	1.010703	0.629838	0.475745	0.370215	-0.701660	0.235840	0.443115	63.341831	-79.060922	6.626640
03818		9.393389	1.400911	0.833885	0.616591	0.469797	0.354381	-0.704834	0.242188	0.444824	61.984187	-79.117733	8.373131
03819		9.307103	1.394722	0.795897	0.646496	0.421141	0.338391	-0.697021	0.237305	0.435791	60.773472	-79.173105	9.986051
03820		9.398669	1.306475	0.806058	0.621150	0.411326	0.317688	-0.709717	0.254639	0.428223	59.597367	-79.214020	11.549766
03821		9.283199	1.098266	0.863933	0.620738	0.372059	0.302544	-0.708252	0.252686	0.427002	58.530493	-79.253916	13.000770
03822		9.247441	0.960679	0.694036	0.616804	0.328353	0.277915	-0.702637	0.261475	0.424072	57.610073	-79.289822	14.301310
03823		9.164442	0.837831	0.598835	0.650357	0.304781	0.246199	-0.703125	0.260254	0.424316	56.808875	-79.314661	15.498882
03824		9.179206	0.750169	0.512002	0.694568	0.316864	0.209697	-0.699707	0.266357	0.414551	56.066510	-79.314781	16.663375
03825		9.172638	0.710733	0.569252	0.742679	0.335037	0.162607	-0.707764	0.270752	0.406738	55.382430	-79.284508	17.795600
03826		8.997440	0.642059	0.803935	0.801337	0.356238	0.101891	-0.703857	0.275879	0.403320	54.797300	-79.216043	18.862568
03827		8.935313	0.614223	0.994443	0.872866	0.329552	0.048280	-0.707275	0.286621	0.405518	54.416208	-79.130095	19.762733
03828		8.809414	0.629753	0.998538	0.965045	0.299342	-0.007006	-0.718262	0.285645	0.396729	54.272135	-79.027421	20.476631
03829		8.621799	0.685599	0.941232	1.054146	0.267694	-0.042404	-0.712891	0.286621	0.393555	54.317049	-78.919048	21.049204
03830		8.236198	0.596484	0.784664	1.148051	0.236149	-0.067749	-0.716553	0.294922	0.388428	54.543257	-78.809377	21.493081
03831		8.289422	0.683929	0.718228	1.208949	0.226325	-0.098885	-0.711182	0.301758	0.384033	54.875653	-78.689080	21.863414
03832		8.308593	0.788372	0.775367	1.243606	0.226767	-0.121421	-0.719727	0.308594	0.371582	55.269323	-78.558309	22.192685
03833		8.637324	0.941467	1.026942	1.223485	0.221577	-0.126018	-0.712402	0.292969	0.372070	55.664864	-78.427713	22.507409
03834		8.563530	1.109474	1.061326	1.171708	0.149133	-0.127887	-0.714844	0.303223	0.361084	56.204054	-78.319826	22.646336
03835		8.652991	1.167974	0.724326	1.154054	0.055241	-0.125714	-0.714600	0.306396	0.354248	56.936448	-78.243113	22.576648
03836		8.693070	1.033589	0.455580	1.171829	-0.005629	-0.147325	-0.716797	0.311035	0.352539	57.851097	-78.174413	22.332170
03837		9.037016	1.048236	0.236731	1.197061	-0.057462	-0.183592	-0.720215	0.319824	0.351074	58.940214	-78.102884	21.923119
03838		9.067090	0.999447	-0.101210	1.271980	-0.104505	-0.212161	-0.717285	0.307129	0.344482	60.216959	-78.029045	21.367088
03839		9.178316	0.923630	-0.007920	1.347024	-0.073432	-0.254357	-0.717285	0.315186	0.340332	61.501841	-77.923010	20.845486
03840		9.137358	0.727601	0.021572	1.362086	-0.072801	-0.312404	-0.718750	0.316406	0.346436	62.854400	-77.784828	20.264307
03841		9.427239	0.581137	-0.283328	1.418308	-0.106263	-0.334039	-0.716309	0.318115	0.327393	64.315763	-77.641224	19.603371
03842		9.773875	0.683333	-0.523215	1.467555	-0.105287	-0.319379	-0.719727	0.324707	0.328125	65.767752	-77.501453	18.981672
03843		10.024237	0.994770	-0.703569	1.448134	-0.068060	-0.284999	-0.721924	0.325928	0.326660	67.058452	-77.368078	18.512387
03844		9.857912	1.149773	-0.731535	1.444693	-0.051880	-0.249076	-0.719482	0.328125	0.319092	68.261911	-77.248083	18.131447
03845		9.680041	1.276484	-0.665268	1.424409	-0.047862	-0.223527	-0.727783	0.333496	0.310547	69.401518	-77.139183	17.802724
03846		9.612887	1.551028	-0.720459	1.376624	-0.066413	-0.201774	-0.724609	0.339355	0.314209	70.532051	-77.044320	17.456332
03847		9.552897	1.800369	-0.715069	1.315370	-0.092026	-0.195457	-0.731445	0.340088	0.302246	71.666467	-76.956035	17.068564
03848		9.593909	1.994828	-0.832687	1.233861	-0.116832	-0.193707	-0.714844	0.338135	0.301514	72.806644	-76.871471	16.628115
03849		9.822780	2.100413	-0.885057	1.159981	-0.133063	-0.195426	-0.727051	0.338135	0.304932	73.927975	-76.786550	16.162081
03850		10.043588	2.067430	-0.996273	1.071553	-0.141549	-0.193013	-0.723633	0.343018	0.302979	75.013014	-76.702383	15.682509
03851		10.081653	1.838783	-1.087025	1.001814	-0.161018	-0.175153	-0.732178	0.337646	0.294678	76.077222	-76.628734	15.181732
03852		10.206386	1.518026	-1.148812	0.958415	-0.163116	-0.165964	-0.730469	0.353271	0.290283	77.114270	-76.558540	14.684652
03853		10.387197	1.140734	-1.140442	0.935407	-0.150561	-0.160195	-0.725098	0.343506	0.302979	78.091649	-76.487876	14.233740
03854		10.523593	0.916078	-1.046154	0.921818	-0.124439	-0.164158	-0.727539	0.347412	0.292725	79.001566	-76.410517	13.845650
03855		10.540876	0.646143	-0.871357	0.936344	-0.058329	-0.180024	-0.731445	0.357910	0.280273	79.759435	-76.315722	13.620865
03856		10.646746	0.509733	-0.329394	0.978153	0.034278	-0.215125	-0.724609	0.353027	0.273682	80.342341	-76.191658	13.602408
03857		10.538416	0.511126	-0.126878	1.038234	0.058457	-0.251564	-0.728516	0.354736	0.280273	80.906092	-76.044393	13.637480
03858		10.700153	0.539651	0.047081	1.092700	0.092361	-0.280128	-0.734863	0.352783	0.279541	81.435925	-75.878507	13.741382
03859		10.708273	0.835854	0.311274	1.099383	0.129080	-0.293553	-0.734131	0.350586	0.264893	81.880718	-75.701744	13.935360
03860		10.809305	1.183200	0.374763	1.101554	0.116571	-0.273579	-0.734375	0.351318	0.262695	82.351785	-75.538252	14.105323
03861		10.809105	1.577999	0.458659	1.067721	0.091297	-0.245877	-0.737549	0.353027	0.265869	82.840906	-75.392170	14.235047
03862		10.922484	2.172266	0.425056	0.989260	0.060178	-0.196586	-0.746582	0.352295	0.261963	83.342537	-75.277211	14.307123
03863		11.083594	2.753754	0.413021	0.890130	0.027299	-0.132557	-0.736572	0.356689	0.254395	83.833116	-75.200330	14.330249
03864		11.243272	3.297813	0.544375	0.748972	-0.001074	-0.067778	-0.737305	0.354248	0.250732	84.293470	-75.162778	14.302651
03865		11.476102	3.722447	0.829025	0.553476	-0.012886	-0.001393	-0.729980	0.355469	0.247803	84.645988	-75.163017	14.269066
03866		11.679816	4.195141	1.170569	0.332569	0.026150	0.053323	-0.747070	0.362549	0.254639	84.783182	-75.193024	14.328927
03867		11.859045	4.514199	1.003886	0.142970	0.079904	0.132261	-0.732422	0.365234	0.244385	84.673191	-75.264593	14.530429
03868		11.560117	4.442762	0.816152	-0.068786	0.148274	0.221082	-0.728760	0.366211	0.242676	84.277925	-75.383402	14.902893
03869		10.963655	4.008175	0.572991	-0.210535	0.141125	0.282369	-0.742432	0.364746	0.250244	83.789848	-75.536238	15.285532
03870		10.253593	3.425101	0.677488	-0.176542	-0.043688	0.312579	-0.734131	0.366211	0.248047	83.723497	-75.717847	15.254171
03871		9.615420	2.353442	0.730733	-0.136337	-0.167433	0.299407	-0.735840	0.372559	0.249512	83.957323	-75.899032	14.935437
03872		8.889079	1.298059	0.544193	-0.049546	-0.236133	0.253630	-0.728027	0.367432	0.252197	84.422933	-76.058108	14.430787
03873		8.221192	0.205184	0.130703	0.129374	-0.320399	0.182652	-0.731201	0.376465	0.252441	85.206279	-76.179239	13.703255
03874		7.798566	-0.532614	-0.210179	0.297509	-0.345486	0.103967	-0.725342	0.375977	0.254883	86.177279	-76.254331	12.883476
03875		7.574545	-0.753289	-0.356229	0.384095	-0.326494	0.047861	-0.720459	0.383789	0.254395	87.163179	-76.292848	12.098154
03876		7.723543	-0.541165	-0.220244	0.418079	-0.265025	0.060518	-0.719971	0.386963	0.256104	88.034164	-76.334749	11.452772
03877		8.143526	-0.059847	0.242392	0.406421	-0.242840	0.126651	-0.719727	0.386230	0.259277	88.840454	-76.411322	10.865754
03878		8.525413	0.757210	0.696497	0.320841	-0.228452	0.226562	-0.717041	0.390625	0.259277	89.575684	-76.543893	10.303143
03879		8.863799	1.663723	0.899298	0.236562	-0.205938	0.324837	-0.713623	0.391602	0.260254	90.214491	-76.730436	9.788889
03880		9.065535	2.398053	1.193922	0.209765	-0.156734	0.413104	-0.718262	0.391846	0.250732	90.742310	-76.967332	9.374727
03881		9.132442	2.679646	1.509712	0.241390	-0.113299	0.464939	-0.707764	0.393311	0.264648	91.191835	-77.232776	9.058462
03882		9.091331	2.727696	1.750327	0.276244	-0.103437	0.474242	-0.718994	0.405029	0.262939	91.659630	-77.503836	8.745609
03883		9.013672	2.664464	1.933157	0.305241	-0.117406	0.427410	-0.708252	0.411377	0.260254	92.186838	-77.746495	8.387917
03884		8.948768	2.567301	2.051877	0.298501	-0.105442	0.372949	-0.709473	0.413574	0.260498	92.695511	-77.958238	8.046749
03885		8.942066	2.500475	1.911301	0.263875	-0.064919	0.308267	-0.707764	0.415283	0.259766	93.072779	-78.132912	7.818660
03886		8.839276	2.461155	1.900776	0.252166	0.021550	0.257150	-0.702881	0.417725	0.264893	93.211578	-78.281474	7.828537
03887		8.823419	2.237872	2.261919	0.329174	0.097868	0.225064	-0.707275	0.425781	0.264160	93.172317	-78.413487	8.064194
03888		8.953921	1.962804	2.362361	0.419050	0.169436	0.205256	-0.698730	0.432861	0.255615	92.982188	-78.536891	8.507207
03889		9.181841	1.690001	2.322796	0.485681	0.218559	0.192558	-0.706787	0.432861	0.257324	92.676366	-78.653413	9.106063
03890		9.424440	1.529752	2.181144	0.557847	0.254193	0.186861	-0.703857	0.428711	0.247559	92.304006	-78.767506	9.815484
03891		9.651648	1.438105	2.184245	0.637322	0.295405	0.191173	-0.695557	0.433350	0.242676	91.842032	-78.883256	10.661594
03892		9.801713	1.530262	2.124953	0.711082	0.324454	0.202925	-0.702148	0.440430	0.233154	91.327779	-79.005501	11.604342
03893		9.862313	1.730278	1.970023	0.752602	0.335780	0.202171	-0.706787	0.451172	0.236572	90.783555	-79.125049	12.600801
03894		9.723463	1.930354	1.694971	0.766765	0.264484	0.168179	-0.704590	0.442383	0.230713	90.448158	-79.223975	13.393082
03895		9.931806	2.356060	1.345479	0.719607	0.199783	0.130334	-0.697998	0.449707	0.220947	90.268616	-79.299564	13.998465
03896		10.005454	2.796532	1.130458	0.594121	0.202762	0.081573	-0.691895	0.445068	0.216553	90.005175	-79.347527	14.616377
03897		10.040355	3.095353	0.959762	0.484069	0.152132	0.013109	-0.698242	0.450928	0.210449	89.828203	-79.355118	15.081648
03898		9.957907	3.182917	0.740664	0.388223	0.080800	-0.066779	-0.700684	0.454346	0.201660	89.816755	-79.317607	15.323003
03899		9.832063	3.189150	0.544834	0.292780	0.035701	-0.168498	-0.693115	0.449707	0.210693	89.887149	-79.221220	15.425080
03900		9.728917	3.172442	0.377796	0.253278	0.035858	-0.251226	-0.694824	0.455811	0.211670	89.937190	-79.078056	15.525206
03901		9.656528	3.038455	0.305882	0.228446	0.088527	-0.304745	-0.708008	0.443359	0.213623	89.818378	-78.903549	15.782580
03902		9.717803	2.691920	0.348615	0.171704	0.082934	-0.365190	-0.696289	0.443115	0.207520	89.691874	-78.694844	16.015124
03903		9.687198	2.303578	0.347005	0.149891	0.102094	-0.395764	-0.703369	0.453369	0.202148	89.504884	-78.467896	16.296500
03904		9.655860	1.880727	0.316887	0.161544	0.148351	-0.396411	-0.711182	0.440674	0.208496	89.207561	-78.240537	16.697852
03905		9.726658	1.690552	0.316136	0.168656	0.161556	-0.380011	-0.701660	0.445313	0.201172	88.889653	-78.021523	17.124449
03906		9.715214	1.673223	0.280217	0.166853	0.174195	-0.361194	-0.717285	0.439941	0.195801	88.550437	-77.813138	17.572382
03907		9.693619	1.795013	0.272121	0.176505	0.169052	-0.337196	-0.715088	0.439209	0.196777	88.240195	-77.617539	17.996398
03908		9.644985	2.010973	0.340171	0.168149	0.154583	-0.311513	-0.721436	0.434814	0.189941	87.972387	-77.437009	18.372611
03909		9.457048	2.304930	0.365070	0.149413	0.153276	-0.284757	-0.722412	0.423584	0.198975	87.702551	-77.270907	18.739899
03910		9.166156	2.573155	0.456873	0.123843	0.151916	-0.248743	-0.716309	0.431885	0.195557	87.426531	-77.125612	19.098969
03911		9.035211	2.805447	0.499549	0.066904	0.171927	-0.210684	-0.707275	0.432861	0.188965	87.069866	-77.000571	19.507266
03912		8.877738	2.912851	0.572453	-0.028809	0.198877	-0.187363	-0.716553	0.436523	0.191650	86.597106	-76.887861	19.978849
03913		8.778026	3.095750	0.593842	-0.136529	0.182571	-0.160593	-0.719482	0.424561	0.186279	86.105483	-76.789657	20.406413
03914		8.806733	3.120106	0.636515	-0.244346	0.171725	-0.148625	-0.717773	0.430420	0.194336	85.583656	-76.698325	20.801883
03915		8.958909	3.168866	0.719917	-0.356708	0.175522	-0.142936	-0.723877	0.427734	0.190430	84.993081	-76.608747	21.201817
03916		8.923149	3.111944	0.748997	-0.436420	0.149417	-0.141884	-0.724609	0.429443	0.190186	84.425843	-76.520588	21.531084
03917		8.759359	3.065418	0.698866	-0.527279	0.096299	-0.145984	-0.726563	0.427490	0.186768	83.938580	-76.432109	21.724537
03918		8.603038	3.023721	0.605400	-0.637945	0.054443	-0.147230	-0.720947	0.417969	0.191650	83.491197	-76.345478	21.811891
03919		8.393268	2.990239	0.647004	-0.710815	0.026842	-0.154079	-0.725342	0.420166	0.191650	83.071373	-76.256348	21.827838
03920		8.306219	2.972219	0.594743	-0.761597	-0.006857	-0.153108	-0.717285	0.421143	0.199951	82.703034	-76.170368	21.760890
03921		8.214789	3.009761	0.519550	-0.847730	-0.047458	-0.145936	-0.728027	0.416260	0.210693	82.378134	-76.091350	21.598271
03922		7.948714	3.080525	0.347160	-0.946781	-0.112744	-0.119891	-0.723877	0.412109	0.210205	82.138612	-76.032512	21.289212
03923		7.844375	3.108262	0.108720	-1.062005	-0.147516	-0.065542	-0.720703	0.408447	0.217041	81.894882	-76.007432	20.916350
03924		7.848308	3.053858	0.151971	-1.169948	-0.140821	-0.014110	-0.724121	0.410889	0.220459	81.557457	-76.011500	20.576340
03925		8.028042	2.924739	0.255420	-1.255079	-0.152057	0.027669	-0.731934	0.404053	0.236328	81.182516	-76.040630	20.224704
03926		8.008783	2.956071	0.078985	-1.329645	-0.213892	0.063479	-0.722168	0.410156	0.235840	80.893692	-76.096048	19.740437
03927		8.193249	3.033901	-0.245434	-1.412589	-0.251486	0.128333	-0.729248	0.393555	0.252441	80.620649	-76.192162	19.191075
03928		8.717181	2.862421	-0.395153	-1.511520	-0.217311	0.175113	-0.714355	0.392822	0.263428	80.196135	-76.312184	18.739624
03929		8.758846	2.449925	-0.452625	-1.529985	-0.278118	0.183041	-0.713867	0.393555	0.264648	79.900059	-76.443429	18.145300
03930		9.293416	2.094860	-0.599357	-1.440596	-0.331448	0.146357	-0.716553	0.384277	0.267578	79.800229	-76.559764	17.402252
03931		9.802956	1.784798	-0.636649	-1.333537	-0.299787	0.111596	-0.707520	0.395996	0.286865	79.706009	-76.653656	16.716703
03932		10.203948	1.430300	-0.580578	-1.197634	-0.271355	0.087982	-0.710449	0.391846	0.289307	79.637054	-76.731480	16.085623
03933		10.795574	1.476628	-0.787243	-1.096870	-0.274572	0.056906	-0.706543	0.390381	0.286133	79.649309	-76.792254	15.430432
03934		10.841647	1.454143	-0.783082	-0.852444	-0.181243	0.062482	-0.708252	0.386475	0.299805	79.578632	-76.846622	15.004642
03935		10.640457	1.437848	-0.527584	-0.675556	-0.203449	0.089347	-0.710938	0.390137	0.305908	79.651848	-76.918407	14.535043
03936		10.495529	1.502746	-0.523068	-0.527442	-0.213965	0.127549	-0.713135	0.391602	0.307617	79.824021	-77.012670	14.051431
03937		10.285842	1.721385	-0.626351	-0.411098	-0.212856	0.156431	-0.701904	0.393799	0.309570	80.051159	-77.122640	13.579722
03938		9.943460	2.168309	-0.911142	-0.335145	-0.242523	0.185527	-0.699463	0.387939	0.315186	80.391819	-77.251556	13.036792
03939		9.641439	2.722030	-1.182143	-0.314933	-0.249913	0.212100	-0.706299	0.389648	0.323486	80.758964	-77.395288	12.478532
03940		9.380537	3.252609	-1.314833	-0.358129	-0.234389	0.228816	-0.697266	0.384766	0.316895	81.067996	-77.546488	11.955195
03941		9.059493	3.709719	-1.263224	-0.463905	-0.234886	0.236273	-0.693604	0.393311	0.322021	81.322059	-77.701256	11.425971
03942		8.982149	4.018149	-1.358533	-0.604310	-0.255469	0.233533	-0.689209	0.390137	0.330322	81.563677	-77.855772	10.827996
03943		9.051356	4.163067	-1.228843	-0.784400	-0.267077	0.225065	-0.690674	0.387451	0.337158	81.743151	-78.005951	10.187881
03944		9.295585	3.934237	-0.567620	-1.003850	-0.239259	0.225017	-0.685547	0.387939	0.340088	81.735314	-78.153489	9.611655
03945		9.568406	3.439707	-0.213070	-1.183220	-0.317772	0.219584	-0.689941	0.388916	0.351563	81.844429	-78.304390	8.810697
03946		9.895590	2.876259	-0.304388	-1.177614	-0.374708	0.197422	-0.674072	0.386719	0.358643	82.139553	-78.446417	7.824177
03947		10.346848	2.350210	-0.279318	-1.091247	-0.407009	0.168163	-0.681641	0.377930	0.371094	82.597089	-78.573251	6.722254
03948		10.667331	1.939441	-0.441658	-1.016623	-0.434312	0.150592	-0.682373	0.373291	0.371826	83.203166	-78.689647	5.513566
03949		10.861197	1.619638	-0.454572	-0.958358	-0.419626	0.152597	-0.672363	0.378174	0.378418	83.813840	-78.804044	4.334054
03950		11.027576	1.343619	-0.268460	-0.962928	-0.361507	0.173893	-0.670410	0.376221	0.390137	84.270081	-78.924626	3.310435
03951		11.100251	1.037856	-0.057559	-0.971029	-0.310773	0.185677	-0.675049	0.378906	0.397461	84.580149	-79.048129	2.430742
03952		11.419923	0.575170	0.344940	-0.865198	-0.229720	0.148101	-0.665771	0.368652	0.400391	84.737954	-79.144884	1.768884
03953		11.735095	-0.054887	0.802676	-0.652544	-0.243151	0.070875	-0.670166	0.370117	0.407227	85.079803	-79.198006	1.043169
03954		12.396793	-0.648272	1.272349	-0.488519	-0.218446	-0.054116	-0.661621	0.373779	0.406250	85.480496	-79.177529	0.353920
03955		12.765541	-1.051591	1.603900	-0.332002	-0.174818	-0.172880	-0.656982	0.364990	0.407715	85.858547	-79.086616	-0.221743
03956		12.261578	-0.984624	1.177092	-0.054460	-0.292155	-0.261316	-0.664795	0.378906	0.412842	86.751197	-78.948315	-1.159271
03957		11.439675	-0.389753	0.932096	0.236972	-0.406986	-0.292194	-0.662598	0.360596	0.408203	88.118160	-78.791754	-2.411064
03958		10.394289	0.528949	0.928698	0.311771	-0.503905	-0.249876	-0.654053	0.362305	0.414307	89.770494	-78.654385	-3.910274
03959		9.544764	1.693696	0.814159	0.171082	-0.545935	-0.170133	-0.653076	0.366699	0.420410	91.424223	-78.553833	-5.494268
03960		8.693692	2.709670	0.611934	0.001839	-0.491673	-0.048476	-0.654053	0.376953	0.424561	92.820643	-78.516075	-6.914589
03961		8.210084	3.236677	0.400074	-0.142527	-0.393594	0.069862	-0.657227	0.370361	0.428467	93.868883	-78.543012	-8.064521
03962		7.997841	3.196590	0.457745	-0.301492	-0.299438	0.137833	-0.650635	0.366943	0.425537	94.583906	-78.609395	-8.966805
03963		8.098068	2.773794	0.757212	-0.456106	-0.257658	0.137809	-0.646240	0.363037	0.425781	95.097076	-78.675718	-9.753779
03964		8.363731	2.149279	1.050653	-0.567280	-0.233159	0.093791	-0.646729	0.370605	0.444824	95.474292	-78.717049	-10.466531
03965		8.684634	1.336097	1.232957	-0.584460	-0.199559	0.008255	-0.648926	0.365479	0.439453	95.720958	-78.710689	-11.056542
03966		8.921925	0.712802	1.386383	-0.548838	-0.127414	-0.090385	-0.646484	0.354492	0.435791	95.754969	-78.651977	-11.408616
03967		9.026364	0.358454	1.569667	-0.516200	-0.049040	-0.173065	-0.646729	0.364014	0.440430	95.558379	-78.550616	-11.506786
03968		9.109657	-0.029759	1.861626	-0.465122	0.031939	-0.237703	-0.636230	0.363525	0.441895	95.150760	-78.416959	-11.359546
03969		9.169745	-0.267917	2.089464	-0.411349	0.102486	-0.261287	-0.637207	0.346436	0.448730	94.578701	-78.272873	-11.013093
03970		9.137299	-0.503587	2.253806	-0.368079	0.178137	-0.244939	-0.642090	0.354248	0.443848	93.840630	-78.140841	-10.471455
03971		8.966143	-0.623117	2.333009	-0.332617	0.229877	-0.206070	-0.651611	0.349365	0.441406	93.002193	-78.030973	-9.806331
03972		8.692070	-0.554163	2.367473	-0.272502	0.266607	-0.168372	-0.642090	0.340332	0.442139	92.117328	-77.942105	-9.058330
03973		8.582309	-0.384262	2.439951	-0.181539	0.307657	-0.141666	-0.651367	0.345947	0.438721	91.188749	-77.866223	-8.212041
03974		8.635315	-0.091071	2.432938	-0.089488	0.316092	-0.131501	-0.658203	0.341064	0.439941	90.300717	-77.794151	-7.353246
03975		8.771393	0.350535	2.399732	-0.013390	0.286301	-0.127275	-0.655518	0.341064	0.441650	89.545953	-77.721213	-6.585767
03976		8.991441	0.930015	2.396172	-0.005451	0.220461	-0.122289	-0.650391	0.343994	0.433838	88.974779	-77.650602	-6.001687
03977		9.302499	1.656786	2.087317	-0.027567	0.114241	-0.107398	-0.650635	0.340088	0.439453	88.674997	-77.587967	-5.707933
03978		9.758663	2.184562	1.544556	-0.058889	0.022010	-0.086662	-0.643799	0.341797	0.437500	88.594917	-77.539172	-5.657954
03979		10.248161	2.533495	0.964283	-0.089213	-0.060629	-0.055816	-0.656494	0.338867	0.441162	88.712496	-77.508249	-5.827721
03980		10.428847	2.562894	0.485598	-0.099267	-0.125410	-0.010876	-0.647217	0.336670	0.436035	88.985425	-77.504593	-6.163061
03981		10.718377	2.317755	0.166687	-0.124308	-0.156609	0.020985	-0.651855	0.342285	0.438477	89.326831	-77.518159	-6.582684
03982		10.638756	1.856371	0.102576	-0.161380	-0.188036	0.061155	-0.652100	0.337402	0.438477	89.725473	-77.555207	-7.083187
03983		10.507249	1.355291	0.222562	-0.217077	-0.194055	0.097826	-0.648682	0.335938	0.440430	90.114135	-77.611620	-7.605506
03984		10.447419	1.036715	0.274020	-0.266584	-0.169740	0.133528	-0.634766	0.340820	0.447021	90.412230	-77.688854	-8.064571
03985		10.255592	0.753196	0.357365	-0.281539	-0.117002	0.166271	-0.642090	0.339600	0.446777	90.571540	-77.783736	-8.389674
03986		10.134605	0.711746	0.458707	-0.271870	-0.074083	0.202662	-0.641113	0.348145	0.444092	90.623427	-77.900693	-8.599663
03987		9.979842	0.786281	0.434284	-0.241310	-0.046878	0.241418	-0.647461	0.344238	0.453369	90.626859	-78.038906	-8.741536
03988		9.969599	0.869581	0.413484	-0.205638	-0.011645	0.263301	-0.636719	0.343994	0.447998	90.553043	-78.191099	-8.784102
03989		9.822622	0.960118	0.440420	-0.184564	0.024627	0.283078	-0.635010	0.346924	0.453613	90.394520	-78.353596	-8.727202
03990		9.575398	1.015120	0.393613	-0.174872	0.045895	0.288558	-0.631348	0.343750	0.449951	90.174607	-78.520567	-8.602624
03991		9.411690	1.127903	0.337709	-0.138177	0.053001	0.275958	-0.628662	0.343750	0.453613	89.954614	-78.678917	-8.455972
03992		9.389706	1.172763	0.237513	-0.113702	0.075087	0.276760	-0.632324	0.346680	0.453369	89.675080	-78.838936	-8.235032
03993		9.490146	1.044031	0.195249	-0.074291	0.099065	0.277679	-0.636230	0.355957	0.447266	89.344839	-78.997759	-7.938900
03994		9.284995	0.827451	0.160377	-0.036833	0.140366	0.267970	-0.632568	0.354492	0.447021	88.899475	-79.151700	-7.504461
03995		9.055985	0.627213	0.311388	-0.015455	0.123693	0.237807	-0.633301	0.353760	0.449463	88.511575	-79.286551	-7.115618
03996		9.305209	0.517117	0.374828	-0.029527	0.104470	0.245956	-0.620850	0.358887	0.452393	88.158839	-79.427420	-6.771587
03997		9.274697	0.316862	0.279465	0.017063	0.137187	0.227347	-0.631104	0.360107	0.449219	87.729325	-79.555025	-6.321817
03998		9.598670	0.069671	0.420708	0.085893	0.153667	0.203511	-0.625977	0.358398	0.447754	87.275073	-79.669540	-5.807649
03999		9.558998	-0.180193	0.463051	0.144882	0.206484	0.176757	-0.627197	0.358398	0.440918	86.686968	-79.764712	-5.122594
04000		9.600071	-0.312576	0.499774	0.214018	0.184330	0.136011	-0.634521	0.360107	0.445313	86.200484	-79.837949	-4.501423
04001		9.445171	-0.288670	0.471880	0.281596	0.162297	0.102876	-0.625977	0.360840	0.434082	85.829570	-79.890577	-3.957746
04002		9.310455	-0.261552	0.491738	0.367553	0.127388	0.075204	-0.631104	0.366455	0.434814	85.616310	-79.930274	-3.524981
04003		9.203380	-0.087081	0.252044	0.440242	0.108894	0.063418	-0.629883	0.366699	0.432617	85.511451	-79.961972	-3.159332
04004		9.158163	0.119372	-0.014180	0.512332	0.104777	0.052118	-0.630127	0.374023	0.432373	85.456049	-79.989328	-2.802741
04005		9.179888	0.355649	-0.143692	0.556792	0.130327	0.051265	-0.629883	0.377197	0.426270	85.349181	-80.012922	-2.367305
04006		9.048165	0.464221	-0.166637	0.596742	0.135306	0.054355	-0.626465	0.388916	0.427979	85.239994	-80.040019	-1.907050
04007		9.090185	0.550006	-0.152296	0.633331	0.123807	0.050288	-0.625000	0.385010	0.421875	85.195818	-80.063123	-1.490808
04008		9.243066	0.651068	-0.135759	0.643521	0.117580	0.038420	-0.621338	0.388672	0.414795	85.173149	-80.081899	-1.091229
04009		9.140253	0.585241	-0.029264	0.645529	0.119445	0.025240	-0.630371	0.380615	0.412109	85.155544	-80.090846	-0.694910
04010		9.667726	0.701905	-0.156918	0.642114	0.105996	-0.013543	-0.630127	0.390381	0.412354	85.183603	-80.080564	-0.347654
04011		9.805689	0.688479	-0.189523	0.643015	0.131742	-0.053756	-0.631348	0.399414	0.410889	85.147231	-80.043817	0.066286
04012		9.688974	0.652733	-0.091524	0.688312	0.069586	-0.079634	-0.630859	0.395264	0.400879	85.339915	-79.997676	0.273345
04013		9.596923	0.514799	-0.139522	0.709822	0.067442	-0.099144	-0.630615	0.395508	0.398438	85.563952	-79.938285	0.461825
04014		9.725966	0.544638	-0.222770	0.738485	0.047920	-0.106690	-0.626465	0.401367	0.402588	85.861570	-79.877988	0.591583
04015		9.334500	0.416560	-0.207371	0.799804	0.012129	-0.092738	-0.634277	0.399414	0.395996	86.310914	-79.824790	0.603618
04016		9.482007	0.305190	-0.278766	0.839783	0.000841	-0.089576	-0.627197	0.406250	0.386963	86.809322	-79.776328	0.588397
04017		9.761306	0.218429	-0.210645	0.859761	0.056712	-0.071528	-0.621582	0.406494	0.388916	87.143875	-79.733958	0.751995
04018		9.701676	0.268623	-0.224513	0.902859	0.060172	-0.056484	-0.631836	0.413330	0.382568	87.482604	-79.702920	0.935804
04019		10.010938	0.440151	-0.185321	0.925803	0.186567	-0.064667	-0.630127	0.414551	0.372070	87.444948	-79.661433	1.516226
04020		9.955658	0.510920	-0.086291	0.950509	0.223009	-0.056860	-0.625000	0.418213	0.364746	87.302030	-79.626040	2.217467
04021		9.411768	0.412055	0.036747	1.012536	0.160532	-0.054492	-0.630859	0.425781	0.359619	87.398448	-79.590860	2.712239
04022		9.332546	0.318901	0.090872	1.017365	0.159620	-0.058470	-0.630127	0.424805	0.359619	87.495466	-79.556412	3.208622
04023		9.569212	0.476306	-0.053224	1.016038	0.190462	-0.055152	-0.630371	0.430176	0.350586	87.504034	-79.520340	3.794882
04024		9.473303	0.519826	-0.081442	1.072416	0.205982	-0.038089	-0.633057	0.445557	0.345215	87.489163	-79.496565	4.437238
04025		9.504259	0.658041	0.015093	1.130703	0.211604	-0.028662	-0.635498	0.433350	0.351563	87.497615	-79.475114	5.090535
04026		9.506916	0.601806	0.038618	1.155543	0.230431	-0.021809	-0.631592	0.436035	0.337158	87.455123	-79.460069	5.809516
04027		9.522023	0.586333	0.004904	1.150295	0.238702	-0.027838	-0.631348	0.446289	0.321777	87.393834	-79.438249	6.545250
04028		9.491211	0.538225	0.031776	1.127462	0.260230	-0.017323	-0.635742	0.449951	0.319336	87.245525	-79.424681	7.355588
04029		9.486116	0.510764	0.012578	1.088996	0.286957	0.000762	-0.638916	0.452637	0.318359	86.999462	-79.417129	8.243630
04030		9.376043	0.532899	-0.121596	1.065512	0.291329	0.002245	-0.638184	0.464111	0.303223	86.718687	-79.412657	9.152658
04031		9.388139	0.591594	-0.333219	1.062323	0.276515	-0.002426	-0.640869	0.459961	0.288574	86.491395	-79.402164	10.006095
04032		9.468702	0.556968	-0.548236	1.082514	0.255906	-0.014707	-0.635742	0.465576	0.284180	86.333487	-79.388034	10.800100
04033		9.655578	0.451966	-0.723021	1.126466	0.237075	-0.038336	-0.634033	0.463867	0.280518	86.273302	-79.357640	11.521003
04034		9.885952	0.325628	-0.821779	1.157975	0.226313	-0.066491	-0.629150	0.477783	0.274414	86.263306	-79.314716	12.208683
04035		10.101607	0.186318	-0.777033	1.177046	0.211969	-0.094920	-0.639648	0.474365	0.256592	86.325077	-79.252878	12.835171
04036		10.245108	-0.015620	-0.695799	1.202267	0.212817	-0.122776	-0.635254	0.476807	0.256348	86.399086	-79.178576	13.463489
04037		10.205485	-0.223556	-0.579964	1.218344	0.205117	-0.141878	-0.650635	0.483154	0.245117	86.521317	-79.090465	14.052819
04038		10.007492	-0.477770	-0.595269	1.238377	0.189294	-0.162131	-0.630371	0.479492	0.242920	86.700601	-78.995108	14.595386
04039		9.762638	-0.550951	-0.433116	1.269837	0.205366	-0.179826	-0.638184	0.476074	0.229004	86.865721	-78.885908	15.171463
04040		9.570483	-0.249018	-0.151754	1.274751	0.236802	-0.207318	-0.637939	0.486328	0.229492	86.943309	-78.763934	15.839375
04041		9.407272	0.437972	-0.044571	1.282484	0.194228	-0.221675	-0.644775	0.489990	0.215088	87.163614	-78.631639	16.367048
04042		9.702050	1.236825	-0.048976	1.233934	0.083842	-0.202802	-0.635742	0.492188	0.210938	87.659459	-78.517475	16.584983
04043		10.268599	1.981192	-0.091207	1.122538	-0.036705	-0.150370	-0.641846	0.483643	0.204346	88.428929	-78.432335	16.459077
04044		10.620440	2.547004	-0.023289	0.958886	-0.083987	-0.109354	-0.638428	0.488525	0.197510	89.219579	-78.374769	16.215336
04045		10.812130	2.963286	0.354369	0.822558	-0.039009	-0.101328	-0.630615	0.492188	0.198486	89.810382	-78.317121	16.096305
04046		11.020567	3.155343	1.342831	0.785057	0.053192	-0.108699	-0.626953	0.493896	0.188721	90.113960	-78.258832	16.248168
04047		11.325536	3.565283	1.198668	0.729877	0.102940	-0.106330	-0.638672	0.497070	0.184814	90.256899	-78.198303	16.532330
04048		11.678050	4.181011	-0.062909	0.477958	0.051468	-0.043017	-0.639893	0.502930	0.185059	90.388972	-78.177710	16.679620
04049		12.019293	4.907531	0.225944	0.136485	0.124827	0.061334	-0.639160	0.497070	0.169678	90.134435	-78.213380	17.022546
04050		12.026281	5.322920	0.894095	-0.153343	0.068112	0.186975	-0.630615	0.492920	0.186523	89.858285	-78.324185	17.217271
04051		11.779383	5.095130	0.823481	-0.357712	-0.021281	0.321071	-0.633057	0.497314	0.177979	89.718316	-78.508400	17.153932
04052		10.850798	4.059341	0.753595	-0.458256	-0.069412	0.370376	-0.625000	0.506836	0.181885	89.646629	-78.724251	16.961582
04053		9.843592	2.344231	0.763693	-0.313389	-0.359126	0.332412	-0.626221	0.502930	0.187988	90.518551	-78.914626	15.892755
04054		9.454847	0.446473	0.197653	-0.083970	-0.562130	0.211385	-0.626953	0.507568	0.194580	92.136585	-79.031604	14.197615
04055		9.209823	-0.996358	-0.436031	0.062670	-0.479611	0.032254	-0.621338	0.507813	0.195801	93.602939	-79.036450	12.743557
04056		9.040174	-1.659310	-0.591735	0.146283	-0.307475	-0.146540	-0.613525	0.499512	0.189697	94.559532	-78.943720	11.856821
04057		9.114672	-1.512956	-0.217338	0.214310	-0.203171	-0.256165	-0.622803	0.508301	0.192383	95.217221	-78.787664	11.314655
04058		9.164028	-0.747498	0.149729	0.293172	-0.157734	-0.271879	-0.617676	0.496094	0.194336	95.762145	-78.627824	10.932747
04059		9.380061	0.336512	0.068474	0.370035	-0.142190	-0.217991	-0.622070	0.504883	0.192139	96.318584	-78.495123	10.584340
04060		9.625676	1.365927	0.068218	0.434120	-0.072015	-0.110800	-0.616943	0.492920	0.187256	96.734102	-78.431409	10.416621
04061		9.628335	2.110400	0.296889	0.484995	0.040245	0.002267	-0.625977	0.502930	0.189453	96.909779	-78.435500	10.523941
04062		9.450207	2.537219	0.790887	0.532229	0.114738	0.110944	-0.617432	0.508301	0.194092	96.933366	-78.510576	10.813583
04063		9.240524	2.830846	1.027478	0.533701	0.141914	0.182468	-0.619873	0.510254	0.169922	96.911301	-78.624221	11.151068
04064		8.914154	3.083015	1.289088	0.473637	0.193655	0.200260	-0.618408	0.513428	0.173584	96.700006	-78.755264	11.645720
04065		8.617859	3.221954	1.534096	0.442700	0.223792	0.174216	-0.617920	0.510498	0.169922	96.376154	-78.869103	12.237401
04066		8.463141	3.161988	1.699445	0.466495	0.227356	0.116568	-0.611816	0.519043	0.163818	96.018326	-78.953377	12.876721
04067		8.359354	2.892578	1.774067	0.476728	0.234944	0.034620	-0.609375	0.511963	0.161865	95.623955	-78.986848	13.559792
04068		8.540265	2.599504	1.776102	0.481128	0.237971	-0.051982	-0.613770	0.520264	0.151367	95.185545	-78.973697	14.289477
04069		8.896012	2.372642	1.882610	0.498368	0.266473	-0.130471	-0.612305	0.516602	0.157715	94.668981	-78.912434	15.109746
04070		9.307390	2.209211	1.919102	0.526857	0.262589	-0.185953	-0.616455	0.521973	0.148926	94.162818	-78.821334	15.935345
04071		9.707076	2.101250	1.859702	0.571646	0.277156	-0.202427	-0.616211	0.520264	0.135742	93.661709	-78.716579	16.783155
04072		9.935193	2.138671	1.840599	0.604003	0.303795	-0.201331	-0.619141	0.511230	0.134766	93.101460	-78.615155	17.709446
04073		9.934786	2.209716	1.846141	0.662308	0.318915	-0.198969	-0.619385	0.517090	0.130615	92.559960	-78.510462	18.652075
04074		9.806041	2.294215	1.887722	0.717309	0.323319	-0.205397	-0.616455	0.513428	0.126953	92.034726	-78.403671	19.609450
04075		9.569527	2.308614	1.950942	0.770861	0.320096	-0.225911	-0.622803	0.513916	0.121094	91.576991	-78.280243	20.530798
04076		9.393654	2.235509	1.964761	0.830625	0.339196	-0.255898	-0.620117	0.513428	0.105225	91.097552	-78.141452	21.508439
04077		9.154917	2.138318	1.897401	0.904844	0.359819	-0.275367	-0.624268	0.511230	0.096924	90.638166	-77.987003	22.510870
04078		9.031446	2.022355	1.764889	0.930381	0.365842	-0.302292	-0.617920	0.516846	0.093750	90.178342	-77.818420	23.527886
04079		9.035784	1.935852	1.455815	0.935721	0.376431	-0.324296	-0.632324	0.509277	0.082031	89.732302	-77.632647	24.536036
04080		9.066131	1.911911	1.181418	0.951966	0.405766	-0.336350	-0.634033	0.507568	0.080811	89.223833	-77.440812	25.616836
04081		9.224993	1.943027	0.860186	0.982901	0.442756	-0.339718	-0.628174	0.511475	0.067383	88.681841	-77.241786	26.752529
04082		9.470052	2.088627	0.667823	1.071641	0.485997	-0.330614	-0.630371	0.503662	0.058350	88.089010	-77.047436	27.991769
04083		9.745692	2.183210	0.731265	1.179665	0.544748	-0.325927	-0.636230	0.500488	0.049561	87.458927	-76.848954	29.335394
04084		9.785857	2.302335	0.907120	1.281723	0.563894	-0.321086	-0.628418	0.500244	0.036865	86.850713	-76.651849	30.716003
04085		9.814986	2.316884	0.884949	1.378212	0.568547	-0.321267	-0.631836	0.498291	0.019775	86.334295	-76.449008	32.061923
04086		9.704116	2.322141	0.686934	1.483216	0.562068	-0.333770	-0.632324	0.495361	0.010254	85.903683	-76.238892	33.380832
04087		9.571541	2.300020	0.424623	1.579620	0.562362	-0.326942	-0.640381	0.493896	-0.006348	85.571221	-76.028425	34.658519
04088		9.583518	2.395720	0.236236	1.631667	0.594023	-0.311659	-0.638916	0.494873	-0.005127	85.198754	-75.825333	36.007484
04089		9.660008	2.430910	0.204554	1.631106	0.678045	-0.297314	-0.641357	0.486084	-0.018555	84.679162	-75.621677	37.510996
04090		9.680401	2.457191	0.460658	1.670910	0.732766	-0.294463	-0.635010	0.491943	-0.043213	84.071465	-75.414673	39.128539
04091		9.504303	2.504898	0.902967	1.725412	0.730026	-0.298870	-0.641113	0.475830	-0.057373	83.551974	-75.199664	40.690632
04092		9.448657	2.558668	1.077979	1.739900	0.709278	-0.303881	-0.642822	0.483643	-0.067627	83.097492	-74.981298	42.193633
04093		9.366350	2.590035	0.951762	1.741141	0.719418	-0.317013	-0.647461	0.467285	-0.083252	82.673210	-74.750350	43.669641
04094		9.291111	2.506790	0.836772	1.736485	0.714345	-0.340917	-0.640381	0.471191	-0.099365	82.273811	-74.504641	45.116696
04095		9.225577	2.479081	0.712783	1.715594	0.720583	-0.368798	-0.640625	0.469971	-0.111816	81.905969	-74.238886	46.522403
04096		9.274555	2.548589	0.825376	1.750023	0.725617	-0.388754	-0.648926	0.459717	-0.130371	81.565394	-73.960014	47.920032
04097		9.308083	2.517865	0.792917	1.837424	0.716913	-0.384154	-0.643799	0.450928	-0.144287	81.337829	-73.681670	49.256216
04098		9.294964	2.390351	0.728860	1.946160	0.739391	-0.378175	-0.647705	0.447510	-0.153564	81.136106	-73.404067	50.630123
04099		9.135826	2.361551	0.633655	2.048138	0.760962	-0.341726	-0.647461	0.443848	-0.177734	80.984431	-73.143279	52.016903
04100		8.917491	2.344240	0.715252	2.137061	0.809272	-0.303223	-0.637939	0.439209	-0.186768	80.788624	-72.899165	53.502703
04101		8.654265	2.466710	0.821697	2.210861	0.810099	-0.256778	-0.642822	0.432861	-0.205322	80.659734	-72.679540	54.966815
04102		8.621927	2.718530	0.889821	2.253818	0.841756	-0.223322	-0.635010	0.425781	-0.223633	80.491009	-72.474965	56.497873
04103		8.580321	2.950705	0.920581	2.277108	0.845427	-0.197795	-0.642334	0.412842	-0.249512	80.357811	-72.283034	58.009625
04104		8.610254	3.169282	1.041325	2.288872	0.843475	-0.177017	-0.649658	0.404297	-0.258301	80.228906	-72.101917	59.523177
04105		8.613339	3.260238	1.038096	2.309436	0.811720	-0.178164	-0.630127	0.405273	-0.272705	80.200470	-71.922681	60.947368
04106		8.651736	3.326594	0.716553	2.309308	0.767778	-0.183166	-0.634277	0.394287	-0.289795	80.246378	-71.744587	62.292292
04107		8.668293	3.337320	0.505873	2.315112	0.764543	-0.190903	-0.631592	0.392090	-0.298828	80.332851	-71.563293	63.601774
04108		8.728996	3.464882	0.311469	2.285881	0.740760	-0.183663	-0.631836	0.380371	-0.320313	80.436104	-71.388381	64.874828
04109		8.790790	3.679262	0.144133	2.217711	0.753606	-0.173952	-0.632324	0.370117	-0.338867	80.503572	-71.219002	66.148142
04110		8.762003	3.897292	0.008634	2.154335	0.753287	-0.151369	-0.630371	0.352539	-0.345703	80.523991	-71.061772	67.431605
04111		8.798671	4.081272	0.156539	2.116517	0.769480	-0.123651	-0.626221	0.345459	-0.359619	80.514586	-70.919674	68.727278
04112		8.836733	4.195481	0.353006	2.098004	0.769534	-0.093145	-0.621826	0.331055	-0.377441	80.480320	-70.793376	70.036662
04113		8.725385	4.223818	0.473796	2.087787	0.732954	-0.065927	-0.612793	0.337402	-0.396484	80.515227	-70.687197	71.269927
04114		8.642594	4.255983	0.526156	2.078312	0.684899	-0.032675	-0.611084	0.320313	-0.404785	80.604192	-70.603171	72.438427
04115		8.490193	4.155173	0.559222	2.038716	0.635943	0.009754	-0.609375	0.316895	-0.412598	80.756263	-70.550082	73.518883
04116		8.277202	4.156933	0.446044	1.956195	0.580589	0.056022	-0.599121	0.301514	-0.419678	80.925020	-70.527323	74.529316
04117		8.135760	4.148730	0.228905	1.858487	0.535451	0.107029	-0.605957	0.298096	-0.436523	81.111663	-70.540396	75.463863
04118		8.085668	4.201746	0.127828	1.759419	0.518735	0.159027	-0.593750	0.281738	-0.443604	81.240042	-70.583062	76.397432
04119		8.115166	4.342110	0.116169	1.671499	0.517137	0.216930	-0.600586	0.277100	-0.442383	81.317724	-70.661385	77.333406
04120		8.202273	4.430588	0.407598	1.581088	0.510359	0.265714	-0.589600	0.277344	-0.454346	81.324386	-70.765698	78.286844
04121		8.336315	4.578269	0.541734	1.489416	0.469438	0.292411	-0.592529	0.265381	-0.465332	81.346676	-70.891199	79.169833
04122		8.483203	4.608083	0.693950	1.407773	0.408699	0.303129	-0.588623	0.271729	-0.479248	81.399700	-71.025433	79.967784
04123		8.740528	4.615575	0.790036	1.311220	0.368860	0.302372	-0.591553	0.260010	-0.483398	81.471743	-71.165666	80.688844
04124		8.903156	4.637315	0.758274	1.168067	0.321598	0.298954	-0.581299	0.254395	-0.481689	81.522853	-71.305192	81.342456
04125		8.902291	4.590676	0.614029	1.010296	0.280801	0.303841	-0.588867	0.252441	-0.486816	81.559799	-71.454110	81.917399
04126		8.843083	4.517310	0.288231	0.855598	0.251224	0.297111	-0.579102	0.250488	-0.492920	81.541868	-71.598462	82.453939
04127		8.736257	4.255221	0.374578	0.762769	0.240985	0.303779	-0.578125	0.239502	-0.500244	81.495542	-71.750636	82.966215
04128		8.871086	3.844684	0.589694	0.743857	0.232980	0.276802	-0.568359	0.247559	-0.500000	81.441245	-71.884576	83.472769
04129		8.957273	3.525773	0.668148	0.722414	0.215645	0.239335	-0.576172	0.245850	-0.502686	81.424252	-72.002160	83.929083
04130		9.049068	3.430250	0.526258	0.697517	0.209693	0.209720	-0.572021	0.237793	-0.512207	81.394901	-72.099786	84.380859
04131		9.296095	3.493829	0.557290	0.666717	0.214709	0.186099	-0.569580	0.237793	-0.519775	81.356280	-72.187152	84.825852
04132		9.205597	3.602626	0.653194	0.611851	0.197319	0.183508	-0.568115	0.236816	-0.510498	81.301936	-72.270700	85.251910
04133		9.220145	3.799385	0.582193	0.534923	0.166583	0.194951	-0.567383	0.230713	-0.514893	81.265971	-72.367040	85.614424
04134		9.206100	4.012102	0.406414	0.403864	0.119945	0.220099	-0.564209	0.226807	-0.519775	81.215660	-72.477738	85.910808
04135		9.149907	4.074451	0.263836	0.235004	0.083015	0.245049	-0.570313	0.236572	-0.518799	81.139004	-72.609581	86.135390
04136		8.845179	4.024088	0.234208	0.075414	0.019675	0.264845	-0.558105	0.234375	-0.515869	81.064628	-72.754145	86.259456
04137		8.759592	4.100343	0.071253	-0.079486	-0.053074	0.264429	-0.562988	0.242188	-0.518799	81.046781	-72.908936	86.233542
04138		8.650664	4.178638	-0.083662	-0.210376	-0.095255	0.249327	-0.563477	0.239990	-0.521240	81.023092	-73.054815	86.133170
04139		8.482625	4.322317	-0.184033	-0.322003	-0.130106	0.238025	-0.562256	0.248047	-0.517822	81.017969	-73.201557	85.948798
04140		8.436003	4.396527	-0.377926	-0.433489	-0.181579	0.226941	-0.554688	0.250000	-0.503418	81.037561	-73.342355	85.669910
04141		8.612579	4.479961	-0.588239	-0.567312	-0.212341	0.214064	-0.562256	0.246094	-0.522217	81.058755	-73.482842	85.311699
04142		8.677784	4.456714	-0.807730	-0.672716	-0.229246	0.199403	-0.572266	0.256348	-0.508057	81.046155	-73.612134	84.923863
04143		8.674571	4.163202	-0.715898	-0.731053	-0.276509	0.196057	-0.567627	0.255371	-0.509766	81.109244	-73.748079	84.424737
04144		8.657190	3.837823	-0.747701	-0.801897	-0.284761	0.190491	-0.562988	0.264648	-0.495361	81.140911	-73.876990	83.914270
04145		8.497756	3.541917	-0.744655	-0.863643	-0.302936	0.200260	-0.563721	0.271973	-0.499756	81.187872	-74.017429	83.353551
04146		8.409137	3.379819	-0.935222	-0.925069	-0.331659	0.211300	-0.564697	0.279297	-0.491699	81.245693	-74.161961	82.743232
04147		8.395943	3.234524	-0.971588	-0.978679	-0.334643	0.236701	-0.569580	0.282959	-0.488037	81.290738	-74.325513	82.116845
04148		8.455519	3.203725	-0.954361	-1.026504	-0.324451	0.249845	-0.571045	0.292480	-0.479492	81.277296	-74.491053	81.521159
04149		8.568526	3.198966	-0.935267	-1.078011	-0.359101	0.266384	-0.568115	0.297607	-0.477051	81.320567	-74.673446	80.838607
04150		8.631242	3.245141	-1.148909	-1.102982	-0.389367	0.276898	-0.582031	0.310791	-0.471436	81.405011	-74.859691	80.097115
04151		8.647830	3.271264	-1.342354	-1.098803	-0.384828	0.310914	-0.581055	0.306152	-0.457520	81.495854	-75.069027	79.354207
04152		8.690625	3.336888	-1.313537	-1.073423	-0.344408	0.353471	-0.579102	0.315918	-0.451416	81.499406	-75.294403	78.715389
04153		8.738387	3.482989	-1.060392	-1.057055	-0.316563	0.394427	-0.573486	0.325928	-0.448486	81.462089	-75.545163	78.131181
04154		8.831123	3.692162	-0.985963	-1.064903	-0.298618	0.428400	-0.577637	0.333008	-0.443359	81.365187	-75.809291	77.602557
04155		8.886021	3.879884	-1.019968	-1.079816	-0.302241	0.453242	-0.576904	0.336426	-0.442139	81.281649	-76.092529	77.053931
04156		8.822764	4.052325	-0.951202	-1.095443	-0.307834	0.473963	-0.577637	0.348389	-0.432861	81.191007	-76.383595	76.502172
04157		9.144615	4.274130	-0.262600	-1.201511	-0.287697	0.491577	-0.580811	0.354492	-0.425293	81.008590	-76.687761	75.984893
04158		9.596406	4.251188	0.858249	-1.288674	-0.281479	0.486040	-0.577393	0.366943	-0.417969	80.756454	-76.983952	75.486674
04159		10.177844	3.769265	1.572771	-1.306528	-0.401698	0.443649	-0.575928	0.378662	-0.402100	80.832148	-77.272102	74.644159
04160		10.739166	3.123142	1.593271	-1.169163	-0.553153	0.340457	-0.572998	0.374268	-0.395020	81.420366	-77.509309	73.356039
04161		11.228293	2.528775	1.467291	-1.000163	-0.653243	0.230364	-0.583496	0.391602	-0.385742	82.457096	-77.692881	71.710826
04162		11.298653	2.120408	1.786592	-1.051057	-0.646985	0.180539	-0.580078	0.388428	-0.378662	83.483876	-77.836599	70.044983
04163		11.035207	1.907651	1.649015	-1.284643	-0.611926	0.152177	-0.584717	0.397949	-0.370117	84.339236	-77.960840	68.420415
04164		10.812653	2.014453	0.644882	-1.343674	-0.562851	0.083709	-0.589600	0.407715	-0.364258	85.047465	-78.034323	66.910230
04165		10.941798	2.223538	-0.555940	-1.096879	-0.509885	-0.038568	-0.595703	0.410645	-0.360840	85.810094	-78.035892	65.491244
04166		11.421769	2.646966	-0.962220	-0.671394	-0.547156	-0.160353	-0.594971	0.412842	-0.344727	86.912201	-77.960200	63.972159
04167		11.768758	2.900662	-0.000221	-0.379536	-0.613202	-0.256093	-0.588135	0.412598	-0.343506	88.368181	-77.828311	62.263668
04168		11.786680	2.713843	0.062173	-0.233294	-0.558716	-0.295369	-0.606934	0.407959	-0.340820	89.708438	-77.660736	60.756264
04169		11.330732	2.016635	-0.232743	0.012313	-0.657178	-0.322696	-0.604004	0.402588	-0.331299	91.423471	-77.472318	59.010281
04170		10.825488	1.586114	-0.408706	0.186911	-0.752939	-0.316871	-0.606689	0.396240	-0.329102	93.407014	-77.269225	57.088151
04171		9.931375	1.679124	-1.190662	0.328823	-0.798819	-0.269265	-0.613770	0.395508	-0.327881	95.555143	-77.079753	55.081302
04172		9.305954	1.785239	-1.767585	0.439616	-0.710506	-0.216932	-0.617432	0.386475	-0.315674	97.483679	-76.906843	53.361320
04173		8.931629	1.849377	-1.282791	0.410120	-0.531929	-0.207143	-0.627441	0.391113	-0.324463	98.943191	-76.745867	52.106712
04174		8.468500	1.904075	-0.024640	0.248394	-0.361512	-0.213856	-0.623291	0.385986	-0.316162	99.850554	-76.588144	51.321299
04175		8.803909	1.901075	1.029890	0.041112	-0.286506	-0.261028	-0.630371	0.384766	-0.319824	100.445492	-76.412001	50.736700
04176		9.123743	1.898892	1.776297	-0.157186	-0.210143	-0.354368	-0.635986	0.384277	-0.321533	100.675323	-76.187431	50.408210
04177		9.804869	1.491574	2.253923	-0.230500	-0.162230	-0.434216	-0.627930	0.381104	-0.312988	100.732906	-75.925696	50.215826
04178		10.450785	0.943588	2.536316	-0.255085	-0.150905	-0.496201	-0.637451	0.374512	-0.304443	100.699791	-75.627530	50.099883
04179		11.024176	0.473760	2.605935	-0.271142	-0.157136	-0.536735	-0.635742	0.370117	-0.311523	100.673438	-75.308631	49.969652
04180		11.365859	0.218963	2.535806	-0.286609	-0.196005	-0.501735	-0.638184	0.371338	-0.317383	100.710264	-75.002890	49.762240
04181		11.250702	-0.011080	2.525873	-0.304852	-0.210691	-0.401965	-0.644043	0.362549	-0.302979	100.822750	-74.754070	49.467828
04182		10.941914	-0.020053	2.687483	-0.332174	-0.239006	-0.272178	-0.654541	0.367432	-0.304199	101.000373	-74.573047	49.086799
04183		10.558995	0.145456	2.717150	-0.348350	-0.265706	-0.142806	-0.659912	0.364502	-0.294189	101.290338	-74.463319	48.581858
04184		10.016506	0.167096	2.476047	-0.307384	-0.270090	-0.005022	-0.653076	0.369629	-0.296875	101.641377	-74.428244	48.035104
04185		9.567137	-0.034878	1.919425	-0.198628	-0.246544	0.135186	-0.651611	0.364502	-0.286865	102.089032	-74.474965	47.455363
04186		9.509908	-0.275524	1.437825	-0.061200	-0.210179	0.275019	-0.651367	0.363525	-0.293945	102.584236	-74.602153	46.905606
04187		9.586961	-0.422392	1.025910	0.076021	-0.139560	0.393681	-0.647705	0.369385	-0.295654	103.103604	-74.804241	46.415362
04188		9.614250	-0.412260	0.864529	0.205023	-0.048960	0.493152	-0.648438	0.373535	-0.282959	103.546739	-75.072158	46.078617
04189		9.683902	-0.360163	0.799888	0.310564	0.058142	0.560498	-0.644775	0.379150	-0.294678	103.898515	-75.391960	45.901878
04190		10.038499	-0.283060	0.871292	0.421646	0.144340	0.634222	-0.644043	0.373779	-0.292480	104.151668	-75.764377	45.890539
04191		10.199353	-0.341597	0.942672	0.506944	0.206038	0.686488	-0.645752	0.376221	-0.303955	104.380015	-76.174579	45.957586
04192		10.642533	-0.352720	1.036208	0.559851	0.201860	0.725817	-0.635986	0.382813	-0.306885	104.648295	-76.606303	46.012350
04193		10.693598	-0.571796	1.056514	0.639384	0.107180	0.763831	-0.635010	0.383545	-0.304932	105.251687	-77.044873	45.771908
04194		10.664721	-0.699304	0.976770	0.695583	0.139777	0.803260	-0.627197	0.391113	-0.308350	105.832209	-77.510292	45.586235
04195		10.132721	-0.609940	0.712036	0.783307	0.129607	0.803398	-0.631836	0.385498	-0.307617	106.552169	-77.972925	45.311759
04196		9.656889	-0.566222	0.393775	0.913344	0.189234	0.778068	-0.621094	0.397949	-0.313477	107.173212	-78.431944	45.212954
04197		9.144520	-0.377677	0.423214	0.985636	0.273141	0.721662	-0.618408	0.383789	-0.325684	107.618821	-78.873147	45.337443
04198		8.852736	-0.206544	0.453690	1.016652	0.334563	0.645413	-0.614502	0.397949	-0.328369	107.811189	-79.284919	45.735961
04199		8.944444	-0.070507	0.377644	1.028895	0.393607	0.567945	-0.619385	0.400391	-0.343262	107.789979	-79.663534	46.360121
04200		9.097217	-0.073694	0.392316	1.024393	0.454236	0.497477	-0.602783	0.388184	-0.347412	107.444767	-80.015242	47.308430
04201		9.344478	0.103338	0.518546	0.992668	0.491854	0.444963	-0.607422	0.388672	-0.356934	106.903071	-80.341897	48.438374
04202		9.371347	0.181968	0.488775	0.998439	0.525819	0.424820	-0.602783	0.396973	-0.368652	106.130085	-80.662130	49.803523
04203		9.503088	0.518732	0.388442	1.034874	0.506989	0.396661	-0.594238	0.388428	-0.369385	105.386908	-80.959649	51.159978
04204		9.659214	0.796687	0.218823	1.083978	0.434722	0.380684	-0.592529	0.387207	-0.379395	104.800089	-81.236190	52.384080
04205		9.298154	1.299963	0.017845	1.134005	0.421595	0.377345	-0.585693	0.385742	-0.378662	104.277708	-81.506030	53.572583
04206		9.201507	1.701741	0.286564	1.103333	0.415548	0.378143	-0.586426	0.378174	-0.392578	103.655330	-81.774607	54.842139
04207		9.061898	1.857662	0.160791	1.022710	0.370189	0.377802	-0.578613	0.379883	-0.397949	103.155195	-82.034291	55.942139
04208		9.090604	1.608065	0.056774	0.958955	0.352328	0.331005	-0.582031	0.372070	-0.402100	102.541712	-82.264623	57.117662
04209		9.288751	1.477774	0.000763	0.866249	0.366833	0.274628	-0.569336	0.381104	-0.415527	101.764735	-82.462666	58.405315
04210		9.481636	1.303075	-0.040966	0.786858	0.375849	0.208942	-0.578125	0.376953	-0.422119	100.736463	-82.622310	59.898676
04211		9.400085	1.105935	0.048658	0.724546	0.384501	0.145040	-0.568604	0.371582	-0.425537	99.589612	-82.742993	61.476444
04212		9.430551	0.863813	0.182113	0.671632	0.431232	0.065871	-0.570313	0.367676	-0.429199	98.046996	-82.818013	63.420952
04213		9.456756	0.734171	0.467613	0.611037	0.427089	-0.003167	-0.563965	0.359375	-0.437500	96.477605	-82.847216	65.358514
04214		9.517175	0.680177	0.483746	0.624248	0.377161	-0.048781	-0.568604	0.362305	-0.435791	95.054285	-82.840582	67.155174
04215		9.395374	0.484119	0.436925	0.680408	0.314686	-0.069500	-0.571533	0.356689	-0.438232	94.003446	-82.815245	68.610177
04216		9.285967	0.312532	0.270381	0.760362	0.276661	-0.079218	-0.566650	0.348389	-0.445557	93.119201	-82.778999	69.942273
04217		9.019826	0.112756	0.254790	0.851832	0.245729	-0.083832	-0.558105	0.345215	-0.449463	92.494616	-82.738078	71.066826
04218		8.589939	-0.038646	0.271238	0.957580	0.214981	-0.095340	-0.567871	0.344238	-0.455566	92.018878	-82.687411	72.101281
04219		8.477475	0.053832	0.372972	1.021940	0.190995	-0.094818	-0.565674	0.327637	-0.467285	91.753618	-82.636895	72.962053
04220		8.762066	0.329304	0.239248	1.056234	0.190778	-0.081029	-0.564941	0.327637	-0.476807	91.461467	-82.592538	73.868630
04221		8.690605	0.444878	0.149214	1.119521	0.185253	-0.076464	-0.563721	0.323730	-0.466553	91.293236	-82.551482	74.688112
04222		9.065512	0.572178	-0.105629	1.171391	0.182258	-0.057689	-0.562500	0.311035	-0.483887	91.118699	-82.519513	75.542787
04223		9.033437	0.537667	-0.236609	1.206214	0.167179	-0.042867	-0.556396	0.309814	-0.482666	91.090186	-82.497000	76.271565
04224		9.281391	0.598555	-0.457334	1.227845	0.125625	-0.017337	-0.572266	0.305420	-0.492920	91.203441	-82.487288	76.868695
04225		9.096772	0.528384	-0.714305	1.254999	0.098621	0.002072	-0.556396	0.299072	-0.492676	91.506499	-82.490004	77.291259
04226		9.207871	0.580624	-0.886326	1.241692	0.068291	-0.003679	-0.558838	0.292480	-0.503906	91.879087	-82.487792	77.634848
04227		9.257873	0.691698	-0.972523	1.198398	0.060650	-0.006183	-0.557373	0.283936	-0.495605	92.313655	-82.485701	77.892055
04228		9.334639	0.802473	-0.908431	1.164156	0.041267	-0.020717	-0.561279	0.272461	-0.509033	92.757209	-82.473618	78.119292
04229		9.397957	0.714344	-0.832172	1.126073	0.008011	-0.025475	-0.558838	0.267578	-0.514160	93.374061	-82.459444	78.150839
04230		9.706987	0.680528	-0.764560	1.081392	0.009698	-0.038322	-0.559082	0.261963	-0.520264	93.901977	-82.436620	78.245189
04231		9.810696	0.625933	-0.740678	1.047263	0.007656	-0.052497	-0.564697	0.261719	-0.517334	94.464828	-82.407075	78.285664
04232		9.885043	0.495383	-0.591645	1.050785	-0.013487	-0.072257	-0.546631	0.249512	-0.528076	95.060669	-82.363961	78.293823
04233		9.941173	0.435749	-0.542851	1.076696	-0.020837	-0.098602	-0.564209	0.246094	-0.532471	95.738489	-82.306700	78.235317
04234		9.753210	0.431250	-0.552733	1.102542	-0.051823	-0.121365	-0.554443	0.239746	-0.529297	96.496220	-82.233270	78.110050
04235		9.657539	0.428404	-0.605094	1.097948	-0.086155	-0.137757	-0.565430	0.226563	-0.532959	97.424794	-82.149014	77.810713
04236		9.547316	0.519410	-0.691391	1.078794	-0.070788	-0.145953	-0.559570	0.226318	-0.532227	98.215199	-82.059642	77.638682
04237		9.539593	0.481930	-0.853182	1.105330	-0.055870	-0.137704	-0.560791	0.215332	-0.540527	99.001776	-81.976878	77.486877
04238		9.571673	0.352990	-0.903408	1.142530	-0.017149	-0.132152	-0.562988	0.208252	-0.537598	99.604559	-81.899653	77.541165
04239		9.514773	0.176462	-0.944643	1.188705	0.025888	-0.123720	-0.561279	0.200684	-0.540039	100.110089	-81.832363	77.721461
04240		9.401986	0.197132	-0.816563	1.196847	0.048864	-0.117495	-0.559814	0.182129	-0.549561	100.488842	-81.770274	78.033580
04241		9.239440	0.362036	-0.794724	1.181985	0.048692	-0.115296	-0.564209	0.185547	-0.549316	100.904230	-81.710532	78.301130
04242		9.193491	0.540520	-0.836279	1.164855	0.023026	-0.113261	-0.565918	0.166504	-0.556885	101.366499	-81.648594	78.510442
04243		9.142981	0.681248	-0.951132	1.128246	0.006471	-0.129177	-0.561279	0.163086	-0.554199	101.898428	-81.576821	78.629155
04244		9.154394	0.739794	-1.054282	1.097265	-0.006456	-0.140203	-0.562744	0.160156	-0.557129	102.408224	-81.496722	78.751354
04245		9.147418	0.682500	-1.117923	1.076047	-0.025703	-0.169461	-0.562256	0.150146	-0.552490	102.989528	-81.398716	78.789943
04246		9.159253	0.579045	-1.164276	1.053667	-0.063918	-0.195645	-0.561523	0.135986	-0.561035	103.629904	-81.280435	78.754858
04247		9.250760	0.422182	-1.336626	1.026901	-0.101112	-0.221187	-0.568848	0.137451	-0.561279	104.394315	-81.143370	78.579697
04248		9.197105	0.289168	-1.488204	1.006142	-0.123749	-0.239191	-0.568848	0.130615	-0.564453	105.158644	-80.992086	78.391560
04249		9.291161	0.152366	-1.489985	1.025416	-0.150738	-0.254955	-0.566406	0.125732	-0.562256	106.031301	-80.828053	78.105770
04250		9.595610	0.101864	-1.205767	1.068261	-0.132589	-0.270780	-0.568604	0.120850	-0.563965	106.797721	-80.657201	77.951417
04251		9.954417	0.165765	-1.107506	1.102789	-0.142974	-0.275553	-0.578369	0.110840	-0.572510	107.629729	-80.482003	77.751493
04252		10.430495	0.642006	-0.712009	1.043514	-0.175224	-0.229401	-0.575439	0.098389	-0.561768	108.528944	-80.325488	77.447944
04253		10.991749	1.354696	-0.338640	0.892272	-0.240223	-0.191026	-0.572754	0.087891	-0.558594	109.599341	-80.176896	76.883567
04254		11.548333	2.263236	-0.179498	0.735059	-0.296258	-0.135660	-0.577881	0.086914	-0.561523	110.759637	-80.045111	76.135332
04255		12.079552	3.234971	0.089146	0.539042	-0.330404	-0.098424	-0.572510	0.071533	-0.563965	111.960290	-79.923401	75.232708
04256		12.403512	4.215880	0.347447	0.272612	-0.322795	-0.065087	-0.585693	0.075928	-0.555176	112.972263	-79.818043	74.365381
04257		12.789192	5.225175	0.326231	-0.076674	-0.436305	0.002363	-0.586914	0.079346	-0.561279	114.210220	-79.718948	73.065764
04258		13.003878	5.992638	0.107188	-0.515511	-0.566184	0.090279	-0.582275	0.080078	-0.556641	115.627011	-79.628903	71.327323
04259		12.860969	6.028092	0.309352	-0.913598	-0.536272	0.182595	-0.593018	0.086914	-0.539795	116.868006	-79.586505	69.536435
04260		11.911174	4.739417	0.497123	-1.119097	-0.527678	0.263677	-0.593506	0.090332	-0.537109	118.041138	-79.580844	67.693483
04261		10.662892	2.386660	0.798412	-1.013748	-0.545446	0.290797	-0.588623	0.095947	-0.534180	119.395209	-79.576408	65.729112
04262		9.849960	-0.166619	1.131374	-0.590262	-0.533472	0.171287	-0.599609	0.096924	-0.538574	120.731101	-79.508143	64.028457
04263		9.733739	-1.955656	1.577695	0.066202	-0.618603	-0.032810	-0.598633	0.102295	-0.520264	122.340948	-79.306273	62.432280
04264		10.196681	-2.802038	1.182658	0.545049	-0.738711	-0.247262	-0.601807	0.090576	-0.522217	124.068985	-78.956582	60.992399
04265		10.611618	-2.876134	0.373595	0.683400	-0.735224	-0.395594	-0.614990	0.090820	-0.513428	125.556697	-78.529466	59.877749
04266		10.618829	-2.280399	0.042369	0.672662	-0.591607	-0.434357	-0.618652	0.084717	-0.516357	126.538082	-78.130240	59.270950
04267		10.208290	-1.205196	0.228359	0.691717	-0.394302	-0.375643	-0.622803	0.068848	-0.506348	127.185023	-77.821962	59.017715
04268		9.464426	-0.083352	0.663694	0.814395	-0.220799	-0.267394	-0.613525	0.062500	-0.505371	127.665511	-77.625381	59.005306
04269		8.761016	0.785258	0.887134	0.981760	-0.128650	-0.131229	-0.619141	0.065918	-0.513184	128.289654	-77.520180	58.945197
04270		8.196022	1.393695	1.013898	1.070130	0.003959	0.010707	-0.618408	0.042725	-0.510498	128.892030	-77.528624	58.957997
04271		7.780943	1.838435	1.377861	1.071427	0.182532	0.147388	-0.624023	0.045166	-0.515869	129.387365	-77.659538	59.082385
04272		7.582263	2.435803	1.703648	0.987603	0.324862	0.252334	-0.611572	0.043701	-0.517578	129.693764	-77.891871	59.349614
04273		7.697972	3.171533	1.737130	0.874538	0.438073	0.307609	-0.609375	0.039063	-0.521729	129.824134	-78.187279	59.731544
04274		8.068654	3.989952	1.726193	0.782368	0.515913	0.309468	-0.603271	0.035645	-0.527832	129.695102	-78.514957	60.322695
04275		8.725991	4.586107	1.798697	0.709690	0.517828	0.250649	-0.612793	0.029297	-0.535645	129.425288	-78.814035	61.015581
04276		9.291959	4.871395	1.802773	0.565707	0.503510	0.178213	-0.609131	0.029053	-0.527344	128.904850	-79.077487	61.877751
04277		9.624468	4.617621	1.769304	0.374509	0.414597	0.104556	-0.604492	0.028320	-0.530273	128.353177	-79.271998	62.660871
04278		9.506262	3.943844	1.826313	0.198987	0.322523	0.036696	-0.597656	0.031982	-0.530518	127.728651	-79.404213	63.413922
04279		9.504746	3.178650	1.931029	0.075640	0.281253	-0.004214	-0.597168	0.020996	-0.541504	127.085557	-79.499625	64.115139
04280		9.765260	2.501552	1.504832	-0.032297	0.154356	-0.103921	-0.593994	0.025391	-0.543945	126.454623	-79.506482	64.739446
04281		10.150163	2.129813	0.472871	-0.102521	-0.110409	-0.233599	-0.595215	0.024170	-0.535156	126.252615	-79.360646	64.888171
04282		10.367445	1.821991	-0.040189	-0.100135	-0.196969	-0.371294	-0.600098	0.021240	-0.533447	125.976883	-79.123883	65.111799
04283		10.070948	1.656236	-0.278330	-0.081080	-0.216429	-0.457022	-0.614502	0.019043	-0.538330	125.668429	-78.838452	65.381708
04284		9.810778	1.661977	-0.471058	-0.051600	-0.244146	-0.499583	-0.601807	0.011230	-0.530029	125.340455	-78.525786	65.687296
04285		9.695149	1.876411	-0.640527	-0.002335	-0.195176	-0.522544	-0.607178	0.010010	-0.532959	124.954347	-78.216079	66.083126
04286		9.675110	2.162908	-0.642219	0.021229	-0.122636	-0.518532	-0.610352	0.006836	-0.527588	124.404547	-77.933281	66.658638
04287		9.541958	2.339517	-0.729483	0.030867	-0.089837	-0.491355	-0.598145	0.007080	-0.531006	123.896394	-77.670901	67.199623
04288		9.597910	2.421938	-0.805897	0.022753	-0.055447	-0.453045	-0.606445	-0.005127	-0.521729	123.344043	-77.438467	67.779662
04289		9.433066	2.488581	-0.815151	-0.008135	0.018683	-0.413141	-0.596191	-0.006592	-0.528320	122.732841	-77.245385	68.404318
04290		9.592643	2.491347	-0.665908	-0.017433	0.033797	-0.372272	-0.606934	-0.004395	-0.525879	122.116019	-77.076808	69.027671
04291		9.530738	2.552661	-0.515724	-0.045786	0.064514	-0.355679	-0.607178	-0.016602	-0.529785	121.496450	-76.922647	69.639626
04292		9.669954	2.746792	-0.585726	-0.040648	0.066781	-0.343424	-0.604736	-0.010986	-0.526123	120.864122	-76.774983	70.265945
04293		9.561837	2.768564	-0.548415	-0.035579	0.125654	-0.326245	-0.599121	-0.018555	-0.528320	120.186978	-76.650103	70.943784
04294		9.248000	2.742262	-0.289592	-0.043861	0.195516	-0.296478	-0.601807	-0.020264	-0.527100	119.366553	-76.558905	71.762122
04295		9.017082	2.684588	0.087911	-0.039022	0.160811	-0.261187	-0.604492	-0.015137	-0.535156	118.713165	-76.472397	72.414059
04296		8.800538	2.790512	0.208732	-0.076198	0.168048	-0.226293	-0.603271	-0.019775	-0.529541	118.029873	-76.404441	73.072772
04297		8.640059	2.811445	0.234240	-0.142766	0.180578	-0.193668	-0.608398	-0.017578	-0.532471	117.364997	-76.353913	73.675742
04298		8.537004	2.929319	0.113546	-0.228319	0.175148	-0.175505	-0.602051	-0.023926	-0.532471	116.645259	-76.310044	74.282491
04299		8.329368	3.096196	-0.131855	-0.335870	0.170176	-0.156994	-0.602783	-0.025391	-0.537842	115.938968	-76.272247	74.814432
04300		8.164841	3.221962	-0.462549	-0.428470	0.173516	-0.143242	-0.595215	-0.022949	-0.537354	115.148087	-76.240972	75.376498
04301		8.149327	3.371812	-0.573041	-0.518132	0.214012	-0.138878	-0.595215	-0.017822	-0.538086	114.268800	-76.219634	75.979172
04302		8.337551	3.454114	-0.379888	-0.577243	0.252669	-0.146436	-0.595459	-0.007813	-0.533203	113.226324	-76.200696	76.712596
04303		8.629433	3.390697	-0.247436	-0.635195	0.252227	-0.149564	-0.591309	-0.020508	-0.531494	112.193391	-76.177174	77.404529
04304		8.879067	3.255183	-0.202598	-0.698637	0.235017	-0.147023	-0.592285	-0.010498	-0.536865	111.124369	-76.147778	78.093763
04305		9.080094	2.995557	-0.237328	-0.755053	0.192894	-0.131403	-0.601074	-0.008545	-0.541748	110.173212	-76.116079	78.630899
04306		9.287077	2.655637	-0.382951	-0.786593	0.130391	-0.107639	-0.592041	-0.001465	-0.541260	109.319658	-76.082213	79.046400
04307		9.092417	2.346691	-0.608532	-0.812806	0.070728	-0.061787	-0.592041	0.000732	-0.540771	108.660890	-76.061741	79.248337
04308		9.179337	2.035121	-0.770198	-0.825179	0.077133	-0.022316	-0.592041	0.002197	-0.536377	107.968392	-76.062336	79.475175
04309		8.784305	1.838722	-0.807191	-0.808528	0.088171	0.010488	-0.591797	0.006348	-0.547607	107.326272	-76.083222	79.662484
04310		8.540433	1.656649	-0.702202	-0.753506	0.097333	0.053285	-0.592773	0.013672	-0.537842	106.680778	-76.127551	79.883189
04311		8.529355	1.553953	-0.571354	-0.692261	0.106412	0.086942	-0.583252	0.017334	-0.545898	106.111769	-76.192420	80.063739
04312		8.558712	1.552872	-0.375605	-0.629449	0.125253	0.114917	-0.587646	0.018311	-0.547852	105.508201	-76.274159	80.314382
04313		8.672335	1.659956	-0.231333	-0.553590	0.141932	0.147072	-0.590332	0.019775	-0.541992	104.967598	-76.376733	80.547340
04314		8.932241	1.789313	-0.135379	-0.495196	0.143488	0.169783	-0.588135	0.028076	-0.539307	104.421871	-76.490526	80.817448
04315		9.200505	1.969005	-0.046671	-0.447050	0.139179	0.175447	-0.588135	0.031006	-0.541504	103.953636	-76.607449	81.038541
04316		9.336540	2.120205	-0.039696	-0.373931	0.121542	0.191155	-0.579590	0.035400	-0.543457	103.528351	-76.729212	81.256055
04317		9.558422	2.222453	0.023085	-0.293444	0.085957	0.162938	-0.580322	0.045410	-0.537354	103.256550	-76.831373	81.365562
04318		9.553659	2.174484	0.029548	-0.240829	0.046063	0.147622	-0.581055	0.035156	-0.534912	103.054844	-76.918564	81.431656
04319		9.509045	2.066255	0.028210	-0.249662	0.039480	0.137420	-0.592041	0.048584	-0.548096	102.901285	-77.000314	81.445460
04320		9.223249	2.029983	-0.134736	-0.263091	0.030253	0.134504	-0.586182	0.040771	-0.536133	102.714655	-77.078149	81.482975
04321		8.970389	2.107554	-0.262105	-0.241673	0.008886	0.118899	-0.587402	0.040039	-0.541260	102.628167	-77.145683	81.432662
04322		8.834685	2.330079	-0.440973	-0.227995	-0.031399	0.097619	-0.587646	0.049072	-0.536865	102.591183	-77.195210	81.337328
04323		8.806640	2.521644	-0.583384	-0.248517	-0.047693	0.062592	-0.585938	0.045654	-0.541016	102.609151	-77.224202	81.175900
04324		8.771427	2.766846	-0.693069	-0.298232	-0.070369	0.032197	-0.587402	0.050537	-0.529297	102.592528	-77.232268	81.018460
04325		8.773074	2.993920	-0.835001	-0.361863	-0.095870	0.014169	-0.588623	0.047607	-0.532715	102.637967	-77.228148	80.762288
04326		8.911589	3.197074	-1.016894	-0.454537	-0.122083	-0.000869	-0.581299	0.053223	-0.528564	102.641116	-77.211161	80.492738
04327		8.996279	3.379400	-1.098833	-0.539527	-0.164987	-0.013569	-0.588379	0.059570	-0.529541	102.738710	-77.182763	80.078659
04328		9.207188	3.422387	-1.268817	-0.629757	-0.192168	-0.003615	-0.595459	0.055908	-0.520264	102.810960	-77.155137	79.635215
04329		9.431941	3.346438	-1.401879	-0.732821	-0.216901	0.021611	-0.583008	0.067627	-0.530029	102.942561	-77.139461	79.072577
04330		9.339551	3.243322	-1.536120	-0.817783	-0.254764	0.060956	-0.591553	0.069336	-0.519043	103.095555	-77.139326	78.435762
04331		9.476119	3.308117	-1.868842	-0.905490	-0.299190	0.103697	-0.590332	0.070068	-0.515625	103.376219	-77.157853	77.618760
04332		9.397918	3.253730	-2.068370	-0.989934	-0.290600	0.166824	-0.593262	0.076416	-0.513672	103.583422	-77.210764	76.825340
04333		9.317944	3.284698	-2.163098	-1.068967	-0.304452	0.225956	-0.591553	0.090820	-0.514160	103.864240	-77.295079	75.912485
04334		9.196808	3.338763	-2.160066	-1.133779	-0.301508	0.263511	-0.598389	0.092773	-0.500977	104.088862	-77.398704	75.017312
04335		8.969338	3.369529	-2.302642	-1.203650	-0.339943	0.288751	-0.601318	0.109619	-0.500000	104.439264	-77.510978	73.954839
04336		8.948837	3.250283	-2.369197	-1.262239	-0.379296	0.306384	-0.602783	0.115234	-0.499512	104.836442	-77.624822	72.808434
04337		9.085218	3.038592	-2.463451	-1.294429	-0.391738	0.312521	-0.605469	0.125244	-0.496338	105.309187	-77.739263	71.568427
04338		9.183806	2.912407	-2.559230	-1.302242	-0.397774	0.320385	-0.603516	0.119629	-0.487305	105.771485	-77.854105	70.333023
04339		9.261662	2.612658	-2.627848	-1.284523	-0.377821	0.343345	-0.608643	0.136719	-0.483643	106.270020	-77.983330	69.073552
04340		9.292503	2.297270	-2.677392	-1.238350	-0.370798	0.360141	-0.600586	0.145508	-0.464600	106.766471	-78.119971	67.841922
04341		9.567349	1.934034	-2.279372	-1.199107	-0.330473	0.391483	-0.605957	0.156982	-0.471924	107.269164	-78.278904	66.629504
04342		9.920196	1.450045	-1.505654	-1.148117	-0.257289	0.407151	-0.607666	0.158936	-0.459961	107.600683	-78.456734	65.620571
04343		10.770069	0.918698	-1.564568	-1.000708	-0.270343	0.377714	-0.606934	0.172119	-0.461914	108.090435	-78.615116	64.538811
04344		11.967875	0.025883	-1.663735	-0.675257	-0.224343	0.297618	-0.604004	0.173096	-0.455811	108.547121	-78.736382	63.679729
04345		13.111952	-0.930902	-1.468878	-0.296236	-0.155676	0.192738	-0.609863	0.183838	-0.452881	108.991093	-78.812064	63.057048
04346		13.668697	-1.740898	-1.133376	-0.016199	-0.056084	0.102405	-0.618652	0.175293	-0.440918	109.200489	-78.857280	62.835499
04347		13.849366	-2.005567	-0.430181	0.215224	0.122192	0.007508	-0.607666	0.179932	-0.443359	109.003883	-78.884071	63.164542
04348		13.707645	-1.671277	0.831561	0.425384	0.306371	-0.095287	-0.611328	0.173340	-0.452148	108.280643	-78.889259	64.151419
04349		13.040951	-1.023641	1.808536	0.509377	0.338928	-0.219653	-0.607666	0.172119	-0.450195	107.447136	-78.828883	65.301382
04350		12.057830	-0.084933	1.920547	0.623432	0.209315	-0.317865	-0.610840	0.170166	-0.466309	106.925360	-78.691501	66.198960
04351		10.953621	0.981228	1.774354	0.738800	0.019648	-0.374840	-0.606689	0.154785	-0.460938	106.993967	-78.489217	66.563799
04352		10.112998	2.198655	1.658922	0.695118	-0.223298	-0.369071	-0.615967	0.147217	-0.458252	107.647991	-78.250679	66.304009
04353		9.511688	3.403723	1.455155	0.482371	-0.443481	-0.316873	-0.612305	0.143555	-0.458252	108.810821	-77.998575	65.401174
04354		9.154223	4.290040	0.789690	0.289549	-0.485231	-0.213464	-0.609131	0.153564	-0.453125	109.978392	-77.792459	64.377922
04355		8.824348	4.544646	0.621059	0.164274	-0.285914	-0.074711	-0.617432	0.141113	-0.447998	110.719639	-77.695145	63.718710
04356		8.358026	4.428500	0.814961	-0.049740	-0.173263	0.041037	-0.620850	0.144531	-0.448486	111.122179	-77.683121	63.278624
04357		8.263375	4.308052	1.344367	-0.296415	-0.100768	0.084425	-0.617432	0.147217	-0.445801	111.287896	-77.707104	62.938188
04358		8.072439	4.032154	1.910969	-0.488840	-0.060942	0.049139	-0.622314	0.145264	-0.438232	111.170146	-77.721978	62.773069
04359		7.986801	3.382276	1.923000	-0.631196	-0.043287	-0.049335	-0.619385	0.150146	-0.436279	110.876763	-77.686469	62.706205
04360		8.133694	2.440590	1.915178	-0.678014	-0.006783	-0.158094	-0.616699	0.147461	-0.433594	110.323720	-77.601455	62.875586
04361		8.550476	1.284298	2.064607	-0.698078	0.074575	-0.239594	-0.624023	0.147461	-0.439453	109.538559	-77.486763	63.273069
04362		8.967574	0.108566	2.273431	-0.724810	0.131893	-0.300070	-0.610352	0.160156	-0.443604	108.515470	-77.350014	63.896624
04363		9.256445	-0.767990	2.358749	-0.766727	0.172519	-0.333739	-0.621826	0.153564	-0.438965	107.407115	-77.198434	64.585533
04364		9.213188	-1.179772	2.353029	-0.807030	0.174716	-0.348056	-0.622314	0.158691	-0.435059	106.236393	-77.037921	65.312839
04365		8.981290	-1.160339	2.179170	-0.806582	0.184543	-0.318466	-0.618164	0.161621	-0.430908	105.129836	-76.890716	65.977316
04366		8.684723	-0.878256	2.021472	-0.738987	0.187884	-0.254522	-0.614258	0.159912	-0.433838	104.066644	-76.778495	66.634964
04367		8.961881	-0.278447	1.943370	-0.673291	0.186164	-0.181471	-0.621582	0.163086	-0.429443	103.145365	-76.702464	67.188159
04368		9.066202	0.347946	1.968464	-0.619946	0.198751	-0.109520	-0.622559	0.173828	-0.434814	102.224560	-76.668297	67.769902
04369		9.008711	0.745537	2.262870	-0.578192	0.190100	-0.030480	-0.613037	0.173340	-0.435303	101.436427	-76.673507	68.242419
04370		9.575559	1.295542	2.092595	-0.568948	0.204729	0.023273	-0.615967	0.177490	-0.432861	100.595128	-76.711190	68.772405
04371		10.056413	1.788804	1.454281	-0.444720	0.136721	0.072053	-0.624268	0.173096	-0.424316	100.052960	-76.765850	69.070657
04372		10.083699	1.813671	1.198279	-0.283759	0.118840	0.098613	-0.622070	0.179443	-0.431396	99.604608	-76.835370	69.364590
04373		10.013779	1.730733	1.322808	-0.235632	0.103298	0.129420	-0.614502	0.175781	-0.432129	99.279651	-76.918252	69.562648
04374		10.121355	1.683601	1.074123	-0.211032	0.004196	0.142490	-0.606445	0.180664	-0.426025	99.162806	-77.001501	69.558870
04375		9.935873	1.582909	0.821067	-0.216995	-0.086062	0.174578	-0.621094	0.179688	-0.429688	99.328324	-77.092335	69.264467
04376		10.088913	1.690150	0.489265	-0.267104	-0.074172	0.200513	-0.608154	0.180420	-0.427979	99.397708	-77.201248	69.036737
04377		9.681244	1.394369	0.197138	-0.237086	-0.067766	0.243646	-0.610840	0.191162	-0.415771	99.541466	-77.332582	68.753099
04378		9.651219	1.348024	0.050647	-0.231947	-0.023632	0.295987	-0.609375	0.187500	-0.419189	99.550133	-77.500241	68.608516
04379		9.786592	1.223639	-0.251747	-0.224577	0.017404	0.326152	-0.613281	0.192627	-0.414795	99.526142	-77.686205	68.504335
04380		9.983582	1.493379	-0.585861	-0.196964	0.102027	0.361354	-0.610352	0.198242	-0.422607	99.257436	-77.902810	68.664341
04381		9.912361	1.413220	-0.551411	-0.141930	0.146733	0.372643	-0.604736	0.199463	-0.422852	98.953066	-78.126966	68.895363
04382		9.734402	1.291787	-0.234274	-0.117222	0.184976	0.360982	-0.609863	0.202637	-0.422852	98.486592	-78.350259	69.303890
04383		9.424160	0.995418	0.082189	-0.110647	0.187077	0.342715	-0.609863	0.198730	-0.427002	98.051224	-78.560047	69.686538
04384		9.476418	0.910514	0.177204	-0.080668	0.171594	0.305694	-0.604736	0.210938	-0.422607	97.589846	-78.749704	70.110706
04385		9.490227	0.804088	0.183289	-0.035417	0.144523	0.258446	-0.602051	0.208252	-0.424072	97.259938	-78.907312	70.429294
04386		9.561288	0.653559	0.286931	0.033710	0.151957	0.218194	-0.599609	0.210205	-0.422363	96.864600	-79.044856	70.852535
04387		9.729286	0.461657	0.252625	0.087602	0.172523	0.187979	-0.591309	0.217529	-0.423340	96.479190	-79.163402	71.299124
04388		9.442473	0.253471	0.282762	0.143971	0.185287	0.166225	-0.595703	0.217285	-0.429443	96.010573	-79.272414	71.860968
04389		9.236593	0.177397	-0.005842	0.216243	0.206683	0.166840	-0.592285	0.209961	-0.428711	95.570115	-79.379573	72.438248
04390		9.062801	0.110318	-0.007106	0.317679	0.229857	0.173827	-0.588867	0.207764	-0.426270	95.045803	-79.493713	73.157625
04391		9.106416	0.040739	0.011319	0.416037	0.241543	0.178751	-0.593994	0.210205	-0.428711	94.592765	-79.607524	73.863680
04392		9.062123	0.054856	0.042727	0.509169	0.241671	0.182072	-0.589111	0.196045	-0.432861	94.116976	-79.724803	74.644769
04393		9.067090	0.155877	0.027692	0.586666	0.256627	0.157355	-0.594238	0.199707	-0.436279	93.683684	-79.824903	75.429595
04394		9.042592	0.372640	-0.120505	0.646723	0.253064	0.097725	-0.590576	0.198242	-0.437012	93.209017	-79.892173	76.289168
04395		8.835202	0.618840	-0.065818	0.696888	0.262202	0.040276	-0.590576	0.197021	-0.441895	92.782093	-79.923236	77.131346
04396		8.654550	0.959484	-0.055071	0.710290	0.267034	-0.022936	-0.583496	0.189697	-0.445313	92.270621	-79.919338	78.065134
04397		8.377830	1.161836	-0.101698	0.701833	0.259699	-0.068985	-0.585693	0.189209	-0.441650	91.839669	-79.885360	78.914294
04398		8.363671	1.288038	-0.262179	0.717473	0.247552	-0.091928	-0.579590	0.193359	-0.453613	91.394664	-79.838925	79.784898
04399		8.349508	1.279704	-0.434925	0.749636	0.230050	-0.102412	-0.577148	0.185303	-0.456787	91.093691	-79.783326	80.530067
04400		8.355194	1.021567	-0.501901	0.799169	0.200760	-0.106045	-0.577148	0.175537	-0.453125	90.855657	-79.726473	81.238193
04401		8.617531	0.842439	-0.393382	0.812905	0.194610	-0.099406	-0.585938	0.174561	-0.460205	90.713418	-79.671264	81.859135
04402		8.828212	0.616905	-0.410257	0.831330	0.180966	-0.095518	-0.581787	0.171387	-0.470947	90.566218	-79.619472	82.493891
04403		8.800103	0.457932	-0.160813	0.863969	0.103812	-0.104439	-0.576416	0.169434	-0.465332	90.743429	-79.560534	82.820001
04404		9.391951	0.601215	-0.336398	0.876139	0.068148	-0.103964	-0.576416	0.165283	-0.468994	90.977646	-79.503331	83.093212
04405		9.700497	0.799710	-0.534909	0.866439	0.112036	-0.101741	-0.572754	0.156006	-0.466064	91.132450	-79.446439	83.443674
04406		9.592706	0.946134	-0.462720	0.895894	0.102838	-0.094743	-0.573730	0.148926	-0.471680	91.273832	-79.395188	83.822932
04407		9.236695	0.904280	-0.248629	0.899419	-0.030905	-0.085430	-0.568115	0.152588	-0.465576	91.885820	-79.345969	83.727573
04408		9.290560	0.945204	-0.354144	0.858634	-0.040107	-0.089589	-0.579102	0.139893	-0.463867	92.440021	-79.295673	83.665132
04409		9.454723	1.031024	-0.465181	0.816316	0.026775	-0.108761	-0.574707	0.133545	-0.469238	92.821304	-79.234303	83.756091
04410		9.632922	1.258799	-0.616861	0.765809	0.008164	-0.119257	-0.578857	0.133301	-0.469238	93.168859	-79.168244	83.849848
04411		9.874157	1.517389	-0.756040	0.719634	0.002439	-0.108657	-0.576904	0.128906	-0.469971	93.564278	-79.106337	83.870047
04412		10.034110	1.690130	-0.855153	0.718304	-0.004437	-0.104450	-0.571777	0.130371	-0.471436	93.922148	-79.048407	83.925617
04413		9.991047	1.666010	-0.983098	0.715454	-0.031185	-0.102095	-0.575684	0.118164	-0.478027	94.411368	-78.988909	83.847833
04414		9.920091	1.397414	-1.214650	0.685800	-0.075235	-0.098804	-0.575928	0.124268	-0.474365	94.955779	-78.930942	83.694404
04415		10.030882	1.155979	-1.213385	0.641021	-0.070016	-0.095527	-0.572754	0.116455	-0.470459	95.510568	-78.872897	83.506310
04416		10.015731	1.046016	-1.282593	0.600863	-0.080231	-0.079180	-0.572266	0.110107	-0.470459	96.020484	-78.825228	83.338402
04417		10.216036	0.896463	-1.303422	0.582596	-0.088307	-0.067130	-0.571289	0.105225	-0.479980	96.596254	-78.781534	83.094733
04418		10.461434	1.034547	-1.197989	0.532109	-0.061684	-0.063746	-0.570068	0.106934	-0.470703	97.014426	-78.743332	82.980178
04419		10.857353	1.258913	-1.082978	0.477406	-0.075173	-0.069935	-0.579346	0.102295	-0.475342	97.486052	-78.698222	82.781178
04420		11.190040	1.596512	-0.825224	0.391806	-0.059118	-0.074850	-0.575195	0.099365	-0.479004	97.809646	-78.653608	82.681083
04421		11.385258	1.892468	-0.308069	0.315583	-0.063917	-0.082880	-0.577881	0.101563	-0.477051	98.147173	-78.601556	82.524227
04422		11.424235	2.183682	0.129539	0.242964	-0.092042	-0.107014	-0.575928	0.094238	-0.469971	98.461664	-78.535756	82.346377
04423		11.449003	2.658207	0.231647	0.205320	-0.141166	-0.137435	-0.576904	0.104248	-0.469727	98.922617	-78.445735	81.999015
04424		11.716677	3.239659	0.373704	0.158803	-0.197232	-0.145148	-0.579346	0.100830	-0.461182	99.453908	-78.348148	81.550474
04425		12.059310	3.664231	0.685807	0.049574	-0.212660	-0.097964	-0.569824	0.089355	-0.472168	100.025832	-78.272234	80.998440
04426		12.279442	3.705046	1.177857	-0.138968	-0.168143	-0.012670	-0.585449	0.097168	-0.461670	100.358173	-78.250592	80.578586
04427		12.113661	3.395403	1.312885	-0.274272	-0.236600	0.082779	-0.574463	0.091797	-0.461426	100.893302	-78.272212	79.874523
04428		11.783881	2.532413	1.660459	-0.224878	-0.382104	0.150491	-0.573975	0.101318	-0.460938	101.843342	-78.316239	78.773604
04429		11.336589	1.204043	1.911228	-0.089332	-0.466229	0.147754	-0.579834	0.101074	-0.452881	103.152425	-78.341044	77.387619
04430		10.782382	0.059201	1.564051	0.148205	-0.552997	0.083400	-0.585693	0.102051	-0.454590	104.741835	-78.314230	75.852209
04431		10.388364	-0.488219	1.269075	0.368742	-0.578665	0.005690	-0.578613	0.105713	-0.444824	106.504291	-78.227964	74.270952
04432		10.003385	-0.586110	1.366362	0.528398	-0.479590	-0.054075	-0.587891	0.095947	-0.450439	107.977650	-78.120936	73.075781
04433		9.426117	-0.411736	1.447937	0.648372	-0.358851	-0.072819	-0.590820	0.093994	-0.441650	109.217199	-78.015645	72.191554
04434		8.844584	-0.042780	1.338879	0.794003	-0.278397	-0.048699	-0.593262	0.097656	-0.443604	110.294575	-77.940151	71.555921
04435		8.374043	0.298220	1.195123	0.973747	-0.195525	0.012144	-0.581787	0.084961	-0.446045	111.362155	-77.906599	71.037725
04436		8.116952	0.654227	1.278047	1.111088	-0.080657	0.099448	-0.590332	0.087891	-0.441162	112.260107	-77.947427	70.771204
04437		7.994703	0.933978	1.343318	1.167672	0.077905	0.212681	-0.583496	0.072998	-0.447510	112.964458	-78.076818	70.738093
04438		7.825760	1.380961	1.544969	1.173118	0.210136	0.309850	-0.590820	0.076904	-0.450439	113.401702	-78.292674	70.978812
04439		7.919806	2.015168	1.680971	1.149175	0.300883	0.379874	-0.583740	0.077393	-0.449219	113.722266	-78.560812	71.326686
04440		8.151960	2.593038	1.781429	1.090397	0.427153	0.416838	-0.584473	0.069824	-0.446289	113.660727	-78.883036	72.027233
04441		8.473642	3.196239	1.883173	0.999572	0.510319	0.422017	-0.575195	0.066650	-0.459229	113.355199	-79.221123	72.924742
04442		8.741091	3.680576	1.901237	0.892787	0.554620	0.401519	-0.573486	0.068115	-0.460938	112.736873	-79.562003	74.074999
04443		8.879241	4.037102	1.943661	0.767926	0.530733	0.358295	-0.568848	0.069092	-0.466797	112.068444	-79.867448	75.204499
04444		8.922671	4.132590	1.989887	0.647981	0.461665	0.308680	-0.561035	0.065186	-0.473633	111.360962	-80.133780	76.300652
04445		9.066865	3.879051	1.814398	0.498578	0.372498	0.250052	-0.566895	0.067627	-0.469727	110.798675	-80.344003	77.164036
04446		9.010170	3.629815	1.671500	0.330915	0.301198	0.206103	-0.566162	0.069824	-0.471680	110.212840	-80.518611	77.951177
04447		9.083398	3.063542	1.562019	0.228413	0.181796	0.146123	-0.561279	0.069824	-0.478271	109.937848	-80.632796	78.365568
04448		9.472956	2.522761	1.340536	0.135969	0.036351	0.041933	-0.561035	0.068359	-0.473145	109.880705	-80.665661	78.503184
04449		9.809259	2.040803	0.970595	0.063893	-0.066140	-0.073154	-0.564209	0.068604	-0.484863	110.057008	-80.613122	78.364580
04450		9.921317	1.782399	0.615043	0.050941	-0.092795	-0.162676	-0.559082	0.067139	-0.484375	110.127578	-80.510475	78.323324
04451		10.132083	1.665902	0.567138	0.085626	-0.065172	-0.215162	-0.561035	0.062500	-0.477783	110.143104	-80.381670	78.360306
04452		10.156369	1.639383	0.616204	0.154637	-0.034972	-0.258569	-0.562744	0.061768	-0.474365	109.979152	-80.238772	78.617130
04453		10.200267	1.614638	0.463184	0.245960	-0.018279	-0.287655	-0.557861	0.060059	-0.474854	109.863190	-80.080049	78.880833
04454		10.109674	1.568332	0.230466	0.307024	-0.000973	-0.292884	-0.559814	0.063721	-0.472900	109.656544	-79.924982	79.269811
04455		9.793701	1.461008	0.186930	0.355352	0.035128	-0.288196	-0.556152	0.050537	-0.477539	109.455336	-79.775925	79.684038
04456		9.647492	1.600181	0.040328	0.379165	0.056555	-0.277623	-0.564697	0.049072	-0.471680	109.152423	-79.639418	80.213139
04457		9.402480	1.885719	-0.038503	0.358948	0.106222	-0.260653	-0.554443	0.045654	-0.478027	108.790873	-79.517791	80.792850
04458		9.088106	2.186565	-0.096420	0.322872	0.139279	-0.252686	-0.557129	0.040771	-0.477539	108.260766	-79.408511	81.520579
04459		8.847363	2.562585	-0.052865	0.288502	0.133535	-0.249179	-0.561768	0.044922	-0.480713	107.813545	-79.296286	82.146818
04460		8.709502	2.873979	-0.043888	0.226981	0.156574	-0.241606	-0.558105	0.037354	-0.480713	107.213799	-79.193514	82.889967
04461		8.520717	3.091422	0.162488	0.152589	0.191606	-0.219811	-0.553467	0.040283	-0.481201	106.571735	-79.104769	83.635727
04462		8.386039	3.178020	0.214972	0.064612	0.195143	-0.194123	-0.548340	0.038818	-0.476074	105.832582	-79.030892	84.426495
04463		8.392593	3.302323	0.171939	-0.043039	0.179291	-0.165383	-0.553467	0.033691	-0.479248	105.177806	-78.966938	85.071397
04464		8.605516	3.185066	0.157570	-0.159517	0.174329	-0.139066	-0.559814	0.031738	-0.485107	104.428655	-78.916640	85.741804
04465		8.700020	3.157642	0.096654	-0.285436	0.138736	-0.120349	-0.561279	0.035645	-0.481689	103.796132	-78.869073	86.222728
04466		8.871017	2.910543	0.038147	-0.355198	0.078008	-0.108369	-0.559082	0.039795	-0.482666	103.239399	-78.819952	86.582933
04467		8.901787	2.611589	-0.019214	-0.415737	0.031204	-0.097071	-0.550293	0.039063	-0.480225	102.859173	-78.769756	86.730713
04468		8.663149	2.310384	-0.218761	-0.467684	-0.013963	-0.098291	-0.551025	0.040527	-0.483643	102.509578	-78.713646	86.814110
04469		8.533576	2.023830	-0.320519	-0.500696	-0.057347	-0.084875	-0.549805	0.041016	-0.482910	102.340013	-78.659047	86.697466
04470		8.475023	1.759010	-0.475226	-0.530424	-0.080939	-0.068365	-0.554688	0.051514	-0.484619	102.162412	-78.611485	86.568786
04471		8.499004	1.623251	-0.540060	-0.558819	-0.098530	-0.047203	-0.559814	0.049316	-0.482910	102.096780	-78.573150	86.312103
04472		8.560045	1.638010	-0.605723	-0.587433	-0.103611	-0.012873	-0.565918	0.051270	-0.477783	101.982792	-78.554202	86.085170
04473		8.571683	1.765792	-0.763635	-0.621473	-0.094872	0.030518	-0.553711	0.054688	-0.477539	101.916484	-78.560026	85.792519
04474		8.620273	2.037686	-1.006567	-0.653422	-0.082247	0.083836	-0.555176	0.064209	-0.478027	101.763079	-78.598124	85.567272
04475		8.547067	2.307455	-1.125888	-0.694793	-0.075126	0.144014	-0.549316	0.065430	-0.473877	101.667211	-78.670157	85.262002
04476		8.791930	2.555331	-1.208533	-0.740512	-0.068999	0.191489	-0.547607	0.072266	-0.469238	101.491685	-78.770485	85.008617
04477		8.698136	2.577948	-1.111279	-0.781449	-0.079031	0.245530	-0.556396	0.076660	-0.477783	101.419676	-78.899351	84.628633
04478		8.845922	2.425380	-0.944815	-0.775164	-0.085627	0.298332	-0.547852	0.079346	-0.470459	101.339499	-79.058020	84.258214
04479		9.420936	2.117340	-0.625350	-0.756030	-0.088763	0.317971	-0.553223	0.093018	-0.468018	101.362745	-79.226618	83.796464
04480		9.321941	1.807836	-0.390818	-0.730157	-0.118812	0.335268	-0.556152	0.102295	-0.478271	101.442187	-79.402335	83.290377
04481		9.497138	1.470200	-0.272509	-0.660315	-0.167081	0.324839	-0.552734	0.103516	-0.471191	101.780532	-79.565361	82.564442
04482		9.450575	1.350562	-0.201276	-0.583674	-0.200675	0.302908	-0.550781	0.103760	-0.466553	102.200146	-79.712402	81.798484
04483		9.377423	1.308772	-0.109562	-0.484862	-0.247284	0.271355	-0.557129	0.114258	-0.458496	102.885987	-79.833360	80.822264
04484		9.601016	1.392737	-0.262113	-0.459895	-0.268925	0.213765	-0.550537	0.119141	-0.464355	103.560385	-79.918916	79.870172
04485		9.644630	1.456770	-0.378890	-0.433901	-0.247622	0.157441	-0.550293	0.123291	-0.464111	104.220742	-79.972357	78.950013
04486		9.708017	1.452047	-0.704973	-0.360331	-0.241872	0.125233	-0.553467	0.126953	-0.455811	104.817399	-80.009020	78.135175
04487		9.848943	1.625116	-0.834504	-0.324343	-0.223227	0.113417	-0.565674	0.122314	-0.452148	105.439975	-80.038274	77.317334
04488		9.938675	1.861307	-1.004210	-0.334045	-0.191335	0.114446	-0.556396	0.131836	-0.458496	105.893503	-80.074037	76.663308
04489		9.955324	2.234764	-1.093406	-0.345927	-0.185029	0.108170	-0.566406	0.135986	-0.451172	106.386857	-80.103982	75.964256
04490		9.815301	2.735209	-1.269634	-0.370451	-0.200875	0.092138	-0.560303	0.128906	-0.456543	106.836785	-80.124054	75.292882
04491		9.780528	3.242522	-1.522863	-0.453920	-0.204234	0.072590	-0.561523	0.140869	-0.445801	107.299703	-80.129329	74.561998
04492		9.604664	3.683205	-1.660861	-0.584713	-0.206998	0.066674	-0.567871	0.139893	-0.451660	107.624799	-80.132572	73.892820
04493		9.459669	4.022798	-1.775381	-0.742463	-0.239438	0.049050	-0.557617	0.147705	-0.451172	108.009198	-80.117195	73.073823
04494		9.448958	4.155335	-1.798781	-0.930997	-0.276355	0.047932	-0.573486	0.158691	-0.437500	108.332831	-80.096191	72.204750
04495		9.374137	4.189889	-1.700688	-1.122302	-0.309348	0.062563	-0.573975	0.158691	-0.439209	108.726480	-80.073680	71.155331
04496		9.452069	4.055876	-1.429637	-1.360270	-0.296149	0.089945	-0.565430	0.160645	-0.439453	108.906462	-80.069923	70.182379
04497		9.424717	3.731520	-1.038969	-1.541617	-0.275948	0.109562	-0.567871	0.178223	-0.438477	109.004252	-80.077755	69.189379
04498		9.580838	3.327669	-1.270899	-1.618896	-0.352512	0.090916	-0.574463	0.182617	-0.427246	109.211946	-80.063043	68.037918
04499		10.017179	2.858179	-1.713050	-1.524489	-0.402938	0.051262	-0.568604	0.197266	-0.415039	109.643767	-80.013758	66.715630
04500		10.443215	2.160582	-1.776828	-1.399783	-0.420668	0.003120	-0.575195	0.191406	-0.412598	110.077119	-79.935912	65.462215
04501		10.755951	1.490609	-1.824865	-1.281393	-0.443781	-0.027282	-0.577393	0.203613	-0.410156	110.658439	-79.832544	64.128921
04502		10.868910	0.974304	-1.804504	-1.141243	-0.444045	-0.028089	-0.576172	0.206787	-0.404053	111.243288	-79.729247	62.871364
04503		11.073525	0.532185	-1.351598	-0.993796	-0.402934	-0.014459	-0.577148	0.210449	-0.405029	111.846529	-79.636520	61.682434
04504		11.282912	0.167245	-0.883805	-0.827663	-0.376329	-0.028154	-0.577881	0.220947	-0.392090	112.382302	-79.543571	60.656708
04505		11.658386	-0.338609	-0.422495	-0.613071	-0.389034	-0.091298	-0.576172	0.216309	-0.390869	113.038771	-79.408994	59.634722
04506		11.952079	-0.909457	-0.019518	-0.324158	-0.451490	-0.191125	-0.584961	0.213623	-0.386963	113.838081	-79.209367	58.633430
04507		12.041968	-1.258278	0.163457	-0.029731	-0.560758	-0.289758	-0.580811	0.221436	-0.385010	114.989693	-78.925082	57.446175
04508		11.756096	-1.129674	0.441498	0.221793	-0.602885	-0.365126	-0.588379	0.214355	-0.384766	116.191825	-78.591711	56.351163
04509		10.920481	-0.571237	0.578104	0.460778	-0.668918	-0.422442	-0.595947	0.207520	-0.382080	117.596181	-78.202113	55.190030
04510		9.999807	0.404979	0.122542	0.714439	-0.695251	-0.446167	-0.599854	0.197998	-0.376709	119.050458	-77.793344	54.122705
04511		9.185122	1.442709	-0.340382	0.890543	-0.628628	-0.387200	-0.598389	0.200684	-0.372314	120.490614	-77.421514	53.173622
04512		8.537562	2.283005	-0.348789	0.823080	-0.535071	-0.268968	-0.603760	0.193848	-0.381836	121.741006	-77.136785	52.376102
04513		8.220104	3.109852	0.004913	0.494643	-0.452550	-0.135038	-0.610107	0.189453	-0.369873	122.805250	-76.932449	51.577855
04514		8.127795	3.709274	0.286620	0.114822	-0.373385	-0.009078	-0.613770	0.184326	-0.375000	123.596572	-76.816664	50.833699
04515		8.228997	4.008729	0.521318	-0.189129	-0.285388	0.068894	-0.606201	0.195313	-0.364990	124.168004	-76.757780	50.138436
04516		8.521275	3.943573	0.676820	-0.414570	-0.195103	0.095984	-0.614502	0.193359	-0.369385	124.423911	-76.745911	49.632328
04517		9.037282	3.453581	0.903259	-0.579955	-0.124218	0.056112	-0.613770	0.201904	-0.365723	124.425684	-76.731689	49.292129
04518		9.651082	2.822395	1.169016	-0.720400	-0.051233	-0.030771	-0.607666	0.199463	-0.369385	124.042134	-76.706251	49.262901
04519		10.142184	2.096998	1.395978	-0.824142	0.032049	-0.122714	-0.605225	0.209961	-0.371094	123.348468	-76.657449	49.493505
04520		10.434297	1.481562	1.628665	-0.935533	0.082146	-0.218241	-0.605957	0.200928	-0.362793	122.328316	-76.583617	49.991834
04521		10.473882	0.780744	1.707880	-1.039122	0.126173	-0.300634	-0.604492	0.208740	-0.361572	121.106034	-76.474645	50.639496
04522		10.255601	0.084183	1.862824	-1.085571	0.169488	-0.362720	-0.609131	0.201416	-0.366455	119.668720	-76.350339	51.478845
04523		10.034906	-0.365598	1.972764	-1.075786	0.185986	-0.371295	-0.612061	0.211670	-0.362305	118.256178	-76.215413	52.301401
04524		9.519640	-0.773496	2.012816	-1.011646	0.208408	-0.327509	-0.611572	0.212158	-0.355469	116.859780	-76.110387	53.142952
04525		9.819910	-1.018404	1.924881	-0.878380	0.149111	-0.295158	-0.603516	0.222412	-0.367188	115.754147	-75.996312	53.766630
04526		10.304247	-0.897999	1.670334	-0.782201	0.253932	-0.258125	-0.611572	0.215576	-0.361328	114.492769	-75.930611	54.605074
04527		9.825824	-0.467869	1.211902	-0.526624	0.112269	-0.165185	-0.613525	0.217285	-0.366699	113.811008	-75.870278	54.999933
04528		9.912085	0.052538	0.652444	-0.242990	0.063138	-0.059339	-0.613037	0.211914	-0.356445	113.450464	-75.860423	55.228247
04529		9.783250	0.490018	0.114780	-0.020492	0.020879	0.035158	-0.619385	0.214600	-0.360596	113.434788	-75.883387	55.235332
04530		10.108596	0.795794	-0.303668	0.149067	0.015493	0.126148	-0.613281	0.221191	-0.364990	113.566947	-75.960279	55.187189
04531		10.123868	0.990552	-0.439918	0.228800	0.038444	0.219223	-0.621338	0.215820	-0.360107	113.827695	-76.083864	55.056603
04532		10.332763	1.020465	-0.362482	0.250742	0.068153	0.290063	-0.614014	0.216064	-0.367432	114.064475	-76.258870	54.960805
04533		10.401133	1.029773	-0.231856	0.274473	0.107746	0.338652	-0.615479	0.220947	-0.368164	114.325389	-76.460867	54.857166
04534		10.285453	0.987912	-0.072109	0.265576	0.122360	0.365331	-0.613770	0.226318	-0.374512	114.536133	-76.687886	54.797103
04535		10.132845	1.098830	-0.146844	0.208562	0.119617	0.361276	-0.612305	0.213135	-0.380127	114.766288	-76.904300	54.686457
04536		9.967907	1.326118	-0.570853	0.166189	0.133375	0.336424	-0.607178	0.225098	-0.366455	114.873842	-77.118940	54.674027
04537		9.438091	1.307470	-0.715053	0.235872	0.200595	0.341502	-0.604492	0.237549	-0.366699	114.920788	-77.344500	54.767472
04538		9.216456	1.094871	-0.606552	0.390803	0.199812	0.373912	-0.599854	0.229736	-0.375977	115.046033	-77.594670	54.868858
04539		9.267292	0.750839	-0.505779	0.494878	0.274959	0.378612	-0.598389	0.232422	-0.380371	115.104843	-77.857609	55.101853
04540		9.347638	0.522369	-0.365384	0.557676	0.357546	0.343321	-0.590576	0.223389	-0.387207	114.901775	-78.130078	55.636517
04541		9.370307	0.270505	-0.148792	0.610273	0.411568	0.306251	-0.599365	0.225586	-0.388672	114.583186	-78.387835	56.322045
04542		9.202758	0.089424	0.176700	0.645716	0.457372	0.263287	-0.590820	0.223877	-0.391357	114.040531	-78.640727	57.253737
04543		9.483928	0.047130	0.312757	0.662525	0.455465	0.240868	-0.589355	0.219482	-0.395752	113.507797	-78.871950	58.186915
04544		9.562211	0.117265	0.252896	0.709800	0.455045	0.228258	-0.585205	0.224609	-0.406250	112.901984	-79.102307	59.218833
04545		9.668274	0.233920	0.046556	0.778673	0.469659	0.222830	-0.582520	0.223877	-0.403564	112.311286	-79.323360	60.277315
04546		9.554733	0.433521	-0.023246	0.827598	0.502825	0.208332	-0.585205	0.221680	-0.425781	111.542121	-79.548914	61.542519
04547		9.366678	0.572312	-0.120789	0.841081	0.509952	0.202059	-0.579590	0.214600	-0.414551	110.769832	-79.762119	62.820415
04548		9.374314	0.733342	-0.153653	0.808798	0.497044	0.187048	-0.578369	0.216797	-0.425049	109.894757	-79.968473	64.180540
04549		9.032476	0.793325	-0.210524	0.776039	0.460562	0.176784	-0.576904	0.214355	-0.437012	109.123108	-80.151892	65.418340
04550		9.152918	0.998145	-0.267469	0.739132	0.439425	0.164310	-0.573730	0.206055	-0.433350	108.279348	-80.328301	66.704640
04551		9.069560	1.126413	-0.399864	0.698794	0.424565	0.150096	-0.565674	0.202393	-0.441162	107.476540	-80.484678	67.927870
04552		8.847140	0.994610	-0.475286	0.691004	0.362992	0.128766	-0.563232	0.207031	-0.440430	106.748951	-80.622457	69.067275
04553		8.832084	0.918262	-0.531855	0.656317	0.322633	0.101801	-0.562012	0.203613	-0.455322	106.156351	-80.730631	70.051858
04554		9.103461	1.102469	-0.694452	0.610258	0.314946	0.085900	-0.559326	0.205322	-0.453369	105.457391	-80.832826	71.114666
04555		9.025065	1.185587	-0.883434	0.602281	0.256140	0.081363	-0.557373	0.204590	-0.456543	105.007960	-80.916270	71.922336
04556		8.968493	1.163323	-0.953374	0.586864	0.214177	0.073586	-0.560059	0.190918	-0.463867	104.604037	-80.993725	72.672329
04557		9.059677	1.109382	-0.961686	0.533762	0.225471	0.050101	-0.557617	0.188721	-0.468018	104.173761	-81.053556	73.420527
04558		9.012733	0.956165	-0.914452	0.488634	0.228931	0.030092	-0.561035	0.187500	-0.461670	103.605657	-81.106792	74.279508
04559		8.808143	0.685576	-0.853506	0.487685	0.209819	-0.003643	-0.555664	0.189697	-0.473633	103.144451	-81.132514	75.032093
04560		9.105720	0.641995	-0.722052	0.477177	0.189148	-0.045300	-0.557373	0.182373	-0.474854	102.640322	-81.136127	75.819562
04561		9.162888	0.505980	-0.755457	0.477539	0.184882	-0.072538	-0.547607	0.189209	-0.475830	102.205014	-81.118291	76.540037
04562		9.153902	0.409132	-0.778688	0.514428	0.120477	-0.080098	-0.549805	0.174316	-0.487793	101.944655	-81.092392	77.102419
04563		9.261969	0.389202	-0.746967	0.538131	0.157490	-0.085484	-0.557617	0.177979	-0.479736	101.637581	-81.062864	77.728328
04564		9.499175	0.460348	-0.786731	0.553031	0.188949	-0.093568	-0.553223	0.177490	-0.486572	101.151932	-81.036086	78.541230
04565		9.412260	0.571280	-0.638537	0.568071	0.161706	-0.100918	-0.549072	0.171387	-0.480713	100.843262	-80.996997	79.186228
04566		9.463585	0.742501	-0.672735	0.539344	0.225564	-0.107838	-0.554443	0.166260	-0.489014	100.220157	-80.964070	80.130495
04567		9.416110	0.900096	-0.588391	0.503847	0.321292	-0.134193	-0.545654	0.173096	-0.492676	99.299954	-80.919524	81.357620
04568		9.334449	1.060993	-0.606110	0.470387	0.298650	-0.160667	-0.549561	0.157471	-0.498779	98.367117	-80.858671	82.575768
04569		9.347970	1.083405	-0.716327	0.444443	0.238568	-0.173277	-0.543213	0.157471	-0.501953	97.709187	-80.779538	83.503160
04570		9.545749	1.078407	-0.808152	0.403762	0.206651	-0.179076	-0.543945	0.155029	-0.498047	97.080968	-80.696530	84.374475
04571		9.797104	1.077146	-0.985776	0.358969	0.199825	-0.167990	-0.548584	0.151855	-0.495850	96.537024	-80.614619	85.137149
04572		9.804806	0.992357	-1.040229	0.361631	0.180474	-0.158761	-0.548096	0.157715	-0.501709	96.008233	-80.538753	85.883589
04573		9.850576	0.880037	-1.037503	0.384193	0.179984	-0.135314	-0.535889	0.149902	-0.509033	95.578580	-80.472139	86.545369
04574		9.721489	0.802561	-1.037639	0.401816	0.191958	-0.113146	-0.544434	0.137939	-0.509521	95.067348	-80.420863	87.297621
04575		9.728766	0.554230	-0.970202	0.433958	0.198950	-0.096718	-0.542236	0.145264	-0.521240	94.627269	-80.375409	87.999102
04576		9.797539	0.299453	-1.043584	0.462283	0.211735	-0.078880	-0.546631	0.141113	-0.519775	94.106212	-80.342499	88.796643
04577		9.751677	0.049373	-1.067454	0.508941	0.222374	-0.072694	-0.539307	0.139893	-0.522949	93.645867	-80.309709	89.562414
04578		9.712936	-0.100666	-0.969500	0.556049	0.227021	-0.068280	-0.536133	0.129150	-0.527100	93.139426	-80.281181	90.399761
04579		9.621874	-0.098265	-0.816554	0.585899	0.232217	-0.072388	-0.539307	0.128662	-0.521240	92.698609	-80.246709	91.190599
04580		9.528013	-0.023765	-0.828444	0.609062	0.199031	-0.071324	-0.533447	0.123535	-0.519775	92.324539	-80.213667	91.924581
04581		9.463111	0.147838	-0.825611	0.653255	0.162800	-0.079614	-0.541016	0.118408	-0.537598	92.159471	-80.171924	92.474915
04582		9.455865	0.271193	-0.761105	0.702086	0.151502	-0.086571	-0.534424	0.113037	-0.539795	92.002096	-80.128291	93.043206
04583		9.248293	0.370605	-0.938434	0.755035	0.095473	-0.095836	-0.528076	0.110352	-0.531250	92.120192	-80.075577	93.365444
04584		9.436068	0.630743	-1.058074	0.803796	0.023946	-0.102955	-0.535156	0.106934	-0.541992	92.441166	-80.020004	93.507402
04585		9.814369	1.036848	-0.996248	0.798074	-0.060207	-0.087826	-0.535645	0.094238	-0.538818	93.089993	-79.968255	93.315860
04586		10.090365	1.456903	-0.853802	0.738253	-0.161897	-0.058088	-0.532227	0.100342	-0.541748	93.977706	-79.932270	92.844161
04587		10.430536	1.989036	-0.389951	0.580350	-0.220835	-0.023862	-0.539307	0.089355	-0.540039	95.023815	-79.908851	92.122364
04588		10.726314	2.511313	0.001628	0.403138	-0.221472	-0.000983	-0.538330	0.096191	-0.542725	95.919333	-79.899302	91.447674
04589		10.976518	3.096954	0.056533	0.288103	-0.175318	0.015242	-0.536377	0.083496	-0.542969	96.660215	-79.897078	90.865778
04590		11.177797	3.742108	0.153565	0.171999	-0.201375	0.075270	-0.532959	0.087158	-0.549316	97.388092	-79.928904	90.226909
04591		11.611007	4.469030	0.813937	-0.045187	-0.237973	0.175491	-0.543945	0.085938	-0.537842	98.213182	-80.010086	89.365702
04592		11.993251	5.047384	1.378536	-0.389957	-0.271439	0.300340	-0.541992	0.087158	-0.537842	98.971890	-80.160068	88.369099
04593		11.885677	5.110505	1.724892	-0.751256	-0.443190	0.431106	-0.538086	0.102295	-0.538086	100.250761	-80.361258	86.637779
04594		11.390263	4.556162	1.869794	-1.106473	-0.560518	0.521553	-0.540283	0.112549	-0.526855	101.789799	-80.596375	84.434981
04595		10.527687	3.395119	1.231498	-1.327192	-0.546037	0.515183	-0.539795	0.121582	-0.527344	103.298162	-80.816563	82.138999
04596		9.570197	1.837362	0.104356	-1.175818	-0.538827	0.419605	-0.552490	0.129150	-0.526855	104.808739	-80.978401	79.927541
04597		8.775527	0.128415	-0.031334	-0.789451	-0.583586	0.301396	-0.549072	0.132324	-0.520752	106.699577	-81.053724	77.558257
04598		8.359988	-1.313112	0.647620	-0.412331	-0.587845	0.142814	-0.549561	0.136719	-0.526611	108.609357	-81.033807	75.386476
04599		8.605447	-2.234396	1.277445	-0.084916	-0.600079	0.014220	-0.554688	0.124756	-0.510498	110.628984	-80.925828	73.295275
04600		8.909054	-2.563716	1.185907	0.176499	-0.633363	-0.066621	-0.560547	0.128418	-0.505615	112.690792	-80.761653	71.309953
04601		9.343963	-2.050070	0.735652	0.370661	-0.586052	-0.099459	-0.563965	0.129883	-0.500977	114.645943	-80.574361	69.546781
04602		9.592018	-1.022480	0.440381	0.478655	-0.416898	-0.086493	-0.567627	0.119873	-0.510742	116.043669	-80.433524	68.408250
04603		9.454588	0.124558	0.493609	0.506912	-0.221596	-0.024107	-0.562500	0.128418	-0.505615	116.979446	-80.364147	67.756722
04604		9.306713	1.224559	0.711159	0.468835	-0.064898	0.050220	-0.570801	0.121338	-0.509766	117.482016	-80.379335	67.519931
04605		9.197724	2.115799	1.203591	0.444037	0.087597	0.145772	-0.567383	0.118896	-0.512939	117.712231	-80.476240	67.547449
04606		9.122409	2.756099	1.684339	0.477871	0.189256	0.226991	-0.567871	0.119629	-0.513184	117.732111	-80.648426	67.805345
04607		8.987591	3.074299	1.864664	0.571654	0.265374	0.311614	-0.565674	0.113525	-0.520508	117.753626	-80.876856	68.118358
04608		8.895500	3.251299	1.891262	0.616010	0.339574	0.367777	-0.560059	0.120850	-0.521240	117.590168	-81.160245	68.641692
04609		8.812592	3.403440	1.801113	0.604478	0.349789	0.381119	-0.555664	0.108887	-0.517822	117.444954	-81.446141	69.141932
04610		9.227032	3.641387	1.838843	0.542253	0.350646	0.337097	-0.556396	0.112549	-0.528564	117.094992	-81.715959	69.810353
04611		9.540262	3.698187	1.992862	0.440181	0.362375	0.268592	-0.552002	0.114014	-0.530273	116.551583	-81.946639	70.617085
04612		9.802266	3.555698	1.864242	0.306219	0.321447	0.183445	-0.554443	0.107910	-0.533447	115.817793	-82.127872	71.535801
04613		9.845127	3.070655	1.735503	0.171252	0.283499	0.092685	-0.549316	0.106445	-0.539307	115.024784	-82.245248	72.438243
04614		9.599901	2.398747	1.307196	0.062114	0.180972	0.026391	-0.552734	0.106689	-0.538818	114.347282	-82.307486	73.158502
04615		9.845606	1.786117	0.673564	-0.027527	0.066079	-0.045680	-0.539063	0.117188	-0.541504	114.008681	-82.298824	73.487228
04616		10.263522	1.437369	0.152116	-0.057416	-0.050823	-0.142709	-0.552490	0.113037	-0.536377	113.861029	-82.217274	73.603661
04617		10.532757	1.213677	-0.281677	-0.023454	-0.096610	-0.241213	-0.550293	0.106445	-0.540283	113.821547	-82.068204	73.632914
04618		10.552936	1.216650	-0.447617	0.020471	-0.085813	-0.289041	-0.546631	0.092773	-0.539307	113.615754	-81.901753	73.853153
04619		10.483505	1.287141	-0.449170	0.068820	-0.056959	-0.287951	-0.556641	0.097168	-0.544678	113.416943	-81.737172	74.096809
04620		10.380574	1.440288	-0.294689	0.098201	-0.019779	-0.275411	-0.549316	0.095947	-0.544434	113.058003	-81.592533	74.516959
04621		10.194155	1.553686	-0.198332	0.084527	-0.016194	-0.253032	-0.552490	0.099854	-0.539063	112.796045	-81.455130	74.833742
04622		9.994203	1.755533	-0.058806	0.055198	0.028906	-0.236280	-0.558838	0.090820	-0.540283	112.323699	-81.341127	75.343911
04623		9.588956	1.811761	0.161434	0.021092	0.083348	-0.206602	-0.555176	0.092285	-0.547607	111.767539	-81.249085	75.921746
04624		9.283510	1.780301	0.359274	-0.020234	0.065031	-0.220481	-0.548584	0.088135	-0.536377	111.174555	-81.149578	76.510485
04625		8.818261	1.933436	0.378147	-0.106169	0.007900	-0.243412	-0.557861	0.091797	-0.546631	110.779373	-81.020754	76.851896
04626		8.288782	2.253839	0.376294	-0.192583	0.043273	-0.217310	-0.554932	0.086426	-0.545898	110.190817	-80.916998	77.336484
04627		8.041673	2.235554	0.404528	-0.293325	0.101387	-0.162235	-0.552734	0.091553	-0.541260	109.496370	-80.849085	77.872575
04628		8.084357	2.071474	0.390935	-0.398140	0.135028	-0.159799	-0.536865	0.084717	-0.539063	108.573033	-80.791652	78.577164
04629		8.511900	1.967772	0.370002	-0.525151	0.105453	-0.160864	-0.551758	0.092285	-0.541992	107.753452	-80.722750	79.105651
04630		8.625564	1.860517	0.189919	-0.611141	0.114329	-0.147232	-0.552979	0.096924	-0.540283	106.810856	-80.665261	79.706316
04631		8.799523	2.000773	0.070445	-0.717151	0.095716	-0.124766	-0.546143	0.096191	-0.548828	105.969040	-80.612034	80.146026
04632		8.685752	2.192942	-0.256944	-0.794702	0.047400	-0.104396	-0.557617	0.093750	-0.537842	105.201508	-80.565094	80.462802
04633		8.699964	2.322644	-0.541863	-0.802865	-0.019669	-0.092723	-0.553223	0.102295	-0.538574	104.735007	-80.510769	80.472360
04634		8.863057	2.252231	-0.771017	-0.819852	-0.052057	-0.088821	-0.550049	0.106689	-0.543945	104.305006	-80.457251	80.432405
04635		9.248180	1.966645	-0.786792	-0.847415	-0.084731	-0.117333	-0.554932	0.098877	-0.539307	104.011347	-80.380120	80.240793
04636		9.313591	1.654781	-0.796891	-0.861932	-0.165376	-0.166575	-0.555420	0.111572	-0.532715	103.867511	-80.267846	79.886091
04637		9.453132	1.476210	-0.933179	-0.868741	-0.265422	-0.216578	-0.563477	0.110840	-0.535156	104.060296	-80.110656	79.188285
04638		9.354935	1.391065	-1.142308	-0.887068	-0.316474	-0.239593	-0.558105	0.116455	-0.532471	104.308776	-79.936495	78.420291
04639		8.998726	1.557869	-1.195903	-0.876642	-0.344766	-0.228902	-0.570557	0.121826	-0.532471	104.701074	-79.759964	77.514469
04640		8.444061	1.806749	-1.111380	-0.833092	-0.362932	-0.168255	-0.557861	0.124512	-0.520508	105.143746	-79.616887	76.579723
04641		8.321374	2.056835	-1.079225	-0.804606	-0.364653	-0.126378	-0.567627	0.125488	-0.522949	105.680669	-79.491452	75.567963
04642		8.051651	2.368166	-1.129632	-0.792263	-0.351701	-0.061412	-0.569580	0.135254	-0.514160	106.170060	-79.406153	74.608808
04643		8.032662	2.507179	-1.110025	-0.784944	-0.321687	0.001231	-0.571289	0.138672	-0.514893	106.673955	-79.354599	73.641540
04644		8.299116	2.565027	-1.062236	-0.802804	-0.322204	0.043789	-0.572754	0.147705	-0.511963	107.148070	-79.328848	72.691527
04645		8.499363	2.611078	-0.979168	-0.849970	-0.345153	0.104709	-0.565918	0.142090	-0.504639	107.767259	-79.326606	71.568857
04646		8.755683	2.564568	-1.058051	-0.890043	-0.343185	0.169382	-0.578369	0.150635	-0.506592	108.369051	-79.361966	70.438172
04647		9.072368	2.420390	-1.208622	-0.919031	-0.306018	0.232417	-0.573486	0.153076	-0.501709	108.967170	-79.431835	69.296936
04648		9.334836	2.292069	-1.163894	-0.898656	-0.266770	0.237318	-0.584961	0.163086	-0.491943	109.428955	-79.514217	68.304225
04649		9.575428	2.211977	-1.134896	-0.850327	-0.274148	0.189552	-0.578857	0.164063	-0.489258	109.950635	-79.563358	67.281275
04650		9.909671	2.246290	-1.268033	-0.764388	-0.261303	0.127990	-0.583252	0.174561	-0.491699	110.374240	-79.584965	66.406027
04651		10.133964	2.308082	-1.416861	-0.676466	-0.221825	0.085960	-0.580811	0.173828	-0.489990	110.737966	-79.586242	65.645115
04652		10.400111	2.186837	-1.560302	-0.592031	-0.200665	0.049822	-0.590088	0.177002	-0.487061	111.000140	-79.576399	65.034509
04653		10.391021	2.114421	-1.678389	-0.529033	-0.203474	0.036991	-0.595459	0.182861	-0.483887	111.338609	-79.553836	64.385121
04654		10.413143	2.025147	-1.777203	-0.493620	-0.203428	0.037320	-0.575195	0.183105	-0.476074	111.649438	-79.535503	63.782370
04655		10.332809	1.989864	-1.760654	-0.478731	-0.188183	0.043360	-0.592773	0.179688	-0.474609	111.976266	-79.518264	63.174049
04656		10.150739	2.177998	-1.903390	-0.475639	-0.151714	0.052065	-0.591797	0.188477	-0.466309	112.164935	-79.517749	62.706022
04657		9.957111	2.468753	-1.991144	-0.453547	-0.141701	0.056505	-0.591553	0.190430	-0.470947	112.387092	-79.516683	62.218804
04658		9.893044	2.931291	-1.979456	-0.465862	-0.153796	0.064007	-0.591064	0.195068	-0.470947	112.602831	-79.521294	61.729027
04659		9.626196	3.361549	-2.110924	-0.503549	-0.185472	0.088951	-0.602051	0.197021	-0.472412	112.960574	-79.526874	61.074801
04660		9.692491	3.747378	-2.008271	-0.590702	-0.171760	0.128214	-0.593994	0.194336	-0.461182	113.236835	-79.560127	60.450899
04661		9.698252	3.856157	-1.666150	-0.734556	-0.148470	0.162636	-0.590332	0.199707	-0.458252	113.451506	-79.611703	59.807697
04662		9.780495	3.601488	-1.421090	-0.855441	-0.200408	0.180743	-0.597412	0.211182	-0.462646	113.732372	-79.664730	59.025245
04663		10.002694	3.018243	-1.335371	-0.840034	-0.238744	0.170044	-0.600342	0.211914	-0.455811	114.164642	-79.697961	58.099636
04664		10.091480	2.271680	-1.426983	-0.778775	-0.278148	0.138811	-0.603027	0.213867	-0.455322	114.667816	-79.708511	57.136159
04665		10.185960	1.532130	-1.456849	-0.712861	-0.339038	0.108965	-0.596680	0.211670	-0.457031	115.382486	-79.682600	55.997621
04666		10.052256	0.969947	-1.532567	-0.645961	-0.339595	0.099427	-0.604980	0.223389	-0.440186	116.080895	-79.653577	54.912998
04667		9.897365	0.578794	-1.429017	-0.569697	-0.268369	0.080807	-0.595459	0.225098	-0.442871	116.630213	-79.626463	54.025737
04668		9.949870	0.184477	-1.170257	-0.475244	-0.181665	0.050865	-0.610840	0.223145	-0.448730	116.910171	-79.609936	53.465816
04669		10.265685	-0.239808	-0.978707	-0.320139	-0.114004	-0.012555	-0.603516	0.229248	-0.435303	117.035472	-79.573548	53.154908
04670		10.929421	-0.755123	-0.592390	-0.081549	-0.104981	-0.099442	-0.611328	0.221191	-0.437500	117.113282	-79.499985	53.029758
04671		11.740772	-1.120313	-0.237505	0.189712	-0.011825	-0.222660	-0.602783	0.232910	-0.441895	116.952746	-79.382918	53.306613
04672		11.912920	-1.360838	0.170887	0.482223	-0.040790	-0.364339	-0.609375	0.216797	-0.445557	116.816554	-79.190992	53.727786
04673		11.548486	-1.229029	0.157617	0.731492	-0.237953	-0.476172	-0.615967	0.212891	-0.443848	117.231917	-78.885657	53.734596
04674		10.555706	-0.357597	-0.147144	0.930588	-0.317211	-0.512632	-0.618408	0.209229	-0.444824	117.869943	-78.546406	53.628889
04675		9.445193	1.025485	-0.313422	1.018055	-0.328598	-0.479259	-0.624756	0.196045	-0.435547	118.636452	-78.215026	53.444847
04676		8.672756	2.527358	-0.219003	0.902479	-0.417235	-0.385324	-0.624756	0.184814	-0.439941	119.613008	-77.911217	52.976315
04677		8.291398	3.592027	0.100027	0.661713	-0.487322	-0.241516	-0.625488	0.188477	-0.437500	120.793462	-77.650735	52.159427
04678		8.236932	4.098403	0.609582	0.343966	-0.484330	-0.113841	-0.627197	0.179688	-0.438965	121.891430	-77.456025	51.237970
04679		8.253470	4.258905	0.877972	-0.031284	-0.477495	-0.026361	-0.636475	0.183838	-0.432129	122.877176	-77.296270	50.212445
04680		8.388625	4.184841	1.252198	-0.396165	-0.435718	0.019767	-0.634766	0.184082	-0.427246	123.580022	-77.174223	49.260225
04681		8.654717	3.706693	1.432664	-0.678433	-0.353647	-0.000200	-0.633301	0.183594	-0.422119	123.935657	-77.061039	48.499668
04682		8.848501	2.982927	1.402063	-0.856582	-0.246055	-0.065184	-0.634521	0.183594	-0.417480	123.841763	-76.956725	48.093553
04683		9.117516	2.241290	1.098009	-0.937754	-0.138446	-0.140427	-0.633301	0.183838	-0.414795	123.404826	-76.845315	47.993529
04684		9.356888	1.564358	0.933336	-0.959180	-0.070895	-0.210493	-0.642334	0.192383	-0.413818	122.699284	-76.727440	48.154909
04685		9.723918	0.915252	0.948814	-0.937098	0.001867	-0.260536	-0.641846	0.190430	-0.413330	121.830292	-76.601324	48.499201
04686		9.973267	0.332758	1.298984	-0.942239	0.067542	-0.269345	-0.642578	0.193115	-0.413818	120.795630	-76.495086	49.009026
04687		10.079280	-0.232124	1.573095	-0.957747	0.150146	-0.266820	-0.645996	0.195068	-0.408691	119.627091	-76.405843	49.649578
04688		10.356046	-0.588766	1.853017	-0.959101	0.255101	-0.258786	-0.631592	0.194580	-0.411621	118.231678	-76.352511	50.520856
04689		10.188311	-0.623645	1.837111	-0.914046	0.316078	-0.253785	-0.646240	0.198975	-0.414551	116.779375	-76.306815	51.479539
04690		9.801391	-0.448458	1.613837	-0.796889	0.299587	-0.249881	-0.641846	0.194092	-0.416016	115.410158	-76.259757	52.419675
04691		9.706129	0.023449	1.139866	-0.641818	0.291671	-0.232935	-0.635254	0.206787	-0.418457	114.202631	-76.208418	53.287321
04692		9.546526	0.653066	0.942864	-0.504765	0.238227	-0.184454	-0.637695	0.206299	-0.419189	113.208105	-76.172731	54.014171
04693		9.631589	1.184111	0.816203	-0.425166	0.168447	-0.139799	-0.641113	0.207031	-0.412598	112.485420	-76.136128	54.510613
04694		10.410725	1.810387	0.578517	-0.400052	0.150090	-0.068124	-0.638916	0.201172	-0.415771	111.849082	-76.138707	54.930389
04695		10.821557	2.067613	0.275470	-0.364479	0.086604	0.026411	-0.637695	0.195313	-0.418213	111.483799	-76.170855	55.094546
04696		10.889580	1.977272	0.164951	-0.327307	0.048455	0.107921	-0.647949	0.201660	-0.409912	111.257361	-76.244865	55.135013
04697		10.752049	1.812282	-0.077957	-0.294797	0.026496	0.164719	-0.632324	0.213623	-0.415283	111.178510	-76.338113	55.045338
04698		10.476052	1.579150	-0.260987	-0.234195	0.026402	0.216210	-0.640137	0.208252	-0.412598	111.145080	-76.465488	54.942092
04699		10.059261	1.340363	-0.343904	-0.159003	0.013370	0.254728	-0.637451	0.210205	-0.417725	111.252708	-76.604105	54.740762
04700		9.892405	1.147161	-0.375823	-0.086811	0.003681	0.294614	-0.640381	0.212402	-0.410400	111.428214	-76.768606	54.509737
04701		9.899092	1.035057	-0.295430	-0.030761	0.039146	0.348039	-0.627197	0.216553	-0.408447	111.643152	-76.962098	54.273941
04702		9.569290	0.899401	-0.059308	-0.008865	0.054567	0.395575	-0.636963	0.217773	-0.413574	111.851110	-77.190851	54.055844
04703		9.540199	0.945872	0.083607	0.000073	0.093119	0.419697	-0.640625	0.217773	-0.415283	112.038971	-77.433595	53.866332
04704		9.129547	0.835690	0.047367	0.037114	0.131870	0.439292	-0.631836	0.233643	-0.417480	112.144861	-77.702027	53.780187
04705		9.088220	0.744672	-0.129731	0.095297	0.155152	0.450267	-0.635254	0.233643	-0.416504	112.278822	-77.974225	53.702008
04706		8.795865	0.564692	-0.346633	0.168830	0.210360	0.446713	-0.626709	0.235107	-0.419434	112.278299	-78.263661	53.801944
04707		8.612561	0.448500	-0.520060	0.238987	0.266965	0.428171	-0.619385	0.234619	-0.420898	112.186524	-78.548375	54.038408
04708		8.451894	0.473540	-0.739231	0.302959	0.298889	0.390908	-0.628418	0.227295	-0.426025	111.957812	-78.827215	54.449255
04709		8.730928	0.687946	-0.724661	0.353031	0.347571	0.339112	-0.622559	0.238770	-0.432129	111.591247	-79.081288	55.031818
04710		8.515044	0.630219	-0.348724	0.399743	0.370997	0.290399	-0.616455	0.236084	-0.427490	111.068232	-79.320439	55.798026
04711		8.943667	0.738002	-0.094162	0.389587	0.363611	0.261408	-0.612549	0.233887	-0.433350	110.542707	-79.534236	56.562683
04712		9.454595	0.988995	-0.231232	0.420960	0.324699	0.219295	-0.614746	0.230469	-0.439453	110.035203	-79.723314	57.324412
04713		9.943138	0.995367	-0.515197	0.494117	0.310302	0.174362	-0.619385	0.228760	-0.443115	109.586717	-79.877369	58.070734
04714		9.968035	0.794478	-0.673434	0.570674	0.326648	0.137896	-0.617676	0.230225	-0.447510	109.029488	-80.020368	58.969309
04715		9.761185	0.617462	-0.692224	0.628819	0.308751	0.100558	-0.604736	0.229736	-0.445313	108.548725	-80.131722	59.826113
04716		9.535073	0.461773	-0.822099	0.698625	0.271163	0.059168	-0.608154	0.225098	-0.452637	108.122621	-80.219160	60.665366
04717		9.277669	0.391576	-0.935634	0.764598	0.253218	0.015930	-0.613037	0.218750	-0.459717	107.784450	-80.272412	61.455982
04718		9.177646	0.428910	-1.103589	0.830154	0.273756	-0.028479	-0.605225	0.213867	-0.454834	107.320286	-80.310387	62.409971
04719		8.909079	0.348420	-1.178674	0.921581	0.288025	-0.071967	-0.604492	0.206787	-0.461670	106.863363	-80.319342	63.412138
04720		9.071755	0.454676	-1.269351	0.997372	0.320670	-0.090258	-0.602539	0.205566	-0.463379	106.278299	-80.328191	64.585816
04721		9.150209	0.527861	-1.164774	1.048596	0.343746	-0.091505	-0.609131	0.198242	-0.480957	105.693521	-80.331921	65.791458
04722		9.142344	0.710289	-1.057037	1.067622	0.348644	-0.077057	-0.598389	0.195557	-0.480713	105.067360	-80.348079	67.047544
04723		8.880077	0.802211	-0.941557	1.084436	0.326981	-0.066332	-0.603271	0.184326	-0.481445	104.576300	-80.359180	68.178869
04724		8.929432	1.034571	-0.919213	1.087740	0.311344	-0.083991	-0.593262	0.180420	-0.486816	104.073839	-80.362149	69.321056
04725		8.909724	1.236710	-0.855946	1.040993	0.334272	-0.093901	-0.596191	0.179688	-0.497070	103.510228	-80.355496	70.500707
04726		8.947524	1.264712	-0.898413	1.032475	0.283570	-0.109998	-0.605225	0.165039	-0.494141	103.048853	-80.336612	71.569122
04727		8.918299	1.218047	-0.940024	1.021202	0.246920	-0.126988	-0.597412	0.166016	-0.500488	102.740927	-80.297217	72.478037
04728		8.931281	1.095675	-0.971595	1.006000	0.206597	-0.140019	-0.596436	0.159912	-0.508301	102.503190	-80.249649	73.304375
04729		9.074929	0.946296	-0.994403	0.987280	0.187074	-0.148674	-0.598389	0.149414	-0.500244	102.365518	-80.189510	74.021067
04730		8.938739	0.722854	-1.081036	0.963072	0.204199	-0.173097	-0.598389	0.144775	-0.518555	102.100040	-80.122016	74.850861
04731		9.146936	0.562870	-1.060402	0.947456	0.216075	-0.175671	-0.603027	0.137939	-0.519287	101.840734	-80.049207	75.668158
04732		10.038909	0.485155	-1.098601	0.907882	0.227769	-0.156597	-0.592041	0.130127	-0.522461	101.495063	-79.992199	76.547563
04733		10.373885	0.421449	-1.142742	0.841775	0.219034	-0.150283	-0.593506	0.120850	-0.521240	101.196605	-79.932457	77.343439
04734		10.604983	0.503769	-1.120176	0.817837	0.217812	-0.143927	-0.596436	0.125000	-0.523193	100.853016	-79.879738	78.168572
04735		10.759748	0.746725	-1.107322	0.843643	0.337352	-0.153606	-0.587402	0.116455	-0.528809	100.194623	-79.828520	79.331455
04736		10.569561	0.966596	-1.158032	0.890226	0.343762	-0.160482	-0.596436	0.107910	-0.541748	99.503576	-79.775797	80.551967
04737		10.123326	1.200613	-1.049200	0.949721	0.295676	-0.159566	-0.586914	0.098877	-0.535889	99.052112	-79.712917	81.566727
04738		9.672610	1.284969	-1.019346	0.936871	0.259543	-0.149914	-0.587891	0.101318	-0.540039	98.674731	-79.654917	82.496002
04739		9.403955	1.524384	-1.104632	0.855794	0.237074	-0.138824	-0.582764	0.097168	-0.551514	98.376727	-79.596447	83.300423
04740		9.226707	1.500247	-1.298978	0.764025	0.255228	-0.130839	-0.585205	0.080078	-0.548340	97.936702	-79.546715	84.193022
04741		9.076928	1.309955	-1.378602	0.699600	0.294228	-0.104172	-0.592529	0.083008	-0.545898	97.400275	-79.510131	85.149148
04742		9.295167	1.097962	-1.606172	0.657544	0.300015	-0.085360	-0.583008	0.074707	-0.548340	96.791535	-79.486307	86.151504
04743		9.875429	0.937584	-1.384726	0.625614	0.296687	-0.056875	-0.581543	0.076172	-0.554932	96.230340	-79.473305	87.089856
04744		10.582245	0.977017	-1.060474	0.572061	0.269152	-0.024671	-0.583984	0.068604	-0.559326	95.692717	-79.478557	87.970133
04745		10.875729	1.132966	-0.717657	0.543008	0.199707	0.002391	-0.580322	0.067139	-0.561768	95.400703	-79.491102	88.586553
04746		10.958511	1.449927	-0.419387	0.470681	0.107701	0.013996	-0.583008	0.062012	-0.556396	95.311556	-79.508071	88.951556
04747		10.846412	1.626765	-0.233125	0.346148	0.040301	-0.000623	-0.577393	0.054932	-0.558105	95.395297	-79.509995	89.071074
04748		10.722341	1.846840	0.140893	0.270859	-0.045004	-0.044959	-0.579346	0.057617	-0.557861	95.644623	-79.485092	88.975396
04749		10.787512	1.982204	0.606374	0.336972	-0.022151	-0.081444	-0.583008	0.061768	-0.566162	95.890081	-79.437505	88.925093
04750		10.637262	2.204412	0.289695	0.458286	0.111412	-0.095946	-0.578613	0.056885	-0.556152	95.752265	-79.392474	89.332463
04751		10.399685	2.987777	-0.594985	0.507523	0.068462	-0.054158	-0.579834	0.043945	-0.559814	95.827913	-79.365675	89.554339
04752		10.510664	4.102578	-1.032735	0.227965	-0.063391	0.086462	-0.582520	0.058838	-0.565186	96.148497	-79.414187	89.361153
04753		10.769037	4.562437	-0.659168	-0.086620	-0.111361	0.262295	-0.587891	0.055908	-0.574463	96.539748	-79.556604	88.915726
04754		10.991926	4.193602	0.042539	-0.303111	-0.166993	0.431461	-0.583984	0.061035	-0.558594	97.017293	-79.793591	88.254087
04755		10.824870	3.040058	0.570654	-0.439174	-0.216071	0.506895	-0.587158	0.068604	-0.561035	97.676232	-80.065896	87.332254
04756		10.473228	1.601221	0.816387	-0.355448	-0.299950	0.457091	-0.585693	0.069824	-0.558594	98.638882	-80.303539	86.149081
04757		10.248531	0.384605	1.062275	-0.013556	-0.443998	0.345360	-0.591064	0.069092	-0.553955	100.314225	-80.456882	84.444947
04758		10.027524	-0.477397	1.053777	0.353279	-0.492075	0.193259	-0.585205	0.069092	-0.553711	102.263279	-80.513478	82.674407
04759		9.808483	-0.776136	0.461976	0.552669	-0.376170	0.049953	-0.597168	0.065430	-0.539551	103.884145	-80.492557	81.355050
04760		9.653240	-0.522584	0.322313	0.619384	-0.174101	-0.018839	-0.588867	0.068115	-0.549561	104.767778	-80.461118	80.819261
04761		9.164279	0.018948	0.990986	0.623890	-0.042195	-0.023417	-0.597168	0.056885	-0.557129	105.253849	-80.441810	80.691821
04762		8.817359	0.837612	1.634849	0.592592	0.000220	0.014674	-0.581055	0.055176	-0.551025	105.574691	-80.453886	80.711020
04763		8.628537	1.696170	1.823402	0.582176	0.083984	0.078591	-0.592041	0.062256	-0.550537	105.714782	-80.510122	80.910167
04764		8.484279	2.239429	2.166909	0.592448	0.219277	0.180046	-0.592529	0.062744	-0.542725	105.458887	-80.647169	81.513852
04765		8.286731	2.373524	2.528758	0.625173	0.334145	0.285706	-0.586182	0.053223	-0.559814	104.956941	-80.855270	82.388295
04766		8.331300	2.392024	2.756403	0.674533	0.395168	0.379727	-0.583984	0.050049	-0.560791	104.270461	-81.126592	83.474871
04767		8.507491	2.455609	2.857936	0.705355	0.457197	0.421560	-0.589355	0.058105	-0.556885	103.404788	-81.423727	84.762511
04768		8.782215	2.610183	2.849400	0.707690	0.458959	0.394407	-0.581787	0.048096	-0.563721	102.378245	-81.705967	86.210437
04769		9.124742	2.679865	2.612261	0.642244	0.462727	0.311885	-0.577637	0.052490	-0.570068	101.206421	-81.935079	87.769023
04770		9.166750	2.765231	2.321472	0.528886	0.433069	0.213968	-0.576660	0.047852	-0.583252	99.879850	-82.103774	89.414846
04771		9.181392	2.794128	1.988411	0.395372	0.362128	0.119051	-0.583252	0.045410	-0.573486	98.712488	-82.204652	90.824870
04772		9.451829	2.896634	1.737595	0.223182	0.293584	0.021823	-0.570557	0.043701	-0.581055	97.580346	-82.243074	92.096908
04773		9.690547	2.843218	1.553558	0.077631	0.230143	-0.084367	-0.567383	0.046143	-0.582031	96.634573	-82.211508	93.099302
04774		9.784581	2.645004	1.187507	-0.008415	0.080978	-0.170248	-0.571289	0.039307	-0.580811	96.160714	-82.121506	93.573118
04775		9.965153	2.452101	0.739444	-0.052504	-0.018521	-0.245240	-0.563721	0.044922	-0.585938	96.110613	-81.980773	93.596293
04776		9.914533	2.195931	0.283000	-0.072308	-0.090877	-0.297567	-0.569824	0.036621	-0.575928	96.250273	-81.807264	93.413741
04777		9.905941	2.100046	0.109723	-0.096637	-0.105867	-0.336923	-0.572754	0.040527	-0.580322	96.473370	-81.608792	93.135298
04778		9.757141	2.025340	0.184409	-0.082519	-0.078245	-0.372780	-0.570557	0.037598	-0.569824	96.511933	-81.393066	93.048857
04779		9.510478	1.975615	0.160829	-0.056736	-0.056983	-0.384228	-0.576416	0.034180	-0.573730	96.538978	-81.170735	92.991576
04780		9.487905	1.897155	-0.075930	-0.054806	-0.062263	-0.385046	-0.567383	0.037842	-0.577881	96.525571	-80.948995	92.973687
04781		9.658347	1.801194	-0.354755	-0.051715	-0.004309	-0.386268	-0.583008	0.030762	-0.578613	96.367832	-80.728904	93.106420
04782		9.533332	1.810320	-0.277379	-0.034909	0.049224	-0.358322	-0.576172	0.031738	-0.586670	95.998930	-80.529239	93.460339
04783		9.511639	1.850399	-0.140347	-0.026940	0.080922	-0.308909	-0.574951	0.021973	-0.578125	95.613579	-80.357961	93.838433
04784		9.461056	2.027356	-0.059077	-0.021231	0.104113	-0.253996	-0.567871	0.023438	-0.582520	95.131804	-80.219914	94.315151
04785		9.456026	2.195028	0.102652	-0.024205	0.110624	-0.207111	-0.574951	0.025879	-0.572998	94.705237	-80.107254	94.736983
04786		9.294338	2.285351	0.035266	-0.030637	0.123281	-0.162864	-0.571045	0.019043	-0.577148	94.202615	-80.020776	95.229723
04787		8.968222	2.205089	0.099989	-0.037533	0.135076	-0.120582	-0.571045	0.015137	-0.577393	93.726725	-79.957360	95.694111
04788		8.831948	2.178521	0.135551	-0.086333	0.142515	-0.098777	-0.582520	0.023926	-0.579102	93.158147	-79.906625	96.221657
04789		8.467389	2.200849	0.139246	-0.119312	0.140451	-0.074168	-0.572754	0.027100	-0.590332	92.637082	-79.868432	96.684484
04790		8.647106	2.148167	0.212314	-0.131509	0.123183	-0.076822	-0.571533	0.024658	-0.591797	92.117375	-79.828031	97.136260
04791		8.979898	2.164858	0.104014	-0.169548	0.102861	-0.095019	-0.575195	0.017822	-0.584961	91.692628	-79.775780	97.472103
04792		9.149048	2.158811	-0.012266	-0.183947	0.063847	-0.107486	-0.566406	0.028320	-0.591553	91.336434	-79.715673	97.727355
04793		9.217996	2.164460	-0.126044	-0.213098	0.044877	-0.121860	-0.576416	0.026367	-0.585205	91.074865	-79.646625	97.872101
04794		9.130133	2.140331	-0.215088	-0.236770	0.012861	-0.131723	-0.576416	0.020508	-0.583496	90.853433	-79.571679	97.959717
04795		9.105560	2.151776	-0.295000	-0.269298	-0.014206	-0.127979	-0.571289	0.022705	-0.592041	90.747336	-79.498472	97.913684
04796		8.961335	2.236924	-0.409011	-0.310315	-0.030967	-0.118180	-0.564697	0.026367	-0.585938	90.623056	-79.430896	97.859699
04797		8.980439	2.347508	-0.516219	-0.336714	-0.047056	-0.104076	-0.572510	0.031006	-0.583252	90.580448	-79.371215	97.709758
04798		8.883452	2.465036	-0.579229	-0.347838	-0.046770	-0.074731	-0.564209	0.028564	-0.583984	90.485139	-79.328455	97.604454
04799		8.845897	2.510858	-0.649359	-0.392209	-0.057486	-0.039948	-0.577148	0.037354	-0.586670	90.443564	-79.305534	97.421064
04800		8.685803	2.593996	-0.630665	-0.464756	-0.067613	-0.009979	-0.572021	0.038818	-0.580322	90.346722	-79.299804	97.249214
04801		8.465297	2.679549	-0.651155	-0.536199	-0.101921	0.022844	-0.573486	0.041504	-0.585938	90.358688	-79.312769	96.927371
04802		8.498857	2.727417	-0.659616	-0.614683	-0.111528	0.055968	-0.575439	0.048340	-0.578613	90.311913	-79.344677	96.617282
04803		8.385796	2.624808	-0.504566	-0.675184	-0.101241	0.083494	-0.578369	0.051025	-0.582764	90.244878	-79.392471	96.294863
04804		8.449707	2.485809	-0.340711	-0.722386	-0.119095	0.106046	-0.587891	0.055908	-0.578369	90.163305	-79.453166	95.957612
04805		8.525657	2.391253	-0.369769	-0.773566	-0.140022	0.132458	-0.585938	0.056152	-0.573486	90.163376	-79.529070	95.509740
04806		9.050610	2.135183	-0.519719	-0.824885	-0.144006	0.149287	-0.575684	0.065186	-0.581055	90.106009	-79.614604	95.088428
04807		9.042694	2.072481	-0.508064	-0.864740	-0.147824	0.158499	-0.581299	0.076904	-0.568115	90.085345	-79.705518	94.608776
04808		9.187942	1.827202	-0.634908	-0.855942	-0.161401	0.176024	-0.573975	0.078857	-0.574707	90.073342	-79.806514	94.123615
04809		9.069962	1.740397	-0.628998	-0.819966	-0.167812	0.169726	-0.574463	0.077637	-0.568604	90.151829	-79.903813	93.569593
04810		9.135987	1.629993	-0.508822	-0.742000	-0.173211	0.150169	-0.579834	0.087402	-0.568115	90.254305	-79.989893	93.034830
04811		9.196084	1.545405	-0.254492	-0.638891	-0.174734	0.118239	-0.580566	0.094238	-0.561768	90.469830	-80.057241	92.447297
04812		9.417874	1.601469	-0.181643	-0.547375	-0.161208	0.073858	-0.586914	0.092285	-0.568115	90.652914	-80.099183	91.944168
04813		9.663356	1.808148	-0.141263	-0.500405	-0.118684	0.049846	-0.601563	0.099121	-0.563477	90.768443	-80.127126	91.538841
04814		9.799281	1.860770	-0.081691	-0.462764	-0.071097	0.029590	-0.595215	0.110596	-0.554932	90.705433	-80.144172	91.334824
04815		9.840174	1.900381	-0.150195	-0.406137	-0.057613	0.028649	-0.590088	0.103760	-0.561768	90.674132	-80.160417	91.133391
04816		9.821127	1.967053	-0.178636	-0.341762	-0.072601	0.025808	-0.590576	0.102539	-0.560303	90.686328	-80.175357	90.923463
04817		9.751398	2.122917	-0.354403	-0.280676	-0.086361	0.029957	-0.590576	0.113037	-0.554688	90.822910	-80.192096	90.624622
04818		9.630526	2.342665	-0.573514	-0.244189	-0.104844	0.031681	-0.591553	0.110352	-0.558350	90.999910	-80.209958	90.304255
04819		9.470131	2.595194	-0.941687	-0.268551	-0.132989	0.026250	-0.593750	0.117432	-0.560547	91.299780	-80.223685	89.846796
04820		9.325988	2.845723	-1.165588	-0.321644	-0.143160	0.011168	-0.593994	0.115723	-0.553467	91.560752	-80.228695	89.396304
04821		9.122615	3.196648	-1.471866	-0.408749	-0.172960	-0.022239	-0.596680	0.122070	-0.545166	91.909211	-80.213165	88.808034
04822		9.051912	3.425932	-1.589155	-0.492541	-0.198658	-0.058336	-0.599609	0.121338	-0.556641	92.247871	-80.176240	88.179427
04823		9.089015	3.599301	-1.808177	-0.569292	-0.222941	-0.088065	-0.592773	0.118652	-0.552002	92.654299	-80.120555	87.438830
04824		9.061559	3.688272	-1.834406	-0.635261	-0.243626	-0.097958	-0.602295	0.121582	-0.542480	93.043831	-80.058077	86.675537
04825		9.230589	3.777660	-1.737274	-0.731513	-0.234644	-0.081182	-0.598633	0.128418	-0.547852	93.383628	-80.004272	85.907957
04826		9.483427	3.635981	-1.323646	-0.832403	-0.205355	-0.036599	-0.603516	0.134521	-0.538330	93.538245	-79.976645	85.268460
04827		9.770947	3.345164	-1.354417	-0.886446	-0.270041	-0.000991	-0.612793	0.134033	-0.536865	93.913253	-79.966187	84.374834
04828		10.263542	2.974383	-1.596206	-0.802446	-0.306880	0.021319	-0.600586	0.140137	-0.535645	94.424108	-79.965945	83.391101
04829		10.579434	2.462780	-1.594813	-0.728799	-0.351422	0.051486	-0.613525	0.141846	-0.530273	95.165259	-79.978652	82.217382
04830		10.738708	2.044799	-1.585529	-0.708938	-0.419941	0.084520	-0.612793	0.146484	-0.527344	96.118537	-80.003645	80.838975
04831		10.694598	1.662582	-1.513708	-0.713581	-0.413238	0.130309	-0.620361	0.150635	-0.527100	97.106276	-80.050649	79.423936
04832		10.547720	1.294368	-1.231491	-0.686065	-0.350561	0.156661	-0.629150	0.159912	-0.522705	97.896030	-80.114092	78.225274
04833		10.727982	1.010959	-0.903346	-0.622453	-0.280667	0.130603	-0.623047	0.154053	-0.510010	98.526799	-80.165254	77.226037
04834		11.166598	0.539608	-0.495891	-0.465504	-0.203769	0.053079	-0.618652	0.164307	-0.517334	98.930569	-80.178487	76.547681
04835		12.060471	0.069136	-0.008819	-0.220162	-0.173612	-0.078675	-0.623779	0.158691	-0.509033	99.338979	-80.118233	76.008104
04836		12.964941	-0.420579	0.518872	0.059938	-0.111102	-0.235486	-0.626221	0.161865	-0.519775	99.583304	-79.975836	75.796921
04837		13.008439	-0.914653	1.231086	0.430819	-0.146747	-0.383775	-0.629883	0.160889	-0.513916	100.093296	-79.744844	75.532574
04838		12.078231	-1.112209	1.175249	0.783700	-0.345027	-0.481030	-0.623535	0.146240	-0.511719	101.300863	-79.438872	74.763124
04839		10.807592	-0.763831	0.713949	1.024434	-0.381968	-0.490198	-0.621094	0.134277	-0.507568	102.719361	-79.118590	73.919800
04840		9.652461	0.108067	0.445881	1.096014	-0.305236	-0.447963	-0.635254	0.137695	-0.510498	103.898438	-78.830549	73.359857
04841		8.707344	1.328352	0.217889	0.985723	-0.184903	-0.327871	-0.636230	0.119629	-0.508057	104.754235	-78.622250	73.066103
04842		7.931946	2.576475	0.137956	0.752708	-0.129808	-0.175921	-0.641846	0.119385	-0.516113	105.392679	-78.507715	72.856160
04843		7.823696	3.673806	0.539032	0.449151	-0.162132	-0.062541	-0.644043	0.104736	-0.516113	106.050163	-78.447950	72.450783
04844		8.086736	4.484060	1.412295	0.077058	-0.161816	0.010005	-0.647217	0.108887	-0.512939	106.518858	-78.429460	72.018961
04845		8.437487	4.933176	2.139627	-0.362531	-0.204317	0.018743	-0.647217	0.112793	-0.499512	106.882384	-78.405982	71.438839
04846		8.900900	4.951399	2.145135	-0.718135	-0.280356	-0.025854	-0.644531	0.104980	-0.509521	107.176949	-78.346595	70.719695
04847		9.518577	4.278842	1.734829	-0.867203	-0.302712	-0.114734	-0.639160	0.120850	-0.500977	107.393798	-78.232154	69.993798
04848		10.051167	3.281479	1.395598	-0.847472	-0.302493	-0.180991	-0.650146	0.114014	-0.499023	107.527839	-78.082946	69.362496
04849		10.295107	2.237804	1.204726	-0.811452	-0.317877	-0.220098	-0.649658	0.118164	-0.493164	107.708591	-77.907483	68.705377
04850		10.389749	1.238359	1.259966	-0.813162	-0.282314	-0.238699	-0.653320	0.116455	-0.495117	107.743025	-77.729781	68.195279
04851		10.184147	0.410833	1.407965	-0.825491	-0.153071	-0.227719	-0.650391	0.130127	-0.495117	107.480292	-77.578745	67.983065
04852		9.689569	-0.168532	1.850459	-0.873426	-0.004728	-0.205828	-0.656006	0.124023	-0.485352	106.813981	-77.467321	68.154583
04853		9.345098	-0.353886	2.247824	-0.968629	0.092632	-0.164770	-0.658936	0.130615	-0.495850	105.919912	-77.391580	68.505000
04854		8.806548	-0.237980	2.462417	-1.021343	0.154202	-0.140984	-0.653076	0.139160	-0.486572	104.838139	-77.339461	69.015341
04855		8.392312	0.052830	2.604072	-1.030586	0.193316	-0.142079	-0.655273	0.135498	-0.484619	103.690237	-77.287787	69.589714
04856		8.133804	0.273611	2.704070	-0.980507	0.195819	-0.144108	-0.649170	0.145264	-0.495361	102.540225	-77.235362	70.194022
04857		8.703327	0.785353	2.275019	-0.897848	0.169650	-0.130804	-0.650391	0.137451	-0.488525	101.546705	-77.182328	70.688310
04858		8.951404	1.118666	1.647663	-0.771729	0.120970	-0.114794	-0.651855	0.144775	-0.484863	100.727477	-77.133829	71.076143
04859		9.381332	1.503400	1.120062	-0.608653	0.066907	-0.075507	-0.645996	0.144775	-0.482422	100.188070	-77.098259	71.274750
04860		9.800797	1.804112	0.712096	-0.448577	-0.001338	0.021575	-0.644531	0.149902	-0.485107	99.920258	-77.113014	71.286853
04861		10.194324	1.775277	0.264708	-0.388384	0.038029	0.111749	-0.650146	0.148926	-0.479980	99.659820	-77.179844	71.328745
04862		10.724276	1.709579	0.021556	-0.337102	0.041365	0.216729	-0.645752	0.156738	-0.480713	99.430466	-77.308994	71.366888
04863		10.941900	1.573836	0.001284	-0.324157	0.062938	0.280796	-0.644043	0.154053	-0.482178	99.210730	-77.473634	71.404741
04864		10.621151	1.194808	0.224118	-0.335268	0.009254	0.307785	-0.655762	0.167725	-0.482666	99.097664	-77.651415	71.324831
04865		10.815892	1.281537	0.267443	-0.413379	-0.028642	0.295829	-0.643311	0.164795	-0.474854	99.067161	-77.816243	71.116664
04866		10.507445	1.427075	0.043498	-0.455077	-0.051749	0.290521	-0.645508	0.166260	-0.482422	99.040112	-77.978946	70.878662
04867		10.176761	1.626096	-0.186267	-0.424822	-0.066559	0.286568	-0.646973	0.173096	-0.482422	99.106069	-78.135116	70.565452
04868		9.999435	1.702711	-0.331901	-0.418136	-0.056345	0.294742	-0.653076	0.174805	-0.482422	99.122156	-78.299849	70.305303
04869		9.702473	1.578734	-0.383106	-0.384964	-0.031076	0.299452	-0.647705	0.183594	-0.481934	99.128550	-78.466472	70.076588
04870		9.792094	1.407158	-0.262462	-0.349307	-0.012462	0.332589	-0.645752	0.182861	-0.480957	99.086601	-78.656669	69.916246
04871		9.682935	1.264612	-0.112480	-0.361527	0.063460	0.362786	-0.632080	0.194824	-0.474609	98.871278	-78.867705	69.927579
04872		9.550219	1.006139	0.085925	-0.327808	0.083415	0.370542	-0.641357	0.194580	-0.482666	98.579802	-79.088022	70.034260
04873		9.418537	0.825628	0.205446	-0.293321	0.138456	0.355185	-0.636230	0.189209	-0.471436	98.165340	-79.300972	70.288094
04874		9.349903	0.608434	0.113284	-0.208569	0.158535	0.335487	-0.646729	0.196289	-0.481445	97.678917	-79.507131	70.662454
04875		9.402658	0.455274	-0.025474	-0.070552	0.168567	0.306057	-0.637939	0.203857	-0.481201	97.250647	-79.693633	71.059758
04876		9.194893	0.387589	0.014504	0.014815	0.160855	0.289217	-0.646240	0.204102	-0.469971	96.835661	-79.872676	71.491098
04877		9.007998	0.404283	0.076547	0.090082	0.188237	0.291827	-0.640869	0.201660	-0.481689	96.400965	-80.051299	71.987943
04878		8.943412	0.325686	0.081820	0.164405	0.172913	0.292984	-0.634766	0.208008	-0.480957	96.002888	-80.232183	72.488599
04879		9.050044	0.198351	-0.060763	0.224584	0.187050	0.289596	-0.634521	0.196289	-0.481445	95.615249	-80.408224	73.015345
04880		9.066074	-0.048694	-0.181109	0.297788	0.208149	0.288117	-0.626465	0.205566	-0.493408	95.137820	-80.587049	73.673371
04881		9.245698	-0.275403	-0.294345	0.389345	0.251813	0.267377	-0.627686	0.196533	-0.481201	94.575441	-80.752053	74.472329
04882		9.468683	-0.446564	-0.381274	0.499426	0.294071	0.238637	-0.627441	0.200195	-0.495605	93.850755	-80.904075	75.497140
04883		9.697320	-0.358114	-0.290371	0.576386	0.341273	0.198185	-0.639160	0.206055	-0.496338	93.006783	-81.029295	76.689069
04884		9.623989	-0.215730	-0.242435	0.640870	0.356332	0.158471	-0.620605	0.197510	-0.502930	92.066410	-81.132262	78.013410
04885		9.555558	0.023864	-0.227258	0.689477	0.345029	0.112727	-0.615479	0.193115	-0.507324	91.212597	-81.202693	79.280217
04886		9.293740	0.200464	-0.137789	0.713956	0.341966	0.082875	-0.616211	0.187256	-0.511963	90.321471	-81.255890	80.596466
04887		9.285254	0.363735	-0.215326	0.749543	0.315744	0.053511	-0.613037	0.188965	-0.518555	89.583472	-81.286648	81.780567
04888		9.338186	0.641208	-0.331273	0.761364	0.349770	0.037989	-0.614258	0.182373	-0.523438	88.673338	-81.308287	83.143206
04889		8.892680	0.593409	-0.347404	0.839868	0.332594	0.024805	-0.613037	0.178467	-0.521484	87.916133	-81.317105	84.398957
04890		8.790733	0.599544	-0.032096	0.875781	0.307161	0.006943	-0.614258	0.177490	-0.528076	87.230206	-81.316338	85.600985
04891		8.409065	0.568004	0.189224	0.884603	0.237858	0.007749	-0.607178	0.165527	-0.537109	86.855496	-81.314050	86.495725
04892		9.741765	1.173793	-0.389383	0.846158	0.271890	0.013558	-0.608887	0.158691	-0.531738	86.283845	-81.315026	87.564939
04893		9.411614	1.074562	-0.588879	0.917195	0.299894	0.044542	-0.600342	0.156494	-0.538330	85.685558	-81.328785	88.704719
04894		9.346918	0.774260	-0.515228	0.997689	0.292957	0.053644	-0.603760	0.148438	-0.546143	85.107323	-81.348266	89.868337
04895		9.273676	0.579193	-0.445126	0.945795	0.311996	0.020640	-0.598877	0.148438	-0.549316	84.483364	-81.344184	91.050586
04896		9.081811	0.635443	-0.252910	0.880593	0.287506	-0.019401	-0.601807	0.143311	-0.544922	83.885312	-81.318561	92.166361
04897		9.328501	0.917136	-0.226322	0.818530	0.263336	-0.047818	-0.592773	0.142578	-0.556641	83.405322	-81.275012	93.129354
04898		9.654095	1.264850	-0.405371	0.766003	0.273235	-0.054815	-0.603516	0.134521	-0.560791	82.824220	-81.227025	94.161748
04899		9.883440	1.465410	-0.626920	0.709144	0.249222	-0.071955	-0.595459	0.130127	-0.565918	82.361080	-81.168135	95.044526
04900		9.717490	1.504772	-0.497689	0.629684	0.348801	-0.070319	-0.591553	0.133545	-0.561279	81.456076	-81.101869	96.326008
04901		9.686420	1.381245	-0.235557	0.564962	0.270695	-0.050765	-0.602051	0.116699	-0.570313	80.842824	-81.049698	97.277407
04902		9.668391	1.141800	-0.271977	0.505570	0.245470	-0.034801	-0.587646	0.121094	-0.567383	80.241751	-81.008466	98.179579
04903		9.699332	0.822748	-0.348095	0.483736	0.235688	-0.028760	-0.588867	0.118164	-0.572510	79.708827	-80.969190	99.002754
04904		9.728600	0.582776	-0.314717	0.508646	0.233962	-0.022359	-0.591797	0.117920	-0.573730	79.155624	-80.933441	99.858404
04905		9.782101	0.445412	-0.452723	0.554383	0.222132	-0.021585	-0.582520	0.103271	-0.583496	78.717187	-80.897359	100.627052
04906		9.720036	0.310585	-0.545687	0.608821	0.216194	-0.025769	-0.583496	0.107422	-0.579102	78.297139	-80.859589	101.406083
04907		9.597866	0.200265	-0.597855	0.667596	0.205513	-0.029439	-0.582031	0.098633	-0.574219	77.996643	-80.819389	102.100876
04908		9.602245	0.116246	-0.685004	0.719931	0.189557	-0.036284	-0.580811	0.091797	-0.586914	77.750313	-80.777625	102.768515
04909		9.724975	0.062684	-0.746804	0.742583	0.198461	-0.044174	-0.578857	0.089600	-0.583496	77.536818	-80.729073	103.418860
04910		9.656672	0.025181	-0.856324	0.767501	0.197440	-0.047720	-0.580566	0.090576	-0.586182	77.309123	-80.679161	104.095324
04911		9.623294	0.034206	-0.976255	0.807091	0.172642	-0.061162	-0.575928	0.069824	-0.596191	77.242293	-80.623703	104.634677
04912		9.463672	0.240056	-1.066917	0.845797	0.142851	-0.085460	-0.572754	0.079834	-0.598145	77.282179	-80.559365	105.085513
04913		9.430274	0.473074	-0.903858	0.888851	0.136963	-0.131168	-0.582275	0.076172	-0.600586	77.441431	-80.469374	105.443359
04914		9.266309	0.792303	-0.918418	0.932996	0.102186	-0.163694	-0.579590	0.057861	-0.596191	77.730130	-80.366722	105.692692
04915		9.393636	1.109583	-0.908786	0.940643	0.039939	-0.177246	-0.576172	0.058350	-0.601074	78.271375	-80.263128	105.693336
04916		9.564826	1.476907	-0.777676	0.879610	-0.018958	-0.167110	-0.573975	0.046875	-0.601563	78.921966	-80.173005	105.544531
04917		9.772489	1.781780	-0.754768	0.767192	-0.087060	-0.130310	-0.579102	0.039795	-0.600586	79.732842	-80.109344	105.170633
04918		9.963884	2.061412	-0.779059	0.688312	-0.108529	-0.104882	-0.572021	0.031494	-0.604248	80.513211	-80.062440	104.778791
04919		10.008315	2.243615	-0.478738	0.610384	-0.137667	-0.089857	-0.576660	0.029785	-0.603271	81.362538	-80.024460	104.274525
04920		10.136502	2.480574	-0.004450	0.531337	-0.171079	-0.085855	-0.577393	0.032227	-0.601563	82.235266	-79.991407	103.697557
04921		10.829347	2.948806	0.430697	0.423121	-0.181407	-0.053149	-0.575195	0.022949	-0.605469	83.093066	-79.974878	103.075638
04922		11.529002	3.563529	1.041538	0.243480	-0.201089	0.017660	-0.586670	0.026367	-0.601074	83.852845	-79.999661	102.445940
04923		12.676999	4.384345	2.471214	-0.007754	-0.131209	0.139639	-0.578613	0.022217	-0.610107	84.236871	-80.087411	102.054507
04924		13.203944	4.771686	2.349387	-0.188320	-0.112236	0.299977	-0.590332	0.024902	-0.594482	84.377655	-80.266290	101.802432
04925		12.874327	5.033259	0.700867	-0.330743	-0.125617	0.427476	-0.587891	0.023682	-0.603516	84.480939	-80.517411	101.508454
04926		11.886414	4.210503	-0.528864	-0.652194	-0.118417	0.472051	-0.586426	0.033203	-0.596924	84.333426	-80.794421	101.279791
04927		10.459815	2.872638	-0.219654	-0.697341	-0.262133	0.432496	-0.578857	0.044189	-0.600586	84.732623	-81.055774	100.473891
04928		9.410281	1.198746	0.286373	-0.342727	-0.486028	0.330874	-0.589844	0.048096	-0.592773	86.200773	-81.267971	98.790139
04929		8.839312	-0.570795	0.934317	0.035472	-0.516284	0.171942	-0.597900	0.044189	-0.594727	88.136592	-81.381301	96.855444
04930		8.590922	-2.002444	0.858462	0.309873	-0.483383	0.016229	-0.587158	0.048340	-0.592285	90.117223	-81.396372	95.032513
04931		8.569751	-2.602532	0.382657	0.416844	-0.402073	-0.088459	-0.596680	0.034180	-0.585938	91.878910	-81.341904	93.495183
04932		8.616297	-2.113259	-0.105164	0.483785	-0.291310	-0.116216	-0.591797	0.044189	-0.585693	93.203335	-81.270101	92.436209
04933		8.840452	-0.971274	0.337722	0.558478	-0.217478	-0.082287	-0.589355	0.027832	-0.582275	94.321445	-81.215043	91.631634
04934		8.956265	0.357985	0.952194	0.630258	-0.174576	-0.005685	-0.601807	0.031982	-0.583740	95.302531	-81.205914	91.004519
04935		8.975035	1.441377	1.356221	0.708420	-0.059834	0.076849	-0.592773	0.029541	-0.579834	95.968572	-81.246489	90.744257
04936		8.586494	2.151191	1.688334	0.796435	0.056376	0.172981	-0.593994	0.024170	-0.578857	96.260490	-81.351042	90.910761
04937		8.282355	2.528771	1.976510	0.858001	0.101165	0.276074	-0.600342	0.015869	-0.587891	96.497661	-81.514788	91.171022
04938		8.220503	2.817508	2.080768	0.836181	0.156739	0.356250	-0.593750	0.015869	-0.578613	96.501903	-81.730152	91.651252
04939		8.158821	2.991225	2.200239	0.736681	0.221371	0.396616	-0.591064	0.010742	-0.590332	96.231460	-81.970171	92.353806
04940		8.200054	3.181321	2.199256	0.614757	0.289396	0.419992	-0.584961	0.005859	-0.595215	95.543526	-82.228649	93.404311
04941		8.351672	3.309355	2.384863	0.524566	0.336104	0.400413	-0.589844	0.015137	-0.596680	94.578633	-82.474314	94.684070
04942		8.821156	3.296825	2.553418	0.425910	0.332277	0.349930	-0.586426	0.003906	-0.603271	93.437775	-82.689304	96.081168
04943		9.423847	3.229104	2.509274	0.297691	0.291153	0.247189	-0.582031	0.001709	-0.602295	92.365318	-82.839387	97.337119
04944		10.029956	3.116384	2.243499	0.182928	0.238717	0.130555	-0.572754	0.003174	-0.607178	91.357527	-82.919822	98.459021
04945		10.272057	2.751300	2.108843	0.143462	0.170163	0.045407	-0.587158	-0.002197	-0.605225	90.669989	-82.947784	99.237601
04946		10.492835	2.247899	1.856104	0.120222	0.061690	-0.027090	-0.584229	0.006592	-0.604492	90.412578	-82.933507	99.567129
04947		10.752020	1.843858	1.319828	0.080869	-0.003748	-0.113311	-0.580566	0.001465	-0.603516	90.484969	-82.868807	99.543824
04948		10.782744	1.563584	0.771188	0.045014	-0.085560	-0.202791	-0.576172	-0.001221	-0.609131	90.848865	-82.752884	99.203798
04949		10.790989	1.571291	0.414265	0.071454	-0.111897	-0.302731	-0.579590	-0.006592	-0.603271	91.374273	-82.578442	98.718288
04950		10.506067	1.605502	0.438142	0.150410	-0.111298	-0.363842	-0.590820	-0.005859	-0.597656	91.860553	-82.369143	98.315446
04951		10.239814	1.688257	0.486400	0.198503	-0.056746	-0.382042	-0.585449	-0.008301	-0.604492	92.168825	-82.149444	98.122076
04952		9.892050	1.638713	0.479899	0.224603	0.000775	-0.381318	-0.581299	-0.011475	-0.602295	92.199225	-81.932022	98.222029
04953		9.403797	1.550724	0.374584	0.247417	0.015404	-0.366849	-0.584229	-0.023926	-0.595459	92.234581	-81.722531	98.332484
04954		9.325338	1.530929	0.255044	0.248039	0.066180	-0.381672	-0.582031	-0.028564	-0.604492	92.030834	-81.506228	98.682766
04955		9.347991	1.647559	0.285287	0.266485	0.135553	-0.404707	-0.587891	-0.027588	-0.604492	91.632937	-81.277154	99.242583
04956		9.377832	1.779676	0.337748	0.278248	0.164918	-0.409594	-0.576416	-0.036377	-0.607178	91.116976	-81.045491	99.926737
04957		9.309618	2.043964	0.273686	0.304240	0.242065	-0.412348	-0.583252	-0.033936	-0.614746	90.413659	-80.811330	100.818451
04958		9.272631	2.112871	0.246798	0.318319	0.248097	-0.396864	-0.573730	-0.049805	-0.606689	89.696902	-80.584549	101.730213
04959		9.284359	1.964889	0.232129	0.279992	0.240710	-0.360178	-0.583252	-0.047607	-0.606445	89.058574	-80.376952	102.543086
04960		8.976482	2.137744	0.240307	0.193776	0.256331	-0.286864	-0.564209	-0.053467	-0.610840	88.304891	-80.209509	103.421000
04961		8.715710	2.577817	0.242481	0.167275	0.251086	-0.218187	-0.573242	-0.050293	-0.616455	87.608815	-80.079736	104.227753
04962		8.773481	2.837993	0.369828	0.179326	0.241142	-0.173626	-0.567627	-0.052002	-0.618652	86.926305	-79.973797	105.025753
04963		9.041322	2.949715	0.454343	0.152072	0.228798	-0.148822	-0.569824	-0.050781	-0.621094	86.314823	-79.881267	105.738277
04964		9.174302	2.958417	0.284796	0.068037	0.199134	-0.151060	-0.572266	-0.056641	-0.621826	85.725917	-79.786757	106.376969
04965		9.052150	2.868117	0.007445	-0.037913	0.166431	-0.158299	-0.572266	-0.052979	-0.622070	85.228276	-79.689164	106.863602
04966		8.944528	2.788886	-0.219083	-0.138669	0.119486	-0.184612	-0.564941	-0.066162	-0.614502	84.800569	-79.577380	107.218528
04967		8.881011	2.779415	-0.322576	-0.230607	0.071361	-0.214236	-0.566650	-0.067871	-0.619141	84.519671	-79.451721	107.372803
04968		8.944876	2.734274	-0.383834	-0.308716	0.068098	-0.240821	-0.564453	-0.062256	-0.615479	84.183712	-79.309976	107.535645
04969		8.996817	2.620253	-0.416463	-0.384896	0.056663	-0.242874	-0.559082	-0.064941	-0.612793	83.878700	-79.168572	107.624621
04970		9.139702	2.479048	-0.594178	-0.450665	0.032097	-0.238488	-0.565918	-0.063477	-0.624268	83.579978	-79.030050	107.666958
04971		9.153700	2.473105	-0.694006	-0.501053	0.025685	-0.211463	-0.568848	-0.055664	-0.629150	83.298010	-78.908390	107.664732
04972		8.906342	2.578245	-0.711312	-0.536231	0.003675	-0.143308	-0.564941	-0.053711	-0.625000	83.008070	-78.825886	107.648269
04973		8.776674	2.649127	-0.753320	-0.586978	-0.003768	-0.064085	-0.559570	-0.059570	-0.626221	82.714630	-78.790120	107.607551
04974		8.460412	2.651909	-0.770628	-0.643264	-0.029838	0.033624	-0.564941	-0.044189	-0.621826	82.398175	-78.810662	107.555712
04975		8.411569	2.603559	-0.701753	-0.687102	-0.042277	0.105307	-0.561768	-0.043945	-0.625977	82.093892	-78.874127	107.467579
04976		8.365945	2.457585	-0.758381	-0.734107	-0.077769	0.158502	-0.567383	-0.034668	-0.616455	81.813313	-78.969465	107.326309
04977		8.184860	2.335733	-0.878959	-0.786419	-0.133860	0.200656	-0.566895	-0.030762	-0.614990	81.678279	-79.094675	107.007871
04978		8.121669	2.270825	-0.996069	-0.829800	-0.169190	0.243879	-0.568359	-0.023926	-0.623047	81.577726	-79.246222	106.627745
04979		8.087587	2.237172	-1.023915	-0.860475	-0.175831	0.286403	-0.571533	-0.023438	-0.624756	81.494833	-79.423788	106.213394
04980		7.833953	2.263706	-1.068004	-0.865148	-0.165812	0.362182	-0.569580	-0.013916	-0.611328	81.319788	-79.642389	105.889021
04981		8.876377	1.888226	-0.907123	-0.832320	-0.170413	0.361198	-0.565918	-0.013672	-0.623047	81.212387	-79.862200	105.516526
04982		9.238242	1.701916	-0.764729	-0.822500	-0.239266	0.275589	-0.570313	-0.003418	-0.611328	81.350642	-80.038331	104.899345
04983		9.663632	1.728243	-0.883868	-0.770992	-0.308127	0.232272	-0.575684	0.004395	-0.604736	81.809233	-80.196260	103.988421
04984		9.964605	1.793477	-0.916737	-0.713860	-0.222579	0.225950	-0.578857	0.012207	-0.607666	82.010197	-80.341794	103.371439
04985		10.186967	1.814018	-0.609788	-0.651775	-0.110314	0.217023	-0.571289	0.014893	-0.604248	81.914188	-80.474174	103.093046
04986		10.204424	1.656787	-0.230575	-0.563245	-0.089999	0.215388	-0.572266	0.013184	-0.605713	81.772829	-80.603134	102.911150
04987		10.399136	1.439748	-0.009048	-0.489560	-0.004021	0.202221	-0.577881	0.029053	-0.604492	81.413344	-80.718515	102.994168
04988		10.272071	1.110092	-0.006346	-0.342849	0.063551	0.187005	-0.579102	0.029785	-0.608887	80.874075	-80.818290	103.343484
04989		9.897254	0.997708	-0.058486	-0.157227	0.064250	0.208990	-0.573486	0.027344	-0.607910	80.447158	-80.930917	103.687601
04990		9.483759	0.977969	-0.153201	-0.024419	0.029805	0.260542	-0.578125	0.027832	-0.610352	80.147812	-81.074723	103.978486
04991		9.083645	1.526828	-0.255816	-0.028942	-0.000577	0.290100	-0.577393	0.020996	-0.602295	79.959277	-81.238955	104.155472
04992		8.751098	2.402498	-0.333395	-0.147391	-0.032623	0.290965	-0.576172	0.034424	-0.609375	79.782865	-81.405906	104.250504
04993		8.616415	3.286075	-0.370362	-0.348724	-0.074665	0.262740	-0.580322	0.037354	-0.604492	79.695880	-81.562122	104.139389
04994		8.776862	3.928483	-0.139037	-0.645236	-0.066582	0.207240	-0.576904	0.049805	-0.604248	79.414350	-81.685244	104.052458
04995		9.127393	4.188410	0.217730	-0.952302	-0.013915	0.142059	-0.580322	0.048584	-0.602295	78.827888	-81.767156	104.096681
04996		9.407791	3.945425	0.148155	-1.134781	-0.082518	0.068350	-0.577881	0.050049	-0.596924	78.425248	-81.814078	103.849026
04997		9.693620	3.422144	-0.196666	-1.133961	-0.216777	-0.014561	-0.579834	0.060547	-0.596436	78.645191	-81.831078	102.973398
04998		10.170793	2.772548	-0.488513	-1.041057	-0.321717	-0.102855	-0.587402	0.062744	-0.601318	79.365839	-81.807498	101.645390
04999		10.485203	2.365339	-0.562964	-0.960044	-0.369716	-0.161962	-0.582275	0.072266	-0.584961	80.383487	-81.753843	100.064368
05000		10.647661	2.005296	-0.492461	-0.904540	-0.369732	-0.181207	-0.585205	0.071289	-0.588135	81.396403	-81.684087	98.519819
05001		10.683681	1.589016	-0.290979	-0.870673	-0.342577	-0.180698	-0.586914	0.077393	-0.579834	82.331743	-81.609790	97.073204
05002		10.881760	1.211967	-0.036259	-0.850755	-0.287655	-0.168397	-0.588623	0.073975	-0.575928	83.012507	-81.534502	95.895022
05003		11.321795	0.921278	0.163089	-0.789630	-0.181167	-0.167099	-0.592773	0.082031	-0.574951	83.336185	-81.452168	95.113248
05004		12.100413	0.466408	0.469067	-0.654111	-0.122748	-0.192746	-0.592285	0.082031	-0.573730	83.489611	-81.350090	94.581760
05005		12.984861	-0.040153	1.298414	-0.493530	-0.068698	-0.237597	-0.593018	0.083984	-0.586426	83.572796	-81.219643	94.214492
05006		13.146661	-0.293638	1.969089	-0.335332	-0.175945	-0.291739	-0.595459	0.091309	-0.575439	84.121385	-81.064044	93.467384
05007		12.280730	0.265079	1.720954	-0.127673	-0.441290	-0.309479	-0.597168	0.081299	-0.565674	85.745400	-80.910087	91.751971
05008		11.256020	1.281821	0.682908	0.144455	-0.678018	-0.271322	-0.597900	0.069824	-0.575684	88.267740	-80.775263	89.283257
05009		10.421078	2.229691	-0.113435	0.299371	-0.762743	-0.154116	-0.604736	0.079590	-0.570557	91.131040	-80.689486	86.558867
05010		9.933847	3.228877	-0.374066	0.215004	-0.722636	0.026399	-0.618164	0.070313	-0.560547	93.764290	-80.687369	84.017635
05011		9.545146	3.836281	-0.198991	-0.024628	-0.565435	0.207688	-0.613037	0.074951	-0.558838	95.800386	-80.779100	81.943291
05012		9.199098	3.723377	0.224514	-0.306528	-0.420684	0.307245	-0.617920	0.080566	-0.549805	97.219238	-80.927184	80.330805
05013		9.014952	3.067520	0.692700	-0.548608	-0.340135	0.319379	-0.612549	0.081299	-0.550293	98.291658	-81.082293	78.929756
05014		9.064943	2.347282	0.763341	-0.667704	-0.325526	0.245469	-0.624268	0.084473	-0.541748	99.210989	-81.193410	77.614842
05015		9.329675	1.586066	0.800459	-0.672362	-0.361039	0.118977	-0.619873	0.092529	-0.542236	100.229807	-81.225712	76.197067
05016		9.504070	1.041702	1.040781	-0.718188	-0.311518	-0.009166	-0.620117	0.091553	-0.534912	100.928276	-81.188384	75.076669
05017		9.417231	0.592407	1.453569	-0.818306	-0.228978	-0.131523	-0.622559	0.103271	-0.529053	101.203545	-81.089251	74.326522
05018		9.197528	0.448946	1.633160	-0.897435	-0.187399	-0.209985	-0.631104	0.104736	-0.526611	101.189903	-80.951173	73.822453
05019		9.045466	0.403458	1.803996	-0.951862	-0.092229	-0.255480	-0.635742	0.107910	-0.519531	100.804399	-80.797409	73.663497
05020		8.681325	0.210762	1.997826	-0.997917	0.052460	-0.284810	-0.624512	0.104980	-0.524170	99.854318	-80.643214	74.049410
05021		8.421752	0.033018	2.255662	-1.029163	0.162965	-0.319028	-0.626221	0.114014	-0.528076	98.544999	-80.477748	74.781908
05022		8.083203	-0.278748	2.514462	-1.016313	0.228648	-0.333389	-0.630615	0.106201	-0.527832	97.024356	-80.307272	75.736031
05023		8.797356	-0.401269	2.388742	-0.964332	0.270993	-0.335599	-0.620850	0.114502	-0.526855	95.465242	-80.133125	76.760436
05024		8.993648	-0.317698	2.346167	-0.862881	0.234571	-0.316078	-0.623779	0.115723	-0.532959	94.102124	-79.964988	77.644676
05025		9.322579	-0.055882	2.294431	-0.712861	0.151752	-0.276265	-0.629395	0.117432	-0.520020	93.160807	-79.812692	78.188935
05026		9.842858	0.329630	2.003884	-0.572768	0.087730	-0.233362	-0.626709	0.116211	-0.528320	92.498826	-79.682876	78.530227
05027		10.035924	0.694176	1.698457	-0.451928	0.048762	-0.179712	-0.627686	0.124023	-0.523438	92.074584	-79.581304	78.701254
05028		10.149113	1.101901	1.438582	-0.363775	-0.036394	-0.123360	-0.630859	0.124756	-0.533447	91.945582	-79.511292	78.622430
05029		10.052159	1.471807	1.055975	-0.321609	-0.080712	-0.071206	-0.623291	0.123779	-0.527344	92.012480	-79.469126	78.369957
05030		9.877576	1.697649	0.861911	-0.316249	-0.120617	-0.037000	-0.637939	0.122070	-0.533447	92.177967	-79.446863	78.019214
05031		9.881571	1.779331	0.632619	-0.346728	-0.145234	-0.001403	-0.624023	0.122070	-0.526611	92.434963	-79.442909	77.558694
05032		9.852973	1.662573	0.588734	-0.381418	-0.167290	0.029059	-0.622070	0.121094	-0.521973	92.714279	-79.456760	77.054179
05033		10.177935	1.547981	0.495552	-0.428332	-0.175240	0.073203	-0.633545	0.135010	-0.521240	93.029572	-79.493805	76.486853
05034		10.257152	1.454234	0.310080	-0.485516	-0.144073	0.135864	-0.627930	0.140381	-0.510742	93.199989	-79.568678	76.032560
05035		10.337216	1.401573	0.115284	-0.513124	-0.073160	0.210136	-0.628174	0.136475	-0.518311	93.181007	-79.686737	75.755953
05036		10.148250	1.178986	0.039238	-0.493011	-0.022963	0.254469	-0.632324	0.135986	-0.514404	92.994024	-79.833329	75.660808
05037		9.992476	1.080254	0.137041	-0.486976	0.036554	0.271547	-0.634521	0.145996	-0.517334	92.650425	-79.989944	75.729379
05038		9.590414	0.749575	0.301279	-0.449584	0.065526	0.289946	-0.633545	0.151611	-0.515381	92.197337	-80.159277	75.929716
05039		9.585417	0.620829	0.588519	-0.423278	0.066025	0.297891	-0.626709	0.145264	-0.516113	91.779513	-80.331371	76.110564
05040		9.609014	0.587230	0.591153	-0.397481	0.127963	0.285467	-0.621094	0.153809	-0.509033	91.120026	-80.498557	76.550251
05041		9.588838	0.500572	0.576843	-0.327622	0.167008	0.259430	-0.620850	0.158936	-0.512207	90.378095	-80.648672	77.115022
05042		9.628229	0.472810	0.495897	-0.238180	0.178415	0.226442	-0.623779	0.161133	-0.510254	89.592877	-80.780224	77.774158
05043		9.498314	0.394876	0.477731	-0.159246	0.219147	0.211894	-0.614746	0.168945	-0.517822	88.722513	-80.900040	78.566310
05044		9.321846	0.387358	0.517722	-0.080993	0.202164	0.196058	-0.623535	0.166260	-0.510986	87.903673	-81.010735	79.350171
05045		9.318111	0.505701	0.477289	-0.040439	0.200514	0.177033	-0.613525	0.168945	-0.517578	87.133741	-81.107402	80.109083
05046		9.363680	0.591411	0.506947	-0.004421	0.225020	0.162315	-0.619629	0.168701	-0.516602	86.244736	-81.194583	81.007871
05047		9.489774	0.659039	0.481423	0.017464	0.246037	0.155334	-0.616455	0.172852	-0.524170	85.311333	-81.273305	81.965392
05048		9.603233	0.650599	0.454768	0.034853	0.256809	0.156110	-0.612061	0.173096	-0.520508	84.293209	-81.350750	83.017120
05049		9.539312	0.547845	0.420375	0.032616	0.282917	0.143311	-0.606445	0.163330	-0.519775	83.200400	-81.415101	84.144268
05050		9.565293	0.517342	0.386200	0.046579	0.289217	0.127621	-0.609131	0.171143	-0.532715	82.045827	-81.467930	85.340358
05051		9.473295	0.412189	0.419871	0.067254	0.272843	0.106845	-0.604492	0.162354	-0.528809	81.001937	-81.505866	86.437801
05052		9.466960	0.394067	0.503633	0.094022	0.260733	0.087719	-0.612061	0.165771	-0.532471	79.984580	-81.532249	87.522328
05053		9.402674	0.298322	0.465750	0.137192	0.226980	0.079307	-0.605957	0.166504	-0.532227	79.158418	-81.553867	88.440001
05054		9.401728	0.377201	0.519259	0.167216	0.210392	0.066856	-0.608154	0.164307	-0.537354	78.379072	-81.569378	89.326108
05055		9.528810	0.503993	0.397992	0.198249	0.184840	0.056507	-0.599365	0.164063	-0.531006	77.758660	-81.579658	90.071077
05056		9.365498	0.556371	0.304381	0.238782	0.176391	0.044453	-0.603271	0.174561	-0.541016	77.163413	-81.583942	90.812413
05057		9.281228	0.677742	0.104869	0.288721	0.151141	0.028428	-0.592529	0.166504	-0.540283	76.744584	-81.580783	91.405990
05058		9.192067	0.714870	0.142470	0.332140	0.134562	0.010349	-0.599609	0.164551	-0.546631	76.391322	-81.569960	91.956729
05059		9.332555	0.762089	0.083924	0.345586	0.150111	0.005837	-0.597168	0.159424	-0.542725	76.031522	-81.553245	92.523599
05060		9.347164	0.726637	0.151526	0.377074	0.126036	0.003289	-0.600830	0.157471	-0.542969	75.745662	-81.538744	93.032218
05061		9.434920	0.580093	0.110542	0.391142	0.136706	-0.020654	-0.594971	0.155762	-0.546875	75.490926	-81.508373	93.519311
05062		9.284899	0.529818	0.168760	0.417653	0.146867	-0.019095	-0.601318	0.148682	-0.552002	75.177266	-81.477735	94.079559
05063		9.574668	0.436745	0.008120	0.458255	0.130767	-0.035274	-0.595215	0.146484	-0.548828	75.002830	-81.439485	94.524418
05064		9.897468	0.454390	-0.112492	0.479619	0.169829	-0.029104	-0.600830	0.144043	-0.549072	74.657399	-81.399166	95.152731
05065		9.989118	0.392200	0.047176	0.502410	0.177431	-0.010941	-0.593262	0.137695	-0.553467	74.320252	-81.366509	95.787836
05066		9.980432	0.363927	0.128323	0.511083	0.158022	-0.012887	-0.587646	0.146729	-0.557129	74.027371	-81.335941	96.381251
05067		10.010778	0.455590	0.188805	0.486973	0.222288	-0.028093	-0.599365	0.134521	-0.566406	73.545808	-81.285506	97.153623
05068		9.796648	0.512921	0.166438	0.507257	0.193914	-0.042829	-0.596924	0.130127	-0.559570	73.164019	-81.231374	97.834824
05069		9.701453	0.619467	0.077523	0.537105	0.147399	-0.047470	-0.580811	0.121582	-0.564453	73.010671	-81.181380	98.304357
05070		9.714792	0.722330	-0.001487	0.547166	0.156118	-0.051617	-0.595215	0.131348	-0.568848	72.805317	-81.128013	98.830253
05071		9.688389	0.685362	0.032865	0.574328	0.152499	-0.049004	-0.593994	0.122803	-0.570557	72.664647	-81.075872	99.308674
05072		9.550496	0.604855	0.068742	0.605131	0.131907	-0.038654	-0.585938	0.121826	-0.568115	72.570514	-81.033335	99.755678
05073		9.564265	0.486873	0.029270	0.633931	0.110354	-0.033253	-0.583740	0.118896	-0.564697	72.598142	-80.996839	100.098399
05074		9.627184	0.405184	-0.041240	0.674748	0.112130	-0.031536	-0.583008	0.110107	-0.574463	72.608457	-80.961579	100.480049
05075		9.650311	0.297394	0.023489	0.713601	0.108245	-0.039584	-0.587891	0.105469	-0.583740	72.698262	-80.922044	100.806103
05076		9.599563	0.242284	0.072329	0.723769	0.107515	-0.047697	-0.587158	0.100342	-0.582031	72.772694	-80.878894	101.151250
05077		9.574408	0.225140	0.016081	0.753447	0.107195	-0.072543	-0.583252	0.093506	-0.579590	72.925907	-80.821668	101.436285
05078		9.515323	0.277431	0.058211	0.789496	0.100120	-0.097194	-0.583496	0.093750	-0.583740	73.117217	-80.752940	101.701177
05079		9.497134	0.255906	0.112207	0.829188	0.095596	-0.121756	-0.589600	0.085693	-0.576904	73.404158	-80.670953	101.894792
05080		9.503179	0.248341	0.068350	0.864758	0.077525	-0.146309	-0.585205	0.075684	-0.594971	73.762730	-80.579334	102.033872
05081		9.486536	0.262229	0.192517	0.889302	0.089046	-0.162458	-0.584473	0.069824	-0.595459	74.142229	-80.476356	102.168672
05082		9.326670	0.325551	0.155632	0.929755	0.067936	-0.171337	-0.592285	0.064697	-0.592529	74.588022	-80.372748	102.257028
05083		9.261428	0.432454	0.229434	0.958392	0.059405	-0.162818	-0.583740	0.058594	-0.584229	75.097052	-80.274369	102.300665
05084		9.235190	0.542852	0.254739	0.972445	0.035029	-0.141742	-0.585205	0.052490	-0.592529	75.639757	-80.192209	102.315447
05085		9.194413	0.777630	0.139325	0.981590	0.002604	-0.120197	-0.590332	0.038818	-0.586914	76.299550	-80.125575	102.219581
05086		9.227618	0.959756	0.037966	1.000153	-0.040013	-0.098857	-0.585938	0.042236	-0.587646	77.055036	-80.077293	102.034414
05087		9.242933	1.121287	0.059208	0.985957	-0.064541	-0.072646	-0.584473	0.030518	-0.588135	77.886980	-80.045194	101.766285
05088		9.380026	1.258779	0.153480	0.954801	-0.094753	-0.051186	-0.587158	0.019775	-0.592529	78.750929	-80.029074	101.444543
05089		9.515908	1.522403	0.327285	0.899813	-0.079962	-0.035242	-0.591064	0.025391	-0.596680	79.553439	-80.018342	101.156155
05090		9.776347	1.839957	0.716255	0.846730	-0.004922	-0.032062	-0.582031	0.010986	-0.594727	80.053663	-80.002393	101.140834
05091		10.161761	2.294480	0.900873	0.778390	0.028788	-0.021036	-0.580566	0.009033	-0.589600	80.428659	-79.988173	101.215891
05092		10.827794	3.018852	1.505223	0.602831	0.085403	0.009520	-0.587158	-0.003906	-0.596436	80.476542	-79.986989	101.518041
05093		11.356357	3.570651	1.285713	0.402663	0.029546	0.092733	-0.592529	-0.004395	-0.585205	80.572370	-80.037058	101.657969
05094		11.968879	4.106471	0.970767	0.244168	-0.043047	0.205150	-0.584473	0.000000	-0.597900	80.722731	-80.158425	101.647522
05095		12.017879	4.122079	0.593422	0.164422	-0.054776	0.316289	-0.586914	0.000488	-0.588867	80.838029	-80.342776	101.629092
05096		11.533197	3.367267	0.402601	0.150174	-0.048793	0.383896	-0.586914	-0.000488	-0.600586	80.860037	-80.565557	101.694435
05097		10.754382	2.146097	0.497536	0.174368	-0.029183	0.376013	-0.584717	0.013916	-0.588379	80.862208	-80.781360	101.796445
05098		9.916717	0.952191	0.963872	0.211823	-0.020748	0.289540	-0.590576	0.004150	-0.603027	80.871889	-80.948110	101.910108
05099		9.476912	0.113389	1.291903	0.329062	-0.019916	0.169048	-0.591797	0.012207	-0.599609	81.045854	-81.045998	101.927828
05100		9.323404	-0.383219	1.445430	0.494895	-0.024799	0.049825	-0.590332	0.007813	-0.598145	81.369186	-81.077512	101.888026
05101		9.434814	-0.479331	1.191289	0.605716	0.026902	-0.034401	-0.588623	-0.002686	-0.602783	81.648219	-81.056171	101.959841
05102		9.514489	-0.262127	0.931960	0.659844	0.091630	-0.085571	-0.591797	-0.008545	-0.603516	81.719966	-81.001314	102.270229
05103		9.621303	0.252500	0.792715	0.687631	0.148021	-0.087128	-0.589844	-0.019043	-0.599854	81.641694	-80.940073	102.751374
05104		9.682198	0.946438	0.893802	0.720904	0.181786	-0.058492	-0.581543	-0.018066	-0.600098	81.419068	-80.892867	103.395247
05105		9.555008	1.531538	1.068043	0.737873	0.192570	-0.020809	-0.588867	-0.025146	-0.595459	81.184035	-80.864828	104.064440
05106		9.456769	1.968542	1.189323	0.729042	0.195174	0.016570	-0.583984	-0.017578	-0.610840	80.883531	-80.857958	104.791983
05107		9.202613	2.283403	1.321845	0.743218	0.207915	0.035951	-0.582764	-0.031494	-0.606934	80.568325	-80.859534	105.545519
05108		9.027965	2.411412	1.442900	0.757619	0.242910	0.044273	-0.584473	-0.039307	-0.606445	80.100360	-80.862149	106.459315
05109		8.820171	2.492419	1.485992	0.761709	0.273642	0.032571	-0.582764	-0.039307	-0.609131	79.567556	-80.853308	107.443981
05110		8.770118	2.581468	1.429176	0.763887	0.295983	0.020142	-0.578857	-0.044922	-0.607422	78.935115	-80.833722	108.528147
05111		8.823134	2.587839	1.353539	0.747776	0.315444	0.009059	-0.572998	-0.049805	-0.608398	78.271138	-80.803582	109.637709
05112		8.972194	2.609103	1.231168	0.755199	0.348806	0.008311	-0.569580	-0.051758	-0.602783	77.470042	-80.766641	110.887970
05113		9.120655	2.494595	0.923243	0.807410	0.384358	0.005736	-0.580078	-0.063477	-0.617432	76.621164	-80.720993	112.219727
05114		9.374656	2.337769	0.667211	0.887473	0.437424	0.007298	-0.566650	-0.067871	-0.625000	75.615879	-80.664991	113.754125
05115		9.672040	2.106909	0.704012	0.939048	0.529815	-0.002848	-0.562988	-0.069336	-0.619385	74.390090	-80.585413	115.544790
05116		9.840267	2.061379	0.896996	0.988400	0.606701	-0.029659	-0.560059	-0.077393	-0.627686	72.963142	-80.471118	117.566102
05117		10.079619	1.999360	1.117567	1.094991	0.654734	-0.075864	-0.552002	-0.087646	-0.628906	71.566979	-80.316035	119.621390
05118		10.253237	1.822404	1.334655	1.215786	0.702710	-0.117955	-0.547852	-0.087646	-0.635498	70.164625	-80.119550	121.751837
05119		10.315979	1.316629	1.473593	1.367771	0.727545	-0.142069	-0.553223	-0.106689	-0.632324	68.901889	-79.898161	123.832725
05120		10.097268	0.985637	1.666255	1.537773	0.715862	-0.150428	-0.538330	-0.119385	-0.640137	67.824272	-79.665822	125.823480
05121		9.720616	0.778303	1.633350	1.689699	0.706686	-0.149344	-0.541260	-0.131592	-0.648438	66.952902	-79.431832	127.696979
05122		9.304195	0.760964	1.291395	1.863300	0.689305	-0.117718	-0.528320	-0.140381	-0.648926	66.221823	-79.211772	129.527730
05123		9.014369	0.772769	1.194755	2.051782	0.693293	-0.073400	-0.531494	-0.158936	-0.639404	65.609521	-79.011986	131.351369
05124		8.729618	0.808437	1.268605	2.216509	0.700597	-0.033271	-0.529053	-0.176025	-0.648926	65.040189	-78.825621	133.225903
05125		8.645607	0.896568	1.423771	2.350163	0.706472	-0.016101	-0.523926	-0.191895	-0.650146	64.575401	-78.645709	135.075794
05126		8.751404	1.039960	1.279599	2.412364	0.691713	-0.022188	-0.513916	-0.201172	-0.647217	64.203343	-78.461227	136.865849
05127		9.031716	1.328232	1.164869	2.431296	0.682371	-0.051761	-0.508301	-0.224609	-0.645996	63.959620	-78.264411	138.539939
05128		9.284571	1.576228	1.164199	2.473452	0.663265	-0.096852	-0.498535	-0.243652	-0.655029	63.850865	-78.045487	140.099246
05129		9.573361	1.917016	0.850555	2.476860	0.655986	-0.135144	-0.506348	-0.264648	-0.650635	63.859506	-77.811117	141.544629
05130		9.697085	2.276704	0.549672	2.456729	0.665540	-0.156537	-0.495850	-0.277588	-0.642334	63.866281	-77.560472	142.978618
05131		9.666061	2.306211	0.646808	2.469335	0.682267	-0.163701	-0.498047	-0.290771	-0.641357	63.899223	-77.304927	144.397419
05132		9.512333	2.089943	0.662501	2.464617	0.671544	-0.165753	-0.498047	-0.314941	-0.650146	63.964339	-77.048183	145.779127
05133		9.428548	1.931958	0.410557	2.443166	0.641983	-0.161804	-0.484863	-0.321533	-0.641357	64.121962	-76.804587	147.057394
05134		9.491276	1.742303	0.358667	2.515358	0.674287	-0.165317	-0.468994	-0.341797	-0.629150	64.258217	-76.548598	148.398726
05135		9.502959	1.378319	0.464671	2.647588	0.700294	-0.164799	-0.473633	-0.359863	-0.625488	64.454019	-76.290577	149.760891
05136		9.583049	1.310698	0.284417	2.739018	0.690555	-0.164847	-0.468994	-0.375977	-0.620850	64.727981	-76.032874	151.095314
05137		9.721395	1.644791	0.171529	2.784906	0.682543	-0.170231	-0.462158	-0.407959	-0.619629	65.084728	-75.779435	152.375668
05138		9.766849	2.048257	0.198827	2.834868	0.679298	-0.166611	-0.457031	-0.425781	-0.612305	65.475028	-75.527267	153.649696
05139		9.698530	2.402578	0.183761	2.828085	0.672802	-0.164758	-0.450928	-0.435547	-0.607178	65.902336	-75.283265	154.885567
05140		9.495909	2.583117	0.045323	2.761734	0.668947	-0.138284	-0.450195	-0.458252	-0.592285	66.276374	-75.052688	156.135976
05141		9.270584	2.708670	0.008137	2.705507	0.689710	-0.125813	-0.444580	-0.471191	-0.596436	66.594110	-74.829343	157.415240
05142		9.166859	2.837104	0.019597	2.637864	0.662691	-0.102776	-0.443115	-0.496094	-0.575439	66.908011	-74.622443	158.657165
05143		9.070114	2.868924	-0.008203	2.570383	0.647109	-0.087723	-0.435303	-0.512695	-0.570068	67.224612	-74.432386	159.859797
05144		9.108035	2.964700	-0.142814	2.493235	0.631817	-0.078461	-0.436523	-0.528076	-0.555908	67.518990	-74.248571	161.038426
05145		9.111962	3.061322	-0.207621	2.426151	0.637517	-0.060645	-0.431885	-0.542725	-0.545898	67.771355	-74.078203	162.224074
05146		9.103007	3.232199	-0.102914	2.373108	0.608097	-0.047038	-0.422607	-0.549316	-0.539307	68.037996	-73.919034	163.362154
05147		9.040671	3.266862	-0.028281	2.319323	0.582927	-0.014776	-0.427490	-0.572754	-0.531494	68.313363	-73.787697	164.461972
05148		9.200658	3.410737	0.074246	2.203480	0.577978	0.034035	-0.416992	-0.578369	-0.530762	68.494378	-73.680695	165.589736
05149		9.130259	3.525485	0.034326	2.069310	0.595447	0.078057	-0.420410	-0.594238	-0.513184	68.549311	-73.598077	166.771196
05150		8.955214	3.646984	0.248049	1.980459	0.571785	0.124858	-0.412842	-0.601074	-0.503662	68.560759	-73.541533	167.943689
05151		9.038326	3.676108	0.356650	1.895030	0.537782	0.150590	-0.413574	-0.607666	-0.500000	68.576522	-73.509946	169.062558
05152		9.023038	3.549489	0.315103	1.789975	0.516019	0.168039	-0.414551	-0.615723	-0.491211	68.554721	-73.488056	170.156534
05153		8.997969	3.431002	0.226615	1.696098	0.492149	0.169026	-0.409912	-0.625000	-0.474854	68.528588	-73.475716	171.200469
05154		8.884527	3.352631	0.121037	1.622391	0.458624	0.162099	-0.409180	-0.638428	-0.475830	68.521013	-73.462394	172.179809
05155		8.988322	3.335631	0.212809	1.546775	0.440648	0.142724	-0.412842	-0.637451	-0.475586	68.522091	-73.446730	173.106254
05156		9.135502	3.369080	0.272355	1.470790	0.428315	0.132887	-0.404297	-0.637207	-0.463135	68.505461	-73.424084	174.004779
05157		9.229992	3.519626	0.502770	1.375838	0.407654	0.132043	-0.412842	-0.649658	-0.450439	68.477360	-73.409519	174.859660
05158		9.164788	3.674982	0.479121	1.259964	0.386479	0.148048	-0.410156	-0.655762	-0.450439	68.406460	-73.403385	175.689071
05159		9.032667	3.787156	0.482433	1.123060	0.360977	0.170137	-0.400635	-0.663086	-0.434326	68.290367	-73.418366	176.484671
05160		8.908639	3.857125	0.689852	1.011406	0.320347	0.187063	-0.405518	-0.668457	-0.438965	68.166909	-73.446094	177.220390
05161		8.886934	3.827062	0.670407	0.884129	0.256547	0.191808	-0.407471	-0.672852	-0.434082	68.082344	-73.494004	177.840060
05162		8.786308	3.773359	0.396284	0.729796	0.212418	0.194521	-0.404053	-0.670898	-0.423584	67.982215	-73.548029	178.382994
05163		8.797023	3.722584	0.109015	0.587635	0.189670	0.175038	-0.403809	-0.673096	-0.424316	67.855897	-73.600806	178.868752
05164		8.693352	3.808334	-0.057832	0.470479	0.213688	0.179581	-0.407471	-0.679688	-0.425049	67.612128	-73.645773	179.406435
05165		8.824265	3.922243	-0.119004	0.333433	0.223546	0.170804	-0.404297	-0.672852	-0.420410	67.277914	-73.687726	179.956831
05166		8.959257	4.008093	-0.121935	0.212192	0.221998	0.179196	-0.399170	-0.679199	-0.416992	66.867481	-73.728830	-179.486034
05167		9.199080	3.968679	0.044455	0.133019	0.211961	0.191032	-0.401855	-0.674072	-0.422363	66.418575	-73.781885	-178.936031
05168		9.098863	3.912598	0.280926	0.059708	0.175531	0.211925	-0.407227	-0.676025	-0.423828	65.973363	-73.848441	-178.433726
05169		9.216518	3.718946	0.413285	-0.008854	0.157483	0.233715	-0.396729	-0.669678	-0.419922	65.499360	-73.934177	-177.942588
05170		9.107080	3.487248	0.651039	-0.066455	0.112890	0.244008	-0.417725	-0.677002	-0.420166	65.060106	-74.030143	-177.521931
05171		8.956559	3.165393	0.796763	-0.118178	0.046780	0.266811	-0.400879	-0.669189	-0.427490	64.685907	-74.157917	-177.200200
05172		8.792439	2.978838	0.672730	-0.190705	-0.006315	0.281565	-0.414307	-0.668701	-0.422607	64.350046	-74.301109	-176.961364
05173		8.699653	2.956563	0.436789	-0.261031	-0.053086	0.296899	-0.417480	-0.659668	-0.433350	64.040008	-74.468258	-176.791698
05174		8.634007	3.029563	0.181061	-0.385500	-0.091618	0.312245	-0.417725	-0.667480	-0.432617	63.712607	-74.648006	-176.677710
05175		8.745063	3.389936	-0.019650	-0.525320	-0.116032	0.314100	-0.422852	-0.653320	-0.431396	63.342228	-74.839510	-176.602750
05176		8.843940	3.793103	0.012266	-0.630694	-0.124604	0.297221	-0.422119	-0.652588	-0.435303	62.940280	-75.019692	-176.557082
05177		8.954707	3.938781	0.159872	-0.699394	-0.139624	0.270919	-0.424805	-0.644287	-0.437744	62.546254	-75.195105	-176.560986
05178		9.078687	3.743897	0.111379	-0.815178	-0.149122	0.262453	-0.426758	-0.640869	-0.438721	62.110661	-75.363912	-176.589694
05179		9.138083	3.435547	0.093337	-0.931299	-0.154103	0.266298	-0.430420	-0.638428	-0.442383	61.606421	-75.540897	-176.617000
05180		9.047429	3.051326	0.150571	-0.963404	-0.165462	0.296188	-0.432617	-0.634033	-0.451660	61.071323	-75.731203	-176.630427
05181		9.127048	2.734122	0.127305	-0.978568	-0.220290	0.304166	-0.440186	-0.622803	-0.459961	60.617692	-75.945705	-176.737812
05182		9.240237	2.435431	0.080263	-1.003167	-0.259940	0.301354	-0.434082	-0.622070	-0.456543	60.231784	-76.165321	-176.928267
05183		9.465051	2.182483	0.293373	-1.002952	-0.273492	0.280187	-0.446045	-0.611328	-0.465088	59.891841	-76.383468	-177.166861
05184		9.641718	1.967598	0.254106	-0.945455	-0.309651	0.249059	-0.438477	-0.608398	-0.465332	59.700241	-76.592035	-177.522695
05185		10.022720	1.766962	0.324471	-0.854853	-0.275481	0.235705	-0.447754	-0.607422	-0.465576	59.503942	-76.789224	-177.821285
05186		10.354045	1.342311	0.619062	-0.791514	-0.219797	0.223637	-0.449707	-0.599365	-0.473145	59.246278	-76.959694	-178.018081
05187		10.421977	0.939306	0.471378	-0.762131	-0.210452	0.204657	-0.453857	-0.589600	-0.471436	59.004816	-77.123060	-178.215388
05188		10.492579	0.878129	0.268509	-0.723356	-0.223306	0.161879	-0.453613	-0.588135	-0.478271	58.873058	-77.264700	-178.501005
05189		10.520103	1.004146	0.118680	-0.679622	-0.203748	0.113831	-0.449707	-0.585693	-0.480225	58.784667	-77.381778	-178.806531
05190		10.413034	1.171914	0.115508	-0.588082	-0.156924	0.069020	-0.457520	-0.583008	-0.475586	58.711306	-77.458545	-179.072295
05191		10.256126	1.321936	0.179030	-0.507221	-0.096090	0.007032	-0.454834	-0.587646	-0.483887	58.630012	-77.491466	-179.283723
05192		10.276496	1.393744	0.473348	-0.433689	-0.037755	-0.049985	-0.460693	-0.573486	-0.486084	58.543075	-77.474728	-179.444852
05193		10.307803	1.294524	0.732108	-0.358219	0.011553	-0.100112	-0.453125	-0.569824	-0.486572	58.454143	-77.423218	-179.561015
05194		10.430176	1.151324	0.991168	-0.279171	0.066786	-0.144065	-0.449707	-0.577393	-0.485840	58.352804	-77.329381	-179.616716
05195		10.353258	0.895922	1.177073	-0.163385	0.037677	-0.184230	-0.454346	-0.573975	-0.491699	58.429798	-77.229028	-179.788616
05196		10.269054	0.692277	0.845539	0.025719	-0.035984	-0.231293	-0.454102	-0.574951	-0.489258	58.835531	-77.123210	179.814697
05197		9.848346	0.731178	0.357226	0.251298	-0.055260	-0.278924	-0.449219	-0.579834	-0.490234	59.461572	-77.003092	179.323086
05198		9.401506	0.997467	-0.091090	0.464306	-0.077347	-0.310256	-0.449463	-0.577393	-0.485596	60.287438	-76.868287	178.752647
05199		8.929099	1.845831	-0.233238	0.631500	-0.090802	-0.328312	-0.439209	-0.591553	-0.484131	61.241460	-76.730366	178.147381
05200		8.461399	3.142129	0.530525	0.651097	-0.103548	-0.319065	-0.441406	-0.593018	-0.471191	62.210225	-76.594230	177.539508
05201		7.948797	4.537527	1.224933	0.425311	-0.213648	-0.329567	-0.438477	-0.599609	-0.472168	63.276823	-76.483212	176.696359
05202		7.807174	5.724915	1.263444	0.104769	-0.319958	-0.364269	-0.447754	-0.604492	-0.471191	64.409537	-76.373254	175.597325
05203		7.913007	6.399145	1.309616	-0.151530	-0.358933	-0.406736	-0.441895	-0.605225	-0.472900	65.499823	-76.249924	174.388823
05204		8.618431	6.264997	1.023548	-0.296435	-0.393192	-0.441295	-0.446777	-0.603516	-0.471191	66.593700	-76.106489	173.092063
05205		9.640837	5.501506	0.987912	-0.295256	-0.346290	-0.470591	-0.449463	-0.595703	-0.459717	67.587434	-75.936064	171.896689
05206		10.192236	4.355045	1.330615	-0.247714	-0.316866	-0.452937	-0.444824	-0.598633	-0.468506	68.507320	-75.759076	170.806462
05207		10.574221	3.367384	1.400200	-0.205913	-0.365085	-0.445971	-0.440186	-0.603027	-0.465332	69.519813	-75.596085	169.642749
05208		10.420653	2.980834	1.099055	-0.077878	-0.421487	-0.450331	-0.436523	-0.602539	-0.456299	70.702360	-75.431289	168.380106
05209		10.072618	3.019720	0.733787	0.106903	-0.502299	-0.434457	-0.440186	-0.613770	-0.458008	72.118676	-75.287714	166.982595
05210		9.958864	3.078366	0.703517	0.197455	-0.524740	-0.391861	-0.435303	-0.610107	-0.457520	73.579448	-75.157438	165.593643
05211		9.997450	2.971001	0.868680	0.175988	-0.516785	-0.333047	-0.443115	-0.611816	-0.445801	74.953543	-75.054623	164.279149
05212		9.987694	2.675349	0.977096	0.151359	-0.509171	-0.250480	-0.439209	-0.615234	-0.447266	76.236392	-74.983732	163.045682
05213		9.791906	2.291340	1.186686	0.135374	-0.478928	-0.160010	-0.445313	-0.614014	-0.440186	77.394078	-74.957582	161.930335
05214		9.397608	1.856407	1.603798	0.082747	-0.440533	-0.094945	-0.440918	-0.606445	-0.436523	78.408010	-74.952819	160.934137
05215		8.784575	1.389644	1.976429	0.047883	-0.401089	-0.047828	-0.448242	-0.614014	-0.440186	79.301635	-74.970837	160.040261
05216		8.412795	0.898680	2.033003	0.050356	-0.326504	-0.026864	-0.457275	-0.617432	-0.444580	80.031448	-74.984821	159.318890
05217		8.416344	0.305744	2.144700	0.118435	-0.250884	-0.025251	-0.447998	-0.614746	-0.437988	80.644129	-74.995138	158.757850
05218		8.601763	-0.003225	2.157554	0.177539	-0.171243	-0.019488	-0.457764	-0.613281	-0.429688	81.117783	-74.995357	158.376869
05219		9.033461	0.034301	2.065295	0.257343	-0.103449	0.005115	-0.452881	-0.625244	-0.427734	81.489569	-75.007649	158.147646
05220		9.705631	0.271592	2.000327	0.360768	-0.025929	0.071834	-0.457764	-0.630615	-0.423828	81.731872	-75.046414	158.114535
05221		10.511832	0.410131	2.060768	0.449213	0.047280	0.159794	-0.455566	-0.616211	-0.425537	81.846801	-75.133585	158.264977
05222		11.179566	0.482582	1.990034	0.503026	0.065559	0.245673	-0.453613	-0.618408	-0.419189	81.921592	-75.263698	158.489150
05223		11.494362	0.508564	1.739405	0.586213	0.043090	0.319973	-0.452393	-0.630127	-0.410645	82.073709	-75.442226	158.682104
05224		11.171691	0.369473	1.712863	0.681546	0.039469	0.399862	-0.450195	-0.623047	-0.411133	82.258073	-75.662368	158.898107
05225		10.810883	0.156437	1.923776	0.745544	0.022655	0.468139	-0.458008	-0.615479	-0.406982	82.501498	-75.926914	159.090660
05226		10.545187	-0.154322	1.927940	0.717217	0.054729	0.519529	-0.455322	-0.632080	-0.400146	82.633320	-76.214480	159.381082
05227		10.448296	-0.321554	1.883706	0.695532	0.073427	0.533387	-0.459717	-0.621094	-0.399658	82.706917	-76.512630	159.718430
05228		10.413750	-0.262552	1.668781	0.699637	0.118892	0.554326	-0.463379	-0.626465	-0.395020	82.653003	-76.815639	160.188360
05229		10.263517	-0.088524	1.535835	0.791653	0.158443	0.578984	-0.471436	-0.620117	-0.385010	82.540709	-77.133321	160.772184
05230		10.294431	0.208790	1.546040	0.838009	0.186451	0.582674	-0.472900	-0.628662	-0.387939	82.357356	-77.447104	161.454646
05231		10.267436	0.485777	1.692449	0.782445	0.258351	0.569217	-0.471924	-0.623535	-0.385498	81.944519	-77.750395	162.339356
05232		10.128257	1.028049	2.070004	0.593129	0.350100	0.566500	-0.479004	-0.625977	-0.379883	81.136952	-78.038943	163.514948
05233		9.729071	1.337259	1.980658	0.394004	0.283189	0.553564	-0.483398	-0.623291	-0.384521	80.362101	-78.326361	164.540198
05234		9.284102	1.226995	1.519970	0.230665	0.213582	0.547462	-0.475830	-0.628906	-0.381592	79.636541	-78.611057	165.417490
05235		9.215186	1.120500	1.119436	0.130760	0.212693	0.525052	-0.482422	-0.613281	-0.371338	78.836050	-78.884321	166.313037
05236		9.055501	0.708372	0.752810	0.112368	0.269683	0.506714	-0.480957	-0.618896	-0.377930	77.818691	-79.134458	167.416788
05237		8.755533	0.045052	0.662714	0.147835	0.341391	0.426062	-0.483398	-0.608398	-0.382080	76.625335	-79.329794	168.720729
05238		9.393534	0.334435	0.900055	0.088002	0.420557	0.358275	-0.483154	-0.607422	-0.382568	75.160081	-79.467317	170.264462
05239		9.675770	0.994523	0.803006	0.049392	0.481870	0.293191	-0.485596	-0.609619	-0.385742	73.516382	-79.555115	171.967845
05240		9.441546	1.235624	0.831516	0.124228	0.400358	0.273851	-0.479492	-0.607666	-0.396729	72.142525	-79.634538	173.438726
05241		9.048181	1.189896	0.939358	0.175194	0.337097	0.263879	-0.481445	-0.606934	-0.387695	70.983405	-79.717516	174.721922
05242		8.948512	0.897817	0.846011	0.186820	0.338506	0.257520	-0.483154	-0.608398	-0.391602	69.807156	-79.788681	176.027675
05243		9.273971	0.753712	0.511002	0.228313	0.374189	0.234714	-0.480225	-0.608154	-0.375732	68.565456	-79.838879	177.425138
05244		9.515643	0.750818	0.358012	0.324618	0.422143	0.222471	-0.478027	-0.604248	-0.384521	67.233525	-79.863278	178.968843
05245		9.550751	0.689805	0.507118	0.420984	0.410941	0.228874	-0.482178	-0.610352	-0.383789	65.981370	-79.890873	-179.511211
05246		9.739046	0.742899	0.515617	0.459133	0.373037	0.251522	-0.473145	-0.614014	-0.392090	64.817797	-79.930303	-178.060493
05247		9.819069	0.733193	0.289137	0.497280	0.329722	0.262686	-0.485107	-0.613037	-0.385254	63.781418	-79.984756	-176.715666
05248		9.780244	0.832736	0.044910	0.561804	0.303333	0.262792	-0.485107	-0.609619	-0.390137	62.841058	-80.038681	-175.432287
05249		9.680898	1.018805	0.004072	0.650771	0.317449	0.246835	-0.481201	-0.603516	-0.379150	61.928689	-80.080480	-174.124498
05250		9.439094	1.035588	0.337208	0.723086	0.340325	0.227133	-0.481201	-0.618652	-0.373291	61.011059	-80.099226	-172.770607
05251		9.186716	1.113918	0.664051	0.721434	0.367003	0.200294	-0.485840	-0.611816	-0.369873	60.060566	-80.096533	-171.383171
05252		9.059691	1.166923	0.646163	0.769366	0.363411	0.161800	-0.479736	-0.625977	-0.371826	59.210997	-80.068862	-170.071379
05253		8.905034	1.001995	0.584393	0.848674	0.351412	0.140150	-0.482910	-0.618652	-0.377441	58.486170	-80.034274	-168.838840
05254		9.148562	0.869578	0.642945	0.912780	0.344734	0.120870	-0.486084	-0.628418	-0.356201	57.854951	-79.986583	-167.664996
05255		9.207474	0.797221	0.820543	0.942754	0.333193	0.102158	-0.477783	-0.625244	-0.353516	57.315550	-79.934528	-166.565679
05256		8.927851	0.579138	1.061095	0.984710	0.269310	0.100208	-0.473389	-0.621094	-0.358154	56.982136	-79.896763	-165.652094
05257		9.235164	0.584764	0.967172	1.023619	0.179736	0.088909	-0.483398	-0.636230	-0.355713	56.936587	-79.884195	-165.007116
05258		9.198215	0.485970	0.693345	1.048250	0.130780	0.067689	-0.483887	-0.638672	-0.340820	57.073324	-79.873684	-164.534061
05259		8.860897	0.318623	0.301512	1.170723	0.045773	0.049470	-0.481689	-0.645020	-0.333252	57.542626	-79.884245	-164.326432
05260		9.119343	0.370704	-0.064834	1.269540	0.031107	0.006280	-0.470947	-0.650635	-0.327393	58.181387	-79.875663	-164.234532
05261		9.185629	0.513918	-0.280327	1.336940	-0.008599	-0.023879	-0.478027	-0.647705	-0.328613	59.018882	-79.867405	-164.304177
05262		9.230551	0.425077	-0.545824	1.399695	-0.052463	-0.036613	-0.480469	-0.652100	-0.314453	60.032233	-79.862526	-164.516963
05263		9.165047	0.303897	-0.893931	1.444671	-0.047932	-0.035777	-0.478516	-0.659668	-0.301025	61.058244	-79.859002	-164.715413
05264		9.098872	0.227428	-0.986752	1.509242	-0.012916	-0.038189	-0.485107	-0.661377	-0.295410	62.024997	-79.841379	-164.816966
05265		9.134803	0.315846	-0.736801	1.510253	0.047662	-0.050853	-0.481934	-0.669189	-0.279541	62.838896	-79.803702	-164.761761
05266		9.133274	0.487233	-0.411961	1.468411	0.051147	-0.057488	-0.478271	-0.675537	-0.277100	63.625397	-79.759324	-164.703796
05267		9.168428	0.673244	-0.320346	1.398579	0.024311	-0.083992	-0.480713	-0.680908	-0.256836	64.482221	-79.710719	-164.757223
05268		9.202461	0.954454	-0.314855	1.355940	-0.006273	-0.106843	-0.475586	-0.683594	-0.250000	65.427739	-79.655105	-164.926267
05269		9.096239	1.203031	-0.462973	1.314132	-0.048494	-0.138335	-0.472656	-0.677490	-0.237793	66.504071	-79.594761	-165.252059
05270		9.034527	1.291863	-0.690965	1.274396	-0.096236	-0.168886	-0.467529	-0.691162	-0.231201	67.722905	-79.525429	-165.746479
05271		8.965619	1.254474	-0.779236	1.220364	-0.139217	-0.196413	-0.470947	-0.693115	-0.221680	69.053719	-79.450867	-166.385881
05272		9.102581	1.253875	-0.431550	1.167134	-0.129885	-0.222233	-0.462402	-0.697266	-0.214600	70.340784	-79.355668	-167.012337
05273		9.108690	1.243247	0.095777	1.098059	-0.151147	-0.237881	-0.475342	-0.701660	-0.211670	71.647156	-79.255641	-167.698561
05274		9.336595	1.265665	0.553142	1.003494	-0.180298	-0.235588	-0.470703	-0.704346	-0.201416	72.962709	-79.156852	-168.449798
05275		9.659982	1.756510	1.064452	0.841757	-0.184514	-0.222660	-0.461426	-0.707275	-0.197510	74.168384	-79.064985	-169.183466
05276		9.962181	2.364691	1.081490	0.689152	-0.215374	-0.175894	-0.475342	-0.722412	-0.190918	75.323084	-78.998604	-169.954800
05277		10.113212	2.914997	0.645896	0.519426	-0.292359	-0.101304	-0.466553	-0.717285	-0.173096	76.537162	-78.983566	-170.885470
05278		10.337574	3.298747	0.013841	0.310590	-0.335867	-0.051610	-0.463867	-0.719482	-0.171387	77.721561	-78.995876	-171.908181
05279		10.620112	3.318479	-0.597434	0.093459	-0.338025	-0.006426	-0.480957	-0.709961	-0.171387	78.764561	-79.032232	-172.913124
05280		11.274137	3.264051	-0.691734	-0.154012	-0.208335	0.021774	-0.472656	-0.713867	-0.171875	79.278229	-79.065354	-173.523496
05281		11.667014	2.967553	0.055813	-0.374152	-0.132967	0.032982	-0.464111	-0.710205	-0.173584	79.442847	-79.098466	-173.906495
05282		11.878561	2.315686	0.766065	-0.326314	-0.225286	0.004034	-0.468506	-0.702637	-0.173584	79.922690	-79.121924	-174.582729
05283		11.962280	1.240283	1.107010	-0.049081	-0.412468	-0.070602	-0.464844	-0.714111	-0.174805	81.151184	-79.121327	-175.859360
05284		12.286378	0.794183	1.241729	0.169209	-0.512447	-0.157143	-0.465332	-0.709229	-0.167969	82.830713	-79.071139	-177.468324
05285		12.401621	0.700319	0.678450	0.205209	-0.635523	-0.221258	-0.466553	-0.705811	-0.160645	84.894729	-78.984392	-179.448020
05286		12.369588	0.984036	0.167073	0.113712	-0.649176	-0.246395	-0.469971	-0.712646	-0.161377	86.914100	-78.868279	178.563269
05287		11.911165	1.128943	0.316823	0.103816	-0.594194	-0.244390	-0.467773	-0.716309	-0.159668	88.728527	-78.741580	176.777271
05288		11.478095	1.025239	0.735700	0.184937	-0.591806	-0.215868	-0.471436	-0.724365	-0.149170	90.538548	-78.618286	175.041929
05289		11.005009	0.751143	0.911494	0.266228	-0.601049	-0.174383	-0.463623	-0.716309	-0.147949	92.389380	-78.509815	173.312225
05290		10.394241	0.504488	0.989035	0.344153	-0.576610	-0.130108	-0.456299	-0.712402	-0.139648	94.186680	-78.414759	171.681492
05291		9.872917	0.405219	1.044375	0.443389	-0.541778	-0.105111	-0.465332	-0.723145	-0.129395	95.926432	-78.327545	170.167639
05292		9.410622	0.622025	1.164358	0.525044	-0.493699	-0.064176	-0.470215	-0.719482	-0.120117	97.566315	-78.256254	168.802332
05293		8.990219	0.995092	1.240024	0.584707	-0.439631	-0.034858	-0.469238	-0.722168	-0.116455	99.092322	-78.200072	167.588740
05294		8.616001	1.328004	1.320384	0.617939	-0.372601	0.009696	-0.467529	-0.724609	-0.113037	100.460015	-78.167855	166.555151
05295		8.230307	1.582511	1.324486	0.687535	-0.304323	0.039579	-0.468506	-0.727295	-0.110107	101.700014	-78.156612	165.693685
05296		7.923765	1.650101	1.240907	0.755316	-0.198447	0.070717	-0.470459	-0.722900	-0.100586	102.706491	-78.170781	165.109290
05297		7.593912	1.539804	1.479856	0.789744	-0.073535	0.098280	-0.464844	-0.722168	-0.093750	103.425122	-78.216077	164.840384
05298		7.487761	1.468662	1.771684	0.811302	0.048553	0.136605	-0.463135	-0.723145	-0.085205	103.850422	-78.297321	164.882340
05299		7.517786	1.496736	1.928954	0.814814	0.174592	0.183880	-0.462891	-0.721924	-0.077637	103.977874	-78.423591	165.231854
05300		7.720270	1.727757	2.047765	0.801981	0.297269	0.239394	-0.465332	-0.718506	-0.080078	103.786624	-78.596269	165.897215
05301		8.152278	1.940024	2.018387	0.764030	0.371819	0.283455	-0.471191	-0.720947	-0.071289	103.388170	-78.804143	166.752938
05302		8.689078	2.175431	2.009112	0.704619	0.442416	0.323889	-0.463379	-0.721191	-0.074707	102.744715	-79.040884	167.821012
05303		9.034613	2.220481	1.958511	0.634236	0.454683	0.352262	-0.474121	-0.723877	-0.075439	102.013868	-79.293867	168.938076
05304		9.467437	2.218350	1.871433	0.583802	0.434251	0.349065	-0.488770	-0.718018	-0.068115	101.258694	-79.538567	170.047359
05305		9.758292	2.211543	1.746204	0.552956	0.383236	0.322560	-0.481201	-0.722412	-0.069580	100.596590	-79.761678	171.045446
05306		10.177144	2.230931	1.641062	0.535271	0.330363	0.267925	-0.479492	-0.723389	-0.068359	100.013730	-79.945150	171.949647
05307		10.157435	2.242931	1.583061	0.491277	0.269492	0.218224	-0.475342	-0.715332	-0.063477	99.561313	-80.094656	172.697790
05308		10.157784	2.231701	1.596628	0.425782	0.199542	0.146495	-0.474854	-0.708740	-0.055176	99.231481	-80.194661	173.280478
05309		10.389860	2.242488	1.549377	0.371521	0.116504	0.040696	-0.485352	-0.713135	-0.053467	99.094048	-80.228364	173.638920
05310		10.214961	2.058720	1.371475	0.348127	0.018893	-0.065761	-0.477295	-0.720947	-0.061035	99.192512	-80.191379	173.741504
05311		10.094692	1.863302	1.242158	0.385704	-0.043226	-0.155627	-0.478027	-0.714844	-0.041992	99.481020	-80.099425	173.675946
05312		10.111202	1.672491	0.949310	0.420748	-0.091123	-0.243524	-0.483398	-0.712402	-0.040527	99.876254	-79.951601	173.519320
05313		10.047903	1.675443	0.585571	0.459546	-0.099332	-0.304642	-0.477783	-0.711182	-0.036377	100.291891	-79.769820	173.367538
05314		10.010349	1.708069	0.300868	0.491136	-0.079569	-0.339796	-0.473633	-0.721436	-0.045166	100.620031	-79.568613	173.319798
05315		10.121474	1.986387	-0.016536	0.492961	-0.039997	-0.361615	-0.463867	-0.713623	-0.040283	100.825901	-79.360797	173.400660
05316		10.128975	2.307842	-0.185428	0.479267	-0.007943	-0.357988	-0.463867	-0.726318	-0.041748	100.914888	-79.157025	173.589292
05317		10.078143	2.601099	-0.211121	0.464624	0.006184	-0.357780	-0.458252	-0.721680	-0.028320	100.971227	-78.956448	173.806028
05318		9.971371	2.856448	-0.174820	0.416038	-0.002823	-0.360796	-0.460938	-0.728271	-0.024414	101.012604	-78.751663	174.006497
05319		9.695607	3.052444	-0.127522	0.346510	0.004484	-0.340410	-0.464111	-0.729004	-0.022949	101.021922	-78.560722	174.202467
05320		9.384965	3.138356	-0.085146	0.249932	0.021698	-0.308184	-0.457031	-0.729736	-0.021729	100.935512	-78.388090	174.436456
05321		9.023636	3.169977	-0.054077	0.157629	0.058442	-0.276114	-0.456543	-0.738525	-0.013672	100.732028	-78.239020	174.739459
05322		8.802804	3.138145	-0.056645	0.078267	0.088942	-0.242487	-0.453125	-0.734863	-0.020264	100.411090	-78.110008	175.112784
05323		8.454196	3.116714	0.014037	-0.000849	0.121577	-0.222849	-0.442139	-0.741699	-0.016357	99.988541	-77.996709	175.547179
05324		8.454292	2.969774	0.034951	-0.054209	0.102227	-0.207153	-0.451904	-0.743164	-0.020020	99.588085	-77.887784	175.924482
05325		8.533050	2.911798	-0.057535	-0.151451	0.117684	-0.200224	-0.446777	-0.733154	-0.016357	99.114857	-77.785595	176.322800
05326		8.604621	2.811225	-0.066417	-0.231214	0.113812	-0.185880	-0.446777	-0.746826	-0.020508	98.605831	-77.688374	176.707683
05327		8.616156	2.790854	-0.170158	-0.301513	0.107817	-0.155483	-0.439941	-0.735107	-0.021484	98.103460	-77.609282	177.048102
05328		8.602757	2.770224	-0.340174	-0.369845	0.119393	-0.110234	-0.437744	-0.742188	-0.029297	97.540214	-77.553894	177.407388
05329		8.582745	2.693349	-0.566709	-0.447657	0.141179	-0.067163	-0.441406	-0.735107	-0.033936	96.907212	-77.525986	177.795977
05330		8.618963	2.533661	-0.814117	-0.530637	0.159213	-0.018423	-0.433838	-0.744629	-0.038330	96.183817	-77.523685	178.225050
05331		8.777816	2.248794	-0.719363	-0.617099	0.164004	0.030508	-0.442139	-0.741699	-0.048828	95.423799	-77.550706	178.644298
05332		8.851086	1.910481	-0.482097	-0.683489	0.171644	0.054484	-0.436035	-0.743652	-0.047607	94.596212	-77.588129	179.090407
05333		9.002593	1.752436	-0.408501	-0.690645	0.125996	0.034749	-0.442871	-0.729492	-0.056152	93.888293	-77.613486	179.413065
05334		8.952956	1.754355	-0.663664	-0.660010	0.094840	0.039844	-0.440918	-0.733887	-0.058594	93.265813	-77.637415	179.662928
05335		8.855012	1.744245	-0.728152	-0.654681	0.112794	0.069074	-0.438477	-0.732910	-0.062500	92.613554	-77.680443	179.949632
05336		8.829816	1.689227	-0.716826	-0.675922	0.135046	0.110965	-0.435547	-0.732910	-0.067627	91.879493	-77.744786	-179.695619
05337		8.765799	1.658225	-0.732816	-0.694190	0.106220	0.141819	-0.442139	-0.741699	-0.068848	91.219443	-77.827878	-179.424245
05338		8.745855	1.620704	-0.934563	-0.702569	0.062970	0.178599	-0.442871	-0.733398	-0.081299	90.653846	-77.928597	-179.257525
05339		8.827327	1.587831	-1.192110	-0.706418	0.080825	0.218011	-0.443115	-0.727783	-0.082520	90.043649	-78.054033	-179.044491
05340		8.998764	1.480600	-1.157832	-0.664475	0.107462	0.250012	-0.444824	-0.725830	-0.087402	89.364241	-78.194815	-178.739158
05341		9.268608	1.434132	-0.813491	-0.580352	0.091816	0.248200	-0.457031	-0.723633	-0.088623	88.776171	-78.336424	-178.475165
05342		9.755239	1.369036	-0.563499	-0.499549	0.056391	0.204916	-0.442383	-0.731934	-0.095459	88.316312	-78.450886	-178.297636
05343		9.973042	1.401491	-0.477086	-0.410068	0.037787	0.156313	-0.449951	-0.716797	-0.099365	87.969671	-78.539991	-178.180674
05344		10.054706	1.357464	-0.344980	-0.296176	0.027594	0.133573	-0.445313	-0.726807	-0.087646	87.705904	-78.613860	-178.084343
05345		10.179928	1.371646	-0.172062	-0.197928	0.005378	0.108450	-0.445801	-0.715576	-0.103516	87.573377	-78.676121	-178.061858
05346		10.157904	1.428070	-0.152680	-0.130985	-0.020407	0.105439	-0.448486	-0.710938	-0.093750	87.542495	-78.735043	-178.106479
05347		10.091194	1.644413	-0.027053	-0.071600	-0.029281	0.102766	-0.457031	-0.718018	-0.095215	87.582261	-78.794888	-178.185867
05348		9.931539	1.944361	0.029475	-0.025565	-0.040027	0.101019	-0.449463	-0.719238	-0.093994	87.670064	-78.851794	-178.289845
05349		9.905978	2.166888	0.050544	-0.018700	-0.058290	0.098286	-0.451416	-0.710205	-0.099854	87.826975	-78.909677	-178.457698
05350		9.832910	2.434629	0.006516	-0.062061	-0.085102	0.096572	-0.449463	-0.711914	-0.097900	88.028982	-78.964864	-178.699290
05351		9.609538	2.654203	-0.147736	-0.134731	-0.122576	0.086096	-0.450928	-0.718506	-0.100586	88.313670	-79.016702	-179.064980
05352		9.357792	2.954773	-0.402041	-0.225873	-0.145911	0.094083	-0.456299	-0.715332	-0.105957	88.606993	-79.070920	-179.495062
05353		9.063958	3.225082	-0.624349	-0.315401	-0.151883	0.107549	-0.454102	-0.718750	-0.097656	88.880418	-79.134715	-179.954562
05354		8.999832	3.521394	-0.809177	-0.417358	-0.152265	0.120583	-0.458740	-0.709961	-0.099365	89.089474	-79.203323	179.589721
05355		9.029740	3.765638	-0.907210	-0.540627	-0.138046	0.134595	-0.453125	-0.709717	-0.093262	89.199255	-79.281885	179.165653
05356		9.183353	3.911758	-0.944248	-0.692163	-0.122137	0.157838	-0.455078	-0.703613	-0.097900	89.166047	-79.371135	178.796618
05357		9.246884	3.845881	-0.967009	-0.846496	-0.137787	0.182758	-0.448242	-0.700684	-0.116699	89.104808	-79.477299	178.368501
05358		9.245877	3.697031	-1.136712	-1.014334	-0.173091	0.210850	-0.463135	-0.702881	-0.114014	89.049347	-79.597342	177.834792
05359		9.304944	3.485576	-1.290382	-1.167807	-0.219842	0.228786	-0.453857	-0.703369	-0.123779	89.068594	-79.730753	177.138057
05360		9.639644	3.371720	-1.209788	-1.341316	-0.159022	0.244012	-0.467285	-0.701904	-0.127441	88.791503	-79.869753	176.639815
05361		9.756605	3.069531	-0.983273	-1.481921	-0.143853	0.260327	-0.460938	-0.691406	-0.141602	88.396263	-80.021170	176.181866
05362		9.959627	2.560048	-0.829847	-1.522369	-0.186732	0.244791	-0.463379	-0.688232	-0.142822	88.111718	-80.162041	175.586505
05363		10.298914	2.007275	-0.591140	-1.483764	-0.225841	0.200159	-0.463623	-0.675049	-0.149902	87.999355	-80.281344	174.840824
05364		10.464572	1.386789	-0.532500	-1.430747	-0.256560	0.142862	-0.463379	-0.683838	-0.159912	88.024505	-80.365678	173.985075
05365		10.695533	0.967723	-0.565684	-1.337646	-0.293611	0.106609	-0.473145	-0.684326	-0.166748	88.250444	-80.432490	172.981589
05366		10.722200	0.462763	-0.457122	-1.208581	-0.275543	0.096363	-0.464844	-0.679199	-0.174072	88.487550	-80.489725	172.040398
05367		10.959785	-0.019303	-0.182418	-1.057719	-0.272624	0.073960	-0.464355	-0.676025	-0.176514	88.820226	-80.536042	171.091640
05368		11.220446	-0.425291	-0.011307	-0.870147	-0.250662	0.029157	-0.465576	-0.677734	-0.184082	89.181666	-80.553014	170.221217
05369		11.618084	-0.842312	0.298150	-0.638986	-0.199653	-0.042501	-0.465576	-0.660645	-0.186035	89.514062	-80.530233	169.516045
05370		12.010934	-1.107304	0.828514	-0.362251	-0.161227	-0.137419	-0.468750	-0.680176	-0.191406	89.859662	-80.450062	168.956523
05371		12.424478	-1.199489	1.434900	-0.109758	-0.052927	-0.240053	-0.468262	-0.668213	-0.187988	89.986928	-80.312818	168.766623
05372		12.143717	-1.275807	1.930422	0.157574	-0.039819	-0.320353	-0.453125	-0.678467	-0.185303	90.206268	-80.127635	168.636781
05373		11.181702	-1.084347	2.032011	0.435660	-0.198922	-0.373879	-0.464111	-0.674072	-0.176270	91.099554	-79.912369	167.986190
05374		9.986980	-0.382987	1.726820	0.649003	-0.321857	-0.381557	-0.447754	-0.680664	-0.176514	92.455493	-79.686881	166.987082
05375		8.891132	0.915974	1.251839	0.612571	-0.368085	-0.342770	-0.449219	-0.675049	-0.168457	93.902296	-79.479272	165.875867
05376		8.154601	2.433675	1.185318	0.338827	-0.343755	-0.232031	-0.458496	-0.683594	-0.161377	95.086971	-79.330235	164.868686
05377		7.862545	3.665988	1.173225	-0.054934	-0.324841	-0.076658	-0.450684	-0.683105	-0.166992	96.022829	-79.268635	163.887209
05378		7.804382	4.562676	1.314716	-0.456120	-0.406856	0.085909	-0.453857	-0.687012	-0.155762	97.009953	-79.289934	162.616980
05379		8.143647	4.714732	0.923790	-0.773045	-0.521014	0.182175	-0.454590	-0.673096	-0.169434	98.219189	-79.353932	160.938686
05380		8.645545	4.028952	-0.242244	-0.867984	-0.401219	0.186990	-0.448730	-0.678223	-0.165771	99.015039	-79.424068	159.623335
05381		9.285499	2.677693	-1.003858	-0.713386	-0.162212	0.084773	-0.448486	-0.665527	-0.169434	99.149371	-79.457418	159.073881
05382		9.812610	1.567517	0.051023	-0.597007	0.026195	-0.059462	-0.449707	-0.672363	-0.165283	98.693595	-79.424613	159.189967
05383		10.185984	0.900268	1.655566	-0.730255	-0.004981	-0.182258	-0.451172	-0.674561	-0.176758	98.217956	-79.320974	159.251172
05384		10.202716	0.491872	2.109239	-0.915645	-0.126506	-0.276526	-0.456299	-0.677979	-0.185303	97.947443	-79.152550	158.992768
05385		9.890706	0.119701	1.883069	-0.924539	-0.139619	-0.332090	-0.453125	-0.679199	-0.191406	97.702872	-78.953241	158.705307
05386		9.436473	-0.321216	1.943919	-0.852770	-0.045177	-0.337067	-0.447510	-0.669922	-0.190430	97.210311	-78.757261	158.709271
05387		8.800685	-0.782532	2.301493	-0.791817	0.074003	-0.288707	-0.446289	-0.668213	-0.205078	96.457197	-78.598171	159.017629
05388		8.703393	-0.966175	2.418477	-0.760662	0.118525	-0.246736	-0.449707	-0.671631	-0.196045	95.607530	-78.463870	159.439470
05389		8.640054	-0.869843	2.445405	-0.690450	0.180475	-0.209808	-0.436768	-0.674561	-0.204590	94.666307	-78.353543	159.999436
05390		8.908340	-0.558043	2.669642	-0.593898	0.246512	-0.197998	-0.431885	-0.676758	-0.207275	93.597519	-78.249996	160.742569
05391		9.182908	-0.183314	2.820487	-0.536652	0.294954	-0.163432	-0.433350	-0.668457	-0.214355	92.466777	-78.165614	161.586565
05392		9.641748	0.225710	2.787602	-0.494556	0.281385	-0.136953	-0.432861	-0.673828	-0.218750	91.394490	-78.092247	162.391486
05393		9.863179	0.708695	2.642008	-0.440602	0.229807	-0.128246	-0.427979	-0.667969	-0.224854	90.522542	-78.021213	163.027680
05394		9.888891	1.106298	2.385470	-0.349311	0.146069	-0.106197	-0.430176	-0.665771	-0.214600	89.916895	-77.960440	163.440628
05395		10.456105	1.536312	1.965846	-0.280546	0.071632	-0.053132	-0.425781	-0.669922	-0.227295	89.573240	-77.930075	163.630654
05396		10.387613	1.566420	1.573161	-0.205864	-0.003840	0.034068	-0.430664	-0.668213	-0.235107	89.452840	-77.949444	163.631243
05397		10.452804	1.502027	1.088604	-0.156416	-0.070365	0.103069	-0.430176	-0.672119	-0.228271	89.558804	-78.009108	163.434262
05398		10.075297	1.187834	0.604781	-0.091089	-0.088993	0.184829	-0.430176	-0.668213	-0.232666	89.731952	-78.115248	163.201874
05399		10.102130	0.935148	0.311061	-0.043094	0.031600	0.242195	-0.426025	-0.664307	-0.233887	89.625746	-78.254172	163.288138
05400		10.120534	0.752784	0.317764	-0.011473	0.102629	0.288163	-0.430908	-0.667969	-0.233154	89.313685	-78.418759	163.597952
05401		10.283022	0.703129	0.293521	0.002786	0.130573	0.332701	-0.435059	-0.661377	-0.231689	88.941786	-78.608495	163.982061
05402		10.372967	0.636253	0.536478	-0.026469	0.177310	0.379690	-0.433838	-0.665039	-0.231689	88.378256	-78.823738	164.539091
05403		10.467146	0.580004	0.680902	-0.035300	0.193411	0.420050	-0.436035	-0.662109	-0.230957	87.758915	-79.060836	165.152515
05404		10.526567	0.570090	0.710993	-0.051635	0.208557	0.447461	-0.434326	-0.656494	-0.240234	87.028519	-79.311727	165.863793
05405		10.341284	0.672132	0.694089	-0.044252	0.220916	0.436762	-0.437988	-0.655029	-0.236816	86.256616	-79.554461	166.626190
05406		10.032102	0.649117	0.538964	0.028772	0.235234	0.423128	-0.448486	-0.656250	-0.238037	85.423086	-79.786744	167.487946
05407		9.720098	0.547328	0.598034	0.110361	0.261427	0.375304	-0.446533	-0.656006	-0.235352	84.553976	-79.988238	168.437966
05408		9.360348	0.595488	0.676062	0.158331	0.274733	0.315163	-0.444092	-0.656006	-0.236328	83.627130	-80.151917	169.468707
05409		9.009188	0.606428	0.862511	0.184437	0.268921	0.266436	-0.447021	-0.648926	-0.239990	82.750078	-80.285625	170.468892
05410		8.745831	0.509988	0.906139	0.215275	0.235196	0.251499	-0.440674	-0.659424	-0.234619	81.957417	-80.410753	171.395694
05411		8.739001	0.364042	0.919650	0.243789	0.271544	0.241168	-0.441650	-0.658203	-0.237305	81.069143	-80.524895	172.441001
05412		8.918246	0.296447	0.998275	0.257858	0.317171	0.229500	-0.443115	-0.643066	-0.239258	79.987800	-80.624897	173.684474
05413		9.145081	0.261838	1.037263	0.268021	0.333531	0.231970	-0.437256	-0.653809	-0.229248	78.858987	-80.720952	174.986991
05414		9.284043	0.269146	0.971674	0.307560	0.325045	0.239272	-0.448486	-0.642822	-0.237305	77.721954	-80.817542	176.314953
05415		9.533288	0.266074	0.884666	0.343697	0.301709	0.231221	-0.443359	-0.647705	-0.234375	76.698316	-80.908991	177.554157
05416		9.486659	0.299762	0.761920	0.370905	0.265643	0.212666	-0.448975	-0.656006	-0.228760	75.779862	-80.991229	178.696791
05417		9.428428	0.354471	0.525779	0.402233	0.232186	0.184497	-0.446289	-0.651367	-0.231934	75.036440	-81.060571	179.685700
05418		9.425560	0.382979	0.178114	0.437465	0.226784	0.152808	-0.444580	-0.652100	-0.236328	74.319205	-81.110734	-179.337200
05419		9.423214	0.391943	0.141864	0.447561	0.227616	0.116889	-0.446777	-0.650635	-0.229736	73.664504	-81.139728	-178.412070
05420		9.294806	0.331674	0.264530	0.444187	0.222690	0.082572	-0.448486	-0.651855	-0.229492	73.025969	-81.148525	-177.510848
05421		9.302606	0.378370	0.302364	0.430703	0.232944	0.032427	-0.447021	-0.653076	-0.224121	72.429862	-81.127245	-176.654827
05422		9.030702	0.362547	0.559045	0.431511	0.227741	-0.011023	-0.439453	-0.649658	-0.222900	71.874626	-81.081272	-175.845160
05423		9.192836	0.422540	0.611922	0.445829	0.201307	-0.039795	-0.446045	-0.652832	-0.219971	71.489885	-81.024002	-175.194136
05424		8.995286	0.398929	0.705014	0.485003	0.128893	-0.063042	-0.443115	-0.659424	-0.217041	71.377452	-80.966284	-174.801547
05425		8.883270	0.285399	0.472264	0.563237	0.053423	-0.076404	-0.442383	-0.657959	-0.213623	71.614919	-80.915687	-174.712269
05426		8.850450	0.160996	0.155990	0.656634	0.009438	-0.084803	-0.443848	-0.664063	-0.213379	72.032646	-80.867945	-174.756930
05427		8.940935	0.195832	-0.006296	0.723388	0.010206	-0.078784	-0.435059	-0.665283	-0.203369	72.507512	-80.823783	-174.815147
05428		8.714092	0.024230	0.046147	0.761296	-0.030309	-0.087755	-0.442627	-0.664307	-0.201904	73.117353	-80.781120	-174.993656
05429		9.279921	0.201864	-0.224288	0.800751	-0.007447	-0.106796	-0.440186	-0.659912	-0.189697	73.718184	-80.724287	-175.134602
05430		9.431097	0.457905	-0.320469	0.852302	0.062221	-0.117106	-0.440186	-0.668701	-0.194092	74.091083	-80.650321	-175.020177
05431		9.503287	0.636346	-0.104954	0.855239	0.071740	-0.139885	-0.433105	-0.670410	-0.184082	74.482731	-80.562612	-174.917513
05432		9.868777	0.891947	-0.138826	0.795243	0.089075	-0.154855	-0.435547	-0.672119	-0.176514	74.765519	-80.463999	-174.744743
05433		9.856308	0.931345	-0.016537	0.748959	0.073418	-0.137481	-0.428467	-0.674805	-0.176758	75.084866	-80.377564	-174.630454
05434		9.979385	1.055624	0.226828	0.665903	0.071473	-0.107770	-0.432617	-0.682861	-0.178955	75.308061	-80.307924	-174.472253
05435		10.005404	1.233171	0.186165	0.584745	0.052551	-0.102176	-0.429199	-0.676025	-0.166504	75.568367	-80.244246	-174.393473
05436		9.904717	1.330567	0.075434	0.570141	0.053095	-0.094467	-0.426270	-0.683105	-0.165771	75.783879	-80.184831	-174.283055
05437		9.689229	1.267416	0.030455	0.570684	0.054508	-0.101651	-0.427490	-0.682861	-0.158447	76.027439	-80.121283	-174.195426
05438		9.565235	1.249058	-0.159204	0.568809	0.063203	-0.116374	-0.426270	-0.693604	-0.162109	76.226385	-80.048442	-174.068859
05439		9.346262	1.134872	-0.080460	0.585498	0.075733	-0.117710	-0.433838	-0.683105	-0.152832	76.422317	-79.973190	-173.924213
05440		9.208248	0.961411	-0.036132	0.588633	0.081858	-0.103939	-0.425049	-0.686768	-0.158447	76.564333	-79.904931	-173.728157
05441		9.265355	0.931196	0.211698	0.570454	0.098295	-0.089328	-0.425537	-0.696533	-0.141113	76.660002	-79.842633	-173.490356
05442		9.053938	0.808173	0.272971	0.550051	0.069746	-0.059622	-0.422607	-0.691650	-0.145264	76.786058	-79.800846	-173.300425
05443		9.061902	0.732867	0.276930	0.515372	0.043494	-0.022225	-0.414307	-0.690186	-0.129639	76.971818	-79.783314	-173.186171
05444		9.222155	0.748686	0.214879	0.463806	0.040326	0.014282	-0.427490	-0.700195	-0.137695	77.086399	-79.786800	-173.034745
05445		9.305813	0.714642	-0.018495	0.474907	0.013257	0.046452	-0.423340	-0.687988	-0.132080	77.293765	-79.811590	-172.966004
05446		9.506951	0.778189	-0.227710	0.478546	-0.035028	0.073339	-0.427490	-0.695068	-0.142822	77.610375	-79.857748	-173.011221
05447		9.656928	0.744959	-0.154247	0.446983	-0.088479	0.094234	-0.427490	-0.689941	-0.130371	78.089995	-79.921708	-173.235298
05448		9.878112	0.803718	-0.150684	0.392184	-0.127396	0.087078	-0.424072	-0.699463	-0.125000	78.645757	-79.986197	-173.573535
05449		10.057960	0.881750	-0.034765	0.398173	-0.144769	0.069084	-0.432861	-0.691650	-0.120850	79.302728	-80.041398	-174.006002
05450		10.219893	1.069191	0.249551	0.394870	-0.166848	0.045352	-0.432861	-0.696045	-0.114990	80.023664	-80.085159	-174.510171
05451		10.435082	1.335860	0.571251	0.362645	-0.197827	0.029659	-0.421143	-0.698730	-0.113281	80.865500	-80.121188	-175.150842
05452		10.700886	1.762550	0.841841	0.319283	-0.232210	0.031892	-0.432861	-0.698730	-0.112061	81.773849	-80.160495	-175.889055
05453		11.069347	2.182503	1.467821	0.239539	-0.225278	0.065551	-0.423828	-0.700439	-0.102051	82.630784	-80.215640	-176.616466
05454		11.435856	2.431155	1.882976	0.066733	-0.240984	0.134193	-0.423340	-0.705322	-0.108154	83.397189	-80.309963	-177.357273
05455		11.659545	2.723559	1.523770	-0.107060	-0.277044	0.231458	-0.428223	-0.694336	-0.097412	84.192647	-80.459350	-178.223319
05456		11.699303	2.914854	1.118210	-0.218105	-0.274198	0.309998	-0.432373	-0.698486	-0.096191	84.889111	-80.652330	-179.058150
05457		11.458763	2.660644	0.723982	-0.261845	-0.258111	0.322762	-0.430420	-0.687012	-0.097412	85.559796	-80.849292	-179.886714
05458		11.021309	1.838298	0.523644	-0.232457	-0.248979	0.266149	-0.433350	-0.689209	-0.100342	86.231538	-81.012820	179.296033
05459		10.696974	0.840299	0.536415	-0.136598	-0.232502	0.139176	-0.430420	-0.692627	-0.096436	86.978860	-81.100641	178.463241
05460		10.364274	-0.095937	0.881228	0.005413	-0.222841	-0.019258	-0.437988	-0.688477	-0.095459	87.781095	-81.096799	177.652223
05461		10.198229	-0.898815	0.987539	0.155918	-0.208351	-0.169528	-0.435059	-0.687012	-0.088623	88.657869	-81.003715	176.858034
05462		10.121743	-1.326636	1.147828	0.379371	-0.201249	-0.288369	-0.436279	-0.688965	-0.093262	89.594341	-80.841923	176.127549
05463		10.143036	-1.296115	1.383423	0.601629	-0.225496	-0.377493	-0.424561	-0.691895	-0.092773	90.737517	-80.625511	175.321482
05464		10.024391	-0.928504	1.237054	0.714745	-0.199893	-0.428010	-0.427734	-0.693848	-0.076904	91.781460	-80.379867	174.675796
05465		9.738039	-0.253265	0.979421	0.749214	-0.092705	-0.431724	-0.416016	-0.704590	-0.079346	92.476381	-80.130916	174.409217
05466		9.251746	0.622420	0.856946	0.751847	0.020545	-0.393428	-0.417969	-0.699219	-0.074951	92.764511	-79.908581	174.551437
05467		8.788990	1.485586	1.233737	0.782532	0.138823	-0.333560	-0.410645	-0.699219	-0.072021	92.729437	-79.721694	175.045573
05468		8.224037	1.974176	1.762242	0.862802	0.204532	-0.275122	-0.420166	-0.699219	-0.076416	92.526152	-79.571884	175.751986
05469		7.729846	2.320401	2.010295	0.912496	0.246230	-0.221981	-0.411133	-0.708740	-0.064209	92.268428	-79.450914	176.548763
05470		7.429820	2.679899	2.084798	0.885912	0.341636	-0.154252	-0.406250	-0.710449	-0.051758	91.694949	-79.371429	177.645554
05471		7.425369	3.081409	2.090216	0.805480	0.476275	-0.085083	-0.414795	-0.708984	-0.049805	90.709588	-79.328645	179.120749
05472		7.597685	3.548995	2.150023	0.720103	0.594922	0.001823	-0.407471	-0.709229	-0.046143	89.293145	-79.331378	-179.021297
05473		8.134571	3.890264	2.050101	0.651929	0.675751	0.094583	-0.410400	-0.712158	-0.049561	87.609304	-79.375383	-176.924929
05474		9.163348	3.867370	2.066156	0.557592	0.722871	0.147759	-0.410645	-0.710693	-0.053467	85.669934	-79.436719	-174.630396
05475		10.097538	3.667478	2.011972	0.416152	0.693063	0.151890	-0.413574	-0.711914	-0.043213	83.748903	-79.487138	-172.430920
05476		10.905056	3.180895	1.979189	0.363766	0.556020	0.120736	-0.410645	-0.710938	-0.061523	82.182238	-79.517279	-170.629283
05477		11.307854	2.633782	1.804818	0.324782	0.370451	0.072152	-0.412109	-0.708740	-0.050049	81.209562	-79.527962	-169.447906
05478		11.253788	2.147058	1.459206	0.329190	0.235557	0.009658	-0.418457	-0.708740	-0.051025	80.649100	-79.512311	-168.689945
05479		10.908804	1.700864	1.297226	0.326497	0.114130	-0.062707	-0.415771	-0.708740	-0.043213	80.529304	-79.466628	-168.374875
05480		10.245381	1.475969	1.132386	0.352566	0.037509	-0.129019	-0.405518	-0.713379	-0.043457	80.658353	-79.390273	-168.304577
05481		9.855182	1.303489	1.092217	0.421163	0.009174	-0.194275	-0.408691	-0.721191	-0.032959	80.975540	-79.279999	-168.378820
05482		9.672237	1.159344	1.198944	0.494892	-0.011489	-0.257234	-0.396729	-0.712402	-0.033203	81.387868	-79.135491	-168.513915
05483		9.586329	1.229082	1.084431	0.524677	-0.014998	-0.307090	-0.399902	-0.720947	-0.031738	81.873754	-78.963099	-168.699647
05484		9.502635	1.336084	0.602408	0.528635	0.007565	-0.312890	-0.398926	-0.713135	-0.031006	82.257194	-78.785141	-168.785846
05485		9.461398	1.496718	0.164440	0.555215	0.062541	-0.292881	-0.396973	-0.712891	-0.021240	82.517619	-78.614482	-168.724040
05486		9.401550	1.611442	0.008052	0.557326	0.116796	-0.269061	-0.396240	-0.717041	-0.017090	82.585728	-78.453167	-168.471817
05487		9.291308	1.733913	0.035052	0.532922	0.153392	-0.243314	-0.393311	-0.712158	-0.009766	82.563560	-78.303983	-168.134474
05488		9.134886	1.952206	0.316159	0.492750	0.195787	-0.207533	-0.396973	-0.715576	-0.015381	82.365001	-78.171563	-167.647336
05489		8.984160	2.159873	0.459285	0.451788	0.232068	-0.182312	-0.383789	-0.724854	-0.009033	82.073771	-78.050487	-167.082211
05490		8.842799	2.476205	0.424526	0.394325	0.236963	-0.158381	-0.381836	-0.729736	-0.012451	81.706667	-77.941541	-166.479971
05491		8.733683	2.709140	0.478782	0.328771	0.262553	-0.139365	-0.391357	-0.728027	-0.005127	81.265065	-77.840734	-165.832679
05492		8.668863	2.748953	0.514756	0.253907	0.288422	-0.108312	-0.391602	-0.726807	-0.009766	80.680320	-77.753358	-165.089620
05493		8.876905	2.782323	0.604840	0.161290	0.282156	-0.088234	-0.382813	-0.721436	-0.009033	80.087789	-77.676966	-164.385641
05494		9.153332	2.741586	0.827728	0.081335	0.268930	-0.064181	-0.383057	-0.725586	-0.008789	79.451785	-77.613030	-163.690892
05495		9.517853	2.637432	0.613634	0.002809	0.214105	-0.072736	-0.382568	-0.724854	-0.003906	78.949780	-77.549591	-163.172226
05496		9.681078	2.618653	0.385860	-0.078463	0.169173	-0.083802	-0.382813	-0.725098	-0.008545	78.498040	-77.483001	-162.759638
05497		9.656200	2.662110	0.283541	-0.143365	0.134009	-0.096612	-0.378418	-0.720703	-0.020020	78.136575	-77.413746	-162.470488
05498		9.573685	2.788656	0.318094	-0.189153	0.096338	-0.117910	-0.383545	-0.727783	-0.019775	77.830657	-77.335532	-162.272048
05499		9.399928	2.890801	0.539078	-0.237204	0.072361	-0.140580	-0.381836	-0.725098	-0.018555	77.599073	-77.248521	-162.170980
05500		9.240210	2.881808	0.648932	-0.289548	0.041713	-0.128282	-0.380371	-0.726563	-0.022949	77.381741	-77.170856	-162.122196
05501		8.975583	2.815018	0.625363	-0.353508	0.010694	-0.111368	-0.374512	-0.731689	-0.015625	77.222336	-77.107781	-162.163455
05502		8.948193	2.616574	0.533282	-0.416799	-0.006757	-0.076909	-0.378662	-0.735352	-0.024658	77.024363	-77.064878	-162.209293
05503		8.852097	2.452287	0.538251	-0.457670	-0.030624	-0.042124	-0.375488	-0.731201	-0.025146	76.868060	-77.045858	-162.314985
05504		8.850980	2.213567	0.440760	-0.484211	-0.052177	-0.008851	-0.371094	-0.733398	-0.027832	76.703941	-77.046919	-162.435166
05505		8.987632	1.968775	0.103076	-0.520103	-0.060559	0.014639	-0.375488	-0.726318	-0.028809	76.552196	-77.063639	-162.582240
05506		8.775158	1.893948	-0.147893	-0.534612	-0.078248	0.044176	-0.373779	-0.722900	-0.035645	76.392007	-77.097937	-162.735987
05507		8.723185	1.938530	-0.193500	-0.520847	-0.079037	0.105861	-0.371094	-0.724854	-0.035889	76.231209	-77.168125	-162.874167
05508		8.735317	2.116164	0.008072	-0.501185	-0.066629	0.144754	-0.369141	-0.721924	-0.047607	76.001784	-77.257061	-162.937054
05509		8.706703	2.260640	0.178700	-0.481907	-0.089648	0.187281	-0.372314	-0.729980	-0.039063	75.838948	-77.374186	-163.050176
05510		8.741007	2.338912	0.375383	-0.452845	-0.118733	0.208704	-0.377686	-0.727539	-0.042236	75.725763	-77.506087	-163.203607
05511		8.773085	2.366283	0.446042	-0.438299	-0.172119	0.227875	-0.380371	-0.727295	-0.043213	75.770742	-77.657462	-163.503820
05512		8.784204	2.289577	0.236024	-0.443946	-0.223332	0.257722	-0.373535	-0.725098	-0.048340	75.903005	-77.831239	-163.902946
05513		8.774449	2.186756	-0.059906	-0.464802	-0.259111	0.284420	-0.385498	-0.718506	-0.048584	76.134380	-78.025789	-164.408905
05514		8.709396	2.124254	-0.226819	-0.464973	-0.291352	0.310708	-0.388428	-0.718994	-0.057861	76.420127	-78.237684	-164.976477
05515		8.842422	2.025777	-0.188701	-0.461448	-0.312499	0.308175	-0.392090	-0.711914	-0.059326	76.810391	-78.451445	-165.641937
05516		8.934943	2.036940	0.035948	-0.462414	-0.310582	0.295826	-0.392334	-0.713623	-0.057373	77.194680	-78.656074	-166.307536
05517		9.171018	1.952674	0.271891	-0.470243	-0.308456	0.279227	-0.394531	-0.714355	-0.060059	77.625933	-78.851258	-167.018963
05518		9.405489	1.920696	0.279717	-0.455791	-0.324010	0.247279	-0.398926	-0.715332	-0.058350	78.121718	-79.028333	-167.793306
05519		9.678696	1.764981	0.272504	-0.424313	-0.322908	0.228015	-0.399170	-0.711914	-0.056152	78.693154	-79.193994	-168.619820
05520		9.843580	1.597799	0.512352	-0.426436	-0.330902	0.218053	-0.403809	-0.710205	-0.063721	79.285403	-79.352535	-169.474281
05521		9.998565	1.431307	0.519698	-0.443981	-0.326742	0.208353	-0.409180	-0.712891	-0.056396	79.911253	-79.504232	-170.366745
05522		10.190940	1.171133	0.525828	-0.502258	-0.301862	0.207702	-0.402588	-0.703857	-0.061768	80.418882	-79.650899	-171.178453
05523		10.499335	0.920509	0.511633	-0.537002	-0.244216	0.185956	-0.398438	-0.701660	-0.069092	80.785419	-79.779320	-171.860716
05524		11.093659	0.667930	0.513058	-0.433303	-0.167061	0.125684	-0.393555	-0.707520	-0.068359	80.978855	-79.865655	-172.312415
05525		11.642073	0.462085	0.510364	-0.261345	-0.152858	0.042291	-0.402588	-0.708496	-0.069580	81.302712	-79.903531	-172.790528
05526		11.935511	0.326740	0.369205	-0.104995	-0.141739	-0.035210	-0.403320	-0.711182	-0.068604	81.688742	-79.895889	-173.246672
05527		11.789681	0.495205	0.457446	0.018715	-0.135017	-0.082571	-0.399170	-0.710938	-0.071533	82.175189	-79.860333	-173.726956
05528		11.264171	1.155337	0.846690	0.060332	-0.179077	-0.070359	-0.402588	-0.705322	-0.069824	82.785929	-79.834357	-174.315224
05529		10.697389	2.002482	1.357108	-0.001265	-0.238297	-0.038034	-0.398438	-0.712891	-0.063721	83.565015	-79.829347	-175.104515
05530		10.083085	2.823716	1.446080	-0.124767	-0.239112	0.001767	-0.405029	-0.712646	-0.060791	84.231274	-79.845619	-175.857018
05531		9.338559	3.282048	1.244155	-0.177310	-0.162789	0.059923	-0.392578	-0.702881	-0.056152	84.640079	-79.889213	-176.372540
05532		8.864077	3.289997	1.246916	-0.203633	-0.126376	0.083832	-0.393311	-0.708740	-0.065674	84.881982	-79.944282	-176.739819
05533		8.680874	3.054820	1.280895	-0.296144	-0.156197	0.094150	-0.398682	-0.705811	-0.059814	85.199969	-80.006126	-177.232085
05534		8.698262	2.593078	1.306989	-0.368056	-0.160126	0.085887	-0.398438	-0.705322	-0.069580	85.463755	-80.063148	-177.717163
05535		8.591646	2.193029	1.407760	-0.419550	-0.102862	0.082149	-0.400879	-0.704834	-0.072510	85.548302	-80.115045	-178.044058
05536		8.581127	1.939309	1.396302	-0.472022	-0.071700	0.069515	-0.407227	-0.700684	-0.064941	85.471660	-80.158429	-178.244001
05537		8.778366	1.718389	1.270286	-0.487450	-0.053824	0.066105	-0.398926	-0.694824	-0.066895	85.362294	-80.199005	-178.413493
05538		9.130759	1.539019	1.173215	-0.459254	-0.038063	0.082701	-0.398682	-0.696533	-0.076660	85.177965	-80.248476	-178.496778
05539		9.434215	1.284527	1.309548	-0.438904	0.003799	0.122602	-0.400879	-0.703613	-0.082031	84.888198	-80.318635	-178.454970
05540		9.625717	1.110076	1.433860	-0.443069	0.008684	0.135800	-0.394287	-0.697021	-0.080566	84.537357	-80.396119	-178.359999
05541		9.759843	0.939546	1.428891	-0.423352	0.008561	0.140558	-0.403320	-0.698486	-0.079102	84.229019	-80.476166	-178.290342
05542		9.842938	0.684127	1.440102	-0.380238	0.004967	0.133782	-0.405029	-0.698486	-0.082764	83.920023	-80.552632	-178.201447
05543		9.783918	0.514828	1.591299	-0.383599	-0.000182	0.134645	-0.397217	-0.692139	-0.093018	83.660577	-80.629728	-178.158293
05544		9.728176	0.583345	1.651318	-0.417060	-0.011695	0.126094	-0.398438	-0.701660	-0.087891	83.384398	-80.702887	-178.124195
05545		9.730825	0.948245	1.509292	-0.422676	-0.022156	0.114370	-0.407959	-0.695801	-0.089600	83.182696	-80.769854	-178.162251
05546		9.728154	1.220690	1.402818	-0.402868	-0.026638	0.103823	-0.401123	-0.693848	-0.100586	82.971703	-80.831450	-178.186087
05547		9.673566	1.246251	1.292253	-0.382232	-0.046306	0.086483	-0.405762	-0.692139	-0.099365	82.888664	-80.884300	-178.320849
05548		9.732088	1.177063	1.248133	-0.401126	-0.057426	0.073541	-0.402588	-0.688477	-0.096924	82.799575	-80.930959	-178.467210
05549		9.883357	1.107984	1.312084	-0.460612	-0.035658	0.055317	-0.398682	-0.687012	-0.106934	82.647988	-80.965400	-178.578001
05550		10.042428	1.078068	1.234371	-0.493991	0.016274	0.038627	-0.402832	-0.692871	-0.113281	82.257142	-80.986920	-178.472750
05551		10.160776	0.932756	1.271192	-0.476513	0.066678	0.021486	-0.407959	-0.689209	-0.110840	81.745025	-80.994224	-178.227718
05552		10.181561	0.726210	1.464560	-0.464119	0.095363	0.010300	-0.400146	-0.697754	-0.124023	81.100684	-80.992729	-177.848569
05553		10.184737	0.589629	1.603467	-0.460203	0.119384	0.005887	-0.394043	-0.679932	-0.116699	80.418099	-80.985529	-177.421477
05554		10.128969	0.406209	1.581772	-0.414636	0.137664	0.006552	-0.398193	-0.686768	-0.122803	79.654150	-80.976404	-176.892629
05555		10.013334	0.365506	1.521726	-0.341272	0.127897	0.009842	-0.400635	-0.679443	-0.117920	79.008939	-80.968863	-176.434363
05556		9.909703	0.354144	1.373632	-0.272018	0.109883	0.030756	-0.397461	-0.692139	-0.123535	78.409064	-80.974663	-175.989023
05557		9.689607	0.332068	1.246143	-0.197770	0.103064	0.064328	-0.396484	-0.684326	-0.128662	77.893801	-80.999117	-175.579099
05558		9.583148	0.341363	1.194312	-0.121462	0.126995	0.103975	-0.406006	-0.683838	-0.125000	77.258722	-81.042506	-175.010939
05559		9.681235	0.345032	1.311941	-0.074050	0.164337	0.157485	-0.410156	-0.684814	-0.131836	76.512017	-81.109554	-174.295083
05560		9.746551	0.309616	1.353760	-0.038122	0.182454	0.223888	-0.407715	-0.680420	-0.131104	75.603120	-81.209687	-173.401775
05561		9.801735	0.302646	1.303365	-0.010826	0.196937	0.290848	-0.401123	-0.683350	-0.127197	74.617382	-81.342313	-172.407829
05562		9.786544	0.403214	1.303405	0.005451	0.203047	0.341562	-0.408447	-0.682129	-0.135254	73.484613	-81.499226	-171.263553
05563		9.689523	0.442063	1.270084	0.012488	0.181635	0.365990	-0.408447	-0.679443	-0.125244	72.413907	-81.669807	-170.171017
05564		9.748489	0.527661	1.211909	0.005102	0.162462	0.371540	-0.405029	-0.681152	-0.127197	71.308384	-81.843679	-169.055502
05565		9.711993	0.526074	1.204844	-0.025059	0.142277	0.358911	-0.407959	-0.677002	-0.138672	70.284744	-82.011720	-168.033179
05566		9.681340	0.489049	1.155440	-0.056064	0.106352	0.335363	-0.413330	-0.672607	-0.135498	69.320543	-82.171401	-167.096665
05567		9.659260	0.422293	0.848653	-0.059958	0.069480	0.304715	-0.417236	-0.667480	-0.132813	68.563233	-82.320713	-166.364098
05568		9.565371	0.313236	0.692741	-0.034290	0.048662	0.262643	-0.417725	-0.671875	-0.138428	67.887377	-82.450398	-165.706555
05569		9.637799	0.220722	0.741528	-0.021193	0.048647	0.220411	-0.420410	-0.663330	-0.137207	67.324488	-82.557251	-165.148123
05570		9.625227	0.089464	0.699163	-0.011311	0.052196	0.179997	-0.413574	-0.668701	-0.132568	66.749752	-82.640782	-164.579566
05571		9.730410	-0.045986	0.696258	0.002544	0.081882	0.139797	-0.422363	-0.672119	-0.141113	66.179111	-82.696212	-163.999816
05572		9.742453	-0.130020	0.759217	0.037972	0.096682	0.102756	-0.412354	-0.669922	-0.133301	65.569887	-82.727524	-163.368152
05573		9.741933	-0.152290	0.827745	0.075678	0.114726	0.077221	-0.412598	-0.674805	-0.134766	65.010569	-82.740989	-162.757659
05574		9.697096	-0.160373	0.881464	0.117900	0.145995	0.074230	-0.418945	-0.663818	-0.132568	64.293442	-82.743808	-161.971106
05575		9.593490	-0.197592	1.063156	0.159141	0.151847	0.065535	-0.422363	-0.669434	-0.134277	63.652027	-82.740145	-161.229658
05576		9.465455	-0.143669	1.367885	0.155775	0.139163	0.057696	-0.419922	-0.669922	-0.137939	63.017196	-82.734041	-160.504211
05577		9.383412	0.068697	1.256880	0.134288	0.123174	0.040711	-0.416016	-0.668945	-0.135254	62.529155	-82.723287	-159.931712
05578		9.281638	0.359061	0.977785	0.139448	0.119383	0.022656	-0.424316	-0.664063	-0.140381	62.039165	-82.703039	-159.361741
05579		9.194763	0.453807	0.794774	0.154509	0.107497	0.013875	-0.424072	-0.672119	-0.133789	61.685272	-82.681811	-158.912762
05580		9.362732	0.452881	0.722007	0.131606	0.101377	-0.002994	-0.416992	-0.668457	-0.136963	61.321417	-82.652603	-158.474441
05581		9.492238	0.414079	0.650669	0.111084	0.101233	-0.009103	-0.418945	-0.665283	-0.127686	61.021518	-82.620886	-158.104937
05582		9.668199	0.410820	0.690707	0.088209	0.115452	-0.031443	-0.417969	-0.667725	-0.124023	60.646672	-82.572899	-157.680515
05583		9.796647	0.335544	0.797103	0.103266	0.126649	-0.050511	-0.410889	-0.667969	-0.138184	60.342290	-82.512804	-157.310929
05584		9.776210	0.228557	0.976671	0.137063	0.111570	-0.075542	-0.423828	-0.665527	-0.138672	60.115735	-82.443461	-157.007727
05585		9.708913	0.072667	0.968326	0.174395	0.075310	-0.097417	-0.411865	-0.668701	-0.133057	60.153315	-82.374408	-156.941897
05586		9.597183	0.072405	0.970172	0.197054	0.042842	-0.126255	-0.410156	-0.670898	-0.131104	60.327742	-82.299453	-157.008532
05587		9.351879	0.042025	1.073251	0.231028	0.019465	-0.151850	-0.414307	-0.670654	-0.134277	60.713452	-82.219056	-157.261265
05588		9.107911	0.039362	1.056220	0.274228	-0.027932	-0.174708	-0.418457	-0.679443	-0.131836	61.279541	-82.139438	-157.678669
05589		8.877411	-0.007810	0.974230	0.303036	-0.078539	-0.195818	-0.407715	-0.678711	-0.123047	62.131836	-82.062788	-158.360898
05590		8.642338	0.020906	0.753011	0.331191	-0.092834	-0.217656	-0.410156	-0.673584	-0.130371	63.022469	-81.976988	-159.073265
05591		8.352830	-0.021385	0.485269	0.401356	-0.108599	-0.261588	-0.403809	-0.684082	-0.120605	64.125030	-81.871240	-159.951666
05592		8.305073	-0.089355	0.140564	0.478638	-0.144111	-0.301583	-0.406738	-0.682129	-0.115967	65.386043	-81.750862	-160.953251
05593		8.595953	0.019044	0.328449	0.529210	-0.128843	-0.331035	-0.404297	-0.680176	-0.110840	66.687084	-81.608256	-161.958748
05594		8.990642	0.134288	0.658241	0.555811	-0.106296	-0.345512	-0.408691	-0.682617	-0.110107	67.853997	-81.450246	-162.821186
05595		9.723462	0.474261	1.341557	0.558353	-0.081560	-0.343273	-0.402344	-0.682617	-0.098389	68.946792	-81.285271	-163.599979
05596		10.527641	1.230911	1.943231	0.483106	-0.064393	-0.305238	-0.394775	-0.689941	-0.101074	69.804594	-81.135884	-164.192571
05597		11.351333	2.181589	2.194190	0.371409	-0.126944	-0.241965	-0.405273	-0.697021	-0.100830	70.761586	-81.030574	-164.942919
05598		11.867717	3.401301	1.621294	0.248228	-0.197451	-0.147866	-0.405518	-0.699707	-0.093994	71.712885	-80.988133	-165.766877
05599		11.740119	4.224831	0.622547	0.264584	-0.246721	-0.042815	-0.397461	-0.697754	-0.090332	72.771298	-81.008511	-166.682055
05600		11.010305	4.166714	-0.557560	0.245896	-0.213998	0.066521	-0.401367	-0.702393	-0.090576	73.547171	-81.081846	-167.329639
05601		9.977065	3.228831	-0.650887	0.114985	-0.122281	0.122642	-0.402832	-0.700195	-0.086426	73.927739	-81.169520	-167.645193
05602		9.054791	2.075187	-0.059599	0.008946	-0.101337	0.130916	-0.401855	-0.693848	-0.084717	74.121658	-81.258824	-167.840738
05603		8.608671	1.030540	0.808481	0.019636	-0.106482	0.096223	-0.398682	-0.692871	-0.088623	74.428966	-81.329013	-168.137303
05604		8.508091	0.152380	1.173091	0.107214	-0.099621	0.051276	-0.402588	-0.688965	-0.077148	74.761878	-81.373738	-168.416336
05605		8.625759	-0.353035	1.130240	0.235494	-0.115974	-0.002038	-0.397217	-0.695801	-0.088379	75.332640	-81.390326	-168.854204
05606		8.871819	-0.436087	0.932180	0.261466	-0.087320	-0.027640	-0.396973	-0.697510	-0.079102	75.788915	-81.388902	-169.168651
05607		9.120195	-0.353367	0.754100	0.253310	-0.020958	-0.041076	-0.404053	-0.688477	-0.081787	76.058937	-81.369548	-169.292021
05608		9.244689	-0.020432	0.823243	0.251709	0.021457	-0.030549	-0.395996	-0.696777	-0.079346	76.112572	-81.351229	-169.204925
05609		9.377334	0.213172	1.019661	0.255894	0.039749	-0.008515	-0.398193	-0.695557	-0.071533	76.131892	-81.341581	-169.073219
05610		9.556996	0.383316	1.064973	0.264306	0.052174	-0.007042	-0.394287	-0.694580	-0.078857	76.059241	-81.332189	-168.851113
05611		9.610289	0.533690	1.079951	0.301677	0.068665	-0.013975	-0.395264	-0.693848	-0.067871	76.004825	-81.315475	-168.618274
05612		9.606071	0.745520	1.134426	0.344255	0.070596	-0.044488	-0.391113	-0.700195	-0.066650	75.945749	-81.282669	-168.363587
05613		9.446165	0.993737	1.122538	0.382328	0.039798	-0.074673	-0.398682	-0.697998	-0.071289	76.098312	-81.236196	-168.293367
05614		9.447177	1.321247	1.013109	0.414436	0.024116	-0.099922	-0.397217	-0.698730	-0.065918	76.297163	-81.179027	-168.258974
05615		9.500077	1.584171	1.001212	0.435714	0.026812	-0.107268	-0.393311	-0.682861	-0.063477	76.553688	-81.116223	-168.262993
05616		9.571598	1.685540	0.924285	0.429708	-0.012961	-0.112034	-0.402100	-0.708984	-0.059570	76.900275	-81.057145	-168.369302
05617		9.706386	1.654534	0.755092	0.430041	-0.055970	-0.119942	-0.384033	-0.701172	-0.057373	77.451397	-80.997786	-168.674858
05618		9.763759	1.495096	0.447511	0.429384	-0.104706	-0.138576	-0.398682	-0.695801	-0.046875	78.132860	-80.934577	-169.120479
05619		9.867707	1.313393	0.273519	0.425136	-0.154280	-0.163912	-0.394531	-0.690430	-0.047363	79.043303	-80.860510	-169.792896
05620		9.979176	1.094726	0.455662	0.460795	-0.138339	-0.194653	-0.389404	-0.706055	-0.044434	79.877600	-80.767200	-170.375253
05621		10.010458	0.882237	0.645942	0.482483	-0.058457	-0.233954	-0.385986	-0.708984	-0.039551	80.505184	-80.641289	-170.728120
05622		9.948809	0.944679	0.601517	0.487921	-0.036486	-0.273687	-0.389648	-0.708984	-0.044189	81.023973	-80.491834	-170.975307
05623		9.906161	1.164779	0.772343	0.485841	-0.030819	-0.302294	-0.395996	-0.710938	-0.039795	81.570519	-80.323745	-171.244340
05624		9.911494	1.509042	0.871456	0.451185	-0.025665	-0.311573	-0.388428	-0.708008	-0.030273	82.026598	-80.151212	-171.449528
05625		9.878502	1.813568	0.976549	0.407467	-0.014694	-0.295458	-0.380127	-0.709229	-0.025879	82.447908	-79.985044	-171.637281
05626		9.828927	2.044881	1.024721	0.358297	-0.027684	-0.262094	-0.378174	-0.713623	-0.028320	82.815992	-79.840226	-171.807405
05627		9.762213	2.270115	0.980793	0.301629	-0.054330	-0.226272	-0.382568	-0.707031	-0.024658	83.256791	-79.715724	-172.076750
05628		9.742598	2.454617	0.740611	0.279559	-0.068554	-0.188331	-0.367676	-0.718506	-0.033447	83.665268	-79.615049	-172.333975
05629		9.685330	2.495244	0.670587	0.277929	-0.058338	-0.163723	-0.374512	-0.717041	-0.014648	84.068867	-79.525746	-172.579481
05630		9.675285	2.458110	0.654339	0.274105	-0.061743	-0.148497	-0.377197	-0.715332	-0.021484	84.429163	-79.446643	-172.791036
05631		9.618673	2.267231	0.699156	0.279535	-0.068103	-0.138212	-0.373291	-0.712158	-0.012695	84.845966	-79.371826	-173.049166
05632		9.590904	2.033254	0.660175	0.300470	-0.088344	-0.129238	-0.370361	-0.717041	-0.005615	85.288061	-79.304381	-173.328690
05633		9.526732	1.729218	0.557610	0.299990	-0.108398	-0.123936	-0.372070	-0.718018	0.000732	85.825031	-79.238756	-173.697314
05634		9.404462	1.451634	0.479301	0.297927	-0.113372	-0.121103	-0.367676	-0.714111	-0.003418	86.329394	-79.175996	-174.041833
05635		9.332787	1.318562	0.458755	0.304528	-0.113906	-0.117312	-0.374268	-0.714111	-0.000488	86.873580	-79.113107	-174.415313
05636		9.214045	1.226418	0.372937	0.316417	-0.113287	-0.114172	-0.370361	-0.721436	-0.007080	87.377376	-79.053152	-174.748602
05637		9.146002	1.214306	0.320051	0.328716	-0.109029	-0.113861	-0.376953	-0.716553	0.001221	87.910455	-78.990855	-175.096804
05638		9.178711	1.235641	0.225822	0.339079	-0.098923	-0.101210	-0.366211	-0.720459	0.004883	88.374809	-78.936969	-175.376798
05639		9.160744	1.334824	0.216519	0.358329	-0.102283	-0.089830	-0.363770	-0.718262	0.001953	88.894442	-78.887207	-175.694140
05640		9.268206	1.462332	0.232506	0.375738	-0.098353	-0.078227	-0.366943	-0.725830	0.003174	89.370047	-78.845580	-175.964255
05641		9.343886	1.604974	0.199045	0.392318	-0.101043	-0.067095	-0.369141	-0.717041	0.002441	89.898255	-78.807783	-176.270579
05642		9.366123	1.737883	0.295043	0.393191	-0.116465	-0.051922	-0.364990	-0.724365	0.017090	90.430991	-78.780252	-176.588776
05643		9.429289	1.835509	0.276127	0.376671	-0.135905	-0.044449	-0.359131	-0.726563	0.020264	91.046286	-78.754035	-176.993093
05644		9.456889	1.924358	0.277230	0.341301	-0.136476	-0.026942	-0.369141	-0.717041	0.018066	91.604392	-78.739269	-177.367495
05645		9.529955	2.006601	0.296054	0.284016	-0.143206	-0.012930	-0.367432	-0.717773	0.023438	92.186664	-78.729378	-177.792315
05646		9.526318	2.018241	0.356919	0.237558	-0.152312	0.005954	-0.365967	-0.719238	0.031982	92.732819	-78.731575	-178.215132
05647		9.548316	2.114159	0.378028	0.184055	-0.158988	0.015784	-0.357422	-0.720459	0.028564	93.306423	-78.736010	-178.689515
05648		9.562243	2.122820	0.329026	0.141572	-0.157153	0.020400	-0.364746	-0.726807	0.026611	93.814527	-78.744676	-179.129579
05649		9.585741	2.119146	0.320103	0.113429	-0.156812	0.013134	-0.371582	-0.729980	0.032959	94.341695	-78.745973	-179.597856
05650		9.593520	2.073747	0.271839	0.092322	-0.163318	0.010989	-0.365479	-0.718994	0.038330	94.838037	-78.747410	179.945326
05651		9.601424	1.995899	0.212800	0.081167	-0.175195	0.000061	-0.367188	-0.718262	0.033447	95.396017	-78.738649	179.426783
05652		9.635423	1.882687	0.211922	0.083570	-0.166731	-0.002008	-0.363770	-0.720703	0.035889	95.893024	-78.730828	178.964184
05653		9.682537	1.789892	0.321256	0.072007	-0.157612	0.001009	-0.368896	-0.717285	0.039063	96.394158	-78.721874	178.498223
05654		9.655418	1.715971	0.426213	0.046699	-0.151374	0.003190	-0.362305	-0.720703	0.035645	96.826572	-78.716514	178.079934
05655		9.604892	1.666034	0.393505	0.025999	-0.158008	0.011427	-0.356934	-0.723145	0.038818	97.304870	-78.711990	177.610359
05656		9.579543	1.634712	0.299143	0.023170	-0.165125	0.014214	-0.363281	-0.721436	0.042236	97.766212	-78.710571	177.148805
05657		9.573857	1.645163	0.303317	0.023385	-0.166782	0.013251	-0.369629	-0.725098	0.044189	98.267957	-78.704857	176.653782
05658		9.567956	1.688643	0.318004	0.011435	-0.160636	0.013145	-0.372803	-0.719482	0.034668	98.708849	-78.701748	176.206218
05659		9.574353	1.774572	0.312590	-0.005592	-0.162339	0.014933	-0.362305	-0.723389	0.048828	99.181240	-78.695813	175.724183
05660		9.609903	1.846093	0.295274	-0.018982	-0.162303	0.017266	-0.369629	-0.724609	0.051758	99.610644	-78.693522	175.270550
05661		9.591792	1.912113	0.352470	-0.044077	-0.151421	0.023708	-0.358887	-0.726807	0.049316	100.033682	-78.692163	174.816348
05662		9.667091	1.956703	0.363793	-0.068711	-0.154443	0.019307	-0.362549	-0.720703	0.046143	100.413044	-78.690557	174.384681
05663		9.652931	1.999946	0.261743	-0.080846	-0.156099	0.022187	-0.369873	-0.722412	0.044922	100.827073	-78.686608	173.918177
05664		9.678244	1.984047	0.176482	-0.089404	-0.155412	0.019542	-0.369385	-0.723633	0.047363	101.196954	-78.683878	173.484075
05665		9.639342	1.942646	0.116558	-0.093067	-0.142658	0.014959	-0.366943	-0.726807	0.046387	101.561528	-78.676176	173.060851
05666		9.629088	1.920433	0.055890	-0.117684	-0.134321	0.013656	-0.367432	-0.725830	0.045898	101.852082	-78.671577	172.691117
05667		9.635522	1.907227	0.025575	-0.132484	-0.117074	0.018507	-0.359619	-0.726807	0.052734	102.123799	-78.668026	172.339546
05668		9.613078	1.842152	-0.011770	-0.140522	-0.110749	0.018130	-0.366455	-0.715088	0.050293	102.337761	-78.668145	172.034599
05669		9.595530	1.775683	0.011110	-0.136178	-0.102103	0.031967	-0.379395	-0.722412	0.037109	102.573732	-78.673411	171.717327
05670		9.550257	1.679271	-0.044296	-0.136530	-0.109415	0.028717	-0.369141	-0.724121	0.037109	102.793211	-78.679167	171.409120
05671		9.486924	1.584511	-0.048566	-0.118704	-0.104400	0.034115	-0.368652	-0.718994	0.042236	103.047498	-78.684833	171.083391
05672		9.469546	1.582933	-0.004607	-0.102396	-0.092851	0.032920	-0.364746	-0.719482	0.040527	103.243770	-78.694641	170.818829
05673		9.503960	1.564817	0.036229	-0.104000	-0.068184	0.028403	-0.365479	-0.722412	0.042969	103.402332	-78.701454	170.599328
05674		9.493412	1.574563	-0.006458	-0.118409	-0.049849	0.031559	-0.362305	-0.722656	0.035400	103.469264	-78.716003	170.457346
05675		9.523616	1.613153	-0.081065	-0.110276	-0.048469	0.028908	-0.362305	-0.723877	0.047363	103.570064	-78.725591	170.293096
05676		9.541857	1.642169	-0.124687	-0.071187	-0.039780	0.024160	-0.362305	-0.720947	0.040039	103.631498	-78.737326	170.184335
05677		9.593966	1.622989	-0.131973	-0.051862	-0.031120	0.028248	-0.369385	-0.723633	0.035889	103.717246	-78.748810	170.069570
05678		9.628535	1.637732	-0.076031	-0.035654	-0.015281	0.027113	-0.361572	-0.721191	0.033936	103.732949	-78.765490	170.028234
05679		9.663766	1.642425	-0.099360	-0.019838	-0.003117	0.028788	-0.379395	-0.721191	0.043213	103.759284	-78.781059	169.992759
05680		9.761815	1.617401	-0.087809	0.019092	0.015957	0.029108	-0.372803	-0.717773	0.033203	103.720201	-78.803107	170.039282
05681		9.756496	1.625648	-0.065650	0.048548	0.023197	0.034386	-0.369385	-0.716309	0.039795	103.715588	-78.825371	170.075300
05682		9.756088	1.566562	-0.005279	0.053210	0.024820	0.036328	-0.368896	-0.726807	0.045410	103.675758	-78.852638	170.142534
05683		9.710822	1.568422	-0.019470	0.038836	0.024991	0.037368	-0.367676	-0.719238	0.041260	103.662297	-78.876799	170.181891
05684		9.624749	1.541360	-0.000598	0.035320	0.025183	0.041912	-0.371338	-0.719971	0.039063	103.614574	-78.907219	170.246700
05685		9.603135	1.530249	-0.086419	0.048785	0.039779	0.035605	-0.369385	-0.717041	0.036865	103.563176	-78.932378	170.330517
05686		9.541073	1.556286	-0.117203	0.076209	0.047194	0.038027	-0.361816	-0.710205	0.041748	103.472790	-78.963563	170.462695
05687		9.611666	1.599640	-0.148778	0.103616	0.054580	0.040432	-0.375244	-0.720947	0.042969	103.412985	-78.993343	170.587066
05688		9.635754	1.658514	-0.115716	0.105731	0.059530	0.041318	-0.373047	-0.717773	0.038330	103.305194	-79.027914	170.754211
05689		9.589685	1.637126	-0.058121	0.089013	0.055612	0.048340	-0.374756	-0.723389	0.044189	103.238203	-79.062168	170.877351
05690		9.596882	1.686644	-0.053832	0.065976	0.051385	0.048736	-0.370850	-0.725098	0.036621	103.134591	-79.099701	171.016965
05691		9.539917	1.677733	-0.035316	0.038290	0.045561	0.047195	-0.368652	-0.714111	0.041504	103.065595	-79.131942	171.112523
05692		9.447618	1.629671	-0.004957	0.010573	0.034263	0.034604	-0.370850	-0.712402	0.037109	102.969175	-79.159281	171.212529
05693		9.424488	1.530564	-0.041235	-0.004955	0.038806	0.034168	-0.375977	-0.725342	0.046143	102.885393	-79.183326	171.297895
05694		9.453980	1.546462	-0.039993	-0.009735	0.029071	0.022116	-0.374756	-0.720459	0.046143	102.783354	-79.202969	171.391793
05695		9.489013	1.518453	-0.070451	-0.012405	0.027208	0.022996	-0.373291	-0.718262	0.042969	102.721199	-79.219255	171.450787
05696		9.518725	1.567697	-0.059068	-0.017582	0.028721	0.022846	-0.368652	-0.721924	0.035156	102.615643	-79.239215	171.543696
05697		9.525329	1.586698	-0.065970	-0.023613	0.032315	0.026353	-0.375732	-0.719482	0.048828	102.533760	-79.257981	171.616227
05698		9.577753	1.599558	-0.056629	-0.024971	0.028101	0.033776	-0.363525	-0.716553	0.045166	102.432311	-79.283923	171.700633
05699		9.589387	1.616284	-0.004151	-0.033836	0.024597	0.040072	-0.373047	-0.720703	0.037109	102.375730	-79.309376	171.741440
05700		9.625044	1.619345	-0.023985	-0.051944	0.020482	0.041502	-0.374023	-0.714844	0.042969	102.285742	-79.338669	171.798500
05701		9.573429	1.566965	-0.038244	-0.061440	0.012008	0.039491	-0.376953	-0.721191	0.043945	102.249923	-79.362246	171.802082
05702		9.567383	1.509499	-0.036534	-0.071007	0.013619	0.029484	-0.373047	-0.718994	0.037109	102.161211	-79.383965	171.846739
05703		9.549001	1.443028	-0.003971	-0.079663	0.012488	0.021844	-0.372803	-0.719238	0.035889	102.101856	-79.397713	171.863642
05704		9.542324	1.354082	-0.013090	-0.080160	0.009464	0.018604	-0.378906	-0.719727	0.044922	102.013039	-79.412831	171.903043
05705		9.559121	1.328292	0.006930	-0.070131	0.008648	0.013771	-0.371582	-0.715332	0.044189	101.965298	-79.421590	171.913686
05706		9.569980	1.314045	0.047232	-0.057537	0.003785	0.016000	-0.370361	-0.712891	0.038574	101.904739	-79.434595	171.937641
05707		9.564260	1.324075	0.068846	-0.052845	-0.000739	0.012922	-0.370361	-0.720703	0.034180	101.894496	-79.441766	171.920214
05708		9.612397	1.405294	0.037235	-0.055439	-0.009414	0.014778	-0.374756	-0.707764	0.035889	101.874038	-79.452557	171.904547
05709		9.620010	1.415402	-0.053761	-0.049322	-0.019807	0.012255	-0.375000	-0.714355	0.036133	101.922844	-79.457102	171.829110
05710		9.553113	1.446136	-0.148898	-0.031678	-0.018686	0.007631	-0.376465	-0.711670	0.039307	101.939575	-79.462816	171.789564
05711		9.554690	1.468346	-0.219766	-0.020153	-0.016604	0.007462	-0.372803	-0.709229	0.039551	101.992472	-79.465039	171.726967
05712		9.571725	1.476198	-0.191615	-0.023003	-0.004861	0.006355	-0.362061	-0.714111	0.039307	101.971951	-79.471685	171.730384
05713		9.576633	1.473959	-0.131512	-0.039576	0.005923	0.009510	-0.367432	-0.708740	0.038818	101.947133	-79.477732	171.735516
05714		9.600046	1.502809	-0.110966	-0.054644	0.013449	0.012266	-0.375732	-0.718994	0.030029	101.857068	-79.489862	171.791219
05715		9.577783	1.537542	-0.105901	-0.058154	0.016945	0.009817	-0.374512	-0.721191	0.043213	101.788381	-79.497372	171.830141
05716		9.553596	1.516498	-0.042021	-0.058506	0.015871	0.011657	-0.376221	-0.710205	0.037109	101.688238	-79.509424	171.893787
05717		9.553388	1.482588	-0.050452	-0.048574	0.018579	0.012833	-0.377441	-0.717285	0.031982	101.621778	-79.518795	171.936023
05718		9.528718	1.428963	0.002267	-0.036067	0.015124	0.003026	-0.372070	-0.714844	0.034912	101.531227	-79.525892	172.003149
05719		9.539425	1.415431	0.042753	-0.028980	0.010727	0.006960	-0.372559	-0.721680	0.042969	101.496028	-79.531048	172.025010
05720		9.578468	1.354741	0.058960	-0.020432	0.003782	0.004476	-0.374756	-0.710449	0.037842	101.449755	-79.537655	172.056150
05721		9.567860	1.367630	0.020651	-0.014045	0.001282	-0.000877	-0.369385	-0.716309	0.039307	101.446958	-79.537333	172.053762
05722		9.526476	1.339387	0.053119	0.002455	-0.002678	-0.005001	-0.372070	-0.715820	0.033936	101.427664	-79.537904	172.070903
05723		9.561396	1.347355	0.030007	0.012036	-0.006427	-0.013030	-0.384521	-0.718750	0.030762	101.455767	-79.529881	172.052288
05724		9.573871	1.391078	0.009313	0.018268	-0.008767	-0.005430	-0.372559	-0.716553	0.037842	101.463833	-79.529545	172.050653
05725		9.575330	1.414866	-0.061284	0.018867	-0.009263	-0.008188	-0.377197	-0.715820	0.038818	101.507408	-79.523915	172.020283
05726		9.617297	1.509835	-0.073120	0.024737	-0.008648	-0.011729	-0.368652	-0.722412	0.035645	101.515085	-79.520063	172.023014
05727		9.623454	1.532045	-0.084145	0.025870	-0.006854	-0.005232	-0.376465	-0.713867	0.039063	101.557142	-79.516363	171.998269
05728		9.595777	1.537109	-0.152921	0.030795	-0.006808	-0.004169	-0.373291	-0.710449	0.038330	101.567487	-79.516965	172.001737
05729		9.624823	1.555980	-0.155647	0.029625	-0.002500	-0.005626	-0.369385	-0.723633	0.037598	101.598220	-79.513542	171.990696
05730		9.583415	1.528041	-0.123585	0.024525	0.001631	-0.006729	-0.372803	-0.719971	0.042236	101.577958	-79.513674	172.021740
05731		9.554240	1.509885	-0.121825	0.019137	0.004008	0.000043	-0.371826	-0.725342	0.034668	101.586470	-79.514181	172.027185
05732		9.570763	1.485745	-0.103812	0.007464	-0.000015	-0.004882	-0.383057	-0.711670	0.039795	101.562702	-79.515159	172.051722
05733		9.564396	1.464854	-0.094167	0.002710	-0.004246	-0.005908	-0.377930	-0.715088	0.036133	101.583135	-79.511377	172.035472
05734		9.535596	1.479546	-0.081615	-0.013782	-0.000275	-0.001773	-0.375000	-0.717285	0.039551	101.550075	-79.514086	172.057482
05735		9.564286	1.465569	-0.094211	-0.016856	-0.002512	-0.005082	-0.375732	-0.716553	0.039063	101.554558	-79.510967	172.046052
05736		9.541342	1.469166	-0.102549	-0.012155	-0.007016	-0.008156	-0.377930	-0.718018	0.037598	101.539072	-79.509310	172.050928
05737		9.546724	1.425872	-0.134981	-0.011726	-0.012759	-0.009027	-0.375977	-0.724121	0.036621	101.575094	-79.502801	172.010410
05738		9.573828	1.389370	-0.079066	-0.013238	-0.009511	-0.008632	-0.375977	-0.712158	0.042969	101.566373	-79.500604	172.007450
05739		9.569243	1.424946	-0.128650	-0.007852	-0.011889	-0.015408	-0.381592	-0.713379	0.038330	101.597967	-79.490611	171.973693
05740		9.591914	1.423112	-0.121454	0.003223	-0.007365	-0.007725	-0.376709	-0.724365	0.038330	101.592991	-79.489191	171.977471
05741		9.656302	1.482110	-0.135683	0.005301	-0.004999	-0.005833	-0.378174	-0.716553	0.031250	101.617181	-79.485363	171.958907
05742		9.662092	1.471366	-0.157208	0.000546	-0.009234	-0.006861	-0.378906	-0.710693	0.036865	101.616887	-79.484213	171.955236
05743		9.587925	1.524820	-0.150635	-0.015518	-0.011016	-0.003592	-0.375244	-0.715576	0.041992	101.648712	-79.480946	171.916774
05744		9.571264	1.549548	-0.169252	-0.027227	-0.008935	-0.003472	-0.377930	-0.717529	0.040039	101.634038	-79.481737	171.912832
05745		9.564927	1.528603	-0.159475	-0.029653	-0.002937	-0.005437	-0.373535	-0.718994	0.033936	101.632195	-79.478368	171.900377
05746		9.547895	1.520710	-0.187849	-0.026410	0.004545	-0.004012	-0.368652	-0.713623	0.038086	101.577009	-79.480403	171.937193
05747		9.551923	1.453951	-0.149101	-0.018722	0.009089	-0.004755	-0.368896	-0.710938	0.039307	101.545520	-79.478801	171.961260
05748		9.615650	1.447118	-0.183083	-0.006960	0.015744	-0.000766	-0.369141	-0.724121	0.041260	101.469935	-79.483899	172.031386
05749		9.603166	1.404257	-0.161595	-0.004883	0.018109	0.001128	-0.379150	-0.714844	0.039307	101.422694	-79.486618	172.079539
05750		9.620109	1.412848	-0.130953	0.005516	0.018415	-0.005525	-0.379150	-0.715576	0.031982	101.343219	-79.489358	172.159665
05751		9.572905	1.395886	-0.076074	0.021297	0.018445	-0.000912	-0.380127	-0.719482	0.043457	101.308670	-79.490950	172.210164
05752		9.572931	1.395783	-0.074682	0.032148	0.018420	0.002635	-0.373291	-0.721924	0.042480	101.249370	-79.498280	172.285503
05753		9.544576	1.442539	-0.049682	0.037156	0.021090	0.002754	-0.368896	-0.715332	0.043945	101.218033	-79.502213	172.341974
05754		9.503329	1.413712	-0.015710	0.037151	0.021084	0.002749	-0.364258	-0.719482	0.037109	101.153687	-79.509846	172.425659
05755		9.516223	1.489282	-0.023419	0.034592	0.015721	-0.002380	-0.375977	-0.713623	0.033447	101.134024	-79.510282	172.468763
05756		9.544955	1.475214	-0.035193	0.029579	0.013044	-0.002504	-0.375977	-0.718506	0.039063	101.086496	-79.514066	172.530805
05757		9.540594	1.509583	-0.083112	0.036235	0.014396	0.002301	-0.366699	-0.719727	0.040771	101.074561	-79.516979	172.567006
05758		9.586327	1.503404	-0.065816	0.044652	0.020360	0.003874	-0.366943	-0.715332	0.033203	101.017268	-79.525143	172.647708
05759		9.598604	1.513074	-0.095136	0.048658	0.023149	0.002567	-0.373047	-0.719727	0.036377	100.985913	-79.529154	172.710895
05760		9.610543	1.489995	-0.135240	0.055171	0.022560	0.002286	-0.366211	-0.708252	0.037354	100.926921	-79.536634	172.799500
05761		9.604308	1.468441	-0.123685	0.049070	0.026807	-0.000251	-0.370117	-0.718994	0.034912	100.882899	-79.539437	172.875805
05762		9.679484	1.513605	-0.096343	0.040087	0.030071	0.005012	-0.380859	-0.720215	0.039551	100.793956	-79.549220	172.986440
05763		9.639865	1.507667	-0.131034	0.033172	0.030269	0.001103	-0.370605	-0.715576	0.042725	100.730910	-79.553121	173.072824
05764		9.644548	1.505982	-0.068316	0.029446	0.044058	0.003629	-0.367920	-0.715332	0.037842	100.592131	-79.563558	173.227578
05765		9.621834	1.508391	-0.072606	0.026246	0.045309	0.006295	-0.372070	-0.717285	0.045166	100.481837	-79.571898	173.357965
05766		9.607868	1.475378	0.031633	0.028784	0.045222	0.000342	-0.371582	-0.721680	0.040771	100.336902	-79.580453	173.518844
05767		9.596715	1.422515	-0.024689	0.029853	0.047703	0.000801	-0.372314	-0.708984	0.046631	100.217883	-79.585834	173.660197
05768		9.544784	1.407038	-0.026989	0.035714	0.048288	-0.002748	-0.378418	-0.710449	0.046875	100.065465	-79.592826	173.832804
05769		9.542878	1.384750	0.046724	0.047828	0.049845	-0.005664	-0.368164	-0.713623	0.041504	99.946374	-79.594650	173.984695
05770		9.555108	1.395285	0.019642	0.057623	0.041189	-0.007603	-0.374023	-0.713623	0.039307	99.825526	-79.598069	174.138143
05771		9.549247	1.440389	0.054134	0.062872	0.042270	-0.008402	-0.371826	-0.717041	0.040771	99.736806	-79.597503	174.267919
05772		9.563136	1.440733	-0.054057	0.062955	0.035464	-0.007402	-0.373047	-0.719238	0.039795	99.636628	-79.600385	174.402899
05773		9.609166	1.501504	-0.013813	0.063551	0.034938	-0.010171	-0.368896	-0.709717	0.041992	99.569933	-79.598047	174.510675
05774		9.579941	1.483744	-0.009530	0.059734	0.036700	-0.004764	-0.366211	-0.714355	0.040771	99.465544	-79.602452	174.648274
05775		9.561689	1.518730	0.054947	0.051794	0.033740	-0.003116	-0.373779	-0.723145	0.045654	99.399413	-79.603931	174.748627
05776		9.567998	1.540136	0.047121	0.047090	0.028852	0.001900	-0.370117	-0.722656	0.046143	99.315266	-79.611294	174.857944
05777		9.486997	1.505883	0.044273	0.052257	0.027322	0.002066	-0.367432	-0.713135	0.045654	99.271698	-79.615064	174.935624
05778		9.503709	1.514454	0.074847	0.053766	0.024064	0.001686	-0.372803	-0.718506	0.044189	99.205947	-79.621814	175.030472
05779		9.532084	1.434014	0.043022	0.053147	0.024567	0.004430	-0.373535	-0.716064	0.049561	99.172461	-79.626645	175.098419
05780		9.526025	1.445342	0.065087	0.048759	0.021393	0.001563	-0.376221	-0.713135	0.039795	99.111891	-79.633064	175.185137
05781		9.509079	1.403728	0.026643	0.052396	0.014374	-0.001931	-0.369385	-0.714111	0.043457	99.106245	-79.633355	175.224343
05782		9.571306	1.406776	0.072666	0.064096	0.011587	0.004005	-0.369873	-0.720459	0.042725	99.085954	-79.640255	175.279234
05783		9.554912	1.430718	0.054286	0.064962	0.009494	0.000349	-0.372559	-0.714355	0.043457	99.103712	-79.641391	175.301966
05784		9.571608	1.439380	0.082722	0.065957	-0.000027	0.003769	-0.374756	-0.716797	0.053711	99.120363	-79.647102	175.319920
05785		9.557366	1.485327	-0.006878	0.061753	-0.007374	0.000984	-0.374023	-0.714355	0.048096	99.188820	-79.647064	175.289244
05786		9.569821	1.494887	-0.039284	0.063341	-0.008028	-0.000359	-0.366211	-0.722656	0.046387	99.226888	-79.649723	175.284576
05787		9.575897	1.483291	-0.061674	0.071430	-0.009293	-0.001970	-0.357178	-0.722412	0.046875	99.305344	-79.647827	175.249371
05788		9.575883	1.483308	-0.063393	0.070626	-0.004617	0.000687	-0.370605	-0.717529	0.048096	99.337677	-79.651338	175.253742
05789		9.569774	1.495048	-0.044264	0.066059	-0.003625	-0.002251	-0.373535	-0.715576	0.053711	99.395354	-79.649801	175.236532
05790		9.592526	1.492365	-0.037096	0.065521	-0.000509	-0.000484	-0.370605	-0.714844	0.048828	99.411574	-79.653082	175.255323
05791		9.569735	1.495234	-0.046461	0.064525	-0.000402	-0.001914	-0.365479	-0.718018	0.047852	99.458563	-79.652034	175.248084
05792		9.592484	1.492582	-0.039068	0.056688	-0.000719	-0.001207	-0.372070	-0.713379	0.054932	99.470112	-79.654868	175.266296
05793		9.592461	1.492707	-0.039983	0.050449	-0.001678	-0.001830	-0.370850	-0.718018	0.045654	99.513026	-79.653746	175.255001
05794		9.592438	1.492820	-0.041111	0.045380	-0.006926	-0.000944	-0.372070	-0.715576	0.047119	99.537569	-79.656151	175.253494
05795		9.561441	1.485867	0.039876	0.040296	-0.002792	-0.002096	-0.374756	-0.723633	0.053467	99.577967	-79.654771	175.238843
05796		9.555318	1.497878	0.059528	0.030150	-0.003894	-0.002351	-0.367188	-0.715576	0.055420	99.583725	-79.656673	175.247043
05797		9.579952	1.483643	-0.013092	0.026267	-0.004672	0.004043	-0.369629	-0.717041	0.051270	99.625117	-79.658579	175.223211
05798		9.602749	1.480738	-0.005725	0.028733	-0.007421	-0.000931	-0.375732	-0.718750	0.051514	99.641932	-79.660924	175.220086
05799		9.608837	1.468939	-0.027196	0.028204	-0.004290	0.000840	-0.375000	-0.718262	0.048828	99.681581	-79.661053	175.199155
05800		9.560939	1.419900	0.015257	0.029615	-0.000771	-0.000588	-0.369629	-0.717773	0.048584	99.678458	-79.664265	175.216123
05801		9.560927	1.419988	0.014611	0.042595	-0.002020	-0.001148	-0.373535	-0.718018	0.056641	99.718278	-79.663489	175.203399
05802		9.606186	1.381745	0.020456	0.048177	0.000072	-0.003829	-0.375244	-0.715820	0.062988	99.721649	-79.664936	175.224948
05803		9.613014	1.469148	0.029858	0.052277	0.004796	-0.000125	-0.372803	-0.712891	0.059814	99.746451	-79.665397	175.233128
05804		9.619353	1.490363	0.019261	0.039557	0.004471	-0.000456	-0.369141	-0.713135	0.056396	99.733284	-79.669190	175.267683
05805		9.627820	1.532725	-0.061462	0.036202	0.000567	0.004170	-0.363281	-0.717285	0.058105	99.764263	-79.671666	175.260223
05806		9.576508	1.582606	-0.048115	0.028381	0.000275	0.004897	-0.371338	-0.721436	0.049072	99.760603	-79.678029	175.278077
05807		9.559927	1.572832	-0.077066	0.031234	0.006691	0.008068	-0.373047	-0.716064	0.060547	99.771835	-79.683301	175.287796
05808		9.582849	1.569227	-0.068253	0.033102	0.013224	0.009818	-0.368408	-0.716553	0.067383	99.733199	-79.693727	175.342797
05809		9.580653	1.513802	-0.007497	0.031160	0.012842	0.013015	-0.370117	-0.718262	0.054199	99.727881	-79.702388	175.369293
05810		9.574211	1.458463	-0.006349	0.023950	0.012018	0.010993	-0.371094	-0.717041	0.052002	99.688499	-79.713324	175.420591
05811		9.584638	1.445743	0.033556	0.015300	0.008293	0.004371	-0.363770	-0.723877	0.060547	99.683579	-79.716660	175.437446
05812		9.590818	1.433269	0.013917	0.009270	0.011945	0.007835	-0.374756	-0.724365	0.057861	99.634187	-79.725796	175.489524
05813		9.543252	1.416650	0.067929	0.011682	0.005969	0.009887	-0.371582	-0.715088	0.060059	99.637319	-79.732023	175.496087
05814		9.556103	1.458154	0.047508	0.013622	0.006344	0.006686	-0.382568	-0.715332	0.054443	99.607248	-79.740001	175.531451
05815		9.510673	1.462929	0.031110	0.018512	0.006365	0.007737	-0.367676	-0.715576	0.056396	99.611897	-79.745051	175.540450
05816		9.552664	1.522920	0.008378	0.023929	0.003246	0.007022	-0.361816	-0.710693	0.050781	99.597568	-79.752925	175.566303
05817		9.546403	1.501069	0.018627	0.023845	0.000644	0.008006	-0.370605	-0.713867	0.058594	99.623285	-79.757579	175.556995
05818		9.600329	1.504084	-0.055259	0.014782	0.002052	0.008202	-0.372070	-0.717529	0.058838	99.608247	-79.765960	175.578726
05819		9.617435	1.545357	-0.016389	0.013908	0.004160	0.011833	-0.373535	-0.716553	0.056396	99.619309	-79.773112	175.578525
05820		9.633983	1.520459	0.002841	0.006524	0.007514	0.009711	-0.368408	-0.718994	0.053955	99.583213	-79.782893	175.615973
05821		9.617808	1.543043	-0.015033	-0.000378	0.013280	0.016804	-0.368896	-0.714111	0.064453	99.560085	-79.793723	175.642196
05822		9.605546	1.532454	0.016938	-0.009369	0.008532	0.012056	-0.378174	-0.715332	0.062988	99.512954	-79.804890	175.681904
05823		9.611839	1.519288	-0.002591	-0.017269	0.005656	0.013772	-0.364990	-0.720703	0.060791	99.502397	-79.813280	175.685520
05824		9.557894	1.481254	0.061829	-0.019320	0.003291	0.011922	-0.372803	-0.720703	0.051758	99.465938	-79.823881	175.708461
05825		9.535009	1.449781	0.043946	-0.018075	0.001602	0.012456	-0.370361	-0.718262	0.054688	99.466958	-79.831146	175.699846
05826		9.522650	1.439665	0.075040	-0.006461	0.000025	0.006313	-0.373047	-0.721924	0.055908	99.445071	-79.838271	175.714661
05827		9.564125	1.433358	0.032258	-0.001199	0.000461	0.011531	-0.375977	-0.719727	0.061035	99.458873	-79.844906	175.702883
05828		9.541849	1.468049	0.033667	0.001556	-0.004484	0.011719	-0.370361	-0.714844	0.054199	99.458776	-79.854677	175.700463
05829		9.600025	1.470677	0.019406	-0.003513	-0.000333	0.010563	-0.368652	-0.717529	0.059570	99.473279	-79.860690	175.686627
05830		9.580021	1.526427	-0.048979	-0.010958	-0.000189	0.015458	-0.375488	-0.715820	0.052246	99.454588	-79.872949	175.696849
05831		9.596920	1.534152	-0.019773	-0.016027	0.003962	0.014301	-0.377686	-0.715576	0.053955	99.450314	-79.881479	175.694804
05832		9.616076	1.563027	-0.060415	-0.020285	0.002792	0.016531	-0.373779	-0.714600	0.063477	99.417285	-79.894660	175.713732
05833		9.584918	1.521798	0.012189	-0.038322	-0.001152	0.018001	-0.373291	-0.719971	0.053711	99.418388	-79.904802	175.693251
05834		9.620450	1.526529	-0.009746	-0.048459	-0.002225	0.017754	-0.366211	-0.716309	0.064697	99.386001	-79.918173	175.695376
05835		9.558195	1.488224	-0.064772	-0.056547	-0.000941	0.019355	-0.374756	-0.714111	0.054688	99.376716	-79.929102	175.674841
05836		9.581177	1.484003	-0.055229	-0.050090	0.008406	0.010976	-0.373779	-0.709473	0.057861	99.306148	-79.939604	175.715569
05837		9.568522	1.440377	-0.032387	-0.044375	0.021212	0.017311	-0.380127	-0.714355	0.055908	99.232044	-79.951429	175.767948
05838		9.591124	1.403177	-0.031706	-0.039070	0.016110	0.011546	-0.371338	-0.713623	0.047119	99.143227	-79.962984	175.833968
05839		9.614063	1.399095	-0.021328	-0.035863	0.014172	0.014909	-0.372559	-0.713135	0.060059	99.094989	-79.972787	175.865029
05840		9.595272	1.367333	0.021489	-0.037657	0.010242	0.012166	-0.374268	-0.705566	0.056396	99.025954	-79.984108	175.911102
05841		9.601884	1.387358	0.012675	-0.032416	0.011290	0.011357	-0.367920	-0.713379	0.062988	98.986951	-79.991633	175.934788
05842		9.602026	1.386361	0.013832	-0.027806	0.004126	0.009324	-0.372070	-0.715332	0.053223	98.941903	-80.000782	175.964114
05843		9.556689	1.390997	-0.002254	-0.027176	0.002963	0.012602	-0.375488	-0.708740	0.053223	98.933183	-80.008265	175.960097
05844		9.557213	1.422999	0.008481	-0.021055	0.001921	0.008166	-0.384033	-0.711914	0.058838	98.898262	-80.016592	175.981137
05845		9.557363	1.421985	0.008925	-0.011879	0.002482	0.013033	-0.372070	-0.711670	0.051758	98.900050	-80.024277	175.975349
05846		9.573826	1.396697	0.028112	-0.018372	0.003115	0.013301	-0.371582	-0.709717	0.050537	98.865435	-80.035645	175.997775
05847		9.551655	1.431296	0.030390	-0.022024	0.001407	0.012771	-0.373291	-0.713135	0.051270	98.864728	-80.043087	175.988621
05848		9.535159	1.421225	0.001925	-0.015181	0.001810	0.010639	-0.376465	-0.718018	0.058105	98.834863	-80.052789	176.007803
05849		9.564111	1.405648	-0.010052	-0.011814	-0.003660	0.008073	-0.369873	-0.718506	0.054932	98.854006	-80.057126	175.984434
05850		9.563849	1.371715	-0.020237	-0.007706	0.001050	0.011788	-0.367920	-0.715332	0.058838	98.831596	-80.067421	175.999006
05851		9.593601	1.422109	-0.011808	-0.007812	-0.000917	0.006738	-0.374268	-0.711914	0.045410	98.843523	-80.071244	175.985292
05852		9.593743	1.421149	-0.011760	-0.004145	0.000150	0.013293	-0.375977	-0.718262	0.059814	98.826910	-80.082297	175.997128
05853		9.616267	1.383962	-0.013612	-0.004236	-0.002455	0.014270	-0.369873	-0.711914	0.059570	98.849684	-80.090249	175.974484
05854		9.610367	1.394596	0.006480	-0.004432	-0.007025	0.010197	-0.375732	-0.718262	0.044678	98.854859	-80.098931	175.964545
05855		9.571539	1.420401	-0.021142	-0.012875	-0.006780	0.013654	-0.371826	-0.714844	0.047607	98.886466	-80.106150	175.927911
05856		9.552662	1.388744	0.019210	-0.024553	-0.013334	0.009763	-0.368164	-0.709961	0.048584	98.900135	-80.114049	175.895119
05857		9.538876	1.433708	-0.070171	-0.026429	-0.010482	0.005950	-0.378174	-0.719971	0.050781	98.932157	-80.116573	175.850181
05858		9.538924	1.433367	-0.070553	-0.029550	-0.005940	0.001606	-0.367920	-0.715332	0.050781	98.915137	-80.120501	175.847014
05859		9.568183	1.451489	-0.072127	-0.037724	0.002114	0.002135	-0.374268	-0.717773	0.052246	98.897826	-80.121985	175.845584
05860		9.636388	1.442947	-0.046462	-0.043544	-0.003912	-0.005311	-0.371094	-0.707764	0.057617	98.862929	-80.122160	175.852376
05861		9.658231	1.374362	-0.058527	-0.034456	-0.005968	0.000531	-0.370361	-0.714355	0.052734	98.872947	-80.122022	175.825106
05862		9.641502	1.365814	-0.087079	-0.029565	0.004070	-0.006467	-0.375000	-0.710938	0.050781	98.819870	-80.122237	175.861260
05863		9.651618	1.354116	-0.046650	-0.024919	0.015028	-0.006551	-0.375488	-0.709717	0.051270	98.763521	-80.119934	175.906903
05864		9.616254	1.348164	-0.022313	-0.024110	0.019069	-0.005222	-0.375244	-0.720215	0.056152	98.665358	-80.122188	175.991269
05865		9.645833	1.399939	-0.011922	-0.016106	0.015184	-0.005844	-0.378418	-0.708984	0.051758	98.613935	-80.120279	176.037036
05866		9.664762	1.431429	-0.051099	-0.012468	0.017537	-0.011335	-0.372559	-0.708740	0.055176	98.524530	-80.118921	176.118075
05867		9.693457	1.417647	-0.061278	-0.008448	0.019637	-0.006636	-0.372314	-0.715576	0.052490	98.462669	-80.116920	176.178893
05868		9.654390	1.445351	-0.085844	-0.018947	0.026891	-0.007084	-0.376953	-0.712158	0.053955	98.341504	-80.118671	176.289593
05869		9.661216	1.500136	-0.082530	-0.027221	0.032327	-0.005585	-0.376465	-0.717285	0.046143	98.228121	-80.118275	176.391789
05870		9.661118	1.500956	-0.078968	-0.021002	0.033906	-0.010986	-0.371826	-0.714844	0.054688	98.080990	-80.118338	176.525862
05871		9.609047	1.486553	-0.081447	-0.014310	0.047211	-0.009199	-0.371094	-0.714355	0.044678	97.924895	-80.116993	176.678923
05872		9.589427	1.424001	-0.045823	-0.012449	0.054370	-0.013451	-0.373535	-0.715820	0.047119	97.715235	-80.117059	176.881872
05873		9.622066	1.410000	0.007342	-0.008714	0.058671	-0.013894	-0.376221	-0.722656	0.053467	97.523042	-80.113742	177.074831
05874		9.650332	1.364016	-0.009296	-0.003831	0.059329	-0.018855	-0.374268	-0.711914	0.048828	97.299962	-80.110890	177.294577
05875		9.597829	1.317324	-0.020366	-0.000986	0.065706	-0.015665	-0.374023	-0.709961	0.051514	97.088806	-80.106826	177.511283
