// General information: 
//  MT Manager version: 2022.2.0 
//  XDA version: 2022.2.0 build 7381 rev 124627 built on 2023-07-19
// Device information: 
//  DeviceId: 00B4BCF6
//  ProductCode: MTW2-3A7G6
//  Firmware Version: 4.6.0
//  Hardware Version: 2.0.0
// Device settings: 
//  Filter Profile: human(46.1)
//  Option Flags: Orientation Smoother Disabled, Position/Velocity Smoother Disabled, Continuous Zero Rotation Update Disabled, AHS Disabled, ICC Disabled
// Coordinate system: ENU
PacketCounter	SampleTimeFine	Acc_X	Acc_Y	Acc_Z	Gyr_X	Gyr_Y	Gyr_Z	Mag_X	Mag_Y	Mag_Z	Roll	Pitch	Yaw
15520		-1.267353	9.650020	1.058563	0.001509	0.005163	-0.007087	-0.762207	-0.930908	0.106201	83.784354	7.539546	118.534959
15521		-1.286876	9.630190	1.098842	0.002072	0.003510	-0.007181	-0.777100	-0.924316	0.109131	83.786192	7.539846	118.533113
15522		-1.285761	9.638494	1.044717	0.000946	0.006815	-0.006994	-0.767578	-0.929199	0.106201	83.786866	7.540387	118.531752
15523		-1.303331	9.649212	1.101072	-0.002182	0.007231	-0.008999	-0.770020	-0.932861	0.104004	83.786532	7.541953	118.531931
15524		-1.287473	9.638264	1.044737	-0.000413	0.004356	-0.007754	-0.773682	-0.937256	0.108398	83.786217	7.542810	118.530114
15525		-1.297478	9.628284	1.065131	-0.003615	0.003664	-0.004019	-0.760254	-0.924561	0.102539	83.784834	7.541318	118.528555
15526		-1.296113	9.658775	1.081043	0.001586	0.006758	-0.009195	-0.775635	-0.930176	0.097412	83.785843	7.543155	118.527713
15527		-1.291370	9.629595	1.098789	-0.002334	0.004038	-0.004786	-0.763428	-0.930420	0.108154	83.785215	7.542124	118.526320
15528		-1.273120	9.649279	1.058399	-0.001053	0.004413	-0.005554	-0.764648	-0.937256	0.102295	83.784554	7.541722	118.525511
15529		-1.305531	9.656996	1.047598	-0.002975	0.003606	-0.006220	-0.764648	-0.930420	0.100342	83.783515	7.541480	118.523781
15530		-1.276284	9.640685	1.112646	-0.002258	0.005633	-0.006894	-0.772217	-0.922852	0.105957	83.782236	7.541977	118.523702
15531		-1.284440	9.639099	1.078997	0.000306	0.006871	-0.004794	-0.764160	-0.929688	0.104980	83.783335	7.541125	118.523936
15532		-1.311448	9.617727	1.085841	-0.001771	0.001896	-0.008514	-0.770508	-0.933350	0.095459	83.782081	7.542226	118.520192
15533		-1.276562	9.648772	1.058880	-0.002104	0.009312	-0.007474	-0.771240	-0.928223	0.101563	83.781961	7.543053	118.521662
15534		-1.286671	9.638776	1.079223	-0.002180	0.007716	-0.005367	-0.772949	-0.929443	0.112305	83.780893	7.542747	118.524302
15535		-1.304206	9.627281	1.065977	-0.002974	0.003605	-0.006221	-0.772705	-0.931396	0.101074	83.779854	7.542505	118.522571
15536		-1.278501	9.648469	1.059297	-0.001052	0.004411	-0.005554	-0.768555	-0.921875	0.099365	83.779233	7.542077	118.520912
15537		-1.288489	9.638491	1.079602	-0.001616	0.006063	-0.005461	-0.771729	-0.926270	0.102783	83.779164	7.541555	118.520641
15538		-1.305914	9.627005	1.066384	-0.004179	0.005314	-0.003927	-0.772705	-0.932861	0.099365	83.776820	7.540234	118.520601
15539		-1.295031	9.667379	1.062337	-0.003538	0.005257	-0.006128	-0.765869	-0.935303	0.094482	83.775583	7.540042	118.519825
15540		-1.282603	9.639671	1.114164	-0.005536	0.002854	-0.004688	-0.769531	-0.935791	0.101807	83.772232	7.539088	118.520078
15541		-1.273808	9.649428	1.094458	-0.007152	0.009405	-0.006515	-0.762451	-0.933838	0.106934	83.769234	7.539374	118.521661
15542		-1.308176	9.626524	1.067952	-0.002257	0.006119	-0.003261	-0.771729	-0.931885	0.098633	83.768063	7.537823	118.521000
15543		-1.321600	9.676186	1.086619	-0.005459	0.004449	-0.006796	-0.762451	-0.933838	0.097900	83.765660	7.537961	118.519718
15544		-1.260760	9.629875	1.093074	-0.004742	0.006476	-0.007469	-0.769043	-0.935303	0.100586	83.763032	7.538816	118.520902
15545		-1.283871	9.647437	1.062195	-0.003538	0.005255	-0.006129	-0.765625	-0.931396	0.104736	83.761796	7.538624	118.520125
15546		-1.293819	9.637426	1.082734	-0.004179	0.005312	-0.003928	-0.775146	-0.933350	0.105713	83.759461	7.537381	118.519504
15547		-1.277505	9.648716	1.096427	-0.002821	0.007282	-0.006802	-0.771240	-0.930664	0.108154	83.758783	7.537699	118.519850
15548		-1.280098	9.618024	1.080813	-0.005307	0.008615	-0.003742	-0.771973	-0.927490	0.096680	83.756082	7.536501	118.520720
15549		-1.304880	9.627180	1.103974	-0.006100	0.004504	-0.004596	-0.759766	-0.923584	0.101807	83.753333	7.535389	118.519608
15550		-1.288491	9.638490	1.117588	0.001435	0.003566	-0.004981	-0.769531	-0.926514	0.106201	83.754080	7.534595	118.518183
15551		-1.281719	9.617730	1.081511	-0.003613	0.003171	-0.007657	-0.759766	-0.937256	0.099365	83.752631	7.535144	118.516112
15552		-1.280624	9.648174	1.097552	-0.000333	0.005949	-0.009863	-0.777832	-0.932617	0.108643	83.752512	7.537327	118.514882
15553		-1.273931	9.627416	1.061380	-0.000411	0.004842	-0.004121	-0.779053	-0.933594	0.104004	83.753052	7.535965	118.513994
15554		-1.298879	9.636593	1.084086	-0.001539	0.007656	-0.007570	-0.762939	-0.932373	0.106201	83.752408	7.536859	118.515105
15555		-1.290174	9.646404	1.063938	-0.002181	0.007712	-0.005369	-0.765381	-0.933838	0.106445	83.752141	7.536388	118.515788
15556		-1.290982	9.646293	1.063971	-0.000332	0.005948	-0.009864	-0.770508	-0.931885	0.102539	83.752047	7.538576	118.513500
15557		-1.291836	9.646157	1.064167	-0.004893	0.002793	-0.006892	-0.770020	-0.931641	0.100342	83.749843	7.538665	118.511260
15558		-1.301842	9.636104	1.084875	-0.006100	0.004501	-0.004599	-0.770264	-0.931641	0.100586	83.746359	7.537720	118.510886
15559		-1.259106	9.668738	1.091906	-0.002823	0.007767	-0.003169	-0.767090	-0.935303	0.102051	83.745746	7.535998	118.511739
15560		-1.302730	9.635926	1.085397	-0.002332	0.004033	-0.004790	-0.771973	-0.926514	0.102783	83.744384	7.535153	118.510938
15561		-1.269593	9.636482	1.042827	-0.006023	0.006095	-0.006707	-0.762695	-0.932617	0.099854	83.741782	7.535342	118.510607
15562		-1.296500	9.615030	1.049963	-0.003462	0.007335	-0.004604	-0.772705	-0.934326	0.092285	83.740038	7.534577	118.511223
15563		-1.261240	9.668337	1.092987	-0.002258	0.006116	-0.003262	-0.768311	-0.928223	0.107422	83.739623	7.532806	118.511121
15564		-1.304895	9.635520	1.086398	-0.001615	0.006059	-0.005463	-0.766846	-0.935059	0.098389	83.738827	7.532442	118.511967
15565		-1.288610	9.646842	1.099918	-0.001050	0.004408	-0.005556	-0.773682	-0.936523	0.104492	83.738957	7.531871	118.510740
15566		-1.291277	9.616158	1.084108	-0.002328	0.003544	-0.008426	-0.762451	-0.928223	0.101563	83.737540	7.533069	118.509681
15567		-1.290023	9.646636	1.100061	0.000305	0.006867	-0.004795	-0.773438	-0.928955	0.110107	83.738638	7.532218	118.509915
15568		-1.300076	9.636643	1.120096	0.002079	0.003509	-0.007182	-0.765869	-0.929688	0.115967	83.739799	7.532662	118.506720
15569		-1.298804	9.645015	1.066033	0.000232	0.004784	-0.006323	-0.771240	-0.925781	0.109375	83.740685	7.532550	118.505660
15570		-1.282775	9.656323	1.079433	-0.000330	0.005946	-0.009865	-0.757324	-0.929932	0.098633	83.740669	7.534656	118.501764
15571		-1.293062	9.646273	1.099682	-0.001689	0.003975	-0.006992	-0.768066	-0.929688	0.112793	83.740389	7.534875	118.500197
15572		-1.286355	9.625511	1.063673	-0.001762	0.001891	-0.008520	-0.763428	-0.926025	0.100830	83.739214	7.536026	118.495696
15573		-1.285012	9.656001	1.079657	-0.000904	0.008573	-0.002501	-0.762939	-0.933838	0.103027	83.739767	7.533975	118.497053
15574		-1.309927	9.665153	1.102290	0.000159	0.002700	-0.007851	-0.773193	-0.929443	0.102539	83.739741	7.534795	118.494471
15575		-1.288143	9.625263	1.063758	-0.002332	0.004030	-0.004792	-0.774414	-0.930420	0.101318	83.739115	7.533764	118.493075
15576		-1.269911	9.667170	1.093278	-0.001616	0.006057	-0.005465	-0.765137	-0.930664	0.105469	83.738348	7.533363	118.493771
15577		-1.321181	9.632811	1.052912	-0.000972	0.006000	-0.007666	-0.782227	-0.925537	0.101074	83.738625	7.534092	118.493326
15578		-1.290040	9.624979	1.064024	-0.002331	0.004030	-0.004792	-0.769531	-0.928223	0.104248	83.737317	7.533170	118.492375
15579		-1.283394	9.626339	1.097870	-0.002249	0.005135	-0.010536	-0.769775	-0.928467	0.104980	83.736773	7.535480	118.491251
15580		-1.282408	9.656787	1.113831	0.000726	0.001049	-0.007945	-0.773438	-0.936523	0.103760	83.736977	7.536195	118.487494
15581		-1.316737	9.633878	1.086667	0.002790	0.006024	-0.004219	-0.770020	-0.935303	0.104736	83.739440	7.534963	118.487279
15582		-1.285580	9.626087	1.097525	-0.000972	0.005999	-0.007667	-0.766602	-0.932617	0.105957	83.739031	7.535870	118.487179
15583		-1.301365	9.645130	1.099910	0.000876	0.004725	-0.008525	-0.768311	-0.922607	0.099365	83.740263	7.537009	118.485947
15584		-1.277868	9.635824	1.077106	0.000876	0.004725	-0.008525	-0.773438	-0.927734	0.104004	83.740819	7.538296	118.484574
15585		-1.286134	9.634251	1.043177	0.002796	0.005534	-0.007856	-0.770264	-0.935547	0.102539	83.743218	7.539105	118.483849
15586		-1.287027	9.656298	1.112738	0.000948	0.006807	-0.006998	-0.771240	-0.939453	0.101563	83.743985	7.539649	118.484373
15587		-1.280341	9.635555	1.076574	-0.002177	0.007214	-0.009010	-0.769531	-0.932617	0.097900	83.743652	7.541220	118.484540
15588		-1.320468	9.663769	1.101850	-0.002969	0.003594	-0.006229	-0.758789	-0.927979	0.102783	83.741914	7.541170	118.484359
15589		-1.289268	9.633830	1.043192	-0.000972	0.005997	-0.007668	-0.768311	-0.932129	0.099854	83.742190	7.541900	118.483911
15590		-1.291872	9.625286	1.097165	-0.002260	0.006110	-0.003266	-0.761475	-0.931885	0.101807	83.741099	7.540320	118.483526
15591		-1.305543	9.674914	1.115597	-0.000405	0.004347	-0.007761	-0.764404	-0.943604	0.101563	83.741575	7.541000	118.482125
15592		-1.289301	9.664139	1.059225	-0.000334	0.006430	-0.006233	-0.767822	-0.937256	0.103027	83.741576	7.541184	118.481980
15593		-1.286326	9.604384	1.061072	-0.001120	0.002320	-0.007088	-0.764893	-0.929932	0.099121	83.741495	7.541355	118.479457
15594		-1.300103	9.654005	1.079440	0.000233	0.004780	-0.006325	-0.763916	-0.929443	0.104492	83.741706	7.541434	118.478822
15595		-1.300802	9.653906	1.079486	-0.002821	0.007268	-0.006811	-0.765137	-0.931641	0.106689	83.741026	7.541756	118.479159
15596		-1.295942	9.624709	1.097423	-0.001835	0.000293	-0.006416	-0.768555	-0.929443	0.107178	83.739749	7.541589	118.474139
15597		-1.286915	9.634584	1.077424	-0.003472	0.007814	-0.000973	-0.766113	-0.936768	0.104736	83.738786	7.538621	118.475158
15598		-1.304223	9.623067	1.064025	0.000162	0.002696	-0.007854	-0.760498	-0.925049	0.096680	83.738822	7.539421	118.471928
15599		-1.278754	9.644364	1.057264	0.000162	0.002696	-0.007854	-0.769043	-0.931641	0.102539	83.739498	7.540051	118.469573
15600		-1.288867	9.634319	1.077462	-0.001049	0.004402	-0.005561	-0.764160	-0.928467	0.104736	83.738964	7.539643	118.468896
15601		-1.289489	9.634238	1.077443	0.000233	0.004779	-0.006326	-0.772217	-0.925049	0.105225	83.739850	7.539534	118.467833
15602		-1.275282	9.615020	1.074889	0.000878	0.004722	-0.008527	-0.775879	-0.932129	0.101563	83.740458	7.540792	118.465848
15603		-1.315521	9.643201	1.099982	-0.002323	0.003534	-0.008433	-0.767090	-0.939209	0.108887	83.739768	7.541805	118.463938
15604		-1.306837	9.653079	1.079585	0.004785	0.008426	-0.005657	-0.766846	-0.930664	0.102051	83.742904	7.541702	118.465100
15605		-1.282930	9.643871	1.056701	-0.001127	0.002808	-0.003453	-0.772217	-0.921631	0.109619	83.742887	7.539833	118.463086
15606		-1.292943	9.633831	1.076944	-0.000971	0.005993	-0.007670	-0.770996	-0.927490	0.100098	83.742550	7.540668	118.461821
15607		-1.308612	9.652861	1.079392	-0.000482	0.002751	-0.005654	-0.762451	-0.935791	0.103027	83.742880	7.540048	118.459635
15608		-1.260728	9.656533	1.104082	-0.003458	0.006831	-0.008249	-0.763184	-0.936035	0.107666	83.741144	7.541333	118.460122
15609		-1.295007	9.633527	1.077179	0.000155	0.003185	-0.004218	-0.769775	-0.934570	0.103271	83.741883	7.539923	118.458276
15610		-1.263769	9.625793	1.088192	-0.000334	0.006426	-0.006235	-0.766113	-0.928467	0.098633	83.741942	7.540056	118.457545
15611		-1.296185	9.633377	1.077105	-0.000481	0.002751	-0.005654	-0.773438	-0.932373	0.102051	83.742272	7.539437	118.455359
15612		-1.296846	9.633298	1.077021	0.000948	0.006803	-0.007000	-0.760742	-0.935059	0.102539	83.743068	7.539974	118.456656
15613		-1.312601	9.652325	1.079337	0.000164	0.002694	-0.007856	-0.766113	-0.932373	0.107422	83.743745	7.540605	118.454299
15614		-1.281368	9.644595	1.090372	-0.000911	0.008565	-0.002506	-0.767090	-0.934082	0.098633	83.743673	7.538757	118.454671
15615		-1.291390	9.634546	1.110627	-0.001754	0.001882	-0.008527	-0.781006	-0.943604	0.104248	83.743184	7.539720	118.451806
15616		-1.314508	9.652058	1.079405	-0.000334	0.006425	-0.006236	-0.770020	-0.935791	0.109863	83.743219	7.539827	118.453592
15617		-1.273908	9.654287	1.070286	-0.001049	0.004399	-0.005563	-0.771973	-0.930664	0.101807	83.743349	7.539259	118.452359
15618		-1.293366	9.634269	1.110732	-0.001617	0.006047	-0.005471	-0.764893	-0.931641	0.105957	83.742670	7.538878	118.451867
15619		-1.275211	9.654119	1.070251	0.001662	0.008828	-0.007674	-0.766602	-0.924072	0.099121	83.744669	7.539789	118.453046
15620		-1.294687	9.634112	1.110549	-0.001694	0.004455	-0.003362	-0.761475	-0.926270	0.100342	83.743835	7.538110	118.451779
15621		-1.285729	9.644008	1.090434	-0.001048	0.004398	-0.005563	-0.768555	-0.929443	0.102295	83.743965	7.537542	118.450546
15622		-1.295727	9.633968	1.110587	0.000302	0.006858	-0.004800	-0.766357	-0.923340	0.096436	83.744437	7.536840	118.450879
15623		-1.286890	9.643869	1.090297	0.000234	0.004775	-0.006328	-0.761963	-0.932129	0.101318	83.745323	7.536731	118.449815
15624		-1.300394	9.671364	1.038892	-0.002899	0.005668	-0.004707	-0.772217	-0.931152	0.098877	83.743859	7.535911	118.450138
15625		-1.297434	9.633719	1.110752	-0.002898	0.005668	-0.004707	-0.773438	-0.930908	0.107666	83.743031	7.534935	118.449688
15626		-1.264102	9.634469	1.068081	-0.001048	0.004397	-0.005564	-0.769531	-0.930664	0.107422	83.742550	7.534476	118.449259
15627		-1.305781	9.632054	1.077346	-0.004113	0.007373	-0.002415	-0.772461	-0.929443	0.102783	83.741174	7.532301	118.449933
15628		-1.298879	9.633473	1.111204	-0.000479	0.002749	-0.005656	-0.767822	-0.926270	0.100098	83.740912	7.531795	118.447594
15629		-1.306913	9.631882	1.077513	-0.000970	0.005989	-0.007674	-0.767578	-0.926514	0.095703	83.741189	7.532529	118.447142
15630		-1.283189	9.622640	1.055052	-0.003534	0.005233	-0.006145	-0.771484	-0.927979	0.103760	83.739321	7.532467	118.447834
15631		-1.308235	9.631676	1.077750	-0.000267	0.008506	-0.004709	-0.767334	-0.932129	0.102051	83.740215	7.531669	118.449015
15632		-1.265807	9.664520	1.084627	-0.002184	0.007693	-0.005381	-0.770020	-0.926758	0.101807	83.739343	7.531335	118.449951
15633		-1.290665	9.651451	1.037415	-0.000255	0.008014	-0.008347	-0.771729	-0.931152	0.104004	83.740176	7.532578	118.450620
15634		-1.293520	9.642868	1.091301	-0.001616	0.006044	-0.005473	-0.764893	-0.930664	0.101563	83.739512	7.532172	118.450792
15635		-1.301509	9.641272	1.057705	-0.002251	0.005609	-0.006910	-0.764404	-0.927979	0.106689	83.739033	7.532446	118.450170
15636		-1.294841	9.642666	1.091523	-0.001616	0.006044	-0.005473	-0.773193	-0.922607	0.098389	83.738381	7.532090	118.448794
15637		-1.312124	9.631099	1.078183	-0.003612	0.003640	-0.004037	-0.768799	-0.927002	0.104004	83.736997	7.530605	118.447222
15638		-1.295883	9.642476	1.091966	-0.002396	0.001935	-0.006329	-0.762695	-0.934082	0.101074	83.735573	7.530399	118.445357
15639		-1.288701	9.621794	1.056047	-0.003401	0.009396	-0.003089	-0.771729	-0.932617	0.104980	83.734751	7.528734	118.447151
15640		-1.261125	9.673759	1.065526	-0.002263	0.006100	-0.003272	-0.765381	-0.933838	0.104492	83.733740	7.527145	118.447023
15641		-1.314034	9.630738	1.079080	-0.004815	0.004852	-0.005383	-0.766846	-0.926270	0.100098	83.731747	7.526502	118.446063
15642		-1.288424	9.652086	1.072761	-0.002964	0.003582	-0.006238	-0.766113	-0.935059	0.100830	83.730127	7.526427	118.444147
15643		-1.290848	9.621402	1.057001	-0.002250	0.005608	-0.006911	-0.772461	-0.930664	0.099609	83.729647	7.526702	118.443524
15644		-1.272928	9.663348	1.086732	-0.004181	0.005286	-0.003946	-0.766846	-0.937500	0.106689	83.727461	7.525428	118.444198
15645		-1.290303	9.651771	1.073336	0.000170	0.002691	-0.007858	-0.771729	-0.923584	0.111084	83.728141	7.526060	118.441839
15646		-1.305992	9.670781	1.075666	0.000302	0.006856	-0.004801	-0.770752	-0.933350	0.096680	83.728705	7.525334	118.440198
15647		-1.267034	9.642508	1.050792	-0.004246	0.003203	-0.005475	-0.771484	-0.924805	0.104736	83.726913	7.524640	118.438284
15648		-1.301679	9.641483	1.093837	-0.002885	0.005172	-0.008349	-0.771240	-0.934082	0.108398	83.725442	7.525817	118.438609
15649		-1.302367	9.641366	1.094045	-0.002898	0.005663	-0.004711	-0.763672	-0.925049	0.104736	83.724614	7.524842	118.438157
15650		-1.278489	9.632159	1.071783	-0.004880	0.002767	-0.006913	-0.774902	-0.933105	0.105957	83.721876	7.525075	118.434428
15651		-1.262485	9.643519	1.085554	-0.000968	0.005985	-0.007676	-0.767578	-0.937256	0.101807	83.722154	7.525809	118.433973
15652		-1.304269	9.641013	1.094893	-0.006746	0.004527	-0.002420	-0.773926	-0.932373	0.109375	83.718486	7.523612	118.433528
15653		-1.300888	9.679971	1.057488	-0.004880	0.002767	-0.006914	-0.769775	-0.936035	0.103760	83.716286	7.523710	118.431273
15654		-1.290303	9.621679	1.093426	-0.005889	0.010225	-0.003673	-0.767822	-0.932861	0.106689	83.713554	7.522566	118.433088
15655		-1.296366	9.650644	1.076159	-0.006097	0.004470	-0.004622	-0.760986	-0.934082	0.095947	83.710804	7.521466	118.431956
15656		-1.306253	9.640523	1.096835	-0.006033	0.006552	-0.003093	-0.774658	-0.930420	0.099854	83.707683	7.519829	118.432203
15657		-1.297263	9.650418	1.077105	-0.004245	0.003201	-0.005477	-0.774658	-0.936035	0.098389	83.705892	7.519136	118.430288
15658		-1.282789	9.631220	1.075075	-0.004815	0.004848	-0.005386	-0.766357	-0.929932	0.100098	83.703309	7.518609	118.432057
15659		-1.298379	9.650189	1.077811	-0.003468	0.007309	-0.004620	-0.770264	-0.927979	0.108643	83.702279	7.517686	118.432556
15660		-1.267195	9.642483	1.089262	-0.005241	0.010167	-0.005875	-0.770508	-0.931885	0.096191	83.699903	7.517781	118.433886
15661		-1.299801	9.649911	1.078589	-0.006146	0.001896	-0.009792	-0.766602	-0.936523	0.103027	83.696889	7.519462	118.430948
15662		-1.270404	9.611621	1.074193	-0.003611	0.003635	-0.004040	-0.776855	-0.925293	0.105225	83.694924	7.518155	118.430777
15663		-1.285912	9.630586	1.077024	-0.006097	0.004468	-0.004623	-0.761963	-0.925537	0.100830	83.692174	7.517055	118.429645
15664		-1.292100	9.659540	1.059784	-0.005448	0.004412	-0.006825	-0.770752	-0.929932	0.097900	83.689245	7.517286	118.428071
15665		-1.279831	9.631786	1.111724	-0.005527	0.002821	-0.004715	-0.765137	-0.927734	0.100830	83.686697	7.516134	118.425987
15666		-1.278134	9.640215	1.058364	-0.006097	0.004467	-0.004624	-0.766602	-0.928955	0.108154	83.683384	7.515167	118.425863
15667		-1.256376	9.622494	1.090053	-0.002962	0.003579	-0.006241	-0.778076	-0.927979	0.106689	83.682350	7.514933	118.424118
15668		-1.262364	9.651513	1.072506	-0.001774	0.002858	-0.001255	-0.770508	-0.922607	0.100342	83.681493	7.511883	118.421114
15669		-1.313260	9.638991	1.101921	-0.004830	0.005336	-0.001747	-0.775146	-0.934326	0.099121	83.679558	7.509200	118.420664
15670		-1.272453	9.641339	1.093259	-0.003531	0.005225	-0.006150	-0.762207	-0.934082	0.106201	83.677768	7.509101	118.421768
15671		-1.280298	9.639775	1.059761	-0.002328	0.004014	-0.004803	-0.772461	-0.937500	0.099609	83.677143	7.508074	118.420364
15672		-1.283001	9.631123	1.113805	-0.002328	0.004014	-0.004804	-0.768555	-0.929688	0.109131	83.675975	7.507246	118.418804
15673		-1.264626	9.651091	1.073635	-0.001615	0.006040	-0.005475	-0.772949	-0.935547	0.099121	83.675905	7.506730	118.418521
15674		-1.306533	9.648537	1.082735	-0.002248	0.005604	-0.006914	-0.768799	-0.939209	0.100830	83.674906	7.507136	118.417860
15675		-1.260495	9.621792	1.091496	0.000317	0.006364	-0.008439	-0.766113	-0.931396	0.107178	83.675942	7.508328	118.417574
15676		-1.285717	9.630751	1.113892	0.002012	0.001915	-0.005074	-0.766846	-0.928711	0.095947	83.677117	7.507511	118.414371
15677		-1.308536	9.648311	1.082333	0.001646	0.009315	-0.004033	-0.776123	-0.923096	0.096924	83.679172	7.506380	118.416060
15678		-1.267935	9.650703	1.073223	-0.000965	0.005983	-0.007677	-0.770508	-0.924072	0.102539	83.678885	7.507188	118.418424
15679		-1.268774	9.650600	1.073158	0.000888	0.004716	-0.008532	-0.778076	-0.929688	0.098877	83.680124	7.508329	118.417186
15680		-1.303471	9.649521	1.115692	0.001442	0.003561	-0.004983	-0.775391	-0.932617	0.107422	83.681096	7.507422	118.417355
15681		-1.304213	9.649445	1.115479	0.001601	0.006742	-0.009203	-0.766357	-0.931152	0.100586	83.682889	7.509073	118.417237
15682		-1.265457	9.621277	1.090290	0.001521	0.005151	-0.007093	-0.773438	-0.929199	0.102539	83.684024	7.509546	118.416363
15683		-1.298050	9.628742	1.078953	0.000318	0.006361	-0.008441	-0.773438	-0.931641	0.105957	83.685060	7.510739	118.416076
15684		-1.297164	9.659240	1.094567	0.005923	0.005136	-0.005833	-0.764893	-0.931641	0.103516	83.688735	7.510452	118.415779
15685		-1.282903	9.640119	1.091803	0.000256	0.004279	-0.009971	-0.768799	-0.932861	0.104980	83.689567	7.512385	118.414198
15686		-1.274231	9.650049	1.071644	-0.001044	0.004390	-0.005569	-0.770996	-0.930664	0.105957	83.689192	7.511985	118.411897
15687		-1.269347	9.620875	1.089315	0.001460	0.003068	-0.008624	-0.768799	-0.927979	0.110352	83.690633	7.513075	118.409707
15688		-1.285193	9.639836	1.091603	-0.000332	0.006415	-0.006241	-0.761963	-0.942627	0.107422	83.690858	7.513113	118.407633
15689		-1.259622	9.661314	1.084948	0.000871	0.005205	-0.004893	-0.768066	-0.929688	0.101074	83.692153	7.512213	118.406908
15690		-1.310940	9.648713	1.113926	0.000239	0.004769	-0.006332	-0.772217	-0.930420	0.103027	83.692529	7.512325	118.404784
15691		-1.303832	9.628112	1.077599	0.002234	0.007175	-0.007766	-0.763184	-0.928223	0.108887	83.694729	7.513185	118.405007
15692		-1.272773	9.620490	1.088721	-0.001817	0.000282	-0.006428	-0.770996	-0.933838	0.099121	83.693623	7.512970	118.399882
15693		-1.279078	9.649480	1.070994	0.000379	0.008440	-0.006913	-0.772949	-0.933350	0.095947	83.694863	7.513423	118.400886
15694		-1.304520	9.658380	1.093418	0.000258	0.004277	-0.009973	-0.770264	-0.932861	0.112061	83.695132	7.515494	118.402557
15695		-1.297551	9.637746	1.057224	0.000178	0.002687	-0.007862	-0.766602	-0.928223	0.107666	83.695817	7.516127	118.400196
15696		-1.275896	9.620106	1.088457	0.000871	0.005204	-0.004894	-0.769043	-0.928711	0.107178	83.696673	7.515341	118.396605
15697		-1.297271	9.668149	1.073026	-0.000393	0.004332	-0.007772	-0.767822	-0.926514	0.098877	83.697155	7.516026	118.395195
15698		-1.266189	9.660531	1.084273	-0.002187	0.007678	-0.005389	-0.767090	-0.931396	0.102051	83.696386	7.515663	118.395798
15699		-1.300162	9.637399	1.057178	-0.001616	0.006033	-0.005480	-0.768311	-0.936768	0.099854	83.696314	7.515149	118.395510
15700		-1.268996	9.629783	1.068539	-0.002959	0.003571	-0.006247	-0.771973	-0.937012	0.104492	83.694755	7.515096	118.394790
15701		-1.277480	9.650208	1.104762	-0.000844	0.010139	-0.004622	-0.777832	-0.935059	0.103760	83.695441	7.514352	118.396916
15702		-1.300359	9.667690	1.073418	-0.001044	0.004387	-0.005571	-0.769043	-0.935791	0.106201	83.695075	7.513899	118.397015
15703		-1.270743	9.629516	1.068875	-0.005385	0.006480	-0.005305	-0.765137	-0.939941	0.102539	83.692878	7.513314	118.396996
15704		-1.295906	9.638396	1.091656	-0.001615	0.006032	-0.005480	-0.771484	-0.925049	0.094482	83.692309	7.513015	118.396262
15705		-1.296528	9.638293	1.091831	-0.003530	0.005215	-0.006158	-0.761963	-0.932373	0.107422	83.691074	7.512836	118.395462
15706		-1.297179	9.638174	1.092104	-0.003530	0.005215	-0.006158	-0.767090	-0.930664	0.111328	83.689335	7.512785	118.395080
15707		-1.273171	9.629093	1.069788	-0.001755	0.002361	-0.004900	-0.766602	-0.930664	0.102051	83.688912	7.511710	118.392720
15708		-1.266519	9.630484	1.103633	-0.001615	0.006031	-0.005481	-0.768066	-0.929199	0.102539	83.688390	7.511330	118.390490
15709		-1.287922	9.678515	1.088218	0.001523	0.005147	-0.007096	-0.765869	-0.936279	0.108643	83.690037	7.511681	118.389590
15710		-1.280807	9.657907	1.052074	-0.002306	0.003513	-0.008451	-0.769287	-0.927734	0.104736	83.688890	7.512857	118.386438
15711		-1.275975	9.628720	1.069812	0.000951	0.006792	-0.007005	-0.766602	-0.932617	0.103027	83.690333	7.513260	118.386489
15712		-1.286191	9.618569	1.089923	-0.002246	0.005594	-0.006921	-0.766357	-0.936035	0.111572	83.689383	7.513659	118.385523
15713		-1.292519	9.647553	1.072213	0.000240	0.004766	-0.006334	-0.769287	-0.935059	0.106689	83.690272	7.513552	118.384453
15714		-1.298848	9.676537	1.054504	-0.002246	0.005593	-0.006921	-0.768555	-0.927002	0.102783	83.689363	7.513999	118.381406
15715		-1.288383	9.618267	1.089998	0.000320	0.006355	-0.008446	-0.764893	-0.927490	0.100098	83.690400	7.515194	118.381114
15716		-1.262923	9.639747	1.083679	-0.005524	0.002806	-0.004726	-0.769531	-0.935547	0.101807	83.687368	7.514153	118.379576
15717		-1.304695	9.637085	1.092764	0.000299	0.006847	-0.004804	-0.775146	-0.930176	0.095947	83.688460	7.513306	118.379798
15718		-1.295707	9.647064	1.072766	-0.004754	0.006912	-0.003868	-0.758301	-0.927979	0.097412	83.686149	7.512038	118.383126
15719		-1.281230	9.627908	1.070832	-0.006074	0.003957	-0.008278	-0.774414	-0.938721	0.097656	83.683343	7.512987	118.381468
15720		-1.280444	9.658316	1.087258	-0.004102	0.006856	-0.006070	-0.767578	-0.925781	0.100342	83.681372	7.513047	118.383979
15721		-1.267365	9.608634	1.069253	-0.005465	0.004886	-0.003197	-0.769043	-0.927734	0.106201	83.679027	7.511161	118.383177
15722		-1.298126	9.646554	1.074426	-0.004674	0.008499	-0.005980	-0.772217	-0.937500	0.099121	83.676933	7.511162	118.383976
15723		-1.276309	9.628891	1.106250	-0.006748	0.004504	-0.002436	-0.769287	-0.932129	0.110352	83.673830	7.508818	118.383004
15724		-1.273014	9.667935	1.068723	-0.001535	0.007617	-0.007594	-0.771484	-0.932861	0.105713	83.673451	7.509741	118.383519
15725		-1.277683	9.628663	1.106651	-0.001158	0.000223	-0.008634	-0.768799	-0.942871	0.104004	83.673179	7.510657	118.379693
15726		-1.299175	9.676651	1.091415	-0.002188	0.007672	-0.005392	-0.770752	-0.931641	0.104980	83.672444	7.510369	118.380347
15727		-1.286123	9.626995	1.073177	-0.002898	0.005647	-0.004721	-0.776611	-0.925293	0.106934	83.671614	7.509399	118.379886
15728		-1.279620	9.628364	1.107015	-0.000389	0.004328	-0.007775	-0.763428	-0.929199	0.104004	83.671679	7.510105	118.378265
15729		-1.302700	9.645783	1.075814	-0.004159	0.004772	-0.007602	-0.765625	-0.929443	0.105225	83.670037	7.510720	118.377118
15730		-1.262125	9.648276	1.067160	-0.001615	0.006027	-0.005483	-0.766846	-0.935303	0.106445	83.669529	7.510351	118.375184
15731		-1.303983	9.645578	1.076100	-0.001615	0.006027	-0.005483	-0.767578	-0.926514	0.108887	83.669457	7.509839	118.374893
15732		-1.289550	9.626469	1.073781	-0.001535	0.007615	-0.007595	-0.764404	-0.933838	0.103516	83.669128	7.510751	118.373082
15733		-1.315011	9.635271	1.096385	-0.002302	0.003509	-0.008455	-0.767334	-0.936279	0.101807	83.668449	7.511772	118.371155
15734		-1.274464	9.637782	1.087641	-0.001042	0.004383	-0.005574	-0.766113	-0.932861	0.105225	83.668114	7.511405	118.370005
15735		-1.275111	9.637690	1.087702	-0.001098	0.002302	-0.007104	-0.767090	-0.934082	0.093750	83.668045	7.511581	118.367470
15736		-1.285176	9.627531	1.107821	0.000161	0.003176	-0.004223	-0.772705	-0.938721	0.099854	83.668293	7.510346	118.367310
15737		-1.292876	9.625996	1.074020	-0.000332	0.006408	-0.006245	-0.770264	-0.931641	0.103027	83.668978	7.510292	118.367189
15738		-1.276944	9.637468	1.087511	0.002098	0.003502	-0.007187	-0.768066	-0.935059	0.103516	83.670356	7.510720	118.367158
15739		-1.292927	9.656366	1.089807	-0.001591	0.005533	-0.009127	-0.767334	-0.927979	0.113037	83.670230	7.512252	118.366350
15740		-1.285785	9.635780	1.053712	-0.000388	0.004326	-0.007776	-0.762939	-0.929443	0.105225	83.670324	7.513053	118.362504
15741		-1.294354	9.656177	1.089785	0.000217	0.005256	-0.002693	-0.774902	-0.927490	0.102783	83.671267	7.510904	118.361948
15742		-1.279646	9.637128	1.087352	0.000105	0.001095	-0.005755	-0.766113	-0.935059	0.098389	83.671382	7.510309	118.358610
15743		-1.295445	9.656031	1.089788	-0.002245	0.005587	-0.006926	-0.769775	-0.923828	0.103760	83.670905	7.510590	118.357975
15744		-1.287976	9.635479	1.053788	-0.001696	0.004437	-0.003373	-0.762939	-0.932617	0.098877	83.670225	7.508882	118.358014
15745		-1.290954	9.626760	1.107801	-0.002874	0.005149	-0.008367	-0.767334	-0.926758	0.096191	83.669342	7.509957	118.357035
15746		-1.287786	9.665828	1.070079	-0.000986	0.006462	-0.004044	-0.776611	-0.938965	0.097900	83.669178	7.508806	118.359286
15747		-1.292033	9.626596	1.107971	-0.001696	0.004436	-0.003373	-0.764404	-0.931152	0.106201	83.668957	7.506992	118.358216
15748		-1.298282	9.655593	1.090285	-0.000387	0.004325	-0.007777	-0.762207	-0.935547	0.102783	83.668985	7.507817	118.358225
15749		-1.284083	9.636458	1.088057	-0.003558	0.002630	-0.011339	-0.773926	-0.932861	0.106201	83.667496	7.510426	118.355610
15750		-1.300065	9.655330	1.090492	0.001445	0.003557	-0.004985	-0.764404	-0.944824	0.109375	83.668569	7.509625	118.353541
15751		-1.293535	9.656712	1.124306	-0.004102	0.006847	-0.006076	-0.770752	-0.931152	0.100342	83.667129	7.509503	118.353683
15752		-1.293238	9.634683	1.054620	-0.001616	0.006023	-0.005486	-0.768555	-0.928955	0.107178	83.666623	7.509194	118.352937
15753		-1.286810	9.636035	1.088582	-0.004157	0.004765	-0.007607	-0.773438	-0.931641	0.101807	83.664982	7.509812	118.351785
15754		-1.270818	9.647498	1.102395	-0.000413	0.004818	-0.004135	-0.770020	-0.938477	0.103516	83.665109	7.508519	118.351028
15755		-1.278479	9.645947	1.068750	-0.002954	0.003560	-0.006256	-0.771729	-0.931152	0.109131	83.664078	7.508291	118.349270
15756		-1.273367	9.616796	1.086441	0.002209	0.007662	-0.004125	-0.771729	-0.928223	0.106201	83.665931	7.507225	118.349468
15757		-1.289101	9.635705	1.088793	-0.003528	0.005202	-0.006167	-0.766357	-0.927246	0.107666	83.664695	7.507050	118.348660
15758		-1.289898	9.635601	1.088774	0.002756	0.003446	-0.009389	-0.771729	-0.939209	0.099365	83.666528	7.508651	118.345018
15759		-1.285129	9.606426	1.106273	0.000898	0.004706	-0.008539	-0.769287	-0.927490	0.108154	83.667771	7.509795	118.343773
15760		-1.265621	9.657077	1.081898	0.002181	0.005088	-0.009300	-0.773193	-0.930420	0.104492	83.669347	7.511507	118.343311
15761		-1.292592	9.635306	1.088187	-0.000386	0.004323	-0.007779	-0.768799	-0.931885	0.102295	83.669832	7.512195	118.341895
15762		-1.283796	9.645330	1.067942	0.002155	0.005581	-0.005657	-0.765869	-0.936768	0.103271	83.671463	7.511829	118.342174
15763		-1.309252	9.654130	1.090124	0.002182	0.005087	-0.009301	-0.769043	-0.932617	0.101318	83.673464	7.513432	118.341100
15764		-1.285425	9.645169	1.067437	0.000952	0.006785	-0.007009	-0.770996	-0.928467	0.104492	83.674464	7.514005	118.341919
15765		-1.288582	9.636459	1.121127	0.000377	0.008427	-0.006920	-0.768311	-0.935059	0.099854	83.675701	7.514463	118.342915
15766		-1.277537	9.655096	1.046989	0.001608	0.006728	-0.009212	-0.763916	-0.932129	0.108154	83.677064	7.516221	118.343998
15767		-1.297410	9.634789	1.087028	0.000190	0.002679	-0.007869	-0.774414	-0.924805	0.104736	83.677754	7.516857	118.341632
15768		-1.322898	9.643546	1.109477	-0.001535	0.007605	-0.007602	-0.769287	-0.929443	0.103760	83.677457	7.517706	118.340939
15769		-1.257713	9.637306	1.078162	0.001527	0.005141	-0.007099	-0.761719	-0.931152	0.105225	83.679105	7.518059	118.340036
15770		-1.283071	9.646087	1.100544	-0.001616	0.006018	-0.005489	-0.764893	-0.931152	0.101318	83.678632	7.517682	118.338800
15771		-1.290748	9.644522	1.066862	-0.001616	0.006018	-0.005489	-0.763916	-0.935059	0.099365	83.678558	7.517173	118.338503
15772		-1.300844	9.634326	1.087030	-0.001616	0.006018	-0.005489	-0.768066	-0.929199	0.101318	83.678029	7.516856	118.339299
15773		-1.275351	9.655933	1.080674	-0.001041	0.004376	-0.005579	-0.770508	-0.933594	0.100830	83.678161	7.516295	118.338053
15774		-1.302028	9.634150	1.087168	-0.002191	0.007660	-0.005400	-0.770752	-0.927979	0.106689	83.677445	7.515941	118.340452
15775		-1.283686	9.654267	1.047120	-0.002243	0.005579	-0.006932	-0.767822	-0.929199	0.104248	83.676967	7.516226	118.339812
15776		-1.286843	9.645522	1.101097	-0.001668	0.003937	-0.007021	-0.769775	-0.930420	0.101074	83.676321	7.516512	118.337582
15777		-1.288832	9.614875	1.085209	-0.002324	0.003992	-0.004819	-0.763428	-0.926758	0.101563	83.675695	7.515494	118.336164
15778		-1.295145	9.643847	1.067634	-0.002243	0.005578	-0.006932	-0.767578	-0.936768	0.102051	83.674794	7.515881	118.336338
15779		-1.279152	9.655334	1.081536	-0.003608	0.003609	-0.004059	-0.770508	-0.937256	0.099854	83.673410	7.514406	118.334749
15780		-1.279776	9.655232	1.081712	-0.001534	0.007603	-0.007603	-0.772217	-0.933350	0.100342	83.673036	7.515380	118.337261
15781		-1.281740	9.624594	1.065775	-0.002272	0.006072	-0.003288	-0.774902	-0.937988	0.105713	83.672609	7.513621	118.337136
15782		-1.290334	9.644967	1.101869	0.001447	0.003555	-0.004987	-0.772949	-0.928955	0.104980	83.673694	7.512763	118.337590
15783		-1.288468	9.653529	1.048049	-0.002951	0.003553	-0.006261	-0.774414	-0.932617	0.101563	83.672664	7.512538	118.335828
15784		-1.291496	9.644783	1.102119	-0.002900	0.005633	-0.004731	-0.764648	-0.932129	0.111328	83.671438	7.511600	118.337212
15785		-1.282580	9.654816	1.082099	0.000244	0.004757	-0.006340	-0.774414	-0.933105	0.103271	83.672328	7.511495	118.336138
15786		-1.309303	9.633006	1.088571	-0.002951	0.003552	-0.006262	-0.778076	-0.934082	0.107910	83.670949	7.511369	118.333037
15787		-1.276818	9.656085	1.116165	-0.002375	0.001910	-0.006351	-0.766602	-0.932617	0.107910	83.670124	7.511091	118.330326
15788		-1.301233	9.642908	1.068709	0.001034	0.008367	-0.009125	-0.768311	-0.933838	0.107666	83.671371	7.512867	118.330401
15789		-1.296338	9.613723	1.086471	-0.003526	0.005193	-0.006174	-0.768311	-0.935059	0.105957	83.670135	7.512696	118.329588
15790		-1.287422	9.623758	1.066471	0.000295	0.006837	-0.004809	-0.766113	-0.934570	0.099854	83.670863	7.511993	118.328490
15791		-1.286705	9.654202	1.082685	-0.005437	0.004370	-0.006856	-0.772705	-0.930420	0.102539	83.668465	7.512158	118.327160
15792		-1.287453	9.654057	1.083089	-0.004153	0.004753	-0.007616	-0.767822	-0.927979	0.094482	83.666402	7.512897	118.327845
15793		-1.256468	9.646569	1.094775	-0.004153	0.004753	-0.007617	-0.771484	-0.933594	0.104004	83.664762	7.513519	118.326687
15794		-1.264156	9.644984	1.061263	-0.002324	0.003990	-0.004821	-0.759277	-0.937988	0.102783	83.663697	7.512595	118.328081
15795		-1.289429	9.653694	1.083973	-0.004810	0.004808	-0.005415	-0.770264	-0.928467	0.101318	83.661702	7.511966	118.327094
15796		-1.283034	9.655028	1.118178	-0.005437	0.004369	-0.006857	-0.773926	-0.934814	0.105469	83.658895	7.512320	118.325616
15797		-1.316786	9.631703	1.091072	-0.002192	0.007655	-0.005403	-0.770264	-0.931396	0.103271	83.658615	7.511865	118.326266
15798		-1.266642	9.644516	1.062554	-0.004860	0.002727	-0.006947	-0.773193	-0.936523	0.108154	83.656048	7.512050	118.324974
15799		-1.301569	9.643054	1.105396	-0.003526	0.005191	-0.006175	-0.773682	-0.923584	0.102539	83.654812	7.511879	118.324160
15800		-1.267939	9.644287	1.063085	-0.001616	0.006013	-0.005492	-0.767334	-0.931396	0.101318	83.654389	7.511377	118.324599
15801		-1.309874	9.641365	1.072071	-0.005436	0.004367	-0.006858	-0.767090	-0.929688	0.099121	83.651991	7.511543	118.323268
15802		-1.262239	9.645508	1.097486	-0.002949	0.003549	-0.006264	-0.764648	-0.931885	0.094482	83.650544	7.511441	118.322897
15803		-1.262896	9.645388	1.097778	-0.004679	0.008471	-0.005998	-0.769775	-0.935303	0.098389	83.648895	7.511377	118.323977
15804		-1.295079	9.652636	1.086657	-0.001779	0.002842	-0.001265	-0.765625	-0.930908	0.102783	83.648049	7.508436	118.325664
15805		-1.296706	9.622016	1.070934	-0.006094	0.004422	-0.004657	-0.766846	-0.939453	0.103027	83.645296	7.507352	118.324505
15806		-1.280956	9.633479	1.084982	-0.002209	0.005079	-0.010581	-0.770996	-0.937012	0.097656	83.644378	7.509874	118.323032
15807		-1.291219	9.623209	1.105253	-0.003031	0.001963	-0.004151	-0.770752	-0.937012	0.108643	83.643200	7.508346	118.320493
15808		-1.280941	9.663794	1.101501	-0.002949	0.003548	-0.006265	-0.774170	-0.942871	0.107422	83.641779	7.508267	118.320193
15809		-1.258060	9.624374	1.063255	-0.002900	0.005628	-0.004733	-0.766602	-0.936035	0.099854	83.640946	7.507303	118.319722
15810		-1.289055	9.662140	1.068157	-0.002900	0.005628	-0.004733	-0.772949	-0.928223	0.113281	83.639722	7.506523	118.320437
15811		-1.299119	9.651905	1.088327	-0.000462	0.002731	-0.005670	-0.766602	-0.926270	0.102539	83.640060	7.505908	118.318242
15812		-1.284574	9.632881	1.086010	-0.001534	0.007597	-0.007606	-0.766602	-0.929932	0.093506	83.639849	7.506708	118.316532
15813		-1.268873	9.644373	1.099805	-0.001136	0.000212	-0.008646	-0.769043	-0.927002	0.099609	83.639588	7.507627	118.312700
15814		-1.286118	9.632654	1.086198	-0.002193	0.007652	-0.005404	-0.770020	-0.924316	0.102783	83.638859	7.507262	118.316714
15815		-1.285514	9.663083	1.102408	-0.002818	0.007212	-0.006848	-0.769775	-0.928955	0.103027	83.638174	7.507602	118.317018
15816		-1.287451	9.632447	1.086455	-0.001039	0.004371	-0.005582	-0.768799	-0.922607	0.109619	83.637958	7.507050	118.316285
15817		-1.297626	9.622192	1.106606	-0.002241	0.005571	-0.006937	-0.773438	-0.931396	0.097168	83.637480	7.507336	118.315640
15818		-1.273548	9.613334	1.084218	0.000823	0.003115	-0.006430	-0.767334	-0.934326	0.103516	83.638236	7.507174	118.314387
15819		-1.263559	9.653924	1.080209	-0.001582	0.005515	-0.009140	-0.773193	-0.933105	0.094482	83.638113	7.508711	118.313570
15820		-1.290329	9.632056	1.086507	0.000871	0.005194	-0.004898	-0.774170	-0.927734	0.096436	83.638979	7.507935	118.316111
15821		-1.289502	9.662542	1.102488	-0.000943	0.008529	-0.002519	-0.768799	-0.934570	0.108643	83.639504	7.505894	118.317449
15822		-1.265400	9.653702	1.080043	0.000281	0.004259	-0.009988	-0.764160	-0.936768	0.100830	83.639981	7.507888	118.317540
15823		-1.314591	9.649258	1.054914	-0.001534	0.007594	-0.007608	-0.772461	-0.920166	0.105713	83.640055	7.508686	118.318015
15824		-1.250511	9.665105	1.093823	-0.001616	0.006009	-0.005495	-0.772217	-0.926514	0.099854	83.639638	7.508240	118.317397
15825		-1.303291	9.621429	1.106581	-0.001710	0.001850	-0.008559	-0.765625	-0.927002	0.100098	83.639171	7.509214	118.314512
15826		-1.279327	9.612563	1.084251	-0.000379	0.004314	-0.007786	-0.764648	-0.927979	0.096680	83.639277	7.509942	118.314706
15827		-1.288381	9.632842	1.120272	0.000953	0.006778	-0.007013	-0.766357	-0.935791	0.099609	83.640719	7.510348	118.314750
15828		-1.279657	9.642903	1.100202	-0.001710	0.001849	-0.008559	-0.767578	-0.934326	0.094727	83.639825	7.511496	118.313277
15829		-1.287429	9.641341	1.066383	0.001531	0.005138	-0.007101	-0.769287	-0.934570	0.103271	83.641474	7.511848	118.312374
15830		-1.297590	9.631107	1.086268	0.000293	0.006833	-0.004811	-0.772949	-0.928467	0.112061	83.642139	7.511163	118.315055
15831		-1.281826	9.642641	1.099967	-0.001002	0.003872	-0.009230	-0.771484	-0.930908	0.102295	83.642223	7.512648	118.313289
15832		-1.295417	9.670133	1.048499	-0.000956	0.005952	-0.007698	-0.765625	-0.931152	0.100342	83.642221	7.513393	118.312369
15833		-1.273904	9.652600	1.079898	0.000824	0.003113	-0.006431	-0.768066	-0.927246	0.095459	83.643319	7.513236	118.310346
15834		-1.267694	9.653957	1.113728	-0.002865	0.005126	-0.008384	-0.774658	-0.933594	0.095947	83.642026	7.514429	118.311265
15835		-1.290660	9.671288	1.082386	-0.000460	0.002728	-0.005673	-0.767822	-0.935059	0.107666	83.642364	7.513815	118.309069
15836		-1.294941	9.631957	1.120321	-0.004185	0.005236	-0.003979	-0.770020	-0.940674	0.105225	83.640398	7.512498	118.310709
15837		-1.276416	9.652206	1.080453	-0.002194	0.007646	-0.005408	-0.770020	-0.939941	0.095459	83.640115	7.512046	118.311355
15838		-1.301714	9.660851	1.102958	-0.002277	0.006061	-0.003294	-0.767334	-0.931152	0.099854	83.639267	7.510502	118.314104
15839		-1.303504	9.630214	1.087107	-0.003570	0.003101	-0.007714	-0.761230	-0.929932	0.100098	83.637835	7.511075	118.311992
15840		-1.278100	9.651907	1.081126	-0.004185	0.005236	-0.003979	-0.768066	-0.927246	0.115479	83.635861	7.509815	118.310633
15841		-1.304701	9.629987	1.087683	-0.002818	0.007204	-0.006853	-0.765381	-0.927246	0.098877	83.635175	7.510157	118.310934
15842		-1.273563	9.622622	1.099290	-0.002901	0.005620	-0.004738	-0.771240	-0.926758	0.104980	83.634080	7.509240	118.307080
15843		-1.264470	9.632707	1.079568	-0.004891	0.003211	-0.003310	-0.772217	-0.932617	0.101807	83.631936	7.507312	118.305314
15844		-1.280230	9.651510	1.082153	-0.001616	0.006005	-0.005497	-0.766113	-0.932617	0.100830	83.631537	7.506824	118.306207
15845		-1.265644	9.632519	1.079871	-0.000955	0.005950	-0.007700	-0.774170	-0.926025	0.101807	83.631817	7.507569	118.305732
15846		-1.282850	9.620768	1.066266	-0.003524	0.005179	-0.006183	-0.765869	-0.937012	0.102783	83.630230	7.507448	118.306404
15847		-1.291854	9.641014	1.102495	-0.000331	0.006390	-0.006256	-0.767822	-0.933594	0.105469	83.630913	7.507398	118.306275
15848		-1.274602	9.630771	1.046319	-0.000459	0.002727	-0.005674	-0.767334	-0.927246	0.096191	83.630921	7.506959	118.302999
15849		-1.276593	9.652491	1.116271	-0.001616	0.006004	-0.005498	-0.769287	-0.924316	0.105713	83.630845	7.506454	118.302697
15850		-1.293624	9.640758	1.102660	-0.002900	0.005619	-0.004739	-0.764893	-0.931152	0.099365	83.629673	7.505514	118.302848
15851		-1.269388	9.631949	1.080556	-0.004103	0.006817	-0.006096	-0.770508	-0.927246	0.096924	83.628228	7.505401	118.302974
15852		-1.300622	9.669610	1.085448	-0.001787	0.000262	-0.006448	-0.774414	-0.929443	0.106445	83.627226	7.505165	118.301320
15853		-1.270645	9.631741	1.080936	-0.002195	0.007642	-0.005410	-0.764404	-0.931396	0.100830	83.626942	7.504713	118.301964
15854		-1.280897	9.621444	1.101079	-0.001125	0.000206	-0.008651	-0.765625	-0.927979	0.100342	83.626374	7.505699	118.298114
15855		-1.272051	9.631544	1.081041	0.000292	0.006830	-0.004812	-0.769287	-0.937012	0.098633	83.627458	7.504856	118.298330
15856		-1.278446	9.660535	1.063332	-0.001660	0.003924	-0.007031	-0.769287	-0.929199	0.104248	83.626810	7.505230	118.298145
15857		-1.304003	9.669115	1.085799	-0.001660	0.003924	-0.007031	-0.769775	-0.934326	0.098877	83.626539	7.505465	118.296550
15858		-1.300074	9.609402	1.087592	-0.002945	0.003538	-0.006273	-0.769775	-0.920410	0.094727	83.625168	7.505332	118.296001
15859		-1.289921	9.650022	1.083918	-0.003606	0.003593	-0.004070	-0.769531	-0.927734	0.103516	83.623783	7.503861	118.294406
15860		-1.300079	9.639722	1.104123	-0.001533	0.007586	-0.007613	-0.766602	-0.929932	0.099121	83.623510	7.504644	118.296839
15861		-1.307737	9.638152	1.070490	-0.003524	0.005176	-0.006186	-0.763184	-0.930664	0.095459	83.622273	7.504477	118.296017
15862		-1.261417	9.611924	1.079832	-0.002282	0.003482	-0.008477	-0.766602	-0.935303	0.114258	83.621207	7.505665	118.295080
15863		-1.292688	9.649580	1.084556	-0.000414	0.004805	-0.004142	-0.769043	-0.935059	0.106934	83.621740	7.504311	118.294177
15864		-1.293279	9.649494	1.084617	-0.002239	0.005561	-0.006944	-0.774414	-0.930908	0.103760	83.621044	7.504735	118.289518
15865		-1.262107	9.642188	1.096125	-0.000414	0.004804	-0.004142	-0.768555	-0.929199	0.104492	83.621577	7.503381	118.288614
15866		-1.279115	9.630467	1.082303	0.000248	0.004749	-0.006345	-0.771973	-0.929443	0.102051	83.622178	7.503301	118.288180
15867		-1.295202	9.649224	1.084721	-0.004020	0.008395	-0.008214	-0.771729	-0.937256	0.111572	83.620880	7.504495	118.289077
15868		-1.271054	9.640455	1.062440	0.000871	0.005190	-0.004900	-0.773193	-0.935303	0.098389	83.621910	7.503655	118.287970
15869		-1.270584	9.670906	1.078432	0.000206	0.002670	-0.007878	-0.769775	-0.930908	0.100342	83.622607	7.504293	118.285601
15870		-1.281945	9.630080	1.082392	-0.002196	0.007638	-0.005412	-0.771729	-0.932373	0.106445	83.621955	7.503928	118.289550
15871		-1.292030	9.619789	1.102523	-0.001162	0.000701	-0.005006	-0.765381	-0.938721	0.100586	83.621745	7.502804	118.286234
15872		-1.257050	9.651781	1.076327	-0.001036	0.004362	-0.005588	-0.766602	-0.934570	0.100586	83.621561	7.502399	118.284989
15873		-1.289490	9.658880	1.065027	-0.002986	0.001456	-0.007808	-0.769531	-0.930420	0.101074	83.620339	7.502920	118.281927
15874		-1.284383	9.629700	1.082886	-0.001036	0.004362	-0.005588	-0.770752	-0.936279	0.108398	83.620130	7.502484	118.281677
15875		-1.275573	9.639796	1.063010	-0.003440	0.006755	-0.008303	-0.773193	-0.933350	0.104492	83.619041	7.503624	118.281626
15876		-1.301028	9.648363	1.085409	0.000788	0.003607	-0.002785	-0.772949	-0.933105	0.094727	83.619921	7.501495	118.280132
15877		-1.286181	9.629428	1.083167	-0.003523	0.005172	-0.006188	-0.769287	-0.928223	0.105469	83.618684	7.501330	118.279308
15878		-1.270476	9.640978	1.097092	-0.000953	0.005944	-0.007704	-0.763916	-0.931641	0.101318	83.618624	7.502127	118.281459
15879		-1.271174	9.640883	1.097123	-0.001036	0.004361	-0.005588	-0.765137	-0.932373	0.106934	83.618756	7.501568	118.280208
15880		-1.284485	9.668420	1.045617	-0.000331	0.006385	-0.006258	-0.771973	-0.933350	0.101807	83.619151	7.501680	118.277638
15881		-1.287872	9.659564	1.099401	-0.000373	0.004306	-0.007792	-0.762939	-0.933105	0.107422	83.619640	7.502373	118.276214
15882		-1.282745	9.630414	1.117019	0.000871	0.005189	-0.004901	-0.770752	-0.930420	0.106445	83.620651	7.501603	118.274339
15883		-1.273935	9.640538	1.096950	-0.000994	0.003864	-0.009238	-0.770996	-0.924805	0.103027	83.620739	7.503091	118.272569
15884		-1.280360	9.669526	1.079244	-0.000373	0.006881	-0.002610	-0.768311	-0.938477	0.104980	83.621207	7.500985	118.272928
15885		-1.282013	9.638929	1.063127	-0.000953	0.005943	-0.007705	-0.770264	-0.941895	0.099365	83.621487	7.501732	118.272449
15886		-1.275964	9.640261	1.097026	-0.002279	0.003477	-0.008481	-0.775635	-0.925049	0.101563	83.620475	7.502977	118.271909
15887		-1.293192	9.628479	1.083252	0.000373	0.008408	-0.006929	-0.770264	-0.935303	0.102051	83.621707	7.503439	118.272896
15888		-1.267945	9.650288	1.076932	-0.000331	0.006384	-0.006260	-0.760498	-0.934326	0.098877	83.622083	7.503392	118.275338
15889		-1.278158	9.639987	1.096878	0.000249	0.004746	-0.006347	-0.766602	-0.932373	0.103027	83.622974	7.503290	118.274260
15890		-1.276254	9.648664	1.042945	0.000913	0.004691	-0.008550	-0.771240	-0.938232	0.097168	83.623889	7.504644	118.272064
15891		-1.286706	9.638326	1.062923	-0.001573	0.005499	-0.009152	-0.772705	-0.932373	0.105957	83.623769	7.506187	118.271238
15892		-1.280630	9.639658	1.096888	-0.002942	0.003530	-0.006279	-0.774170	-0.928467	0.104004	83.622417	7.506060	118.272110
15893		-1.296470	9.658425	1.099305	-0.000955	0.008517	-0.002524	-0.771729	-0.927490	0.101563	83.622932	7.504021	118.273443
15894		-1.247273	9.641098	1.054754	-0.002277	0.003475	-0.008482	-0.769775	-0.934326	0.103760	83.621987	7.505013	118.273498
15895		-1.282592	9.639370	1.097126	-0.000248	0.007964	-0.008376	-0.772217	-0.929443	0.106445	83.622817	7.506271	118.274138
15896		-1.290158	9.637835	1.063187	0.001452	0.003550	-0.004989	-0.777588	-0.934082	0.104736	83.624064	7.505363	118.272590
15897		-1.283939	9.639225	1.096829	0.000373	0.008405	-0.006931	-0.771484	-0.932617	0.101807	83.625295	7.505826	118.273577
15898		-1.275175	9.649355	1.076758	-0.000952	0.005939	-0.007707	-0.769531	-0.932373	0.103271	83.625290	7.506589	118.275956
15899		-1.292279	9.637593	1.062807	0.002737	0.003937	-0.005746	-0.772949	-0.932617	0.098633	83.627551	7.506093	118.274452
15900		-1.301517	9.657796	1.098863	-0.002857	0.005109	-0.008397	-0.766113	-0.927490	0.100586	83.626355	7.507246	118.275965
15901		-1.286927	9.638870	1.096447	0.004022	0.004324	-0.006503	-0.769287	-0.927490	0.104248	83.629374	7.507206	118.274635
15902		-1.278018	9.649033	1.076276	-0.002198	0.007630	-0.005418	-0.762207	-0.936279	0.095215	83.628812	7.506800	118.274899
15903		-1.263221	9.630125	1.073961	0.000871	0.005186	-0.004903	-0.773926	-0.924561	0.094971	83.630103	7.505903	118.274167
15904		-1.320639	9.645794	1.084556	0.001619	0.006712	-0.009222	-0.769775	-0.927734	0.100830	83.631503	7.507671	118.277971
15905		-1.280109	9.648788	1.075981	-0.001616	0.005993	-0.005505	-0.770264	-0.928223	0.099121	83.631425	7.507169	118.277663
15906		-1.271187	9.658937	1.055975	0.000251	0.004743	-0.006349	-0.769531	-0.928955	0.104492	83.632008	7.507087	118.278693
15907		-1.297743	9.636913	1.062310	-0.004225	0.003139	-0.005525	-0.778564	-0.925049	0.096924	83.630220	7.506415	118.276745
15908		-1.275099	9.649966	1.110154	-0.001616	0.005992	-0.005506	-0.761230	-0.934570	0.097656	83.629855	7.505846	118.280266
15909		-1.298965	9.636741	1.062384	0.002860	0.007596	-0.006330	-0.773926	-0.928955	0.104248	83.632455	7.505916	118.280827
15910		-1.266708	9.660086	1.089813	-0.000958	0.008513	-0.002527	-0.777100	-0.937500	0.101074	83.632663	7.503998	118.282545
15911		-1.293142	9.638074	1.096128	-0.003521	0.005162	-0.006196	-0.770264	-0.926514	0.096924	83.631425	7.503836	118.281716
15912		-1.258318	9.670141	1.070074	-0.000912	0.008015	-0.006176	-0.770996	-0.933105	0.102051	83.631563	7.503873	118.287429
15913		-1.309894	9.656693	1.098610	-0.002236	0.005548	-0.006953	-0.771973	-0.937500	0.098877	83.631084	7.504167	118.286774
15914		-1.270353	9.629170	1.074114	-0.000950	0.005936	-0.007710	-0.764893	-0.931885	0.108398	83.631043	7.505029	118.289404
15915		-1.261496	9.639312	1.054165	-0.001616	0.005991	-0.005507	-0.765381	-0.927246	0.105957	83.630964	7.504527	118.289096
15916		-1.287139	9.647794	1.076514	-0.001532	0.007571	-0.007624	-0.770020	-0.927734	0.099121	83.630847	7.505432	118.284732
15917		-1.297476	9.637458	1.096427	0.001537	0.005129	-0.007107	-0.767578	-0.927979	0.098389	83.632497	7.505786	118.283826
15918		-1.288615	9.647602	1.076462	-0.003521	0.005160	-0.006197	-0.770752	-0.929688	0.104980	83.630945	7.505669	118.284857
15919		-1.289321	9.647501	1.076526	0.000373	0.008401	-0.006934	-0.770020	-0.931152	0.103271	83.632175	7.506133	118.285841
15920		-1.296739	9.645965	1.042643	-0.000996	0.006432	-0.004061	-0.769287	-0.928467	0.103516	83.632261	7.504873	118.286039
15921		-1.306856	9.635630	1.062778	-0.003520	0.005159	-0.006198	-0.768311	-0.935791	0.095947	83.631023	7.504713	118.285209
15922		-1.291157	9.647232	1.076732	-0.000912	0.008012	-0.006178	-0.766846	-0.937988	0.100342	83.631182	7.504833	118.287666
15923		-1.259965	9.640031	1.088439	-0.004186	0.005214	-0.003995	-0.771240	-0.927979	0.104980	83.629585	7.503421	118.287009
15924		-1.276948	9.628224	1.074769	-0.000367	0.004298	-0.007798	-0.760010	-0.928711	0.106201	83.629811	7.504224	118.285857
15925		-1.276680	9.658648	1.090928	-0.002198	0.007624	-0.005422	-0.761719	-0.936768	0.103027	83.629523	7.503778	118.286492
15926		-1.277224	9.658543	1.091216	-0.004926	0.001111	-0.004859	-0.761230	-0.934082	0.095703	83.626952	7.502834	118.277878
15927		-1.278732	9.627918	1.075390	-0.002198	0.007624	-0.005422	-0.762451	-0.931885	0.098145	83.626664	7.502388	118.278514
15928		-1.269728	9.638077	1.055565	-0.002901	0.005600	-0.004752	-0.770752	-0.926514	0.103027	83.625467	7.501683	118.277739
15929		-1.294248	9.677063	1.094155	-0.002901	0.005600	-0.004752	-0.765137	-0.931885	0.103027	83.624630	7.500728	118.277255
15930		-1.289962	9.617375	1.095984	-0.003520	0.005157	-0.006200	-0.766846	-0.927246	0.103027	83.623156	7.500624	118.275778
15931		-1.270532	9.668283	1.072424	-0.004102	0.006792	-0.006114	-0.765137	-0.933838	0.109131	83.621708	7.500519	118.275891
15932		-1.272138	9.637648	1.056579	-0.002937	0.003521	-0.006286	-0.766357	-0.931396	0.105469	83.620489	7.500406	118.270920
15933		-1.281318	9.657796	1.093032	-0.004925	0.001110	-0.004861	-0.767578	-0.935303	0.105713	83.618154	7.499226	118.267851
15934		-1.298337	9.645958	1.079509	-0.002270	0.003466	-0.008490	-0.768799	-0.933105	0.106934	83.617277	7.500393	118.263745
15935		-1.283524	9.627046	1.077486	-0.004734	0.008924	-0.002377	-0.772705	-0.930664	0.097168	83.615658	7.498297	118.265323
15936		-1.284018	9.626966	1.077614	0.000253	0.004740	-0.006351	-0.765137	-0.931396	0.106934	83.616292	7.498248	118.265734
15937		-1.283669	9.657397	1.093799	-0.002901	0.005599	-0.004753	-0.770996	-0.937988	0.100342	83.615454	7.497293	118.265250
15938		-1.275557	9.637051	1.057903	-0.002901	0.005598	-0.004753	-0.767090	-0.936279	0.107666	83.614373	7.496479	118.264287
15939		-1.276060	9.636946	1.058255	-0.005507	0.002744	-0.004776	-0.774170	-0.931885	0.101563	83.611828	7.495354	118.262161
15940		-1.311184	9.635093	1.100890	-0.004102	0.006790	-0.006115	-0.767334	-0.927002	0.093506	83.610160	7.495330	118.262332
15941		-1.292567	9.655530	1.061162	-0.002283	0.006041	-0.003306	-0.775635	-0.928467	0.103271	83.609722	7.493579	118.262195
15942		-1.277785	9.636627	1.059077	-0.003434	0.006735	-0.008319	-0.772461	-0.927002	0.102539	83.608338	7.494709	118.265754
15943		-1.262143	9.648226	1.073156	-0.002901	0.005598	-0.004754	-0.778076	-0.936035	0.106445	83.607500	7.493754	118.265269
15944		-1.294411	9.655215	1.061789	-0.002901	0.005597	-0.004754	-0.770020	-0.926758	0.106201	83.606460	7.492754	118.266884
15945		-1.272716	9.637770	1.093611	-0.004186	0.005209	-0.003999	-0.771973	-0.928711	0.103516	83.604863	7.491344	118.266225
15946		-1.295472	9.655018	1.062284	-0.001649	0.003908	-0.007044	-0.776611	-0.928223	0.106445	83.604415	7.491556	118.264274
15947		-1.258636	9.618750	1.091781	-0.004136	0.004710	-0.007650	-0.772705	-0.930908	0.097168	83.602778	7.492194	118.263093
15948		-1.300529	9.615452	1.100358	-0.000533	0.001137	-0.003565	-0.764893	-0.935547	0.105713	83.602736	7.490224	118.263335
15949		-1.290313	9.656186	1.096663	-0.003534	0.007729	-0.001017	-0.769775	-0.930664	0.108154	83.601726	7.487277	118.264315
15950		-1.265815	9.647591	1.074546	-0.000947	0.005931	-0.007713	-0.767090	-0.927490	0.114014	83.601838	7.488155	118.260779
15951		-1.257942	9.627234	1.038618	-0.004136	0.004709	-0.007651	-0.769531	-0.936523	0.095459	83.600202	7.488792	118.259597
15952		-1.292309	9.655859	1.097194	-0.002198	0.007619	-0.005424	-0.774658	-0.928711	0.104736	83.599713	7.488444	118.258903
15953		-1.261165	9.648701	1.108879	-0.001615	0.005985	-0.005510	-0.765381	-0.929688	0.100830	83.599635	7.487944	118.258592
15954		-1.284828	9.635450	1.061263	-0.001615	0.005984	-0.005511	-0.763428	-0.930176	0.097656	83.599337	7.487468	118.258725
15955		-1.278613	9.636816	1.095140	-0.000997	0.006428	-0.004063	-0.767090	-0.925537	0.098389	83.599658	7.486172	118.258762
15956		-1.295495	9.625000	1.081434	-0.004101	0.006786	-0.006118	-0.769287	-0.932617	0.099854	83.597913	7.486178	118.259855
15957		-1.295129	9.655412	1.097800	-0.002283	0.006038	-0.003308	-0.770996	-0.931885	0.111084	83.597474	7.484428	118.259716
15958		-1.277476	9.645372	1.041891	-0.002265	0.003463	-0.008493	-0.774902	-0.931885	0.105469	83.596628	7.485530	118.256813
15959		-1.281048	9.636416	1.095812	-0.001614	0.005984	-0.005511	-0.766357	-0.933838	0.096436	83.596550	7.485031	118.256501
15960		-1.288405	9.634874	1.062154	-0.003517	0.005151	-0.006204	-0.770508	-0.932617	0.097412	83.595054	7.484956	118.257594
15961		-1.272722	9.646495	1.076222	-0.002198	0.007617	-0.005425	-0.770020	-0.927979	0.097168	83.594764	7.484512	118.258226
15962		-1.292521	9.625810	1.116351	-0.004101	0.006784	-0.006119	-0.766357	-0.928711	0.099609	83.593006	7.484469	118.262069
15963		-1.273909	9.646279	1.076757	-0.004186	0.005204	-0.004002	-0.765381	-0.932129	0.100342	83.591409	7.483060	118.261407
15964		-1.284147	9.635870	1.096988	-0.002848	0.005096	-0.008408	-0.767090	-0.930664	0.108643	83.590270	7.484289	118.260350
15965		-1.275087	9.646067	1.077257	-0.003536	0.007725	-0.001019	-0.775635	-0.930908	0.098633	83.589258	7.481344	118.261328
15966		-1.268921	9.647392	1.111416	-0.004750	0.004262	-0.009103	-0.770996	-0.936768	0.106201	83.587029	7.482801	118.260300
15967		-1.291874	9.664588	1.080206	-0.004101	0.006783	-0.006120	-0.767578	-0.934082	0.105957	83.585581	7.482699	118.260409
15968		-1.286615	9.635407	1.098166	-0.003484	0.007226	-0.004671	-0.771240	-0.932861	0.099365	83.584360	7.481935	118.259160
15969		-1.261326	9.657323	1.092375	-0.004100	0.006782	-0.006120	-0.764160	-0.932129	0.102295	83.582912	7.481833	118.259268
15970		-1.271435	9.646909	1.112733	-0.006056	0.006447	-0.003162	-0.776855	-0.931396	0.101318	83.580091	7.480158	118.259841
15971		-1.278451	9.645386	1.079364	-0.005440	0.006890	-0.001714	-0.771240	-0.933105	0.098145	83.577921	7.477555	118.260296
15972		-1.272198	9.646712	1.113576	-0.004100	0.006782	-0.006121	-0.764648	-0.935059	0.099121	83.576211	7.477462	118.264361
15973		-1.279485	9.645161	1.080156	-0.006088	0.004369	-0.004698	-0.766602	-0.927734	0.104248	83.573455	7.476396	118.263175
15974		-1.280019	9.645017	1.080802	-0.008574	0.005169	-0.005306	-0.769775	-0.931152	0.104004	83.569102	7.475878	118.261036
15975		-1.280567	9.644866	1.081502	-0.007841	0.009268	-0.004440	-0.772949	-0.932129	0.099121	83.565711	7.474980	118.262681
15976		-1.281081	9.644732	1.082086	-0.006088	0.004368	-0.004698	-0.768311	-0.931885	0.097412	83.562732	7.473956	118.262970
15977		-1.281519	9.644616	1.082602	-0.006056	0.006445	-0.003164	-0.762695	-0.932373	0.108643	83.560164	7.472150	118.263076
15978		-1.291455	9.634193	1.103127	-0.007926	0.007688	-0.002324	-0.764160	-0.924561	0.103027	83.556423	7.470107	118.261649
15979		-1.272499	9.654720	1.063862	-0.006726	0.006498	-0.000961	-0.766846	-0.934570	0.101563	83.553493	7.467050	118.261928
15980		-1.256338	9.666360	1.078399	-0.008012	0.006107	-0.000207	-0.771729	-0.930176	0.099121	83.549604	7.463659	118.260089
15981		-1.291799	9.633921	1.105094	-0.008682	0.006160	0.001996	-0.772217	-0.932373	0.102295	83.545553	7.458896	118.260367
15982		-1.297560	9.662962	1.087909	-0.002455	0.002876	0.000926	-0.770264	-0.935303	0.098877	83.544589	7.454562	118.260640
15983		-1.297666	9.662951	1.087877	0.003125	-0.002929	-0.003129	-0.759277	-0.934326	0.102295	83.546583	7.452132	118.255367
15984		-1.280807	9.575787	1.139357	0.030197	-0.010496	-0.013067	-0.772949	-0.927490	0.097900	83.563191	7.455121	118.243983
15985		-1.271123	9.694101	1.023449	0.037119	-0.016413	-0.021532	-0.769531	-0.933105	0.104736	83.583502	7.462307	118.229776
15986		-1.305303	9.623942	1.117584	0.036365	-0.017943	-0.017214	-0.764648	-0.935059	0.102539	83.603079	7.466967	118.216694
15987		-1.286915	9.675249	1.090243	0.043265	-0.021290	-0.020494	-0.772217	-0.926270	0.105469	83.626553	7.473262	118.199757
15988		-1.263573	9.667020	1.063931	0.048095	-0.028631	-0.020233	-0.765625	-0.926758	0.105713	83.652051	7.479025	118.178244
15989		-1.268928	9.627932	1.097465	0.045025	-0.026207	-0.020762	-0.780273	-0.931885	0.104980	83.676160	7.485176	118.158470
15990		-1.308162	9.664194	1.064009	0.046405	-0.019589	-0.016924	-0.766357	-0.938232	0.102783	83.701400	7.489515	118.144528
15991		-1.252596	9.649020	1.049457	0.041150	-0.024808	-0.013318	-0.769287	-0.934570	0.111328	83.723453	7.491530	118.126035
15992		-1.266761	9.599736	1.103629	0.038694	-0.021935	-0.012396	-0.774414	-0.932129	0.107910	83.744111	7.493387	118.108863
15993		-1.280330	9.627453	1.048785	0.034366	-0.017815	-0.010633	-0.764404	-0.936768	0.104004	83.762823	7.494322	118.094557
15994		-1.258111	9.641027	1.093525	0.029566	-0.008402	-0.009372	-0.776611	-0.933350	0.106934	83.779256	7.495242	118.087490
15995		-1.291368	9.617607	1.063253	0.027026	-0.007099	-0.006327	-0.770020	-0.939453	0.114990	83.794600	7.494397	118.079610
15996		-1.288525	9.657022	1.022889	0.028364	-0.007220	-0.010739	-0.772217	-0.928467	0.111328	83.810496	7.496111	118.072516
15997		-1.282758	9.658747	1.054161	0.026462	-0.008058	-0.011431	-0.770264	-0.930176	0.109375	83.825402	7.498118	118.063766
15998		-1.277585	9.629934	1.069495	0.026442	-0.005470	-0.006248	-0.765137	-0.933350	0.108887	83.840369	7.497298	118.057551
15999		-1.275400	9.638719	1.013513	0.019006	-0.000993	-0.006536	-0.773926	-0.928711	0.109131	83.851574	7.496955	118.053166
16000		-1.263402	9.611439	1.063492	0.015313	0.000992	-0.008506	-0.766602	-0.930908	0.112305	83.860584	7.497898	118.051053
16001		-1.270106	9.640441	1.044480	0.009555	-0.001007	-0.006921	-0.773682	-0.931885	0.113770	83.866369	7.497775	118.046636
16002		-1.293923	9.626955	0.996135	0.005275	0.002612	-0.008808	-0.769043	-0.932129	0.099854	83.869816	7.498968	118.043499
16003		-1.287275	9.659085	1.045526	0.002786	0.003410	-0.009414	-0.776123	-0.924805	0.108887	83.872034	7.500536	118.041466
16004		-1.262967	9.650509	1.022999	0.002178	0.007638	-0.004147	-0.762451	-0.935303	0.106445	83.873966	7.499307	118.048137
16005		-1.273068	9.640206	1.043038	-0.004703	0.008399	-0.006049	-0.768799	-0.931396	0.109131	83.872295	7.499263	118.049178
16006		-1.264244	9.650290	1.023483	-0.007192	0.009196	-0.006655	-0.776855	-0.933105	0.108887	83.868995	7.499789	118.051071
16007		-1.295912	9.687593	1.028636	-0.011524	0.013324	-0.004890	-0.770508	-0.935303	0.107666	83.863794	7.499387	118.055014
16008		-1.243179	9.632829	1.056864	-0.012779	0.015018	-0.002602	-0.766602	-0.937500	0.114746	83.857780	7.497800	118.064443
16009		-1.282213	9.637927	1.012451	-0.012697	0.016590	-0.004725	-0.769043	-0.942139	0.106201	83.852153	7.497505	118.070273
16010		-1.269206	9.640969	1.081148	-0.013924	0.020366	-0.000907	-0.767334	-0.932861	0.109375	83.845918	7.495509	118.078384
16011		-1.270103	9.610235	1.066390	-0.017751	0.021283	0.002895	-0.765381	-0.925293	0.105713	83.837807	7.491163	118.087383
16012		-1.270263	9.610082	1.067575	-0.013669	0.029755	-0.000560	-0.762695	-0.936035	0.105957	83.832424	7.489382	118.100931
16013		-1.264505	9.580955	1.086472	-0.016910	0.029036	0.003157	-0.770020	-0.928223	0.107666	83.825377	7.485366	118.114401
16014		-1.242492	9.563661	1.119184	-0.014113	0.037118	0.000459	-0.776367	-0.933838	0.107666	83.820279	7.483527	118.132436
16015		-1.270986	9.609669	1.070430	-0.009750	0.035071	0.000226	-0.765869	-0.925781	0.104980	83.817761	7.481556	118.149192
16016		-1.227789	9.544731	1.117806	-0.002088	0.037904	-0.000662	-0.780029	-0.925049	0.102051	83.819618	7.480258	118.169932
16017		-1.218081	9.585543	1.113254	0.004960	0.040288	-0.002996	-0.764404	-0.934326	0.108887	83.825892	7.480442	118.189485
16018		-1.264481	9.718685	1.009246	0.010157	0.024017	-0.001616	-0.768799	-0.927979	0.102295	83.833709	7.478808	118.202930
16019		-1.238286	9.611479	1.025581	0.007861	0.008061	-0.003596	-0.766602	-0.930908	0.116211	83.839229	7.477347	118.203929
16020		-1.214873	9.526126	1.111709	0.014858	0.001617	-0.015702	-0.762695	-0.931885	0.113037	83.848029	7.482439	118.198452
16021		-1.210422	9.527753	1.142929	0.041849	-0.014302	-0.031759	-0.769531	-0.931152	0.106934	83.871122	7.495651	118.184861
16022		-1.236556	9.544959	1.106133	0.071984	-0.037848	-0.057666	-0.767334	-0.933838	0.104004	83.909339	7.522312	118.153387
16023		-1.212797	9.636929	1.070224	0.105404	-0.058638	-0.085786	-0.768311	-0.940186	0.113037	83.965058	7.563641	118.111034
16024		-1.282820	9.659054	0.981796	0.144715	-0.078521	-0.122840	-0.768555	-0.934326	0.115479	84.041205	7.625108	118.056409
16025		-1.332386	9.832016	0.859637	0.180978	-0.100768	-0.167205	-0.766113	-0.927734	0.115723	84.136267	7.710464	117.985079
16026		-1.404182	9.961330	0.704623	0.205667	-0.114040	-0.219632	-0.772217	-0.930176	0.115723	84.243774	7.825014	117.903212
16027		-1.418637	10.030772	0.695882	0.235024	-0.139005	-0.298940	-0.757568	-0.936035	0.122559	84.365483	7.983567	117.802595
16028		-1.380817	10.069793	0.548797	0.288383	-0.154358	-0.398710	-0.766602	-0.931396	0.122559	84.515284	8.198299	117.690346
16029		-1.196127	10.054670	0.648068	0.374268	-0.191182	-0.535847	-0.754395	-0.938232	0.127441	84.709884	8.489717	117.547519
16030		-0.671440	10.869161	0.428570	0.472923	-0.066608	-0.760373	-0.757568	-0.947754	0.129883	84.969216	8.915947	117.471573
16031		-0.643731	10.658050	1.298607	0.549047	0.066108	-1.164379	-0.743408	-0.957275	0.125244	85.281036	9.579962	117.448856
16032		-0.613076	12.970692	1.503999	0.464981	0.208356	-1.578138	-0.737061	-0.961670	0.134766	85.555552	10.486528	117.506772
16033		-0.944268	13.113045	1.016144	0.307985	0.202297	-1.967398	-0.723877	-0.970703	0.126709	85.738084	11.615413	117.533780
16034		-1.520128	11.616908	0.898495	0.258835	0.125682	-2.378641	-0.706787	-0.987305	0.133789	85.880304	12.975893	117.501675
16035		-1.570851	12.275514	0.975291	0.264751	-0.027321	-2.695739	-0.695801	-0.999756	0.133545	86.001467	14.511576	117.369423
16036		-1.795353	12.241785	1.028486	0.245932	-0.216960	-2.913909	-0.669189	-1.012451	0.127197	86.076463	16.164320	117.118834
16037		-2.049713	12.633770	1.229341	0.210446	-0.327997	-3.193591	-0.652832	-1.022461	0.136963	86.100952	17.973166	116.788457
16038		-2.477295	12.998454	1.388554	0.134077	-0.262644	-3.496822	-0.616211	-1.035889	0.135498	86.078723	19.957636	116.481374
16039		-3.350113	13.823556	1.715964	0.103756	-0.111158	-3.612608	-0.595459	-1.046143	0.138184	86.058894	22.014403	116.257561
16040		-4.126317	15.530370	1.957879	-0.092370	0.128219	-3.535755	-0.565918	-1.061523	0.129639	85.976489	24.036203	116.180291
16041		-3.231109	15.003900	2.028284	-0.190546	0.433442	-3.209738	-0.551758	-1.075439	0.133789	85.921388	25.884318	116.306338
16042		-4.031317	11.328092	1.562521	0.062303	0.672219	-3.002137	-0.523193	-1.085449	0.132080	86.089213	27.622664	116.598172
16043		-2.600735	10.572481	2.004294	0.287137	0.787496	-2.925214	-0.510010	-1.087891	0.128418	86.437660	29.320677	116.982063
16044		-0.122202	10.817944	1.802473	0.295179	0.883594	-2.552594	-0.481689	-1.103271	0.131348	86.848232	30.805870	117.462538
16045		3.429793	11.045584	2.008610	0.171331	0.908514	-1.895675	-0.463623	-1.107422	0.121094	87.227714	31.913657	118.001369
16046		8.849733	11.084971	1.392988	0.090377	1.048728	-1.194493	-0.458740	-1.115967	0.124023	87.637265	32.619479	118.670166
16047		4.691608	13.364737	1.091847	-0.036503	1.390324	-0.565536	-0.436523	-1.115479	0.125732	88.120072	32.969022	119.598535
16048		7.167130	13.037605	1.667418	-0.291100	1.498091	0.260244	-0.447021	-1.112305	0.110107	88.509202	32.839800	120.620494
16049		6.807347	9.615396	1.478049	-0.343089	1.608782	0.876041	-0.450195	-1.122070	0.103516	88.907675	32.355048	121.723359
16050		6.119015	8.240058	1.541205	-0.251714	1.612141	1.270011	-0.450195	-1.107666	0.104980	89.345225	31.635528	122.820005
16051		5.299306	7.935398	1.796475	-0.167809	1.543458	1.522564	-0.458740	-1.108643	0.095703	89.787281	30.766207	123.857173
16052		4.510155	8.112799	2.043600	-0.157179	1.407127	1.735438	-0.472656	-1.124023	0.085205	90.165698	29.765774	124.785461
16053		3.823578	8.398254	2.229357	-0.214577	1.203328	1.939696	-0.486084	-1.104492	0.089844	90.423750	28.647259	125.564404
16054		3.222755	8.643061	2.352619	-0.296608	0.959636	2.144040	-0.502930	-1.098389	0.077637	90.538714	27.407472	126.169809
16055		2.717469	8.853661	2.367879	-0.399350	0.693875	2.328420	-0.511475	-1.103760	0.081055	90.503017	26.066234	126.597078
16056		2.269470	8.967054	2.257351	-0.515589	0.433694	2.493914	-0.515137	-1.094727	0.070557	90.318227	24.628491	126.854916
16057		1.789791	9.092059	2.080889	-0.643613	0.190221	2.630543	-0.547607	-1.092041	0.073486	89.995062	23.117401	126.965437
16058		1.394070	9.188817	1.814881	-0.777665	-0.029664	2.732274	-0.559570	-1.071533	0.060303	89.542997	21.544457	126.948186
16059		1.116844	9.088627	1.605137	-0.900481	-0.210580	2.782444	-0.576416	-1.074463	0.053711	88.988534	19.945154	126.837026
16060		0.717929	8.979658	1.409421	-0.984368	-0.358065	2.786754	-0.595459	-1.066406	0.048584	88.364253	18.336438	126.653422
16061		0.153603	9.103270	1.341832	-1.015743	-0.480068	2.731755	-0.617188	-1.062256	0.042236	87.711978	16.759015	126.417473
16062		-0.632928	9.635558	1.275579	-1.031174	-0.616863	2.661646	-0.636475	-1.047119	0.030518	87.038384	15.211456	126.117505
16063		-1.477261	10.274283	1.250307	-1.041853	-0.780378	2.602001	-0.658691	-1.048096	0.030273	86.348484	13.693479	125.741659
16064		-2.310150	10.775169	1.356517	-1.011586	-0.963595	2.578961	-0.672607	-1.036865	0.028320	85.664672	12.172849	125.277012
16065		-3.309982	11.375016	1.431141	-0.939840	-1.185087	2.601278	-0.705078	-1.033691	0.017822	85.014277	10.628259	124.706635
16066		-4.052341	11.938193	1.460477	-0.846287	-1.429071	2.663793	-0.734863	-1.013672	0.028076	84.411452	9.024859	124.017008
16067		-4.709669	12.348301	1.215580	-0.770280	-1.667369	2.758929	-0.754150	-1.003174	0.022949	83.856969	7.350739	123.216702
16068		-4.932880	12.631737	0.652574	-0.741284	-1.850742	2.839574	-0.783203	-0.981201	0.018311	83.332439	5.607478	122.334161
16069		-5.280687	12.501188	0.360979	-0.702859	-1.916900	2.870752	-0.800537	-0.970703	0.034912	82.856551	3.838455	121.435245
16070		-5.819682	12.326906	0.003246	-0.634102	-1.881977	2.877050	-0.828369	-0.948730	0.037354	82.448683	2.057651	120.571048
16071		-6.160072	12.283676	-0.257948	-0.595014	-1.778381	2.833024	-0.854004	-0.937744	0.041504	82.092210	0.308028	119.776280
16072		-6.302316	11.958896	-0.383457	-0.603264	-1.622102	2.748881	-0.882813	-0.914795	0.049072	81.753242	-1.389670	119.073145
16073		-6.372475	11.317109	-0.334946	-0.597180	-1.418371	2.618230	-0.892822	-0.889893	0.044678	81.434458	-2.996640	118.484883
16074		-6.414718	10.478488	-0.171940	-0.530607	-1.196824	2.466072	-0.912842	-0.870850	0.055176	81.161314	-4.504475	118.015771
16075		-6.680407	9.475491	0.098008	-0.391622	-0.989293	2.283651	-0.937988	-0.853271	0.061523	80.970543	-5.889233	117.654364
16076		-6.806667	8.329224	0.654313	-0.160519	-0.807090	2.079031	-0.949463	-0.837646	0.062744	80.910056	-7.145386	117.379604
16077		-6.899727	7.504351	1.279145	0.146865	-0.617295	1.847041	-0.959229	-0.817383	0.062012	81.020272	-8.250246	117.191630
16078		-6.894056	7.687581	2.169432	0.385078	-0.449063	1.586048	-0.972656	-0.810547	0.068848	81.259344	-9.194319	117.072210
16079		-7.122022	8.195607	2.899731	0.413299	-0.276396	1.341310	-0.972656	-0.803467	0.081787	81.504573	-9.982035	117.026959
16080		-8.136287	7.952807	2.811393	0.244529	-0.143856	1.093414	-0.976563	-0.785645	0.083252	81.643744	-10.619893	117.033650
16081		-13.275297	5.317697	3.205872	0.427077	0.105312	-0.137138	-0.980957	-0.783203	0.078125	81.880880	-10.537612	117.079659
16082		-13.248222	-0.002430	1.046625	0.583646	-0.025336	-0.894801	-0.978760	-0.787842	0.082275	82.231581	-10.037238	116.989434
16083		-17.358336	3.476736	2.487616	0.661801	-0.498393	-1.667543	-0.970947	-0.807861	0.083740	82.681198	-9.131650	116.571812
16084		-17.498880	3.697617	2.531634	0.498881	-0.979395	-2.432250	-0.967285	-0.826416	0.095215	83.076455	-7.822870	115.830740
16085		-3.315619	8.114733	3.713636	0.176727	-1.412120	-2.801739	-0.951904	-0.845947	0.105225	83.302382	-6.328874	114.826042
16086		-1.240900	13.475770	0.691728	-0.130126	-1.607480	-2.741971	-0.944824	-0.872314	0.111816	83.335887	-4.879507	113.719925
16087		2.237339	12.691041	-2.649362	-0.218284	-1.554237	-2.488061	-0.927002	-0.885498	0.128906	83.289559	-3.571354	112.663274
16088		2.230575	9.277456	-5.290362	0.091495	-1.160300	-2.542004	-0.926025	-0.906250	0.146973	83.384174	-2.205731	111.829581
16089		2.172249	10.292566	-7.216130	0.217006	-0.593380	-2.768627	-0.909912	-0.927734	0.140869	83.522517	-0.672551	111.307458
16090		1.024880	14.510866	-5.473697	0.088022	0.220187	-2.927692	-0.890137	-0.942871	0.140625	83.573337	1.004462	111.240941
16091		-1.146047	15.673490	-3.046027	-0.476692	0.757769	-2.872887	-0.871826	-0.962402	0.141846	83.308808	2.685294	111.481014
16092		-2.743782	15.488228	4.630540	-0.757074	0.939930	-2.696758	-0.863525	-0.975830	0.136719	82.896953	4.279895	111.827420
16093		-5.263671	14.617033	6.680502	-0.526125	0.869954	-2.372229	-0.841309	-0.995850	0.118164	82.624270	5.686990	112.148518
16094		-6.904114	15.285517	5.431125	0.444962	0.493511	-1.391087	-0.834961	-1.002197	0.121338	82.898802	6.509416	112.326312
16095		-2.882859	14.623794	-1.386495	0.757625	0.268575	-0.328187	-0.819580	-1.010498	0.125244	83.348485	6.710474	112.454094
16096		-1.482739	13.191992	-0.699992	-0.022775	0.175361	-0.283251	-0.832031	-1.015381	0.125732	83.345377	6.879638	112.532348
16097		-1.624092	9.073922	1.930992	-0.050434	0.075969	-0.144962	-0.832031	-1.010010	0.123535	83.321038	6.963148	112.562817
16098		-1.188186	9.901736	0.873222	0.006883	0.051481	-0.132754	-0.831055	-1.017578	0.114014	83.327810	7.038458	112.580121
16099		-1.394129	10.087645	0.725587	-0.085801	0.076581	-0.074311	-0.819580	-1.013672	0.111084	83.283904	7.081820	112.615665
16100		-1.379607	9.462335	1.406866	-0.072355	0.046137	-0.072678	-0.824463	-1.010986	0.129883	83.245443	7.122606	112.633903
16101		-1.338962	10.015187	0.901343	-0.041669	0.007494	-0.057541	-0.830322	-1.018799	0.123291	83.222084	7.151807	112.630923
16102		-1.370370	9.882472	0.976146	-0.086870	-0.001654	-0.044197	-0.823242	-1.019531	0.125244	83.172146	7.173172	112.623662
16103		-1.351815	9.872651	0.962082	-0.116476	-0.031836	-0.050785	-0.821777	-1.018555	0.115479	83.103155	7.195833	112.598549
16104		-1.274485	9.681942	1.139708	-0.124632	-0.027820	-0.052132	-0.817871	-1.022217	0.115234	83.029631	7.219889	112.575689
16105		-1.245774	9.594695	1.235814	-0.110723	-0.027709	-0.051083	-0.813965	-1.015381	0.109375	82.964203	7.242946	112.552862
16106		-1.267787	9.580792	1.233271	-0.086324	-0.033498	-0.055579	-0.821777	-1.014160	0.120605	82.912159	7.268510	112.526446
16107		-1.254293	9.700472	1.194627	-0.078291	-0.047233	-0.054833	-0.821289	-1.020752	0.118896	82.863836	7.292271	112.492114
16108		-1.318243	9.652363	1.186122	-0.071998	-0.053810	-0.052083	-0.822754	-1.021240	0.115967	82.818524	7.314353	112.454263
16109		-1.304930	9.623436	1.243071	-0.056211	-0.051159	-0.052488	-0.826172	-1.016846	0.109131	82.782555	7.336447	112.417810
16110		-1.277313	9.655122	1.219782	-0.047732	-0.063854	-0.059769	-0.821289	-1.021484	0.113037	82.750305	7.362124	112.373612
16111		-1.250859	9.577430	1.254494	-0.032455	-0.048253	-0.061571	-0.820801	-1.025146	0.121826	82.728040	7.389553	112.338133
16112		-1.286279	9.573880	1.301665	0.001998	-0.034567	-0.051882	-0.824463	-1.016113	0.120605	82.726476	7.412840	112.311274
16113		-1.300156	9.571916	1.267999	0.017608	-0.018966	-0.040549	-0.820801	-1.025146	0.119385	82.735233	7.430439	112.294110
16114		-1.320762	9.669144	1.194358	0.031401	-0.019288	-0.043158	-0.823242	-1.019287	0.119629	82.751711	7.449881	112.276649
16115		-1.323386	9.699400	1.207557	0.035476	-0.028305	-0.052065	-0.816406	-1.017090	0.120850	82.769891	7.473360	112.253301
16116		-1.346312	9.726461	1.154915	0.029924	-0.054619	-0.060466	-0.827393	-1.019043	0.116211	82.782709	7.500105	112.214337
16117		-1.309775	9.651264	1.215883	0.030629	-0.050414	-0.059561	-0.822266	-1.024170	0.115723	82.796363	7.526267	112.177778
16118		-1.303293	9.573679	1.320879	0.053595	-0.038219	-0.054181	-0.826660	-1.008789	0.120117	82.824006	7.550638	112.148684
16119		-1.276792	9.576650	1.269393	0.082805	-0.009958	-0.033771	-0.821533	-1.025146	0.123535	82.870825	7.565061	112.137205
16120		-1.284959	9.597599	1.296797	0.111973	0.019912	-0.015482	-0.817139	-1.022217	0.120850	82.936657	7.571590	112.144252
16121		-1.307600	9.674373	1.143196	0.127574	0.035529	-0.004218	-0.822021	-1.024658	0.125977	83.012842	7.572420	112.160988
16122		-1.333857	9.692462	1.100938	0.130636	0.027112	-0.004979	-0.822754	-1.020264	0.127441	83.090010	7.573455	112.172916
16123		-1.313454	9.764252	0.988291	0.117775	0.017056	-0.011077	-0.810547	-1.031982	0.130371	83.159122	7.576876	112.178579
16124		-1.329152	9.705066	1.057254	0.093715	0.026925	-0.018786	-0.825195	-1.029053	0.127197	83.215007	7.585724	112.189457
16125		-1.282590	9.681159	1.053463	0.079375	0.031060	-0.014455	-0.826660	-1.012939	0.122314	83.263151	7.592001	112.202935
16126		-1.315248	9.679345	1.091141	0.067844	0.036445	-0.023452	-0.823242	-1.026123	0.129883	83.304905	7.604123	112.218979
16127		-1.319584	9.649053	1.068829	0.057021	0.031606	-0.025742	-0.815430	-1.035400	0.121582	83.340188	7.616839	112.232022
16128		-1.312665	9.651219	1.095922	0.057657	0.033669	-0.026426	-0.827881	-1.027344	0.138428	83.375881	7.630449	112.246290
16129		-1.299753	9.633105	1.086549	0.053378	0.036265	-0.022286	-0.809082	-1.032471	0.122559	83.409471	7.641490	112.262255
16130		-1.332763	9.631130	1.126156	0.052219	0.041748	-0.020448	-0.817383	-1.021484	0.131592	83.442728	7.652208	112.281575
16131		-1.319254	9.613083	1.117058	0.050608	0.051611	-0.013229	-0.817627	-1.016846	0.127930	83.475992	7.659076	112.306964
16132		-1.304774	9.664784	1.085559	0.051185	0.051517	-0.015485	-0.821289	-1.024414	0.124023	83.509456	7.667581	112.332233
16133		-1.307005	9.665088	1.080152	0.047850	0.043759	-0.020004	-0.820557	-1.018066	0.122314	83.540487	7.677771	112.352679
16134		-1.351529	9.630392	1.071175	0.051413	0.038493	-0.027158	-0.817383	-1.018799	0.123535	83.572992	7.692054	112.369718
16135		-1.362145	9.620268	1.086551	0.050767	0.041743	-0.029143	-0.812500	-1.027344	0.136719	83.605471	7.707295	112.388429
16136		-1.324342	9.585708	1.107199	0.052687	0.042610	-0.028537	-0.816162	-1.028564	0.131592	83.639024	7.722607	112.407763
16137		-1.328186	9.624888	1.063009	0.059049	0.043571	-0.026830	-0.817871	-1.018555	0.130127	83.676422	7.736624	112.427691
16138		-1.323743	9.635463	1.035479	0.067291	0.047002	-0.026620	-0.815918	-1.023926	0.125977	83.718712	7.751095	112.449692
16139		-1.333799	9.586708	1.087005	0.077379	0.054487	-0.030023	-0.816895	-1.031494	0.134766	83.767445	7.767583	112.475717
16140		-1.322174	9.607702	1.036401	0.092595	0.057210	-0.028236	-0.824219	-1.029785	0.127197	83.825029	7.783567	112.503511
16141		-1.333743	9.636935	1.008595	0.104638	0.063967	-0.028926	-0.819580	-1.027100	0.126221	83.890149	7.799960	112.535089
16142		-1.392984	9.612994	1.050624	0.119577	0.061214	-0.037626	-0.810303	-1.031738	0.130371	83.963451	7.821473	112.564650
16143		-1.341899	9.638341	0.984046	0.130939	0.063718	-0.039210	-0.810547	-1.027832	0.130859	84.043564	7.843631	112.595509
16144		-1.370658	9.685930	0.956169	0.131349	0.058669	-0.048295	-0.813965	-1.021484	0.134766	84.123357	7.870994	112.623031
16145		-1.376228	9.686451	0.942800	0.128651	0.054492	-0.055619	-0.818848	-1.027344	0.132568	84.201336	7.901883	112.647681
16146		-1.398722	9.635787	0.955882	0.132296	0.047553	-0.060657	-0.813721	-1.034912	0.130859	84.280735	7.935579	112.668168
16147		-1.413034	9.664581	0.925503	0.115367	0.048764	-0.056334	-0.824951	-1.033691	0.137695	84.350680	7.966485	112.689567
16148		-1.442511	9.711566	0.900170	0.092107	0.038401	-0.048322	-0.818848	-1.032715	0.130615	84.406453	7.992586	112.705568
16149		-1.425391	9.672359	0.852352	0.072493	0.033954	-0.049122	-0.812988	-1.029541	0.128418	84.450731	8.018514	112.718908
16150		-1.396693	9.697439	0.869259	0.072375	0.031173	-0.054367	-0.816895	-1.027344	0.134766	84.494595	8.047640	112.730455
16151		-1.352003	9.665829	0.921509	0.079938	0.039386	-0.058322	-0.814453	-1.025146	0.133301	84.543527	8.079091	112.746459
16152		-1.366771	9.624887	0.917852	0.102687	0.042876	-0.059332	-0.826660	-1.026855	0.135986	84.605692	8.111660	112.764530
16153		-1.388991	9.643391	0.909409	0.122216	0.048205	-0.064406	-0.815186	-1.023926	0.141357	84.679547	8.147020	112.785358
16154		-1.413108	9.630908	0.883911	0.140343	0.048190	-0.075448	-0.819580	-1.029541	0.135986	84.763637	8.189016	112.805720
16155		-1.420996	9.700302	0.844915	0.159100	0.046474	-0.086621	-0.811035	-1.032959	0.133545	84.858362	8.236901	112.824497
16156		-1.447997	9.725635	0.778227	0.148097	0.036002	-0.099358	-0.810791	-1.033447	0.135742	84.945762	8.291858	112.836738
16157		-1.441139	9.699958	0.814186	0.156002	0.032543	-0.117041	-0.802490	-1.029541	0.139648	85.037385	8.356350	112.846098
16158		-1.446263	9.709262	0.777189	0.165683	0.021249	-0.140293	-0.811035	-1.034668	0.142334	85.133380	8.433912	112.847976
16159		-1.428180	9.634014	0.793212	0.191295	0.019056	-0.159430	-0.803955	-1.034668	0.147217	85.243831	8.521925	112.847719
16160		-1.460649	9.651412	0.776025	0.216930	0.020514	-0.179218	-0.806152	-1.031738	0.147461	85.368902	8.621670	112.847629
16161		-1.494981	9.668637	0.755966	0.248947	0.019171	-0.196750	-0.809326	-1.041260	0.141846	85.512195	8.731004	112.846111
16162		-1.499459	9.718126	0.703639	0.258792	0.019346	-0.218298	-0.810547	-1.043945	0.143799	85.660958	8.853020	112.844094
16163		-1.514542	9.726138	0.656933	0.261637	0.021632	-0.243634	-0.807129	-1.041260	0.143066	85.811511	8.989254	112.842547
16164		-1.363889	9.924809	0.560284	0.258936	0.039359	-0.298926	-0.797607	-1.038574	0.144775	85.961748	9.158177	112.849400
16165		-1.431106	9.926251	0.524503	0.255697	0.079723	-0.386730	-0.799072	-1.047119	0.151611	86.113498	9.378508	112.876481
16166		-1.576538	9.851168	0.570531	0.254841	0.087648	-0.455249	-0.791504	-1.056885	0.152588	86.265227	9.638587	112.906198
16167		-1.601146	9.867874	0.535071	0.246537	0.096650	-0.519619	-0.788330	-1.052246	0.156006	86.413010	9.935379	112.939385
16168		-1.616420	9.991360	0.554929	0.232548	0.107732	-0.588819	-0.788574	-1.049561	0.155029	86.553732	10.272390	112.977407
16169		-1.707788	10.064135	0.474987	0.192521	0.120141	-0.671495	-0.781494	-1.056396	0.159424	86.672758	10.656683	113.020543
16170		-1.738658	10.084590	0.512531	0.148371	0.122815	-0.752123	-0.777588	-1.062256	0.156250	86.766670	11.087435	113.063404
16171		-1.834303	10.261148	0.495453	0.086973	0.109897	-0.831177	-0.760742	-1.067139	0.160645	86.823929	11.562612	113.096717
16172		-1.956373	10.190389	0.395609	0.026480	0.096713	-0.909222	-0.762695	-1.078857	0.161621	86.844746	12.082313	113.120264
16173		-2.007392	10.245861	0.443909	-0.031364	0.065849	-0.989723	-0.758545	-1.076172	0.153076	86.828273	12.646775	113.123124
16174		-2.071931	10.226455	0.490548	-0.064462	0.044898	-1.080135	-0.750488	-1.085449	0.157959	86.789341	13.262596	113.110524
16175		-2.181216	10.133979	0.523682	-0.085761	0.024286	-1.170714	-0.739014	-1.093750	0.152588	86.734420	13.929250	113.082154
16176		-2.221240	10.190404	0.570913	-0.092487	-0.001051	-1.264086	-0.733643	-1.087158	0.150146	86.670600	14.648738	113.034921
16177		-2.310912	10.282964	0.568998	-0.090347	-0.016697	-1.371651	-0.718018	-1.092041	0.153809	86.603809	15.428884	112.973602
16178		-2.388500	10.288207	0.590019	-0.063331	-0.036935	-1.494517	-0.706299	-1.107666	0.154541	86.546831	16.278808	112.894820
16179		-2.410506	10.211380	0.675160	-0.029445	-0.064780	-1.633043	-0.698242	-1.116699	0.149902	86.501563	17.206657	112.793175
16180		-2.532682	10.106339	0.746083	0.022547	-0.075886	-1.798123	-0.680176	-1.126465	0.152832	86.480178	18.228697	112.677730
16181		-2.688256	10.140988	0.740266	0.049948	-0.092121	-1.997006	-0.668213	-1.131836	0.159668	86.466585	19.363636	112.543976
16182		-2.761559	10.355500	0.656940	0.094630	-0.139766	-2.168030	-0.650879	-1.133789	0.156738	86.463443	20.594869	112.373684
16183		-2.800007	10.189962	0.872256	0.140993	-0.180959	-2.366944	-0.633301	-1.138672	0.158203	86.470924	21.938214	112.169149
16184		-2.764951	9.608453	1.226762	0.218550	-0.149811	-2.585976	-0.606201	-1.157959	0.152100	86.521870	23.408144	111.974327
16185		-2.863127	9.884872	1.333974	0.346699	-0.096802	-2.727142	-0.583984	-1.163330	0.155273	86.653172	24.960769	111.807773
16186		-3.513467	9.253949	1.242168	0.455502	-0.054114	-2.942614	-0.566650	-1.172607	0.163330	86.852092	26.638530	111.663307
16187		-3.640323	9.471746	1.201555	0.511482	-0.004084	-3.251095	-0.532715	-1.178467	0.165527	87.091590	28.494728	111.545619
16188		-4.088943	9.581716	1.108811	0.539710	0.044763	-3.488818	-0.504150	-1.188965	0.162598	87.359307	30.488774	111.459660
16189		-4.483480	9.639432	1.179771	0.548773	0.047007	-3.686921	-0.475586	-1.197754	0.178467	87.632282	32.596597	111.378681
16190		-5.282456	9.789549	1.256954	0.519170	0.122709	-3.881722	-0.439453	-1.207031	0.182861	87.917294	34.817883	111.354803
16191		-5.844820	10.659171	1.234778	0.479040	0.189294	-3.995068	-0.408447	-1.213623	0.180664	88.212595	37.105496	111.388700
16192		-7.085093	11.168342	1.033776	0.413104	0.270700	-4.037767	-0.371094	-1.224121	0.184326	88.517250	39.418589	111.497158
16193		-8.919690	13.511327	1.159927	0.239352	0.359366	-3.990468	-0.339600	-1.223877	0.181885	88.782217	41.705468	111.692307
16194		-9.173155	13.961870	1.266560	-0.084635	0.515640	-3.809588	-0.301758	-1.228027	0.182617	88.964613	43.889679	112.030974
16195		-7.775205	12.893893	1.666127	-0.383123	0.651545	-3.699386	-0.277832	-1.234619	0.180664	89.078762	46.011663	112.501951
16196		-6.680222	13.146444	1.761269	-0.726853	0.757008	-3.596751	-0.239990	-1.221680	0.169678	89.089094	48.075068	113.084018
16197		-6.843462	10.391321	0.972309	-0.859368	0.916192	-3.520230	-0.211914	-1.224854	0.158936	89.163439	50.096134	113.832744
16198		-6.576682	10.599536	0.863275	-0.759574	1.078913	-3.476374	-0.187256	-1.218018	0.146484	89.460112	52.091011	114.772137
16199		-6.400381	11.583436	1.302000	-0.694358	1.213637	-3.344850	-0.145996	-1.212402	0.150391	89.969951	54.007342	115.906710
16200		-5.844736	12.953734	1.580913	-0.876787	1.376174	-3.233031	-0.127686	-1.210938	0.134277	90.598496	55.851464	117.287320
16201		-5.195509	13.558813	1.720592	-1.337276	1.608891	-3.130429	-0.102295	-1.193115	0.129883	91.277410	57.626346	119.014346
16202		-3.918537	11.062990	1.109929	-1.883257	1.838546	-3.036588	-0.072266	-1.187988	0.115479	91.989544	59.330940	121.114332
16203		-3.325720	8.479737	0.464954	-2.342081	2.055024	-2.757582	-0.052246	-1.187744	0.101807	92.802011	60.857151	123.598458
16204		-2.102557	7.224018	0.370881	-2.668378	2.130805	-2.326958	-0.026855	-1.173340	0.074219	93.646842	62.114987	126.298631
16205		6.641668	10.124291	-0.508059	-2.663722	2.165147	-1.569114	-0.011230	-1.165771	0.056885	94.617058	62.919162	129.111523
16206		4.023196	12.723812	-1.339240	-2.410477	2.459386	-0.264462	-0.012207	-1.159668	0.042969	95.999268	62.934538	132.213708
16207		-1.695748	15.449620	0.241857	-2.280522	2.343801	1.192432	-0.016602	-1.151123	0.026611	97.100544	62.099236	134.926843
16208		1.329716	8.992652	0.314786	-1.721917	2.240373	2.054364	-0.033203	-1.157227	0.017334	98.153866	60.756407	137.248388
16209		1.052854	5.267965	0.333846	-1.013805	2.013513	2.430434	-0.051514	-1.150635	0.012939	99.177245	59.202760	139.100017
16210		0.510564	4.343473	0.703241	-0.413371	1.660836	2.578204	-0.069336	-1.159668	0.005371	100.054984	57.581575	140.407639
16211		0.224973	5.073758	1.244220	-0.042437	1.319394	2.551323	-0.092773	-1.159668	0.009277	100.757446	56.004355	141.275122
16212		0.299792	6.126458	1.652413	0.079177	1.030646	2.460736	-0.114502	-1.162842	0.013428	101.242199	54.501935	141.808988
16213		0.406626	7.148662	1.897394	0.014959	0.746421	2.437903	-0.125244	-1.167725	0.007324	101.442998	53.045480	142.046163
16214		0.436332	8.279859	2.106721	-0.151325	0.483925	2.525551	-0.150391	-1.166260	0.006348	101.330362	51.566217	142.012721
16215		0.282956	9.079924	2.202556	-0.377308	0.228007	2.686060	-0.167480	-1.166992	0.000732	100.902992	50.028080	141.739088
16216		0.004549	9.282085	2.040963	-0.561077	-0.010608	2.859013	-0.189941	-1.169434	-0.006592	100.219083	48.412434	141.260011
16217		-0.267501	9.204437	1.799075	-0.677498	-0.258742	3.007385	-0.220947	-1.175049	-0.015869	99.346763	46.736629	140.603045
16218		-0.482973	9.249847	1.566566	-0.739042	-0.503762	3.122711	-0.244873	-1.172852	-0.028564	98.339005	45.006121	139.788760
16219		-0.721428	9.471106	1.319163	-0.769798	-0.724475	3.191557	-0.277344	-1.169189	-0.030273	97.255071	43.247594	138.864329
16220		-0.818326	9.992783	1.096492	-0.778533	-0.908946	3.246107	-0.308350	-1.169434	-0.043213	96.133875	41.453569	137.862104
16221		-0.946527	10.646868	0.881290	-0.791548	-1.054301	3.309378	-0.340820	-1.165771	-0.050781	95.006028	39.621725	136.823456
16222		-1.056092	11.296137	0.648214	-0.810485	-1.162782	3.391546	-0.367920	-1.159668	-0.067627	93.884219	37.727886	135.771454
16223		-1.219819	11.822976	0.399284	-0.830089	-1.240814	3.491715	-0.413330	-1.148438	-0.074707	92.789493	35.768599	134.735437
16224		-1.514064	12.325419	0.239682	-0.846163	-1.292124	3.575097	-0.445068	-1.143311	-0.084961	91.730900	33.742349	133.729072
16225		-1.849095	12.774196	0.155434	-0.863712	-1.311921	3.641625	-0.485107	-1.132324	-0.086914	90.723056	31.668836	132.778336
16226		-2.176054	13.128378	0.174617	-0.870578	-1.333930	3.701682	-0.522949	-1.122070	-0.091309	89.763173	29.542041	131.872847
16227		-2.511809	13.669109	0.268994	-0.869765	-1.365410	3.743660	-0.555664	-1.098633	-0.114258	88.853523	27.384086	131.008268
16228		-2.786130	14.221723	0.338773	-0.849683	-1.391011	3.796315	-0.588867	-1.089355	-0.119385	87.999806	25.178337	130.179805
16229		-3.021169	14.636807	0.493296	-0.804760	-1.431230	3.860840	-0.623779	-1.065430	-0.132324	87.213385	22.930111	129.379805
16230		-3.385446	15.111587	0.704894	-0.733642	-1.470825	3.933336	-0.670410	-1.037354	-0.126709	86.503915	20.623796	128.600590
16231		-3.700629	15.437166	0.892252	-0.651437	-1.502367	3.995686	-0.700439	-1.007568	-0.134277	85.880576	18.278427	127.847244
16232		-4.047137	15.852973	1.172443	-0.548998	-1.532212	4.058730	-0.722412	-0.992188	-0.141113	85.350001	15.882530	127.111814
16233		-4.440929	16.293011	1.446729	-0.440730	-1.555626	4.136419	-0.756104	-0.965088	-0.146240	84.917631	13.441507	126.398104
16234		-4.677998	16.692122	1.731876	-0.331784	-1.585772	4.244105	-0.799805	-0.939697	-0.151367	84.579092	10.926664	125.694785
16235		-5.255578	16.887143	1.776073	-0.233820	-1.616554	4.359979	-0.833252	-0.902832	-0.156006	84.329840	8.346761	125.001158
16236		-5.453071	16.794141	1.984364	-0.148841	-1.654304	4.450662	-0.879883	-0.877686	-0.155762	84.159221	5.704371	124.303462
16237		-5.838534	16.714280	1.992723	-0.092631	-1.649698	4.476387	-0.910645	-0.834229	-0.155029	84.054928	3.052074	123.621247
16238		-6.147556	16.682542	1.977006	-0.094191	-1.621853	4.441270	-0.936768	-0.781250	-0.150635	83.980857	0.414475	122.956997
16239		-6.559659	16.669156	1.821517	-0.145053	-1.543940	4.369357	-0.963623	-0.748779	-0.155518	83.908116	-2.172363	122.338009
16240		-7.019314	16.261595	1.704501	-0.216212	-1.448885	4.286259	-0.988770	-0.699219	-0.139648	83.818350	-4.712488	121.769345
16241		-7.255459	15.348451	1.695225	-0.286751	-1.313066	4.178283	-1.014893	-0.651855	-0.132080	83.706067	-7.178069	121.275594
16242		-7.817195	14.007677	1.622987	-0.323132	-1.145441	4.032012	-1.022705	-0.599365	-0.133789	83.579867	-9.555840	120.870229
16243		-8.355007	12.110014	1.564032	-0.276503	-0.973002	3.847254	-1.029297	-0.562744	-0.127197	83.480598	-11.812967	120.555883
16244		-8.548452	10.387824	1.689694	-0.181715	-0.763251	3.604368	-1.025391	-0.522949	-0.114990	83.422877	-13.923078	120.347320
16245		-8.771369	9.306906	1.589262	-0.184521	-0.505275	3.304405	-1.037842	-0.477783	-0.123535	83.337340	-15.841153	120.272146
16246		-9.846859	9.285549	1.237687	-0.416040	-0.270453	3.002574	-1.035156	-0.438965	-0.128906	83.085250	-17.575706	120.319479
16247		-11.278534	8.362317	0.911146	-0.786562	-0.058306	2.699770	-1.032471	-0.414307	-0.120117	82.583538	-19.118714	120.484351
16248		-12.927367	6.530228	0.296027	-1.104176	0.089666	2.325640	-1.018799	-0.386963	-0.116455	81.869038	-20.439272	120.725888
16249		-14.091760	3.453004	-0.082991	-1.165066	0.100246	1.874374	-1.023926	-0.356201	-0.111816	81.120961	-21.497046	120.953372
16250		-14.860790	0.707897	-0.443526	-0.824188	0.048984	1.362392	-1.018799	-0.336914	-0.120361	80.589168	-22.269754	121.113139
16251		-14.510982	-0.235476	-0.313005	-0.232710	-0.061653	0.791762	-1.008545	-0.322021	-0.119873	80.441490	-22.727221	121.152939
16252		-13.433738	1.125538	0.142856	0.317997	-0.164045	0.222293	-1.002930	-0.313721	-0.123779	80.655338	-22.874008	121.071474
16253		-12.076040	3.774728	0.709944	0.657720	-0.264331	-0.265333	-1.010742	-0.311768	-0.124756	81.107436	-22.752087	120.879674
16254		-10.681731	6.329628	1.208187	0.730788	-0.358181	-0.581096	-1.001709	-0.312988	-0.133301	81.632914	-22.458636	120.602318
16255		-9.336011	7.509575	1.601099	0.623920	-0.481578	-0.776662	-1.004639	-0.312256	-0.135742	82.130138	-22.061191	120.235761
16256		-8.282692	7.895210	1.736302	0.480716	-0.622253	-0.945709	-1.007324	-0.314697	-0.136719	82.577343	-21.575774	119.774137
16257		2.456591	8.755615	3.470146	0.710057	-0.672260	-1.850878	-1.006348	-0.323730	-0.149902	83.184300	-20.575273	119.220138
16258		3.319977	6.811411	-1.754745	1.343853	-0.325808	-2.817654	-1.012695	-0.340820	-0.156006	84.086699	-18.995300	118.829489
16259		3.711141	10.994746	-1.107251	1.117883	-1.046276	-2.584861	-1.014648	-0.354004	-0.160156	84.973156	-17.582128	118.048724
16260		1.365633	9.194141	-1.534203	0.187755	-1.299753	-3.100617	-1.021729	-0.374023	-0.162354	85.350100	-15.878441	117.114004
16261		-0.017694	9.770895	-1.319661	-0.416258	-1.445976	-3.556783	-1.023926	-0.388428	-0.170898	85.376936	-13.918060	116.085492
16262		0.123996	13.382036	-3.224539	-0.611338	-1.294196	-3.670927	-1.024658	-0.404297	-0.165039	85.236489	-11.886084	115.147394
16263		1.241002	15.516085	-5.323827	-0.745066	-1.000439	-3.389235	-1.036621	-0.417969	-0.168213	84.953677	-10.004231	114.393095
16264		2.128139	12.581958	-6.788022	-0.701268	-0.438401	-3.206363	-1.031494	-0.441895	-0.185791	84.619888	-8.201075	113.967358
16265		2.116660	11.484884	-4.509880	-0.494535	0.390733	-3.426183	-1.027344	-0.455811	-0.193848	84.333540	-6.229558	113.998066
16266		-2.767507	19.790749	2.385093	-0.631533	0.918559	-3.420510	-1.025391	-0.484863	-0.213135	83.943439	-4.229850	114.319484
16267		-4.902603	15.557508	5.708697	-0.596400	0.551982	-2.863222	-1.005371	-0.506592	-0.228271	83.594689	-2.568727	114.452679
16268		-3.758438	13.831543	4.910368	-0.319518	0.081557	-2.397471	-1.003174	-0.511963	-0.240723	83.416248	-1.201933	114.340502
16269		-1.527859	12.633329	1.663861	-0.183743	-0.089684	-2.109652	-1.005127	-0.524170	-0.243652	83.313907	-0.011263	114.146447
16270		-0.512868	12.747191	0.138172	-0.087952	0.076285	-1.845350	-1.003906	-0.534912	-0.250977	83.263593	1.040748	114.063165
16271		-1.384131	12.522269	1.241396	-0.098703	0.222499	-1.555964	-0.998047	-0.549072	-0.256348	83.208398	1.937012	114.081428
16272		-2.036152	11.502415	2.308627	-0.023357	0.197166	-1.303759	-0.991699	-0.556885	-0.262207	83.196719	2.689010	114.102099
16273		-1.890018	11.601264	1.897505	0.156290	0.126254	-1.034382	-0.991455	-0.561768	-0.265137	83.287087	3.282016	114.100854
16274		-1.536701	11.746851	0.926156	0.222511	0.104124	-0.749578	-0.986816	-0.567871	-0.263428	83.415790	3.712486	114.107297
16275		-1.229657	10.988391	0.847398	0.173510	0.100033	-0.561113	-0.995850	-0.570801	-0.265381	83.517241	4.034380	114.124345
16276		-0.989047	10.294226	0.940562	0.143435	0.083723	-0.460005	-0.992188	-0.580078	-0.270752	83.601357	4.298687	114.139382
16277		-0.920417	10.059867	0.977467	0.133915	0.092779	-0.399996	-0.993164	-0.567871	-0.261719	83.680829	4.528322	114.163536
16278		-1.047770	9.935940	1.098044	0.146144	0.096723	-0.344387	-0.987549	-0.575928	-0.273926	83.767876	4.727564	114.194039
16279		-1.062031	9.838912	1.187638	0.180541	0.090769	-0.302145	-0.979248	-0.584473	-0.280762	83.874705	4.901260	114.223839
16280		-0.927484	9.743913	0.988274	0.200840	0.081943	-0.269967	-0.982178	-0.585693	-0.276611	83.992996	5.057109	114.251156
16281		-0.876986	9.945434	0.867502	0.171660	0.092034	-0.262093	-0.991943	-0.586426	-0.273193	84.095242	5.207939	114.284763
16282		-1.042738	10.053530	0.846002	0.117832	0.097128	-0.235452	-0.984375	-0.582031	-0.279541	84.167157	5.344913	114.323351
16283		-0.892343	9.670042	0.955235	0.088129	0.110544	-0.216474	-0.986328	-0.597900	-0.281738	84.222991	5.470723	114.370625
16284		-0.893691	9.453471	1.024313	0.088750	0.130975	-0.217974	-0.989502	-0.590820	-0.270508	84.280421	5.599597	114.429911
16285		-0.968962	9.674688	0.925428	0.089038	0.161508	-0.213263	-0.989014	-0.590820	-0.284180	84.339913	5.726376	114.506841
16286		-0.968804	9.481109	1.063800	0.090713	0.175906	-0.220209	-0.980225	-0.591797	-0.287842	84.401349	5.858926	114.592043
16287		-1.132322	9.450708	1.123800	0.121521	0.170442	-0.235530	-0.981934	-0.589355	-0.294434	84.480241	5.998726	114.673179
16288		-1.050236	9.302843	1.198215	0.178388	0.145013	-0.251722	-0.979248	-0.595459	-0.296387	84.590304	6.147324	114.739354
16289		-1.053573	9.605072	0.956406	0.221685	0.130611	-0.271056	-0.978760	-0.594238	-0.289795	84.724382	6.304959	114.796303
16290		-1.207171	10.311556	1.307052	0.200743	0.120125	-0.246407	-0.979492	-0.602051	-0.290771	84.846111	6.448942	114.849148
16291		-1.203041	10.031362	0.643503	0.149057	0.091157	-0.154244	-0.980957	-0.603027	-0.298828	84.937032	6.537669	114.890112
16292		-1.161804	9.864472	0.805697	0.116256	0.090966	-0.156044	-0.974854	-0.602051	-0.299805	85.009200	6.628444	114.931263
16293		-1.372288	10.385772	0.410977	0.079700	0.064416	-0.100929	-0.978027	-0.607910	-0.300781	85.059052	6.685310	114.959757
16294		-1.311176	10.084079	0.464164	0.033722	0.040319	-0.066977	-0.985352	-0.598633	-0.302002	85.081172	6.722684	114.976380
16295		-1.262447	9.848758	0.662511	0.003306	0.036485	-0.050760	-0.980713	-0.611328	-0.300049	85.085708	6.749516	114.991353
16296		-1.246729	9.762848	0.717306	-0.008709	0.035708	-0.049361	-0.982666	-0.605469	-0.297119	85.083345	6.776610	115.006212
16297		-1.178785	9.752492	0.772353	-0.004247	0.039609	-0.035666	-0.984619	-0.606689	-0.299072	85.083866	6.794978	115.023729
16298		-1.210676	9.834788	0.683824	-0.006581	0.052190	-0.021304	-0.983398	-0.602051	-0.295898	85.084025	6.806868	115.049452
16299		-1.232976	9.745562	0.749015	-0.014042	0.059401	-0.016284	-0.969727	-0.598145	-0.296875	85.080405	6.815145	115.079307
16300		-1.226639	9.747901	0.783112	-0.013339	0.065272	-0.004495	-0.976074	-0.601074	-0.298340	85.077700	6.818087	115.113384
16301		-1.212439	9.698205	0.766350	-0.017657	0.072155	0.002512	-0.976318	-0.607422	-0.301270	85.072992	6.816265	115.151501
16302		-1.221486	9.688289	0.787295	-0.009884	0.082911	0.003849	-0.970215	-0.598633	-0.305908	85.073524	6.815318	115.196133
16303		-1.202678	9.739030	0.761377	-0.010501	0.086837	0.018560	-0.980713	-0.606445	-0.304932	85.074007	6.805058	115.243485
16304		-1.258430	9.754004	0.773829	-0.022470	0.087017	0.014120	-0.975830	-0.597900	-0.300293	85.067663	6.798454	115.290986
16305		-1.249935	9.732791	0.740087	-0.039700	0.075637	0.008883	-0.976318	-0.604004	-0.300293	85.050586	6.793178	115.331420
16306		-1.232841	9.775846	0.772011	-0.052494	0.063177	-0.002465	-0.973633	-0.603516	-0.312744	85.025322	6.794891	115.364394
16307		-1.213286	9.689991	0.831532	-0.055793	0.053435	-0.008424	-0.976074	-0.599609	-0.305176	84.997412	6.798421	115.391202
16308		-1.199259	9.670784	0.834284	-0.058976	0.048923	-0.017143	-0.973389	-0.602295	-0.304932	84.967385	6.807831	115.415242
16309		-1.185592	9.651499	0.837434	-0.062326	0.038205	-0.017309	-0.977051	-0.593506	-0.298584	84.934647	6.815693	115.432842
16310		-1.209254	9.728733	0.842653	-0.070030	0.031667	-0.015658	-0.975342	-0.598633	-0.306152	84.897124	6.823408	115.447030
16311		-1.223511	9.792410	0.759034	-0.080727	0.032790	-0.017252	-0.979248	-0.599365	-0.309326	84.853477	6.830982	115.461511
16312		-1.252155	9.761632	0.828767	-0.097882	0.025641	-0.019505	-0.972168	-0.602051	-0.312988	84.799568	6.840605	115.472026
16313		-1.206748	9.704925	0.831760	-0.106842	0.021381	-0.011910	-0.975586	-0.595459	-0.312256	84.740213	6.844561	115.480218
16314		-1.220797	9.791802	0.822035	-0.128934	0.022703	-0.007096	-0.973145	-0.589844	-0.313232	84.668394	6.846973	115.489688
16315		-1.177698	9.688600	0.920987	-0.146638	0.021948	-0.002596	-0.971436	-0.598877	-0.314453	84.586336	6.845668	115.498699
16316		-1.175941	9.550596	1.013261	-0.122526	0.030431	0.002975	-0.972412	-0.598877	-0.311768	84.518785	6.842781	115.513156
16317		-1.167257	9.559676	1.002019	-0.076407	0.031267	-0.000833	-0.973389	-0.590088	-0.310547	84.477616	6.841002	115.527621
16318		-1.183746	9.577593	1.009340	-0.035961	0.031127	-0.008732	-0.972168	-0.586670	-0.311035	84.459628	6.844850	115.541830
16319		-1.167447	9.597423	0.970305	-0.006355	0.024777	-0.017015	-0.980957	-0.590576	-0.315674	84.458045	6.851950	115.551666
16320		-1.236286	9.746498	0.869325	-0.002695	0.010589	-0.033732	-0.962891	-0.599365	-0.312012	84.457542	6.868921	115.552684
16321		-1.255653	9.764472	0.872633	-0.019220	0.001233	-0.039789	-0.973145	-0.595459	-0.317139	84.446821	6.887706	115.547725
16322		-1.226199	9.765417	0.832327	-0.036319	-0.004373	-0.044231	-0.973145	-0.595215	-0.310791	84.425954	6.909837	115.539555
16323		-1.234488	9.687060	0.912607	-0.033881	-0.008841	-0.043062	-0.968262	-0.592773	-0.318359	84.406109	6.929923	115.528614
16324		-1.222371	9.698495	0.929118	-0.030682	-0.008157	-0.046848	-0.970215	-0.595215	-0.318604	84.388188	6.953330	115.518108
16325		-1.211068	9.679184	0.929433	-0.022424	-0.004813	-0.046420	-0.970459	-0.586426	-0.313965	84.375155	6.975551	115.509278
16326		-1.207212	9.657876	0.894768	-0.004613	0.004393	-0.044803	-0.973877	-0.597168	-0.313477	84.373054	6.998493	115.506087
16327		-1.213065	9.649284	0.948932	-0.000184	0.003911	-0.047235	-0.971191	-0.600830	-0.312500	84.373361	7.021667	115.502218
16328		-1.180714	9.575261	1.014628	0.032678	0.005212	-0.051035	-0.966309	-0.593262	-0.309814	84.392640	7.048209	115.499147
16329		-1.257118	9.616014	0.969988	0.063727	0.011436	-0.054574	-0.977539	-0.596436	-0.309082	84.430045	7.075990	115.499205
16330		-1.212877	9.630187	0.932929	0.085210	0.009671	-0.060842	-0.970703	-0.590576	-0.306885	84.479668	7.108376	115.498180
16331		-1.243562	9.638653	0.946210	0.107303	0.008924	-0.062011	-0.971436	-0.593018	-0.305420	84.541816	7.140262	115.496431
16332		-1.296620	9.671254	0.872030	0.128779	0.005010	-0.069835	-0.970703	-0.595215	-0.320557	84.616013	7.177527	115.492303
16333		-1.263552	9.698639	0.919311	0.134545	0.006406	-0.075229	-0.971436	-0.586914	-0.315918	84.693507	7.216823	115.488476
16334		-1.294845	9.684117	0.858607	0.149739	0.006314	-0.078248	-0.971680	-0.598389	-0.315186	84.779759	7.258970	115.484751
16335		-1.316899	9.741277	0.807264	0.156103	0.003916	-0.085276	-0.974121	-0.600586	-0.317383	84.869367	7.303881	115.479085
16336		-1.318340	9.712881	0.811109	0.139114	0.003965	-0.088827	-0.978271	-0.605957	-0.315186	84.949303	7.351962	115.473591
16337		-1.277303	9.726957	0.767936	0.133491	0.004962	-0.091472	-0.972656	-0.601807	-0.312256	85.025999	7.400478	115.468342
16338		-1.280857	9.660081	0.812050	0.132954	0.010199	-0.092065	-0.971924	-0.603271	-0.320801	85.102860	7.450730	115.466403
16339		-1.282459	9.662662	0.832154	0.143163	0.015893	-0.093216	-0.968506	-0.599365	-0.309814	85.185914	7.500786	115.467495
16340		-1.315696	9.678231	0.786096	0.153385	0.011887	-0.107802	-0.976074	-0.609375	-0.320313	85.274524	7.560109	115.465914
16341		-1.311071	9.690651	0.782985	0.179440	0.003441	-0.130674	-0.975586	-0.606689	-0.313477	85.377205	7.630971	115.458229
16342		-1.346767	9.743828	0.693766	0.202447	0.003140	-0.153197	-0.971191	-0.609619	-0.302979	85.492998	7.715828	115.449726
16343		-1.353227	9.821921	0.628538	0.220427	-0.013367	-0.192722	-0.974121	-0.610107	-0.309326	85.617492	7.821417	115.429854
16344		-1.390402	9.776427	0.578044	0.244828	-0.028113	-0.236259	-0.966797	-0.615723	-0.304688	85.754623	7.952420	115.400077
16345		-1.392201	9.790352	0.599089	0.286455	-0.039159	-0.286596	-0.965332	-0.612061	-0.312988	85.914298	8.110674	115.361880
16346		-1.389249	9.789075	0.526429	0.331961	-0.059417	-0.343359	-0.965088	-0.622314	-0.311523	86.098100	8.301806	115.310420
16347		-1.596106	9.732076	0.482001	0.394632	-0.082191	-0.398417	-0.969971	-0.629395	-0.303223	86.315387	8.522600	115.244074
16348		-1.237239	10.097709	0.348420	0.464486	-0.123244	-0.464036	-0.970459	-0.632080	-0.306885	86.568736	8.780859	115.152759
16349		-0.887148	10.654343	0.042564	0.428631	0.024930	-0.690767	-0.962891	-0.639648	-0.306396	86.813289	9.172967	115.140450
16350		-0.996585	10.786590	0.479003	0.494517	0.085859	-0.990141	-0.965332	-0.656982	-0.300537	87.100218	9.739360	115.156336
16351		-1.349482	10.745349	0.605806	0.452246	0.168718	-1.261826	-0.958740	-0.671631	-0.296631	87.370570	10.462350	115.215324
16352		-1.191435	11.423681	0.770762	0.414513	0.197371	-1.529886	-0.948730	-0.676758	-0.294922	87.622785	11.340269	115.287946
16353		-1.509238	11.352922	0.650644	0.367382	0.197861	-1.810542	-0.938965	-0.689697	-0.297852	87.848586	12.377531	115.358091
16354		-1.695798	11.331273	0.509102	0.362194	0.154626	-2.071103	-0.929443	-0.702393	-0.290283	88.066937	13.563805	115.402035
16355		-1.796378	11.385317	0.421283	0.366557	0.101393	-2.303600	-0.926758	-0.731689	-0.296387	88.280979	14.881108	115.414760
16356		-1.984944	11.254697	0.339685	0.370006	0.049687	-2.514151	-0.908691	-0.742920	-0.287354	88.489578	16.319012	115.398562
16357		-2.182273	10.730420	0.503854	0.366935	-0.004005	-2.745641	-0.896973	-0.765869	-0.287354	88.686943	17.887897	115.351742
16358		-2.213238	10.570203	0.680144	0.380518	-0.057381	-2.997693	-0.883789	-0.790527	-0.277344	88.881194	19.601482	115.274838
16359		-2.342671	10.514367	0.707418	0.447079	-0.128208	-3.170760	-0.868408	-0.809082	-0.269775	89.097404	21.412924	115.158237
16360		-2.694189	9.978712	0.829603	0.468539	-0.145772	-3.397137	-0.844238	-0.830811	-0.264648	89.319831	23.355043	115.034986
16361		-3.155228	10.295139	0.877488	0.486587	-0.166666	-3.670558	-0.830566	-0.855713	-0.262451	89.545056	25.453406	114.903139
16362		-3.443720	9.984438	1.128105	0.494175	-0.155141	-3.929054	-0.814453	-0.882568	-0.260498	89.776102	27.700995	114.784767
16363		-3.972531	10.435858	1.160566	0.454724	-0.088005	-4.205566	-0.792725	-0.907471	-0.248535	90.005090	30.106873	114.717597
16364		-5.028800	11.027626	1.015790	0.430356	-0.031234	-4.359439	-0.765869	-0.921631	-0.241211	90.242578	32.601573	114.698576
16365		-6.904271	12.419037	0.643733	0.425278	0.114174	-4.423980	-0.735107	-0.941406	-0.238281	90.540140	35.132222	114.793608
16366		-8.519663	15.096757	0.805671	0.342317	0.248633	-4.309953	-0.707520	-0.961914	-0.229980	90.861342	37.596555	115.003209
16367		-8.298182	15.656959	1.440478	0.049937	0.418705	-4.101624	-0.678711	-0.981445	-0.226318	91.112928	39.938581	115.357811
16368		-6.317357	15.480565	1.389338	-0.404328	0.563175	-3.894019	-0.654297	-0.991699	-0.225098	91.198610	42.159413	115.839949
16369		-6.228011	11.279252	0.435175	-0.565447	0.748048	-3.777516	-0.623535	-1.004395	-0.218994	91.319486	44.310316	116.488026
16370		-5.558507	11.533139	0.390103	-0.549840	0.873637	-3.770890	-0.583984	-1.003418	-0.206055	91.563182	46.454025	117.271916
16371		-4.932652	11.747650	0.550590	-0.600509	0.997041	-3.708734	-0.572021	-1.016357	-0.205078	91.909328	48.557237	118.206685
16372		-4.429162	12.432282	0.737563	-0.735927	1.129966	-3.690138	-0.531982	-1.020752	-0.197510	92.335615	50.642269	119.319071
16373		-3.626259	13.008767	0.761723	-0.982667	1.346635	-3.653582	-0.500000	-1.024414	-0.196045	92.863512	52.695144	120.708491
16374		-4.145115	9.697344	0.548889	-1.238644	1.541245	-3.486440	-0.473877	-1.009277	-0.209229	93.498016	54.636469	122.375990
16375		-2.864209	6.504710	0.675743	-1.408296	1.577983	-3.134034	-0.443115	-1.016602	-0.202148	94.173612	56.364446	124.173618
16376		-0.646566	6.547348	0.500907	-1.451842	1.524953	-2.594682	-0.417969	-1.009766	-0.200928	94.860789	57.773251	125.982414
16377		9.015106	10.859071	-0.726797	-1.426411	1.645899	-1.744906	-0.416992	-0.994629	-0.204834	95.702464	58.678809	127.932706
16378		-0.602599	14.532906	-0.293814	-1.499382	2.025869	-0.598156	-0.406250	-0.990723	-0.215820	96.801459	58.888037	130.221276
16379		-1.116817	15.287573	0.084692	-1.660820	1.863670	0.609775	-0.411865	-0.975098	-0.211426	97.511373	58.405176	132.165809
16380		1.756198	9.347060	0.330350	-1.496976	1.863212	1.242143	-0.412842	-0.962158	-0.222168	98.181252	57.548513	133.966572
16381		1.358375	5.969487	0.311239	-1.197567	1.688526	1.589127	-0.421631	-0.947754	-0.220459	98.757662	56.502349	135.470468
16382		0.687830	5.296318	0.623404	-0.892354	1.417102	1.768545	-0.437012	-0.930908	-0.215576	99.190788	55.368560	136.609630
16383		0.293210	5.690152	1.025740	-0.659015	1.152980	1.821127	-0.447021	-0.914795	-0.208740	99.491895	54.228756	137.439101
16384		0.060831	6.036245	1.271986	-0.504389	0.889329	1.860558	-0.473389	-0.897217	-0.215088	99.637365	53.086430	137.977789
16385		0.019869	6.652186	1.477143	-0.395589	0.612102	1.978476	-0.493896	-0.869629	-0.210938	99.609566	51.907229	138.227334
16386		-0.120012	7.394774	1.548703	-0.345792	0.330729	2.172397	-0.519287	-0.857910	-0.203125	99.380992	50.641531	138.187808
16387		-0.406489	7.988211	1.530703	-0.353231	0.061136	2.390233	-0.548828	-0.821045	-0.196045	98.955788	49.280966	137.895652
16388		-0.567697	8.518438	1.351078	-0.419641	-0.180004	2.573031	-0.568115	-0.786865	-0.184814	98.341773	47.831693	137.396996
16389		-0.731371	8.798354	1.085321	-0.521277	-0.388289	2.743215	-0.583740	-0.742188	-0.171631	97.568709	46.302778	136.747931
16390		-0.801148	8.924323	0.850175	-0.605850	-0.555189	2.889181	-0.598633	-0.697021	-0.156250	96.685009	44.691735	135.995500
16391		-0.817079	9.069964	0.579713	-0.679406	-0.685260	3.008187	-0.603760	-0.645752	-0.131104	95.738349	43.017548	135.189852
16392		-0.990791	9.476233	0.350088	-0.756323	-0.778511	3.101059	-0.601563	-0.588623	-0.100342	94.750263	41.280432	134.363208
16393		-1.091089	9.965125	0.138760	-0.827198	-0.847010	3.191749	-0.580566	-0.531738	-0.076416	93.746756	39.489306	133.544696
16394		-1.404548	10.266992	-0.066391	-0.853432	-0.899494	3.296220	-0.554932	-0.509766	-0.046875	92.757333	37.623818	132.741879
16395		-1.718171	10.446483	-0.295484	-0.829901	-0.944856	3.403512	-0.515869	-0.487061	-0.014404	91.819158	35.693419	131.965654
16396		-1.891130	10.760664	-0.547850	-0.762671	-0.977388	3.489883	-0.483887	-0.476563	0.010498	90.956917	33.698281	131.218637
16397		-2.135254	11.117534	-0.667517	-0.691491	-0.968860	3.561618	-0.449951	-0.488525	0.042236	90.189893	31.659671	130.530388
16398		-2.329968	11.638229	-0.671557	-0.622563	-0.958281	3.607168	-0.431152	-0.506348	0.054443	89.508085	29.581270	129.892079
16399		-2.649070	12.262081	-0.600760	-0.592657	-0.923349	3.644762	-0.402100	-0.527832	0.067139	88.895517	27.482114	129.318855
16400		-2.900329	12.736945	-0.412153	-0.564955	-0.900316	3.679742	-0.406982	-0.548340	0.078125	88.338271	25.351346	128.793712
16401		-3.143821	13.018954	-0.195748	-0.528838	-0.903835	3.706193	-0.396973	-0.572510	0.082520	87.832967	23.207978	128.299747
16402		-3.362882	13.334922	0.025548	-0.463028	-0.929331	3.734006	-0.399902	-0.600830	0.084473	87.385647	21.037310	127.816039
16403		-3.608045	13.667834	0.369378	-0.365751	-0.968386	3.766575	-0.419434	-0.621582	0.092773	87.012787	18.850868	127.334870
16404		-3.864611	13.983790	0.715917	-0.253737	-1.020270	3.806136	-0.424805	-0.634521	0.093506	86.717338	16.630328	126.841795
16405		-4.095441	14.369804	1.076145	-0.147920	-1.083096	3.849527	-0.450439	-0.643799	0.086182	86.496770	14.387991	126.330703
16406		-4.323674	14.687216	1.445470	-0.056280	-1.146422	3.885042	-0.466064	-0.651611	0.094727	86.341877	12.114205	125.794819
16407		-4.586804	14.946520	1.842922	0.040923	-1.219236	3.924244	-0.482422	-0.660645	0.092041	86.258528	9.821504	125.228944
16408		-4.941155	15.171693	2.152254	0.119200	-1.302644	3.976231	-0.504395	-0.658936	0.094727	86.235575	7.488250	124.621430
16409		-5.249507	15.274026	2.329980	0.158788	-1.396025	4.014255	-0.522949	-0.664063	0.096680	86.255417	5.136918	123.966420
16410		-5.546079	15.304528	2.466917	0.155064	-1.485794	4.032061	-0.545410	-0.655762	0.104248	86.295744	2.765445	123.260469
16411		-5.858511	14.955052	2.489325	0.114337	-1.571694	4.013931	-0.567383	-0.659668	0.104980	86.341240	0.408658	122.505699
16412		-6.113122	14.514261	2.455558	0.065928	-1.649166	3.958756	-0.589600	-0.651611	0.109375	86.389737	-1.925357	121.701708
16413		-6.355995	13.928964	2.330768	0.041106	-1.684427	3.836638	-0.620850	-0.645264	0.130615	86.458455	-4.183400	120.870903
16414		-6.687476	13.345021	2.181313	0.022248	-1.693939	3.681031	-0.631348	-0.634033	0.125732	86.549191	-6.357689	120.022621
16415		-6.939447	12.795716	1.975134	-0.001582	-1.677755	3.487594	-0.650146	-0.617188	0.138672	86.658684	-8.413252	119.170807
16416		-7.193536	12.013526	1.695818	-0.039785	-1.601642	3.283267	-0.661377	-0.608887	0.148438	86.770272	-10.353217	118.347015
16417		-7.591027	11.044439	1.430711	-0.083234	-1.487939	3.059346	-0.679688	-0.603516	0.164795	86.874233	-12.154516	117.574563
16418		-7.733039	9.984964	1.381968	-0.131256	-1.334881	2.799891	-0.692627	-0.592773	0.162598	86.956256	-13.806091	116.875021
16419		-8.335549	9.141969	1.182513	-0.190000	-1.133031	2.511674	-0.701416	-0.586182	0.172852	86.997708	-15.281243	116.279994
16420		-8.676200	8.490031	1.161912	-0.242657	-0.928127	2.232872	-0.709717	-0.572021	0.179199	86.992466	-16.594397	115.793189
16421		-9.034561	7.676197	1.034258	-0.305845	-0.722316	1.967123	-0.708984	-0.559082	0.182861	86.928450	-17.745662	115.419434
16422		-9.324260	7.025830	0.807839	-0.396602	-0.551259	1.677409	-0.717285	-0.562012	0.190430	86.789200	-18.729431	115.138701
16423		-9.851145	6.442835	0.517458	-0.543791	-0.394956	1.353998	-0.724365	-0.555176	0.190186	86.542444	-19.520905	114.943568
16424		-10.283177	5.376179	0.189231	-0.626367	-0.267734	0.978172	-0.723633	-0.547363	0.184814	86.227484	-20.095842	114.814459
16425		-10.191060	4.524708	0.062322	-0.594889	-0.160986	0.560976	-0.725342	-0.544189	0.187988	85.914665	-20.426700	114.736077
16426		-9.870308	4.404186	0.114455	-0.467195	-0.063204	0.151056	-0.722900	-0.540771	0.186279	85.659653	-20.520710	114.700563
16427		-9.198942	5.052411	0.254230	-0.321352	0.031212	-0.210165	-0.726318	-0.544189	0.192627	85.474543	-20.403182	114.705925
16428		-8.391579	6.021194	0.550881	-0.234383	0.134988	-0.483651	-0.718750	-0.538086	0.181396	85.321549	-20.124939	114.760835
16429		-7.502118	6.835018	0.753953	-0.228196	0.234188	-0.701219	-0.721924	-0.549316	0.184814	85.156570	-19.717349	114.863896
16430		-13.283711	2.089966	0.398708	0.785289	0.142194	-2.239889	-0.712158	-0.551025	0.180420	85.615608	-18.434971	114.837179
16431		3.893008	1.585712	-1.854012	1.782359	-0.022413	-2.864750	-0.709961	-0.564209	0.172607	86.678003	-16.802058	114.704300
16432		1.833720	16.991891	-0.246959	0.962978	-0.370935	-2.782936	-0.694092	-0.586182	0.175049	87.316043	-15.223741	114.393161
16433		2.237500	10.902340	-1.147838	-0.166600	-0.780435	-3.005722	-0.683105	-0.600098	0.187744	87.357400	-13.528014	113.845726
16434		-0.590874	11.446492	0.223278	-0.921896	-1.073077	-3.350241	-0.679688	-0.615234	0.179443	86.988647	-11.643822	113.116137
16435		-1.316117	12.255747	-0.593769	-1.485731	-1.268052	-3.474918	-0.666504	-0.625488	0.183350	86.297530	-9.702624	112.255852
16436		0.090720	12.383444	-2.686404	-1.451022	-1.145649	-3.226978	-0.662842	-0.636719	0.175781	85.588798	-7.907284	111.457678
16437		1.842586	11.123392	-5.073351	-1.056618	-0.675363	-2.989116	-0.652832	-0.641357	0.162842	85.049854	-6.235855	110.924744
16438		2.279954	10.180124	-5.648768	-0.586976	0.019907	-3.051332	-0.640137	-0.655029	0.156738	84.728270	-4.496046	110.776509
16439		0.105047	15.048882	-2.709804	-0.695427	0.663322	-3.203978	-0.630127	-0.675293	0.158691	84.318224	-2.636384	110.976574
16440		-2.474521	15.111331	2.137486	-1.055830	0.973350	-3.081440	-0.618164	-0.682129	0.143311	83.703463	-0.824916	111.343995
16441		-3.173755	13.086849	6.206407	-0.605169	0.897769	-2.783038	-0.598877	-0.691162	0.137939	83.357554	0.813422	111.672067
16442		-4.766707	14.927245	5.956304	-0.233001	0.766418	-2.457157	-0.598145	-0.699707	0.131836	83.232372	2.260510	111.940852
16443		-3.118644	13.165961	3.319381	0.140086	0.511300	-1.993639	-0.586426	-0.693359	0.130127	83.321164	3.425177	112.094908
16444		-2.778733	12.651208	2.152597	0.376365	0.441745	-1.574267	-0.580078	-0.704102	0.131104	83.547538	4.348085	112.240523
16445		-2.745087	11.417188	2.008879	0.612191	0.332584	-1.186831	-0.580322	-0.718506	0.125732	83.908363	5.040817	112.352653
16446		-2.011801	11.977268	0.952165	0.761471	0.245848	-0.853503	-0.569580	-0.715332	0.132080	84.353512	5.539772	112.440086
16447		-1.881807	12.691448	-0.564529	0.520963	0.225504	-0.491473	-0.565918	-0.712646	0.134766	84.662665	5.828464	112.538806
16448		-1.769656	12.091161	0.566674	0.244996	0.181217	-0.292589	-0.562256	-0.719971	0.134033	84.812722	6.003117	112.624199
16449		-1.413038	10.559363	0.252509	0.101631	0.115287	-0.132991	-0.566650	-0.720947	0.131592	84.877711	6.080989	112.680001
16450		-1.338532	10.429450	0.304522	-0.009149	0.103463	-0.091772	-0.563232	-0.722656	0.127441	84.878896	6.136890	112.731565
16451		-1.178089	9.872432	0.681206	-0.064162	0.075728	-0.066191	-0.564453	-0.722168	0.124023	84.846941	6.174596	112.768144
16452		-1.186435	9.679642	0.881780	-0.078589	0.065307	-0.046586	-0.568115	-0.723145	0.124756	84.806339	6.202800	112.800121
16453		-1.107181	9.832235	0.764769	-0.069003	0.064910	-0.037099	-0.570068	-0.716309	0.125488	84.771135	6.223390	112.831969
16454		-1.044573	9.467692	0.995048	-0.058815	0.062857	-0.027709	-0.579102	-0.719971	0.123291	84.741846	6.240739	112.863504
16455		-1.139202	9.808203	0.783713	-0.060072	0.065579	-0.031181	-0.566650	-0.718262	0.129150	84.711853	6.258022	112.896029
16456		-1.159127	9.794939	0.776993	-0.072747	0.054274	-0.021971	-0.558594	-0.726318	0.128418	84.674096	6.271678	112.922927
16457		-1.154976	9.727048	0.841337	-0.095552	0.053388	-0.029174	-0.568848	-0.711426	0.130615	84.623035	6.287208	112.948542
16458		-1.158596	9.725818	0.850527	-0.104622	0.040917	-0.037074	-0.555420	-0.716309	0.124268	84.566108	6.308808	112.966936
16459		-1.160982	9.793905	0.837096	-0.106608	0.034155	-0.038686	-0.564453	-0.714111	0.129395	84.507455	6.328764	112.980964
16460		-1.165445	9.761783	0.831551	-0.103868	0.039323	-0.024097	-0.556396	-0.726074	0.123779	84.450955	6.342916	112.999126
16461		-1.184861	9.701864	0.921017	-0.101781	0.051852	-0.021574	-0.564697	-0.713623	0.130615	84.396299	6.354127	113.024227
16462		-1.106606	9.670252	0.945686	-0.070323	0.043752	-0.021887	-0.566650	-0.714355	0.120605	84.359328	6.367304	113.045034
16463		-1.119902	9.551130	1.032699	-0.038296	0.038161	-0.032340	-0.562500	-0.710205	0.125732	84.340116	6.383913	113.061656
16464		-1.098232	9.573149	1.025787	0.006602	0.042046	-0.027208	-0.566895	-0.713379	0.122803	84.347085	6.400040	113.081174
16465		-1.117448	9.599385	0.971682	0.042726	0.053180	-0.025559	-0.563477	-0.718262	0.125732	84.375309	6.413626	113.106802
16466		-1.174150	9.760733	0.879686	0.056667	0.057036	-0.024897	-0.564209	-0.716797	0.125732	84.411948	6.429257	113.135063
16467		-1.184971	9.797197	0.802327	0.040902	0.056549	-0.023135	-0.568848	-0.719727	0.121582	84.439374	6.441619	113.162777
16468		-1.219079	9.872569	0.765883	0.016057	0.043070	-0.032961	-0.566895	-0.715576	0.129395	84.451822	6.461053	113.182587
16469		-1.232098	9.784825	0.862945	-0.008837	0.021187	-0.035812	-0.567139	-0.725098	0.126221	84.448400	6.478673	113.189306
16470		-1.195805	9.796123	0.799356	-0.019056	0.015768	-0.044109	-0.565430	-0.726563	0.124023	84.438915	6.502957	113.192825
16471		-1.168812	9.712189	0.888434	-0.024209	0.006215	-0.043417	-0.567383	-0.719482	0.128174	84.425668	6.524084	113.190521
16472		-1.149655	9.664536	0.905916	-0.026041	0.011177	-0.043103	-0.569580	-0.713623	0.121094	84.411898	6.547542	113.191452
16473		-1.193723	9.690482	0.934169	-0.019740	0.009997	-0.042844	-0.566406	-0.715820	0.121582	84.401460	6.568553	113.191340
16474		-1.173863	9.681571	0.912386	-0.015961	0.008034	-0.040986	-0.570801	-0.720947	0.125732	84.393275	6.590631	113.190578
16475		-1.193096	9.730105	0.932417	-0.021746	0.001128	-0.045995	-0.560547	-0.717773	0.130859	84.381080	6.612941	113.185190
16476		-1.150472	9.635590	0.964588	-0.017422	-0.008330	-0.045204	-0.561768	-0.718262	0.124023	84.370947	6.636506	113.174787
16477		-1.202137	9.736576	0.881598	-0.006660	-0.005703	-0.044357	-0.561279	-0.729004	0.131592	84.366948	6.657497	113.165563
16478		-1.182843	9.689112	0.897374	-0.005431	-0.009019	-0.044576	-0.564941	-0.719238	0.125977	84.363636	6.680664	113.154793
16479		-1.202937	9.706866	0.900962	-0.009210	-0.008641	-0.044313	-0.561523	-0.708008	0.119385	84.357973	6.701463	113.143882
16480		-1.199424	9.677714	0.920026	-0.013603	-0.006608	-0.043943	-0.562500	-0.720215	0.128662	84.350139	6.724405	113.134526
16481		-1.187754	9.658696	0.918958	-0.020517	-0.003800	-0.044104	-0.559814	-0.716064	0.122070	84.338316	6.745354	113.126398
16482		-1.159596	9.613495	0.969273	-0.017906	0.001834	-0.038938	-0.554688	-0.719238	0.122559	84.328615	6.765917	113.122165
16483		-1.178663	9.623405	1.027004	-0.002664	0.008862	-0.033824	-0.556641	-0.716064	0.119629	84.327941	6.781721	113.121887
16484		-1.190751	9.620727	0.992900	0.015596	0.008037	-0.038732	-0.562256	-0.720215	0.120117	84.337851	6.802515	113.121224
16485		-1.194342	9.659143	0.952458	0.022543	0.010490	-0.041293	-0.561035	-0.722656	0.132813	84.351680	6.822669	113.121461
16486		-1.207078	9.617884	0.954978	0.028875	0.009906	-0.037355	-0.562012	-0.722412	0.123047	84.369334	6.842784	113.121956
16487		-1.193869	9.669016	0.925400	0.047783	0.008002	-0.038697	-0.563477	-0.717041	0.112793	84.397473	6.861318	113.120924
16488		-1.221878	9.677118	0.943734	0.054732	0.010449	-0.041265	-0.562500	-0.724365	0.120850	84.429955	6.883692	113.121527
16489		-1.233744	9.744209	0.881712	0.057230	0.010643	-0.046553	-0.564941	-0.722900	0.118164	84.463639	6.906854	113.121594
16490		-1.263149	9.759903	0.845928	0.046403	0.003104	-0.054180	-0.562256	-0.719482	0.132080	84.490759	6.936189	113.117280
16491		-1.228988	9.694572	0.854052	0.043167	-0.003054	-0.060796	-0.565186	-0.724609	0.119629	84.515340	6.966722	113.108713
16492		-1.226768	9.658097	0.921348	0.055708	-0.011800	-0.064912	-0.566162	-0.724854	0.123291	84.546685	7.001369	113.095270
16493		-1.209219	9.611192	0.930707	0.068986	-0.006813	-0.067824	-0.560547	-0.724854	0.126465	84.585742	7.035716	113.084192
16494		-1.248174	9.647504	0.928825	0.084074	-0.007971	-0.078418	-0.559082	-0.719238	0.123047	84.633505	7.078291	113.072258
16495		-1.272062	9.634700	0.907474	0.097984	-0.009322	-0.075046	-0.555420	-0.720947	0.119629	84.688943	7.116643	113.059404
16496		-1.263179	9.693294	0.817921	0.099854	-0.011222	-0.079665	-0.561279	-0.725830	0.121582	84.745496	7.159782	113.045607
16497		-1.278500	9.675532	0.883048	0.101179	-0.001330	-0.080157	-0.557129	-0.717773	0.125732	84.803295	7.201492	113.037155
16498		-1.278666	9.654572	0.836613	0.114484	0.004225	-0.079436	-0.560303	-0.726563	0.119873	84.869342	7.245325	113.032337
16499		-1.286611	9.731118	0.747921	0.111309	0.003838	-0.085127	-0.554443	-0.726563	0.125488	84.933288	7.290153	113.026694
16500		-1.278600	9.774559	0.765206	0.103679	0.004266	-0.097806	-0.554932	-0.715576	0.125000	84.993038	7.344485	113.021059
16501		-1.281115	9.745772	0.772946	0.110493	-0.005936	-0.119178	-0.559570	-0.725098	0.120850	85.055577	7.408275	113.008180
16502		-1.326387	9.719276	0.736311	0.126854	-0.007420	-0.134338	-0.556396	-0.728760	0.128662	85.127509	7.482898	112.994127
16503		-1.323586	9.731277	0.736243	0.135644	-0.011886	-0.148359	-0.552490	-0.729492	0.137939	85.203811	7.563093	112.976555
16504		-1.338574	9.730212	0.723109	0.138754	-0.020599	-0.162134	-0.562500	-0.723633	0.129150	85.281371	7.652997	112.953764
16505		-1.395519	9.724030	0.720458	0.143766	-0.026914	-0.177445	-0.552246	-0.720215	0.131836	85.360957	7.749146	112.926373
16506		-1.348172	9.681371	0.711627	0.151950	-0.031986	-0.192959	-0.557861	-0.727539	0.134521	85.444952	7.856196	112.895826
16507		-1.350566	9.692963	0.708848	0.171560	-0.028918	-0.199529	-0.552246	-0.719482	0.129639	85.540104	7.964949	112.866552
16508		-1.395478	9.706105	0.661163	0.182901	-0.029738	-0.219598	-0.550781	-0.722900	0.136963	85.641778	8.087412	112.836447
16509		-1.417274	9.735360	0.657973	0.196185	-0.030600	-0.233238	-0.555176	-0.728027	0.142090	85.750626	8.215455	112.805112
16510		-1.456021	9.713510	0.680322	0.212638	-0.028050	-0.245584	-0.544434	-0.725098	0.141357	85.869253	8.352949	112.775327
16511		-1.514587	9.759706	0.556399	0.211466	-0.038773	-0.258488	-0.556885	-0.727051	0.141113	85.985938	8.495215	112.738732
16512		-1.595804	9.669119	0.560648	0.202805	-0.062737	-0.274119	-0.545898	-0.730957	0.139160	86.095707	8.647766	112.688285
16513		-1.167581	10.090088	0.539567	0.192379	-0.044546	-0.326858	-0.551514	-0.734375	0.137939	86.200425	8.829032	112.646212
16514		-1.310587	9.957699	0.507936	0.186151	0.021740	-0.459939	-0.543701	-0.732422	0.141113	86.306919	9.091154	112.638129
16515		-1.560204	9.791387	0.538908	0.217923	0.048956	-0.557406	-0.541260	-0.739258	0.140625	86.433353	9.407801	112.642405
16516		-1.495256	10.030851	0.563462	0.210226	0.062415	-0.625197	-0.541748	-0.743652	0.136475	86.556695	9.765869	112.653138
16517		-1.558403	10.074138	0.428620	0.154742	0.093384	-0.721772	-0.533691	-0.741943	0.137207	86.650697	10.178013	112.678871
16518		-1.622053	10.128094	0.562614	0.118357	0.094886	-0.830434	-0.528809	-0.740479	0.146240	86.723952	10.654489	112.702821
16519		-1.660741	10.255434	0.663444	0.076863	0.108567	-0.919760	-0.533936	-0.743408	0.146240	86.774402	11.180318	112.731991
16520		-1.835336	10.245530	0.548274	0.027862	0.105136	-1.015282	-0.527100	-0.751953	0.144287	86.796400	11.762792	112.756777
16521		-1.900163	10.274559	0.527612	-0.004251	0.082349	-1.123480	-0.511230	-0.754883	0.141602	86.796467	12.404298	112.764502
16522		-2.000587	10.302215	0.587194	-0.021355	0.060478	-1.226146	-0.517578	-0.754639	0.141113	86.783527	13.105932	112.756325
16523		-2.084901	10.445690	0.517801	-0.036120	0.028100	-1.340500	-0.512207	-0.761963	0.135254	86.756333	13.869836	112.724671
16524		-2.186154	10.585931	0.451191	-0.059588	-0.004483	-1.474069	-0.514648	-0.771729	0.137695	86.709548	14.711116	112.669021
16525		-2.247063	10.824957	0.429429	-0.066405	-0.052799	-1.643027	-0.499268	-0.760986	0.141846	86.648427	15.645330	112.577521
16526		-2.178564	10.668205	0.769939	-0.029132	-0.080151	-1.871000	-0.488037	-0.768555	0.135498	86.600282	16.710921	112.460707
16527		-2.192491	10.730669	0.940999	0.056759	-0.091437	-2.119520	-0.483154	-0.774414	0.146240	86.593802	17.916222	112.326688
16528		-2.313271	10.747195	1.001647	0.143598	-0.098244	-2.399867	-0.465332	-0.786621	0.148682	86.629786	19.283560	112.178242
16529		-2.335302	10.736499	0.990541	0.254861	-0.099422	-2.649899	-0.454834	-0.791016	0.146973	86.722551	20.792145	112.020209
16530		-2.521083	10.430457	1.033628	0.342520	-0.099504	-2.903890	-0.441162	-0.795410	0.150879	86.859035	22.448066	111.855265
16531		-2.872145	10.238026	1.098473	0.402515	-0.092459	-3.213374	-0.424805	-0.803711	0.152588	87.023717	24.279923	111.686723
16532		-2.950475	10.612472	1.194071	0.471391	-0.112424	-3.505473	-0.410889	-0.811768	0.153809	87.215130	26.280419	111.500265
16533		-3.445587	10.391329	1.264946	0.463827	-0.084301	-3.901156	-0.393555	-0.809082	0.161133	87.400511	28.507081	111.323617
16534		-4.237570	11.212506	1.219666	0.430832	-0.083350	-4.254759	-0.375488	-0.814941	0.170654	87.557835	30.938038	111.141285
16535		-5.382023	12.390396	1.226318	0.326986	-0.078755	-4.621057	-0.347168	-0.828857	0.169189	87.645406	33.577722	110.952671
16536		-6.915526	13.959445	1.135910	0.221179	0.013216	-4.827759	-0.332520	-0.838379	0.166748	87.697191	36.339274	110.820495
16537		-9.200904	16.841087	1.437792	0.015379	0.143635	-4.810235	-0.302002	-0.833252	0.176514	87.681734	39.092638	110.779386
16538		-9.216962	17.869725	1.841826	-0.425270	0.349467	-4.608600	-0.283691	-0.839111	0.169922	87.511805	41.736387	110.891992
16539		-7.419037	17.414506	2.076405	-0.821884	0.546077	-4.321866	-0.248535	-0.841553	0.165771	87.223635	44.220594	111.158788
16540		-6.838470	12.816639	0.869011	-0.858351	0.789262	-4.118233	-0.229004	-0.843506	0.168213	87.067730	46.596319	111.629447
16541		-5.536680	12.379014	0.840478	-0.666118	0.960042	-4.081533	-0.218994	-0.841309	0.182861	87.158577	48.955816	112.266257
16542		-4.014132	13.024019	1.289155	-0.578140	1.136528	-3.965860	-0.195313	-0.839355	0.182617	87.474419	51.252198	113.108578
16543		-2.751508	13.172251	1.485244	-0.674332	1.369507	-3.897357	-0.175537	-0.839600	0.182373	87.986991	53.510858	114.242182
16544		-2.160779	10.927081	1.247535	-0.925165	1.580285	-3.859220	-0.157959	-0.835693	0.188232	88.635165	55.743215	115.685989
16545		-2.236800	7.271425	1.031470	-1.232667	1.627445	-3.573135	-0.124268	-0.833008	0.180664	89.290911	57.803492	117.312952
16546		1.510387	7.498220	0.902183	-1.492044	1.551597	-2.850087	-0.111084	-0.830078	0.172363	89.867773	59.437876	118.988913
16547		11.124136	10.693326	-0.739272	-1.562560	1.682539	-1.565683	-0.101074	-0.822998	0.173584	90.635529	60.327201	120.910421
16548		-1.298432	17.251426	-0.361548	-1.802635	1.964860	-0.093823	-0.101074	-0.834961	0.178711	91.573945	60.353039	123.177859
16549		0.310760	13.940747	-0.430525	-1.959629	1.850712	1.148533	-0.103027	-0.824463	0.176270	92.243339	59.656437	125.246124
16550		1.926142	7.434040	-0.375502	-1.681020	1.857702	1.679961	-0.108887	-0.836182	0.163330	92.979288	58.638861	127.224226
16551		1.374108	4.627312	-0.409323	-1.332356	1.692874	1.897179	-0.118652	-0.833984	0.168945	93.663043	57.493986	128.928313
16552		0.718824	4.570938	-0.036882	-1.038072	1.465750	1.939178	-0.120850	-0.836670	0.166260	94.229097	56.319822	130.312962
16553		0.363516	5.059619	0.387216	-0.821400	1.247687	1.912012	-0.125732	-0.852051	0.162842	94.675088	55.168768	131.420840
16554		0.218507	5.511614	0.605380	-0.646670	1.013412	1.917951	-0.132813	-0.852539	0.172852	94.981107	54.016682	132.250135
16555		0.266001	5.957808	0.808901	-0.491511	0.765038	2.032143	-0.138184	-0.844482	0.163330	95.144686	52.814921	132.803441
16556		0.251760	6.603286	1.024290	-0.349385	0.510728	2.222003	-0.145996	-0.858154	0.172607	95.165400	51.512051	133.082582
16557		0.041555	7.253921	1.178905	-0.242269	0.277869	2.440137	-0.146484	-0.855469	0.174805	95.064060	50.102056	133.129792
16558		-0.115357	7.709538	1.160561	-0.204333	0.072707	2.633148	-0.158936	-0.866455	0.178955	94.837031	48.586233	132.984505
16559		-0.303437	8.207203	1.147657	-0.250456	-0.108274	2.794161	-0.175293	-0.874268	0.171387	94.478421	46.992312	132.692928
16560		-0.563754	8.718376	1.074638	-0.344498	-0.254200	2.927688	-0.180664	-0.867432	0.177979	93.994613	45.320378	132.295658
16561		-0.756493	9.310657	0.943656	-0.466521	-0.364550	3.065601	-0.189209	-0.883057	0.179199	93.408513	43.577683	131.839224
16562		-1.039819	9.828964	0.771917	-0.590798	-0.445308	3.209426	-0.202637	-0.890137	0.185059	92.738810	41.744591	131.350543
16563		-1.443440	10.156523	0.643554	-0.705108	-0.510677	3.356431	-0.221680	-0.891113	0.182861	92.011230	39.831798	130.853987
16564		-1.790531	10.404824	0.481994	-0.786268	-0.576683	3.479765	-0.228516	-0.897461	0.177002	91.244381	37.836963	130.349731
16565		-2.070274	10.608265	0.385924	-0.831369	-0.629970	3.577966	-0.239014	-0.899170	0.184570	90.472854	35.789000	129.855789
16566		-2.434584	10.876590	0.378145	-0.863965	-0.680534	3.639400	-0.258789	-0.913086	0.183350	89.701080	33.692470	129.370487
16567		-2.874833	11.077315	0.351934	-0.865100	-0.712616	3.660754	-0.278564	-0.925781	0.190674	88.958035	31.586701	128.910372
16568		-3.341787	11.250402	0.358024	-0.830899	-0.748340	3.655680	-0.294922	-0.930176	0.186279	88.255752	29.469929	128.465465
16569		-3.743314	11.577644	0.349999	-0.768768	-0.787341	3.620045	-0.314453	-0.939453	0.190186	87.610602	27.377109	128.033774
16570		-3.881358	12.147344	0.434242	-0.698738	-0.824288	3.576247	-0.339600	-0.950439	0.186768	87.021394	25.295428	127.608510
16571		-4.214209	12.961820	0.428873	-0.627130	-0.848153	3.555862	-0.357666	-0.951904	0.183594	86.494536	23.230005	127.198805
16572		-4.401803	13.649884	0.466304	-0.576452	-0.854390	3.575667	-0.378906	-0.958252	0.182129	86.017367	21.140684	126.810216
16573		-4.535685	14.044532	0.513717	-0.525304	-0.830108	3.626673	-0.406250	-0.965088	0.185791	85.598039	19.029645	126.463174
16574		-4.624256	14.367553	0.533032	-0.472143	-0.771340	3.674180	-0.443848	-0.971924	0.179688	85.237562	16.882764	126.171688
16575		-4.804143	14.662966	0.638939	-0.429166	-0.680178	3.719428	-0.468994	-0.964355	0.164795	84.933316	14.722197	125.954309
16576		-5.041809	14.833172	0.752270	-0.408247	-0.588166	3.758881	-0.499512	-0.975586	0.177246	84.664158	12.533693	125.804961
16577		-5.273356	14.936162	0.990325	-0.383156	-0.497030	3.796444	-0.539307	-0.978027	0.173584	84.429260	10.337302	125.723144
16578		-5.517456	14.927131	1.282561	-0.343773	-0.407438	3.826116	-0.565918	-0.960449	0.162354	84.228920	8.119804	125.702564
16579		-5.756957	14.705228	1.456225	-0.300637	-0.339172	3.840035	-0.599365	-0.950439	0.167236	84.060943	5.907285	125.730500
16580		-5.915207	14.451635	1.657708	-0.287639	-0.282869	3.835522	-0.642822	-0.938232	0.160156	83.901423	3.692234	125.795492
16581		-6.050264	14.056333	1.670611	-0.315281	-0.231564	3.786787	-0.667480	-0.916016	0.153076	83.726126	1.516887	125.894112
16582		-6.140887	13.663166	1.581368	-0.408331	-0.192125	3.664972	-0.696289	-0.902832	0.160156	83.492857	-0.594221	126.014132
16583		-6.115615	13.078944	1.498702	-0.523725	-0.171242	3.496775	-0.721680	-0.877930	0.161621	83.189972	-2.599629	126.145692
16584		-6.213850	12.443242	1.320038	-0.594676	-0.157140	3.305169	-0.745361	-0.854980	0.153076	82.840382	-4.501604	126.282774
16585		-6.171532	11.877272	1.301971	-0.589003	-0.186820	3.122642	-0.756104	-0.838867	0.149658	82.492528	-6.293854	126.402214
16586		-6.203738	11.526374	1.225047	-0.527849	-0.237221	2.964868	-0.776123	-0.824219	0.152344	82.178653	-8.006147	126.490882
16587		-6.307576	11.167123	1.177361	-0.461998	-0.322144	2.838762	-0.785400	-0.800781	0.150879	81.908745	-9.646646	126.530435
16588		-6.352948	10.726060	1.138336	-0.424962	-0.423392	2.713806	-0.805176	-0.787354	0.152588	81.668881	-11.230009	126.508375
16589		-6.420460	10.008440	1.075347	-0.402664	-0.519482	2.578484	-0.822510	-0.761230	0.156738	81.456210	-12.739199	126.425712
16590		-6.586347	9.015173	1.041080	-0.360679	-0.615808	2.389018	-0.833740	-0.740234	0.160156	81.284381	-14.154315	126.274638
16591		-6.536922	8.221358	1.111419	-0.278023	-0.691507	2.163730	-0.847656	-0.731445	0.165527	81.180338	-15.444112	126.061783
16592		-6.672284	7.757028	1.214114	-0.195801	-0.743960	1.902353	-0.854980	-0.717529	0.170166	81.141727	-16.594574	125.794360
16593		-6.839754	7.511891	1.393280	-0.144306	-0.778578	1.632597	-0.857178	-0.696289	0.180176	81.152185	-17.591664	125.480496
16594		-7.115296	7.410301	1.588783	-0.142974	-0.803172	1.360447	-0.860840	-0.687988	0.192139	81.180090	-18.439550	125.124846
16595		-7.684747	7.440779	1.584164	-0.226600	-0.844263	1.111607	-0.865967	-0.693359	0.195801	81.181665	-19.147256	124.719699
16596		-8.201794	7.109197	1.523895	-0.346723	-0.876595	0.856153	-0.868652	-0.671875	0.195068	81.132405	-19.715121	124.270168
16597		-8.699645	6.536529	1.326542	-0.437654	-0.945334	0.593000	-0.872070	-0.667725	0.195068	81.058611	-20.138804	123.753537
16598		-9.057113	5.914350	1.138479	-0.441087	-1.021047	0.296251	-0.868652	-0.660889	0.210205	81.010490	-20.402459	123.162616
16599		-9.311159	5.700283	1.019255	-0.365108	-1.094587	-0.002373	-0.871826	-0.666748	0.217773	81.034477	-20.503158	122.497850
16600		-9.265976	5.819083	0.900122	-0.250319	-1.167128	-0.292421	-0.861572	-0.668213	0.221680	81.148348	-20.444838	121.761993
16601		-12.321974	2.987215	-1.766708	0.056449	-1.246847	-0.797353	-0.879395	-0.667236	0.228271	81.469144	-20.105339	120.932156
16602		-11.417685	1.553525	2.067943	0.944449	-0.986156	-2.627214	-0.857422	-0.679688	0.231201	82.283224	-18.697321	120.110713
16603		1.970240	4.462100	-0.088733	1.311551	-1.240980	-2.947783	-0.846436	-0.696777	0.250488	83.332979	-17.114716	119.143722
16604		1.842664	15.134650	-0.290434	0.914700	-1.325062	-2.927882	-0.841553	-0.722168	0.256592	84.132481	-15.531691	118.163622
16605		2.623808	12.554872	-1.656361	0.370922	-1.500849	-2.872150	-0.826172	-0.729736	0.264160	84.614748	-13.982244	117.108308
16606		0.235379	10.337161	-1.103671	-0.155677	-1.618891	-3.063399	-0.816406	-0.751709	0.273926	84.780005	-12.321693	115.990251
16607		0.486363	9.756977	-1.929877	-0.498493	-1.608270	-3.341942	-0.795654	-0.770020	0.279297	84.716570	-10.503186	114.871877
16608		0.665729	11.814297	-3.207672	-0.551830	-1.370832	-3.389492	-0.783447	-0.792725	0.287109	84.563565	-8.644278	113.891835
16609		0.876766	12.479530	-4.399329	-0.604204	-1.040518	-3.255493	-0.770020	-0.803223	0.281250	84.323999	-6.849457	113.107316
16610		0.935657	11.820432	-5.129314	-0.572088	-0.591154	-3.176442	-0.751221	-0.819580	0.269775	84.051599	-5.074378	112.580132
16611		1.299347	11.567069	-4.789130	-0.651216	-0.117138	-3.228874	-0.734375	-0.835449	0.275635	83.698791	-3.246102	112.311937
16612		0.032972	15.225909	-1.933144	-0.810363	0.452744	-3.331128	-0.725830	-0.856689	0.262207	83.234251	-1.321696	112.349437
16613		-1.829635	14.102464	-0.356420	-1.283040	0.621681	-3.210892	-0.704834	-0.879150	0.247314	82.499117	0.543919	112.471111
16614		-0.503548	12.608611	2.877301	-1.122623	0.754118	-2.997177	-0.687500	-0.898682	0.244385	81.862231	2.302738	112.662647
16615		-5.285984	16.680339	8.077239	-0.929237	1.041949	-2.719271	-0.671143	-0.911865	0.236572	81.350254	3.927079	113.023110
16616		-8.656593	12.858199	9.440400	0.413758	0.578556	-1.610671	-0.666748	-0.912354	0.236572	81.603078	4.887823	113.211858
16617		-1.603748	11.308487	0.903485	1.589509	0.286000	-0.747028	-0.661621	-0.904541	0.240723	82.523625	5.330244	113.312199
16618		-1.877464	17.178443	-3.301755	0.661679	0.246608	-0.606240	-0.655273	-0.915283	0.242432	82.912596	5.692190	113.405831
16619		-1.727530	8.840438	2.306170	0.325456	0.110993	-0.376003	-0.651611	-0.917725	0.240234	83.103365	5.909700	113.439579
16620		-1.716249	11.576876	0.694308	0.434828	-0.023009	-0.333787	-0.651367	-0.922119	0.244141	83.349552	6.097627	113.400782
16621		-1.502676	11.655915	-0.573013	0.115850	-0.002304	-0.137497	-0.650879	-0.930664	0.241455	83.415337	6.171689	113.386965
16622		-1.170951	9.202501	1.539841	0.035343	0.008058	-0.083499	-0.648682	-0.918213	0.242432	83.436423	6.219362	113.383118
16623		-1.271379	10.157500	0.759416	0.112715	-0.006110	-0.063735	-0.654053	-0.917969	0.239258	83.500689	6.251208	113.372068
16624		-1.205387	10.025026	0.741887	0.033426	0.003596	-0.030989	-0.646240	-0.924805	0.251221	83.520766	6.268713	113.369149
16625		-1.247072	9.707485	1.085067	0.030811	-0.006679	-0.016695	-0.646973	-0.924805	0.240479	83.538400	6.273755	113.360861
16626		-1.196713	9.840703	0.938488	0.025597	-0.025207	-0.012865	-0.654785	-0.927246	0.249512	83.552338	6.279094	113.342628
16627		-1.154703	9.550141	1.154740	0.028092	-0.028095	-0.013876	-0.641602	-0.913330	0.237061	83.567091	6.281158	113.322259
16628		-1.090834	9.538641	1.171372	0.060796	-0.035430	-0.014643	-0.650391	-0.916260	0.251465	83.600543	6.286870	113.298054
16629		-1.084036	9.519272	1.128112	0.090517	-0.025041	-0.014443	-0.643555	-0.921875	0.252686	83.651247	6.289475	113.279400
16630		-1.113205	9.744268	0.989292	0.096865	-0.021401	-0.007354	-0.652588	-0.917725	0.249756	83.706280	6.291954	113.263694
16631		-1.129717	9.771858	0.929822	0.079300	-0.012376	-0.011786	-0.646484	-0.917480	0.245361	83.751371	6.293872	113.252469
16632		-1.107664	9.686284	0.975603	0.066713	-0.011161	-0.006616	-0.649658	-0.920654	0.255371	83.789786	6.296586	113.242673
16633		-1.133082	9.655572	1.030293	0.071204	-0.003115	-0.002879	-0.653809	-0.922607	0.250732	83.830880	6.294018	113.237311
16634		-1.068634	9.613958	1.027801	0.075757	0.011302	0.005516	-0.641357	-0.920654	0.259277	83.875975	6.291209	113.241135
16635		-1.115744	9.678019	0.974799	0.074623	0.024648	0.009806	-0.648682	-0.926514	0.248779	83.920857	6.283114	113.252459
16636		-1.129029	9.805875	0.910150	0.062739	0.034761	0.009471	-0.649902	-0.927246	0.245605	83.959993	6.279457	113.269957
16637		-1.082514	9.642917	0.956406	0.050808	0.039617	0.011836	-0.649170	-0.920898	0.249023	83.992177	6.271089	113.289973
16638		-1.104969	9.690428	0.936737	0.035826	0.055393	0.019958	-0.645020	-0.928955	0.250977	84.017260	6.262663	113.319919
16639		-1.057200	9.588814	1.016384	0.039127	0.070867	0.013823	-0.646240	-0.925537	0.255371	84.044711	6.255006	113.357961
16640		-1.032626	9.542506	1.026749	0.041170	0.086600	0.025308	-0.647949	-0.926758	0.250244	84.074837	6.245344	113.406101
16641		-1.045097	9.639438	0.948304	0.035181	0.118904	0.031350	-0.649902	-0.919434	0.256104	84.103117	6.230495	113.472713
16642		-1.090191	9.703193	0.898435	0.015925	0.148280	0.041662	-0.654541	-0.919434	0.259033	84.122699	6.215078	113.557164
16643		-1.048601	9.630277	0.962293	0.003509	0.166351	0.045973	-0.640869	-0.924805	0.240479	84.135826	6.194629	113.651826
16644		-1.085676	9.665199	0.932966	-0.021500	0.183997	0.044368	-0.650146	-0.917236	0.244141	84.136155	6.179714	113.756898
16645		-1.115609	9.671221	0.924002	-0.054790	0.192398	0.041351	-0.651855	-0.916748	0.249512	84.117400	6.163430	113.866214
16646		-1.112449	9.709969	0.890792	-0.092512	0.196436	0.033968	-0.652832	-0.916992	0.242432	84.077711	6.155238	113.977806
16647		-1.127217	9.727680	0.901417	-0.117763	0.186589	0.025321	-0.648682	-0.924805	0.245117	84.022380	6.147889	114.082852
16648		-1.160290	9.724246	0.955391	-0.146204	0.171242	0.013664	-0.652832	-0.914063	0.240967	83.950257	6.149962	114.178801
16649		-1.123184	9.649051	1.034244	-0.144498	0.145613	0.001494	-0.653564	-0.911133	0.243652	83.876938	6.153948	114.258928
16650		-1.155717	9.692767	0.997283	-0.132628	0.125883	-0.011661	-0.646729	-0.922119	0.239502	83.809669	6.167895	114.327327
16651		-1.149597	9.701798	0.987922	-0.120096	0.112993	-0.018706	-0.652588	-0.918457	0.239502	83.748217	6.181549	114.387499
16652		-1.168253	9.749258	1.016958	-0.120262	0.095573	-0.021668	-0.655762	-0.922607	0.234619	83.686138	6.199441	114.437883
16653		-1.140958	9.671920	1.059632	-0.105944	0.081009	-0.020077	-0.646973	-0.925293	0.240234	83.630833	6.211977	114.479621
16654		-1.152146	9.690672	1.104464	-0.089677	0.073120	-0.016819	-0.651611	-0.924805	0.238281	83.584949	6.225769	114.517430
16655		-1.121099	9.661867	1.052706	-0.076490	0.069213	-0.016157	-0.647461	-0.914307	0.234863	83.545831	6.235383	114.552647
16656		-1.117760	9.623290	1.129111	-0.042522	0.064413	-0.015737	-0.657471	-0.916016	0.244141	83.526446	6.248039	114.585526
16657		-1.134062	9.680512	1.096219	-0.019213	0.066938	-0.012308	-0.648438	-0.920898	0.232910	83.520043	6.255341	114.619685
16658		-1.134005	9.719652	1.059529	-0.016189	0.059290	-0.009131	-0.651123	-0.920654	0.247803	83.515484	6.263909	114.650056
16659		-1.112660	9.641770	1.058763	-0.004299	0.050812	-0.010763	-0.655518	-0.918213	0.235596	83.516637	6.269292	114.675080
16660		-1.115889	9.602232	1.095691	0.008834	0.045376	-0.007931	-0.646484	-0.915039	0.230713	83.525566	6.276268	114.697559
16661		-1.070706	9.569091	1.155963	0.024561	0.042320	-0.008759	-0.645508	-0.920654	0.234619	83.542743	6.279955	114.717851
16662		-1.093941	9.594886	1.067016	0.048535	0.035858	-0.017399	-0.655762	-0.920166	0.229248	83.573756	6.291685	114.734266
16663		-1.091017	9.588000	1.149142	0.057995	0.022870	-0.030062	-0.648193	-0.919678	0.230957	83.608723	6.306237	114.742051
16664		-1.068152	9.589533	1.065857	0.079566	0.020285	-0.043548	-0.646484	-0.920166	0.234375	83.656355	6.331837	114.747880
16665		-1.128507	9.673427	1.047613	0.082951	0.020956	-0.060491	-0.654541	-0.916260	0.227783	83.705297	6.363585	114.752661
16666		-1.172656	9.747554	0.973059	0.077358	0.010916	-0.074564	-0.644287	-0.920410	0.234619	83.750860	6.406243	114.751203
16667		-1.194155	9.804841	0.931565	0.045190	0.011282	-0.071690	-0.649658	-0.926758	0.232422	83.777479	6.443761	114.749784
16668		-1.147702	9.712136	0.992311	0.024355	0.006381	-0.072445	-0.646240	-0.927002	0.228271	83.792410	6.484928	114.745898
16669		-1.171211	9.729644	0.993048	0.009894	-0.000718	-0.080147	-0.644287	-0.921143	0.233643	83.797966	6.526520	114.737093
16670		-1.127248	9.597429	1.094046	0.014956	-0.009107	-0.087302	-0.636475	-0.914307	0.243164	83.806393	6.575186	114.723411
16671		-1.144944	9.555621	1.094863	0.056726	-0.008841	-0.099397	-0.649414	-0.912109	0.235596	83.838097	6.627247	114.708772
16672		-1.151425	9.633712	1.012542	0.082019	-0.010712	-0.105744	-0.648926	-0.922363	0.232910	83.884678	6.686324	114.693072
16673		-1.226101	9.706046	1.013465	0.100942	-0.012503	-0.106698	-0.644287	-0.929932	0.238281	83.941399	6.742346	114.675965
16674		-1.209682	9.737397	0.942589	0.114804	-0.010136	-0.103615	-0.646729	-0.924561	0.244873	84.006798	6.800267	114.660830
16675		-1.259390	9.771398	0.902937	0.106684	-0.008435	-0.106885	-0.635498	-0.925049	0.239014	84.067065	6.856674	114.646164
16676		-1.222894	9.708217	0.939442	0.107983	-0.010210	-0.109252	-0.641846	-0.921387	0.239502	84.128502	6.917831	114.630767
16677		-1.249689	9.726033	0.930822	0.120006	-0.009279	-0.110548	-0.649170	-0.927979	0.237305	84.196302	6.976308	114.615522
16678		-1.275093	9.752141	0.867591	0.120085	-0.002026	-0.111800	-0.643555	-0.924805	0.244385	84.265215	7.039418	114.604807
16679		-1.246610	9.717758	0.885137	0.118913	-0.009423	-0.119390	-0.639648	-0.925049	0.244385	84.332300	7.102964	114.589108
16680		-1.306527	9.709967	0.848810	0.125294	-0.013282	-0.124278	-0.629883	-0.925537	0.239746	84.403307	7.172574	114.571358
16681		-1.262947	9.688368	0.879093	0.132316	-0.013001	-0.128325	-0.637207	-0.926025	0.251953	84.477734	7.241054	114.553257
16682		-1.275967	9.718664	0.881846	0.136843	-0.014111	-0.134509	-0.639404	-0.927734	0.240723	84.555209	7.316493	114.534633
16683		-1.312845	9.733655	0.837326	0.135717	-0.017908	-0.142719	-0.633057	-0.925293	0.247314	84.631099	7.392967	114.513104
16684		-1.310601	9.714880	0.822052	0.139014	-0.023692	-0.151213	-0.636475	-0.929443	0.253662	84.708965	7.477466	114.488259
16685		-1.334456	9.703607	0.828701	0.149981	-0.029233	-0.165950	-0.637207	-0.934082	0.245361	84.791978	7.566659	114.459188
16686		-1.333636	9.723218	0.773846	0.150202	-0.033300	-0.178664	-0.638428	-0.931885	0.250488	84.875286	7.666388	114.427604
16687		-1.335803	9.665478	0.795309	0.169413	-0.037551	-0.194544	-0.638428	-0.928223	0.246826	84.968528	7.771565	114.392535
16688		-1.356194	9.656642	0.832432	0.191083	-0.036183	-0.205278	-0.635010	-0.928223	0.253662	85.074779	7.886434	114.358258
16689		-1.375608	9.693815	0.775041	0.204546	-0.036215	-0.214940	-0.639648	-0.932373	0.260010	85.188033	8.003446	114.323327
16690		-1.445611	9.714805	0.746123	0.214257	-0.038090	-0.225962	-0.625732	-0.930664	0.258789	85.307183	8.130157	114.287381
16691		-1.418967	9.690696	0.734840	0.218328	-0.039066	-0.239633	-0.623291	-0.933350	0.250977	85.427849	8.261281	114.250117
16692		-1.473691	9.662229	0.687367	0.231804	-0.040716	-0.247226	-0.626465	-0.934082	0.250000	85.556601	8.400162	114.212196
16693		-1.522925	9.705637	0.648544	0.241709	-0.056471	-0.261636	-0.622070	-0.933838	0.256104	85.688945	8.543257	114.164471
16694		-1.247220	9.992801	0.602364	0.251189	-0.042302	-0.307736	-0.628418	-0.928711	0.260010	85.828174	8.716814	114.123649
16695		-1.208393	9.929394	0.548711	0.264281	0.031236	-0.429467	-0.619873	-0.935547	0.260742	85.979977	8.959643	114.120364
16696		-1.387644	9.820515	0.646092	0.334159	0.074099	-0.557699	-0.617920	-0.947021	0.260498	86.175665	9.280816	114.137916
16697		-1.470992	9.994203	0.630443	0.381002	0.102914	-0.644164	-0.619141	-0.937500	0.269775	86.400084	9.649074	114.169748
16698		-1.433318	10.133371	0.534424	0.346064	0.144329	-0.764731	-0.610107	-0.936768	0.264160	86.608969	10.090924	114.223169
16699		-1.536939	10.269285	0.590906	0.325967	0.162058	-0.897508	-0.606201	-0.949951	0.265625	86.807503	10.605804	114.283751
16700		-1.641504	10.416694	0.661760	0.291069	0.170179	-1.020684	-0.599365	-0.952637	0.274170	86.987760	11.194463	114.347396
16701		-1.711287	10.382173	0.553062	0.249012	0.163791	-1.154829	-0.591553	-0.952637	0.269531	87.142791	11.856253	114.404800
16702		-1.821084	10.412384	0.584959	0.248995	0.153885	-1.296117	-0.582520	-0.959229	0.278564	87.297476	12.601662	114.454751
16703		-1.945528	10.371725	0.554043	0.269594	0.132410	-1.428648	-0.585449	-0.957764	0.275635	87.460857	13.419034	114.490403
16704		-2.060919	10.503478	0.473277	0.295236	0.104639	-1.565810	-0.566895	-0.963135	0.276123	87.635951	14.317255	114.509228
16705		-2.162103	10.552345	0.448472	0.323230	0.065347	-1.706927	-0.554199	-0.971191	0.279053	87.820717	15.292195	114.504059
16706		-2.204486	10.337931	0.518777	0.357960	0.039915	-1.874460	-0.538574	-0.976074	0.285889	88.021731	16.365575	114.483931
16707		-2.406546	10.331453	0.525977	0.403193	0.019673	-2.045828	-0.531494	-0.977783	0.285645	88.244314	17.533745	114.451950
16708		-2.541423	10.153071	0.418590	0.430679	-0.000962	-2.217453	-0.522705	-0.984863	0.290283	88.479268	18.802912	114.409682
16709		-2.773605	10.219064	0.352161	0.445703	-0.048220	-2.341962	-0.500732	-0.993408	0.297119	88.712836	20.139959	114.341593
16710		-2.892609	9.897749	0.389681	0.437816	-0.085558	-2.476176	-0.487061	-1.000000	0.298584	88.934002	21.556511	114.254431
16711		-3.058792	9.681958	0.417230	0.422340	-0.096341	-2.656946	-0.468994	-0.999023	0.304199	89.142210	23.073998	114.163120
16712		-3.244716	9.811094	0.481616	0.447796	-0.118576	-2.810047	-0.449219	-1.017578	0.310547	89.359190	24.682032	114.062147
16713		-3.606566	9.323517	0.558384	0.448679	-0.112797	-3.002828	-0.436523	-1.010986	0.314697	89.576859	26.398190	113.968660
16714		-3.905547	9.701932	0.660293	0.432562	-0.080456	-3.223300	-0.412354	-1.018066	0.313232	89.795120	28.243648	113.901571
16715		-4.178652	9.769552	0.762768	0.440574	-0.028868	-3.437286	-0.385986	-1.017334	0.313477	90.035458	30.209409	113.874946
16716		-4.629677	9.975213	0.770923	0.454152	0.028128	-3.652760	-0.355469	-1.028320	0.317871	90.308290	32.301037	113.897097
16717		-5.428978	10.621893	0.906418	0.434979	0.107559	-3.836713	-0.335205	-1.032471	0.323975	90.608141	34.495152	113.987389
16718		-6.727695	11.478234	0.849765	0.395597	0.190506	-3.943093	-0.304199	-1.036133	0.333496	90.933266	36.751381	114.154659
16719		-7.778589	13.376736	0.765156	0.224620	0.289996	-3.950255	-0.277100	-1.027832	0.331055	91.222233	39.007635	114.414162
16720		-8.246265	12.685547	0.799851	0.086543	0.423339	-3.846034	-0.252686	-1.023193	0.326416	91.518273	41.203321	114.795270
16721		-7.197580	12.803954	1.061785	-0.104812	0.555280	-3.812313	-0.231445	-1.030518	0.330811	91.802425	43.373984	115.305422
16722		-6.675478	12.732409	1.690215	-0.469606	0.658864	-3.813670	-0.200928	-1.031006	0.336914	91.971278	45.543653	115.929452
16723		-6.259406	12.222963	1.300540	-0.757029	0.802748	-3.738671	-0.179932	-1.020752	0.332520	92.100922	47.664608	116.703520
16724		-6.489430	9.990930	0.308744	-0.723544	0.984646	-3.675890	-0.167480	-1.020508	0.325928	92.418826	49.744566	117.677408
16725		-6.375453	10.278243	0.503280	-0.613009	1.135634	-3.620168	-0.146973	-1.012695	0.317871	92.979197	51.782476	118.853069
16726		-5.840359	10.875047	0.722681	-0.650371	1.264556	-3.570889	-0.120117	-1.013428	0.323486	93.711275	53.780078	120.239291
16727		-5.232708	11.432008	0.842857	-0.872961	1.445200	-3.549863	-0.095703	-0.997314	0.321533	94.583784	55.745625	121.918610
16728		-5.122236	11.472052	0.588938	-1.190820	1.637389	-3.530268	-0.076416	-1.003906	0.318359	95.591755	57.674099	123.939684
16729		-4.769342	9.504128	0.241817	-1.523682	1.783569	-3.425184	-0.057129	-0.988037	0.318359	96.721849	59.512801	126.285329
16730		-4.704566	8.217987	0.308643	-1.802703	1.907678	-3.101470	-0.039551	-0.980225	0.304932	97.982565	61.131814	128.924272
16731		-4.434163	7.944089	0.363149	-2.104552	2.008688	-2.678766	-0.025879	-0.973389	0.300293	99.322805	62.473375	131.811960
16732		-2.752831	7.980870	-0.480035	-2.376400	2.131290	-2.253465	-0.010986	-0.970947	0.292236	100.753358	63.528037	134.944855
16733		7.663235	11.188206	-0.858196	-2.482864	2.193255	-1.507397	0.000732	-0.960693	0.285645	102.177872	64.122079	138.116179
16734		-0.457825	15.638113	0.141691	-2.437288	2.481508	-0.071480	-0.010986	-0.960938	0.271729	103.628045	63.839325	141.283274
16735		-2.299638	15.289335	0.793865	-2.384748	2.229985	1.408744	-0.026611	-0.979980	0.265381	104.330380	62.744644	143.597970
16736		-0.428122	9.108789	0.898439	-1.894557	2.020062	2.189420	-0.040283	-0.978760	0.266602	104.746662	61.233235	145.298776
16737		-0.570390	6.135916	1.259457	-1.313212	1.624303	2.597827	-0.053467	-0.980713	0.270264	104.900214	59.553640	146.339721
16738		-0.965387	5.849439	1.676542	-0.877894	1.152962	2.788775	-0.079834	-0.982178	0.258301	104.762777	57.832822	146.767817
16739		-1.057131	6.213496	1.949029	-0.635491	0.725437	2.804821	-0.093750	-0.984375	0.265625	104.389138	56.170346	146.755429
16740		-0.751895	6.441252	2.086718	-0.537365	0.354447	2.742566	-0.105713	-0.991211	0.265381	103.800958	54.589159	146.415561
16741		-0.464495	6.803426	2.010992	-0.525134	0.035650	2.703511	-0.136475	-0.996826	0.263184	103.030282	53.075028	145.832598
16742		-0.209359	7.497574	1.761706	-0.574588	-0.262747	2.713761	-0.150391	-0.997070	0.261475	102.062588	51.581543	145.027157
16743		-0.094506	8.232273	1.468388	-0.683514	-0.518100	2.755945	-0.164551	-1.008301	0.264404	100.922939	50.090468	144.061372
16744		-0.109320	8.777699	1.118500	-0.819688	-0.753914	2.840461	-0.193848	-0.999512	0.257813	99.611249	48.556565	142.952716
16745		-0.143833	9.132556	0.714736	-0.946765	-0.982247	2.948362	-0.204102	-1.004150	0.255127	98.164891	46.971449	141.730860
16746		-0.213747	9.480063	0.351716	-1.033133	-1.194431	3.085729	-0.224854	-1.005615	0.250732	96.621247	45.295508	140.412769
16747		-0.312295	9.824526	0.101982	-1.083248	-1.377840	3.234078	-0.256104	-1.012207	0.239990	95.043372	43.529013	139.043975
16748		-0.574420	10.149594	-0.226898	-1.088217	-1.519277	3.380897	-0.283203	-1.013184	0.241211	93.481887	41.650008	137.660076
16749		-0.788256	10.468856	-0.460619	-1.025570	-1.655325	3.537154	-0.303223	-1.013672	0.237305	91.994749	39.667445	136.278482
16750		-0.818530	10.970000	-0.570647	-0.925650	-1.755985	3.695390	-0.331055	-1.010254	0.225342	90.616239	37.560498	134.921487
16751		-0.950263	11.598200	-0.652613	-0.831858	-1.805331	3.864331	-0.350830	-1.005859	0.228271	89.373611	35.342577	133.631129
16752		-1.164391	12.198621	-0.637072	-0.768204	-1.808272	4.016749	-0.386719	-1.000244	0.218994	88.257654	33.006068	132.429783
16753		-1.385927	12.712717	-0.503057	-0.750758	-1.742489	4.142923	-0.421387	-0.992920	0.220703	87.264934	30.591314	131.360880
16754		-2.010320	12.901619	-0.547214	-0.738857	-1.644211	4.216534	-0.456543	-0.998779	0.224365	86.384379	28.111910	130.429373
16755		-2.197024	13.024530	-0.258682	-0.687290	-1.545050	4.241802	-0.486816	-0.981689	0.226807	85.627935	25.621860	129.625282
16756		-2.554726	13.256459	0.050746	-0.606075	-1.426444	4.220590	-0.523438	-0.964355	0.222168	84.998736	23.129291	128.942724
16757		-2.815657	13.401448	0.478464	-0.502615	-1.337104	4.201026	-0.557373	-0.952393	0.229736	84.492184	20.658256	128.354447
16758		-3.396815	13.646809	0.693403	-0.362759	-1.299893	4.183228	-0.587158	-0.932861	0.234131	84.105479	18.183266	127.816355
16759		-3.472220	13.856285	1.294079	-0.157557	-1.324507	4.155434	-0.614990	-0.904541	0.229492	83.860990	15.731925	127.284748
16760		-3.681556	14.395261	1.848273	0.043547	-1.346346	4.134123	-0.643311	-0.883301	0.236328	83.752826	13.277676	126.752106
16761		-3.902742	15.015603	2.372735	0.188657	-1.390468	4.127150	-0.668701	-0.859375	0.242188	83.746915	10.836278	126.202139
16762		-4.137954	15.711877	2.893532	0.272895	-1.433681	4.135999	-0.697754	-0.821777	0.243652	83.808235	8.375350	125.630173
16763		-4.350254	16.117800	3.276273	0.300772	-1.476819	4.188259	-0.718506	-0.802979	0.253662	83.907870	5.894864	125.037701
16764		-4.638469	16.282789	3.584926	0.287872	-1.526987	4.232882	-0.733398	-0.772705	0.257324	84.023017	3.375257	124.416447
16765		-5.127234	16.397395	3.865444	0.254633	-1.573561	4.269050	-0.754883	-0.734863	0.255859	84.145936	0.845353	123.767969
16766		-5.822797	16.316140	4.086109	0.206019	-1.627333	4.261850	-0.767822	-0.719238	0.276611	84.269390	-1.693379	123.082699
16767		-6.660880	15.927093	4.206395	0.148798	-1.685421	4.241947	-0.785645	-0.682861	0.283936	84.392907	-4.211355	122.357506
16768		-7.439473	15.620775	4.011654	0.043565	-1.757473	4.166633	-0.792725	-0.651611	0.286377	84.492103	-6.699241	121.579003
16769		-8.205829	14.946704	3.694346	-0.121973	-1.798193	4.020974	-0.795166	-0.621338	0.302246	84.535290	-9.095054	120.762590
16770		-8.957969	13.917052	3.396196	-0.270334	-1.779337	3.809999	-0.799561	-0.592529	0.310059	84.526915	-11.378176	119.938874
16771		-10.029826	12.989133	2.949005	-0.405764	-1.701526	3.551159	-0.804932	-0.566650	0.319580	84.467082	-13.500962	119.141485
16772		-11.074335	11.626372	2.431207	-0.540077	-1.591389	3.279477	-0.812988	-0.549561	0.330078	84.345799	-15.471130	118.389629
16773		-11.732249	9.983874	2.003932	-0.670377	-1.425172	2.957331	-0.812744	-0.531982	0.326172	84.152192	-17.242860	117.716334
16774		-12.643373	8.250193	1.301591	-0.763730	-1.215347	2.561446	-0.803955	-0.511475	0.338135	83.891331	-18.784313	117.145165
16775		-13.199786	6.503481	0.763010	-0.769365	-1.002247	2.123317	-0.798828	-0.497314	0.349609	83.607145	-20.060199	116.676778
16776		-13.494581	5.220301	0.397359	-0.659266	-0.770062	1.669570	-0.801514	-0.487549	0.346680	83.354546	-21.068023	116.321054
16777		-13.826491	4.437807	0.183095	-0.524407	-0.555219	1.205401	-0.796143	-0.480957	0.355957	83.148425	-21.795313	116.065277
16778		-13.867439	3.892880	0.066660	-0.386425	-0.400280	0.727732	-0.791016	-0.475586	0.353271	83.000337	-22.242267	115.870505
16779		-13.579782	3.805326	0.246321	-0.240246	-0.289109	0.256985	-0.782715	-0.470215	0.356201	82.925042	-22.412759	115.708697
16780		-12.903704	4.245844	0.457811	-0.107675	-0.236094	-0.183292	-0.785645	-0.460693	0.367676	82.925578	-22.328717	115.546218
16781		-11.803369	5.129620	0.762941	-0.006223	-0.235321	-0.566243	-0.779541	-0.462158	0.369873	82.995007	-22.027319	115.355194
16782		-10.727200	4.432995	-0.032531	0.072077	-0.262289	-0.884100	-0.773193	-0.457764	0.364258	83.122015	-21.544452	115.125389
16783		-0.992502	7.604999	2.519485	1.075488	-0.134913	-2.608234	-0.773438	-0.467285	0.369629	83.834118	-20.072535	114.858067
16784		4.174496	7.632537	-1.537393	1.287024	-0.173566	-2.503596	-0.762695	-0.470947	0.371826	84.658297	-18.656103	114.597566
16785		4.416939	11.389574	-0.092296	0.705959	-0.494919	-2.411770	-0.762939	-0.473877	0.376709	85.196153	-17.308691	114.168522
16786		1.861766	6.852528	-0.478333	0.364431	-0.787450	-2.853634	-0.752930	-0.479004	0.380615	85.578732	-15.716221	113.559014
16787		0.187328	10.466781	-0.435857	-0.153856	-0.953312	-3.277596	-0.750000	-0.492432	0.388916	85.674167	-13.889300	112.843984
16788		-0.896264	13.611124	-0.991636	-0.672330	-1.014893	-3.341772	-0.743896	-0.492676	0.395508	85.457699	-12.026162	112.093894
16789		0.407573	13.624403	-2.605134	-0.919955	-0.966002	-3.021053	-0.730957	-0.503906	0.403564	85.069516	-10.350751	111.382407
16790		2.426632	10.288024	-4.538394	-0.749337	-0.611615	-2.829288	-0.722412	-0.510254	0.395508	84.724611	-8.767920	110.878953
16791		2.320919	10.481089	-5.145553	-0.454874	0.001417	-2.964174	-0.721191	-0.523193	0.399658	84.487444	-7.080986	110.715119
16792		0.775338	12.752230	-2.613936	-0.505997	0.531486	-3.078756	-0.719971	-0.526367	0.392090	84.185406	-5.296428	110.841490
16793		-1.322865	15.490955	2.272750	-0.648999	0.919472	-3.041697	-0.718018	-0.538086	0.398926	83.788379	-3.512068	111.180442
16794		-2.824700	13.065832	3.559476	-0.648500	0.806268	-2.866211	-0.707520	-0.548340	0.385986	83.405791	-1.829415	111.453439
16795		-2.588583	12.348098	4.072177	-0.391829	0.543482	-2.593967	-0.714600	-0.551758	0.389893	83.179679	-0.321030	111.585791
16796		-1.781119	12.522113	2.843888	-0.241121	0.495196	-2.430839	-0.704346	-0.552979	0.378662	83.043699	1.095121	111.697294
16797		-1.693575	12.945008	2.232837	-0.072678	0.582478	-2.204755	-0.699463	-0.558594	0.380371	83.008246	2.385469	111.871934
16798		-2.719345	13.047948	2.684767	0.049583	0.588758	-1.864312	-0.704590	-0.566406	0.376709	83.048321	3.486157	112.074274
16799		-3.225568	12.056113	3.131729	0.246334	0.505889	-1.469503	-0.703857	-0.566650	0.386719	83.202933	4.352705	112.258366
16800		-3.168420	11.713697	2.203290	0.644705	0.350789	-0.999115	-0.701904	-0.564453	0.375244	83.584090	4.944109	112.389462
16801		-1.180258	11.505588	-0.012710	0.624511	0.267547	-0.707124	-0.697998	-0.572510	0.389404	83.952266	5.359489	112.494921
16802		-1.876395	12.723772	0.060900	0.353714	0.244277	-0.495654	-0.700439	-0.575684	0.373535	84.166381	5.656122	112.602063
16803		-1.584835	10.559562	0.932224	0.203868	0.206194	-0.260563	-0.698242	-0.568604	0.376953	84.294029	5.812544	112.701688
16804		-1.421255	10.662124	0.663817	0.125132	0.121084	-0.196560	-0.694336	-0.573486	0.383301	84.372602	5.931107	112.756710
16805		-1.279667	10.379322	0.403531	0.025871	0.084534	-0.143136	-0.703125	-0.575439	0.376953	84.392156	6.013484	112.793668
16806		-1.232575	10.055949	0.730145	-0.024660	0.077043	-0.105338	-0.701416	-0.568604	0.382080	84.383014	6.077418	112.828703
16807		-1.125130	9.666090	0.960592	-0.005835	0.064492	-0.078413	-0.702881	-0.562012	0.384766	84.383651	6.121765	112.857827
16808		-1.154764	9.851197	0.899184	0.006064	0.053576	-0.059050	-0.699951	-0.570313	0.378906	84.391012	6.157884	112.882012
16809		-1.159220	9.866863	0.789189	0.024837	0.030422	-0.039818	-0.699463	-0.577637	0.380859	84.407393	6.178310	112.893783
16810		-1.173512	9.701067	0.959638	0.042376	0.006702	-0.032973	-0.700439	-0.570557	0.384033	84.432842	6.196827	112.892556
16811		-1.133693	9.830401	0.776685	0.035368	-0.006849	-0.028693	-0.708252	-0.569336	0.378906	84.453023	6.208832	112.883584
16812		-1.171648	9.641770	0.955159	0.030890	-0.024446	-0.032769	-0.697998	-0.559814	0.383301	84.469950	6.225408	112.864504
16813		-1.156094	9.809601	0.810965	0.050377	-0.040482	-0.030135	-0.696533	-0.571045	0.380859	84.496624	6.236389	112.836166
16814		-1.150170	9.789185	0.770731	0.045278	-0.051017	-0.023650	-0.695313	-0.571289	0.385498	84.520174	6.246225	112.802347
16815		-1.192828	9.815157	0.792496	0.044687	-0.042014	-0.024750	-0.703857	-0.571777	0.389160	84.543516	6.254075	112.773433
16816		-1.162092	9.887260	0.721662	0.055372	-0.060088	-0.035601	-0.701416	-0.564453	0.387451	84.572199	6.270170	112.733753
16817		-1.133779	9.773563	0.789282	0.045274	-0.065057	-0.040323	-0.696533	-0.566895	0.389160	84.594325	6.285683	112.690775
16818		-1.081150	9.675148	0.903308	0.057905	-0.063610	-0.040317	-0.704102	-0.568115	0.381836	84.624188	6.304219	112.648822
16819		-1.124789	9.747593	0.831429	0.059183	-0.061689	-0.043272	-0.703369	-0.571045	0.391113	84.654454	6.321636	112.607630
16820		-1.169147	9.750382	0.782708	0.056027	-0.065146	-0.044689	-0.704102	-0.567871	0.386719	84.683079	6.342535	112.564567
16821		-1.165339	9.760481	0.757683	0.051610	-0.070781	-0.056368	-0.700684	-0.572754	0.390137	84.708322	6.366982	112.517473
16822		-1.153999	9.842372	0.744539	0.025098	-0.079039	-0.062369	-0.693848	-0.563232	0.388184	84.718195	6.397184	112.465498
16823		-1.103638	9.751488	0.807669	0.018778	-0.088327	-0.079930	-0.702881	-0.568848	0.389404	84.723313	6.434169	112.407086
16824		-1.095066	9.624609	0.865784	0.023207	-0.084181	-0.088885	-0.705811	-0.571533	0.382324	84.731540	6.479155	112.350747
16825		-1.102648	9.623915	0.863876	0.033963	-0.069215	-0.082449	-0.701904	-0.568604	0.394043	84.746501	6.518600	112.303179
16826		-1.134438	9.669673	0.845228	0.047230	-0.054037	-0.081302	-0.701172	-0.569336	0.385254	84.770415	6.560783	112.264559
16827		-1.182858	9.741070	0.774446	0.045975	-0.052924	-0.082670	-0.704834	-0.572266	0.384277	84.793264	6.601238	112.226357
16828		-1.207266	9.727424	0.758435	0.033346	-0.054123	-0.092188	-0.687988	-0.572021	0.385010	84.809090	6.649580	112.187136
16829		-1.183294	9.713878	0.819983	0.035239	-0.054471	-0.098955	-0.698242	-0.568359	0.393311	84.825526	6.699272	112.147215
16830		-1.199935	9.633341	0.860979	0.039035	-0.048407	-0.094607	-0.699707	-0.574219	0.391602	84.844910	6.749240	112.111168
16831		-1.216700	9.660804	0.839618	0.040296	-0.037287	-0.087706	-0.697510	-0.576172	0.395508	84.865413	6.793421	112.081729
16832		-1.191725	9.655191	0.846263	0.039663	-0.024296	-0.076202	-0.699707	-0.570068	0.395996	84.886848	6.834078	112.060509
16833		-1.231675	9.698036	0.793723	0.040913	-0.013155	-0.069292	-0.707031	-0.571289	0.391846	84.909435	6.869002	112.045914
16834		-1.221896	9.710511	0.803071	0.031441	-0.009087	-0.066324	-0.701172	-0.571533	0.387207	84.927237	6.904743	112.033963
16835		-1.244255	9.696918	0.787741	0.024507	-0.007296	-0.060665	-0.700195	-0.574219	0.393799	84.940867	6.935049	112.023197
16836		-1.216740	9.653120	0.834215	0.027029	-0.003739	-0.057043	-0.694824	-0.574219	0.390625	84.956555	6.965707	112.014804
16837		-1.197226	9.606648	0.846851	0.032683	0.004820	-0.054191	-0.692383	-0.570068	0.390869	84.975747	6.992933	112.011348
16838		-1.251444	9.629008	0.835754	0.038974	0.011734	-0.051441	-0.698730	-0.576904	0.399902	84.999382	7.021111	112.012149
16839		-1.215870	9.634166	0.821207	0.039562	0.021771	-0.049671	-0.698486	-0.571045	0.398438	85.023737	7.046605	112.018690
16840		-1.245018	9.641546	0.840220	0.041412	0.032827	-0.045015	-0.688477	-0.574951	0.390869	85.050296	7.072103	112.031962
16841		-1.266761	9.697521	0.799594	0.040175	0.028101	-0.047307	-0.699951	-0.574219	0.394287	85.075473	7.096553	112.042286
16842		-1.262875	9.638156	0.798200	0.041416	0.032176	-0.048732	-0.698730	-0.574219	0.388184	85.101974	7.124076	112.055019
16843		-1.285100	9.693999	0.757512	0.040170	0.028981	-0.053177	-0.707031	-0.568848	0.395752	85.127188	7.151911	112.065583
16844		-1.306598	9.680450	0.740772	0.035765	0.027259	-0.052214	-0.698975	-0.579590	0.403076	85.150088	7.181121	112.075337
16845		-1.279548	9.706359	0.762445	0.033880	0.026334	-0.052863	-0.693604	-0.566406	0.391602	85.171523	7.208641	112.084417
16846		-1.284726	9.674892	0.743819	0.031416	0.016890	-0.057429	-0.693604	-0.572021	0.389893	85.191160	7.240275	112.087970
16847		-1.273468	9.649326	0.792390	0.026315	0.024821	-0.053897	-0.696289	-0.574219	0.402588	85.208156	7.268307	112.096149
16848		-1.254950	9.672261	0.781431	0.028210	0.025089	-0.056966	-0.690186	-0.572754	0.393799	85.226560	7.300020	112.104459
16849		-1.275936	9.620362	0.804269	0.035108	0.032531	-0.052782	-0.694336	-0.574219	0.400146	85.249177	7.327776	112.117151
16850		-1.281609	9.658230	0.761577	0.032528	0.040359	-0.045014	-0.691406	-0.575195	0.391357	85.271257	7.353336	112.134843
16851		-1.310431	9.665498	0.781289	0.026124	0.052208	-0.037602	-0.698730	-0.574219	0.395996	85.290285	7.373342	112.159608
16852		-1.280900	9.629719	0.773091	0.027939	0.062382	-0.027113	-0.700195	-0.573486	0.393555	85.311484	7.389658	112.190843
16853		-1.316190	9.634149	0.759513	0.020847	0.080188	-0.016538	-0.696777	-0.575928	0.396729	85.329705	7.398927	112.232728
16854		-1.302057	9.647396	0.769080	0.022067	0.085518	-0.010583	-0.696533	-0.560059	0.385254	85.349367	7.406820	112.278072
16855		-1.328556	9.693213	0.750004	0.018876	0.089138	-0.003659	-0.696777	-0.572510	0.391602	85.367212	7.409121	112.325721
16856		-1.370761	9.725769	0.718425	0.016428	0.080323	-0.004518	-0.693115	-0.569336	0.389893	85.383299	7.413245	112.368357
16857		-1.339588	9.759469	0.687510	0.009547	0.071966	-0.002867	-0.696533	-0.572998	0.395996	85.394532	7.414278	112.406155
16858		-1.315267	9.713733	0.701893	0.005161	0.068087	-0.003447	-0.693848	-0.578369	0.389648	85.403267	7.417178	112.441794
16859		-1.324657	9.741674	0.682264	0.003327	0.061325	-0.005011	-0.704834	-0.578613	0.388672	85.410135	7.418935	112.473364
16860		-1.341771	9.721216	0.722759	-0.002327	0.058576	-0.006947	-0.699707	-0.568604	0.392578	85.413858	7.423356	112.503362
16861		-1.310302	9.723692	0.678623	-0.001586	0.046777	-0.011026	-0.697266	-0.579102	0.387939	85.416796	7.427878	112.526276
16862		-1.320150	9.713289	0.698867	-0.001497	0.039664	-0.019337	-0.696289	-0.572998	0.396240	85.419520	7.438475	112.544809
16863		-1.329903	9.671779	0.703826	0.003586	0.037567	-0.021929	-0.699707	-0.565186	0.391846	85.424677	7.448799	112.561918
16864		-1.300832	9.698032	0.728442	0.008116	0.030004	-0.032737	-0.696533	-0.574463	0.391113	85.432115	7.466575	112.574270
16865		-1.337194	9.702124	0.716007	0.022693	0.029042	-0.041037	-0.702881	-0.574219	0.393555	85.447477	7.487419	112.585595
16866		-1.325337	9.683919	0.711027	0.026610	0.020956	-0.053295	-0.701904	-0.572266	0.388672	85.464718	7.516491	112.591800
16867		-1.356189	9.729032	0.691867	0.030509	0.013504	-0.061855	-0.696533	-0.572021	0.384033	85.483273	7.548517	112.593237
16868		-1.362139	9.697261	0.673691	0.029939	0.013206	-0.072878	-0.695313	-0.572754	0.386230	85.501725	7.588394	112.594105
16869		-1.321602	9.705350	0.693822	0.035867	-0.002617	-0.090640	-0.700439	-0.573242	0.390869	85.521951	7.636138	112.584971
16870		-1.346250	9.652928	0.715910	0.051043	0.002109	-0.100311	-0.700684	-0.574463	0.395752	85.551484	7.691164	112.578238
16871		-1.332658	9.675501	0.702078	0.071991	0.000937	-0.114203	-0.698486	-0.573975	0.393066	85.592532	7.752535	112.570149
16872		-1.393600	9.703255	0.631904	0.084665	0.007218	-0.130333	-0.693604	-0.576660	0.404297	85.641541	7.824919	112.565107
16873		-1.333779	9.703689	0.623643	0.094275	0.004812	-0.145053	-0.697998	-0.569580	0.390137	85.695471	7.904096	112.558007
16874		-1.406023	9.713818	0.626476	0.098828	0.003815	-0.160905	-0.698975	-0.581299	0.398193	85.752148	7.993786	112.549814
16875		-1.432559	9.770867	0.613354	0.095935	-0.003728	-0.184583	-0.696533	-0.578613	0.388428	85.806103	8.095204	112.536254
16876		-1.419099	9.764638	0.614613	0.098169	-0.014914	-0.208701	-0.694824	-0.572510	0.397461	85.860582	8.211420	112.515405
16877		-1.374279	9.723126	0.611354	0.104126	-0.019132	-0.234387	-0.693359	-0.578125	0.398682	85.917626	8.340693	112.491071
16878		-1.243032	9.908027	0.580108	0.114187	0.007964	-0.285455	-0.692139	-0.577393	0.385742	85.982696	8.501717	112.480523
16879		-1.361264	10.011245	0.416232	0.113609	0.050366	-0.392483	-0.688965	-0.578857	0.380615	86.050134	8.724174	112.490269
16880		-1.461451	9.972220	0.510190	0.109250	0.054510	-0.478986	-0.691895	-0.580811	0.390625	86.115331	8.997628	112.499346
16881		-1.399775	10.103767	0.580926	0.111043	0.078629	-0.582740	-0.699951	-0.587891	0.393311	86.182903	9.329913	112.518579
16882		-1.434343	10.277287	0.470127	0.088516	0.106087	-0.719365	-0.681885	-0.582275	0.389648	86.239863	9.742688	112.548968
16883		-1.515318	10.492181	0.631184	0.042069	0.115697	-0.858430	-0.680176	-0.594727	0.391602	86.270220	10.233945	112.579915
16884		-1.630101	10.501037	0.576259	-0.025930	0.112993	-0.985228	-0.681641	-0.585693	0.389648	86.261106	10.798904	112.604722
16885		-1.771692	10.564277	0.523919	-0.084977	0.087936	-1.121355	-0.679688	-0.595459	0.389893	86.214202	11.439447	112.609381
16886		-1.820312	10.596747	0.476100	-0.157619	0.054653	-1.258600	-0.682373	-0.601563	0.386963	86.120852	12.158446	112.588553
16887		-1.942906	10.693327	0.564854	-0.213454	0.019175	-1.406491	-0.668457	-0.609619	0.386230	85.988740	12.959273	112.539360
16888		-1.992012	10.632314	0.640765	-0.249047	-0.020809	-1.564855	-0.665771	-0.624512	0.391846	85.828379	13.850056	112.457872
16889		-2.070255	10.425353	0.810804	-0.243561	-0.046064	-1.719059	-0.659912	-0.632568	0.380127	85.663410	14.826435	112.351671
16890		-2.188402	10.319150	0.794050	-0.215396	-0.065129	-1.878101	-0.645264	-0.645752	0.386719	85.507310	15.893680	112.223690
16891		-2.370147	10.201813	0.928528	-0.189194	-0.102236	-2.042059	-0.637695	-0.647705	0.391357	85.353931	17.051392	112.061964
16892		-2.532528	10.058025	0.914454	-0.155176	-0.134644	-2.184567	-0.643555	-0.647949	0.381348	85.207849	18.289616	111.869687
16893		-2.722568	9.957740	0.947070	-0.086917	-0.191726	-2.307858	-0.623047	-0.670654	0.392334	85.081765	19.593947	111.631976
16894		-2.848233	9.619045	0.921979	-0.066442	-0.206319	-2.466136	-0.609619	-0.680420	0.383301	84.954723	20.988400	111.372057
16895		-3.059674	9.596473	0.884617	-0.036825	-0.240203	-2.575838	-0.603760	-0.677734	0.380859	84.826189	22.442179	111.079319
16896		-3.118526	9.731620	0.895465	-0.012657	-0.288005	-2.656821	-0.591064	-0.692383	0.391602	84.688674	23.939959	110.745645
16897		-3.586716	9.084340	1.105520	0.002728	-0.293147	-2.756833	-0.583252	-0.703369	0.394775	84.544349	25.492821	110.394651
16898		-3.656506	9.205271	1.202136	-0.004244	-0.245123	-2.966056	-0.564209	-0.712646	0.386963	84.391140	27.167676	110.052226
16899		-3.842830	9.287197	1.373480	0.029636	-0.223464	-3.100277	-0.544678	-0.718262	0.391602	84.245636	28.918624	109.704769
16900		-4.183417	9.557086	1.266174	0.031852	-0.183306	-3.266623	-0.539551	-0.732422	0.387939	84.094053	30.766690	109.361366
16901		-4.754967	9.797887	1.356381	0.047266	-0.159741	-3.434099	-0.512451	-0.742188	0.391357	83.936715	32.710023	109.009148
16902		-5.604595	10.282549	1.419270	0.052052	-0.128976	-3.633534	-0.498291	-0.754883	0.387207	83.767383	34.768650	108.648771
16903		-6.117518	10.962095	1.505037	-0.004478	-0.077879	-3.820851	-0.479248	-0.759521	0.390137	83.556565	36.935515	108.291757
16904		-7.327466	11.865018	1.774192	-0.072848	0.006344	-3.938000	-0.456787	-0.758545	0.390869	83.314147	39.173952	107.964652
16905		-8.467249	14.045010	2.282447	-0.274284	0.118089	-3.940816	-0.432373	-0.775391	0.390869	82.983580	41.419774	107.695231
16906		-8.475821	13.634725	1.856112	-0.523483	0.314451	-3.862857	-0.411133	-0.784424	0.385254	82.590654	43.634400	107.556323
16907		-7.868127	12.978920	2.249304	-0.648549	0.472881	-3.810094	-0.392334	-0.800781	0.375488	82.196439	45.829978	107.522988
16908		-6.694566	14.365791	2.540835	-0.911161	0.601510	-3.740136	-0.366211	-0.792725	0.371094	81.716098	47.995975	107.578903
16909		-7.334421	11.511193	1.857815	-1.021250	0.813503	-3.644383	-0.334961	-0.804932	0.367432	81.304165	50.125832	107.807059
16910		-6.925660	11.505558	1.514515	-0.887903	0.988097	-3.623006	-0.319336	-0.817139	0.365234	81.093115	52.259284	108.187895
16911		-6.278914	12.132028	1.600203	-0.805501	1.144673	-3.501551	-0.288574	-0.813721	0.359375	81.080431	54.338761	108.746568
16912		-5.175112	12.512525	1.838945	-0.891775	1.315659	-3.446268	-0.260986	-0.824707	0.348389	81.204085	56.400856	109.516616
16913		-4.433086	12.445086	1.902640	-1.109584	1.529357	-3.389759	-0.237793	-0.819092	0.343262	81.461992	58.448823	110.575953
16914		-3.672532	10.229229	1.688353	-1.382355	1.725530	-3.388262	-0.212646	-0.820068	0.350098	81.846687	60.507531	111.940767
16915		-3.729775	7.846596	1.641978	-1.635150	1.853385	-3.152908	-0.198730	-0.821045	0.341797	82.384033	62.438666	113.617541
16916		-2.870531	6.739258	1.615948	-1.901695	1.844513	-2.645704	-0.168457	-0.818604	0.340088	82.985620	64.070809	115.510233
16917		6.872603	8.019061	-0.032632	-1.920860	1.765219	-1.946655	-0.152832	-0.808105	0.324463	83.729726	65.291785	117.549869
16918		5.911495	14.778080	-1.039236	-1.584221	2.308879	-0.421744	-0.152344	-0.809082	0.323486	85.652309	65.648271	120.659951
16919		-2.344202	18.650257	0.267885	-1.793067	2.225847	1.326256	-0.144043	-0.818115	0.321777	87.485765	64.961986	123.807621
16920		0.964725	12.283881	0.270458	-1.548784	2.253040	2.276065	-0.152588	-0.807861	0.310547	89.349675	63.685890	126.859321
16921		1.706497	7.558323	0.383736	-1.071320	2.179513	2.796612	-0.161865	-0.818115	0.315674	91.154095	62.074052	129.574985
16922		1.067828	6.158483	0.674480	-0.668319	1.967008	3.073156	-0.165039	-0.810791	0.311035	92.701882	60.267810	131.777991
16923		0.508149	6.023202	1.166761	-0.387142	1.749182	3.129271	-0.161377	-0.812988	0.313232	93.985811	58.415870	133.527133
16924		0.205500	6.157950	1.539276	-0.215295	1.536904	3.040488	-0.177734	-0.820557	0.306641	95.018142	56.601509	134.896859
16925		0.156505	6.487740	1.830425	-0.139639	1.335861	2.913213	-0.181396	-0.820068	0.323242	95.820074	54.864218	135.962842
16926		0.220005	6.943302	2.114334	-0.146518	1.119294	2.867666	-0.187500	-0.815430	0.317139	96.366119	53.153671	136.741493
16927		0.165468	7.743062	2.207432	-0.189271	0.902928	2.893331	-0.192871	-0.825928	0.318359	96.674633	51.444702	137.267307
16928		-0.066171	8.686999	2.263468	-0.298810	0.705707	2.970696	-0.193115	-0.820557	0.325439	96.742376	49.697979	137.577154
16929		-0.358971	9.344087	2.215035	-0.440661	0.514871	3.081224	-0.202393	-0.820557	0.317139	96.586656	47.907099	137.704582
16930		-0.568016	9.511274	2.097865	-0.563579	0.320390	3.226220	-0.211426	-0.821045	0.310059	96.230900	46.040080	137.660654
16931		-0.724816	9.730153	1.923339	-0.646707	0.119249	3.377172	-0.222412	-0.829346	0.313232	95.723170	44.105296	137.465704
16932		-0.986857	9.949134	1.782123	-0.708094	-0.076901	3.514792	-0.228271	-0.827637	0.316406	95.092121	42.094387	137.137444
16933		-1.172055	10.205096	1.574118	-0.770367	-0.249709	3.612045	-0.242188	-0.829834	0.312012	94.374935	40.040395	136.716419
16934		-1.352648	10.622691	1.312686	-0.842393	-0.398220	3.675589	-0.240723	-0.834717	0.297119	93.583653	37.944536	136.227978
16935		-1.655816	11.270047	1.129307	-0.923771	-0.532186	3.729091	-0.250000	-0.833008	0.306152	92.735336	35.824555	135.695155
16936		-2.087316	12.063907	0.895938	-1.032817	-0.645867	3.792539	-0.253662	-0.840576	0.301025	91.821897	33.656602	135.133214
16937		-2.457977	12.671490	0.629412	-1.148166	-0.740174	3.865366	-0.269043	-0.855469	0.295166	90.858619	31.448889	134.564205
16938		-2.880309	13.114661	0.393515	-1.221671	-0.809844	3.937916	-0.271729	-0.859619	0.306885	89.874291	29.183658	134.003876
16939		-3.347793	13.597046	0.402779	-1.264582	-0.859438	4.015907	-0.275635	-0.877930	0.284424	88.899472	26.873905	133.469740
16940		-3.934467	14.155779	0.448378	-1.272019	-0.908150	4.094666	-0.294434	-0.900879	0.299316	87.947650	24.501970	132.958743
16941		-4.516477	14.692918	0.626470	-1.260042	-0.991256	4.195055	-0.303467	-0.929688	0.302734	87.026034	22.071998	132.451853
16942		-4.955936	14.852704	0.775234	-1.224062	-1.079393	4.312705	-0.327148	-0.937256	0.285645	86.142816	19.555814	131.944066
16943		-5.079826	14.902811	0.982955	-1.171399	-1.204771	4.405099	-0.355469	-0.970703	0.278809	85.306106	16.983535	131.413670
16944		-5.611700	14.884168	0.996924	-1.099546	-1.300736	4.455491	-0.394775	-0.987061	0.282959	84.528786	14.361901	130.873256
16945		-6.153660	14.751287	1.233832	-0.959614	-1.441891	4.472002	-0.429199	-1.007324	0.281250	83.848636	11.725146	130.292458
16946		-6.472524	14.729517	1.510245	-0.761947	-1.543440	4.487499	-0.470459	-1.014160	0.286865	83.301839	9.058466	129.687673
16947		-7.007284	14.728515	1.614948	-0.574897	-1.656346	4.489809	-0.496826	-1.036865	0.281250	82.886987	6.386472	129.045749
16948		-7.449341	14.795675	1.666742	-0.441849	-1.746606	4.458712	-0.552979	-1.027344	0.285400	82.573440	3.713352	128.370185
16949		-8.136904	14.783005	1.663429	-0.400020	-1.807343	4.387916	-0.597412	-1.031982	0.289795	82.315811	1.080806	127.670377
16950		-8.800307	14.384570	1.509905	-0.423915	-1.828436	4.252325	-0.631348	-1.029541	0.293213	82.074751	-1.487047	126.960003
16951		-9.666542	13.866698	1.189561	-0.492482	-1.821366	4.060306	-0.663330	-1.025635	0.294434	81.827118	-3.940785	126.248472
16952		-10.502368	12.856566	0.837167	-0.546139	-1.816075	3.802466	-0.714111	-1.009033	0.298828	81.577862	-6.257667	125.527222
16953		-10.840071	11.716326	0.739900	-0.494701	-1.768860	3.498861	-0.739746	-1.011230	0.304199	81.386380	-8.394544	124.812850
16954		-10.878762	11.043310	0.719661	-0.358765	-1.667313	3.194018	-0.773682	-0.986816	0.310791	81.291600	-10.357327	124.131851
16955		-11.020099	10.542724	0.643328	-0.184351	-1.533369	2.914367	-0.806885	-0.971924	0.314453	81.310020	-12.144983	123.500652
16956		-11.030947	9.821240	1.037911	-0.027643	-1.393691	2.662485	-0.829102	-0.957764	0.321045	81.423966	-13.781593	122.922366
16957		-11.550337	8.893805	1.256983	0.074847	-1.249478	2.379687	-0.849365	-0.950439	0.330566	81.599748	-15.239947	122.395558
16958		-12.075637	7.932771	1.514643	0.080351	-1.090240	2.031234	-0.867432	-0.933594	0.334717	81.774650	-16.489097	121.924736
16959		-12.642029	7.003571	1.561891	-0.016898	-0.942230	1.606554	-0.876465	-0.920166	0.340332	81.890127	-17.481079	121.499341
16960		-13.057083	6.250467	1.435166	-0.182589	-0.813792	1.129095	-0.888184	-0.916260	0.339355	81.905839	-18.193160	121.107015
16961		-13.190678	5.734652	1.240237	-0.352772	-0.727037	0.641764	-0.898682	-0.909424	0.350098	81.825596	-18.620235	120.723831
16962		-12.908378	5.746278	0.933702	-0.462755	-0.676381	0.193905	-0.905518	-0.911133	0.345947	81.686062	-18.790289	120.332584
16963		-12.382477	6.018799	0.665356	-0.468173	-0.640550	-0.150333	-0.895020	-0.910645	0.348145	81.547507	-18.762724	119.932423
16964		-17.772613	1.337167	-0.385806	0.062843	-0.541077	-1.067897	-0.908447	-0.921875	0.356689	81.716940	-18.205706	119.512023
16965		-13.032133	-2.837909	-1.708867	1.465028	-0.754332	-2.514177	-0.885498	-0.931152	0.371094	82.754974	-16.840885	118.855466
16966		2.342116	8.308376	-0.131445	1.755804	-0.875834	-2.746672	-0.863281	-0.950439	0.382324	83.958416	-15.337528	118.144009
16967		2.389150	16.908673	-1.329191	1.189246	-0.864028	-2.645691	-0.855713	-0.969238	0.397705	84.808723	-13.881358	117.478050
16968		2.750050	13.061014	-2.063119	0.501336	-1.070353	-2.524132	-0.837646	-0.988281	0.400879	85.269556	-12.495151	116.718712
16969		0.493643	10.082305	-1.509081	-0.164550	-1.225627	-2.809901	-0.814697	-1.007324	0.391846	85.349449	-10.951908	115.865935
16970		0.172836	11.377171	-2.458509	-0.549646	-1.225636	-3.098807	-0.793701	-1.022949	0.410400	85.186319	-9.241883	115.002906
16971		0.014814	14.358280	-3.867734	-0.674115	-0.990651	-2.906691	-0.779297	-1.051270	0.407471	84.906685	-7.635626	114.282382
16972		1.359175	13.233206	-5.392727	-0.576955	-0.524713	-2.465032	-0.771729	-1.062256	0.396240	84.629537	-6.257926	113.847617
16973		2.160863	11.452375	-5.842989	-0.396634	0.089848	-2.355695	-0.745117	-1.069092	0.397705	84.411087	-4.913438	113.766162
16974		1.184745	11.599747	-3.419490	-0.477060	0.591817	-2.463877	-0.736084	-1.104492	0.388184	84.125087	-3.476384	113.959645
16975		-1.056845	14.157784	1.649448	-0.748386	0.901967	-2.512087	-0.717773	-1.108887	0.378906	83.680068	-1.994323	114.317641
16976		-2.529033	12.294757	3.797070	-0.824002	0.805609	-2.391551	-0.701172	-1.125000	0.373291	83.202956	-0.581766	114.616413
16977		-2.546207	11.863172	4.842691	-0.417882	0.542705	-2.169482	-0.679199	-1.141602	0.362793	82.964544	0.685596	114.772085
16978		-2.147412	12.595046	3.178035	-0.176606	0.455314	-1.985036	-0.667480	-1.156982	0.362549	82.867374	1.845195	114.887459
16979		-1.960140	12.818314	2.116188	0.027018	0.476912	-1.689451	-0.656494	-1.160645	0.368408	82.889783	2.835518	115.035408
16980		-2.119294	12.008292	1.792926	0.131957	0.440960	-1.379813	-0.641357	-1.174316	0.361572	82.975278	3.650089	115.185849
16981		-1.903375	11.442078	2.712241	0.202112	0.389441	-1.168677	-0.639404	-1.177979	0.363281	83.101533	4.337739	115.323189
16982		-2.590888	11.131825	2.204822	0.414654	0.330661	-0.868405	-0.637451	-1.176514	0.359131	83.350564	4.853216	115.449766
16983		-1.373016	10.381939	0.991323	0.532380	0.265013	-0.653426	-0.626221	-1.185547	0.369141	83.665770	5.238335	115.555358
16984		-1.674379	11.368362	0.716893	0.503712	0.240156	-0.487609	-0.633789	-1.186035	0.374756	83.965404	5.530083	115.659206
16985		-1.338249	10.288793	0.722355	0.426894	0.200588	-0.311623	-0.623779	-1.185059	0.368652	84.219994	5.715511	115.752199
16986		-1.176556	10.231726	0.685000	0.337318	0.182449	-0.309657	-0.619385	-1.185059	0.373047	84.423054	5.901636	115.835756
16987		-1.548549	11.171609	0.656089	0.202352	0.132622	-0.187228	-0.619141	-1.191406	0.368408	84.546338	6.011742	115.897993
16988		-1.277789	10.324742	0.450909	0.076449	0.105032	-0.089731	-0.612305	-1.187256	0.375000	84.596987	6.067874	115.949975
16989		-1.091672	9.734563	0.887618	0.034876	0.099972	-0.074213	-0.621582	-1.193359	0.378662	84.623147	6.111620	115.999857
16990		-1.078270	9.693580	0.812095	0.034697	0.085450	-0.071714	-0.617920	-1.186768	0.377930	84.648902	6.156365	116.041647
16991		-1.231872	10.031424	0.706238	0.009373	0.082132	-0.052164	-0.622803	-1.187744	0.379639	84.659552	6.186542	116.082517
16992		-1.194595	9.904911	0.689720	-0.020085	0.048116	-0.028955	-0.618652	-1.194336	0.371826	84.651921	6.204882	116.105200
16993		-1.232991	9.901464	0.732947	-0.029983	0.028842	-0.020461	-0.616455	-1.185303	0.377441	84.636926	6.214131	116.117195
16994		-1.174858	9.675243	0.915509	-0.024728	0.013957	-0.011477	-0.618896	-1.191406	0.378418	84.624642	6.220678	116.121215
16995		-1.124092	9.659937	0.874314	-0.008919	-0.002486	-0.015236	-0.618408	-1.193604	0.366455	84.619800	6.225269	116.115512
16996		-1.217792	9.814999	0.791836	0.011608	-0.029803	-0.028929	-0.618164	-1.190186	0.378662	84.625507	6.239418	116.093477
16997		-1.156847	9.880023	0.705967	0.014640	-0.033672	-0.026183	-0.622559	-1.190186	0.369629	84.632150	6.248582	116.069288
16998		-1.167481	9.762858	0.818842	0.022129	-0.035861	-0.024231	-0.611816	-1.195801	0.369385	84.643539	6.259730	116.044033
16999		-1.138118	9.657109	0.836127	0.026412	-0.031526	-0.019825	-0.617432	-1.195068	0.375000	84.657091	6.265391	116.021419
17000		-1.092634	9.664699	0.859751	0.043394	-0.018446	-0.016226	-0.618896	-1.183350	0.372803	84.681799	6.272909	116.006591
17001		-1.110419	9.682931	0.856775	0.053467	-0.008413	-0.014010	-0.619629	-1.193848	0.372070	84.712333	6.276494	115.997557
17002		-1.117230	9.680996	0.817408	0.058418	0.003645	-0.009419	-0.611816	-1.194824	0.373779	84.747075	6.281297	115.995773
17003		-1.148366	9.756200	0.777118	0.048348	-0.000689	-0.010754	-0.608887	-1.197510	0.368896	84.775178	6.283438	115.991347
17004		-1.127389	9.740713	0.805625	0.032659	-0.001955	-0.013327	-0.620117	-1.193604	0.376709	84.794794	6.290174	115.986145
17005		-1.127709	9.785477	0.677118	0.018127	0.003466	-0.012088	-0.614746	-1.187500	0.376953	84.805835	6.293295	115.984036
17006		-1.133245	9.777211	0.730186	-0.003008	0.002598	-0.021102	-0.613281	-1.190430	0.375488	84.805270	6.304697	115.981044
17007		-1.117280	9.753092	0.817448	-0.017990	0.006958	-0.025008	-0.615479	-1.180908	0.376221	84.795763	6.315372	115.980265
17008		-1.126928	9.680651	0.808127	-0.027487	0.014539	-0.023107	-0.618408	-1.201416	0.377930	84.781924	6.328529	115.984021
17009		-1.107056	9.664517	0.843178	-0.029444	0.012130	-0.021659	-0.613037	-1.195557	0.377197	84.766200	6.337563	115.986382
17010		-1.109370	9.664012	0.845919	-0.030607	0.016867	-0.023706	-0.616455	-1.190186	0.365967	84.750722	6.351176	115.991437
17011		-1.129587	9.611725	0.873307	-0.043355	0.021634	-0.019604	-0.612793	-1.191406	0.366943	84.727645	6.359538	115.999357
17012		-1.142764	9.706970	0.802807	-0.050263	0.024285	-0.020102	-0.622070	-1.188721	0.376465	84.701400	6.371482	116.008854
17013		-1.120275	9.729529	0.802720	-0.069680	0.015511	-0.025005	-0.615479	-1.188477	0.376465	84.662819	6.382608	116.012963
17014		-1.180864	9.741203	0.818436	-0.075819	0.010260	-0.030142	-0.612305	-1.197754	0.372070	84.620987	6.399532	116.013857
17015		-1.142748	9.745546	0.819020	-0.085782	0.001709	-0.034553	-0.609375	-1.199463	0.370361	84.572239	6.415366	116.009509
17016		-1.129761	9.726485	0.825972	-0.089466	-0.002180	-0.037524	-0.611816	-1.198730	0.365234	84.521750	6.435818	116.002836
17017		-1.174871	9.719818	0.842448	-0.100686	-0.001818	-0.040934	-0.615479	-1.201172	0.373535	84.464189	6.455089	115.996082
17018		-1.141388	9.715409	0.899211	-0.108926	0.002483	-0.039175	-0.612549	-1.200928	0.369629	84.402840	6.476722	115.991959
17019		-1.112328	9.678182	0.906193	-0.103124	0.002458	-0.042268	-0.615234	-1.189453	0.373291	84.344141	6.496980	115.987541
17020		-1.175516	9.619394	0.946023	-0.083603	0.001345	-0.041305	-0.605713	-1.194092	0.370605	84.297208	6.519743	115.982606
17021		-1.161497	9.670190	0.929838	-0.071775	0.010761	-0.036170	-0.618408	-1.198730	0.359375	84.257045	6.536992	115.983270
17022		-1.154300	9.649239	0.900546	-0.062856	0.008441	-0.038656	-0.606934	-1.205078	0.364014	84.222475	6.558639	115.982532
17023		-1.214723	9.730366	0.894281	-0.077996	0.009660	-0.038290	-0.615967	-1.193115	0.362549	84.178659	6.577033	115.982417
17024		-1.172531	9.666835	0.950647	-0.084511	0.015397	-0.032111	-0.613037	-1.196289	0.367188	84.132186	6.595350	115.986027
17025		-1.182797	9.694265	0.940701	-0.086390	0.020191	-0.031934	-0.606689	-1.194824	0.364258	84.084296	6.610740	115.992300
17026		-1.172658	9.712722	0.875431	-0.085681	0.010768	-0.034472	-0.614014	-1.191895	0.361328	84.036832	6.630126	115.993089
17027		-1.189632	9.691822	0.957109	-0.086910	0.008249	-0.035279	-0.613281	-1.194580	0.367432	83.987829	6.646719	115.992284
17028		-1.169653	9.644110	0.981062	-0.076093	0.010461	-0.037654	-0.608643	-1.209717	0.363525	83.945822	6.667893	115.992678
17029		-1.151140	9.626991	1.019954	-0.064156	0.010026	-0.036467	-0.604492	-1.195801	0.359863	83.909963	6.685270	115.992795
17030		-1.194462	9.589815	1.016169	-0.047887	0.015487	-0.032964	-0.609375	-1.198242	0.360107	83.884484	6.704068	115.996337
17031		-1.189816	9.630443	1.015427	-0.015022	0.023249	-0.034860	-0.608643	-1.204834	0.370361	83.877673	6.721337	116.004125
17032		-1.178189	9.642632	1.030313	-0.001857	0.025333	-0.032864	-0.607422	-1.197754	0.368652	83.879231	6.740675	116.013316
17033		-1.216396	9.685070	0.946297	-0.007561	0.026815	-0.031966	-0.603027	-1.199463	0.370117	83.876962	6.756513	116.023327
17034		-1.221237	9.715077	0.963008	-0.010713	0.025503	-0.031949	-0.613037	-1.198975	0.360596	83.873472	6.775332	116.032671
17035		-1.210421	9.657184	0.999970	-0.020834	0.028879	-0.030899	-0.604492	-1.208008	0.363525	83.863751	6.790691	116.043930
17036		-1.150779	9.576488	1.047480	-0.006066	0.036586	-0.021394	-0.601807	-1.199707	0.358643	83.863764	6.804172	116.060281
17037		-1.153238	9.576323	1.046287	0.019734	0.056853	-0.019758	-0.606445	-1.200684	0.359131	83.879277	6.814894	116.088277
17038		-1.139023	9.558667	1.040712	0.044849	0.071478	-0.016835	-0.608398	-1.206787	0.361084	83.910879	6.827881	116.124934
17039		-1.223598	9.617413	1.026809	0.070525	0.080267	-0.028073	-0.616699	-1.202637	0.362793	83.957046	6.844729	116.165872
17040		-1.228541	9.624956	0.930955	0.078858	0.073878	-0.031405	-0.610107	-1.201172	0.367432	84.008216	6.866096	116.203043
17041		-1.228598	9.657677	0.972666	0.077760	0.067179	-0.035296	-0.612061	-1.200928	0.358887	84.057610	6.886210	116.236068
17042		-1.245222	9.684673	0.912259	0.079158	0.059777	-0.038518	-0.617676	-1.201172	0.360107	84.107969	6.910727	116.264758
17043		-1.237469	9.658186	0.956226	0.073859	0.052332	-0.047486	-0.609375	-1.199219	0.362549	84.154044	6.936862	116.288577
17044		-1.242555	9.658338	0.948060	0.082075	0.050116	-0.047728	-0.601318	-1.196533	0.362061	84.205376	6.966013	116.311220
17045		-1.260364	9.685003	0.887630	0.077985	0.041548	-0.055279	-0.607666	-1.204590	0.363525	84.253037	6.995929	116.328442
17046		-1.278077	9.704683	0.915185	0.079875	0.023145	-0.069841	-0.614746	-1.200439	0.370117	84.301098	7.036103	116.334369
17047		-1.256885	9.736835	0.847705	0.090667	0.008164	-0.085936	-0.604492	-1.199707	0.364014	84.353484	7.081578	116.330716
17048		-1.275872	9.725689	0.857594	0.109185	0.001314	-0.105621	-0.599365	-1.198486	0.375488	84.416561	7.140913	116.322150
17049		-1.253039	9.759653	0.821221	0.124653	-0.005357	-0.127469	-0.603760	-1.203125	0.369873	84.487165	7.209332	116.308506
17050		-1.268885	9.719802	0.846366	0.139500	-0.010470	-0.149286	-0.603027	-1.197754	0.368896	84.566458	7.292939	116.290899
17051		-1.293836	9.708315	0.851343	0.166885	-0.011905	-0.169075	-0.603027	-1.207275	0.372803	84.660475	7.384778	116.271422
17052		-1.286622	9.731283	0.828686	0.191767	-0.019912	-0.188299	-0.591797	-1.205078	0.375977	84.768723	7.490193	116.246568
17053		-1.320972	9.717207	0.794929	0.215151	-0.026463	-0.216334	-0.593262	-1.200439	0.379639	84.888943	7.608319	116.216588
17054		-1.328102	9.659525	0.809606	0.249072	-0.026064	-0.240073	-0.592529	-1.210693	0.377686	85.029158	7.743069	116.185991
17055		-1.325804	9.721049	0.739909	0.288356	-0.009515	-0.258493	-0.592285	-1.201904	0.384521	85.192307	7.886235	116.164267
17056		-1.352228	9.719582	0.710811	0.313071	-0.010290	-0.286659	-0.592529	-1.207764	0.387695	85.370093	8.048487	116.141279
17057		-1.394815	9.742799	0.626907	0.333250	-0.016785	-0.324520	-0.584473	-1.213135	0.388428	85.557944	8.229165	116.113213
17058		-1.468614	9.733417	0.601211	0.344669	-0.024498	-0.348270	-0.589111	-1.204102	0.386475	85.752269	8.426133	116.080353
17059		-1.447142	9.681238	0.598070	0.359815	-0.036529	-0.382596	-0.581299	-1.214355	0.391357	85.953276	8.639366	116.039657
17060		-1.044972	10.192009	0.533060	0.339618	0.035001	-0.476202	-0.580078	-1.207031	0.390625	86.149134	8.912017	116.037428
17061		-1.406310	9.947771	0.499988	0.325077	0.079670	-0.601784	-0.571045	-1.206543	0.397461	86.339382	9.255197	116.057095
17062		-1.610171	9.972812	0.450142	0.308546	0.094504	-0.681484	-0.576660	-1.210938	0.395264	86.522172	9.647314	116.083755
17063		-1.499541	10.111257	0.552064	0.250966	0.112328	-0.775976	-0.563965	-1.216797	0.399170	86.672817	10.091106	116.118561
17064		-1.579969	10.068721	0.512180	0.212008	0.131170	-0.873661	-0.559814	-1.211670	0.404785	86.803796	10.594171	116.162383
17065		-1.676024	10.120782	0.553627	0.172558	0.144247	-0.966727	-0.547363	-1.218750	0.403564	86.912882	11.147933	116.211852
17066		-1.818957	10.168124	0.551836	0.127739	0.137772	-1.047659	-0.540039	-1.219971	0.409424	86.996522	11.750539	116.256231
17067		-2.027318	10.230357	0.332755	0.069982	0.103733	-1.119936	-0.519775	-1.221680	0.399414	87.042294	12.390619	116.279129
17068		-2.087646	10.080775	0.492340	0.006379	0.077967	-1.189571	-0.516113	-1.223145	0.405762	87.048965	13.072555	116.285337
17069		-2.214969	10.167165	0.373587	-0.035331	0.054179	-1.249079	-0.505127	-1.226563	0.404541	87.027321	13.785055	116.275492
17070		-2.294091	10.201170	0.346035	-0.078129	0.014338	-1.322029	-0.491455	-1.233154	0.402832	86.975417	14.540840	116.239573
17071		-2.410737	10.192718	0.437200	-0.104638	-0.019990	-1.399938	-0.474609	-1.235352	0.395996	86.900909	15.337365	116.179678
17072		-2.497509	10.150604	0.528660	-0.092672	-0.051119	-1.490347	-0.469727	-1.235596	0.395752	86.827071	16.187261	116.097246
17073		-2.545595	9.882567	0.657825	-0.043625	-0.071941	-1.578931	-0.458984	-1.237549	0.394043	86.774508	17.084379	115.997864
17074		-2.742020	9.791793	0.620124	0.006914	-0.090942	-1.675616	-0.449707	-1.243896	0.403564	86.745402	18.038766	115.882873
17075		-2.831876	9.896785	0.590148	0.046170	-0.121019	-1.758803	-0.425293	-1.243164	0.405273	86.729095	19.037070	115.745594
17076		-3.013206	9.749086	0.619371	0.071017	-0.140137	-1.834364	-0.408936	-1.247803	0.403809	86.720391	20.080527	115.593271
17077		-3.049948	9.595788	0.697198	0.129589	-0.161432	-1.916891	-0.389648	-1.246826	0.415039	86.735835	21.167919	115.423808
17078		-3.117156	9.299258	0.880737	0.205783	-0.136786	-1.987291	-0.375000	-1.255859	0.412109	86.797190	22.299003	115.266867
17079		-3.356359	8.999670	0.939255	0.277393	-0.102990	-2.043338	-0.355225	-1.247803	0.416260	86.903492	23.460910	115.129208
17080		-3.672093	8.857303	0.801451	0.326120	-0.064754	-2.119854	-0.343750	-1.248291	0.419189	87.045178	24.670471	115.014776
17081		-3.912202	8.630962	0.784825	0.377253	-0.034701	-2.146501	-0.320313	-1.253418	0.419922	87.222092	25.893981	114.920816
17082		-4.204106	8.550374	0.780741	0.429426	-0.008503	-2.142884	-0.300537	-1.251953	0.424805	87.436948	27.118814	114.847711
17083		-4.413418	8.513147	0.824778	0.454254	0.036200	-2.138765	-0.278809	-1.258301	0.425049	87.679652	28.340222	114.808040
17084		-4.600852	8.462893	0.774650	0.512536	0.080481	-2.085154	-0.262939	-1.243652	0.432129	87.973243	29.534440	114.805045
17085		-4.765145	8.329399	0.819942	0.532552	0.154695	-2.057726	-0.242676	-1.250488	0.435303	88.306336	30.711937	114.858973
17086		-5.070854	8.225609	0.814452	0.588463	0.228642	-2.025359	-0.233887	-1.250000	0.445801	88.703925	31.874051	114.972764
17087		-5.426350	8.444266	0.896462	0.650591	0.310464	-1.987036	-0.220703	-1.245850	0.452148	89.174882	33.011939	115.154124
17088		-5.473094	8.457718	0.856572	0.690287	0.407660	-1.927503	-0.184570	-1.247314	0.456055	89.717183	34.117225	115.417366
17089		-6.004827	8.710940	0.845742	0.701668	0.501288	-1.853080	-0.181152	-1.235840	0.456543	90.316187	35.175254	115.762253
17090		-6.223924	9.301209	0.916990	0.638534	0.599586	-1.773351	-0.176025	-1.237061	0.461182	90.935245	36.186257	116.194335
17091		-6.259726	9.811022	1.205379	0.454311	0.705462	-1.692205	-0.154785	-1.236084	0.471924	91.509797	37.143437	116.719084
17092		-5.949071	9.646947	1.439828	0.184719	0.839702	-1.629048	-0.149902	-1.228027	0.470703	92.006224	38.060365	117.357440
17093		-6.091230	9.573725	1.566568	-0.015395	0.966153	-1.576885	-0.147217	-1.229980	0.475098	92.463180	38.938121	118.104219
17094		-6.152302	10.450962	1.936259	-0.271813	1.099570	-1.535538	-0.121826	-1.224609	0.467285	92.854879	39.786407	118.965900
17095		-6.010802	10.690369	2.147289	-0.612104	1.251714	-1.454088	-0.127197	-1.220215	0.467285	93.143369	40.577474	119.955180
17096		-5.767168	11.067138	1.971691	-0.880352	1.424903	-1.332107	-0.120850	-1.225342	0.458984	93.380683	41.291471	121.086116
17097		-6.211828	10.849347	1.349982	-1.014023	1.635663	-1.192651	-0.112549	-1.217529	0.451416	93.664858	41.912578	122.387815
17098		-6.149518	11.657206	1.573453	-1.190842	1.866888	-1.111488	-0.112061	-1.213135	0.438477	93.985247	42.474804	123.879862
17099		-5.745361	11.852742	1.635953	-1.585269	2.057070	-0.899607	-0.107910	-1.204102	0.424805	94.192408	42.901575	125.523729
17100		-4.785969	11.868468	1.386442	-2.195180	2.226375	-0.714963	-0.114502	-1.218262	0.411133	94.147467	43.215141	127.299537
17101		-3.497152	11.892755	1.050031	-2.923700	2.436260	-0.617813	-0.112549	-1.219971	0.384033	93.806675	43.468122	129.242425
17102		-2.579440	11.345700	0.462873	-3.574382	2.664800	-0.535616	-0.120850	-1.221436	0.359131	93.222215	43.677947	131.365394
17103		-0.828967	10.599375	-0.545335	-3.993817	2.922656	-0.412306	-0.130615	-1.227051	0.326904	92.543415	43.826247	133.691583
17104		2.112757	10.345449	-1.258238	-4.130186	3.195564	-0.154022	-0.127930	-1.218262	0.287598	91.932396	43.839191	136.226085
17105		6.858439	10.192692	-3.298813	-3.893464	3.572767	0.320134	-0.142334	-1.216553	0.265869	91.649405	43.588330	139.043428
17106		3.015509	11.222752	-4.222334	-3.321394	4.207856	0.817612	-0.148682	-1.223877	0.243652	92.000287	43.038134	142.328591
17107		0.850910	13.247449	-2.772373	-3.041912	4.454309	1.323798	-0.166748	-1.219482	0.217285	92.572473	42.174689	145.746914
17108		2.981248	9.787407	-2.867923	-2.701339	4.661146	1.657066	-0.186523	-1.222412	0.193848	93.348054	41.082059	149.243572
17109		2.580334	7.458329	-2.890130	-2.249165	4.735381	1.840650	-0.204346	-1.210693	0.167725	94.306211	39.844907	152.704011
17110		1.809759	8.211263	-2.725057	-1.944209	4.718628	1.886990	-0.219238	-1.220947	0.156006	95.311509	38.533498	156.057110
17111		1.249857	9.038204	-2.558156	-1.876176	4.669244	1.835672	-0.229248	-1.218750	0.148926	96.222448	37.214615	159.290042
17112		1.253632	9.283640	-2.460897	-1.962632	4.574540	1.803849	-0.250977	-1.214355	0.125244	96.936783	35.879594	162.377703
17113		1.127949	9.424552	-2.474415	-2.084426	4.433322	1.812976	-0.264893	-1.210449	0.111572	97.426948	34.527982	165.297868
17114		0.955231	9.700012	-2.412050	-2.193430	4.233146	1.828103	-0.277588	-1.199951	0.086426	97.686550	33.162145	168.020855
17115		0.844627	9.829409	-2.415939	-2.259416	3.992775	1.856199	-0.289307	-1.194824	0.071045	97.742433	31.797849	170.533878
17116		0.963913	10.035725	-2.479345	-2.262960	3.723778	1.900877	-0.293457	-1.187500	0.034668	97.630223	30.424031	172.827286
17117		1.032030	10.481090	-2.560760	-2.244537	3.431027	1.991113	-0.313477	-1.177979	0.027832	97.370575	29.033121	174.895276
17118		1.200227	10.906063	-2.644986	-2.241876	3.171579	2.100940	-0.318848	-1.170166	0.012695	96.972820	27.602173	176.766682
17119		1.337840	11.320691	-2.821669	-2.269678	2.944779	2.218414	-0.327881	-1.161621	-0.008545	96.444895	26.139462	178.473961
17120		1.395142	11.505995	-3.167183	-2.323349	2.757070	2.325620	-0.349121	-1.149170	-0.035889	95.788028	24.635758	-179.950325
17121		1.336181	11.747489	-3.537102	-2.373983	2.603140	2.422922	-0.367432	-1.134277	-0.051270	95.026069	23.109851	-178.474176
17122		1.196926	12.058972	-3.800097	-2.439161	2.471281	2.522551	-0.371826	-1.117920	-0.073242	94.157175	21.544556	-177.078886
17123		1.004154	12.065297	-4.100000	-2.500091	2.344176	2.628722	-0.372314	-1.103027	-0.093994	93.195167	19.951981	-175.753214
17124		0.686293	12.022389	-4.317837	-2.550269	2.218180	2.702995	-0.385498	-1.097168	-0.104492	92.146498	18.333744	-174.490786
17125		0.338634	12.256757	-4.545896	-2.622940	2.072197	2.744421	-0.400635	-1.082031	-0.125244	91.004429	16.725722	-173.295640
17126		0.015247	12.297123	-4.833656	-2.679320	1.909371	2.776516	-0.404053	-1.065186	-0.148926	89.775649	15.114884	-172.173915
17127		-0.196117	12.408830	-5.094013	-2.691988	1.735062	2.799422	-0.413574	-1.055420	-0.165283	88.492962	13.522455	-171.126951
17128		-0.324099	12.371460	-5.417646	-2.637166	1.572848	2.834775	-0.432373	-1.049316	-0.177979	87.197129	11.920201	-170.145306
17129		-0.379007	12.358758	-5.875800	-2.506199	1.450442	2.886099	-0.453369	-1.039795	-0.203613	85.943714	10.315422	-169.202762
17130		-0.870373	11.644301	-6.440535	-2.257155	1.330181	2.939930	-0.455078	-1.027588	-0.221924	84.799230	8.684500	-168.298477
17131		-0.498066	11.217569	-6.504766	-1.922709	1.251663	2.984747	-0.471924	-1.016602	-0.231689	83.819963	7.049908	-167.410392
17132		-0.644066	11.177858	-6.494806	-1.609716	1.228686	3.015105	-0.489258	-1.003174	-0.243164	82.995480	5.400949	-166.510832
17133		-0.822746	11.407716	-6.245960	-1.404056	1.252998	3.022193	-0.497803	-1.000977	-0.260498	82.266501	3.771636	-165.577097
17134		-1.071696	11.462283	-5.920416	-1.267865	1.292694	3.015539	-0.515381	-0.991943	-0.277588	81.591417	2.151185	-164.603120
17135		-1.478633	11.200063	-5.579671	-1.147185	1.327916	3.008647	-0.531006	-0.980713	-0.281494	80.958853	0.558525	-163.592549
17136		-1.860592	10.715620	-5.230713	-0.958225	1.338406	2.978546	-0.551758	-0.969482	-0.298828	80.407453	-1.015124	-162.562674
17137		-2.196085	10.456046	-4.743801	-0.714716	1.316247	2.927831	-0.560791	-0.965576	-0.308350	79.966928	-2.543833	-161.536307
17138		-2.710709	10.324456	-4.279143	-0.464246	1.270125	2.854133	-0.572510	-0.958984	-0.316162	79.645636	-4.038020	-160.532169
17139		-2.946349	10.102546	-3.523544	-0.209002	1.181351	2.754729	-0.580566	-0.956055	-0.314941	79.447829	-5.471649	-159.579991
17140		-3.407587	9.817044	-2.796710	0.034456	1.080887	2.621919	-0.595703	-0.950195	-0.332764	79.375289	-6.847573	-158.693337
17141		-3.836576	9.461705	-1.830156	0.242084	0.959171	2.477948	-0.617188	-0.932617	-0.334229	79.409807	-8.146191	-157.888006
17142		-4.378299	8.148261	-0.509993	0.511104	0.854801	2.301597	-0.618164	-0.945068	-0.334717	79.595179	-9.366024	-157.161116
17143		-4.925165	7.291574	0.726919	0.846241	0.749130	2.069299	-0.637695	-0.947754	-0.332275	79.970901	-10.460961	-156.521955
17144		-5.474901	7.983999	1.473356	0.995903	0.640164	1.762238	-0.640869	-0.950928	-0.328613	80.442385	-11.405121	-155.982528
17145		-12.877403	4.504538	0.991956	1.291606	0.737675	0.645583	-0.644775	-0.953125	-0.321045	81.086522	-11.706572	-155.499353
17146		-12.987908	-0.562848	-1.119726	1.747911	0.620415	-0.511534	-0.649658	-0.974609	-0.319092	82.028771	-11.374534	-155.188118
17147		-18.999534	5.509499	0.325894	1.758351	0.175149	-1.246898	-0.631592	-0.984131	-0.308350	83.036477	-10.657229	-155.184686
17148		-23.642935	6.550345	-0.000843	1.383950	-0.075751	-2.014076	-0.617676	-1.012207	-0.299072	83.864338	-9.523369	-155.365980
17149		-12.642929	10.120512	2.314489	0.701842	-0.591555	-2.448953	-0.607422	-1.015381	-0.297852	84.342799	-8.166456	-155.856487
17150		-1.555187	15.834485	0.244496	0.041800	-0.650113	-2.183732	-0.589844	-1.029053	-0.293701	84.435832	-6.962441	-156.357594
17151		5.263996	12.919078	-3.622892	-0.385152	-0.760273	-1.947881	-0.590088	-1.035645	-0.292236	84.277650	-5.898605	-156.907701
17152		4.460433	5.917707	-5.179692	0.049762	-0.402048	-2.466558	-0.568359	-1.044922	-0.291260	84.343744	-4.519907	-157.282234
17153		1.247673	10.132335	-4.455474	0.116261	0.156022	-3.118309	-0.543701	-1.066162	-0.297363	84.416920	-2.737061	-157.371820
17154		-1.099091	17.573626	-1.009778	-0.171721	0.811345	-3.231817	-0.514160	-1.076172	-0.302490	84.314220	-0.853731	-157.094426
17155		-4.408048	16.148927	4.195226	-0.256509	0.713701	-2.832209	-0.482422	-1.083496	-0.304932	84.168011	0.797861	-156.853813
17156		-4.359253	13.378158	6.066111	-0.006715	0.321382	-2.456771	-0.468262	-1.095215	-0.301025	84.169521	2.212256	-156.816966
17157		-2.174328	12.773674	2.232997	0.311723	0.058298	-2.210590	-0.442627	-1.100342	-0.299805	84.344208	3.471828	-156.914001
17158		-1.035726	13.277053	-0.884100	0.255546	0.156780	-1.904608	-0.432861	-1.098877	-0.296143	84.493192	4.562421	-156.934011
17159		-2.261699	12.425966	1.645765	0.148367	0.390685	-1.601592	-0.423096	-1.106445	-0.295654	84.590714	5.493227	-156.801382
17160		-4.087507	12.420363	3.288504	0.474723	0.276548	-1.070577	-0.403076	-1.117920	-0.293213	84.876783	6.114450	-156.702541
17161		-1.934316	12.588827	-0.706424	0.602481	0.129936	-0.516454	-0.407959	-1.118652	-0.295410	85.227827	6.411734	-156.657083
17162		-1.151059	11.172868	-0.223128	0.256559	0.208096	-0.381573	-0.394287	-1.117920	-0.282959	85.390045	6.635528	-156.558646
17163		-1.802382	10.429573	1.061158	0.234759	0.179500	-0.286025	-0.399902	-1.125000	-0.280029	85.535580	6.803116	-156.471982
17164		-1.344526	10.997630	0.178316	0.149146	0.109822	-0.184734	-0.395996	-1.124268	-0.289307	85.631315	6.909683	-156.420172
17165		-1.167827	10.325632	0.171726	-0.031744	0.100733	-0.162554	-0.393555	-1.112549	-0.288086	85.619743	7.003046	-156.372882
17166		-1.229728	9.866718	0.614815	-0.094903	0.081110	-0.157676	-0.389648	-1.126953	-0.289551	85.574033	7.092870	-156.336335
17167		-1.250909	9.964856	0.602399	-0.145280	0.079340	-0.148902	-0.383789	-1.124756	-0.290771	85.496086	7.177554	-156.300877
17168		-1.302707	9.901858	0.852978	-0.161723	0.059497	-0.133563	-0.384277	-1.115967	-0.291992	85.410763	7.252711	-156.275871
17169		-1.309492	9.832035	0.805523	-0.141855	0.032419	-0.097238	-0.390625	-1.117676	-0.291504	85.331719	7.305822	-156.265252
17170		-1.223955	9.645451	0.919453	-0.128210	0.030301	-0.069415	-0.381592	-1.123291	-0.291260	85.263850	7.343048	-156.254213
17171		-1.256128	9.735014	0.896797	-0.102360	0.033995	-0.057739	-0.381348	-1.126953	-0.290527	85.207793	7.373705	-156.240916
17172		-1.284796	9.932461	0.718466	-0.084217	0.025454	-0.025202	-0.388916	-1.122314	-0.291504	85.165025	7.385472	-156.230596
17173		-1.277580	9.810116	0.762098	-0.089397	0.021522	-0.005811	-0.379883	-1.126221	-0.295898	85.115798	7.385900	-156.221989
17174		-1.258302	9.818810	0.781680	-0.097289	0.021481	-0.001528	-0.386230	-1.123047	-0.291504	85.065401	7.383973	-156.212805
17175		-1.277922	9.808608	0.780714	-0.106303	0.017775	0.008358	-0.380371	-1.127930	-0.296143	85.006301	7.376143	-156.205647
17176		-1.214092	9.721380	0.917249	-0.106762	0.018099	0.009784	-0.382080	-1.122314	-0.305176	84.950301	7.367605	-156.197835
17177		-1.213023	9.660928	0.923122	-0.085733	0.022594	0.014879	-0.386475	-1.122803	-0.305420	84.903385	7.356311	-156.187556
17178		-1.233577	9.637167	0.990690	-0.054978	0.034209	0.022680	-0.384766	-1.119629	-0.296631	84.878305	7.341238	-156.169802
17179		-1.183414	9.628533	0.969241	-0.028455	0.043030	0.034929	-0.381592	-1.118652	-0.303467	84.865834	7.319558	-156.146719
17180		-1.211271	9.607729	0.990080	-0.005087	0.048739	0.037109	-0.383789	-1.125000	-0.300293	84.870459	7.296994	-156.119863
17181		-1.186157	9.725895	0.847390	0.000997	0.051253	0.043242	-0.386230	-1.115234	-0.298096	84.875499	7.270991	-156.091623
17182		-1.151673	9.747333	0.828137	-0.024962	0.064851	0.040189	-0.381104	-1.116699	-0.295410	84.869888	7.247482	-156.055349
17183		-1.205338	9.758336	0.814972	-0.056640	0.058480	0.027377	-0.387939	-1.117920	-0.297852	84.842303	7.230912	-156.023768
17184		-1.192123	9.734989	0.875172	-0.084858	0.055217	0.018095	-0.389893	-1.117188	-0.304443	84.801514	7.219529	-155.994171
17185		-1.196761	9.681276	0.938630	-0.086296	0.049389	0.009232	-0.394043	-1.119629	-0.300293	84.756151	7.212880	-155.968752
17186		-1.193512	9.659911	0.958524	-0.076234	0.049163	0.008996	-0.383789	-1.117188	-0.297852	84.719788	7.206404	-155.943106
17187		-1.193421	9.659313	0.964641	-0.062196	0.046197	0.002387	-0.379150	-1.121094	-0.304688	84.687953	7.203525	-155.919879
17188		-1.190790	9.732748	0.901509	-0.055454	0.052687	0.004383	-0.379395	-1.112549	-0.296875	84.663697	7.199887	-155.892450
17189		-1.194244	9.693289	0.889932	-0.051533	0.048737	-0.006672	-0.384277	-1.117920	-0.305664	84.638092	7.202333	-155.868248
17190		-1.226357	9.731314	0.917433	-0.050381	0.045073	-0.008691	-0.382324	-1.119629	-0.310791	84.616099	7.205758	-155.845903
17191		-1.165918	9.678093	0.964204	-0.063648	0.036418	-0.015431	-0.383301	-1.108398	-0.301758	84.582607	7.212557	-155.829261
17192		-1.198770	9.656190	0.988971	-0.054236	0.029431	-0.015749	-0.372314	-1.116455	-0.303955	84.557219	7.219173	-155.816299
17193		-1.192135	9.652874	1.035208	-0.054231	0.029437	-0.015752	-0.382080	-1.119385	-0.300537	84.528619	7.225792	-155.803694
17194		-1.202396	9.654727	0.998804	-0.054961	0.024226	-0.016285	-0.389404	-1.111572	-0.306885	84.502414	7.232434	-155.793763
17195		-1.204176	9.653960	1.004055	-0.059166	0.018686	-0.016130	-0.388184	-1.113525	-0.302246	84.470208	7.238688	-155.787367
17196		-1.211734	9.694669	0.984848	-0.064929	0.011614	-0.021028	-0.384521	-1.109131	-0.308838	84.437325	7.247342	-155.784959
17197		-1.205423	9.631444	1.028249	-0.059760	0.009198	-0.020498	-0.381836	-1.114258	-0.304932	84.404060	7.255566	-155.784270
17198		-1.168091	9.589511	1.051427	-0.047737	0.008974	-0.021767	-0.380371	-1.120605	-0.303955	84.380810	7.264491	-155.783433
17199		-1.226748	9.659540	1.042537	-0.034314	0.010599	-0.023084	-0.380615	-1.117188	-0.315918	84.362207	7.274269	-155.782091
17200		-1.183918	9.671387	1.008543	-0.034216	0.009067	-0.022662	-0.382324	-1.117676	-0.308838	84.346679	7.283704	-155.781259
17201		-1.183622	9.649955	1.024059	-0.031469	0.011559	-0.027440	-0.381104	-1.111816	-0.294434	84.329745	7.296020	-155.779620
17202		-1.205872	9.640099	1.015517	-0.022770	0.010680	-0.022916	-0.383545	-1.106689	-0.306152	84.320871	7.305682	-155.777883
17203		-1.225271	9.669183	1.022729	-0.017413	0.012565	-0.025086	-0.371582	-1.116455	-0.307617	84.312081	7.316714	-155.775535
17204		-1.208188	9.677986	1.035186	-0.014763	0.009217	-0.026737	-0.382324	-1.108398	-0.312988	84.307641	7.328467	-155.774861
17205		-1.219121	9.680295	0.995106	-0.013552	0.006761	-0.024084	-0.381592	-1.119873	-0.305664	84.300645	7.338598	-155.775794
17206		-1.255552	9.679286	1.003315	-0.014966	-0.006413	-0.029427	-0.378906	-1.111328	-0.316406	84.294904	7.350988	-155.784264
17207		-1.202042	9.667736	1.022016	-0.025347	-0.010154	-0.031628	-0.387451	-1.112061	-0.309326	84.279848	7.364456	-155.795358
17208		-1.227586	9.678641	1.000779	-0.018300	-0.011018	-0.032579	-0.382813	-1.112305	-0.312744	84.271812	7.378374	-155.806662
17209		-1.276089	9.760658	0.960479	-0.031768	-0.013856	-0.035953	-0.376221	-1.114258	-0.302490	84.252765	7.394090	-155.820141
17210		-1.237024	9.697909	0.995285	-0.054158	-0.017384	-0.036894	-0.383057	-1.117432	-0.310303	84.223662	7.410093	-155.835366
17211		-1.208779	9.622984	1.061249	-0.051243	-0.011272	-0.027627	-0.378906	-1.114014	-0.301270	84.193703	7.421201	-155.846889
17212		-1.228136	9.651722	1.071183	-0.038929	-0.004765	-0.022227	-0.384766	-1.116455	-0.314209	84.174348	7.429556	-155.854019
17213		-1.263867	9.650439	1.081752	-0.036796	-0.005077	-0.018187	-0.383545	-1.113770	-0.310303	84.153194	7.435634	-155.861435
17214		-1.217909	9.641795	1.060076	-0.024303	-0.016892	-0.026294	-0.372314	-1.112549	-0.312500	84.141257	7.445593	-155.875783
17215		-1.251386	9.619761	1.081333	-0.013502	-0.014635	-0.030210	-0.375732	-1.114746	-0.312500	84.132642	7.457961	-155.889407
17216		-1.239950	9.670371	1.068270	0.002813	-0.006890	-0.022245	-0.373291	-1.115479	-0.312744	84.136991	7.466190	-155.897771
17217		-1.222016	9.679466	1.079321	-0.001762	-0.002372	-0.014844	-0.378906	-1.111816	-0.304443	84.136132	7.470517	-155.903439
17218		-1.274238	9.743933	1.008664	-0.018166	0.006660	-0.008873	-0.376465	-1.122314	-0.310303	84.129551	7.471911	-155.903229
17219		-1.260864	9.734857	0.993928	-0.048551	0.004559	-0.005987	-0.377930	-1.110352	-0.309082	84.102470	7.471596	-155.904389
17220		-1.221597	9.693170	1.017726	-0.075123	0.006776	-0.001384	-0.379150	-1.106934	-0.309326	84.063312	7.468727	-155.903668
17221		-1.263715	9.658550	1.075086	-0.088703	0.000823	0.002610	-0.371826	-1.111572	-0.310547	84.013014	7.463289	-155.906460
17222		-1.249078	9.612825	1.150369	-0.104849	0.004067	0.005151	-0.383057	-1.112305	-0.310547	83.956657	7.456528	-155.906898
17223		-1.168838	9.529647	1.195303	-0.093201	0.006546	0.014689	-0.375488	-1.104980	-0.312744	83.904306	7.444549	-155.905653
17224		-1.227065	9.560694	1.173803	-0.060885	0.000088	0.009589	-0.379883	-1.105469	-0.316895	83.872842	7.435007	-155.908098
17225		-1.178639	9.552313	1.153625	-0.035290	-0.005457	-0.001095	-0.382080	-1.108154	-0.307373	83.852654	7.431287	-155.914710
17226		-1.187876	9.578399	1.202464	-0.001363	-0.008478	-0.013187	-0.382080	-1.115234	-0.311035	83.854442	7.434184	-155.923484
17227		-1.160301	9.465447	1.243761	0.045971	0.005351	-0.012184	-0.383545	-1.118652	-0.314453	83.881529	7.437443	-155.924571
17228		-1.193018	9.540299	1.178065	0.067811	0.007990	-0.014480	-0.382080	-1.116943	-0.311035	83.924120	7.442074	-155.923965
17229		-1.189919	9.595077	1.115121	0.097330	0.028590	-0.028897	-0.385010	-1.111816	-0.315186	83.982232	7.456259	-155.912711
17230		-1.185154	9.533233	1.141189	0.122781	0.030808	-0.048213	-0.371582	-1.115967	-0.308838	84.057728	7.481462	-155.901016
17231		-1.162632	9.540581	1.180111	0.151627	0.038835	-0.059689	-0.376465	-1.115479	-0.310791	84.147495	7.513771	-155.885662
17232		-1.169682	9.541880	1.162520	0.205322	0.057578	-0.076260	-0.377686	-1.120117	-0.304932	84.272073	7.556455	-155.860124
17233		-1.186951	9.546264	1.098292	0.256687	0.082502	-0.093491	-0.382080	-1.114502	-0.302002	84.425137	7.610435	-155.821434
17234		-1.198481	9.643138	0.990147	0.303953	0.090610	-0.116010	-0.379395	-1.121338	-0.306396	84.608502	7.677443	-155.778846
17235		-1.274729	9.696555	0.915221	0.356222	0.085709	-0.153599	-0.374268	-1.116455	-0.305664	84.818554	7.765640	-155.741153
17236		-1.229663	9.779566	0.854600	0.405976	0.071103	-0.221041	-0.377441	-1.122559	-0.290527	85.058301	7.891280	-155.714639
17237		-1.244035	9.564510	0.926521	0.489889	0.060461	-0.287398	-0.367188	-1.124512	-0.299561	85.342293	8.054338	-155.697201
17238		-1.203298	9.585871	0.888820	0.601878	0.049287	-0.373376	-0.366455	-1.130371	-0.292969	85.691836	8.265726	-155.688852
17239		-1.338558	9.708411	0.718143	0.734409	0.032496	-0.456727	-0.366455	-1.131348	-0.278320	86.112971	8.524185	-155.692539
17240		-1.389074	9.799443	0.558360	0.835319	0.007882	-0.539665	-0.350586	-1.138672	-0.277588	86.592252	8.828985	-155.711119
17241		-1.469023	10.047801	0.323236	0.919004	-0.036939	-0.651096	-0.343750	-1.148438	-0.279541	87.112522	9.196482	-155.756884
17242		-0.319437	11.399160	0.069837	0.885410	0.146316	-0.912817	-0.341064	-1.141846	-0.262207	87.632737	9.718760	-155.699569
17243		-1.286700	10.849229	0.369959	0.806283	0.236704	-1.249891	-0.329102	-1.161377	-0.259033	88.114311	10.435668	-155.592616
17244		-1.630678	10.970101	0.322132	0.673796	0.285711	-1.466041	-0.323975	-1.154785	-0.246582	88.529931	11.275916	-155.454333
17245		-1.648316	11.368729	0.414573	0.506969	0.251968	-1.681152	-0.306885	-1.169189	-0.249023	88.845976	12.238486	-155.333225
17246		-1.861251	10.997219	0.316097	0.363216	0.209581	-1.869475	-0.293457	-1.163086	-0.248291	89.079659	13.307378	-155.233264
17247		-1.923525	10.889380	0.378099	0.329415	0.168119	-2.017040	-0.269043	-1.170898	-0.239502	89.288109	14.460632	-155.154858
17248		-2.105954	10.573212	0.371613	0.340678	0.128122	-2.137853	-0.254639	-1.172852	-0.233154	89.502158	15.681901	-155.095460
17249		-2.249167	10.439621	0.348206	0.384391	0.095645	-2.239187	-0.230225	-1.174072	-0.226318	89.735741	16.961545	-155.051174
17250		-2.417457	10.140012	0.449504	0.423027	0.081273	-2.374353	-0.219971	-1.174561	-0.225586	89.994260	18.317612	-155.008877
17251		-2.610689	10.052629	0.466552	0.477653	0.045194	-2.504621	-0.206787	-1.170410	-0.228760	90.277635	19.748971	-154.981902
17252		-2.726882	9.940858	0.536471	0.547683	0.031099	-2.641040	-0.174561	-1.175049	-0.218750	90.604534	21.257444	-154.953643
17253		-2.857367	9.925821	0.521218	0.611016	0.019034	-2.779031	-0.153076	-1.177979	-0.211914	90.967240	22.845837	-154.922457
17254		-3.170503	9.432279	0.547973	0.632155	0.038376	-2.980326	-0.135498	-1.169922	-0.208008	91.356024	24.547959	-154.863882
17255		-3.339449	9.959415	0.424263	0.685166	0.014584	-3.152692	-0.103516	-1.180420	-0.205811	91.775128	26.349892	-154.804283
17256		-3.866384	9.492979	0.473742	0.728368	0.022439	-3.376984	-0.081787	-1.179199	-0.199219	92.235401	28.278303	-154.716939
17257		-3.909056	10.242301	0.439333	0.756781	-0.027182	-3.522677	-0.049316	-1.171387	-0.193848	92.707818	30.291979	-154.639509
17258		-4.762216	9.723206	0.495740	0.676779	0.013980	-3.781612	-0.017334	-1.162842	-0.190430	93.169042	32.450435	-154.503511
17259		-5.446956	11.011122	0.558623	0.547823	0.010976	-3.962174	0.004639	-1.168213	-0.184814	93.574018	34.712897	-154.340527
17260		-6.263625	11.478374	0.724015	0.413807	0.088749	-4.102282	0.040283	-1.156494	-0.185303	93.959743	37.049753	-154.091026
17261		-7.445866	13.089615	0.487712	0.191492	0.226197	-4.152315	0.078857	-1.140137	-0.181885	94.304084	39.409999	-153.713418
17262		-8.522501	13.835598	0.504688	-0.015942	0.390178	-4.086751	0.102539	-1.126465	-0.179443	94.641463	41.721510	-153.183775
17263		-7.524886	13.376726	0.767543	-0.231829	0.539078	-4.043861	0.136475	-1.115967	-0.179932	94.971569	44.001180	-152.504633
17264		-6.823578	13.240199	1.373615	-0.572864	0.671641	-4.039117	0.155762	-1.099365	-0.179688	95.233563	46.266066	-151.674294
17265		-6.369267	13.250172	1.080817	-0.874060	0.822134	-3.986531	0.200928	-1.070557	-0.179688	95.470405	48.493095	-150.673181
17266		-6.615486	11.034921	0.059685	-0.848302	1.032486	-3.888456	0.222656	-1.047852	-0.189697	95.931908	50.644446	-149.430067
17267		-6.143152	11.025092	0.070590	-0.692296	1.216740	-3.856716	0.257813	-1.042236	-0.191895	96.716681	52.760909	-147.926040
17268		-5.233678	11.544350	0.377690	-0.697985	1.358614	-3.831851	0.283691	-1.012939	-0.187988	97.744704	54.833580	-146.157805
17269		-4.611345	12.084059	0.381766	-0.900563	1.536808	-3.797701	0.309814	-1.000000	-0.181641	98.973829	56.855638	-144.050345
17270		-5.120118	10.715873	0.163766	-1.206961	1.687622	-3.664014	0.337402	-0.975342	-0.172363	100.348799	58.754677	-141.609212
17271		-4.465145	9.987487	0.419137	-1.560843	1.815196	-3.463525	0.356689	-0.947021	-0.182861	101.841244	60.499519	-138.844143
17272		-3.760907	9.781167	0.492578	-1.933410	1.961730	-3.139504	0.392090	-0.921143	-0.184326	103.439529	61.999848	-135.757851
17273		-2.448976	9.595335	0.110356	-2.236711	2.093643	-2.724053	0.404297	-0.902344	-0.191162	105.137138	63.214159	-132.403717
17274		7.022199	11.109795	-0.928953	-2.394294	2.171818	-2.057178	0.428223	-0.884277	-0.183105	106.814418	63.995045	-128.999241
17275		0.768577	18.088925	-0.757452	-2.419213	2.579692	-0.634404	0.438721	-0.873535	-0.184082	108.525779	63.890394	-125.552410
17276		-1.512846	17.152307	0.325746	-2.456633	2.450455	0.980838	0.445068	-0.876465	-0.181641	109.385339	62.890518	-123.015261
17277		0.264651	10.470406	0.541647	-2.017902	2.280679	1.871742	0.439941	-0.882568	-0.181396	109.869787	61.439170	-121.161067
17278		0.140532	6.628098	0.987073	-1.427980	1.906512	2.312818	0.426514	-0.895996	-0.169434	110.051235	59.806944	-120.011215
17279		-0.380818	6.066571	1.456829	-0.980560	1.453945	2.452595	0.418701	-0.914551	-0.174561	109.984469	58.199321	-119.434738
17280		-0.444190	6.432414	1.772082	-0.712040	1.036278	2.408960	0.408203	-0.936279	-0.172119	109.697376	56.685064	-119.287512
17281		0.007000	6.832750	1.899020	-0.564109	0.672328	2.361039	0.394287	-0.945068	-0.171875	109.238081	55.279090	-119.452733
17282		0.423725	7.444999	1.931722	-0.491233	0.356582	2.431845	0.381348	-0.962158	-0.177734	108.574112	53.879325	-119.917294
17283		0.591669	8.266997	1.884068	-0.491528	0.086255	2.599856	0.358398	-0.984619	-0.183838	107.730200	52.446168	-120.620885
17284		0.756554	8.807071	1.765772	-0.579358	-0.146204	2.770376	0.339600	-1.002441	-0.190674	106.683944	50.937863	-121.525342
17285		0.869178	9.006169	1.542222	-0.726462	-0.339232	2.901087	0.321045	-1.022461	-0.201416	105.486989	49.392108	-122.543066
17286		0.851246	8.973230	1.290402	-0.899636	-0.496639	2.990969	0.285889	-1.051514	-0.220215	104.145314	47.789575	-123.637847
17287		0.828056	9.301777	1.059229	-1.056255	-0.634871	3.068218	0.255127	-1.064209	-0.230957	102.719410	46.161499	-124.761497
17288		0.724782	9.660004	0.853587	-1.197224	-0.747729	3.164137	0.231934	-1.079102	-0.251953	101.213968	44.456397	-125.906502
17289		0.472080	10.082607	0.630040	-1.294152	-0.832197	3.301617	0.197021	-1.078369	-0.277832	99.696483	42.679708	-127.033437
17290		0.289524	10.437746	0.347556	-1.339047	-0.896202	3.464077	0.161133	-1.099609	-0.287109	98.187572	40.776604	-128.139215
17291		0.025000	10.766812	0.040170	-1.338288	-0.952549	3.637020	0.115723	-1.104736	-0.315674	96.742102	38.778155	-129.201052
17292		-0.359635	11.238961	-0.293106	-1.316022	-1.011725	3.788327	0.083984	-1.113770	-0.331299	95.353069	36.656711	-130.229712
17293		-0.686226	11.846552	-0.509991	-1.306039	-1.060150	3.914831	0.035889	-1.119141	-0.351563	94.038475	34.467584	-131.204568
17294		-1.080102	12.434600	-0.611923	-1.317775	-1.094510	4.014794	-0.002197	-1.127930	-0.365479	92.771543	32.182945	-132.126314
17295		-1.539248	13.068312	-0.645592	-1.371273	-1.115095	4.084734	-0.043701	-1.120117	-0.382813	91.547194	29.864790	-132.978754
17296		-2.001388	13.695959	-0.582774	-1.427569	-1.127900	4.146151	-0.086182	-1.125244	-0.403076	90.345783	27.473218	-133.767359
17297		-2.616047	14.247014	-0.483846	-1.448488	-1.163540	4.213134	-0.131104	-1.118896	-0.410400	89.190578	25.052936	-134.504009
17298		-3.175598	14.542912	-0.408362	-1.379960	-1.215967	4.295119	-0.177246	-1.117920	-0.433838	88.111143	22.548239	-135.208021
17299		-3.422937	14.833623	-0.141068	-1.236840	-1.278799	4.382334	-0.231689	-1.120361	-0.442383	87.157076	20.005447	-135.886253
17300		-3.691269	15.075072	0.162523	-1.037422	-1.340494	4.464105	-0.286377	-1.110840	-0.458008	86.346611	17.379595	-136.547754
17301		-4.011312	15.655777	0.617426	-0.827130	-1.401771	4.533212	-0.344238	-1.104736	-0.462891	85.693762	14.728875	-137.197516
17302		-4.310664	16.386359	1.090762	-0.668992	-1.463340	4.594457	-0.394775	-1.084473	-0.469727	85.157354	12.009008	-137.844886
17303		-4.844735	17.232985	1.574167	-0.578125	-1.553873	4.638619	-0.440186	-1.062256	-0.491699	84.703731	9.279028	-138.511725
17304		-5.800790	17.931647	2.083245	-0.526308	-1.668024	4.699675	-0.496582	-1.037842	-0.487793	84.302932	6.478352	-139.215201
17305		-6.989679	18.401659	2.407199	-0.474979	-1.822240	4.789167	-0.541748	-1.014160	-0.485596	83.964200	3.637985	-139.979634
17306		-8.432048	18.342617	2.248116	-0.445769	-1.982216	4.876056	-0.587402	-0.987549	-0.492676	83.675021	0.710205	-140.811591
17307		-9.807618	17.402885	2.186077	-0.352949	-2.139930	4.891192	-0.631104	-0.958740	-0.493164	83.485578	-2.215845	-141.719988
17308		-10.656621	16.518133	2.287204	-0.227880	-2.226997	4.817651	-0.673584	-0.918213	-0.493896	83.414912	-5.129896	-142.677471
17309		-11.485712	15.231844	2.432637	-0.110617	-2.228971	4.639112	-0.713623	-0.891602	-0.493408	83.463200	-7.920528	-143.652075
17310		-12.234178	13.799077	2.620858	-0.058400	-2.181547	4.337887	-0.751221	-0.863281	-0.487793	83.585824	-10.554714	-144.629057
17311		-12.954016	12.543719	2.817191	-0.113768	-2.098634	3.931936	-0.784668	-0.827637	-0.478271	83.718891	-12.930757	-145.598628
17312		-13.761827	10.911331	2.680790	-0.263052	-1.957422	3.461649	-0.814453	-0.795410	-0.477783	83.792438	-15.044887	-146.528010
17313		-14.403105	9.078680	2.352306	-0.480440	-1.778602	2.942019	-0.845215	-0.769287	-0.471924	83.756147	-16.835159	-147.394935
17314		-14.878652	7.825786	1.811830	-0.787502	-1.539824	2.385760	-0.855957	-0.740967	-0.454346	83.535323	-18.308458	-148.158843
17315		-15.898351	6.607197	0.939699	-1.128522	-1.293936	1.823333	-0.862549	-0.713623	-0.458740	83.100896	-19.436366	-148.812065
17316		-16.223322	5.109041	0.208152	-1.349721	-1.099586	1.275735	-0.881836	-0.681396	-0.459717	82.521026	-20.254015	-149.382247
17317		-16.394154	3.906152	-0.385638	-1.368805	-0.951424	0.760984	-0.882080	-0.675781	-0.458984	81.918816	-20.763912	-149.899365
17318		-16.220243	3.232760	-0.780564	-1.195839	-0.859537	0.305844	-0.895508	-0.662109	-0.460938	81.411162	-21.018871	-150.396732
17319		-15.245351	2.573269	-0.783981	-0.846764	-0.788885	-0.102580	-0.898193	-0.645752	-0.455078	81.103277	-21.033642	-150.888336
17320		-16.408178	0.996678	-0.728179	-0.150270	-0.704536	-0.952247	-0.898682	-0.649902	-0.444580	81.202098	-20.563625	-151.407908
17321		-18.188633	-2.527610	-2.219141	0.908223	-0.031795	-2.986862	-0.883545	-0.676025	-0.453369	81.821565	-18.877860	-151.698791
17322		0.559705	2.601689	-0.149853	1.308973	-0.291959	-3.499896	-0.880615	-0.697266	-0.448730	82.713991	-16.917070	-152.159826
17323		1.473270	13.648226	-0.526878	1.140206	-0.309649	-3.408361	-0.868652	-0.730957	-0.439941	83.486665	-15.003733	-152.590459
17324		3.064080	12.015377	-1.410495	0.910781	-0.451050	-3.358211	-0.855469	-0.756836	-0.427246	84.126670	-13.122159	-153.072787
17325		-0.241441	10.711986	-0.139505	0.539965	-0.582877	-3.687252	-0.853760	-0.788574	-0.418213	84.553528	-11.056723	-153.629200
17326		-1.859082	14.449199	-0.422672	-0.033447	-0.598421	-3.956315	-0.847168	-0.799805	-0.419434	84.633560	-8.835457	-154.196133
17327		-1.192670	14.402277	-2.415589	-0.413398	-0.616329	-3.778052	-0.826660	-0.831543	-0.419678	84.474107	-6.718034	-154.761715
17328		0.733751	13.409347	-3.969726	-0.212360	-0.243712	-3.543651	-0.822998	-0.844971	-0.420410	84.388170	-4.713272	-155.102967
17329		-0.045639	14.508189	-2.725407	-0.137245	0.330915	-3.500412	-0.809570	-0.859375	-0.413818	84.311208	-2.702741	-155.115189
17330		-2.317923	15.600282	-0.169181	-0.509546	0.784172	-3.509521	-0.782227	-0.879883	-0.417969	84.014850	-0.659049	-154.876166
17331		-2.614891	13.834653	3.645976	-0.374661	0.722564	-3.176911	-0.764648	-0.892334	-0.422119	83.802056	1.190835	-154.661053
17332		-3.454000	14.239310	3.922782	-0.143931	0.695495	-2.861036	-0.747559	-0.900635	-0.432617	83.729747	2.861704	-154.446212
17333		-2.958671	13.162074	2.843799	0.032952	0.638075	-2.539600	-0.726807	-0.913574	-0.437744	83.762209	4.343940	-154.244286
17334		-3.760776	13.812463	3.679970	0.218106	0.649746	-2.139750	-0.706055	-0.930420	-0.437744	83.909821	5.601253	-154.008278
17335		-5.580978	14.993103	3.299924	0.685891	0.514213	-1.333834	-0.697266	-0.941650	-0.428467	84.325899	6.387658	-153.795764
17336		-2.575739	14.071389	-1.418659	0.636470	0.312153	-0.452623	-0.695557	-0.950439	-0.422852	84.709509	6.661891	-153.644947
17337		-1.152811	11.179776	0.741607	0.185113	0.303037	-0.398750	-0.694580	-0.944580	-0.430664	84.834138	6.901273	-153.495255
17338		-2.129099	10.443152	1.099882	0.207263	0.196207	-0.226642	-0.688477	-0.953857	-0.422852	84.966816	7.039603	-153.397514
17339		-1.327430	10.828147	-0.135961	0.125018	0.161084	-0.124459	-0.692871	-0.953369	-0.423096	85.049552	7.114732	-153.314601
17340		-1.560136	10.428455	0.423343	-0.042049	0.142415	-0.096677	-0.688477	-0.956787	-0.433594	85.036739	7.175949	-153.240937
17341		-1.479485	10.224901	0.643271	-0.044438	0.073305	-0.059241	-0.681885	-0.965576	-0.425537	85.016641	7.209464	-153.205215
17342		-1.348195	9.953139	0.697865	-0.086707	0.055963	-0.025344	-0.690918	-0.960938	-0.430176	84.972561	7.225648	-153.177728
17343		-1.354465	9.664257	0.987941	-0.079449	0.032516	-0.016767	-0.682861	-0.956543	-0.432861	84.929740	7.232912	-153.163356
17344		-1.254957	9.627129	0.962354	-0.048179	0.010291	-0.010497	-0.694580	-0.961914	-0.425781	84.904491	7.238264	-153.161403
17345		-1.287839	9.527871	1.092465	-0.018706	-0.015275	-0.022362	-0.684570	-0.956787	-0.429932	84.892972	7.246299	-153.174818
17346		-1.350529	9.832270	0.849481	0.026651	-0.047502	-0.023812	-0.689697	-0.955322	-0.431641	84.906242	7.256222	-153.206803
17347		-1.340299	9.921306	0.709325	0.012279	-0.060042	-0.025356	-0.683350	-0.953857	-0.432373	84.909199	7.263692	-153.246125
17348		-1.311940	9.826680	0.784073	0.013598	-0.074801	-0.037790	-0.687256	-0.956787	-0.423096	84.912876	7.280135	-153.294534
17349		-1.323267	9.772575	0.838805	0.010540	-0.073558	-0.044162	-0.686035	-0.957275	-0.423096	84.913707	7.297655	-153.342598
17350		-1.269426	9.625119	0.963481	0.015613	-0.074409	-0.043922	-0.691895	-0.952148	-0.431152	84.918465	7.317547	-153.391099
17351		-1.246123	9.687957	0.919576	0.022974	-0.071214	-0.042303	-0.683350	-0.958496	-0.428223	84.926574	7.334132	-153.437720
17352		-1.253329	9.669495	0.889041	0.023291	-0.058540	-0.038823	-0.692383	-0.951904	-0.425049	84.936846	7.351848	-153.476832
17353		-1.267484	9.696010	0.934053	0.014893	-0.042612	-0.030734	-0.687744	-0.954590	-0.428955	84.942483	7.363289	-153.506402
17354		-1.271407	9.656858	0.916498	0.016431	-0.024978	-0.028139	-0.689941	-0.950439	-0.426270	84.951308	7.376531	-153.525658
17355		-1.279062	9.698108	0.890024	0.013827	-0.014182	-0.030155	-0.695801	-0.952148	-0.423584	84.958428	7.389082	-153.538836
17356		-1.292394	9.664915	0.931193	0.015363	-0.014729	-0.039537	-0.684082	-0.965088	-0.420166	84.967274	7.409273	-153.552772
17357		-1.302616	9.667079	0.888046	0.018580	-0.018373	-0.042533	-0.688232	-0.956299	-0.420166	84.976717	7.428683	-153.568986
17358		-1.302513	9.684934	0.915398	0.021230	-0.011860	-0.038336	-0.696777	-0.952148	-0.425537	84.989095	7.448266	-153.581207
17359		-1.308430	9.705372	0.901025	0.016894	-0.006075	-0.032930	-0.691162	-0.958252	-0.423096	84.998543	7.462816	-153.589852
17360		-1.308125	9.740383	0.816011	0.002126	-0.002266	-0.035499	-0.689941	-0.957764	-0.429199	85.000666	7.481194	-153.596405
17361		-1.327870	9.709493	0.817714	-0.021886	-0.003572	-0.033120	-0.693359	-0.958008	-0.425293	84.988076	7.495977	-153.603619
17362		-1.295394	9.633058	0.924254	-0.024857	-0.004229	-0.033940	-0.697266	-0.961914	-0.429199	84.974573	7.513300	-153.611231
17363		-1.280058	9.585963	1.035218	-0.022528	0.007798	-0.021249	-0.694824	-0.956055	-0.429199	84.962547	7.521876	-153.611304
17364		-1.310135	9.599161	0.970273	-0.008110	0.010185	-0.020413	-0.696289	-0.962402	-0.424561	84.959764	7.532135	-153.609941
17365		-1.297848	9.649977	0.957812	-0.013737	0.020850	-0.008342	-0.688477	-0.959717	-0.427979	84.953845	7.534002	-153.601846
17366		-1.298873	9.649743	0.958775	-0.011642	0.019342	-0.008924	-0.691162	-0.960205	-0.426758	84.949762	7.538105	-153.594631
17367		-1.300005	9.649499	0.959698	-0.012609	0.018719	-0.010757	-0.689453	-0.953613	-0.418701	84.944313	7.541245	-153.587886
17368		-1.336389	9.609225	0.949513	-0.016347	0.022655	-0.006340	-0.682617	-0.960205	-0.424561	84.937764	7.543982	-153.578634
17369		-1.283931	9.619747	0.957687	-0.019383	0.031855	-0.001386	-0.686279	-0.957520	-0.424316	84.929489	7.542439	-153.563850
17370		-1.330083	9.662475	0.897388	-0.021044	0.034621	-0.002662	-0.685303	-0.961426	-0.425293	84.921140	7.543631	-153.547524
17371		-1.312010	9.671765	0.911812	-0.038442	0.031916	-0.009448	-0.686035	-0.956299	-0.427490	84.901897	7.546698	-153.533117
17372		-1.313580	9.671179	0.915759	-0.049475	0.014488	-0.018643	-0.686523	-0.958496	-0.420410	84.875603	7.555941	-153.529205
17373		-1.350130	9.669258	0.925781	-0.055177	0.009215	-0.029221	-0.692383	-0.956787	-0.424805	84.844921	7.569139	-153.528892
17374		-1.353005	9.668371	0.930843	-0.052201	0.009882	-0.028401	-0.698730	-0.955078	-0.431396	84.816621	7.583669	-153.528149
17375		-1.319302	9.647831	0.943483	-0.057705	0.009826	-0.031905	-0.688721	-0.964355	-0.424805	84.784517	7.598431	-153.527639
17376		-1.322639	9.646862	0.948702	-0.053168	0.009622	-0.035354	-0.689453	-0.966553	-0.432861	84.755566	7.616870	-153.527427
17377		-1.329107	9.666622	0.941118	-0.052832	0.012785	-0.042754	-0.682129	-0.960693	-0.431152	84.726401	7.637977	-153.525804
17378		-1.346214	9.653201	0.975401	-0.045679	0.010788	-0.048207	-0.691162	-0.964600	-0.428711	84.701711	7.663766	-153.525623
17379		-1.325571	9.676897	0.920072	-0.040777	0.012693	-0.043713	-0.683105	-0.961670	-0.435547	84.679439	7.685417	-153.524123
17380		-1.360510	9.692761	0.957848	-0.035546	0.017759	-0.046611	-0.683838	-0.958496	-0.439209	84.661078	7.710624	-153.519863
17381		-1.328261	9.672250	0.968630	-0.038589	0.018298	-0.042756	-0.680176	-0.964111	-0.420654	84.640498	7.732029	-153.515099
17382		-1.330210	9.650485	0.984465	-0.035806	0.022420	-0.047903	-0.679688	-0.955811	-0.431396	84.622319	7.758184	-153.508243
17383		-1.380735	9.692631	0.925637	-0.028551	0.018528	-0.047813	-0.684082	-0.962646	-0.424805	84.607474	7.782490	-153.503634
17384		-1.370236	9.665321	1.024193	-0.030462	0.016940	-0.046378	-0.678955	-0.957275	-0.427490	84.591923	7.807445	-153.499863
17385		-1.344254	9.647749	0.992182	-0.021467	0.017382	-0.043467	-0.687744	-0.959717	-0.425049	84.581082	7.829212	-153.495688
17386		-1.363776	9.655361	1.010568	-0.010485	0.026520	-0.040442	-0.682373	-0.960938	-0.432373	84.577749	7.851264	-153.486087
17387		-1.362676	9.613172	1.035300	0.007218	0.032414	-0.041011	-0.679932	-0.959473	-0.429199	84.584548	7.872444	-153.473125
17388		-1.369720	9.633576	1.020763	0.025537	0.036478	-0.042574	-0.685059	-0.964600	-0.433105	84.602605	7.896212	-153.457901
17389		-1.377655	9.615287	0.988143	0.032934	0.046798	-0.039382	-0.686035	-0.964600	-0.428955	84.625302	7.917229	-153.436553
17390		-1.426800	9.696839	0.939420	0.031389	0.039370	-0.041348	-0.681152	-0.960938	-0.430176	84.646942	7.940409	-153.419580
17391		-1.382531	9.632851	1.010279	0.028613	0.035250	-0.036209	-0.687988	-0.969482	-0.434570	84.666285	7.958983	-153.404694
17392		-1.389867	9.614609	0.977577	0.033682	0.034422	-0.035959	-0.677734	-0.964111	-0.431152	84.688878	7.978786	-153.390266
17393		-1.424231	9.631101	1.007973	0.035353	0.031662	-0.034687	-0.684814	-0.955078	-0.429688	84.711819	7.996291	-153.377350
17394		-1.411749	9.661461	1.004033	0.028994	0.029066	-0.034500	-0.686279	-0.963623	-0.428223	84.731295	8.014941	-153.365917
17395		-1.411762	9.697123	0.917069	0.027116	0.019175	-0.039292	-0.678467	-0.961426	-0.435547	84.748488	8.034409	-153.360427
17396		-1.423296	9.642717	0.969647	0.013474	0.005052	-0.046981	-0.681396	-0.959473	-0.433594	84.757033	8.058889	-153.363482
17397		-1.403891	9.610478	1.004789	0.028587	0.004479	-0.051762	-0.683594	-0.964111	-0.430908	84.773793	8.084701	-153.367110
17398		-1.401780	9.664024	0.946892	0.035574	0.005259	-0.052947	-0.681152	-0.958496	-0.434326	84.794949	8.112572	-153.370348
17399		-1.435751	9.620619	0.973156	0.042414	0.000487	-0.056101	-0.678955	-0.963867	-0.434326	84.819273	8.140656	-153.376486
17400		-1.428217	9.671545	0.955506	0.053616	-0.001364	-0.063556	-0.676270	-0.958984	-0.428223	84.850126	8.174218	-153.384073
17401		-1.422878	9.644657	0.903536	0.066593	-0.007161	-0.074419	-0.676514	-0.968262	-0.425049	84.887537	8.212370	-153.395539
17402		-1.429820	9.683023	0.913937	0.063222	-0.008374	-0.083637	-0.674805	-0.969238	-0.428711	84.923147	8.257022	-153.408163
17403		-1.392775	9.601197	0.952505	0.081796	0.000153	-0.087925	-0.673828	-0.968018	-0.431641	84.969767	8.303266	-153.416050
17404		-1.447341	9.681889	0.898237	0.098337	0.002240	-0.102978	-0.677246	-0.960449	-0.430176	85.026214	8.359481	-153.423461
17405		-1.418815	9.602625	0.891137	0.128333	0.006224	-0.118990	-0.679443	-0.969482	-0.428223	85.099781	8.423774	-153.429300
17406		-1.445906	9.649411	0.910546	0.160156	0.013050	-0.131778	-0.676270	-0.973877	-0.429688	85.192348	8.496950	-153.431742
17407		-1.468842	9.671782	0.839239	0.183749	0.016367	-0.153178	-0.673340	-0.972168	-0.426025	85.298308	8.581263	-153.433163
17408		-1.444637	9.670601	0.856697	0.212228	0.014913	-0.176726	-0.679688	-0.978271	-0.428711	85.420573	8.680179	-153.436367
17409		-1.497723	9.628871	0.822688	0.254747	0.015501	-0.207806	-0.680420	-0.965332	-0.425781	85.566809	8.795661	-153.440406
17410		-1.552239	9.814323	0.639946	0.263942	0.003703	-0.233583	-0.668701	-0.979736	-0.425049	85.717368	8.926561	-153.452111
17411		-1.471810	9.648576	0.790109	0.285711	-0.006408	-0.267302	-0.667725	-0.981934	-0.416016	85.879045	9.075140	-153.470736
17412		-1.632409	9.633517	0.679728	0.330850	0.002888	-0.299908	-0.672363	-0.984619	-0.415039	86.067490	9.243954	-153.484865
17413		-1.101423	10.234256	0.585210	0.341885	0.046560	-0.397184	-0.673096	-0.992432	-0.414307	86.265562	9.468928	-153.476894
17414		-1.452047	9.993307	0.529058	0.345129	0.095367	-0.552645	-0.661865	-0.996338	-0.409912	86.469684	9.785651	-153.445537
17415		-1.688581	9.881874	0.557899	0.357159	0.119601	-0.661720	-0.650879	-0.996338	-0.404053	86.682634	10.164359	-153.402694
17416		-1.560506	10.222240	0.643332	0.328962	0.139157	-0.768519	-0.644287	-1.000977	-0.408936	86.881660	10.605708	-153.350529
17417		-1.654752	10.362569	0.529268	0.260113	0.159594	-0.913732	-0.642334	-1.006348	-0.405762	87.043100	11.129527	-153.289456
17418		-1.636953	10.590500	0.787808	0.204428	0.165337	-1.072964	-0.636475	-1.011475	-0.402588	87.173504	11.745482	-153.228238
17419		-1.668139	10.531907	0.765951	0.171211	0.166883	-1.234029	-0.625732	-1.020752	-0.405762	87.284865	12.452520	-153.169210
17420		-1.876497	10.652551	0.755691	0.172107	0.157376	-1.401174	-0.615967	-1.029053	-0.408447	87.395803	13.255769	-153.118734
17421		-2.060924	10.573612	0.624200	0.167510	0.142870	-1.561308	-0.604004	-1.028809	-0.400879	87.502019	14.149300	-153.079274
17422		-2.261615	10.546957	0.536265	0.174253	0.097236	-1.698013	-0.591064	-1.038330	-0.405273	87.605673	15.120721	-153.068404
17423		-2.393969	10.374544	0.481509	0.168787	0.038955	-1.817990	-0.581543	-1.041260	-0.398438	87.696547	16.158615	-153.093353
17424		-2.541710	10.316356	0.513251	0.196808	-0.016416	-1.901699	-0.566162	-1.048828	-0.405029	87.793592	17.243965	-153.151710
17425		-2.744745	9.776591	0.500827	0.194935	-0.053566	-1.983271	-0.549072	-1.048828	-0.401367	87.881376	18.374563	-153.232791
17426		-2.892885	9.638181	0.563260	0.214203	-0.092421	-2.048763	-0.539551	-1.065918	-0.399170	87.971118	19.542639	-153.337502
17427		-3.174316	9.187078	0.523445	0.218305	-0.123435	-2.063980	-0.520264	-1.070801	-0.393555	88.054811	20.718295	-153.460349
17428		-3.272757	8.999486	0.639633	0.254460	-0.139271	-2.041783	-0.500000	-1.081543	-0.395020	88.153999	21.881738	-153.591400
17429		-3.511135	8.562379	0.711193	0.293244	-0.122492	-1.983362	-0.491455	-1.084717	-0.392578	88.277796	23.011644	-153.709552
17430		-3.783920	8.428927	0.705964	0.317055	-0.084261	-1.967254	-0.477051	-1.090332	-0.387207	88.423579	24.133796	-153.801617
17431		-3.954591	8.290161	0.727323	0.344841	-0.039730	-1.931825	-0.463379	-1.098389	-0.384521	88.596670	25.235961	-153.862398
17432		-4.098928	8.358330	0.745768	0.386889	0.006923	-1.864658	-0.452393	-1.098145	-0.378906	88.807652	26.301031	-153.889009
17433		-4.269466	8.332237	0.823301	0.453250	0.054240	-1.785696	-0.432129	-1.108154	-0.377197	89.072500	27.320864	-153.879569
17434		-4.481867	8.341136	0.797329	0.515949	0.116296	-1.707649	-0.421875	-1.110352	-0.374268	89.395156	28.296994	-153.823335
17435		-4.624477	8.299505	0.701264	0.545351	0.196733	-1.666525	-0.407227	-1.120117	-0.374023	89.764505	29.248990	-153.707022
17436		-4.935764	8.335989	0.686192	0.576123	0.258547	-1.618138	-0.389404	-1.128662	-0.363037	90.177369	30.173156	-153.541490
17437		-5.047716	8.523900	0.667987	0.599652	0.323395	-1.569585	-0.377686	-1.126953	-0.364990	90.633018	31.067531	-153.323224
17438		-5.160215	8.569152	0.598600	0.612256	0.385674	-1.515599	-0.367432	-1.136719	-0.361328	91.125569	31.929444	-153.053158
17439		-5.555055	9.244067	1.020520	0.559681	0.449372	-1.481667	-0.347900	-1.135498	-0.354248	91.620601	32.768432	-152.728985
17440		-5.486716	10.087300	1.484478	0.320374	0.534767	-1.450445	-0.333252	-1.143066	-0.358643	92.019489	33.586398	-152.336493
17441		-5.652141	10.714578	1.798521	0.003972	0.658751	-1.384273	-0.315430	-1.138428	-0.362061	92.294285	34.361287	-151.850423
17442		-5.770163	10.883471	2.124459	-0.292702	0.822158	-1.298781	-0.296875	-1.150146	-0.367432	92.471504	35.082171	-151.245403
17443		-5.611049	11.721374	2.464541	-0.617563	0.987673	-1.198587	-0.281982	-1.133301	-0.367432	92.539038	35.740071	-150.519740
17444		-5.178377	12.202024	2.586486	-1.025833	1.167392	-1.022503	-0.270996	-1.124512	-0.373535	92.452315	36.292985	-149.667648
17445		-5.221514	11.749718	2.000643	-1.412574	1.395618	-0.860301	-0.253906	-1.119141	-0.382813	92.247560	36.749243	-148.653224
17446		-4.987285	12.246674	1.827195	-1.817602	1.636350	-0.775241	-0.247070	-1.103271	-0.403320	91.919216	37.155409	-147.466496
17447		-4.437062	12.628788	1.525849	-2.252638	1.866202	-0.630067	-0.217773	-1.088379	-0.427734	91.449279	37.481326	-146.114147
17448		-3.745453	11.580506	1.082900	-2.645588	2.125883	-0.457341	-0.207031	-1.071533	-0.445068	90.870966	37.714501	-144.576575
17449		-2.929613	9.259705	0.662306	-2.834637	2.379199	-0.349372	-0.189453	-1.042480	-0.458008	90.303863	37.897114	-142.853602
17450		-1.255744	7.819021	0.073605	-2.747893	2.591722	-0.220097	-0.158447	-1.024414	-0.483398	89.883381	38.016165	-140.976244
17451		1.015954	7.980696	-0.497249	-2.455592	2.810686	0.071559	-0.137939	-1.008301	-0.486816	89.732484	37.976922	-138.937347
17452		3.619042	9.085388	-1.609084	-2.111580	3.085856	0.464667	-0.122070	-0.987061	-0.501953	89.892398	37.711258	-136.703467
17453		8.131168	9.983530	-4.982124	-1.715450	3.733270	0.839261	-0.096191	-0.978760	-0.512451	90.545424	37.218516	-134.015650
17454		3.058703	12.524968	-4.619520	-1.625008	4.567154	1.122850	-0.075928	-0.957031	-0.513428	91.563802	36.520491	-130.765917
17455		3.313544	14.195109	-4.822387	-1.946113	5.058098	1.586470	-0.050781	-0.940430	-0.511230	92.528729	35.504761	-127.230282
17456		3.694093	10.732873	-4.927604	-2.113725	5.517633	1.944264	-0.020996	-0.933350	-0.511475	93.472845	34.218717	-123.459564
17457		2.285328	8.966786	-5.259496	-2.079842	5.795618	2.138175	0.012695	-0.911865	-0.513916	94.416000	32.764146	-119.593087
17458		1.213023	8.168809	-5.325581	-1.979993	5.913263	2.163694	0.036133	-0.901123	-0.502197	95.321975	31.232329	-115.742238
17459		0.111497	7.686754	-5.279565	-1.846431	5.893275	2.095248	0.074219	-0.886475	-0.495850	96.168307	29.696034	-111.988712
17460		-0.459974	7.530938	-4.837442	-1.697173	5.715178	1.999939	0.095215	-0.879150	-0.482910	96.919235	28.175185	-108.426313
17461		-0.626941	7.944231	-4.237702	-1.564580	5.450267	1.915790	0.132568	-0.868164	-0.463623	97.557918	26.689227	-105.096567
17462		-0.866644	8.651506	-3.596667	-1.465189	5.117979	1.850019	0.157471	-0.868164	-0.445801	98.059797	25.231395	-102.031153
17463		-0.859567	9.397857	-3.000540	-1.423817	4.752650	1.817495	0.175781	-0.853516	-0.440918	98.404319	23.807542	-99.237640
17464		-0.427664	10.185769	-2.537485	-1.444494	4.387315	1.816902	0.191162	-0.849365	-0.430908	98.568641	22.397657	-96.707298
17465		-0.147300	10.779260	-2.247351	-1.521409	4.055450	1.845085	0.218506	-0.835938	-0.418213	98.547911	21.003278	-94.408299
17466		0.093739	11.074177	-2.187962	-1.644752	3.755995	1.872300	0.226807	-0.836914	-0.399658	98.331841	19.616747	-92.311934
17467		0.187382	11.016589	-2.111182	-1.772288	3.474923	1.865260	0.239746	-0.833496	-0.392822	97.940394	18.273847	-90.392587
17468		0.194443	10.896708	-2.174261	-1.862407	3.211871	1.828216	0.251221	-0.824219	-0.388184	97.404963	16.980157	-88.631168
17469		0.188697	10.939654	-2.285756	-1.933976	2.947016	1.772146	0.262939	-0.814941	-0.382568	96.751944	15.761263	-87.019561
17470		0.083884	11.220536	-2.409465	-1.988644	2.688142	1.724557	0.273926	-0.802979	-0.375488	95.994661	14.598091	-85.552504
17471		0.047146	11.488846	-2.639470	-2.027239	2.440369	1.708323	0.281738	-0.799805	-0.374756	95.157183	13.484795	-84.220355
17472		-0.062168	11.772247	-2.910581	-2.058065	2.199444	1.730396	0.301025	-0.790039	-0.368408	94.244479	12.382871	-83.020163
17473		-0.072565	11.903325	-3.305399	-2.073598	1.995022	1.789688	0.301758	-0.780518	-0.365723	93.281235	11.281267	-81.927700
17474		-0.073933	11.910919	-3.784011	-2.065145	1.834705	1.887746	0.308838	-0.777100	-0.379395	92.283647	10.139061	-80.917375
17475		-0.026526	12.093719	-4.317366	-2.036010	1.722841	2.008132	0.314453	-0.767334	-0.369141	91.277199	8.954860	-79.957116
17476		0.076457	12.251847	-4.804991	-1.962735	1.680842	2.153515	0.317383	-0.758789	-0.360840	90.288595	7.696804	-79.005474
17477		0.143696	12.030772	-5.272585	-1.844490	1.707849	2.303794	0.321777	-0.760254	-0.365967	89.353428	6.376240	-78.019214
17478		0.154572	11.593163	-5.584953	-1.713835	1.784061	2.437092	0.333496	-0.758301	-0.349365	88.473999	4.988129	-76.969827
17479		-0.046682	11.295644	-5.774821	-1.613527	1.883837	2.512925	0.335449	-0.775146	-0.336914	87.634553	3.582025	-75.842758
17480		-0.309341	11.058693	-5.765025	-1.552634	2.002350	2.523961	0.337891	-0.775879	-0.335205	86.805176	2.181712	-74.629220
17481		-0.661599	10.647305	-5.626191	-1.487054	2.107688	2.506605	0.340820	-0.783691	-0.326416	85.987828	0.820372	-73.336877
17482		-1.149801	10.256142	-5.332198	-1.378964	2.179101	2.475674	0.344727	-0.791748	-0.321533	85.201196	-0.509520	-71.986970
17483		-1.699344	10.001885	-4.841329	-1.221684	2.179692	2.439661	0.346191	-0.797363	-0.298096	84.474591	-1.793311	-70.620604
17484		-2.110712	9.809175	-4.242485	-1.025052	2.130706	2.390186	0.351807	-0.810791	-0.297852	83.830605	-3.042598	-69.269219
17485		-2.525044	9.620555	-3.648174	-0.801152	2.025516	2.335860	0.351318	-0.829834	-0.282959	83.289626	-4.246411	-67.966647
17486		-2.927613	9.355108	-3.024446	-0.549912	1.864094	2.277233	0.340088	-0.849121	-0.270020	82.872665	-5.423893	-66.748594
17487		-3.241619	8.961659	-2.286725	-0.291168	1.660121	2.202093	0.343262	-0.855225	-0.253418	82.591275	-6.559237	-65.642714
17488		-3.466545	8.288378	-1.123128	-0.008306	1.453260	2.101375	0.336426	-0.872314	-0.244141	82.465638	-7.655015	-64.656693
17489		-3.614249	7.673205	0.346692	0.297940	1.231897	1.980762	0.319824	-0.889648	-0.229736	82.515898	-8.692042	-63.803231
17490		-3.877859	8.294153	1.337134	0.475733	1.004918	1.816794	0.319336	-0.896973	-0.223633	82.676336	-9.659646	-63.092707
17491		-3.948300	9.258908	1.988075	0.390869	0.770275	1.623757	0.327393	-0.912109	-0.209229	82.802890	-10.530836	-62.531958
17492		-4.133212	9.696897	2.195474	0.081540	0.531317	1.430725	0.317383	-0.927490	-0.207275	82.773147	-11.314541	-62.123241
17493		-4.438536	9.318675	2.117491	-0.258306	0.258661	1.262511	0.304688	-0.927734	-0.204102	82.577326	-12.017188	-61.882345
17494		-4.786521	8.248161	1.894521	-0.481368	-0.040120	1.082463	0.295410	-0.939941	-0.213379	82.290229	-12.642734	-61.825648
17495		-5.157878	7.083623	1.500909	-0.525553	-0.380722	0.887242	0.288574	-0.942627	-0.209473	82.024382	-13.180205	-61.979527
17496		-5.439258	6.422419	1.096467	-0.391900	-0.709095	0.663616	0.280029	-0.947754	-0.223877	81.884544	-13.620258	-62.341822
17497		-12.471778	1.938713	0.261998	0.431237	-0.810200	-0.480811	0.280762	-0.941650	-0.215332	82.252972	-13.415575	-62.857132
17498		-10.490938	-1.596745	-1.775719	1.223940	-0.940511	-1.482375	0.286133	-0.939209	-0.211914	83.104557	-12.646975	-63.520244
17499		-10.473440	6.665430	0.760696	1.195144	-1.117051	-2.096249	0.296875	-0.932373	-0.206055	83.956156	-11.529694	-64.312429
17500		0.476768	10.412402	0.032886	0.921725	-1.063117	-2.173033	0.301758	-0.923584	-0.214600	84.626981	-10.354760	-65.059310
17501		1.627957	15.337927	-0.764828	0.650084	-1.101143	-1.866490	0.314941	-0.915283	-0.212646	85.126679	-9.349887	-65.797520
17502		3.042458	10.907258	-2.869423	0.277660	-1.099930	-1.814596	0.316650	-0.906006	-0.212158	85.398728	-8.368905	-66.523575
17503		2.264849	9.527905	-3.541593	0.128462	-0.985519	-2.168945	0.327393	-0.903564	-0.214355	85.563917	-7.178438	-67.194027
17504		0.983619	11.918471	-4.198061	0.107461	-0.678392	-2.327672	0.330322	-0.880615	-0.230713	85.683657	-5.881592	-67.690152
17505		1.314733	12.964535	-5.247448	-0.012879	-0.259411	-2.260525	0.356689	-0.861816	-0.232178	85.700021	-4.605128	-67.940205
17506		1.497332	12.449556	-4.102853	-0.102223	0.290579	-2.295369	0.357422	-0.853027	-0.227539	85.639726	-3.284409	-67.876997
17507		-0.972306	14.058998	-0.815456	-0.330332	0.743684	-2.388148	0.379395	-0.834961	-0.226074	85.437110	-1.891007	-67.561811
17508		-3.032458	14.046375	3.620264	-0.448597	0.556043	-2.191924	0.393555	-0.818604	-0.218262	85.178629	-0.616490	-67.350556
17509		-3.061679	12.208381	5.090031	-0.250545	0.165058	-1.933430	0.401367	-0.800781	-0.226807	85.035968	0.491379	-67.354277
17510		-2.139537	12.022858	3.026066	0.073123	-0.088894	-1.744121	0.405762	-0.789551	-0.216797	85.078101	1.479861	-67.494575
17511		-1.499013	12.789968	0.477206	0.187663	-0.182487	-1.492570	0.411133	-0.791992	-0.216553	85.180539	2.319142	-67.674931
17512		-1.161728	12.394993	-0.032637	0.159796	-0.102845	-1.210794	0.416016	-0.777344	-0.215332	85.269045	3.003097	-67.794911
17513		-1.285991	10.957537	0.742186	0.034093	-0.095842	-1.027086	0.423828	-0.775146	-0.219238	85.283334	3.581128	-67.901753
17514		-1.275982	10.425505	1.266759	0.074522	-0.091168	-0.908669	0.423584	-0.762695	-0.221436	85.322058	4.093369	-68.000012
17515		-1.214400	10.506728	0.913740	0.137952	-0.060313	-0.770132	0.422363	-0.758545	-0.218262	85.396441	4.526460	-68.073848
17516		-1.314876	10.836458	0.655646	0.175622	0.013778	-0.611250	0.429443	-0.754395	-0.218506	85.497702	4.873926	-68.097184
17517		-1.340311	10.494007	0.823494	0.190690	0.032640	-0.453007	0.437500	-0.755127	-0.218018	85.607414	5.130241	-68.102181
17518		-1.279440	10.375622	0.686307	0.221750	0.041220	-0.341093	0.438721	-0.747803	-0.220215	85.737523	5.324697	-68.096678
17519		-1.067690	10.319335	0.490277	0.186449	0.058242	-0.258708	0.436279	-0.750977	-0.219727	85.847026	5.471081	-68.077702
17520		-1.295573	10.291219	0.713419	0.163606	0.079437	-0.175749	0.440186	-0.757813	-0.208984	85.946713	5.572615	-68.042674
17521		-1.117738	9.897164	0.589337	0.143581	0.056122	-0.136744	0.436035	-0.753174	-0.209717	86.032136	5.649140	-68.019492
17522		-1.200383	10.306056	0.406129	0.083773	0.032487	-0.131315	0.440430	-0.752441	-0.215332	86.083717	5.723354	-68.009376
17523		-1.227060	10.199311	0.476759	0.032804	0.016713	-0.098673	0.440674	-0.748291	-0.213379	86.103622	5.776536	-68.007195
17524		-1.059327	9.898081	0.530718	-0.003510	0.002109	-0.085368	0.440430	-0.749023	-0.207764	86.103672	5.823317	-68.012670
17525		-1.162833	9.978979	0.602912	-0.020575	-0.000479	-0.075834	0.437500	-0.745850	-0.215576	86.092082	5.862773	-68.019469
17526		-1.114007	9.775699	0.686489	-0.024928	0.004096	-0.063400	0.442871	-0.747070	-0.211670	86.080068	5.897081	-68.022949
17527		-1.072406	9.662654	0.714256	-0.025373	-0.003550	-0.060728	0.444092	-0.749268	-0.213135	86.065599	5.927779	-68.030935
17528		-1.128108	9.832169	0.647291	-0.030457	0.001691	-0.062384	0.434082	-0.744385	-0.211182	86.050257	5.961417	-68.035772
17529		-1.095494	9.836631	0.696285	-0.040236	0.002961	-0.054640	0.439941	-0.742432	-0.209961	86.027676	5.988888	-68.039793
17530		-1.039228	9.404534	0.816525	-0.043869	0.012395	-0.061938	0.442627	-0.739990	-0.212891	86.005281	6.022698	-68.038483
17531		-1.014256	9.127600	1.020721	-0.035835	0.043561	-0.109031	0.441162	-0.748047	-0.209961	85.987444	6.082878	-68.021378
17532		-0.950568	8.885774	1.039601	-0.025993	0.075592	-0.153357	0.440430	-0.747314	-0.207520	85.978722	6.171475	-67.987449
17533		-0.789991	8.669759	1.074371	-0.046927	0.140391	-0.227324	0.450439	-0.746582	-0.218018	85.960109	6.303171	-67.919487
17534		-0.905944	9.141058	0.992459	-0.051444	0.223824	-0.274871	0.450684	-0.741943	-0.212158	85.945806	6.467201	-67.805283
17535		-1.305522	10.469067	0.860414	-0.121189	0.219274	-0.229506	0.447754	-0.743408	-0.205566	85.890141	6.603423	-67.692113
17536		-1.299585	10.270702	0.264305	-0.199735	0.223192	-0.155908	0.451660	-0.747314	-0.207275	85.791864	6.699650	-67.573551
17537		-1.384103	10.327303	0.542991	-0.256916	0.231009	-0.106864	0.449219	-0.733643	-0.207764	85.660182	6.766675	-67.448770
17538		-1.485107	10.037007	0.701487	-0.226359	0.170839	-0.021432	0.445068	-0.736328	-0.206543	85.544073	6.784278	-67.354735
17539		-1.391868	9.779802	0.942356	-0.148253	0.102493	0.020549	0.458496	-0.739258	-0.205811	85.466674	6.773232	-67.298367
17540		-1.298784	9.731744	0.870132	-0.072398	0.059952	0.031659	0.449219	-0.734131	-0.207275	85.431517	6.755753	-67.265723
17541		-1.283006	9.812020	0.777199	-0.030137	0.035110	0.030479	0.448242	-0.737549	-0.206787	85.417264	6.736035	-67.247639
17542		-1.268931	9.807103	0.757436	-0.007895	0.031809	0.038958	0.453613	-0.734619	-0.205322	85.417173	6.713130	-67.230837
17543		-1.197504	9.711601	0.815762	0.007756	0.030373	0.035175	0.447998	-0.725098	-0.203369	85.424325	6.690514	-67.215261
17544		-1.184917	9.647947	0.890784	0.024338	0.031741	0.034967	0.454590	-0.732178	-0.210693	85.442656	6.669886	-67.198691
17545		-1.165662	9.696726	0.855570	0.042870	0.033110	0.031825	0.454590	-0.735596	-0.205566	85.470079	6.649298	-67.181710
17546		-1.185808	9.681446	0.870520	0.058977	0.043967	0.029853	0.452393	-0.733887	-0.200684	85.509003	6.632124	-67.158368
17547		-1.137260	9.746586	0.703946	0.045827	0.057406	0.023294	0.451172	-0.739746	-0.211182	85.539674	6.617476	-67.127825
17548		-1.203334	9.725543	0.782527	0.031580	0.053037	0.016200	0.456055	-0.738281	-0.203613	85.563409	6.608474	-67.099902
17549		-1.245435	9.779202	0.743913	0.017575	0.046576	0.010430	0.446777	-0.741943	-0.207520	85.577098	6.600670	-67.076174
17550		-1.232882	9.800699	0.743530	-0.003216	0.037303	0.009889	0.455811	-0.741943	-0.202148	85.579810	6.594573	-67.057585
17551		-1.245280	9.752780	0.721326	-0.019444	0.038843	0.003087	0.453857	-0.729492	-0.202393	85.571736	6.590620	-67.038632
17552		-1.210492	9.789942	0.704571	-0.043992	0.028660	0.002718	0.457275	-0.738770	-0.204102	85.550474	6.588252	-67.025331
17553		-1.171518	9.736036	0.799921	-0.069502	0.021564	-0.003853	0.453613	-0.737549	-0.204102	85.512541	6.587506	-67.016622
17554		-1.100057	9.666048	0.833683	-0.083049	0.027398	-0.007832	0.455566	-0.732178	-0.198486	85.468759	6.591125	-67.004522
17555		-1.143300	9.633304	0.827386	-0.082894	0.031776	-0.012624	0.455566	-0.730225	-0.207031	85.423783	6.595866	-66.990342
17556		-1.188051	9.685821	0.799835	-0.091607	0.040415	-0.018886	0.458008	-0.735840	-0.207764	85.375882	6.606406	-66.971273
17557		-1.206022	9.663141	0.862254	-0.100943	0.027054	-0.023059	0.446289	-0.735352	-0.203857	85.320200	6.616911	-66.960304
17558		-1.219553	9.667158	0.892712	-0.097640	0.020943	-0.024154	0.454102	-0.733398	-0.201660	85.267514	6.629583	-66.952693
17559		-1.188370	9.677009	0.860497	-0.095491	0.019435	-0.029259	0.456787	-0.734131	-0.208496	85.214417	6.643287	-66.946420
17560		-1.214310	9.659606	0.889790	-0.097942	0.012999	-0.030757	0.451660	-0.731201	-0.202393	85.160973	6.659366	-66.943716
17561		-1.200977	9.706660	0.867816	-0.096191	0.014480	-0.031493	0.452393	-0.727539	-0.207031	85.107132	6.674116	-66.940425
17562		-1.239167	9.667775	0.896395	-0.104677	0.015709	-0.037311	0.459961	-0.732666	-0.210449	85.049954	6.694079	-66.936516
17563		-1.199855	9.612813	0.941398	-0.101129	0.012797	-0.036194	0.461182	-0.724365	-0.208496	84.993142	6.711435	-66.934456
17564		-1.171594	9.562893	1.006706	-0.088541	0.015364	-0.037494	0.454102	-0.730469	-0.211426	84.945161	6.731499	-66.930789
17565		-1.212322	9.583091	0.990082	-0.074712	0.024274	-0.045677	0.455078	-0.728760	-0.203613	84.904200	6.754852	-66.922648
17566		-1.205881	9.576905	0.974905	-0.057243	0.029094	-0.045753	0.458008	-0.726074	-0.207764	84.874997	6.780337	-66.911541
17567		-1.199873	9.570785	0.958827	-0.055557	0.021242	-0.055331	0.451660	-0.730225	-0.202881	84.844750	6.809052	-66.905667
17568		-1.223617	9.606574	0.973936	-0.051281	0.024218	-0.068149	0.452393	-0.725098	-0.208008	84.818473	6.847078	-66.898550
17569		-1.244330	9.643136	0.934405	-0.052016	0.030500	-0.072078	0.459229	-0.731934	-0.207520	84.790791	6.885836	-66.888257
17570		-1.214670	9.646460	0.986174	-0.063379	0.028890	-0.078553	0.466064	-0.737061	-0.217529	84.757824	6.930053	-66.879038
17571		-1.234436	9.623490	0.990512	-0.059669	0.030414	-0.082212	0.456787	-0.728760	-0.215332	84.725697	6.974600	-66.869371
17572		-1.266315	9.579086	0.993154	-0.055769	0.035742	-0.087135	0.456787	-0.732910	-0.208008	84.697497	7.024085	-66.856714
17573		-1.263966	9.598842	0.998338	-0.037371	0.049663	-0.098854	0.448975	-0.725342	-0.211426	84.679407	7.079155	-66.836912
17574		-1.287024	9.661514	0.979099	-0.026278	0.053333	-0.093656	0.457764	-0.719482	-0.199219	84.669307	7.133309	-66.814519
17575		-1.285094	9.655412	0.958509	-0.001257	0.064170	-0.086105	0.461182	-0.726074	-0.207031	84.673068	7.181884	-66.785704
17576		-1.282515	9.649591	0.936061	0.010512	0.067460	-0.079546	0.455811	-0.725342	-0.211426	84.685183	7.228742	-66.754422
17577		-1.333771	9.728345	0.920867	0.024945	0.060445	-0.079913	0.457031	-0.723145	-0.204590	84.703777	7.273575	-66.727392
17578		-1.358091	9.678810	0.947978	0.032979	0.052841	-0.078542	0.466309	-0.725586	-0.201904	84.727747	7.319073	-66.704428
17579		-1.377584	9.656686	0.942056	0.048313	0.048633	-0.075305	0.454834	-0.719971	-0.201904	84.758941	7.360635	-66.683906
17580		-1.326282	9.651583	0.940800	0.057531	0.047965	-0.084275	0.461914	-0.727051	-0.201660	84.796606	7.409138	-66.663996
17581		-1.368820	9.639207	0.974779	0.074187	0.043582	-0.081807	0.462646	-0.715088	-0.199463	84.842245	7.454121	-66.646660
17582		-1.352401	9.596314	0.988805	0.102423	0.045571	-0.090254	0.463867	-0.727051	-0.200195	84.905435	7.505889	-66.628353
17583		-1.339225	9.586633	0.933968	0.147446	0.052272	-0.096556	0.460449	-0.714111	-0.196289	84.993650	7.559689	-66.606657
17584		-1.381143	9.687603	0.905663	0.176544	0.056995	-0.101367	0.464111	-0.720703	-0.202881	85.100133	7.618316	-66.582170
17585		-1.384739	9.682302	0.919902	0.201927	0.055443	-0.106911	0.468506	-0.727051	-0.199707	85.219810	7.678101	-66.558947
17586		-1.384677	9.651367	0.854997	0.229212	0.059156	-0.114434	0.468506	-0.721436	-0.193848	85.356618	7.744196	-66.533586
17587		-1.374366	9.668336	0.810529	0.262666	0.056079	-0.133757	0.457764	-0.723633	-0.195313	85.511071	7.819232	-66.510937
17588		-1.407037	9.678819	0.770682	0.289930	0.050821	-0.153497	0.470947	-0.722412	-0.187012	85.681874	7.907142	-66.491758
17589		-1.382643	9.711774	0.754706	0.323987	0.043594	-0.182734	0.466797	-0.719971	-0.199219	85.870309	8.009502	-66.477938
17590		-1.394254	9.764826	0.655122	0.376807	0.027338	-0.229279	0.469727	-0.722412	-0.191895	86.088694	8.139653	-66.474796
17591		-1.413520	9.674213	0.725294	0.442619	0.009861	-0.277743	0.477051	-0.717529	-0.194336	86.341973	8.294947	-66.483291
17592		-1.424475	9.636516	0.668125	0.550307	0.001606	-0.335458	0.465088	-0.718750	-0.185547	86.657225	8.484882	-66.497595
17593		-1.452291	9.714518	0.565501	0.658542	-0.002305	-0.403320	0.468750	-0.720703	-0.187500	87.032769	8.711716	-66.515415
17594		-1.514579	9.831727	0.428524	0.727300	-0.028247	-0.496889	0.479248	-0.722168	-0.183350	87.446320	8.993371	-66.549070
17595		-0.744322	10.832892	0.265128	0.729275	0.070416	-0.684334	0.474609	-0.715576	-0.177002	87.868395	9.383010	-66.528154
17596		-1.313274	10.516569	0.148086	0.669730	0.159629	-1.019747	0.479736	-0.716553	-0.185059	88.265800	9.968043	-66.458888
17597		-1.487016	10.715737	0.393447	0.625324	0.183209	-1.262123	0.490967	-0.718506	-0.170166	88.639873	10.690030	-66.375824
17598		-1.566355	10.879580	0.347967	0.541929	0.182724	-1.497442	0.491211	-0.703369	-0.163330	88.968794	11.547948	-66.290906
17599		-1.708592	11.266782	0.320462	0.412118	0.137880	-1.709422	0.491943	-0.688721	-0.166748	89.218561	12.524817	-66.229797
17600		-1.962747	11.150140	0.210879	0.322319	0.070452	-1.889474	0.509033	-0.673096	-0.163086	89.410802	13.605656	-66.205195
17601		-2.019053	10.890136	0.269059	0.282033	0.012508	-2.048322	0.506348	-0.660645	-0.165039	89.571518	14.775617	-66.212428
17602		-2.128149	10.698943	0.345495	0.286937	-0.030350	-2.188697	0.512939	-0.641113	-0.164307	89.730041	16.027243	-66.241962
17603		-2.334223	10.432530	0.383025	0.337012	-0.061766	-2.318385	0.520752	-0.629150	-0.162842	89.911043	17.351825	-66.287193
17604		-2.445307	10.203995	0.381139	0.377864	-0.063389	-2.480477	0.519531	-0.606934	-0.155029	90.116573	18.770626	-66.328655
17605		-2.683120	10.060766	0.456838	0.458912	-0.079475	-2.619268	0.537842	-0.592529	-0.166260	90.365161	20.267924	-66.374308
17606		-2.860660	9.664423	0.559873	0.498828	-0.069082	-2.798364	0.544922	-0.570557	-0.153076	90.641597	21.868991	-66.405338
17607		-3.068758	9.721464	0.674955	0.539404	-0.049204	-2.971728	0.550781	-0.556152	-0.163086	90.948045	23.568318	-66.414453
17608		-3.197669	9.626622	0.813911	0.598463	-0.012219	-3.175364	0.552734	-0.524902	-0.153809	91.304060	25.384748	-66.386727
17609		-3.657634	9.826289	0.902873	0.704026	0.021083	-3.346994	0.556396	-0.494385	-0.156982	91.737624	27.297911	-66.320796
17610		-4.044167	9.798407	0.698918	0.717813	0.044429	-3.531879	0.562500	-0.478760	-0.158203	92.199513	29.316581	-66.217079
17611		-4.688582	10.513403	0.688735	0.649202	0.101981	-3.787286	0.575684	-0.447998	-0.146484	92.658309	31.478647	-66.047355
17612		-5.318633	11.501612	0.794011	0.556366	0.113626	-4.016232	0.572510	-0.417969	-0.151367	93.091389	33.770554	-65.837622
17613		-6.065642	12.349731	0.961506	0.368669	0.194227	-4.190054	0.577637	-0.391357	-0.149658	93.474607	36.157568	-65.539178
17614		-7.565951	14.388340	0.695984	0.082985	0.332568	-4.264299	0.578857	-0.348145	-0.144531	93.783380	38.580477	-65.110381
17615		-8.454928	15.646168	1.240784	-0.256329	0.489290	-4.235342	0.584229	-0.318848	-0.144775	94.004151	40.979174	-64.537290
17616		-7.596104	15.994848	1.402121	-0.814666	0.661157	-4.262168	0.583008	-0.284180	-0.133301	94.031551	43.384687	-63.802315
17617		-7.160322	13.834902	0.992017	-1.130482	0.851079	-4.173208	0.585449	-0.232178	-0.131348	94.025141	45.732295	-62.889628
17618		-6.199933	13.199731	0.120349	-1.066184	0.999066	-4.088337	0.580811	-0.200928	-0.114014	94.198511	48.022744	-61.815678
17619		-5.970157	13.167740	0.093589	-1.037353	1.225814	-3.952666	0.577148	-0.166016	-0.103271	94.610439	50.223623	-60.486155
17620		-5.309046	12.835531	0.440357	-1.033399	1.418536	-3.852758	0.576660	-0.128418	-0.094238	95.259323	52.347074	-58.896157
17621		-4.305081	13.697192	0.574940	-1.202262	1.647834	-3.706860	0.575684	-0.106689	-0.072021	96.111811	54.363970	-56.976498
17622		-3.682878	11.741210	0.335897	-1.491950	1.845576	-3.485980	0.574951	-0.062500	-0.049561	97.096880	56.219280	-54.738569
17623		-3.087550	7.682086	0.090965	-1.738129	1.927458	-3.295668	0.570801	-0.039795	-0.035400	98.173754	57.941334	-52.270654
17624		-2.218447	6.729183	-0.395603	-1.951493	1.986591	-3.027219	0.571289	-0.005127	-0.003906	99.329651	59.474417	-49.609450
17625		2.338505	9.179099	-0.350301	-2.087758	1.973268	-2.517804	0.570313	0.014648	0.014160	100.494358	60.698239	-46.886872
17626		3.519560	13.395632	-0.142669	-2.058670	2.132179	-1.472885	0.572266	0.029053	0.042969	101.756176	61.281379	-44.094836
17627		-2.691277	16.667198	0.536260	-2.105610	1.897311	-0.061501	0.571045	0.035889	0.064941	102.488000	61.084770	-41.883680
17628		0.505309	10.813076	0.765978	-1.777450	1.727907	0.751467	0.582764	0.026855	0.098145	103.007996	60.434636	-40.119528
17629		0.629839	6.792788	0.657867	-1.301338	1.435889	1.147211	0.590576	0.022949	0.104004	103.383794	59.604174	-38.825940
17630		0.699970	5.817619	0.925859	-0.868239	1.101398	1.329769	0.587158	0.005859	0.118408	103.598315	58.703088	-37.994863
17631		0.813977	6.563346	1.215462	-0.575054	0.831918	1.384551	0.605713	0.001221	0.127441	103.708466	57.817068	-37.478975
17632		1.038508	7.270057	1.381352	-0.421965	0.618269	1.462345	0.607422	-0.009521	0.138428	103.676233	56.905220	-37.227725
17633		1.340848	7.833519	1.485103	-0.347422	0.423135	1.639359	0.609619	-0.020752	0.147461	103.493869	55.932637	-37.208751
17634		1.410437	8.698935	1.557868	-0.335691	0.235296	1.905868	0.616455	-0.044678	0.149414	103.109452	54.823593	-37.439046
17635		1.298716	9.233541	1.581398	-0.372282	0.056184	2.204653	0.633545	-0.072510	0.153564	102.545417	53.582097	-37.872526
17636		1.135972	9.377851	1.493132	-0.425748	-0.120031	2.485176	0.639648	-0.087158	0.154541	101.798154	52.187539	-38.499804
17637		1.020196	9.200185	1.431137	-0.478710	-0.287427	2.724981	0.648193	-0.109131	0.156982	100.930734	50.686468	-39.259417
17638		0.828662	9.210655	1.380277	-0.512745	-0.446219	2.901820	0.658203	-0.141357	0.154297	99.964054	49.078638	-40.134617
17639		0.636363	9.416269	1.263171	-0.536883	-0.573979	3.042056	0.668213	-0.171387	0.163574	98.967914	47.410491	-41.058638
17640		0.501514	9.749714	1.150220	-0.558628	-0.684450	3.191578	0.668945	-0.196777	0.154541	97.939892	45.638300	-42.028730
17641		0.285075	10.351145	1.063169	-0.589779	-0.769975	3.359900	0.686279	-0.238770	0.155273	96.919088	43.783269	-43.000468
17642		0.074426	10.802441	0.916360	-0.628936	-0.830982	3.548794	0.688721	-0.270752	0.146484	95.896974	41.792780	-43.968386
17643		-0.166784	11.046241	0.821050	-0.646012	-0.872717	3.730106	0.702393	-0.304443	0.136963	94.921510	39.708939	-44.896835
17644		-0.431599	11.443241	0.729586	-0.647161	-0.902367	3.893422	0.702393	-0.340820	0.135254	93.988678	37.500177	-45.790502
17645		-0.723989	12.021866	0.664716	-0.661087	-0.924599	4.034997	0.710449	-0.398926	0.127930	93.113035	35.222116	-46.629804
17646		-1.002588	12.626089	0.562762	-0.702397	-0.934502	4.164404	0.705566	-0.446533	0.116699	92.263294	32.837230	-47.420995
17647		-1.257195	13.156735	0.467336	-0.759159	-0.938736	4.282354	0.702881	-0.494629	0.100342	91.446836	30.398787	-48.150075
17648		-1.615321	13.717836	0.438256	-0.826907	-0.926536	4.370487	0.692627	-0.543213	0.092285	90.642587	27.876679	-48.819452
17649		-2.089495	14.336325	0.429242	-0.894213	-0.912594	4.441671	0.685547	-0.594727	0.074707	89.861608	25.330489	-49.420965
17650		-2.495609	14.966776	0.497255	-0.943084	-0.901418	4.505036	0.677002	-0.645996	0.049561	89.093724	22.715389	-49.968863
17651		-3.004575	15.553464	0.568164	-0.951421	-0.907103	4.565049	0.657959	-0.688477	0.027344	88.366985	20.085219	-50.468634
17652		-3.451724	15.838882	0.775273	-0.895701	-0.935236	4.646061	0.652100	-0.743164	0.008301	87.696503	17.376270	-50.944778
17653		-3.825845	16.194558	1.093793	-0.762091	-0.973071	4.717304	0.641602	-0.789063	0.002197	87.134744	14.647264	-51.401152
17654		-4.323029	16.852507	1.514387	-0.632217	-1.033004	4.770759	0.622314	-0.840332	-0.014648	86.662465	11.855363	-51.862705
17655		-4.826628	17.704890	1.979035	-0.541648	-1.121249	4.827862	0.599609	-0.904297	-0.037598	86.265455	9.050982	-52.344815
17656		-5.497033	18.163611	2.349489	-0.481912	-1.246869	4.922632	0.566650	-0.963867	-0.062500	85.914971	6.158143	-52.875416
17657		-6.187949	18.351510	2.621837	-0.415012	-1.402658	5.017218	0.522949	-1.024170	-0.086914	85.629326	3.228145	-53.470406
17658		-7.319566	18.848300	2.669071	-0.393688	-1.593765	5.100008	0.464111	-1.091309	-0.108887	85.379122	0.214104	-54.156867
17659		-8.348750	19.125005	2.420909	-0.479066	-1.790228	5.142707	0.394775	-1.142090	-0.137695	85.123185	-2.811223	-54.938716
17660		-9.604586	18.491596	2.034735	-0.597532	-1.906867	5.139859	0.325684	-1.178467	-0.159180	84.840491	-5.868040	-55.776079
17661		-11.006859	17.107403	1.565552	-0.669433	-1.953894	5.039978	0.259277	-1.210938	-0.186279	84.567752	-8.850745	-56.634681
17662		-11.895516	15.390216	1.313363	-0.677390	-1.903470	4.821913	0.185059	-1.229004	-0.202148	84.325751	-11.730892	-57.469895
17663		-12.793006	13.480663	1.045436	-0.664010	-1.772076	4.473590	0.124268	-1.236816	-0.214600	84.121417	-14.387268	-58.245483
17664		-13.646603	11.441654	0.885729	-0.656138	-1.631884	4.014687	0.071045	-1.242432	-0.223145	83.936631	-16.793553	-58.965885
17665		-14.280301	9.163946	0.776403	-0.601831	-1.439542	3.479400	0.015381	-1.233154	-0.244141	83.788994	-18.867883	-59.606965
17666		-14.660345	7.338844	0.807364	-0.517320	-1.196836	2.892337	-0.029053	-1.220947	-0.239746	83.671314	-20.607388	-60.142015
17667		-15.143650	6.677140	0.670048	-0.516489	-0.914185	2.292946	-0.054443	-1.220459	-0.251953	83.523339	-21.975394	-60.547028
17668		-15.548572	6.332619	0.298611	-0.653194	-0.643123	1.727941	-0.076904	-1.202148	-0.264893	83.252888	-23.014680	-60.822746
17669		-16.090194	5.969612	-0.122374	-0.818421	-0.441623	1.250653	-0.096680	-1.190674	-0.265625	82.857447	-23.760643	-61.005624
17670		-16.207642	4.948710	-0.497025	-0.931330	-0.302311	0.824383	-0.111816	-1.195313	-0.280273	82.373047	-24.260738	-61.129939
17671		-16.255508	3.310568	-0.778167	-0.855254	-0.237570	0.378712	-0.114502	-1.183105	-0.283691	81.933074	-24.498383	-61.249035
17672		-15.126970	2.297613	-0.811427	-0.576477	-0.241397	-0.142530	-0.119385	-1.179199	-0.293213	81.670475	-24.442888	-61.414855
17673		-13.660439	2.951619	-0.438379	-0.183382	-0.232294	-0.674714	-0.109863	-1.167725	-0.291016	81.652377	-24.083829	-61.624333
17674		-12.082626	4.905453	-0.059443	0.125848	-0.223133	-1.116847	-0.115234	-1.164063	-0.291504	81.821093	-23.471325	-61.865669
17675		-3.208586	4.838031	2.011197	0.816163	-0.138506	-2.198788	-0.094482	-1.168945	-0.295166	82.397037	-22.238447	-62.142191
17676		4.924981	6.623927	-2.396624	1.877683	-0.009989	-3.111975	-0.075684	-1.178223	-0.275879	83.560595	-20.469861	-62.384881
17677		4.611885	10.841098	-1.029157	1.669986	-0.462445	-2.808635	-0.053223	-1.174561	-0.263672	84.672910	-18.900269	-62.843582
17678		2.127808	7.355716	-1.332324	1.151140	-0.630796	-3.345913	-0.031738	-1.177979	-0.262451	85.503178	-17.021867	-63.397680
17679		-0.463540	11.551353	-1.028148	0.700709	-0.804385	-3.856286	-0.014160	-1.175049	-0.258545	86.084176	-14.856006	-64.047850
17680		-1.945914	16.206247	-0.942791	-0.046977	-0.861047	-3.824386	0.003418	-1.164307	-0.263184	86.214940	-12.703151	-64.709356
17681		-0.802006	15.499447	-2.763337	-0.473673	-0.822274	-3.398344	0.025391	-1.154297	-0.278809	86.070172	-10.796003	-65.326854
17682		1.516205	11.933761	-4.077584	-0.436914	-0.530528	-3.152050	0.046387	-1.140137	-0.289795	85.896076	-9.015100	-65.766376
17683		1.405000	11.446978	-5.071449	-0.225485	0.003838	-3.225405	0.073975	-1.133301	-0.287354	85.787013	-7.175674	-65.903064
17684		0.477580	13.648160	-3.264258	-0.304996	0.483285	-3.281007	0.092285	-1.127441	-0.295654	85.599671	-5.279752	-65.770766
17685		-1.587831	16.416012	1.050581	-0.460377	0.910706	-3.208455	0.121826	-1.117676	-0.287109	85.308574	-3.409777	-65.398748
17686		-3.419367	14.728731	3.040562	-0.532032	0.801436	-2.915267	0.142090	-1.091797	-0.301758	84.992020	-1.705822	-65.085481
17687		-2.829195	13.461429	3.793525	-0.359547	0.519657	-2.570297	0.157959	-1.085938	-0.293457	84.784178	-0.216426	-64.923573
17688		-2.071917	13.036180	2.396309	-0.231563	0.439938	-2.351997	0.177002	-1.079834	-0.300537	84.654301	1.150021	-64.799821
17689		-1.686763	12.263432	1.836604	-0.119590	0.482723	-2.093306	0.191162	-1.074219	-0.288330	84.591566	2.366075	-64.640211
17690		-2.333148	12.189731	2.425402	-0.002038	0.527421	-1.825763	0.211426	-1.058838	-0.293701	84.602083	3.437508	-64.440779
17691		-2.626122	11.451847	2.711552	0.138836	0.450922	-1.553902	0.224854	-1.055664	-0.288330	84.694137	4.344084	-64.269629
17692		-3.141626	12.482884	2.315148	0.423423	0.347550	-1.141670	0.236084	-1.056641	-0.290039	84.949170	5.015258	-64.133056
17693		-2.810505	13.815275	-0.524954	0.503072	0.225026	-0.534833	0.237793	-1.050049	-0.275879	85.247244	5.327656	-64.033843
17694		-1.050081	10.658941	0.101377	0.191170	0.176689	-0.311848	0.241699	-1.047119	-0.281250	85.366004	5.515981	-63.950371
17695		-1.650199	10.760037	0.968145	0.108784	0.134194	-0.255702	0.238770	-1.051025	-0.282227	85.435235	5.664265	-63.888671
17696		-1.333759	10.454849	0.305007	0.057713	0.096344	-0.156523	0.236816	-1.049072	-0.274902	85.474182	5.759880	-63.843715
17697		-1.197171	10.222747	0.365356	-0.054321	0.081073	-0.131785	0.233643	-1.045898	-0.278320	85.447690	5.834914	-63.806685
17698		-1.212831	9.774809	0.685366	-0.085593	0.049287	-0.122580	0.246338	-1.049561	-0.279785	85.402134	5.908868	-63.787223
17699		-1.270521	10.108818	0.670139	-0.100248	0.033694	-0.096111	0.245850	-1.047607	-0.282227	85.346763	5.961395	-63.775844
17700		-1.238515	9.941386	0.716536	-0.110480	0.024413	-0.070878	0.239502	-1.050537	-0.283936	85.285742	6.004551	-63.768364
17701		-1.233087	9.849199	0.727837	-0.117065	0.005790	-0.058187	0.244141	-1.044189	-0.285889	85.219251	6.034125	-63.771309
17702		-1.234608	9.782309	0.817260	-0.145025	0.000991	-0.054878	0.238281	-1.044922	-0.282959	85.137098	6.066889	-63.776599
17703		-1.176090	9.683564	0.893401	-0.146184	-0.000962	-0.052798	0.239502	-1.045654	-0.291016	85.053529	6.093048	-63.783237
17704		-1.156780	9.698110	0.888919	-0.142849	0.005930	-0.046158	0.250977	-1.043945	-0.282227	84.972928	6.120919	-63.785345
17705		-1.200506	9.809787	0.823127	-0.153129	0.011472	-0.034297	0.241211	-1.040527	-0.288086	84.886229	6.137130	-63.783979
17706		-1.222296	9.759394	0.867512	-0.154498	0.011582	-0.033519	0.244629	-1.041992	-0.284424	84.799343	6.157925	-63.782265
17707		-1.185469	9.729820	0.941245	-0.132606	0.005832	-0.030125	0.246338	-1.037109	-0.287842	84.724074	6.171463	-63.783965
17708		-1.177601	9.604142	1.017560	-0.114466	-0.000820	-0.026696	0.243896	-1.033936	-0.297363	84.659371	6.187574	-63.789054
17709		-1.186214	9.634919	1.017099	-0.103273	-0.000567	-0.032601	0.248535	-1.045654	-0.295166	84.600493	6.202178	-63.794591
17710		-1.212982	9.617021	1.044383	-0.080451	-0.019746	-0.025059	0.248535	-1.037842	-0.291992	84.554066	6.216183	-63.810482
17711		-1.152900	9.678419	0.929281	-0.060218	-0.012792	-0.020268	0.245850	-1.032715	-0.285400	84.519165	6.223076	-63.822380
17712		-1.178009	9.720890	0.910666	-0.048207	0.003726	-0.018263	0.249268	-1.041016	-0.299805	84.492676	6.234342	-63.824452
17713		-1.216516	9.708202	0.954099	-0.048846	0.009941	-0.022131	0.247314	-1.040771	-0.291748	84.465693	6.243540	-63.823418
17714		-1.178979	9.679298	1.017879	-0.038069	0.008572	-0.028134	0.245850	-1.039551	-0.292236	84.445238	6.260576	-63.823272
17715		-1.153013	9.603158	1.055190	-0.017926	0.005389	-0.035898	0.253906	-1.038818	-0.291504	84.435601	6.277372	-63.825625
17716		-1.226619	9.646403	1.003511	0.006127	0.000440	-0.038928	0.245605	-1.045166	-0.294678	84.439858	6.299988	-63.830761
17717		-1.248277	9.742736	0.970419	0.008383	-0.009258	-0.047284	0.239990	-1.034180	-0.283203	84.444299	6.322464	-63.842153
17718		-1.268863	9.787046	0.892088	0.003408	-0.020416	-0.048474	0.247559	-1.035400	-0.292236	84.445590	6.349259	-63.859793
17719		-1.232452	9.732306	0.929842	-0.015472	-0.019916	-0.047232	0.247070	-1.031982	-0.298584	84.435677	6.371114	-63.877299
17720		-1.225238	9.752893	0.934240	-0.024631	-0.014365	-0.046672	0.249023	-1.037354	-0.284912	84.421276	6.397111	-63.891380
17721		-1.200787	9.702666	0.994194	-0.025051	-0.008364	-0.039977	0.252930	-1.038330	-0.290771	84.406644	6.415465	-63.901863
17722		-1.221771	9.627032	1.002411	-0.013698	0.002764	-0.036841	0.253418	-1.034912	-0.295898	84.399642	6.436701	-63.905579
17723		-1.213746	9.647870	1.005354	-0.002490	0.010777	-0.035990	0.256348	-1.032959	-0.294922	84.399187	6.453849	-63.904858
17724		-1.235280	9.598415	1.034123	0.006389	0.006667	-0.034344	0.243408	-1.037354	-0.292725	84.403936	6.473780	-63.906201
17725		-1.244700	9.630384	1.021790	0.023702	0.008423	-0.036122	0.246338	-1.027344	-0.296387	84.418335	6.490872	-63.906835
17726		-1.225204	9.672916	1.023939	0.023134	0.003622	-0.038487	0.244629	-1.032959	-0.296875	84.432427	6.512906	-63.910158
17727		-1.251935	9.629939	1.017132	0.023916	0.006340	-0.034830	0.243652	-1.034180	-0.296875	84.446822	6.529146	-63.911906
17728		-1.225340	9.614335	1.007225	0.025481	0.004096	-0.034289	0.243408	-1.034424	-0.292236	84.462290	6.548725	-63.914720
17729		-1.241825	9.644747	1.047857	0.027106	0.010167	-0.030470	0.247070	-1.032715	-0.291260	84.478791	6.562691	-63.914021
17730		-1.219548	9.695375	0.961923	0.026099	0.017198	-0.028643	0.253174	-1.033691	-0.294922	84.495484	6.579687	-63.908998
17731		-1.258754	9.683025	0.998261	0.020286	0.016189	-0.025722	0.246338	-1.029297	-0.290283	84.508505	6.591276	-63.904571
17732		-1.243854	9.672121	1.008849	0.026959	0.014724	-0.025979	0.247559	-1.038086	-0.293945	84.525531	6.606533	-63.900820
17733		-1.274317	9.695244	0.926618	0.010776	0.014854	-0.026246	0.249756	-1.028809	-0.293457	84.533015	6.618345	-63.897183
17734		-1.242576	9.699376	0.974759	0.001004	0.009155	-0.022072	0.256348	-1.032227	-0.290039	84.534814	6.630995	-63.896415
17735		-1.250524	9.645486	0.982908	0.007100	0.008711	-0.027189	0.253174	-1.040283	-0.286133	84.539779	6.643009	-63.896355
17736		-1.223300	9.629888	0.974200	0.017311	0.010266	-0.028780	0.249023	-1.031250	-0.295166	84.550937	6.659472	-63.895320
17737		-1.233711	9.628094	1.026066	0.025310	0.014451	-0.032281	0.251465	-1.038086	-0.291992	84.566687	6.674703	-63.892238
17738		-1.260737	9.670916	0.999403	0.026941	0.012830	-0.035228	0.252441	-1.034912	-0.298096	84.583474	6.694909	-63.890080
17739		-1.287140	9.687646	0.950103	0.024173	0.010654	-0.039499	0.248291	-1.031982	-0.295410	84.598275	6.714050	-63.889563
17740		-1.243620	9.661230	0.953650	0.017559	0.012723	-0.042735	0.241455	-1.029785	-0.286377	84.609618	6.738469	-63.887870
17741		-1.261562	9.631704	1.036978	0.022795	0.016622	-0.041246	0.254639	-1.037842	-0.289551	84.624023	6.758927	-63.884010
17742		-1.250592	9.634651	0.926146	0.027588	0.026549	-0.033080	0.254883	-1.035400	-0.291748	84.642093	6.778515	-63.873847
17743		-1.297895	9.680347	0.973819	0.022934	0.033862	-0.038196	0.253418	-1.031982	-0.299561	84.657772	6.798152	-63.859906
17744		-1.217907	9.606679	0.980038	0.031958	0.047029	-0.033482	0.247314	-1.035889	-0.287842	84.679736	6.818996	-63.837991
17745		-1.275677	9.605103	1.000835	0.053657	0.063486	-0.033133	0.258057	-1.030273	-0.293457	84.715085	6.837302	-63.806742
17746		-1.285697	9.637446	0.983048	0.070436	0.068766	-0.033958	0.248779	-1.031738	-0.290039	84.760582	6.859474	-63.772342
17747		-1.266107	9.594965	0.998568	0.090840	0.071857	-0.037090	0.259033	-1.035400	-0.288330	84.817812	6.880423	-63.736457
17748		-1.269453	9.629011	0.922460	0.118365	0.081563	-0.046363	0.250244	-1.032471	-0.283447	84.891590	6.910210	-63.695304
17749		-1.305521	9.644756	0.916320	0.136655	0.080126	-0.061619	0.253418	-1.043701	-0.290527	84.975537	6.945487	-63.655858
17750		-1.355627	9.724476	0.887130	0.134469	0.064707	-0.082751	0.265137	-1.033691	-0.281006	85.057198	6.995041	-63.626143
17751		-1.328541	9.677138	0.877284	0.136842	0.047172	-0.097746	0.258545	-1.035889	-0.290527	85.138795	7.049215	-63.607324
17752		-1.291608	9.651259	0.868602	0.159475	0.043699	-0.117377	0.254883	-1.038330	-0.275391	85.233154	7.117400	-63.591230
17753		-1.329606	9.719827	0.848998	0.189369	0.035800	-0.141576	0.259033	-1.041260	-0.284668	85.343839	7.196005	-63.580847
17754		-1.356386	9.757131	0.783413	0.223549	0.031624	-0.172669	0.258301	-1.036865	-0.281982	85.473778	7.295105	-63.574003
17755		-1.307979	9.694265	0.757102	0.259104	0.021393	-0.201915	0.259033	-1.033936	-0.281494	85.623092	7.407489	-63.574260
17756		-1.367768	9.766788	0.747500	0.295888	0.014065	-0.240116	0.258545	-1.037598	-0.274658	85.792873	7.544290	-63.579944
17757		-1.409216	9.749238	0.680973	0.335566	0.004170	-0.278404	0.264160	-1.042969	-0.274414	85.984347	7.699678	-63.592629
17758		-1.421830	9.854603	0.573452	0.353269	-0.017753	-0.323009	0.261475	-1.038574	-0.265381	86.184157	7.882610	-63.619062
17759		-1.450359	9.878425	0.505467	0.383206	-0.040402	-0.381098	0.267090	-1.033447	-0.259766	86.398888	8.095147	-63.660231
17760		-1.560702	9.886924	0.390261	0.425150	-0.061347	-0.457422	0.275146	-1.037354	-0.272217	86.635612	8.353581	-63.715235
17761		-0.818720	10.494270	0.401422	0.493982	-0.058734	-0.589922	0.273438	-1.040039	-0.268066	86.911115	8.685320	-63.772063
17762		-1.085041	10.335530	0.356209	0.506403	0.106933	-0.910034	0.278809	-1.034424	-0.251221	87.207165	9.208086	-63.740715
17763		-1.106385	10.665184	0.717553	0.542071	0.189986	-1.204606	0.290283	-1.042969	-0.257813	87.531004	9.898749	-63.666243
17764		-1.438688	10.853705	0.521833	0.438885	0.249293	-1.450541	0.307617	-1.025146	-0.252930	87.802675	10.733757	-63.559143
17765		-1.546869	11.302950	0.646259	0.292940	0.219771	-1.666215	0.312744	-1.021729	-0.241455	87.988681	11.688647	-63.470322
17766		-1.799442	11.219687	0.564240	0.196812	0.177922	-1.876555	0.322998	-1.006836	-0.245117	88.115840	12.765337	-63.407092
17767		-1.928957	10.990348	0.524594	0.167543	0.124510	-2.065611	0.341064	-0.993164	-0.240967	88.219804	13.946778	-63.376471
17768		-2.064518	10.932957	0.574441	0.183860	0.065625	-2.242692	0.357666	-0.982910	-0.236572	88.324889	15.230818	-63.381351
17769		-2.346142	10.714030	0.504250	0.231495	0.011133	-2.404699	0.373535	-0.968994	-0.239990	88.448127	16.604513	-63.418893
17770		-2.398276	10.481815	0.534001	0.287503	-0.048856	-2.586228	0.384766	-0.947998	-0.231689	88.591970	18.083474	-63.492068
17771		-2.513109	10.312973	0.660926	0.355255	-0.085600	-2.751542	0.399658	-0.931396	-0.228760	88.765972	19.654731	-63.586206
17772		-2.733916	9.917173	0.746194	0.443285	-0.114721	-2.886236	0.417236	-0.920898	-0.225830	88.982790	21.305027	-63.694922
17773		-2.933702	9.736817	0.754098	0.435828	-0.083724	-3.098152	0.436279	-0.905518	-0.228027	89.200847	23.075469	-63.781134
17774		-3.211600	9.384632	0.851023	0.485951	-0.072786	-3.277298	0.456299	-0.870361	-0.225830	89.449976	24.950655	-63.855058
17775		-3.730394	9.553503	0.902611	0.579438	-0.069380	-3.427805	0.470459	-0.852295	-0.221680	89.755107	26.910666	-63.918589
17776		-4.038980	9.492108	1.124259	0.676558	-0.060576	-3.535711	0.478516	-0.827148	-0.212646	90.121847	28.934360	-63.964666
17777		-4.313152	9.829906	1.233463	0.642289	0.057965	-3.748691	0.505615	-0.801270	-0.219971	90.514658	31.078378	-63.916939
17778		-5.360305	10.622686	1.196004	0.658506	0.134512	-3.932283	0.526367	-0.764648	-0.220703	90.956721	33.328011	-63.796419
17779		-6.498499	12.095218	1.185666	0.633370	0.267885	-4.063877	0.541016	-0.738770	-0.213135	91.457032	35.649148	-63.555448
17780		-7.628620	14.005323	1.291204	0.491074	0.429037	-4.083828	0.565430	-0.703125	-0.199219	91.971926	37.978226	-63.166401
17781		-8.026250	14.266263	1.218677	0.306126	0.612244	-4.035054	0.571777	-0.667480	-0.194824	92.503635	40.271229	-62.603299
17782		-7.063238	14.175717	1.615244	0.020228	0.749239	-4.032094	0.582031	-0.634033	-0.188965	92.987268	42.555531	-61.890063
17783		-6.334776	14.934505	1.985321	-0.445379	0.849285	-4.013413	0.594482	-0.586670	-0.176270	93.314067	44.821464	-61.048920
17784		-6.355592	12.765497	0.936657	-0.724893	1.046878	-3.894072	0.607666	-0.559814	-0.182861	93.651702	47.008635	-60.000681
17785		-6.083376	11.250039	0.459449	-0.663473	1.237832	-3.888319	0.620361	-0.511230	-0.161377	94.227006	49.179246	-58.718276
17786		-5.325689	12.178044	0.526100	-0.624297	1.396023	-3.841563	0.617432	-0.467773	-0.146973	95.034861	51.304605	-57.202140
17787		-4.474596	12.595315	0.654296	-0.758463	1.573131	-3.792054	0.632813	-0.419678	-0.125244	96.029914	53.377252	-55.397689
17788		-3.973609	11.756000	0.484756	-0.995849	1.759160	-3.686410	0.631836	-0.380127	-0.116455	97.187094	55.354748	-53.271879
17789		-4.170231	9.664514	0.343986	-1.276110	1.899988	-3.534238	0.647461	-0.335449	-0.096436	98.480282	57.209733	-50.839519
17790		-3.197795	8.410313	0.419716	-1.527315	1.975762	-3.282273	0.646240	-0.302734	-0.078369	99.867092	58.880596	-48.173513
17791		-2.725710	8.553908	0.120361	-1.644994	2.019394	-2.901189	0.638184	-0.275879	-0.065430	101.377866	60.298606	-45.330154
17792		8.435626	12.451219	-0.613135	-1.651911	2.092610	-2.178775	0.639160	-0.237305	-0.043945	102.984575	61.260119	-42.404280
17793		-0.405303	17.669825	0.533610	-1.719750	2.463516	-0.752582	0.646484	-0.231445	-0.017822	104.683739	61.338715	-39.344883
17794		-0.985166	16.856493	0.896297	-1.861782	2.262591	0.698378	0.634521	-0.210693	-0.003174	105.667200	60.605131	-36.999199
17795		1.087527	10.108055	1.051471	-1.543429	2.131721	1.399666	0.640381	-0.232422	0.031494	106.428192	59.494231	-35.101413
17796		0.994183	6.616283	1.296381	-1.087344	1.811392	1.736286	0.641602	-0.239258	0.041748	106.960861	58.233820	-33.749474
17797		0.491592	6.417179	1.738109	-0.734631	1.435232	1.880547	0.640381	-0.254150	0.060791	107.272072	56.959667	-32.883425
17798		0.380384	6.906374	2.087831	-0.539476	1.095914	1.916399	0.633301	-0.260254	0.070801	107.355540	55.714616	-32.409209
17799		0.611231	7.149072	2.221207	-0.408133	0.803148	1.967513	0.628174	-0.279053	0.076416	107.264835	54.499118	-32.235783
17800		0.911329	7.619175	2.294671	-0.342866	0.539198	2.093222	0.635498	-0.290527	0.088623	106.972430	53.251279	-32.351173
17801		0.995394	8.294402	2.368801	-0.366645	0.301687	2.242582	0.631348	-0.310059	0.081543	106.489725	51.968623	-32.695402
17802		1.009941	8.927114	2.357315	-0.467532	0.099929	2.362339	0.627441	-0.327393	0.085205	105.804062	50.640732	-33.226374
17803		1.018593	9.392355	2.246915	-0.616078	-0.060183	2.479153	0.623047	-0.341553	0.085938	104.958507	49.277800	-33.870853
17804		0.993176	9.638116	2.030373	-0.761581	-0.194821	2.629901	0.616211	-0.353516	0.077637	103.957641	47.833307	-34.618633
17805		0.835070	9.874296	1.763510	-0.865147	-0.318738	2.806199	0.615723	-0.373047	0.075928	102.866006	46.309007	-35.433633
17806		0.691019	10.404166	1.466403	-0.901289	-0.410900	3.011344	0.608887	-0.394043	0.080811	101.726722	44.658539	-36.300843
17807		0.532271	10.792293	1.152231	-0.910645	-0.474324	3.235866	0.605957	-0.415039	0.082031	100.602126	42.889373	-37.173333
17808		0.295354	11.180626	0.877711	-0.923633	-0.516717	3.449628	0.601318	-0.427979	0.070801	99.487252	40.978392	-38.042301
17809		-0.000444	11.569716	0.543524	-0.974865	-0.532307	3.619455	0.598389	-0.462891	0.071533	98.402923	38.974217	-38.861817
17810		-0.312823	11.975325	0.182823	-1.077656	-0.534190	3.743847	0.599121	-0.487793	0.064941	97.307978	36.873156	-39.630088
17811		-0.656935	12.396854	-0.129892	-1.216490	-0.519085	3.836519	0.594482	-0.513672	0.061035	96.209164	34.722099	-40.318292
17812		-1.136586	12.841703	-0.406098	-1.379217	-0.520410	3.910117	0.587402	-0.531250	0.059082	95.063915	32.502547	-40.949629
17813		-1.496535	13.263854	-0.714106	-1.510415	-0.532086	3.985740	0.583740	-0.561279	0.058594	93.902585	30.246388	-41.519402
17814		-1.996934	13.467728	-0.887433	-1.575252	-0.556076	4.058357	0.588623	-0.586670	0.054932	92.737996	27.922964	-42.046918
17815		-2.363589	13.595873	-0.976011	-1.563295	-0.601905	4.121775	0.575195	-0.623535	0.054688	91.622087	25.572719	-42.537782
17816		-2.790553	13.830946	-0.867666	-1.483246	-0.653379	4.158996	0.576416	-0.656006	0.046387	90.573093	23.176002	-43.006974
17817		-3.135544	14.162128	-0.631853	-1.362171	-0.722144	4.172111	0.580322	-0.685791	0.036865	89.623197	20.782658	-43.461632
17818		-3.426514	14.657748	-0.368131	-1.233727	-0.802402	4.186897	0.552490	-0.724365	0.032715	88.757273	18.355529	-43.920577
17819		-3.705221	15.132815	-0.010899	-1.104679	-0.894195	4.213518	0.543457	-0.759277	0.018555	87.987183	15.924050	-44.388561
17820		-4.030061	15.826644	0.404601	-0.982774	-1.004044	4.251823	0.530762	-0.794189	0.012451	87.293122	13.444090	-44.885158
17821		-4.484455	16.414901	0.893931	-0.895314	-1.137178	4.318347	0.513428	-0.832031	-0.007324	86.667758	10.935144	-45.421105
17822		-4.920460	16.603726	1.267193	-0.806074	-1.301246	4.381413	0.491943	-0.871338	-0.014648	86.100611	8.360575	-46.020536
17823		-5.401861	16.562003	1.655130	-0.693998	-1.500195	4.430913	0.473633	-0.903564	-0.020508	85.619851	5.762508	-46.703208
17824		-6.020282	16.687821	2.016711	-0.541378	-1.722396	4.452307	0.450928	-0.932129	-0.040771	85.244169	3.119285	-47.490660
17825		-6.981453	17.006167	2.421341	-0.382811	-1.957507	4.476534	0.424316	-0.970947	-0.047119	84.997434	0.464332	-48.393836
17826		-8.245302	17.703130	2.611789	-0.272608	-2.220733	4.530951	0.395752	-1.009033	-0.056885	84.853406	-2.254900	-49.435645
17827		-9.433956	18.458710	2.245617	-0.365245	-2.510730	4.633428	0.356445	-1.059082	-0.070557	84.721094	-5.033429	-50.632788
17828		-10.109670	17.480300	1.864324	-0.553029	-2.719536	4.695410	0.312012	-1.106201	-0.080078	84.548079	-7.876826	-51.944229
17829		-10.924036	15.622291	1.472455	-0.630208	-2.810182	4.660257	0.257568	-1.126953	-0.094971	84.408425	-10.693600	-53.311139
17830		-11.816938	13.648522	0.945653	-0.627251	-2.783210	4.426350	0.199951	-1.158936	-0.101807	84.332264	-13.390900	-54.682416
17831		-12.773674	11.668549	0.640809	-0.595583	-2.701803	4.053275	0.145264	-1.166748	-0.112793	84.334941	-15.858850	-56.040896
17832		-13.439141	9.758719	0.425675	-0.517097	-2.515746	3.568157	0.099609	-1.177490	-0.123291	84.413552	-18.048976	-57.333867
17833		-14.258008	8.383864	0.359026	-0.462092	-2.224224	3.034256	0.060547	-1.179199	-0.130371	84.529488	-19.906203	-58.501687
17834		-15.451424	7.405550	0.255740	-0.467243	-1.871287	2.517818	0.021240	-1.181885	-0.125488	84.612510	-21.455057	-59.499478
17835		-16.614473	6.876303	0.146846	-0.584963	-1.501669	2.025753	0.001709	-1.183838	-0.135986	84.582702	-22.695563	-60.309575
17836		-17.878084	5.998830	-0.208437	-0.802585	-1.181575	1.561738	-0.014160	-1.180908	-0.142090	84.374242	-23.659403	-60.951668
17837		-18.731438	4.599565	-0.663242	-1.004065	-0.954084	1.095396	-0.036377	-1.171631	-0.155029	84.015238	-24.343084	-61.481217
17838		-19.054009	2.847039	-1.095929	-1.005923	-0.824049	0.548502	-0.045410	-1.169434	-0.162598	83.637727	-24.710953	-61.962686
17839		-18.306184	2.314204	-1.181048	-0.742511	-0.745185	-0.054336	-0.053711	-1.168457	-0.174561	83.411671	-24.732198	-62.437284
17840		-16.574648	3.389639	-0.992968	-0.277622	-0.707724	-0.585420	-0.041504	-1.168701	-0.175537	83.454866	-24.446822	-62.925118
17841		-10.999487	4.055283	-2.824194	0.360928	-0.780060	-1.280688	-0.039551	-1.160889	-0.177246	83.899026	-23.770742	-63.504014
17842		1.461736	10.019682	2.233711	1.116119	0.310966	-2.932540	-0.016846	-1.163574	-0.157715	84.535912	-22.080149	-63.498168
17843		4.991646	10.289045	-2.582395	1.178944	-0.328347	-2.340195	-0.005371	-1.171875	-0.145264	85.333651	-20.765111	-63.830337
17844		5.182780	9.808357	-1.981181	0.645540	-0.542148	-2.599132	0.024902	-1.168945	-0.141357	85.858974	-19.303094	-64.284703
17845		1.087350	7.978656	-0.392847	-0.126076	-0.843254	-3.368931	0.036621	-1.157227	-0.145020	85.994253	-17.415897	-64.940626
17846		-0.234456	10.186337	-0.882843	-0.458474	-0.813073	-3.768796	0.059326	-1.143799	-0.149658	85.913491	-15.293844	-65.586817
17847		-0.139575	15.283989	-1.717745	-0.491126	-0.658074	-3.659441	0.085449	-1.127930	-0.151367	85.768127	-13.233882	-66.135339
17848		0.661912	15.986185	-2.562414	-0.530953	-0.472175	-3.150258	0.100586	-1.120850	-0.152588	85.553742	-11.453194	-66.554474
17849		0.770699	12.056207	-2.296021	-0.520531	-0.149085	-3.085639	0.113037	-1.103760	-0.148438	85.299246	-9.701608	-66.788041
17850		-0.404173	14.691851	-0.461655	-0.434354	0.173551	-3.162328	0.138916	-1.093750	-0.159912	85.059888	-7.886248	-66.845147
17851		-2.444174	18.055185	2.598505	-0.611293	0.287099	-2.901509	0.153809	-1.071777	-0.150146	84.709006	-6.219710	-66.832896
17852		-2.808210	14.668515	2.897639	-0.700588	0.090316	-2.509678	0.179199	-1.061768	-0.163818	84.317014	-4.781454	-66.922510
17853		-1.337574	12.716552	2.116278	-0.542828	-0.078812	-2.131828	0.179199	-1.049805	-0.160889	84.019473	-3.574907	-67.095398
17854		-0.323985	11.134567	0.963632	-0.401972	-0.074421	-1.908914	0.194336	-1.045166	-0.161377	83.798324	-2.489584	-67.257221
17855		-0.196808	10.374991	1.257084	-0.293863	0.016958	-1.776111	0.207031	-1.036133	-0.153809	83.634483	-1.481014	-67.362374
17856		-0.809788	10.376803	2.321313	-0.133840	0.062622	-1.670363	0.215576	-1.027588	-0.160400	83.559692	-0.523731	-67.436595
17857		-1.406718	11.137290	2.220587	0.062257	0.062154	-1.513898	0.224609	-1.007568	-0.158447	83.596360	0.338183	-67.501584
17858		-0.911393	11.428658	1.367510	0.155261	0.060851	-1.338332	0.234131	-1.010742	-0.163330	83.685053	1.106346	-67.555013
17859		-0.836713	11.598248	0.603067	0.172708	0.144591	-1.185456	0.235596	-1.008789	-0.153076	83.785023	1.786530	-67.550153
17860		-1.185075	11.258771	1.027971	0.131288	0.185566	-1.015993	0.247559	-1.009277	-0.153564	83.862163	2.378842	-67.510224
17861		-1.270890	10.572401	1.406317	0.157312	0.176654	-0.872260	0.255371	-0.998535	-0.142822	83.955220	2.882523	-67.465948
17862		-1.053003	10.351869	1.370472	0.187217	0.159476	-0.769412	0.259766	-0.996094	-0.151611	84.065229	3.332564	-67.424209
17863		-1.235267	10.245623	1.259075	0.231736	0.159118	-0.664686	0.258545	-0.986328	-0.146240	84.201875	3.716733	-67.375750
17864		-1.009151	10.206721	0.916029	0.236493	0.157136	-0.590710	0.263672	-0.987793	-0.143066	84.341409	4.064460	-67.323050
17865		-0.919547	10.157080	0.728998	0.175935	0.173268	-0.543730	0.267090	-0.992432	-0.145264	84.447900	4.380225	-67.257919
17866		-1.096317	9.711029	1.172881	0.132658	0.204244	-0.511280	0.263672	-0.984619	-0.131592	84.531169	4.684888	-67.172545
17867		-1.096581	9.673038	1.247375	0.161587	0.216318	-0.461608	0.271729	-0.986572	-0.131104	84.632653	4.955926	-67.077222
17868		-0.865735	9.624581	0.881681	0.119893	0.276476	-0.432397	0.271240	-0.987549	-0.128662	84.713549	5.219016	-66.945244
17869		-1.108158	9.803880	1.029173	0.108425	0.325541	-0.402429	0.279541	-0.974854	-0.125488	84.791633	5.461729	-66.783330
17870		-1.191986	10.078194	0.983042	0.114065	0.348139	-0.327267	0.288818	-0.978516	-0.128174	84.874910	5.667991	-66.603996
17871		-1.210105	10.438910	1.208347	0.078658	0.341761	-0.277753	0.284668	-0.981445	-0.119385	84.938751	5.839941	-66.425635
17872		-1.470627	10.319209	0.724479	-0.000366	0.299176	-0.178124	0.294678	-0.977051	-0.119629	84.955461	5.958111	-66.266327
17873		-1.331921	10.122488	0.710269	0.012551	0.251725	-0.141229	0.284668	-0.979980	-0.121094	84.977541	6.047429	-66.132477
17874		-1.478767	10.623027	0.515909	-0.000629	0.178442	-0.085500	0.288574	-0.973877	-0.118164	84.987826	6.106466	-66.037679
17875		-1.388914	10.505522	0.282741	-0.050893	0.131194	-0.026494	0.283936	-0.985596	-0.114258	84.967068	6.124227	-65.967184
17876		-1.348606	10.101110	0.549549	-0.113762	0.106637	-0.019537	0.290039	-0.980469	-0.122803	84.908682	6.141943	-65.910280
17877		-1.287923	9.884163	0.760086	-0.122029	0.075978	-0.018517	0.290283	-0.978271	-0.114746	84.843851	6.152449	-65.871094
17878		-1.308411	9.919800	0.780861	-0.117200	0.057499	-0.011810	0.294189	-0.978516	-0.112549	84.780585	6.163211	-65.842015
17879		-1.217456	9.746676	0.940371	-0.112480	0.043047	0.002827	0.291260	-0.982666	-0.116455	84.719326	6.159899	-65.820624
17880		-1.235308	9.730161	0.915055	-0.101636	0.031189	-0.005189	0.289063	-0.971680	-0.117432	84.663407	6.165426	-65.806306
17881		-1.253875	9.739804	0.911950	-0.102429	0.021941	-0.002785	0.280518	-0.974609	-0.117188	84.606576	6.164227	-65.797319
17882		-1.205301	9.653318	0.968477	-0.097047	0.014782	0.000188	0.289795	-0.969238	-0.121338	84.552311	6.165706	-65.792126
17883		-1.212908	9.744292	0.924230	-0.091303	0.015159	0.000705	0.287598	-0.974609	-0.124756	84.501458	6.162164	-65.786837
17884		-1.236477	9.726404	0.952648	-0.108572	0.013922	-0.000804	0.293457	-0.977539	-0.119629	84.440533	6.164052	-65.782190
17885		-1.218755	9.714614	0.976301	-0.119774	0.005770	-0.001486	0.292480	-0.979736	-0.120361	84.372776	6.161245	-65.782401
17886		-1.151201	9.557156	1.088766	-0.106440	0.002841	-0.002131	0.288818	-0.976318	-0.125488	84.312382	6.163163	-65.784182
17887		-1.132910	9.511487	1.174900	-0.074097	0.002052	0.001533	0.285889	-0.976318	-0.119385	84.270587	6.158423	-65.786347
17888		-1.174520	9.538528	1.121610	-0.041883	0.012357	0.003668	0.293213	-0.969727	-0.126465	84.247778	6.157462	-65.782339
17889		-1.175395	9.598141	1.082566	-0.024597	0.014205	0.001698	0.292236	-0.977051	-0.119141	84.235093	6.153325	-65.777521
17890		-1.164537	9.653434	1.021581	-0.017481	0.015074	-0.002049	0.294189	-0.970215	-0.109619	84.226380	6.155677	-65.772289
17891		-1.189111	9.662094	1.064530	-0.014044	0.009752	-0.006690	0.289795	-0.971924	-0.128418	84.219415	6.156067	-65.770510
17892		-1.196194	9.668082	1.032545	-0.017919	0.006891	-0.015852	0.286621	-0.975098	-0.119629	84.209856	6.165716	-65.770774
17893		-1.198639	9.727738	0.991895	-0.011186	-0.000400	-0.013682	0.285645	-0.962402	-0.114990	84.203860	6.169504	-65.775222
17894		-1.200303	9.727390	0.993294	-0.017819	0.002289	-0.020328	0.287354	-0.970703	-0.122314	84.194046	6.181344	-65.778391
17895		-1.158754	9.613372	1.072679	-0.014164	0.007855	-0.015941	0.291992	-0.973633	-0.123535	84.186838	6.186897	-65.778239
17896		-1.166413	9.619380	1.040024	-0.004710	0.015085	-0.018024	0.284180	-0.971924	-0.110107	84.185335	6.198077	-65.773942
17897		-1.150193	9.574379	1.116891	0.013259	0.017180	-0.022116	0.287598	-0.976807	-0.123779	84.194378	6.207691	-65.768804
17898		-1.159615	9.640612	1.039296	0.027470	0.018304	-0.026116	0.288574	-0.974609	-0.114014	84.211453	6.223580	-65.763133
17899		-1.193088	9.689723	0.979708	0.027271	0.021628	-0.034378	0.289551	-0.977295	-0.117920	84.228728	6.240437	-65.756151
17900		-1.209341	9.727985	0.932972	0.023462	0.012908	-0.041037	0.283447	-0.979736	-0.115479	84.243080	6.264436	-65.754434
17901		-1.261127	9.719375	0.991288	0.013468	0.015675	-0.044031	0.288818	-0.974609	-0.119141	84.252018	6.286451	-65.751415
17902		-1.218426	9.753135	0.952873	0.001912	0.013592	-0.038072	0.293701	-0.966553	-0.117920	84.254093	6.308728	-65.749131
17903		-1.244958	9.675485	1.014215	-0.016649	0.013738	-0.045815	0.294922	-0.971924	-0.123291	84.245644	6.331649	-65.747324
17904		-1.200806	9.615134	1.084191	0.001909	0.013586	-0.038067	0.291504	-0.972168	-0.117432	84.247722	6.353854	-65.745048
17905		-1.203632	9.588893	1.060313	0.016137	0.021846	-0.031819	0.287109	-0.977539	-0.127930	84.258664	6.369261	-65.737781
17906		-1.207006	9.588799	1.057324	0.040006	0.027519	-0.033106	0.292480	-0.973389	-0.113037	84.283481	6.389365	-65.727221
17907		-1.203483	9.522744	1.128023	0.054191	0.028028	-0.033600	0.289307	-0.969971	-0.121582	84.316616	6.406134	-65.716496
17908		-1.208519	9.616970	1.013912	0.086464	0.033168	-0.032398	0.286377	-0.972900	-0.123291	84.368412	6.426077	-65.702637
17909		-1.213454	9.643373	1.027570	0.093639	0.035864	-0.046583	0.288086	-0.973389	-0.116211	84.424582	6.450669	-65.688117
17910		-1.224574	9.649917	0.983920	0.110654	0.017814	-0.057276	0.285889	-0.975830	-0.117676	84.489100	6.483861	-65.684425
17911		-1.254914	9.659202	1.014053	0.119629	0.015548	-0.066141	0.288818	-0.980225	-0.115479	84.558742	6.518465	-65.682587
17912		-1.249605	9.655147	0.980797	0.136081	0.014601	-0.071680	0.290283	-0.977295	-0.112061	84.637536	6.559636	-65.681448
17913		-1.251489	9.683154	0.935523	0.144200	0.008320	-0.077181	0.295410	-0.966309	-0.114990	84.720726	6.600149	-65.684257
17914		-1.229199	9.668607	0.912653	0.161776	0.017626	-0.081527	0.291016	-0.973389	-0.107910	84.814394	6.647040	-65.681790
17915		-1.266759	9.657943	0.880909	0.185767	0.027545	-0.087469	0.291016	-0.966797	-0.111816	84.922632	6.694418	-65.673949
17916		-1.276531	9.684633	0.885027	0.187340	0.025787	-0.090368	0.292969	-0.971924	-0.114014	85.031468	6.746704	-65.667080
17917		-1.305548	9.754690	0.811036	0.182663	0.019932	-0.103085	0.295166	-0.978271	-0.109863	85.137356	6.802593	-65.664206
17918		-1.352290	9.775245	0.768027	0.165821	0.013008	-0.114728	0.302246	-0.974365	-0.098145	85.232886	6.868101	-65.665686
17919		-1.308850	9.717871	0.767765	0.172871	0.005334	-0.121589	0.290771	-0.975342	-0.106201	85.332079	6.933859	-65.671892
17920		-1.317541	9.771075	0.740538	0.187896	0.003577	-0.142495	0.291504	-0.973389	-0.113037	85.439474	7.014755	-65.679869
17921		-1.307375	9.728520	0.745342	0.210901	-0.000412	-0.160931	0.300049	-0.971924	-0.100830	85.559845	7.102748	-65.690916
17922		-1.311315	9.690722	0.768250	0.244599	-0.005851	-0.185368	0.303955	-0.975586	-0.098633	85.698840	7.207714	-65.705881
17923		-1.348887	9.700064	0.729828	0.281786	-0.007245	-0.218128	0.299072	-0.974121	-0.102295	85.859033	7.328154	-65.722868
17924		-1.368873	9.784593	0.624989	0.316284	-0.016309	-0.255953	0.302734	-0.971436	-0.106689	86.037959	7.473076	-65.746180
17925		-1.366021	9.768050	0.585515	0.344014	-0.034116	-0.309241	0.306396	-0.966064	-0.096680	86.231314	7.644666	-65.781469
17926		-1.416751	9.775244	0.536843	0.396094	-0.046873	-0.362304	0.300781	-0.969971	-0.095947	86.453062	7.849394	-65.825379
17927		-1.506425	9.742538	0.500845	0.460778	-0.062464	-0.417112	0.306641	-0.978760	-0.093018	86.710467	8.081979	-65.879441
17928		-1.179169	9.989480	0.527363	0.529109	-0.075454	-0.485764	0.310059	-0.967041	-0.088135	87.005410	8.356787	-65.942008
17929		-0.870184	10.468366	0.257078	0.549017	0.095390	-0.700661	0.310791	-0.968018	-0.090088	87.325550	8.756640	-65.910527
17930		-1.251702	10.560739	0.491029	0.576265	0.158625	-0.973687	0.321045	-0.959229	-0.083008	87.666483	9.317152	-65.846859
17931		-1.480153	10.709473	0.381008	0.518980	0.207084	-1.183106	0.323242	-0.963135	-0.078369	87.979903	9.995273	-65.756409
17932		-1.427742	11.265165	0.600335	0.433190	0.201161	-1.427894	0.341309	-0.950928	-0.073975	88.244414	10.815876	-65.670345
17933		-1.671706	11.062399	0.495297	0.337731	0.185925	-1.667582	0.346924	-0.941406	-0.064209	88.453848	11.770271	-65.593585
17934		-1.765431	11.016545	0.524126	0.324953	0.145584	-1.875502	0.359131	-0.933350	-0.072510	88.652258	12.845643	-65.539728
17935		-1.958942	10.948011	0.391016	0.324228	0.101754	-2.069606	0.378906	-0.916748	-0.064453	88.845780	14.028724	-65.510231
17936		-2.104843	10.873816	0.300292	0.326008	0.050425	-2.243564	0.385986	-0.892090	-0.064941	89.033664	15.313421	-65.508757
17937		-2.256535	10.583831	0.403718	0.356680	-0.006726	-2.381553	0.407959	-0.892334	-0.068604	89.230830	16.674053	-65.538145
17938		-2.412925	10.264445	0.540176	0.394752	-0.044980	-2.561006	0.417236	-0.876953	-0.057617	89.443138	18.139798	-65.586842
17939		-2.514401	10.153343	0.587347	0.462700	-0.075625	-2.735597	0.439941	-0.849365	-0.056152	89.688940	19.703152	-65.649169
17940		-2.613820	10.137608	0.770337	0.544096	-0.096208	-2.903742	0.447266	-0.841797	-0.060303	89.977445	21.365368	-65.717246
17941		-2.907060	9.634753	0.840008	0.612466	-0.094696	-3.068499	0.462402	-0.808594	-0.062988	90.307324	23.120001	-65.775245
17942		-3.333897	9.688827	0.949814	0.621654	-0.076923	-3.337995	0.476318	-0.789795	-0.068848	90.649754	25.031348	-65.810284
17943		-3.446932	10.633560	1.032763	0.677322	-0.100270	-3.470735	0.494629	-0.765625	-0.062744	91.023009	27.016987	-65.846180
17944		-4.028913	10.141697	1.130663	0.623919	-0.038773	-3.717040	0.518555	-0.741455	-0.051270	91.390830	29.145040	-65.825091
17945		-4.760788	11.728499	1.301987	0.468588	0.032927	-3.957193	0.533447	-0.710693	-0.059326	91.704738	31.407486	-65.736844
17946		-5.978293	13.544299	1.739542	0.254722	0.139660	-4.156362	0.551758	-0.669189	-0.057373	91.947889	33.783295	-65.556861
17947		-6.916552	16.094499	1.991166	-0.136292	0.353663	-4.270321	0.559814	-0.634277	-0.061279	92.069828	36.217922	-65.209741
17948		-8.414068	17.181701	2.203865	-0.585750	0.619353	-4.166914	0.573242	-0.601318	-0.063965	92.067822	38.588759	-64.660518
17949		-6.764244	17.359638	2.081496	-1.029996	0.865973	-3.985392	0.592529	-0.563721	-0.066650	91.953820	40.849944	-63.916831
17950		-5.948795	14.316665	0.883093	-1.284363	1.157307	-3.783720	0.600586	-0.509766	-0.057129	91.873387	42.991562	-62.935406
17951		-5.221553	11.989797	0.496171	-1.239622	1.385695	-3.752950	0.614990	-0.479980	-0.051025	91.998164	45.110387	-61.735816
17952		-4.105819	12.047069	0.459227	-1.184478	1.583562	-3.718143	0.618164	-0.436523	-0.041260	92.342014	47.201312	-60.317821
17953		-3.155987	12.316032	0.582447	-1.259866	1.766033	-3.665878	0.628418	-0.394775	-0.036865	92.854889	49.250392	-58.663575
17954		-2.336652	11.500357	0.379788	-1.394803	1.945065	-3.664128	0.632324	-0.357178	-0.021973	93.528344	51.280246	-56.748453
17955		-3.219788	8.815382	-0.097426	-1.490490	2.074572	-3.595454	0.638428	-0.316406	-0.003662	94.386262	53.250281	-54.585207
17956		-2.268019	7.457565	-0.241796	-1.549160	2.065548	-3.405746	0.644531	-0.275635	0.016602	95.353215	55.089294	-52.297627
17957		1.143642	8.899988	0.388639	-1.518955	2.050242	-2.926262	0.646484	-0.234863	0.038330	96.455580	56.633252	-49.915557
17958		5.397565	11.369129	0.632096	-1.443461	2.061841	-1.994951	0.650391	-0.206543	0.054688	97.649934	57.617017	-47.508414
17959		-2.361322	17.055910	1.151295	-1.448481	1.836613	-0.673888	0.649902	-0.196289	0.066162	98.550445	57.847977	-45.463025
17960		1.226529	13.174605	1.333600	-1.297980	1.621897	0.342570	0.652100	-0.195557	0.085205	99.198385	57.503318	-43.815441
17961		1.909507	8.948946	0.987541	-0.994913	1.466219	0.864412	0.650146	-0.191895	0.095459	99.781029	56.873332	-42.445023
17962		1.797679	7.018197	0.982453	-0.684966	1.208922	1.180382	0.650391	-0.197021	0.105713	100.228486	56.078359	-41.436293
17963		1.657748	7.591075	1.367700	-0.489104	0.974762	1.379529	0.646973	-0.205322	0.118408	100.537845	55.197336	-40.723149
17964		1.469985	8.380054	1.620834	-0.444845	0.813356	1.555350	0.657227	-0.204346	0.130615	100.685707	54.226167	-40.228055
17965		1.554110	8.536686	1.721532	-0.465067	0.645838	1.784300	0.670898	-0.220215	0.129883	100.651442	53.150143	-39.941007
17966		1.584952	8.476523	1.774706	-0.493219	0.463081	2.048944	0.662109	-0.226807	0.135254	100.416561	51.936979	-39.878602
17967		1.450033	8.579075	1.842878	-0.504418	0.269173	2.282549	0.666992	-0.246094	0.138916	100.022874	50.619666	-40.013887
17968		1.167554	8.686436	1.855099	-0.505594	0.077201	2.467790	0.681152	-0.269043	0.144531	99.488001	49.207034	-40.331387
17969		1.026602	8.796224	1.842186	-0.508918	-0.107790	2.628761	0.684570	-0.285889	0.148682	98.852560	47.726975	-40.791858
17970		1.084351	9.017865	1.808519	-0.507962	-0.281342	2.771685	0.684570	-0.306396	0.145508	98.128122	46.167255	-41.381264
17971		0.956976	9.465260	1.796934	-0.504758	-0.419599	2.928537	0.691895	-0.328369	0.145020	97.365345	44.533944	-42.048087
17972		0.802258	10.037000	1.779582	-0.515138	-0.549956	3.111497	0.697021	-0.350586	0.152588	96.554507	42.788344	-42.790571
17973		0.643641	10.550564	1.668431	-0.536080	-0.650133	3.326626	0.694336	-0.386475	0.148682	95.729896	40.929895	-43.567205
17974		0.447778	10.966673	1.614389	-0.574458	-0.748375	3.543782	0.706543	-0.409912	0.145020	94.876135	38.932257	-44.379217
17975		0.197562	11.384474	1.475361	-0.653300	-0.830759	3.737952	0.713867	-0.451904	0.137451	94.001312	36.830471	-45.195572
17976		-0.235634	11.804603	1.297407	-0.757439	-0.915597	3.907099	0.707764	-0.500244	0.135498	93.082165	34.611699	-46.020241
17977		-0.557102	12.042706	1.071760	-0.867966	-1.003606	4.046534	0.708008	-0.535156	0.131104	92.133568	32.318284	-46.839954
17978		-0.954939	12.280131	0.892393	-0.956938	-1.087677	4.150197	0.712402	-0.578125	0.118896	91.159674	29.941229	-47.655788
17979		-1.248582	12.445943	0.745299	-1.001424	-1.166460	4.227880	0.707275	-0.620605	0.113281	90.202388	27.523335	-48.455052
17980		-1.617211	12.697205	0.774204	-1.006771	-1.234526	4.268924	0.698975	-0.664063	0.101807	89.274636	25.055169	-49.238731
17981		-2.206629	13.233009	0.877526	-0.974500	-1.295970	4.281524	0.685059	-0.718506	0.090576	88.409548	22.583802	-50.000048
17982		-2.618612	13.784634	1.040706	-0.885752	-1.375236	4.304598	0.673584	-0.764404	0.073730	87.621972	20.071866	-50.760009
17983		-2.990606	14.343839	1.241901	-0.721191	-1.466670	4.348898	0.645996	-0.815186	0.058105	86.962543	17.539381	-51.526148
17984		-3.291943	15.354613	1.554436	-0.543843	-1.578061	4.432791	0.634277	-0.858643	0.040771	86.425769	14.931439	-52.319207
17985		-3.666984	16.369484	1.804229	-0.386813	-1.699393	4.543236	0.597168	-0.912109	0.030518	86.010605	12.265892	-53.145714
17986		-4.015165	17.279549	2.050507	-0.275043	-1.816529	4.673725	0.559082	-0.956055	-0.006592	85.686646	9.499321	-54.010151
17987		-4.419404	18.038814	2.184516	-0.218615	-1.928128	4.804863	0.509766	-0.995117	-0.023926	85.435578	6.665128	-54.910856
17988		-5.098847	18.969758	2.051536	-0.258563	-2.038502	4.908443	0.466309	-1.028564	-0.040527	85.199069	3.746595	-55.853401
17989		-6.072347	19.402090	1.887750	-0.361826	-2.098959	4.984192	0.418457	-1.049072	-0.055420	84.954665	0.794188	-56.810611
17990		-7.411530	19.163153	1.580799	-0.411802	-2.132873	5.014188	0.367432	-1.080322	-0.072266	84.728100	-2.196515	-57.773186
17991		-8.800417	18.421495	1.408859	-0.364997	-2.124495	4.992597	0.325439	-1.093506	-0.096436	84.580844	-5.162050	-58.723931
17992		-9.678496	17.185900	1.433483	-0.216093	-2.055994	4.880580	0.288330	-1.118164	-0.111816	84.560982	-8.075388	-59.641570
17993		-9.895648	15.704841	2.025282	0.038098	-1.910517	4.654463	0.254883	-1.132080	-0.107422	84.724359	-10.836768	-60.497423
17994		-10.236208	14.381314	2.574910	0.264834	-1.713823	4.332567	0.219727	-1.143311	-0.124512	85.037936	-13.412835	-61.274487
17995		-10.279392	13.194174	3.106029	0.344692	-1.465921	3.954272	0.181641	-1.167480	-0.132324	85.405883	-15.744508	-61.947869
17996		-10.520995	12.534185	3.127861	0.158228	-1.135967	3.526665	0.158203	-1.179443	-0.140869	85.644215	-17.823416	-62.464056
17997		-10.750934	12.169573	2.729000	-0.325604	-0.750752	3.070879	0.140625	-1.184082	-0.143066	85.559333	-19.614614	-62.778106
17998		-11.681491	11.048976	1.748886	-0.938462	-0.417717	2.645181	0.119629	-1.193604	-0.157715	85.063641	-21.155925	-62.903270
17999		-13.835789	9.311266	0.744063	-1.490406	-0.178246	2.298827	0.110107	-1.189941	-0.175537	84.203318	-22.480784	-62.883801
18000		-16.219914	6.348170	-0.324610	-1.702759	-0.073510	1.921509	0.090576	-1.196289	-0.194092	83.193572	-23.588321	-62.800540
18001		-17.760273	2.952743	-1.072967	-1.535558	-0.089423	1.446759	0.082031	-1.187012	-0.217773	82.292110	-24.421151	-62.745164
18002		-18.146419	0.701045	-1.465387	-1.044239	-0.171634	0.867113	0.077148	-1.191650	-0.220947	81.706518	-24.932539	-62.778631
18003		-17.311760	0.633392	-1.250702	-0.469042	-0.239116	0.253756	0.078125	-1.198242	-0.236572	81.493506	-25.100524	-62.908309
18004		-15.633790	2.088904	-0.805599	-0.017273	-0.262280	-0.316515	0.084961	-1.188477	-0.225830	81.565496	-24.946225	-63.104219
18005		-13.592898	4.321611	-0.202526	0.251607	-0.271784	-0.785826	0.096436	-1.186279	-0.238525	81.813009	-24.527350	-63.349076
18006		-11.750529	6.692179	0.304651	0.332178	-0.291446	-1.125667	0.095459	-1.187500	-0.230713	82.118442	-23.912474	-63.631668
18007		-9.991756	8.050879	0.515072	0.361314	-0.319701	-1.344369	0.114014	-1.189697	-0.236816	82.451934	-23.177868	-63.946025
18008		9.434694	12.265403	2.473652	1.243984	-0.124459	-2.595294	0.124268	-1.180176	-0.230957	83.270467	-21.709428	-64.225009
18009		6.996930	7.967241	-3.451261	1.741420	-0.222890	-2.411921	0.138428	-1.172607	-0.222900	84.376454	-20.353286	-64.523939
18010		3.581159	10.121137	-1.085079	1.189667	-0.628768	-2.369415	0.160400	-1.173340	-0.210693	85.230884	-19.032705	-65.038392
18011		0.821876	7.424187	-0.757741	0.492251	-0.935790	-3.088650	0.196777	-1.160889	-0.211670	85.736213	-17.314645	-65.751275
18012		-0.736237	12.765434	-0.826469	-0.190557	-1.040342	-3.276396	0.209961	-1.151855	-0.227295	85.842929	-15.484873	-66.517576
18013		0.601649	13.036377	-2.435988	-0.414900	-0.985509	-3.026804	0.233154	-1.130615	-0.236328	85.787216	-13.800342	-67.234040
18014		2.547822	12.018384	-4.287702	-0.362979	-0.667907	-2.917943	0.249023	-1.119385	-0.245850	85.696320	-12.159619	-67.756156
18015		2.270513	12.334042	-5.529110	-0.383527	-0.136222	-3.136205	0.278076	-1.092285	-0.248047	85.521069	-10.377860	-67.979355
18016		0.491361	15.262164	-4.216119	-0.446818	0.418417	-3.132934	0.298340	-1.075195	-0.256348	85.250565	-8.567513	-67.886836
18017		-1.035614	17.795682	-0.006988	-0.616530	0.774590	-2.863304	0.323242	-1.048828	-0.257813	84.857816	-6.898743	-67.586863
18018		-3.123690	16.297294	3.303708	-0.788295	0.770258	-2.517536	0.346436	-1.037109	-0.251953	84.375095	-5.419022	-67.284427
18019		-2.908042	13.871110	4.622027	-0.591248	0.422273	-2.071212	0.362549	-1.026123	-0.257568	84.027316	-4.217923	-67.166609
18020		-1.586511	10.990233	3.413039	-0.402736	0.161600	-1.808795	0.375977	-1.013916	-0.269531	83.798912	-3.174624	-67.187678
18021		-0.503587	9.890566	2.438158	-0.221135	0.056186	-1.705199	0.388672	-0.996826	-0.258789	83.676760	-2.203951	-67.265702
18022		-0.374316	9.819434	1.771754	-0.029703	0.075830	-1.639259	0.400879	-0.997314	-0.266846	83.662313	-1.262461	-67.329254
18023		-0.658168	10.972658	1.686359	0.065061	0.117095	-1.566238	0.406494	-0.970215	-0.254639	83.700987	-0.367160	-67.364700
18024		-1.261925	11.767464	1.499007	0.126195	0.121197	-1.420692	0.424805	-0.963379	-0.260010	83.773806	0.452848	-67.387617
18025		-1.294055	11.813883	1.169757	0.076299	0.076109	-1.251032	0.423828	-0.961670	-0.268066	83.817884	1.166139	-67.425108
18026		-1.233105	11.519158	0.940387	0.035419	0.012137	-1.100203	0.432373	-0.947998	-0.262695	83.837029	1.797073	-67.489153
18027		-1.131786	11.232138	0.894579	-0.023281	-0.030416	-0.953684	0.431885	-0.946289	-0.263916	83.821716	2.334444	-67.568642
18028		-0.993820	10.722792	1.054773	-0.035524	-0.047662	-0.834316	0.445557	-0.937500	-0.263916	83.798228	2.810316	-67.650581
18029		-1.150109	10.380223	1.487799	0.016642	-0.051336	-0.723686	0.448730	-0.932617	-0.259766	83.804581	3.215345	-67.728075
18030		-1.475036	10.194346	1.692260	0.172884	-0.091589	-0.590418	0.446289	-0.925781	-0.263428	83.898722	3.549696	-67.819812
18031		-1.076774	10.351846	1.001086	0.272582	-0.126007	-0.485941	0.454834	-0.925049	-0.266846	84.049071	3.815000	-67.924442
18032		-0.938640	10.317468	0.769514	0.260021	-0.126151	-0.414866	0.452881	-0.925049	-0.262451	84.191643	4.047763	-68.024119
18033		-1.208605	10.296688	0.878737	0.252825	-0.134999	-0.321311	0.459717	-0.929932	-0.262451	84.330254	4.219218	-68.123154
18034		-0.898513	10.282424	0.729628	0.201798	-0.131529	-0.275056	0.454590	-0.930420	-0.264648	84.439283	4.372432	-68.217054
18035		-1.067912	10.368793	0.616561	0.141503	-0.117139	-0.205255	0.456543	-0.930176	-0.256104	84.514938	4.479058	-68.298842
18036		-0.892809	9.909844	0.838667	0.102269	-0.096340	-0.168168	0.458008	-0.921875	-0.261475	84.568687	4.573469	-68.366396
18037		-1.049465	10.014786	0.843110	0.101826	-0.080585	-0.134206	0.457275	-0.917236	-0.263672	84.623355	4.641708	-68.423218
18038		-0.938040	9.979365	0.766333	0.079737	-0.062357	-0.094722	0.458008	-0.921631	-0.266113	84.665948	4.696145	-68.467241
18039		-0.983064	9.854305	0.852948	0.061496	-0.047397	-0.072559	0.450928	-0.920898	-0.256592	84.699243	4.731063	-68.501686
18040		-0.952285	9.832667	0.871828	0.053004	-0.037865	-0.053310	0.451904	-0.907471	-0.263672	84.727820	4.763198	-68.529443
18041		-0.912135	9.693335	0.922645	0.040146	-0.023196	-0.047010	0.449951	-0.922119	-0.258301	84.750115	4.784844	-68.548654
18042		-0.934338	9.704012	0.907254	0.031769	-0.008589	-0.036033	0.454346	-0.924561	-0.262939	84.767978	4.808651	-68.558725
18043		-0.956591	9.688416	0.870300	0.017717	0.015985	-0.032786	0.458008	-0.922852	-0.264404	84.779354	4.824238	-68.554744
18044		-0.932198	9.612127	0.957567	-0.006993	0.043223	-0.030238	0.457520	-0.927002	-0.265381	84.777532	4.847420	-68.534840
18045		-0.879143	9.494033	1.014016	-0.001813	0.058980	-0.034093	0.457031	-0.915771	-0.258057	84.779800	4.865995	-68.506305
18046		-0.791321	9.163966	1.024884	-0.008596	0.115302	-0.056716	0.453613	-0.920654	-0.260742	84.780465	4.908013	-68.446508
18047		-0.628109	8.896903	1.119665	-0.010068	0.193316	-0.107598	0.461914	-0.914795	-0.261719	84.784342	4.975526	-68.344877
18048		-0.612232	9.052874	1.015551	-0.021745	0.305082	-0.152159	0.459961	-0.918457	-0.257813	84.786696	5.081821	-68.181349
18049		-0.809482	9.349553	0.908945	-0.031960	0.385937	-0.168391	0.462891	-0.914063	-0.257324	84.787978	5.194039	-67.972508
18050		-0.973000	9.762431	0.850416	-0.030266	0.405328	-0.160350	0.468994	-0.914551	-0.250732	84.791339	5.310146	-67.751904
18051		-1.097557	9.937213	0.723427	-0.036189	0.411885	-0.141208	0.466797	-0.911865	-0.250000	84.792530	5.408188	-67.526688
18052		-1.111778	9.902130	0.788850	-0.057574	0.392752	-0.119699	0.469971	-0.915527	-0.247559	84.780624	5.500436	-67.311095
18053		-1.172640	9.686875	1.011081	-0.054095	0.368722	-0.113008	0.479980	-0.915771	-0.247559	84.770022	5.580200	-67.109105
18054		-1.214034	9.607447	1.126882	-0.021385	0.315923	-0.113200	0.480957	-0.914551	-0.244141	84.775255	5.664776	-66.937175
18055		-1.398783	10.126391	1.283417	0.009971	0.253239	-0.105373	0.474121	-0.908447	-0.238525	84.795388	5.734135	-66.800937
18056		-1.368624	10.108232	0.878547	-0.021961	0.176560	-0.047079	0.483643	-0.914063	-0.245117	84.793000	5.773691	-66.705405
18057		-1.148906	9.586390	1.065779	-0.018552	0.128384	-0.053690	0.483154	-0.910156	-0.243408	84.790058	5.807051	-66.638042
18058		-1.221879	9.647855	1.070889	-0.004803	0.098052	-0.052138	0.480469	-0.911377	-0.239746	84.793029	5.845420	-66.587792
18059		-1.135799	9.741313	1.016146	0.009839	0.058696	-0.061613	0.480469	-0.906006	-0.240967	84.802314	5.879673	-66.560804
18060		-1.239258	9.891918	0.811297	-0.019344	0.029425	-0.030919	0.483643	-0.914551	-0.234619	84.793061	5.902354	-66.548803
18061		-1.212721	9.703805	0.899319	-0.019673	0.012447	-0.004979	0.483154	-0.909180	-0.243652	84.783032	5.901889	-66.545385
18062		-1.162954	9.817444	0.875656	-0.001312	0.001371	-0.006217	0.475586	-0.906738	-0.232178	84.782601	5.909012	-66.548186
18063		-1.129393	9.896708	0.705426	0.004080	-0.006942	0.003732	0.480225	-0.910400	-0.233154	84.785084	5.902568	-66.555434
18064		-1.207717	9.731146	0.868922	-0.011338	-0.012511	0.004057	0.481689	-0.908447	-0.234863	84.778167	5.903083	-66.565660
18065		-1.132274	9.809673	0.781042	-0.000634	-0.028689	0.000757	0.480957	-0.906982	-0.241455	84.776651	5.897201	-66.585538
18066		-1.178680	9.775556	0.820176	-0.015968	-0.024658	-0.002677	0.482422	-0.910156	-0.244873	84.766340	5.900907	-66.603084
18067		-1.159395	9.705361	0.877020	-0.008684	-0.034281	-0.008347	0.474365	-0.906738	-0.237061	84.759833	5.899922	-66.626646
18068		-1.156750	9.792130	0.804706	-0.023657	-0.036360	-0.018415	0.474365	-0.909424	-0.240479	84.744343	5.911973	-66.651733
18069		-1.120116	9.685051	0.852877	-0.025141	-0.038759	-0.023395	0.473877	-0.909180	-0.249023	84.728054	5.919328	-66.678660
18070		-1.142923	9.780630	0.823732	-0.039727	-0.024915	-0.032704	0.482178	-0.903320	-0.241211	84.703954	5.940098	-66.697945
18071		-1.133568	9.741815	0.872589	-0.047456	-0.022986	-0.044261	0.477539	-0.902344	-0.249023	84.675686	5.960170	-66.716944
18072		-1.105942	9.666310	0.911785	-0.047555	-0.017760	-0.043294	0.479004	-0.909180	-0.245605	84.647461	5.987322	-66.732708
18073		-1.159196	9.724344	0.847290	-0.053148	-0.014432	-0.045013	0.479736	-0.906494	-0.243652	84.616421	6.008263	-66.746863
18074		-1.115212	9.690377	0.945127	-0.060900	-0.013721	-0.049585	0.477051	-0.905518	-0.235840	84.580745	6.039180	-66.760676
18075		-1.167604	9.688570	0.923788	-0.054825	-0.005167	-0.055029	0.469727	-0.905518	-0.241699	84.549231	6.066320	-66.770090
18076		-1.174177	9.713390	0.951842	-0.055990	0.000564	-0.065945	0.479248	-0.909424	-0.240967	84.517118	6.107308	-66.776637
18077		-1.166936	9.647980	0.978131	-0.042736	0.003551	-0.069137	0.477051	-0.915283	-0.246826	84.492966	6.142963	-66.781859
18078		-1.192893	9.690905	0.904864	-0.048598	0.008332	-0.068653	0.484619	-0.906982	-0.250244	84.465531	6.185896	-66.784135
18079		-1.157832	9.662583	0.968462	-0.057116	0.015854	-0.080579	0.483398	-0.908203	-0.241455	84.433823	6.228753	-66.782972
18080		-1.176174	9.605653	1.036405	-0.047352	0.017002	-0.089343	0.479248	-0.899414	-0.244629	84.407511	6.283944	-66.781471
18081		-1.179803	9.605824	0.986058	-0.039545	0.028307	-0.102432	0.485352	-0.897705	-0.246094	84.386518	6.339960	-66.774434
18082		-1.250623	9.633648	1.005536	-0.029671	0.024220	-0.112164	0.481689	-0.908691	-0.251709	84.370640	6.408546	-66.770118
18083		-1.289804	9.760215	0.965266	-0.028465	0.028655	-0.108455	0.476074	-0.895264	-0.248535	84.355992	6.468019	-66.763253
18084		-1.275014	9.716088	0.991615	-0.040948	0.019339	-0.101385	0.489746	-0.900146	-0.252441	84.333407	6.530175	-66.761161
18085		-1.222960	9.651347	1.043404	-0.032541	0.017643	-0.091958	0.487793	-0.897705	-0.243164	84.315818	6.579624	-66.759715
18086		-1.238122	9.656080	1.012104	-0.017015	0.026477	-0.090007	0.487549	-0.901855	-0.245850	84.307482	6.635680	-66.752909
18087		-1.243568	9.708552	1.004297	-0.008856	0.029284	-0.095799	0.488770	-0.899170	-0.248047	84.304215	6.687981	-66.745016
18088		-1.259426	9.713367	0.971264	-0.005528	0.020170	-0.099203	0.485352	-0.895264	-0.253418	84.301981	6.748898	-66.742365
18089		-1.279183	9.656364	1.034354	-0.003123	0.022505	-0.105488	0.480957	-0.897705	-0.246338	84.301489	6.806337	-66.738921
18090		-1.287570	9.595216	1.075018	0.027505	0.022963	-0.115099	0.489990	-0.895020	-0.243408	84.318265	6.876453	-66.735570
18091		-1.260299	9.513967	1.136578	0.086879	0.034815	-0.122442	0.498535	-0.894043	-0.242676	84.370089	6.944252	-66.725976
18092		-1.294785	9.617603	1.004262	0.164417	0.045645	-0.125611	0.485596	-0.898926	-0.245117	84.466816	7.021597	-66.710067
18093		-1.296874	9.639735	0.985964	0.242060	0.051764	-0.133180	0.497559	-0.897461	-0.246338	84.608729	7.096412	-66.691089
18094		-1.317397	9.759599	0.873407	0.315304	0.043821	-0.169265	0.484863	-0.895996	-0.237305	84.791569	7.198463	-66.678205
18095		-1.292568	9.708170	0.874964	0.391202	0.028071	-0.216919	0.493408	-0.896729	-0.239990	85.016797	7.319739	-66.676664
18096		-1.286394	9.694432	0.823761	0.494399	0.017387	-0.278493	0.488525	-0.900146	-0.241699	85.299764	7.482735	-66.683554
18097		-1.294317	9.712209	0.750749	0.614605	-0.002376	-0.354123	0.499268	-0.896729	-0.232422	85.650022	7.680980	-66.704594
18098		-1.452225	9.715384	0.672516	0.731951	-0.040036	-0.453780	0.496338	-0.900879	-0.228516	86.063807	7.941796	-66.750022
18099		-1.484848	9.825076	0.379279	0.849109	-0.110181	-0.570139	0.508545	-0.904541	-0.224365	86.538732	8.259848	-66.838522
18100		-0.047021	11.494324	0.162759	0.930685	0.015056	-0.826535	0.506348	-0.895996	-0.212646	87.069408	8.736349	-66.859957
18101		-0.749863	11.495054	0.554460	0.889370	0.210505	-1.370520	0.512451	-0.885254	-0.212158	87.592783	9.522564	-66.778628
18102		-1.137990	12.304357	0.902925	0.748374	0.278335	-1.865461	0.528320	-0.882568	-0.205811	88.042677	10.599602	-66.661660
18103		-1.351712	12.353527	0.534195	0.596141	0.237208	-2.232954	0.545898	-0.861084	-0.203613	88.403528	11.878848	-66.567354
18104		-1.600999	12.200880	0.284872	0.510770	0.163280	-2.570528	0.548584	-0.849609	-0.194336	88.708640	13.356227	-66.513196
18105		-1.665314	12.011302	0.127080	0.472970	0.080486	-2.840467	0.560303	-0.814209	-0.198486	88.982966	14.980593	-66.503286
18106		-1.823688	11.302529	0.410666	0.466902	0.007422	-3.097904	0.591309	-0.797363	-0.198242	89.243502	16.757830	-66.531181
18107		-2.020938	11.190640	0.623957	0.449106	-0.057325	-3.397065	0.598145	-0.772461	-0.191650	89.483122	18.700053	-66.592300
18108		-2.141374	11.075576	0.521143	0.474284	-0.149579	-3.597310	0.614258	-0.735840	-0.193848	89.718212	20.762613	-66.702532
18109		-2.817148	10.172837	0.712932	0.378494	-0.229894	-3.885769	0.612793	-0.712402	-0.200928	89.878442	22.984880	-66.856972
18110		-3.220387	10.992958	0.641067	0.245914	-0.308127	-4.158364	0.634277	-0.672852	-0.195068	89.937057	25.368927	-67.058860
18111		-3.452589	10.698781	1.001263	0.179909	-0.309095	-4.456509	0.647705	-0.632568	-0.190430	89.949004	27.918516	-67.264056
18112		-4.495375	11.570749	0.651691	0.156119	-0.193118	-4.717181	0.667236	-0.589844	-0.202393	89.973419	30.622558	-67.397526
18113		-6.139637	12.564427	0.462255	0.252092	-0.073170	-4.865673	0.674805	-0.546875	-0.206299	90.091172	33.406784	-67.449581
18114		-7.885698	14.617530	0.443904	0.187101	0.024045	-4.879415	0.685791	-0.493408	-0.200439	90.210372	36.203436	-67.428854
18115		-7.918037	14.732857	0.284955	0.051455	0.132121	-4.736260	0.688721	-0.453857	-0.200439	90.305438	38.913139	-67.322763
18116		-6.450823	13.944714	0.579833	-0.102916	0.237361	-4.651168	0.705322	-0.413818	-0.198486	90.371452	41.577699	-67.129550
18117		-6.206789	13.931011	0.754210	-0.308464	0.322907	-4.511978	0.710938	-0.364014	-0.196777	90.379522	44.158010	-66.859235
18118		-6.166506	11.651882	0.675961	-0.454107	0.429529	-4.520935	0.713623	-0.306885	-0.200439	90.382452	46.746108	-66.490205
18119		-5.349396	12.238418	0.725915	-0.578124	0.519963	-4.476522	0.713867	-0.262939	-0.185547	90.398458	49.305293	-66.024369
18120		-4.709238	12.169935	0.730609	-0.732233	0.664669	-4.422435	0.710938	-0.215576	-0.179199	90.459613	51.834700	-65.402213
18121		-4.054435	12.578351	0.719191	-0.931241	0.843871	-4.397823	0.714111	-0.170898	-0.175537	90.596515	54.346365	-64.564910
18122		-4.264408	11.096648	0.827314	-1.160088	1.040979	-4.302023	0.697510	-0.120117	-0.159912	90.840162	56.800586	-63.463974
18123		-3.382341	8.775786	0.989292	-1.369841	1.129332	-4.085926	0.692383	-0.070313	-0.151611	91.148923	59.126623	-62.175079
18124		-3.743716	8.003580	1.517389	-1.562039	1.238808	-3.671571	0.699707	-0.036377	-0.130371	91.569496	61.208659	-60.658817
18125		-2.046274	8.260378	1.074245	-1.751548	1.324827	-3.162275	0.692139	0.009277	-0.113525	92.102073	62.991929	-58.921783
18126		11.712312	11.056398	-1.469440	-1.827257	1.523738	-2.288124	0.692139	0.036865	-0.099121	92.918561	64.258206	-56.841954
18127		1.504191	16.444164	-1.251622	-1.834423	2.404053	-0.851682	0.702881	0.065918	-0.068848	94.804402	64.649096	-53.587941
18128		-0.345318	16.861784	-0.646788	-2.130209	2.436487	0.629471	0.716553	0.065674	-0.043457	96.397197	64.145362	-50.468431
18129		2.722882	9.502683	-0.232371	-1.839999	2.607049	1.386767	0.735596	0.068604	-0.010010	98.125090	63.164941	-47.365025
18130		1.774837	6.433231	0.097159	-1.454826	2.531169	1.828474	0.763672	0.061523	0.009766	99.720569	61.894139	-44.627053
18131		0.247339	7.090892	0.787269	-1.142658	2.305751	2.136006	0.786133	0.042480	0.034912	101.019800	60.449354	-42.397919
18132		-0.609884	7.667698	1.528273	-0.970039	2.046588	2.417326	0.807373	0.034912	0.045166	101.940800	58.847050	-40.685541
18133		-0.997390	7.203096	1.991055	-0.835087	1.704832	2.696323	0.819092	0.009033	0.061035	102.461028	57.127810	-39.508884
18134		-1.214888	6.829378	2.270582	-0.632918	1.295303	2.977731	0.852051	-0.005127	0.081055	102.612226	55.288915	-38.888468
18135		-1.366918	6.938394	2.425782	-0.447597	0.874236	3.214985	0.880371	-0.038818	0.083984	102.474267	53.379332	-38.743703
18136		-1.461423	7.032599	2.468284	-0.339423	0.461012	3.376745	0.912842	-0.060791	0.079590	102.065971	51.419404	-39.010207
18137		-1.574855	7.190893	2.319283	-0.342928	0.077636	3.446422	0.948730	-0.099854	0.069336	101.430835	49.474263	-39.580169
18138		-1.499409	7.577758	2.083151	-0.457393	-0.246688	3.420785	0.986328	-0.133301	0.048096	100.574348	47.562928	-40.368986
18139		-1.521203	8.140645	1.781355	-0.639596	-0.488037	3.369451	1.012939	-0.159424	0.036621	99.555331	45.708001	-41.267637
18140		-1.574735	8.952015	1.470978	-0.832555	-0.667186	3.372272	1.054688	-0.218750	0.010986	98.391140	43.843417	-42.237523
18141		-1.802157	9.783042	1.185771	-0.997895	-0.807466	3.460692	1.093750	-0.261719	-0.013184	97.141459	41.938162	-43.234662
18142		-2.260312	10.495618	0.958237	-1.119043	-0.933386	3.614440	1.134521	-0.317139	-0.048096	95.824339	39.923671	-44.259584
18143		-2.647454	10.945358	0.731206	-1.178019	-1.050941	3.798035	1.163330	-0.360596	-0.082520	94.505621	37.807276	-45.286599
18144		-2.919926	11.172159	0.433629	-1.200779	-1.157909	3.988314	1.198975	-0.445557	-0.119873	93.199149	35.553212	-46.314027
18145		-3.307011	11.182624	0.087321	-1.196093	-1.248283	4.129103	1.231934	-0.524658	-0.161133	91.950143	33.218422	-47.313302
18146		-3.595097	11.247185	-0.007264	-1.188076	-1.313887	4.176581	1.251221	-0.618408	-0.199951	90.753891	30.823977	-48.276643
18147		-4.120250	11.407100	-0.168999	-1.169218	-1.353214	4.141751	1.267334	-0.716797	-0.239502	89.636818	28.449933	-49.182285
18148		-4.590835	11.567330	-0.245273	-1.127262	-1.414809	4.051646	1.271240	-0.833984	-0.291260	88.583632	26.095534	-50.061363
18149		-4.597408	11.861521	-0.101630	-1.033218	-1.485567	3.941258	1.256836	-0.959717	-0.337891	87.629594	23.806686	-50.921331
18150		-4.717684	12.074665	-0.017379	-0.879254	-1.551734	3.859145	1.216553	-1.089355	-0.380859	86.793212	21.533841	-51.773724
18151		-4.932785	12.682974	0.091162	-0.673669	-1.624858	3.808294	1.147705	-1.206055	-0.430176	86.111126	19.294529	-52.624849
18152		-5.121086	13.421179	0.358057	-0.479092	-1.677534	3.770794	1.040771	-1.333984	-0.479004	85.568110	17.048772	-53.474496
18153		-5.265357	14.108118	0.521627	-0.344008	-1.706648	3.756004	0.916748	-1.433838	-0.530029	85.142332	14.820666	-54.310407
18154		-5.482211	14.457560	0.756527	-0.282039	-1.718321	3.759996	0.777832	-1.497559	-0.544922	84.783695	12.567195	-55.130104
18155		-5.719447	14.629666	0.959340	-0.235351	-1.722811	3.762866	0.623779	-1.519287	-0.568604	84.490819	10.324414	-55.930688
18156		-5.971908	14.694982	1.144851	-0.187349	-1.737760	3.757889	0.479980	-1.517090	-0.575684	84.254106	8.063603	-56.724974
18157		-6.124666	14.480071	1.326855	-0.094803	-1.761228	3.765535	0.364502	-1.506592	-0.556885	84.104718	5.810870	-57.519246
18158		-6.343327	14.234662	1.551476	0.016690	-1.796099	3.779245	0.262451	-1.461670	-0.541504	84.046611	3.531466	-58.326008
18159		-6.261439	13.771522	1.683247	0.129928	-1.827276	3.773294	0.187988	-1.426514	-0.514893	84.087527	1.268856	-59.147946
18160		-6.126273	13.322824	1.790512	0.207922	-1.838903	3.704548	0.118652	-1.400146	-0.471680	84.202904	-0.968068	-59.983262
18161		-5.767233	12.827234	1.766761	0.241026	-1.810586	3.566599	0.072266	-1.367920	-0.449219	84.371535	-3.108714	-60.815971
18162		-5.266879	12.801528	1.769549	0.236026	-1.712801	3.375698	0.031494	-1.343994	-0.426758	84.562783	-5.144786	-61.611868
18163		-4.897851	13.034800	1.632353	0.171321	-1.538030	3.192189	-0.000977	-1.320313	-0.398926	84.737741	-7.051957	-62.326173
18164		-4.562110	13.007845	1.427896	0.038608	-1.318347	3.038920	-0.034668	-1.302246	-0.361084	84.842359	-8.869193	-62.929508
18165		-4.480261	12.649366	1.110595	-0.105736	-1.067080	2.912812	-0.053955	-1.279785	-0.352539	84.861995	-10.590197	-63.398871
18166		-4.545417	11.903957	0.816151	-0.223884	-0.832690	2.788455	-0.070557	-1.259766	-0.334961	84.800362	-12.237323	-63.740115
18167		-4.570906	11.222420	0.612008	-0.261431	-0.595114	2.652027	-0.083740	-1.253174	-0.322266	84.698583	-13.785607	-63.949417
18168		-4.801510	10.582141	0.542276	-0.234733	-0.380174	2.536947	-0.097900	-1.246826	-0.312744	84.585239	-15.264376	-64.036512
18169		-5.283466	9.935566	0.399532	-0.169774	-0.183344	2.422633	-0.107910	-1.233398	-0.286133	84.481920	-16.660106	-64.011307
18170		-5.087427	8.900220	0.812349	-0.046114	-0.056779	2.282914	-0.121338	-1.223877	-0.270752	84.426625	-17.974490	-63.916048
18171		-5.431538	8.721747	0.983430	0.042204	0.078883	2.090865	-0.119629	-1.223389	-0.265381	84.398546	-19.166352	-63.749156
18172		-5.733631	8.537238	1.151102	0.075033	0.197244	1.867391	-0.125000	-1.211914	-0.252197	84.364362	-20.227571	-63.521596
18173		-5.975405	8.353383	1.323838	0.030723	0.278864	1.630442	-0.127197	-1.218506	-0.240479	84.289236	-21.145358	-63.256581
18174		-6.318986	7.983083	1.404470	-0.045290	0.334200	1.378092	-0.135742	-1.216553	-0.237305	84.157389	-21.917197	-62.969398
18175		-6.777873	7.690898	1.440190	-0.145064	0.340712	1.125758	-0.137695	-1.215332	-0.230225	83.969929	-22.542558	-62.691243
18176		-7.154424	7.540283	1.455700	-0.219218	0.314555	0.872454	-0.125488	-1.205566	-0.226807	83.747188	-23.023821	-62.441799
18177		-7.508593	7.160533	1.597978	-0.230904	0.241568	0.655088	-0.129639	-1.205811	-0.217529	83.540438	-23.385550	-62.250584
18178		-8.034901	6.741661	1.457860	-0.183958	0.112458	0.457265	-0.128906	-1.209961	-0.224854	83.394736	-23.639996	-62.151042
18179		-7.900648	5.926187	1.450172	-0.070621	-0.058743	0.246835	-0.124268	-1.198486	-0.216064	83.364158	-23.788396	-62.173403
18180		-7.842394	5.656428	1.587454	0.077095	-0.242411	-0.017473	-0.120117	-1.201416	-0.218262	83.470083	-23.793842	-62.328103
18181		-7.708729	6.227356	1.705207	0.183012	-0.413548	-0.286977	-0.125244	-1.202148	-0.210205	83.688884	-23.660969	-62.609057
18182		-7.629956	6.794848	1.834867	0.190351	-0.577280	-0.533110	-0.113770	-1.197266	-0.209961	83.955611	-23.390486	-63.006092
18183		-7.493628	7.491861	2.024936	0.106345	-0.737177	-0.734454	-0.102539	-1.192871	-0.208008	84.217585	-23.019422	-63.514058
18184		-7.376351	7.644209	1.963178	-0.027253	-0.897531	-0.919206	-0.101074	-1.193359	-0.214600	84.438570	-22.541928	-64.127928
18185		8.729000	9.907675	4.162152	0.318994	-0.824521	-1.899585	-0.088379	-1.193359	-0.216064	84.854976	-21.506319	-64.748539
18186		6.918195	8.132431	-2.706148	0.825258	-0.978942	-2.232725	-0.077637	-1.188232	-0.207520	85.581020	-20.273744	-65.463190
18187		6.727635	8.763541	-1.251443	0.417379	-1.295601	-2.107918	-0.054688	-1.189209	-0.205811	86.118731	-19.126751	-66.346156
18188		2.646432	4.522923	-0.987178	-0.216133	-1.529321	-2.877862	-0.042725	-1.184570	-0.209229	86.320083	-17.535682	-67.384327
18189		-0.021006	9.722500	-1.114531	-0.538229	-1.617607	-3.441287	-0.019531	-1.172119	-0.211670	86.326739	-15.631261	-68.484955
18190		-1.180454	14.076633	-1.783617	-0.793565	-1.495520	-3.207888	-0.000977	-1.161865	-0.226318	86.128213	-13.850272	-69.496825
18191		1.372699	12.460708	-3.281846	-0.717092	-1.212805	-2.757857	0.014648	-1.145996	-0.231934	85.905725	-12.326075	-70.324801
18192		3.099568	10.794968	-5.188040	-0.425598	-0.777049	-2.670335	0.035645	-1.140869	-0.235107	85.775349	-10.828791	-70.894283
18193		2.382054	12.369023	-6.053928	-0.287529	-0.251563	-2.729980	0.062988	-1.131592	-0.238770	85.658319	-9.283656	-71.162455
18194		1.177356	14.011562	-5.144516	-0.414067	0.280602	-2.675264	0.074707	-1.121094	-0.237061	85.415811	-7.739780	-71.124249
18195		0.340447	14.094437	-2.288752	-0.536675	0.699460	-2.497197	0.103760	-1.108398	-0.243408	85.075081	-6.284622	-70.844855
18196		-1.250458	14.623796	2.086352	-0.630623	0.881753	-2.321712	0.119629	-1.091553	-0.238281	84.677796	-4.911447	-70.461995
18197		-2.399307	13.906005	4.631966	-0.715623	0.773231	-2.144062	0.145264	-1.084717	-0.238525	84.244772	-3.649937	-70.142139
18198		-2.400514	11.819960	4.800472	-0.386303	0.446438	-1.882246	0.156006	-1.068359	-0.240723	84.016867	-2.547554	-70.000995
18199		-1.672390	10.601403	3.635896	-0.165811	0.171445	-1.714910	0.172363	-1.072998	-0.239502	83.923074	-1.564103	-70.009919
18200		-0.725345	10.142973	2.066753	-0.009247	0.033986	-1.628142	0.179932	-1.057617	-0.235352	83.919835	-0.630772	-70.092516
18201		-0.193464	10.790052	0.597025	0.055455	0.095766	-1.540871	0.190430	-1.047852	-0.238037	83.952640	0.248935	-70.134597
18202		-0.509020	11.402545	0.593069	0.010743	0.237173	-1.444200	0.205078	-1.040283	-0.241455	83.959756	1.089619	-70.089765
18203		-1.513041	12.050891	1.553022	-0.022980	0.306423	-1.292086	0.210693	-1.030762	-0.229004	83.949865	1.840300	-69.996493
18204		-1.793112	11.742438	1.526564	-0.063120	0.226110	-1.081708	0.212891	-1.035889	-0.230957	83.916460	2.473701	-69.936322
18205		-1.603100	11.830862	1.047662	-0.061979	0.174481	-0.874483	0.229492	-1.027344	-0.238037	83.883877	2.978523	-69.893493
18206		-1.509663	11.165256	1.206340	-0.083452	0.107605	-0.694172	0.227295	-1.027588	-0.233643	83.837438	3.383947	-69.877902
18207		-1.496988	10.474329	1.455313	-0.038455	0.048770	-0.560816	0.225342	-1.022461	-0.232422	83.815667	3.702402	-69.888071
18208		-1.186035	9.955521	1.468355	0.045487	-0.000789	-0.465205	0.239990	-1.010742	-0.225830	83.840051	3.970648	-69.920452
18209		-1.018838	9.821416	1.259948	0.118288	-0.024079	-0.405876	0.245605	-1.025146	-0.225586	83.905724	4.196389	-69.962477
18210		-1.002818	9.734908	1.235017	0.176635	-0.027925	-0.372965	0.238037	-1.021729	-0.226563	84.004231	4.410353	-70.004228
18211		-1.305092	10.078840	1.143974	0.266399	-0.061397	-0.296241	0.243408	-1.016357	-0.227295	84.153367	4.571557	-70.060295
18212		-0.961553	10.320448	0.698718	0.237727	-0.082282	-0.255604	0.246826	-1.016602	-0.231445	84.284712	4.715516	-70.125410
18213		-1.220344	10.476048	0.636953	0.171336	-0.085475	-0.180717	0.255127	-1.012451	-0.228027	84.378575	4.809735	-70.187999
18214		-1.063319	9.982152	0.870490	0.127176	-0.104836	-0.136241	0.248291	-1.008301	-0.223145	84.445924	4.884414	-70.258897
18215		-1.049179	10.026321	0.807405	0.113006	-0.105542	-0.113422	0.254395	-1.018311	-0.225830	84.505559	4.939304	-70.329023
18216		-1.040929	9.963282	0.764980	0.088229	-0.098898	-0.086781	0.248535	-1.012207	-0.227051	84.551010	4.986068	-70.393689
18217		-1.110887	9.790856	1.012449	0.087212	-0.090643	-0.048295	0.245850	-1.018799	-0.226074	84.596822	5.004737	-70.451656
18218		-0.935325	9.789016	0.816280	0.099985	-0.084421	-0.038319	0.246582	-1.015869	-0.224854	84.649917	5.024578	-70.505363
18219		-0.968262	9.891206	0.743967	0.065377	-0.061562	-0.028707	0.250488	-1.020020	-0.223633	84.684739	5.033716	-70.545601
18220		-0.950576	9.681240	0.877958	0.041296	-0.055148	-0.022575	0.252930	-1.016113	-0.224365	84.705758	5.046016	-70.581694
18221		-0.985066	9.782029	0.864213	0.036391	-0.042089	-0.017503	0.244385	-1.020996	-0.230469	84.724993	5.049823	-70.610179
18222		-0.934494	9.671139	0.883309	0.031171	-0.021584	-0.012833	0.249023	-1.016357	-0.225830	84.741951	5.058191	-70.626535
18223		-0.916634	9.660870	0.892550	0.020189	-0.001493	-0.008492	0.249268	-1.017578	-0.230225	84.753991	5.059002	-70.631291
18224		-0.980340	9.637525	0.919555	0.026866	0.016852	-0.007549	0.248779	-1.011475	-0.224121	84.770456	5.066212	-70.625355
18225		-0.947118	9.702485	0.919771	0.023421	0.033577	-0.004564	0.249023	-1.012207	-0.223633	84.786138	5.066614	-70.609816
18226		-0.900189	9.538014	0.949612	0.011404	0.051431	-0.007291	0.249756	-1.013428	-0.223145	84.795503	5.075326	-70.584062
18227		-0.882954	9.414744	1.012270	0.007971	0.077597	-0.017337	0.245850	-1.015869	-0.219238	84.804512	5.085295	-70.543972
18228		-0.856480	9.286749	1.053030	0.016960	0.112441	-0.031411	0.250732	-1.023682	-0.222168	84.820064	5.110773	-70.484522
18229		-0.827919	9.212323	1.083055	0.024918	0.155060	-0.047216	0.251221	-1.013672	-0.218750	84.842642	5.141769	-70.401592
18230		-0.801949	9.250723	1.059280	0.038362	0.199828	-0.073135	0.250977	-1.014404	-0.217041	84.874833	5.195348	-70.294204
18231		-0.838287	9.292755	1.031159	0.043678	0.242323	-0.096450	0.257813	-1.027832	-0.212646	84.912635	5.258801	-70.163741
18232		-0.895010	9.284681	1.087625	0.048883	0.275578	-0.119364	0.258545	-1.020264	-0.209229	84.954900	5.342311	-70.015201
18233		-0.958955	9.282948	1.055384	0.054611	0.299817	-0.144020	0.254150	-1.022705	-0.206787	85.002216	5.435606	-69.854045
18234		-0.913594	9.279520	0.996197	0.062622	0.321312	-0.166767	0.259521	-1.018799	-0.211670	85.055142	5.548077	-69.681471
18235		-0.962870	9.233367	1.093835	0.066103	0.352125	-0.185322	0.261475	-1.020508	-0.207764	85.112410	5.667223	-69.492118
18236		-1.029215	9.476086	1.063865	0.047406	0.373996	-0.185318	0.263428	-1.013184	-0.210449	85.160286	5.792401	-69.289951
18237		-1.251302	10.227447	1.207536	0.008251	0.378856	-0.163759	0.267822	-1.011963	-0.211426	85.186889	5.900229	-69.083945
18238		-1.446090	10.593908	0.659826	-0.032556	0.292971	-0.058583	0.271973	-1.010986	-0.204346	85.185475	5.948880	-68.921989
18239		-1.332929	10.176498	0.673266	-0.032490	0.199642	0.003907	0.270752	-1.016602	-0.198242	85.179289	5.952327	-68.810689
18240		-1.339073	9.990269	0.625227	0.002965	0.125769	0.009742	0.265869	-1.009521	-0.201416	85.188760	5.953868	-68.741398
18241		-1.297560	10.083697	0.541504	-0.009721	0.083124	0.000980	0.280029	-1.023193	-0.211182	85.188673	5.953374	-68.697125
18242		-1.257291	10.004353	0.609683	-0.016304	0.060554	0.004638	0.281250	-1.013672	-0.200684	85.183254	5.954625	-68.665514
18243		-1.206211	9.833982	0.732932	-0.022423	0.044630	0.000096	0.269775	-1.007813	-0.197021	85.173594	5.952790	-68.643380
18244		-1.217761	9.812043	0.733400	-0.021764	0.022008	-0.005761	0.272949	-1.010742	-0.202637	85.162735	5.958051	-68.634398
18245		-1.145010	9.771343	0.784301	-0.013736	0.016288	-0.014823	0.279541	-1.018066	-0.202881	85.156290	5.963370	-68.629257
18246		-1.120702	9.729132	0.808392	-0.003625	0.008874	-0.016327	0.267578	-1.018555	-0.203125	85.155005	5.973953	-68.628329
18247		-1.129914	9.760812	0.797004	0.009033	0.006402	-0.018461	0.270996	-1.014893	-0.198242	85.160998	5.980871	-68.629039
18248		-1.123934	9.702445	0.785148	0.000210	0.014219	-0.021221	0.270752	-1.009033	-0.203613	85.162214	5.994424	-68.625283
18249		-1.115972	9.750224	0.808926	-0.006534	0.016790	-0.027808	0.274170	-1.011230	-0.206787	85.159863	6.007181	-68.620484
18250		-1.155417	9.743646	0.762979	-0.019289	0.011348	-0.032312	0.271240	-1.011719	-0.198486	85.149688	6.026848	-68.618917
18251		-1.141021	9.759265	0.800119	-0.034033	0.015499	-0.037735	0.279785	-1.023682	-0.208984	85.131455	6.045211	-68.615348
18252		-1.178047	9.693177	0.800035	-0.049995	0.014532	-0.043303	0.272705	-1.017822	-0.202148	85.103834	6.071238	-68.612503
18253		-1.182988	9.718551	0.827169	-0.052008	0.015058	-0.043879	0.279053	-1.018311	-0.198730	85.075244	6.093090	-68.609506
18254		-1.143025	9.665513	0.868234	-0.062463	0.016033	-0.046827	0.275146	-1.009277	-0.203857	85.040560	6.121142	-68.605999
18255		-1.163236	9.641591	0.926890	-0.057133	0.005719	-0.046107	0.274658	-1.013672	-0.201416	85.008449	6.143805	-68.608499
18256		-1.115292	9.643325	0.903177	-0.038882	0.000530	-0.050032	0.278320	-1.011475	-0.202881	84.986296	6.172849	-68.614080
18257		-1.186622	9.650879	0.868185	-0.031169	-0.008029	-0.052173	0.270264	-1.013428	-0.204102	84.968174	6.198283	-68.624798
18258		-1.151298	9.683542	0.885862	-0.019428	-0.008601	-0.053478	0.270508	-0.999756	-0.201660	84.956569	6.228769	-68.635814
18259		-1.193608	9.702879	0.862895	-0.013195	-0.011135	-0.057403	0.277588	-1.005859	-0.205322	84.948509	6.257027	-68.648593
18260		-1.199003	9.702141	0.863710	-0.000490	-0.014145	-0.056052	0.284424	-1.008545	-0.203857	84.947378	6.288640	-68.662932
18261		-1.209030	9.700284	0.918211	0.001760	-0.016186	-0.057651	0.277100	-1.012207	-0.207275	84.947554	6.316782	-68.678628
18262		-1.175839	9.627157	0.897210	0.018890	-0.018552	-0.055091	0.268311	-1.010986	-0.204590	84.957234	6.347573	-68.695450
18263		-1.200267	9.662970	0.905339	0.026365	-0.016545	-0.055377	0.274170	-1.003662	-0.205322	84.971482	6.374405	-68.711231
18264		-1.216092	9.640775	0.901264	0.033763	-0.018891	-0.050926	0.281982	-1.008057	-0.204346	84.989662	6.402756	-68.728029
18265		-1.183384	9.594266	0.899475	0.055036	-0.022092	-0.059843	0.271973	-1.003906	-0.203125	85.019943	6.431871	-68.747202
18266		-1.216270	9.662151	0.892642	0.074334	-0.025343	-0.065851	0.279053	-1.004639	-0.207520	85.060843	6.468390	-68.768430
18267		-1.207489	9.684925	0.831982	0.090377	-0.032623	-0.076066	0.282715	-1.007080	-0.205078	85.110580	6.506276	-68.794416
18268		-1.237662	9.753739	0.767901	0.097197	-0.034425	-0.085588	0.282959	-1.006836	-0.201416	85.163848	6.553608	-68.821777
18269		-1.257772	9.757807	0.780091	0.093734	-0.041146	-0.095484	0.282715	-1.003662	-0.198242	85.214806	6.602217	-68.853537
18270		-1.267536	9.757260	0.771076	0.102069	-0.044085	-0.111433	0.286621	-1.011963	-0.199463	85.270048	6.663853	-68.887614
18271		-1.270345	9.724915	0.772340	0.111621	-0.047384	-0.115522	0.277344	-1.008545	-0.201904	85.330673	6.723674	-68.923820
18272		-1.259497	9.741717	0.741348	0.129186	-0.038852	-0.125876	0.286377	-1.010986	-0.200439	85.401669	6.793832	-68.955446
18273		-1.286218	9.691983	0.759386	0.148107	-0.039573	-0.136642	0.283447	-1.007080	-0.203857	85.483549	6.866159	-68.987988
18274		-1.278684	9.735191	0.746789	0.168385	-0.036171	-0.152924	0.277100	-1.002197	-0.199707	85.576986	6.951935	-69.019108
18275		-1.321291	9.775637	0.706263	0.188297	-0.038728	-0.177098	0.278320	-1.011719	-0.195801	85.681668	7.047517	-69.052717
18276		-1.302514	9.814318	0.614838	0.193132	-0.048660	-0.202838	0.271729	-1.012207	-0.195801	85.788061	7.161349	-69.092892
18277		-1.340366	9.875656	0.573687	0.194834	-0.054669	-0.238767	0.286133	-1.008301	-0.203613	85.894919	7.291632	-69.137926
18278		-1.355670	9.815199	0.544930	0.191444	-0.065935	-0.268967	0.290771	-1.003662	-0.190918	85.998607	7.442662	-69.190370
18279		-1.412560	9.906461	0.547744	0.176455	-0.073541	-0.295620	0.286621	-1.007813	-0.194092	86.093038	7.604855	-69.248112
18280		-1.432092	9.818137	0.499749	0.165919	-0.084830	-0.328880	0.288574	-1.010010	-0.193359	86.180107	7.789538	-69.313338
18281		-1.465396	9.894130	0.496122	0.159898	-0.100357	-0.365245	0.294678	-1.008301	-0.198730	86.262260	7.990698	-69.388761
18282		-1.475511	9.768549	0.494222	0.178240	-0.126965	-0.411512	0.287354	-1.000488	-0.189697	86.352147	8.221227	-69.480922
18283		-1.147147	10.072964	0.612414	0.231883	-0.135980	-0.484220	0.289551	-0.991943	-0.191895	86.471405	8.489391	-69.580656
18284		-0.922095	10.534603	0.388654	0.249729	0.033928	-0.700556	0.294922	-0.999268	-0.192627	86.613986	8.891088	-69.589033
18285		-1.170061	10.617118	0.623669	0.234345	0.116135	-0.961665	0.298828	-0.991455	-0.189453	86.754148	9.441171	-69.557646
18286		-1.433919	10.773022	0.707846	0.179776	0.138110	-1.143419	0.304443	-0.990723	-0.189697	86.864662	10.099424	-69.518026
18287		-1.616036	11.068983	0.544892	0.051932	0.119693	-1.320415	0.334961	-0.978271	-0.188232	86.899700	10.854752	-69.493879
18288		-1.769679	11.021093	0.380736	-0.074598	0.068678	-1.519153	0.333252	-0.970947	-0.181885	86.855419	11.725635	-69.505740
18289		-1.898347	10.918410	0.462583	-0.155209	0.005030	-1.708609	0.347900	-0.958496	-0.185547	86.755419	12.699406	-69.562276
18290		-1.937175	10.823349	0.582743	-0.207516	-0.040717	-1.891419	0.355469	-0.945557	-0.190186	86.616281	13.779441	-69.654156
18291		-2.093302	10.528084	0.708741	-0.206344	-0.084317	-2.071339	0.365479	-0.937988	-0.188477	86.467336	14.957310	-69.781510
18292		-2.248934	10.406822	0.725886	-0.191249	-0.125797	-2.233334	0.384766	-0.923584	-0.200195	86.315014	16.229176	-69.943435
18293		-2.333966	10.355144	0.835948	-0.156665	-0.190092	-2.399131	0.396240	-0.901855	-0.194580	86.164614	17.589812	-70.154944
18294		-2.416172	10.399237	0.912836	-0.116118	-0.238126	-2.527295	0.405762	-0.886230	-0.199463	86.019985	19.024340	-70.405934
18295		-2.525645	10.012793	1.110338	-0.076733	-0.244157	-2.746425	0.424316	-0.864990	-0.193359	85.885399	20.580248	-70.676028
18296		-2.509815	10.374094	1.170811	-0.002355	-0.272149	-2.942899	0.434814	-0.840332	-0.200684	85.774260	22.249540	-70.978549
18297		-2.872582	10.150773	1.267290	0.070561	-0.300582	-3.138518	0.463867	-0.819336	-0.199219	85.683455	24.026067	-71.314757
18298		-3.231647	9.954235	1.342054	0.076825	-0.316279	-3.487532	0.471436	-0.798340	-0.210938	85.570981	26.003297	-71.686182
18299		-3.603334	10.620264	1.288976	0.011709	-0.324763	-3.749102	0.486816	-0.768311	-0.209961	85.395564	28.126148	-72.088353
18300		-4.475719	11.039364	1.260400	-0.056130	-0.293987	-3.996016	0.497070	-0.737061	-0.209717	85.162216	30.392418	-72.500896
18301		-5.744167	12.223207	1.490585	-0.143279	-0.229989	-4.154741	0.517578	-0.710205	-0.218750	84.871110	32.748536	-72.901713
18302		-6.881466	13.097860	1.644578	-0.294271	-0.110690	-4.229983	0.524414	-0.666748	-0.207031	84.506867	35.153888	-73.252671
18303		-8.834410	16.114510	2.050317	-0.525883	0.040500	-4.112150	0.550781	-0.632080	-0.208984	84.048125	37.496567	-73.519817
18304		-8.293209	16.244644	2.373833	-0.865140	0.275104	-3.842443	0.556885	-0.602783	-0.215576	83.484063	39.699803	-73.629930
18305		-6.177790	15.373808	2.142728	-1.119094	0.479452	-3.588535	0.570801	-0.556885	-0.207764	82.865291	41.769899	-73.596835
18306		-6.379187	11.652342	1.509922	-1.167159	0.729867	-3.476344	0.584961	-0.525879	-0.206787	82.339916	43.795680	-73.386265
18307		-5.573233	11.833111	1.442296	-1.013541	0.896550	-3.446103	0.590820	-0.493164	-0.198730	81.995019	45.817628	-73.052865
18308		-4.610082	12.407389	1.748759	-0.974407	1.091198	-3.343484	0.612061	-0.456787	-0.190186	81.805034	47.798327	-72.548289
18309		-3.559415	13.032802	1.935201	-1.139343	1.301891	-3.317756	0.607910	-0.417969	-0.181641	81.680633	49.782573	-71.847124
18310		-2.431487	12.058922	1.543406	-1.455616	1.528501	-3.209180	0.622070	-0.387207	-0.169678	81.575431	51.724142	-70.906700
18311		-3.419909	7.863039	1.726597	-1.758308	1.624736	-2.965122	0.640137	-0.347168	-0.154053	81.441762	53.537773	-69.808417
18312		-2.131188	5.039381	1.368971	-1.884414	1.640460	-2.587043	0.637451	-0.317627	-0.137939	81.343180	55.137950	-68.601486
18313		4.976224	7.170667	0.667276	-1.908109	1.520640	-2.071142	0.640137	-0.288818	-0.116455	81.248670	56.438699	-67.394848
18314		8.826167	11.863552	-1.966306	-1.616494	2.050777	-0.995061	0.643799	-0.262207	-0.087646	81.966351	57.167260	-65.430973
18315		-1.725110	17.496805	-0.625660	-1.837993	2.196322	0.403865	0.650879	-0.264648	-0.056641	82.887078	57.099627	-63.082117
18316		2.188515	11.912937	-0.700495	-1.746001	2.312582	1.192749	0.663574	-0.260742	-0.045898	84.014646	56.562456	-60.540798
18317		3.227421	6.807500	-0.746094	-1.399387	2.426300	1.538246	0.675293	-0.266113	-0.015137	85.396872	55.809008	-57.913338
18318		2.236628	5.038724	-0.554588	-1.030380	2.381602	1.706061	0.675293	-0.274414	0.016602	86.867016	54.915054	-55.409731
18319		1.515078	5.527281	-0.028027	-0.739488	2.269337	1.774641	0.670166	-0.286377	0.042480	88.315785	53.949851	-53.109040
18320		0.953612	6.333804	0.482156	-0.540656	2.151676	1.810847	0.673340	-0.304443	0.069824	89.685978	52.922686	-51.017858
18321		0.745739	6.958714	0.862710	-0.397624	1.973634	1.920413	0.683350	-0.314941	0.091797	90.913415	51.812743	-49.181536
18322		0.570290	7.309624	1.199127	-0.277043	1.738891	2.135860	0.679932	-0.329346	0.115723	91.947641	50.552608	-47.650314
18323		0.247804	7.829149	1.450942	-0.171466	1.463655	2.400676	0.676758	-0.350098	0.119141	92.771718	49.140229	-46.444860
18324		0.024797	8.313051	1.645120	-0.095087	1.185257	2.649936	0.669922	-0.377441	0.147461	93.380726	47.575087	-45.556224
18325		-0.257117	8.440205	1.723958	-0.067334	0.909410	2.854231	0.668945	-0.400635	0.158203	93.782879	45.906976	-44.952327
18326		-0.331141	8.398595	1.851748	-0.082186	0.624821	3.032332	0.666260	-0.421875	0.158936	93.968055	44.135965	-44.622378
18327		-0.471896	8.565857	1.882275	-0.148604	0.379798	3.149413	0.662109	-0.446289	0.169922	93.966711	42.317399	-44.501327
18328		-0.686583	8.966998	1.839011	-0.257775	0.164022	3.217376	0.651611	-0.468506	0.174561	93.784305	40.457609	-44.551344
18329		-0.895380	9.542954	1.742865	-0.400646	-0.030978	3.270606	0.640869	-0.497070	0.172363	93.440292	38.585153	-44.732553
18330		-1.150615	10.259744	1.622267	-0.547084	-0.206779	3.347572	0.635498	-0.528320	0.171143	92.946081	36.661576	-45.025232
18331		-1.444853	11.032365	1.608416	-0.688341	-0.371862	3.475764	0.627197	-0.550537	0.156982	92.331109	34.678580	-45.404915
18332		-1.755739	11.593983	1.415517	-0.814840	-0.527255	3.626136	0.606201	-0.567383	0.154053	91.609070	32.596476	-45.861158
18333		-2.148557	11.999204	1.236411	-0.907508	-0.660013	3.770875	0.587891	-0.597168	0.150879	90.827508	30.440902	-46.363051
18334		-2.579443	12.302474	1.119687	-0.995125	-0.776097	3.866650	0.570313	-0.616455	0.141113	89.992495	28.211727	-46.898347
18335		-2.971764	12.406123	1.056944	-1.063816	-0.879591	3.905523	0.557129	-0.642578	0.127197	89.132797	25.966584	-47.449398
18336		-3.704283	12.499234	0.891227	-1.084279	-0.962093	3.881567	0.539307	-0.646240	0.113770	88.274322	23.713048	-48.007579
18337		-4.063708	12.549032	0.820861	-1.020075	-1.098635	3.818137	0.523682	-0.671387	0.103516	87.461094	21.499737	-48.604713
18338		-4.212506	12.825458	0.904563	-0.866714	-1.221068	3.750242	0.519043	-0.684326	0.086182	86.740453	19.300373	-49.239887
18339		-4.465526	13.326823	1.028533	-0.662597	-1.330697	3.704401	0.507324	-0.700195	0.080811	86.153322	17.130863	-49.906228
18340		-4.718594	14.094271	1.315734	-0.452001	-1.419829	3.690048	0.499268	-0.707520	0.064209	85.700426	14.946090	-50.599335
18341		-4.926646	14.744819	1.604565	-0.302934	-1.490720	3.704957	0.498291	-0.724609	0.053467	85.357664	12.759248	-51.309484
18342		-5.175498	15.326853	1.921663	-0.228953	-1.556916	3.721600	0.489014	-0.745361	0.042969	85.076730	10.542038	-52.040167
18343		-5.572957	15.651011	2.141094	-0.191309	-1.611882	3.735384	0.487793	-0.760742	0.031982	84.845782	8.325003	-52.785655
18344		-5.980988	15.616290	2.225675	-0.163048	-1.671657	3.778717	0.487793	-0.790039	0.029053	84.654446	6.063899	-53.551504
18345		-6.090193	15.284059	2.226853	-0.134178	-1.710371	3.797289	0.481689	-0.824463	0.021973	84.511670	3.801417	-54.327962
18346		-6.259360	15.021839	2.139919	-0.122733	-1.705905	3.766871	0.479248	-0.871094	0.016113	84.403689	1.542139	-55.097052
18347		-6.514732	14.620587	2.047890	-0.135794	-1.634254	3.686369	0.459229	-0.905029	0.020752	84.321135	-0.655771	-55.824785
18348		-6.910569	13.991001	2.054773	-0.147560	-1.520592	3.555934	0.448486	-0.938477	0.006836	84.255027	-2.785370	-56.492836
18349		-7.413810	13.231144	2.108974	-0.149702	-1.384417	3.390855	0.427490	-0.970459	0.002197	84.209751	-4.802070	-57.091478
18350		-8.080845	12.363497	2.261903	-0.114677	-1.231842	3.187094	0.406738	-1.006592	0.006348	84.195041	-6.704247	-57.615249
18351		-8.686803	11.467566	2.459861	-0.066087	-1.107974	2.960638	0.382080	-1.041992	0.001709	84.219803	-8.459974	-58.083100
18352		-9.201578	10.543485	2.647801	-0.004662	-0.983210	2.705868	0.362061	-1.075928	0.002441	84.282226	-10.071300	-58.496912
18353		-9.650778	9.694170	2.846431	0.036485	-0.885191	2.426389	0.339355	-1.092773	0.011719	84.374678	-11.508822	-58.874291
18354		-10.047970	8.986997	2.758998	0.020430	-0.829754	2.116281	0.312744	-1.110596	-0.001221	84.461734	-12.772147	-59.240697
18355		-10.626122	8.620623	2.212597	-0.132896	-0.870216	1.788736	0.299072	-1.129883	0.000732	84.481326	-13.844262	-59.652719
18356		-11.389016	9.206554	0.595824	-0.613038	-1.101705	1.457446	0.288330	-1.137207	-0.003662	84.268112	-14.745265	-60.219370
18357		-11.279589	6.818423	0.166868	-1.035458	-1.318786	1.078015	0.270508	-1.147949	-0.014404	83.862105	-15.441743	-60.935143
18358		-11.298708	3.667809	0.282137	-0.752260	-1.418327	0.713742	0.266357	-1.152832	-0.030762	83.644581	-15.942474	-61.730750
18359		-11.035442	3.765583	-0.016419	-0.217010	-1.496122	0.383522	0.258545	-1.156250	-0.035645	83.761093	-16.258938	-62.595997
18360		-10.456224	4.778946	-0.065560	0.087618	-1.498923	0.088312	0.251465	-1.163574	-0.045166	84.059117	-16.404049	-63.482972
18361		-9.964983	5.748219	-0.000253	0.157306	-1.424921	-0.193249	0.252930	-1.161865	-0.045898	84.393366	-16.380006	-64.344825
18362		-14.231332	5.925053	0.070591	0.217405	-1.128826	-1.120742	0.257324	-1.163574	-0.045654	84.720485	-15.803751	-65.081034
18363		-11.672209	-0.088207	-1.080252	0.444518	-1.016757	-2.065179	0.279297	-1.145752	-0.053223	85.163572	-14.680389	-65.794173
18364		-11.603036	3.647419	-0.024561	0.797092	-1.110738	-2.679431	0.295166	-1.145752	-0.056396	85.806982	-13.199243	-66.575132
18365		0.500056	8.982695	0.161853	0.846972	-1.137172	-2.977799	0.317383	-1.126709	-0.053467	86.461807	-11.544747	-67.362004
18366		0.010661	15.770332	-0.841447	0.458140	-1.214602	-2.791505	0.333740	-1.110352	-0.054932	86.873075	-9.986455	-68.166732
18367		1.910609	14.116887	-1.787320	-0.324538	-1.374814	-2.613685	0.356445	-1.097900	-0.067383	86.830280	-8.538244	-69.050583
18368		0.389633	10.547886	-1.564990	-0.800442	-1.488908	-2.737488	0.365967	-1.074707	-0.083740	86.499475	-7.019830	-70.005261
18369		-0.499237	9.417185	-2.380636	-0.952442	-1.417365	-2.907071	0.399414	-1.054688	-0.102783	86.055064	-5.414276	-70.932750
18370		0.491692	9.793086	-3.892183	-0.720887	-1.065449	-2.901507	0.419434	-1.033936	-0.107422	85.699833	-3.797720	-71.666631
18371		1.434480	11.628344	-5.467745	-0.381068	-0.484181	-2.852862	0.430908	-1.011230	-0.112305	85.503591	-2.193138	-72.072624
18372		0.484756	14.547625	-4.245426	-0.364628	0.191647	-2.919703	0.461426	-0.989258	-0.120361	85.295159	-0.514719	-72.100640
18373		-0.771078	15.286977	-3.485081	-0.815969	0.684674	-2.939542	0.474609	-0.978027	-0.112305	84.829934	1.193090	-71.858232
18374		-1.641765	14.508563	2.593175	-1.332982	0.817346	-2.844582	0.499756	-0.941406	-0.122803	84.077782	2.862625	-71.552729
18375		-4.110433	14.477964	6.595544	-0.995704	0.994071	-2.590657	0.510986	-0.923584	-0.129395	83.533683	4.395740	-71.149233
18376		-8.296139	15.651214	7.810105	0.110384	0.636210	-1.604963	0.533203	-0.911621	-0.119141	83.619090	5.352727	-70.892183
18377		-3.560350	13.688656	-0.890224	0.932381	0.327271	-0.220431	0.523438	-0.911133	-0.112549	84.170302	5.494245	-70.721786
18378		-0.286432	11.133917	-0.420309	0.214178	0.239841	-0.348573	0.537354	-0.911865	-0.109131	84.304155	5.710018	-70.607853
18379		-2.063088	9.941771	2.038144	0.309414	0.146803	-0.255900	0.532227	-0.914307	-0.099121	84.489011	5.860173	-70.541538
18380		-1.242790	10.249627	0.309932	0.370091	0.088046	-0.135560	0.534424	-0.911621	-0.095703	84.705236	5.945511	-70.501724
18381		-1.253209	10.836945	-0.030548	0.114548	0.121713	-0.101277	0.540771	-0.907715	-0.099854	84.778111	6.005729	-70.440707
18382		-1.416443	9.907243	0.934389	0.064955	0.088198	-0.039830	0.536377	-0.916260	-0.101318	84.820331	6.036291	-70.395510
18383		-1.243577	10.117330	0.471677	0.072935	0.064176	-0.013869	0.542236	-0.910156	-0.104248	84.866444	6.043560	-70.362868
18384		-1.189999	9.859637	0.716694	-0.000070	0.080847	0.003868	0.542969	-0.905273	-0.098389	84.871277	6.048756	-70.319602
18385		-1.222737	9.820201	0.735797	-0.022189	0.072590	0.006292	0.541260	-0.906006	-0.100586	84.863511	6.044937	-70.281090
18386		-1.194573	9.892314	0.655837	-0.079432	0.065507	0.003845	0.531982	-0.912598	-0.101563	84.821990	6.049357	-70.246624
18387		-1.162827	9.615959	0.933854	-0.111026	0.060072	0.001322	0.538330	-0.911865	-0.108154	84.762541	6.047773	-70.215549
18388		-1.122735	9.648838	0.957823	-0.101997	0.064571	0.005898	0.535645	-0.909180	-0.105469	84.708077	6.051014	-70.181504
18389		-1.152755	9.662191	0.975940	-0.095954	0.062949	0.007594	0.545654	-0.905273	-0.090332	84.657474	6.046065	-70.148441
18390		-1.156761	9.668405	0.897001	-0.097677	0.048110	0.000775	0.542236	-0.911377	-0.096924	84.604458	6.051378	-70.124108
18391		-1.180072	9.676060	0.947462	-0.079016	0.049091	-0.007998	0.533447	-0.910400	-0.092529	84.562636	6.054630	-70.099833
18392		-1.216006	9.722809	0.898068	-0.063236	0.034290	-0.015869	0.537354	-0.911377	-0.087402	84.528433	6.068697	-70.084335
18393		-1.199538	9.738236	0.937689	-0.047835	0.021926	-0.015898	0.548584	-0.901367	-0.100342	84.502790	6.074995	-70.076079
18394		-1.200936	9.711538	0.918928	-0.035741	0.014633	-0.020431	0.537109	-0.904297	-0.101563	84.483132	6.090581	-70.072114
18395		-1.173434	9.722955	0.934781	-0.019797	0.016311	-0.018486	0.546875	-0.907959	-0.098877	84.473199	6.098051	-70.067226
18396		-1.135891	9.589361	1.011344	-0.006011	0.019684	-0.024062	0.537842	-0.907715	-0.091309	84.470870	6.115966	-70.060568
18397		-1.122334	9.551623	1.053850	0.027211	0.027029	-0.013054	0.539063	-0.902832	-0.097412	84.488560	6.120929	-70.049231
18398		-1.128837	9.611374	1.007422	0.048806	0.038895	-0.014500	0.536621	-0.907715	-0.104004	84.518860	6.134411	-70.031021
18399		-1.126987	9.613313	0.946865	0.069040	0.042394	-0.018328	0.543213	-0.901855	-0.089355	84.561432	6.143208	-70.011153
18400		-1.156295	9.655484	0.917273	0.065989	0.036836	-0.024700	0.544434	-0.912109	-0.102295	84.601397	6.162342	-69.994672
18401		-1.183950	9.751121	0.879307	0.049278	0.031943	-0.039379	0.548340	-0.913086	-0.091797	84.631893	6.182558	-69.981925
18402		-1.196151	9.756576	0.842176	0.023777	0.025137	-0.052934	0.541260	-0.908936	-0.098389	84.646808	6.217129	-69.973664
18403		-1.198723	9.783554	0.809058	-0.004734	0.025437	-0.061809	0.545166	-0.910400	-0.101563	84.645836	6.249787	-69.965845
18404		-1.211499	9.727498	0.873971	-0.026311	0.035522	-0.062246	0.545410	-0.905518	-0.084717	84.632682	6.290203	-69.952123
18405		-1.226327	9.784432	0.888705	-0.040728	0.031922	-0.054553	0.545410	-0.906494	-0.093750	84.611546	6.319074	-69.940203
18406		-1.229880	9.731211	0.847474	-0.046913	0.029453	-0.042373	0.542236	-0.904785	-0.097656	84.586349	6.347815	-69.928908
18407		-1.223145	9.752261	0.853304	-0.053059	0.039860	-0.031749	0.547607	-0.908691	-0.091309	84.558798	6.364118	-69.911212
18408		-1.223943	9.805100	0.849801	-0.073154	0.031004	-0.028879	0.540771	-0.906250	-0.088135	84.518774	6.385239	-69.898308
18409		-1.203251	9.734622	0.912277	-0.097591	0.025250	-0.028437	0.544434	-0.906494	-0.090576	84.464804	6.398875	-69.888836
18410		-1.227415	9.689487	0.918899	-0.103837	0.019186	-0.027636	0.548828	-0.905029	-0.097900	84.406472	6.418627	-69.882668
18411		-1.215348	9.676611	0.994825	-0.096702	0.018950	-0.024531	0.547852	-0.901123	-0.094727	84.352633	6.429700	-69.876616
18412		-1.206207	9.671407	0.981882	-0.078685	0.019565	-0.018500	0.548340	-0.905762	-0.097412	84.308798	6.444253	-69.869735
18413		-1.222871	9.646742	1.041245	-0.060943	0.026647	-0.018475	0.544189	-0.903320	-0.105713	84.275983	6.452322	-69.858936
18414		-1.186213	9.600181	1.047427	-0.046657	0.026234	-0.012284	0.545410	-0.903320	-0.095703	84.250965	6.463697	-69.847880
18415		-1.213695	9.615502	1.005149	-0.022160	0.031421	-0.009219	0.542236	-0.901367	-0.089600	84.240743	6.466772	-69.833814
18416		-1.208435	9.635302	1.062199	-0.008392	0.030473	-0.010039	0.544922	-0.894287	-0.104004	84.237935	6.477088	-69.820198
18417		-1.216993	9.641026	1.029163	-0.002183	0.023637	-0.009302	0.550537	-0.898682	-0.102051	84.238658	6.479764	-69.810603
18418		-1.228995	9.618941	1.027240	0.004291	0.019685	-0.015460	0.547363	-0.903564	-0.094971	84.242375	6.492524	-69.803492
18419		-1.212644	9.634900	1.061048	0.011586	0.014198	-0.013318	0.540527	-0.898193	-0.100098	84.250351	6.496947	-69.799544
18420		-1.233178	9.644730	1.047703	0.012850	0.006136	-0.020776	0.539795	-0.906006	-0.104248	84.258048	6.511934	-69.800514
18421		-1.239169	9.678336	0.981519	0.013066	0.000263	-0.018254	0.550049	-0.902344	-0.093018	84.265934	6.518371	-69.804844
18422		-1.236926	9.680016	0.926468	0.001015	-0.005731	-0.021363	0.552979	-0.903809	-0.093262	84.266066	6.532992	-69.812658
18423		-1.202151	9.685920	0.973663	-0.006542	-0.011625	-0.019809	0.536377	-0.902832	-0.094727	84.261929	6.539635	-69.823899
18424		-1.184454	9.649755	0.963529	-0.002480	-0.008280	-0.023388	0.546143	-0.903564	-0.101807	84.259880	6.555237	-69.833294
18425		-1.209467	9.657508	1.006017	0.001403	-0.004021	-0.021304	0.548584	-0.911377	-0.099121	84.260779	6.563167	-69.840259
18426		-1.215303	9.691015	0.940990	0.000915	0.007468	-0.013732	0.541504	-0.898926	-0.101318	84.261768	6.574135	-69.840061
18427		-1.204174	9.625323	1.016238	-0.000808	0.014400	-0.009809	0.551758	-0.891602	-0.096924	84.262685	6.576567	-69.835793
18428		-1.210282	9.684854	0.974196	-0.004933	0.011633	-0.009705	0.545898	-0.909912	-0.101563	84.260626	6.585449	-69.832972
18429		-1.214962	9.656886	1.005366	0.011048	0.022144	-0.017125	0.546875	-0.901611	-0.093506	84.268799	6.592496	-69.824681
18430		-1.213633	9.684601	0.972540	0.007859	0.017515	-0.017862	0.554199	-0.898682	-0.097900	84.274405	6.606335	-69.818955
18431		-1.229005	9.634677	1.001873	0.003945	0.017377	-0.012039	0.546387	-0.903320	-0.091797	84.278230	6.610208	-69.813106
18432		-1.219823	9.656546	1.002749	0.005112	0.022514	-0.011866	0.546387	-0.902344	-0.100586	84.282634	6.620885	-69.804166
18433		-1.270084	9.680212	0.998959	0.005403	0.028930	-0.007378	0.549072	-0.910400	-0.098145	84.288091	6.622759	-69.791417
18434		-1.240684	9.666285	0.989326	-0.001920	0.030031	-0.004817	0.546631	-0.897949	-0.105469	84.289012	6.629821	-69.777758
18435		-1.259994	9.676051	0.977529	-0.011043	0.025778	-0.000301	0.554443	-0.896729	-0.090332	84.284886	6.627480	-69.766411
18436		-1.246695	9.725672	0.948672	-0.020432	0.019477	-0.004983	0.547363	-0.895752	-0.087891	84.274503	6.634014	-69.758820
18437		-1.268399	9.681465	0.947349	-0.021599	0.014338	-0.005156	0.548584	-0.897949	-0.099609	84.263539	6.633790	-69.754318
18438		-1.243167	9.665395	0.994888	-0.027802	0.012662	-0.009099	0.546387	-0.899414	-0.094727	84.248464	6.642261	-69.750876
18439		-1.213755	9.651196	0.988094	-0.022682	0.012985	-0.006560	0.554932	-0.893311	-0.103516	84.236780	6.642762	-69.747232
18440		-1.255472	9.642767	0.997408	-0.018154	0.008971	-0.009801	0.545898	-0.902100	-0.102051	84.226984	6.651394	-69.745949
18441		-1.223891	9.682466	0.980906	-0.014115	0.007947	-0.008668	0.552734	-0.901611	-0.097412	84.219861	6.652807	-69.745319
18442		-1.235546	9.660219	0.980560	-0.013075	0.001386	-0.013941	0.551270	-0.909180	-0.094971	84.212443	6.663336	-69.748632
18443		-1.248472	9.663887	1.002868	-0.011360	0.002951	-0.014662	0.552246	-0.907959	-0.094238	84.206525	6.667878	-69.751218
18444		-1.257165	9.669529	0.970384	-0.005219	0.005208	-0.014192	0.540771	-0.899658	-0.105957	84.203860	6.678746	-69.752353
18445		-1.252987	9.750913	0.931499	-0.027156	-0.008490	-0.012932	0.552979	-0.895996	-0.096436	84.188138	6.681637	-69.761406
18446		-1.268488	9.700539	0.964306	-0.028419	-0.008094	-0.024761	0.555908	-0.894043	-0.094482	84.171228	6.697732	-69.770796
18447		-1.235700	9.626409	0.999639	-0.016786	-0.020194	-0.031583	0.555664	-0.896240	-0.099121	84.160532	6.710568	-69.787662
18448		-1.231364	9.620045	1.033483	0.009129	-0.019788	-0.033692	0.550293	-0.897705	-0.098389	84.164283	6.731044	-69.804292
18449		-1.261443	9.661508	1.009531	0.025451	-0.016285	-0.031622	0.543701	-0.898926	-0.095703	84.178040	6.744132	-69.818916
18450		-1.252699	9.657483	0.985736	0.033531	-0.018326	-0.029359	0.552246	-0.896973	-0.097168	84.195884	6.762204	-69.834450
18451		-1.178199	9.530643	1.103592	0.056482	-0.015551	-0.031197	0.551025	-0.907471	-0.100830	84.227466	6.775102	-69.848620
18452		-1.234078	9.703674	0.923388	0.093450	-0.027233	-0.050605	0.549805	-0.900879	-0.100830	84.278868	6.804760	-69.870486
18453		-1.256699	9.767359	0.893561	0.096767	-0.043537	-0.076760	0.544189	-0.894775	-0.098145	84.331302	6.842067	-69.903314
18454		-1.254931	9.789146	0.885390	0.115352	-0.061858	-0.110142	0.550781	-0.894287	-0.098145	84.392451	6.903733	-69.948402
18455		-1.265377	9.762603	0.851943	0.122452	-0.073415	-0.137649	0.541504	-0.892334	-0.101318	84.457058	6.974166	-70.001738
18456		-1.290833	9.765769	0.861732	0.131314	-0.084031	-0.162388	0.555420	-0.897949	-0.093262	84.525352	7.064478	-70.062351
18457		-1.304463	9.792340	0.817647	0.143994	-0.098380	-0.191682	0.547852	-0.897461	-0.099365	84.600015	7.164502	-70.132842
18458		-1.332644	9.822492	0.793628	0.156579	-0.112255	-0.224417	0.553711	-0.891846	-0.095703	84.680137	7.288813	-70.212839
18459		-1.330047	9.751847	0.833786	0.170864	-0.116685	-0.251219	0.556152	-0.887451	-0.086914	84.768179	7.422038	-70.296777
18460		-1.355596	9.696113	0.827472	0.185868	-0.117892	-0.265310	0.552734	-0.888184	-0.095947	84.864054	7.569602	-70.381839
18461		-1.418085	9.766342	0.777354	0.186060	-0.115869	-0.281204	0.557373	-0.890137	-0.100342	84.960293	7.720252	-70.466458
18462		-1.430133	9.753135	0.827467	0.183705	-0.118373	-0.299909	0.552246	-0.885742	-0.100586	85.054256	7.887793	-70.553127
18463		-1.420355	9.651843	0.822212	0.196500	-0.122472	-0.316743	0.563477	-0.893066	-0.093018	85.155287	8.058690	-70.642861
18464		-1.474339	9.603288	0.856097	0.223887	-0.128826	-0.338691	0.553711	-0.890869	-0.103271	85.270687	8.248149	-70.736926
18465		-1.554393	9.595901	0.810378	0.249223	-0.142364	-0.346060	0.561035	-0.881348	-0.097412	85.399576	8.435217	-70.838910
18466		-1.095091	10.128630	0.639608	0.275646	-0.160523	-0.412276	0.563721	-0.876709	-0.095947	85.540845	8.665664	-70.953921
18467		-1.203424	9.850087	0.802416	0.297225	-0.105761	-0.598656	0.576172	-0.880127	-0.094238	85.698030	8.999136	-71.045121
18468		-1.348778	10.215277	1.025757	0.266369	-0.085494	-0.701735	0.561279	-0.874023	-0.094971	85.837809	9.398611	-71.128131
18469		-1.303382	10.425201	0.913797	0.188536	-0.089431	-0.762735	0.570068	-0.870605	-0.097656	85.932161	9.826936	-71.215341
18470		-1.137314	10.575639	1.004435	0.065842	-0.072500	-0.827261	0.572998	-0.858643	-0.100586	85.956340	10.298798	-71.294978
18471		-0.871336	11.048497	1.248525	-0.090620	-0.012702	-0.861296	0.585205	-0.851563	-0.096924	85.896779	10.786638	-71.341600
18472		-0.453753	11.777629	1.471750	-0.333837	0.160683	-0.795046	0.580811	-0.841553	-0.092529	85.716511	11.249419	-71.285530
18473		-0.133635	11.261780	1.754159	-0.653777	0.436905	-0.757765	0.587891	-0.838135	-0.093262	85.385925	11.697789	-71.068799
18474		-0.241961	11.037518	1.976461	-0.890318	0.722094	-0.706266	0.590576	-0.827881	-0.090088	84.955072	12.137082	-70.685826
18475		-0.277384	10.896499	2.015701	-1.056873	0.982833	-0.597331	0.594238	-0.822510	-0.087891	84.465344	12.525830	-70.147680
18476		0.793566	11.079903	2.232781	-1.213949	1.181272	-0.435347	0.601563	-0.821289	-0.087646	83.914947	12.843203	-69.486914
18477		0.262726	12.197814	2.415802	-1.522623	1.373015	-0.240040	0.610352	-0.807617	-0.076904	83.218918	13.063988	-68.704041
18478		0.275908	13.045169	2.148210	-1.836440	1.624353	-0.042033	0.618408	-0.801514	-0.066406	82.380603	13.204465	-67.762492
18479		1.812362	11.999137	0.669599	-2.041551	2.006197	0.181136	0.614014	-0.797363	-0.066406	81.482000	13.258930	-66.581753
18480		2.857171	9.398028	-1.519241	-2.076618	2.434572	0.373273	0.625244	-0.801270	-0.048584	80.624116	13.263592	-65.135260
18481		3.259068	8.158466	-3.577277	-1.755166	3.043235	0.525123	0.626465	-0.799561	-0.029053	80.035537	13.255676	-63.320618
18482		1.408591	9.884004	-3.603898	-1.431419	3.503618	0.714025	0.631104	-0.814209	-0.001221	79.697305	13.203990	-61.219758
18483		1.163775	9.580526	-3.479031	-0.944823	3.840610	1.002052	0.636719	-0.815674	0.030029	79.684531	13.028657	-58.894444
18484		1.055136	9.089646	-3.226481	-0.516182	4.085339	1.216491	0.641113	-0.833984	0.062988	79.946052	12.753507	-56.407394
18485		0.800515	9.246472	-2.989239	-0.219661	4.313246	1.292554	0.632568	-0.840088	0.101074	80.392905	12.441466	-53.785929
18486		0.471240	9.557463	-2.599588	-0.138082	4.509002	1.255512	0.632568	-0.861328	0.136475	80.897770	12.147787	-51.059967
18487		0.078710	9.617729	-2.241186	-0.186836	4.646315	1.214422	0.625732	-0.871582	0.180420	81.373268	11.866295	-48.264414
18488		-0.260829	9.227236	-1.936115	-0.235247	4.708822	1.160251	0.615479	-0.887451	0.211426	81.816753	11.598459	-45.441835
18489		-0.470573	9.051890	-1.795256	-0.212975	4.705587	1.089060	0.612549	-0.896240	0.262695	82.254579	11.349891	-42.632372
18490		-0.697985	9.256050	-1.593233	-0.161726	4.647888	1.008742	0.603027	-0.908447	0.292236	82.705785	11.120222	-39.866109
18491		-0.718233	9.634672	-1.351883	-0.113518	4.542570	0.951591	0.585205	-0.913330	0.341797	83.156557	10.895333	-37.169793
18492		-0.762101	10.300138	-1.073448	-0.116778	4.402169	0.921952	0.587158	-0.932129	0.374512	83.582907	10.656087	-34.559944
18493		-0.744663	11.035808	-0.882061	-0.173761	4.239201	0.934865	0.562744	-0.941650	0.407471	83.942841	10.383443	-32.048399
18494		-0.784925	11.734815	-0.741405	-0.304059	4.046756	0.991291	0.556152	-0.955078	0.425049	84.199953	10.051615	-29.648054
18495		-0.826759	12.087293	-0.786758	-0.454463	3.834557	1.104457	0.531250	-0.961426	0.457275	84.330201	9.637478	-27.368622
18496		-0.797810	11.735869	-0.957532	-0.555903	3.599036	1.243670	0.511963	-0.978027	0.479980	84.367554	9.124402	-25.220323
18497		-0.709924	11.506965	-1.209338	-0.609051	3.370211	1.357813	0.501953	-0.996826	0.504150	84.329374	8.536334	-23.201603
18498		-0.727576	11.027348	-1.500855	-0.639975	3.148471	1.436307	0.467773	-1.009766	0.522705	84.239113	7.889547	-21.307990
18499		-0.535976	10.480911	-1.876837	-0.634277	2.962526	1.484811	0.451172	-1.028809	0.546387	84.111399	7.211425	-19.520932
18500		-0.477427	10.190929	-2.171411	-0.582574	2.820798	1.497002	0.423584	-1.047119	0.553467	83.987745	6.517785	-17.815094
18501		-0.333907	9.997310	-2.425345	-0.510435	2.720758	1.503246	0.408447	-1.057373	0.573730	83.873225	5.822093	-16.167737
18502		-0.181786	9.875640	-2.612666	-0.423048	2.670575	1.504152	0.373047	-1.061279	0.583496	83.791861	5.121097	-14.549366
18503		-0.017070	9.804646	-2.658573	-0.326114	2.672095	1.506356	0.341064	-1.081543	0.599121	83.740527	4.425307	-12.931474
18504		0.117421	9.917784	-2.708547	-0.234450	2.708697	1.512651	0.326172	-1.088623	0.615967	83.729844	3.724104	-11.293006
18505		0.185137	10.143576	-2.812057	-0.180091	2.781513	1.533592	0.294922	-1.103271	0.622314	83.726359	3.020719	-9.613333
18506		0.108509	10.426100	-2.932286	-0.166185	2.871431	1.565882	0.269775	-1.114258	0.648682	83.719253	2.299209	-7.881097
18507		-0.047400	10.427162	-3.001651	-0.156674	2.966552	1.623323	0.246094	-1.121582	0.656494	83.690569	1.557016	-6.092020
18508		-0.312033	10.196116	-2.916939	-0.109329	3.048441	1.689085	0.223633	-1.121582	0.670410	83.673617	0.777215	-4.252343
18509		-0.615537	9.709353	-2.779154	-0.015209	3.099452	1.757901	0.180908	-1.127441	0.677002	83.677967	-0.032331	-2.379689
18510		-0.898918	9.238309	-2.486446	0.103532	3.132613	1.786722	0.150146	-1.132568	0.697021	83.731125	-0.863561	-0.486760
18511		-1.238058	8.982915	-2.075628	0.222880	3.129184	1.779276	0.111084	-1.139160	0.704590	83.817669	-1.686659	1.403188
18512		-1.482314	8.737269	-1.534982	0.331906	3.106811	1.741065	0.081299	-1.142822	0.722900	83.948281	-2.499554	3.277038
18513		-1.709656	8.695382	-0.967582	0.442895	3.057966	1.678744	0.050049	-1.139893	0.727295	84.110138	-3.277995	5.118605
18514		-1.858465	8.791046	-0.384158	0.507858	2.982017	1.602645	0.030273	-1.145752	0.743652	84.295775	-4.029674	6.910975
18515		-2.012115	8.946788	0.230760	0.518615	2.883288	1.528903	-0.005859	-1.140625	0.748047	84.461386	-4.743666	8.642485
18516		-2.210300	9.102797	0.727749	0.490359	2.767838	1.450393	-0.026855	-1.140625	0.767090	84.603751	-5.430325	10.302807
18517		-2.303695	9.207855	1.131295	0.402486	2.640072	1.374446	-0.051270	-1.149414	0.765381	84.676441	-6.077084	11.886943
18518		-2.422010	9.172456	1.319750	0.274593	2.506000	1.297053	-0.078369	-1.148926	0.776855	84.674717	-6.693971	13.390710
18519		-2.530550	9.060877	1.486654	0.132350	2.376561	1.221538	-0.098877	-1.136230	0.782471	84.577836	-7.267254	14.819091
18520		-2.630523	8.985081	1.568536	0.000411	2.258386	1.139191	-0.128418	-1.143555	0.772705	84.407689	-7.802457	16.177224
18521		-2.706542	9.027373	1.657575	-0.126458	2.152977	1.064552	-0.140869	-1.141113	0.780029	84.154484	-8.290445	17.474792
18522		-2.814364	8.708277	1.616605	-0.223484	2.053549	0.999320	-0.165039	-1.137451	0.768066	83.850094	-8.746036	18.714215
18523		-4.576149	6.055130	-0.190881	-0.225996	1.961132	0.895918	-0.182373	-1.149658	0.775635	83.537424	-9.136860	19.898469
18524		-5.275134	4.574090	2.564375	0.364097	1.995940	-0.134246	-0.196289	-1.144531	0.781250	83.574356	-8.940328	21.036114
18525		-8.241257	1.547571	0.184931	0.898608	1.653891	-0.619921	-0.195068	-1.133057	0.794678	83.952166	-8.488301	21.946662
18526		-12.012527	4.075568	1.445487	1.154889	1.202306	-1.282246	-0.187988	-1.132813	0.800537	84.534183	-7.694984	22.560369
18527		-10.326495	5.407339	2.654255	1.078969	0.658303	-1.939973	-0.172607	-1.123047	0.805664	85.119294	-6.557933	22.834455
18528		-0.894210	11.175265	3.530133	0.479324	0.265215	-2.243784	-0.156738	-1.118164	0.813232	85.395959	-5.268268	22.875926
18529		-0.926844	14.396913	2.606627	-0.347340	-0.209726	-2.254120	-0.148682	-1.130127	0.804199	85.216377	-3.994837	22.646255
18530		-0.603070	12.441353	1.980540	-0.926080	-0.595069	-2.127692	-0.121826	-1.122070	0.797607	84.718345	-2.813966	22.195271
18531		-0.872265	8.710159	1.770056	-0.959577	-0.752192	-2.127424	-0.103760	-1.129395	0.792725	84.190843	-1.646361	21.644698
18532		-0.287050	8.499365	1.130012	-0.561040	-0.657416	-2.189993	-0.086426	-1.128174	0.787354	83.884200	-0.440779	21.136292
18533		0.205974	9.435061	-0.171478	0.000952	-0.338100	-2.176868	-0.072510	-1.121338	0.785889	83.884679	0.774736	20.807427
18534		-0.253117	11.607519	0.006499	0.433554	0.076555	-2.207715	-0.046387	-1.115479	0.791992	84.136475	2.034119	20.715884
18535		-1.305004	12.918947	-0.785441	0.526055	0.396130	-2.168648	-0.033447	-1.105713	0.797363	84.443379	3.289097	20.814793
18536		-2.080292	13.884651	1.342645	0.285456	0.439855	-2.023840	-0.020996	-1.098389	0.802734	84.622196	4.464286	20.952542
18537		-2.322096	13.131109	1.867138	0.224963	0.505162	-1.837515	0.000977	-1.104492	0.809326	84.768383	5.535397	21.140680
18538		-3.878342	14.457268	2.318820	0.414824	0.554166	-1.373814	0.003418	-1.093262	0.816162	85.037220	6.344754	21.385504
18539		-3.461375	14.453466	1.053778	0.704153	0.441916	-0.702809	0.005615	-1.085449	0.817627	85.466325	6.763086	21.602443
18540		-2.831601	15.731355	-3.060504	0.354908	0.335819	-0.040260	-0.004150	-1.080322	0.818604	85.697622	6.798495	21.791019
18541		-0.825715	10.251673	-0.237127	-0.513528	0.175234	-0.059052	0.002686	-1.086670	0.825684	85.415518	6.836101	21.885670
18542		-1.531077	8.498725	2.335753	-0.341822	0.160361	-0.112214	0.002686	-1.086670	0.821777	85.235999	6.905277	21.969912
18543		-1.244100	8.741731	1.741013	0.148680	0.082198	-0.074310	-0.000732	-1.092529	0.819824	85.326931	6.947661	22.010162
18544		-1.066067	10.185908	0.172861	0.149047	0.102283	-0.078889	-0.004883	-1.089111	0.814209	85.424606	6.995105	22.062575
18545		-1.247879	9.894126	0.561017	0.002014	0.137745	-0.058482	-0.000488	-1.080078	0.821289	85.435572	7.030881	22.135635
18546		-1.417936	9.621958	1.053470	0.025539	0.088473	-0.030391	-0.002686	-1.080322	0.813965	85.461918	7.049892	22.182402
18547		-1.268180	10.004151	0.527755	0.031086	0.059936	-0.006923	0.002930	-1.093018	0.819824	85.484384	7.052647	22.213065
18548		-1.310602	9.890921	0.548186	-0.043218	0.047917	-0.012486	-0.004639	-1.090088	0.818848	85.468543	7.059588	22.237310
18549		-1.312522	9.876695	0.653513	-0.077826	0.011723	-0.025115	-0.002197	-1.093018	0.821289	85.425099	7.070553	22.239390
18550		-1.255154	9.839628	0.638873	-0.093105	0.003381	-0.014011	-0.007080	-1.086914	0.816895	85.377522	7.076357	22.237929
18551		-1.282595	9.758647	0.709541	-0.110762	-0.000753	-0.028958	0.007080	-1.087158	0.818604	85.314298	7.088941	22.232630
18552		-1.214229	9.720970	0.782536	-0.141514	-0.012370	-0.040264	0.000732	-1.092285	0.825195	85.237698	7.108989	22.220846
18553		-1.244389	9.586407	0.886267	-0.160163	-0.019504	-0.046493	0.003174	-1.080078	0.815430	85.144719	7.130669	22.203876
18554		-1.192453	9.567610	0.893092	-0.151938	-0.035228	-0.059744	0.001709	-1.093750	0.817871	85.060329	7.160678	22.177919
18555		-1.225819	9.556948	0.954311	-0.141107	-0.049580	-0.081848	0.004150	-1.095459	0.822510	84.975857	7.200992	22.141804
18556		-1.275284	9.671190	0.889342	-0.129154	-0.063848	-0.113694	0.004639	-1.093506	0.811279	84.901993	7.260263	22.096543
18557		-1.391286	9.927044	0.749084	-0.119492	-0.059372	-0.117707	-0.004150	-1.093506	0.813232	84.828872	7.320442	22.052825
18558		-1.336644	9.730308	0.863777	-0.109196	-0.055297	-0.083054	-0.000732	-1.088867	0.809814	84.767142	7.362577	22.013938
18559		-1.319394	9.756401	0.842746	-0.096559	-0.067055	-0.070193	0.014160	-1.094727	0.803711	84.706831	7.395146	21.968173
18560		-1.295128	9.782302	0.862458	-0.085318	-0.066401	-0.068413	0.003906	-1.083984	0.808350	84.657971	7.428271	21.923593
18561		-1.298778	9.708667	0.884635	-0.084563	-0.061057	-0.064596	0.007080	-1.101318	0.811768	84.604961	7.457885	21.881514
18562		-1.328149	9.731815	0.897871	-0.091814	-0.051753	-0.061640	0.009766	-1.091309	0.808350	84.553437	7.487859	21.845667
18563		-1.366199	9.774639	0.884668	-0.092068	-0.058844	-0.055862	0.007568	-1.087646	0.807373	84.496305	7.512535	21.805281
18564		-1.323864	9.776434	0.859448	-0.106244	-0.074382	-0.067183	0.005371	-1.093506	0.806396	84.434696	7.544356	21.756045
18565		-1.305532	9.681506	0.993517	-0.097633	-0.070708	-0.073485	0.012939	-1.092041	0.810547	84.373297	7.578334	21.707783
18566		-1.323900	9.612529	1.046332	-0.076249	-0.054284	-0.069867	0.014160	-1.099854	0.807617	84.330281	7.612721	21.669886
18567		-1.302318	9.604645	1.105947	-0.054896	-0.044340	-0.066928	0.011963	-1.096191	0.807861	84.295367	7.644382	21.637106
18568		-1.323754	9.623841	1.041920	-0.029387	-0.025995	-0.059769	0.009033	-1.089600	0.801025	84.281333	7.674582	21.616014
18569		-1.326531	9.603806	1.028962	-0.007519	-0.017060	-0.058740	0.017334	-1.093750	0.806885	84.275690	7.703113	21.599376
18570		-1.322795	9.583378	1.054758	0.031444	-0.011559	-0.059168	0.010010	-1.092773	0.806152	84.297554	7.733788	21.586615
18571		-1.338096	9.655807	0.996004	0.062275	-0.011399	-0.067200	0.016846	-1.093018	0.806152	84.332258	7.767475	21.572765
18572		-1.359669	9.660496	1.019193	0.099371	-0.001863	-0.078466	0.010742	-1.083252	0.806641	84.393586	7.809711	21.564522
18573		-1.331680	9.597210	1.015709	0.131984	0.008108	-0.085805	0.014648	-1.096191	0.808105	84.469608	7.855120	21.560923
18574		-1.351520	9.583351	1.017961	0.150178	0.014870	-0.078223	0.012451	-1.089600	0.803955	84.561319	7.898150	21.562432
18575		-1.380343	9.642183	0.964208	0.155440	0.029134	-0.071587	0.016357	-1.089844	0.810059	84.652568	7.936591	21.571855
18576		-1.363696	9.670966	0.917328	0.146117	0.025160	-0.068927	0.014893	-1.094238	0.804443	84.742809	7.974854	21.579918
18577		-1.427761	9.739810	0.884919	0.123461	0.021679	-0.066491	0.022461	-1.097656	0.808838	84.815205	8.009971	21.585432
18578		-1.428739	9.701461	0.844282	0.096415	0.014236	-0.066714	0.021729	-1.088135	0.811523	84.876093	8.046384	21.587411
18579		-1.443180	9.706051	0.908870	0.066001	0.008009	-0.060737	0.021973	-1.088135	0.819824	84.914519	8.077509	21.585414
18580		-1.442908	9.667290	0.874501	0.031042	-0.002810	-0.050973	0.023438	-1.083984	0.812744	84.936656	8.104075	21.578420
18581		-1.428399	9.628079	0.925890	0.022098	0.002359	-0.036544	0.019531	-1.083252	0.815918	84.949645	8.121108	21.574427
18582		-1.421919	9.608394	0.951381	0.006597	0.012745	-0.022094	0.016357	-1.090332	0.812744	84.959202	8.131981	21.577877
18583		-1.418239	9.622575	0.892548	0.009736	0.019597	-0.008694	0.017822	-1.091064	0.816895	84.966713	8.133989	21.585243
18584		-1.422336	9.694422	0.878767	-0.006802	0.011835	-0.004388	0.016846	-1.083984	0.819092	84.968596	8.134707	21.589060
18585		-1.433668	9.627465	0.924135	-0.020146	0.013047	0.007383	0.020020	-1.082275	0.810059	84.958567	8.127208	21.593467
18586		-1.441926	9.646814	0.899444	-0.031521	0.014564	0.018141	0.012939	-1.087646	0.813232	84.946625	8.115203	21.599995
18587		-1.414462	9.607839	0.997974	-0.032126	0.024288	0.033198	0.016357	-1.088867	0.819336	84.930830	8.093542	21.612203
18588		-1.443593	9.599270	1.005847	-0.035817	0.037234	0.053574	0.014893	-1.092285	0.805176	84.918457	8.062465	21.633605
18589		-1.423618	9.647573	0.949240	-0.027225	0.055346	0.072562	0.011963	-1.084229	0.817627	84.908245	8.019921	21.665742
18590		-1.413590	9.682003	0.908882	-0.044590	0.066812	0.093581	0.015625	-1.086670	0.814453	84.893412	7.967525	21.706238
18591		-1.443981	9.727232	0.848687	-0.072556	0.067106	0.109264	0.018066	-1.090820	0.815918	84.858368	7.904660	21.747067
18592		-1.451798	9.767212	0.801898	-0.092465	0.059150	0.119224	0.012695	-1.093018	0.812988	84.815570	7.837278	21.784517
18593		-1.379858	9.718208	0.886540	-0.104059	0.059375	0.124408	0.007080	-1.100586	0.812744	84.761897	7.765430	21.821772
18594		-1.359443	9.593756	0.977381	-0.077840	0.061504	0.120895	0.006836	-1.092041	0.806641	84.727575	7.697277	21.860751
18595		-1.346185	9.628506	0.938974	-0.030307	0.053427	0.106365	0.005371	-1.092041	0.808838	84.715496	7.635453	21.893695
18596		-1.250425	9.641239	0.941671	-0.009776	0.030734	0.078858	0.014160	-1.092285	0.811279	84.717404	7.589673	21.912732
18597		-1.229731	9.636970	0.910840	0.003734	0.024408	0.048518	0.010498	-1.095947	0.800293	84.722169	7.559323	21.925892
18598		-1.253074	9.628293	0.958108	-0.022630	0.023934	0.029024	0.004883	-1.093018	0.811279	84.715788	7.541588	21.938348
18599		-1.298839	9.624846	0.995760	-0.026917	0.028627	0.021082	0.000732	-1.097168	0.811523	84.703110	7.527117	21.952478
18600		-1.294067	9.658612	0.955231	-0.028358	0.033804	0.020854	0.002197	-1.091064	0.815430	84.694076	7.514554	21.970173
18601		-1.283223	9.691794	0.956995	-0.037625	0.039941	0.018724	0.007324	-1.093262	0.809326	84.676090	7.502035	21.990692
18602		-1.276337	9.706233	0.903047	-0.048555	0.030456	0.008795	0.006836	-1.093994	0.811279	84.655098	7.496170	22.005810
18603		-1.318580	9.664023	0.913492	-0.056258	0.019092	-0.000888	0.004395	-1.096436	0.812012	84.624730	7.493738	22.013284
18604		-1.276993	9.652278	0.941039	-0.060065	0.012664	-0.005989	0.011719	-1.092773	0.809570	84.595670	7.495355	22.017365
18605		-1.302117	9.623289	0.978544	-0.063584	0.001741	-0.012636	0.005127	-1.100586	0.809570	84.559720	7.498693	22.014218
18606		-1.273427	9.597173	1.022368	-0.059820	0.005335	-0.013614	0.006592	-1.094238	0.811523	84.530153	7.504255	22.013656
18607		-1.328681	9.646462	0.993533	-0.047678	-0.007512	-0.016456	0.008057	-1.093750	0.807129	84.502592	7.509261	22.004971
18608		-1.285243	9.615557	1.004929	-0.038092	-0.011663	-0.015202	0.002930	-1.097900	0.798096	84.484130	7.514789	21.994531
18609		-1.301103	9.619931	1.039340	-0.035127	-0.006213	-0.007321	0.009277	-1.092041	0.811279	84.463923	7.514651	21.987099
18610		-1.283559	9.648584	0.969563	-0.039769	0.003686	-0.001696	0.013428	-1.095459	0.797852	84.445699	7.513312	21.986230
18611		-1.298570	9.652996	1.004615	-0.050196	0.006866	-0.000176	0.010498	-1.097656	0.811035	84.417894	7.509821	21.986722
18612		-1.262967	9.588964	1.017324	-0.054010	0.017744	0.002684	0.004639	-1.097168	0.803711	84.392557	7.506760	21.994180
18613		-1.298824	9.545994	1.068296	-0.028792	0.026117	0.009632	0.003418	-1.102539	0.803467	84.378534	7.498756	22.006301
18614		-1.276456	9.593465	1.052936	-0.004056	0.041976	0.019173	0.002197	-1.095703	0.813965	84.383701	7.487645	22.028620
18615		-1.295662	9.599436	1.040938	0.011952	0.044859	0.028209	0.005615	-1.097168	0.800781	84.394556	7.470097	22.052567
18616		-1.313937	9.658708	1.000026	0.023037	0.048490	0.031050	0.002686	-1.097900	0.803467	84.415752	7.452557	22.079284
18617		-1.278138	9.720849	0.965849	0.004332	0.049328	0.025948	0.003906	-1.096436	0.809082	84.422543	7.436535	22.105663
18618		-1.232306	9.637671	1.000257	-0.010617	0.050920	0.013783	-0.001221	-1.096924	0.806152	84.424461	7.428959	22.132791
18619		-1.277184	9.614959	1.020796	-0.006351	0.050669	0.004825	0.009521	-1.103760	0.804199	84.425068	7.425055	22.158753
18620		-1.235418	9.603635	1.043093	-0.008748	0.053540	0.001808	0.004395	-1.100830	0.808105	84.428114	7.424435	22.186706
18621		-1.292802	9.619753	1.051276	-0.000058	0.060036	0.001645	-0.002930	-1.090820	0.801514	84.432999	7.422863	22.217876
18622		-1.266974	9.576047	1.031097	0.010601	0.063994	-0.005604	0.007813	-1.104736	0.806152	84.447800	7.427029	22.251417
18623		-1.292133	9.600846	1.032282	0.026612	0.074182	-0.007339	0.009277	-1.095459	0.806152	84.468955	7.431348	22.290221
18624		-1.264076	9.575679	1.065536	0.051505	0.087873	-0.010259	-0.000977	-1.098145	0.804688	84.508890	7.439444	22.337233
18625		-1.266041	9.629231	1.030320	0.082137	0.102623	-0.021217	0.003906	-1.106201	0.813477	84.563893	7.453177	22.391640
18626		-1.229154	9.512784	1.095953	0.140648	0.125709	-0.034461	-0.001221	-1.097168	0.808105	84.657530	7.476999	22.459116
18627		-1.288459	9.564127	1.042801	0.213417	0.151407	-0.056030	-0.002441	-1.094727	0.808105	84.791224	7.512987	22.539797
18628		-1.296810	9.565848	1.016348	0.299491	0.146308	-0.086492	-0.001709	-1.096436	0.807373	84.977110	7.567217	22.616562
18629		-1.279206	9.595567	0.991950	0.390406	0.129950	-0.146448	0.001465	-1.094238	0.825439	85.210177	7.653253	22.680668
18630		-1.308086	9.650580	0.835537	0.501868	0.095924	-0.209944	-0.001221	-1.085938	0.824463	85.507572	7.775003	22.723092
18631		-1.272281	9.878834	0.617028	0.585764	0.036228	-0.325844	0.009277	-1.077881	0.823975	85.844512	7.958834	22.726239
18632		-1.503105	10.047394	0.407966	0.678742	-0.059735	-0.476829	0.015869	-1.073975	0.834717	86.229562	8.226444	22.669614
18633		-1.626945	10.055623	0.260391	0.774057	-0.173611	-0.633020	0.018555	-1.072266	0.841797	86.655443	8.578415	22.542913
18634		-1.245138	10.368639	0.051397	0.931971	-0.296385	-0.788786	0.019043	-1.055908	0.846191	87.163107	9.018053	22.343585
18635		-0.106100	11.656536	-0.275500	0.910126	-0.002882	-1.212488	0.035156	-1.044434	0.852539	87.679445	9.708188	22.306565
18636		-0.818843	11.297040	0.962867	0.915724	0.121415	-1.640858	0.041504	-1.044922	0.855225	88.214304	10.647525	22.339921
18637		-1.377282	11.682902	1.274768	0.776944	0.210705	-1.906556	0.061279	-1.031738	0.863525	88.677654	11.739047	22.428982
18638		-1.354392	11.698785	0.777860	0.722358	0.180588	-2.058720	0.065918	-1.021729	0.875732	89.112582	12.917474	22.508532
18639		-1.744936	11.200429	0.488976	0.731226	0.149829	-2.233569	0.087158	-1.008545	0.876221	89.548642	14.194461	22.577598
18640		-1.953177	10.885003	0.522714	0.735789	0.108769	-2.390110	0.100342	-0.994629	0.875488	89.988423	15.561008	22.633315
18641		-2.117964	10.435607	0.411707	0.723855	0.085237	-2.574026	0.113525	-0.987549	0.884766	90.418774	17.032022	22.685694
18642		-2.190870	10.382905	0.524797	0.724582	0.049877	-2.702654	0.130371	-0.973145	0.888672	90.851418	18.576818	22.730707
18643		-2.707636	10.110332	0.459898	0.676087	0.021776	-2.892381	0.151611	-0.958008	0.886475	91.253463	20.229966	22.772117
18644		-3.136125	10.011067	0.625078	0.621728	-0.008204	-3.086835	0.165771	-0.935791	0.899902	91.627441	21.994668	22.811698
18645		-3.242549	10.697741	0.591795	0.560329	-0.024880	-3.228225	0.189697	-0.909668	0.896729	91.966253	23.840338	22.854960
18646		-3.706569	10.447755	0.666890	0.542041	-0.023156	-3.339105	0.208252	-0.903320	0.900391	92.305537	25.749003	22.915793
18647		-4.234946	11.694962	0.660692	0.412462	0.015724	-3.547426	0.231934	-0.881348	0.904541	92.589103	27.775832	23.018659
18648		-5.622608	13.625515	0.894982	0.252244	0.088089	-3.651146	0.245361	-0.865723	0.900879	92.816934	29.859141	23.185555
18649		-7.024694	15.843403	0.847409	0.011109	0.257990	-3.631569	0.251709	-0.843018	0.898438	92.973039	31.926335	23.475415
18650		-6.946499	15.751271	1.203324	-0.163650	0.425904	-3.470531	0.275879	-0.832275	0.903076	93.105717	33.894694	23.887739
18651		-5.437154	15.290775	1.030060	-0.359728	0.622770	-3.264707	0.284424	-0.813477	0.900391	93.217260	35.739316	24.442488
18652		-4.819233	12.479317	0.706012	-0.451733	0.827261	-3.144653	0.299072	-0.805664	0.896484	93.386839	37.505571	25.157413
18653		-4.153953	11.935531	0.605382	-0.552660	0.990232	-3.115962	0.293213	-0.790283	0.907227	93.602604	39.249633	26.013485
18654		-3.355997	11.347144	0.625844	-0.714655	1.135916	-3.055916	0.301758	-0.777100	0.901123	93.834299	40.948537	27.006505
18655		-3.131999	10.298435	0.385546	-0.891337	1.273232	-2.976495	0.314453	-0.762451	0.906250	94.076062	42.596270	28.134626
18656		-3.148842	9.400583	-0.153097	-1.066934	1.361650	-2.812811	0.312500	-0.761230	0.912598	94.308675	44.139355	29.361916
18657		-1.693703	8.989591	-0.478882	-1.215750	1.415819	-2.489632	0.312500	-0.746094	0.907471	94.521762	45.495870	30.651171
18658		5.332423	7.661885	-0.560677	-1.221229	1.405741	-2.005156	0.318848	-0.759521	0.906494	94.747371	46.567607	31.935586
18659		-0.319295	10.795945	-1.075327	-1.194332	1.645422	-1.385223	0.298584	-0.752686	0.918945	95.137172	47.273873	33.404886
18660		-0.146315	13.640309	-0.454058	-1.462650	1.546860	-0.655390	0.296875	-0.756348	0.906250	95.292766	47.556937	34.753573
18661		1.504991	9.080909	-0.280340	-1.511508	1.606749	-0.222753	0.291016	-0.769287	0.911133	95.439112	47.594665	36.123828
18662		1.638851	6.139893	-0.566440	-1.329317	1.510385	0.085853	0.275879	-0.776123	0.905273	95.608305	47.449980	37.385651
18663		1.654304	5.693941	-0.406479	-1.050632	1.374042	0.284814	0.262207	-0.809570	0.913086	95.834842	47.205885	38.511275
18664		1.621889	6.063374	-0.140021	-0.813428	1.248753	0.415003	0.249512	-0.809082	0.912842	96.101202	46.881373	39.512193
18665		1.560289	6.691627	0.089760	-0.661255	1.123300	0.566410	0.253174	-0.805176	0.911133	96.360012	46.485711	40.387409
18666		1.387807	7.341399	0.352830	-0.596319	0.983583	0.781558	0.222168	-0.825439	0.913330	96.544375	45.962548	41.116628
18667		1.141307	7.901015	0.499991	-0.583100	0.829920	1.035245	0.218506	-0.833008	0.910889	96.620407	45.315628	41.689017
18668		0.948228	8.147039	0.557192	-0.598225	0.679694	1.282744	0.198242	-0.846436	0.898682	96.572795	44.524531	42.108356
18669		0.791342	8.304360	0.574748	-0.622387	0.540077	1.501643	0.190918	-0.862305	0.896973	96.416521	43.631503	42.395054
18670		0.409665	8.660273	0.672242	-0.641970	0.424672	1.702518	0.172363	-0.883789	0.893066	96.168322	42.617538	42.572093
18671		-0.080412	9.016880	0.731167	-0.673439	0.329081	1.890330	0.150391	-0.895752	0.886475	95.846542	41.517469	42.666406
18672		-0.491952	9.281782	0.790502	-0.716341	0.237270	2.065086	0.133545	-0.906494	0.876953	95.445580	40.307530	42.683653
18673		-0.829818	9.434426	0.822217	-0.758814	0.148836	2.225311	0.119141	-0.930420	0.875732	94.982621	39.026787	42.638124
18674		-1.166716	9.453332	0.753930	-0.785317	0.053461	2.368657	0.094482	-0.931152	0.872803	94.461599	37.651348	42.527133
18675		-1.408862	9.485324	0.819132	-0.783456	-0.054503	2.486807	0.079346	-0.943848	0.855957	93.908926	36.229257	42.353010
18676		-1.674978	9.667341	0.821866	-0.764899	-0.171900	2.579248	0.063232	-0.957764	0.845215	93.327496	34.739118	42.110714
18677		-1.871507	9.915872	0.839935	-0.751746	-0.317029	2.655255	0.044434	-0.962646	0.835205	92.718602	33.226047	41.790421
18678		-2.033602	10.254583	0.839680	-0.737184	-0.454398	2.713424	0.036133	-0.972412	0.827393	92.083236	31.661157	41.398489
18679		-2.312793	10.593078	0.849672	-0.720417	-0.593895	2.768082	0.006348	-0.977295	0.818359	91.436538	30.082851	40.940956
18680		-2.561254	10.887586	0.871187	-0.712959	-0.718294	2.815010	-0.003906	-0.986084	0.805908	90.774288	28.454847	40.427657
18681		-2.708396	11.107890	0.830772	-0.702075	-0.822245	2.852734	-0.025146	-1.011719	0.802246	90.117534	26.820464	39.877237
18682		-2.895918	11.309675	0.888891	-0.681816	-0.893922	2.876394	-0.038330	-1.013428	0.794678	89.475057	25.146529	39.308665
18683		-3.194910	11.530338	0.976523	-0.635288	-0.946981	2.897977	-0.059570	-1.019531	0.785156	88.875935	23.474786	38.735493
18684		-3.492663	11.676650	1.008774	-0.563636	-0.991579	2.912843	-0.065430	-1.025635	0.769531	88.328900	21.767930	38.159539
18685		-3.790443	11.796939	1.154514	-0.466515	-1.024829	2.924304	-0.073486	-1.037109	0.767334	87.858043	20.070060	37.587042
18686		-3.954470	11.951406	1.345909	-0.380022	-1.050089	2.926922	-0.090332	-1.049316	0.751953	87.451043	18.345095	37.018867
18687		-4.068415	12.101560	1.599215	-0.324314	-1.088670	2.916024	-0.110107	-1.051025	0.746826	87.093634	16.642733	36.445197
18688		-4.210434	12.100381	1.791738	-0.297297	-1.136839	2.885280	-0.123535	-1.064209	0.732178	86.761251	14.932388	35.857487
18689		-4.383761	12.104990	1.944645	-0.263556	-1.202238	2.835626	-0.143066	-1.066650	0.721191	86.461626	13.265964	35.243860
18690		-4.550289	12.268037	2.053754	-0.246732	-1.283066	2.775969	-0.155273	-1.065674	0.716309	86.178244	11.607215	34.593584
18691		-4.641672	12.595501	2.056577	-0.245228	-1.368921	2.721716	-0.174561	-1.074951	0.704834	85.909193	9.993493	33.902972
18692		-4.705050	13.127283	2.078234	-0.256718	-1.445323	2.691671	-0.195068	-1.076904	0.698486	85.644678	8.370727	33.178130
18693		-4.863353	13.529182	2.048626	-0.270063	-1.506741	2.714902	-0.203613	-1.076904	0.696777	85.392262	6.748573	32.429036
18694		-4.994400	13.556732	1.939874	-0.268817	-1.562399	2.785414	-0.227539	-1.078369	0.693359	85.157771	5.061345	31.661207
18695		-5.076117	13.373404	1.795261	-0.268400	-1.597750	2.846844	-0.242188	-1.070801	0.697266	84.947862	3.353394	30.884312
18696		-5.235888	12.845300	1.674921	-0.247471	-1.595903	2.858193	-0.258057	-1.070068	0.682861	84.771664	1.618481	30.116686
18697		-5.453878	12.327598	1.530846	-0.213061	-1.563797	2.805237	-0.268555	-1.065186	0.701904	84.640361	-0.068594	29.369337
18698		-5.691312	11.874428	1.377992	-0.183807	-1.512116	2.697387	-0.285645	-1.064697	0.694336	84.545491	-1.709456	28.649526
18699		-6.019617	11.533819	1.264202	-0.178104	-1.438199	2.554186	-0.289551	-1.072021	0.690430	84.473933	-3.249009	27.965254
18700		-6.346615	11.031060	1.191633	-0.201420	-1.340727	2.378908	-0.302490	-1.065430	0.699463	84.402298	-4.699014	27.328445
18701		-6.749959	10.317550	1.173320	-0.212326	-1.230210	2.183078	-0.317871	-1.060791	0.694336	84.336131	-6.016937	26.743759
18702		-7.108342	9.555539	1.147148	-0.204945	-1.119633	1.955488	-0.327881	-1.057861	0.697510	84.280087	-7.212453	26.210138
18703		-7.358463	8.659017	1.238682	-0.164215	-1.015186	1.721715	-0.344238	-1.057373	0.699463	84.252570	-8.256087	25.722102
18704		-7.682258	7.967952	1.094217	-0.090238	-0.912738	1.426121	-0.354004	-1.058105	0.697998	84.268456	-9.136230	25.275438
18705		-7.963748	7.701003	1.171579	-0.042952	-0.817310	1.139806	-0.347412	-1.052979	0.698242	84.312314	-9.836622	24.865435
18706		-8.323644	7.531993	1.071629	-0.022163	-0.726940	0.875828	-0.354980	-1.048340	0.704102	84.365350	-10.389580	24.491675
18707		-8.537648	7.507857	1.016385	-0.041309	-0.643090	0.660162	-0.354492	-1.054443	0.708252	84.404899	-10.806038	24.152793
18708		-8.759146	7.402269	0.925916	-0.085927	-0.563123	0.506002	-0.361816	-1.054688	0.705322	84.413139	-11.136041	23.851361
18709		-8.774493	7.054570	0.764236	-0.140429	-0.505848	0.368404	-0.358154	-1.047852	0.702881	84.387565	-11.378370	23.574774
18710		-10.401306	5.885328	-0.450945	-0.159131	-0.450913	0.161948	-0.350342	-1.059326	0.715088	84.347318	-11.503565	23.318546
18711		-10.909370	4.118096	0.588473	0.055880	-0.340373	-0.656812	-0.357666	-1.062012	0.709473	84.427165	-11.152092	23.079586
18712		-12.684260	1.205073	-0.931948	0.515205	-0.415733	-1.218431	-0.351807	-1.056396	0.709473	84.781051	-10.484086	22.767978
18713		-13.793647	3.019703	-0.856566	0.962903	-0.553496	-1.858387	-0.330322	-1.051270	0.718506	85.405820	-9.454267	22.351188
18714		-10.493021	6.327340	-0.291187	1.121899	-0.623467	-2.384965	-0.309814	-1.045898	0.720459	86.120297	-8.119122	21.884989
18715		0.224228	11.810935	-0.713637	0.947157	-0.538850	-2.354027	-0.286865	-1.043701	0.732666	86.715729	-6.796139	21.485667
18716		-0.117286	17.217894	-1.932597	0.524124	-0.512905	-1.940985	-0.273193	-1.047119	0.737305	87.055832	-5.701243	21.125967
18717		1.373731	13.910622	-2.899470	-0.212108	-0.603981	-1.655949	-0.258057	-1.045410	0.731934	86.971738	-4.775581	20.725692
18718		1.076031	8.238830	-2.663603	-0.694948	-0.675472	-1.832271	-0.241699	-1.049561	0.729492	86.608397	-3.748492	20.275489
18719		1.283187	6.881027	-3.221185	-0.608691	-0.473332	-2.155057	-0.229492	-1.049316	0.722900	86.279783	-2.536781	19.924152
18720		1.629813	10.051530	-4.206530	-0.366035	0.009479	-2.340519	-0.222168	-1.056396	0.723145	86.075095	-1.198035	19.836404
18721		0.295488	13.238446	-3.077791	-0.540654	0.444924	-2.397909	-0.199463	-1.060303	0.710205	85.764850	0.186638	19.989409
18722		-1.231778	14.166680	-0.917615	-1.017105	0.797100	-2.417674	-0.180420	-1.068359	0.712646	85.190715	1.603628	20.331927
18723		-0.938013	13.233978	3.876666	-1.193670	0.825618	-2.406886	-0.174072	-1.065918	0.697754	84.521525	3.015579	20.676246
18724		-4.034260	13.499106	6.140104	-0.957426	1.072917	-2.309418	-0.163330	-1.075684	0.695557	84.007012	4.393694	21.153260
18725		-6.694071	13.659716	6.720743	0.014359	0.800481	-1.581544	-0.153564	-1.075439	0.698242	84.046650	5.338666	21.513017
18726		-4.859821	15.297102	0.991625	0.873273	0.208859	-0.566580	-0.149902	-1.061035	0.702881	84.557086	5.674682	21.596764
18727		-0.507661	11.698949	-1.329156	0.341644	0.102716	-0.297934	-0.142822	-1.069580	0.712158	84.757687	5.846164	21.636231
18728		-1.855482	10.534957	1.384437	0.117389	0.024555	-0.296898	-0.139893	-1.067383	0.709473	84.826846	6.018278	21.631292
18729		-1.393609	10.240401	0.509237	0.175955	-0.047486	-0.172946	-0.144043	-1.062256	0.702637	84.924366	6.110597	21.591672
18730		-1.230469	10.554763	0.164854	0.000097	-0.014197	-0.124423	-0.137939	-1.062012	0.701172	84.924884	6.182405	21.573664
18731		-1.337610	9.726882	1.052988	-0.018935	-0.002384	-0.080290	-0.145264	-1.068115	0.702637	84.913961	6.224163	21.564725
18732		-1.178146	9.797813	0.828566	0.043859	0.014152	-0.039414	-0.130371	-1.057861	0.703857	84.941820	6.248886	21.567332
18733		-1.188516	9.923191	0.742260	0.022594	0.023699	-0.016910	-0.133545	-1.068604	0.703125	84.956667	6.255791	21.576606
18734		-1.163832	9.811219	0.849592	-0.000032	0.034064	-0.001233	-0.144531	-1.062256	0.704834	84.960847	6.259695	21.592589
18735		-1.099520	9.669209	0.924034	-0.012986	0.042374	0.009774	-0.141602	-1.055176	0.704102	84.956625	6.252310	21.613938
18736		-1.145874	9.734014	0.833390	-0.024291	0.048991	0.020649	-0.142822	-1.062256	0.706299	84.947938	6.244440	21.639598
18737		-1.120955	9.641175	0.959591	-0.041474	0.064865	0.029783	-0.143799	-1.064453	0.699707	84.928899	6.226780	21.674879
18738		-1.137205	9.612571	1.035887	-0.030386	0.057635	0.025355	-0.145996	-1.064697	0.699463	84.917254	6.216639	21.705742
18739		-1.175148	9.797790	0.833091	-0.035125	0.040900	0.016282	-0.137939	-1.061523	0.697021	84.900275	6.205482	21.726583
18740		-1.209112	9.876602	0.728785	-0.042228	0.015410	0.008413	-0.143799	-1.063965	0.706055	84.879093	6.202842	21.732341
18741		-1.186414	9.783225	0.856669	-0.048258	0.005988	-0.006824	-0.143311	-1.062744	0.708496	84.852294	6.203097	21.731957
18742		-1.087677	9.614361	1.014702	-0.035410	-0.004451	-0.011897	-0.141113	-1.062012	0.698975	84.833680	6.211008	21.725268
18743		-1.106460	9.653465	0.963722	-0.022414	-0.009905	-0.016815	-0.143311	-1.068604	0.700439	84.820645	6.216142	21.715243
18744		-1.144781	9.610975	1.013032	-0.014897	-0.009245	-0.019440	-0.144043	-1.064453	0.705811	84.813396	6.228065	21.705403
18745		-1.160714	9.684034	0.917420	-0.002359	-0.007194	-0.021789	-0.144043	-1.066162	0.704590	84.811989	6.236176	21.696673
18746		-1.111288	9.705438	0.939293	-0.007328	-0.002098	-0.021393	-0.149414	-1.062988	0.708496	84.809470	6.249554	21.690827
18747		-1.081906	9.607523	0.990781	-0.006015	0.005841	-0.024878	-0.136230	-1.059570	0.702393	84.806762	6.260102	21.689417
18748		-1.117425	9.598901	0.995820	-0.003259	0.011448	-0.022054	-0.145752	-1.067383	0.698975	84.807381	6.274516	21.691307
18749		-1.069400	9.582644	0.946209	-0.015233	0.015647	-0.032428	-0.142578	-1.068848	0.703125	84.799963	6.289882	21.695132
18750		-1.141389	9.637386	0.945193	-0.041217	0.030959	-0.039493	-0.142822	-1.060059	0.699707	84.779927	6.315218	21.707303
18751		-1.127804	9.596909	1.003286	-0.055609	0.033603	-0.035986	-0.155762	-1.054688	0.701416	84.750493	6.333555	21.721238
18752		-1.157370	9.708289	0.900337	-0.066105	0.041963	-0.039377	-0.146973	-1.065430	0.705566	84.716869	6.359380	21.739710
18753		-1.164829	9.673268	0.949539	-0.079082	0.039424	-0.035652	-0.142090	-1.066895	0.700195	84.674366	6.377851	21.756984
18754		-1.156265	9.686198	0.941463	-0.088607	0.038477	-0.032031	-0.141113	-1.061523	0.696533	84.627663	6.399293	21.773819
18755		-1.154279	9.631162	1.018810	-0.084542	0.040412	-0.028458	-0.134766	-1.070801	0.703369	84.582147	6.413741	21.792021
18756		-1.166008	9.649854	0.999826	-0.088916	0.045843	-0.024386	-0.137695	-1.060791	0.701904	84.535767	6.431213	21.813474
18757		-1.186972	9.635349	0.981939	-0.094054	0.045964	-0.024153	-0.137939	-1.064209	0.702393	84.485192	6.443540	21.835076
18758		-1.183135	9.686368	1.004865	-0.092448	0.037796	-0.024979	-0.139893	-1.075195	0.697998	84.436249	6.460911	21.851854
18759		-1.206996	9.690900	1.001889	-0.085068	0.033501	-0.027763	-0.136475	-1.066162	0.695068	84.390003	6.474638	21.866083
18760		-1.233888	9.714461	1.013361	-0.077812	0.024218	-0.030727	-0.145264	-1.067383	0.695313	84.348511	6.494521	21.874721
18761		-1.192372	9.682855	1.027545	-0.071267	0.018938	-0.030749	-0.148682	-1.066406	0.700928	84.309213	6.509146	21.880404
18762		-1.214138	9.652241	1.106910	-0.062630	0.012453	-0.032290	-0.136719	-1.070068	0.695557	84.275620	6.529236	21.882178
18763		-1.166664	9.636070	1.061817	-0.047080	0.006336	-0.040111	-0.138672	-1.072998	0.698975	84.249297	6.548483	21.880072
18764		-1.165506	9.580823	1.134739	-0.034232	0.003928	-0.043987	-0.141602	-1.072266	0.698975	84.231297	6.574722	21.876260
18765		-1.187828	9.620050	1.083197	-0.007137	0.005583	-0.055701	-0.137939	-1.072510	0.697998	84.227703	6.602812	21.872807
18766		-1.213449	9.678357	1.045096	0.001816	-0.002580	-0.052716	-0.136230	-1.071533	0.695801	84.229817	6.633615	21.864744
18767		-1.215816	9.658819	1.029358	0.011332	-0.001587	-0.056317	-0.142578	-1.062988	0.698242	84.236321	6.661643	21.857142
18768		-1.232964	9.697208	1.016503	0.014982	-0.002979	-0.057451	-0.138428	-1.073486	0.697021	84.245885	6.695095	21.848578
18769		-1.208039	9.724231	1.026012	0.010158	-0.004559	-0.052692	-0.141357	-1.078857	0.691650	84.251535	6.720889	21.839485
18770		-1.210459	9.651556	1.036889	0.015802	-0.002838	-0.048725	-0.135498	-1.064697	0.707031	84.261606	6.749345	21.831511
18771		-1.242520	9.641511	1.080845	0.033573	-0.002317	-0.051783	-0.138672	-1.061523	0.691895	84.280822	6.774752	21.823767
18772		-1.211781	9.630975	1.057506	0.045792	-0.005007	-0.059330	-0.143555	-1.076172	0.705566	84.307818	6.809106	21.813950
18773		-1.220692	9.596624	1.094278	0.070781	0.003545	-0.057332	-0.139404	-1.063721	0.702393	84.348709	6.838016	21.809281
18774		-1.243731	9.636643	1.033029	0.088120	0.006416	-0.052911	-0.141602	-1.075439	0.694092	84.400737	6.869330	21.806423
18775		-1.236663	9.651218	1.008728	0.089156	0.013729	-0.049922	-0.138428	-1.072754	0.699951	84.452908	6.894590	21.808068
18776		-1.262234	9.763269	0.934516	0.076814	0.018772	-0.053349	-0.139893	-1.065186	0.703369	84.499284	6.926808	21.812329
18777		-1.252795	9.705410	0.924158	0.063535	0.024319	-0.053494	-0.135742	-1.067383	0.697754	84.537494	6.954681	21.819902
18778		-1.294345	9.715517	0.937641	0.053600	0.026480	-0.053908	-0.136719	-1.069092	0.697998	84.571105	6.987599	21.828599
18779		-1.281650	9.728768	0.959193	0.035414	0.025432	-0.049474	-0.143311	-1.058594	0.700439	84.593319	7.013231	21.837064
18780		-1.253813	9.684115	0.979102	0.023605	0.019292	-0.050103	-0.134033	-1.064453	0.703613	84.609262	7.043556	21.841860
18781		-1.264680	9.737518	0.907376	0.019526	0.017361	-0.053681	-0.137207	-1.063721	0.706055	84.621785	7.071149	21.845473
18782		-1.279766	9.687830	1.005809	0.010752	0.009507	-0.059109	-0.137939	-1.065674	0.700684	84.629600	7.106048	21.844168
18783		-1.270685	9.682444	0.973859	0.013986	0.004809	-0.064940	-0.139160	-1.062500	0.700195	84.637984	7.139391	21.839967
18784		-1.256029	9.676315	0.983663	0.013978	0.004816	-0.064939	-0.132813	-1.070801	0.711182	84.647243	7.177332	21.835657
18785		-1.307459	9.599429	1.029335	0.025237	0.011992	-0.062408	-0.133057	-1.069824	0.707275	84.662604	7.209615	21.835734
18786		-1.280191	9.607862	1.021967	0.031695	0.017571	-0.055119	-0.129639	-1.058105	0.710938	84.682965	7.242600	21.839298
18787		-1.300284	9.627963	0.949177	0.046081	0.024383	-0.051813	-0.131836	-1.055908	0.709473	84.711243	7.269495	21.847091
18788		-1.299438	9.627186	0.985475	0.062980	0.026845	-0.045998	-0.130859	-1.065918	0.703369	84.750245	7.297727	21.856500
18789		-1.304580	9.680243	0.950650	0.077240	0.036002	-0.053665	-0.126953	-1.065674	0.703125	84.797227	7.326274	21.870916
18790		-1.307185	9.661217	0.927469	0.085409	0.021274	-0.060032	-0.127197	-1.068848	0.705322	84.848564	7.362177	21.876426
18791		-1.325809	9.646884	0.934212	0.093934	0.023682	-0.071830	-0.131104	-1.066650	0.706787	84.904103	7.400434	21.882870
18792		-1.357189	9.671171	0.928323	0.097479	0.017340	-0.073107	-0.130615	-1.053223	0.707031	84.961971	7.443557	21.885508
18793		-1.349428	9.666196	0.888502	0.088915	0.012946	-0.078877	-0.131348	-1.064941	0.709961	85.013805	7.485286	21.885491
18794		-1.327312	9.641139	0.918190	0.086284	0.012321	-0.081550	-0.133301	-1.058350	0.705811	85.064818	7.532947	21.884889
18795		-1.338343	9.659993	0.924377	0.090126	0.010817	-0.077612	-0.135254	-1.054688	0.709717	85.117203	7.573850	21.883785
18796		-1.363921	9.645856	0.888859	0.099958	0.018898	-0.081922	-0.127441	-1.061279	0.703857	85.176530	7.622008	21.887032
18797		-1.335877	9.635614	0.859311	0.107727	0.021680	-0.085387	-0.131104	-1.058594	0.700928	85.239792	7.667872	21.891894
18798		-1.372004	9.678851	0.866153	0.123354	0.017091	-0.087556	-0.133057	-1.060303	0.705566	85.312345	7.719120	21.893931
18799		-1.393011	9.664424	0.869500	0.129144	0.016720	-0.096100	-0.131104	-1.055420	0.710205	85.387449	7.770860	21.895548
18800		-1.429972	9.721980	0.775649	0.122903	0.008104	-0.104376	-0.131836	-1.054688	0.704834	85.458931	7.831266	21.891748
18801		-1.407832	9.730493	0.759957	0.108092	-0.009989	-0.118541	-0.130615	-1.066406	0.715576	85.519747	7.894616	21.877072
18802		-1.447277	9.720224	0.796407	0.100723	-0.020818	-0.134650	-0.123291	-1.056152	0.714600	85.576031	7.971009	21.855353
18803		-1.439725	9.714048	0.798250	0.102384	-0.028173	-0.146891	-0.120850	-1.051514	0.715820	85.631919	8.049786	21.829052
18804		-1.417732	9.702830	0.769314	0.107676	-0.034007	-0.154174	-0.122559	-1.058350	0.726074	85.690933	8.136777	21.799002
18805		-1.435693	9.668086	0.801994	0.118061	-0.031224	-0.166978	-0.125000	-1.060303	0.718750	85.755373	8.226953	21.770228
18806		-1.444815	9.628165	0.760932	0.136062	-0.029877	-0.171391	-0.123291	-1.047607	0.716797	85.830796	8.323987	21.742009
18807		-1.456936	9.679468	0.760205	0.161212	-0.021063	-0.182842	-0.114990	-1.057129	0.711914	85.920657	8.423724	21.718672
18808		-1.483218	9.644498	0.745200	0.184435	-0.019031	-0.193919	-0.119629	-1.054199	0.723145	86.024503	8.534118	21.696083
18809		-1.498806	9.623666	0.711853	0.211431	-0.014799	-0.206495	-0.115723	-1.055664	0.723389	86.143503	8.647704	21.675784
18810		-1.532321	9.660107	0.677363	0.240466	-0.011687	-0.220573	-0.111816	-1.045166	0.725830	86.279894	8.773671	21.656856
18811		-1.571973	9.643350	0.627198	0.269533	-0.022890	-0.241393	-0.109619	-1.053467	0.720459	86.431262	8.907010	21.631120
18812		-1.235170	10.083061	0.513190	0.280839	0.006254	-0.328404	-0.112549	-1.050049	0.729492	86.591804	9.095335	21.619406
18813		-1.475481	10.051571	0.427697	0.277750	0.031576	-0.466036	-0.110596	-1.043945	0.722656	86.751671	9.359118	21.618381
18814		-1.595230	9.992202	0.452547	0.280361	0.029546	-0.578134	-0.119873	-1.042480	0.725098	86.912940	9.691001	21.613202
18815		-1.484954	10.286996	0.520741	0.245352	0.050835	-0.694297	-0.104736	-1.039795	0.720703	87.055204	10.085969	21.617835
18816		-1.556786	10.310153	0.495834	0.181886	0.060846	-0.835710	-0.092529	-1.035156	0.729736	87.162185	10.566079	21.624904
18817		-1.667061	10.362825	0.635939	0.118687	0.057127	-0.961707	-0.081787	-1.036133	0.734131	87.231489	11.114235	21.627081
18818		-1.779859	10.291086	0.572747	0.045693	0.042320	-1.065831	-0.078369	-1.037598	0.725342	87.257366	11.725395	21.618057
18819		-1.888994	10.251550	0.555905	-0.003841	0.021560	-1.147124	-0.069336	-1.036621	0.739014	87.251198	12.378687	21.594789
18820		-2.026897	10.094237	0.608605	-0.044112	0.005922	-1.209021	-0.063965	-1.025146	0.745361	87.219769	13.070674	21.560225
18821		-2.141151	10.082928	0.597290	-0.052066	-0.014977	-1.267352	-0.053955	-1.030762	0.737305	87.179448	13.791724	21.511231
18822		-2.251439	9.793275	0.668089	-0.040579	-0.030096	-1.325168	-0.047363	-1.022217	0.733643	87.142847	14.549010	21.450890
18823		-2.312254	9.704355	0.735294	-0.003903	-0.029500	-1.380793	-0.037598	-1.008789	0.736328	87.125480	15.334505	21.388752
18824		-2.497985	9.714360	0.781053	0.047187	-0.027884	-1.435786	-0.023193	-1.024170	0.734375	87.136735	16.155025	21.325576
18825		-2.653432	9.638986	0.693772	0.086913	-0.035595	-1.478997	-0.021973	-1.015381	0.735107	87.167757	16.996563	21.256638
18826		-2.718095	9.613327	0.744823	0.122033	-0.045607	-1.524505	-0.009277	-1.010742	0.736816	87.216182	17.867330	21.180571
18827		-2.850653	9.589433	0.758104	0.162288	-0.052720	-1.552819	0.011475	-1.006348	0.741455	87.284759	18.750758	21.100035
18828		-2.978045	9.623760	0.649723	0.187311	-0.054100	-1.603286	0.017578	-0.997803	0.734863	87.366287	19.666444	21.017936
18829		-3.146093	9.546102	0.707770	0.197176	-0.068383	-1.657556	0.023438	-0.996338	0.741699	87.448721	20.609620	20.926637
18830		-3.290066	9.559002	0.656367	0.187912	-0.069001	-1.743643	0.037598	-0.984131	0.738525	87.523945	21.605369	20.833347
18831		-3.417141	9.604605	0.657456	0.162600	-0.077172	-1.840097	0.037354	-0.981201	0.739014	87.580248	22.653036	20.733130
18832		-3.604051	9.825059	0.526385	0.128828	-0.115581	-1.911555	0.055908	-0.968506	0.743164	87.605478	23.743812	20.607033
18833		-3.875010	9.750196	0.517351	0.088794	-0.166386	-1.987781	0.072510	-0.969727	0.741211	87.591020	24.873955	20.446164
18834		-4.089465	9.789411	0.527043	-0.008658	-0.206965	-2.137792	0.089600	-0.960938	0.735840	87.503876	26.091748	20.252720
18835		-4.255977	10.102561	0.572653	-0.101465	-0.244314	-2.250610	0.097656	-0.952148	0.733887	87.345193	27.369874	20.027219
18836		-4.847547	10.538854	0.613237	-0.196948	-0.260658	-2.349652	0.121582	-0.944824	0.741211	87.117286	28.706264	19.780318
18837		-5.165980	10.790807	0.613585	-0.287649	-0.250932	-2.427772	0.135742	-0.932373	0.736572	86.829067	30.083928	19.527110
18838		-5.613104	11.118600	0.903877	-0.398696	-0.231361	-2.498157	0.144287	-0.923584	0.730957	86.470667	31.503758	19.271394
18839		-6.198924	12.538410	1.089788	-0.576011	-0.180251	-2.506831	0.160645	-0.922363	0.729248	86.015034	32.926350	19.034164
18840		-6.466503	12.578894	1.228901	-0.740860	-0.062046	-2.432026	0.176758	-0.911377	0.720703	85.496864	34.311668	18.863369
18841		-5.925002	12.409710	1.720404	-0.856628	0.059174	-2.356667	0.197266	-0.909424	0.723389	84.949444	35.656144	18.763128
18842		-4.843246	12.749081	1.998180	-1.102844	0.186565	-2.308069	0.206543	-0.903564	0.715576	84.302853	36.980535	18.736999
18843		-5.795615	11.561081	1.907254	-1.261778	0.390980	-2.214884	0.212402	-0.891602	0.707275	83.647198	38.262066	18.845814
18844		-5.668860	10.977744	1.775305	-1.288538	0.571976	-2.200353	0.213379	-0.897461	0.712646	83.051498	39.549189	19.071837
18845		-5.324813	10.912323	1.768286	-1.285098	0.759100	-2.137674	0.226318	-0.883789	0.706055	82.548038	40.814769	19.431364
18846		-4.976010	10.378271	1.842321	-1.255072	0.949913	-2.084255	0.229492	-0.877686	0.695801	82.162310	42.066983	19.934227
18847		-4.587128	9.214686	1.570885	-1.181802	1.120728	-2.071277	0.231445	-0.878662	0.709961	81.918206	43.327121	20.571473
18848		-4.494956	7.518264	1.202153	-1.033265	1.193507	-2.007332	0.242432	-0.871582	0.704590	81.818850	44.557907	21.280712
18849		-3.951932	7.066640	0.850725	-0.865167	1.220903	-1.803402	0.241699	-0.868408	0.710938	81.868880	45.675867	22.049655
18850		-1.311660	7.393502	1.033233	-0.685745	1.171343	-1.456470	0.240967	-0.862793	0.716553	82.042580	46.591105	22.834883
18851		2.260265	7.491932	1.469411	-0.414423	1.056970	-0.964951	0.235840	-0.852783	0.712158	82.363647	47.216936	23.598520
18852		2.897091	9.806215	-0.070179	-0.116891	1.154287	-0.309326	0.230957	-0.859375	0.720215	82.980474	47.470831	24.527810
18853		-0.048015	13.407387	0.763365	-0.155525	1.041877	0.439999	0.218262	-0.857666	0.727783	83.564958	47.286350	25.441992
18854		2.697088	10.161354	0.750949	-0.207232	1.143540	0.859344	0.204834	-0.859131	0.734375	84.199550	46.858277	26.470328
18855		2.605329	7.453415	0.373583	-0.170513	1.213090	1.096940	0.195068	-0.860596	0.743896	84.893325	46.294692	27.558817
18856		2.362297	6.887931	0.441217	-0.076064	1.230367	1.237655	0.172852	-0.875977	0.744873	85.633334	45.636110	28.648493
18857		1.946315	7.098205	0.715757	0.011162	1.245330	1.309763	0.160645	-0.882080	0.752197	86.408587	44.933090	29.729170
18858		1.642949	7.325344	0.921908	0.079450	1.231557	1.383108	0.136475	-0.879639	0.757568	87.187387	44.169880	30.774472
18859		1.349753	7.599130	1.213827	0.127701	1.162221	1.500775	0.126709	-0.884277	0.759277	87.930006	43.335340	31.741193
18860		1.067574	8.065045	1.495359	0.156614	1.047634	1.662452	0.108398	-0.887451	0.771973	88.598971	42.388818	32.593355
18861		0.797745	8.463412	1.735106	0.178259	0.928078	1.832506	0.089600	-0.895264	0.782227	89.193290	41.345597	33.329436
18862		0.516867	8.932867	1.949145	0.161124	0.798288	2.016810	0.066406	-0.904297	0.784424	89.684798	40.180751	33.942252
18863		0.247265	9.351691	2.057441	0.100179	0.663355	2.195470	0.060303	-0.907227	0.791260	90.056201	38.920062	34.433948
18864		-0.087074	9.757278	2.214210	-0.004239	0.522883	2.367685	0.037598	-0.902344	0.792725	90.281371	37.547562	34.804161
18865		-0.487402	10.079503	2.226440	-0.150148	0.380311	2.529566	0.015869	-0.920166	0.791748	90.350535	36.093444	35.061611
18866		-0.946177	10.135160	2.099329	-0.289574	0.223968	2.671377	-0.007813	-0.919434	0.790039	90.264103	34.545996	35.202752
18867		-1.370597	10.134468	1.914791	-0.397406	0.052191	2.783347	-0.023438	-0.933838	0.790527	90.051788	32.947569	35.228860
18868		-1.778233	10.342470	1.813320	-0.482978	-0.124707	2.858799	-0.048096	-0.935059	0.792969	89.726495	31.292295	35.142421
18869		-2.282560	10.548409	1.642895	-0.553760	-0.310354	2.912114	-0.062744	-0.945801	0.782227	89.311548	29.618690	34.948044
18870		-2.557570	10.746616	1.439425	-0.594101	-0.494694	2.943027	-0.079102	-0.965576	0.772461	88.825107	27.910136	34.650629
18871		-2.950215	11.067034	1.281001	-0.618387	-0.672079	2.949433	-0.102051	-0.974121	0.766113	88.294815	26.207372	34.261915
18872		-3.275087	11.476572	1.117287	-0.630033	-0.824998	2.957464	-0.115234	-0.984619	0.768066	87.732798	24.478993	33.799312
18873		-3.603666	11.831711	0.924925	-0.619880	-0.939876	2.962189	-0.142090	-0.991699	0.752441	87.174633	22.755740	33.290515
18874		-3.934731	12.028757	0.839182	-0.564493	-1.018785	2.990716	-0.156982	-0.996094	0.740967	86.649729	20.994356	32.757561
18875		-4.322424	12.123967	0.794464	-0.474252	-1.075856	3.040280	-0.198486	-0.989502	0.742432	86.192171	19.213457	32.214461
18876		-4.558359	12.072911	0.741482	-0.372384	-1.099998	3.057975	-0.220215	-0.995117	0.733398	85.807397	17.402728	31.677152
18877		-4.710483	12.002455	0.759251	-0.283301	-1.098636	3.040731	-0.230225	-0.984375	0.741211	85.498023	15.613905	31.156615
18878		-4.819159	12.166312	0.910003	-0.236957	-1.078267	2.985476	-0.253418	-0.972168	0.725830	85.233569	13.840346	30.659406
18879		-5.063884	12.314709	1.073521	-0.231807	-1.051504	2.917176	-0.267578	-0.971191	0.731201	84.995274	12.119749	30.185929
18880		-5.452498	12.374987	1.156247	-0.249074	-1.033864	2.853664	-0.272949	-0.958252	0.732666	84.761482	10.420191	29.730050
18881		-5.774377	12.162011	1.297755	-0.249690	-1.029085	2.786816	-0.284424	-0.951416	0.730469	84.544621	8.771499	29.282101
18882		-5.931021	11.750614	1.310665	-0.220718	-1.039614	2.708300	-0.279785	-0.955566	0.724121	84.354098	7.152071	28.832113
18883		-6.118182	11.474354	1.413793	-0.163946	-1.062584	2.616906	-0.292725	-0.956055	0.733643	84.209684	5.595506	28.369462
18884		-6.166356	11.487898	1.414675	-0.134026	-1.109911	2.508990	-0.291504	-0.958496	0.731201	84.089993	4.084383	27.878844
18885		-6.232013	11.522753	1.477665	-0.126036	-1.146129	2.401579	-0.308594	-0.973633	0.733154	83.988474	2.643619	27.364341
18886		-6.191693	11.389852	1.548809	-0.130614	-1.190306	2.323509	-0.319824	-0.969727	0.733398	83.894055	1.232833	26.823645
18887		-6.047297	10.842943	1.412939	-0.112138	-1.211878	2.252347	-0.338623	-0.977051	0.736572	83.825337	-0.128551	26.267918
18888		-5.826266	10.222877	1.331855	-0.049001	-1.225354	2.164386	-0.347412	-0.973633	0.729492	83.803969	-1.450662	25.700796
18889		-5.563169	9.971665	1.282575	0.016076	-1.214331	2.044969	-0.369385	-0.973389	0.729736	83.834662	-2.694460	25.131491
18890		-5.456339	9.844434	1.285262	0.044768	-1.175269	1.903905	-0.377930	-0.967529	0.738525	83.891206	-3.863241	24.574969
18891		-5.234538	9.854810	1.179635	0.034143	-1.127358	1.774393	-0.388672	-0.964355	0.736328	83.953109	-4.946580	24.035345
18892		-5.124824	9.806230	1.135720	-0.011905	-1.054712	1.661598	-0.402344	-0.953857	0.747314	83.993607	-5.967578	23.529285
18893		-5.081218	9.580661	0.917909	-0.070559	-0.966718	1.556351	-0.418701	-0.946777	0.737549	84.006127	-6.916318	23.065331
18894		-5.133490	9.113320	0.653342	-0.114747	-0.889255	1.438483	-0.417969	-0.941650	0.739746	83.994359	-7.798633	22.638443
18895		-5.142699	8.679836	0.295872	-0.127408	-0.833346	1.316848	-0.427734	-0.934326	0.753174	83.979782	-8.603000	22.235125
18896		-5.227486	8.272797	0.100365	-0.081904	-0.790196	1.181063	-0.431152	-0.929199	0.752441	83.992663	-9.331360	21.848148
18897		-5.238801	8.028596	0.065985	0.032938	-0.756718	1.044216	-0.447266	-0.910400	0.745605	84.075777	-9.975472	21.470375
18898		-5.920590	8.357503	0.677015	0.199399	-0.683996	0.774625	-0.449707	-0.908691	0.759033	84.252419	-10.463329	21.117022
18899		-7.424368	6.035127	-0.463682	0.312691	-0.409924	0.170369	-0.441406	-0.902588	0.753174	84.474750	-10.587516	20.885568
18900		-7.663875	6.208874	0.170440	0.371230	-0.414261	-0.148834	-0.446533	-0.890869	0.766357	84.733423	-10.529641	20.633809
18901		-8.731444	6.939058	0.271827	0.335569	-0.282337	-0.542846	-0.436768	-0.890869	0.769287	84.961855	-10.238344	20.438112
18902		-9.468756	6.809547	0.260289	0.243043	-0.198608	-0.913691	-0.435791	-0.896973	0.770996	85.129522	-9.729257	20.273676
18903		-9.890407	6.510300	0.299828	0.149477	-0.136447	-1.315844	-0.433594	-0.890869	0.774170	85.239900	-8.988485	20.127066
18904		-9.582012	6.725487	0.320840	0.093610	-0.107490	-1.719998	-0.420898	-0.897461	0.767822	85.315304	-8.011711	19.979361
18905		-0.991557	9.342667	0.982495	0.024689	-0.096680	-1.949878	-0.408203	-0.897705	0.778809	85.349929	-6.906643	19.828488
18906		0.043244	13.321349	0.353650	-0.019777	-0.052289	-1.757642	-0.402588	-0.896484	0.776123	85.351446	-5.904276	19.712574
18907		1.140971	12.913039	0.113537	-0.235601	-0.096258	-1.448222	-0.392334	-0.897217	0.779053	85.229522	-5.085756	19.585420
18908		1.286993	7.771925	0.281338	-0.241513	-0.095478	-1.423044	-0.390381	-0.908691	0.764160	85.101634	-4.276770	19.458029
18909		0.899934	6.955514	0.555819	-0.096960	-0.058705	-1.640476	-0.382813	-0.907715	0.766846	85.054807	-3.347131	19.340154
18910		0.371129	8.428335	0.689743	-0.061264	-0.040006	-1.816851	-0.374268	-0.912354	0.771729	85.025603	-2.311064	19.223427
18911		-0.041210	9.349940	0.672028	-0.041087	-0.007561	-1.870339	-0.367920	-0.906006	0.761719	85.006087	-1.247804	19.122502
18912		0.048111	9.177972	0.175066	-0.037636	0.080776	-1.948189	-0.348877	-0.908447	0.769043	84.985345	-0.130842	19.067458
18913		0.142911	9.344006	0.131116	-0.074383	0.256520	-2.164668	-0.349854	-0.907959	0.766602	84.943909	1.113595	19.101553
18914		-0.115158	10.999723	-0.958498	-0.166776	0.577304	-2.437750	-0.333984	-0.918213	0.754150	84.855102	2.535073	19.303144
18915		-1.182123	14.363019	1.480079	-0.458650	0.753255	-2.549387	-0.336914	-0.919678	0.767822	84.609940	4.025265	19.595838
18916		-2.746743	15.035272	3.156961	-0.503336	1.017106	-2.370217	-0.321289	-0.925293	0.761475	84.359019	5.433842	20.043110
18917		-9.124351	20.762057	4.288798	-0.047834	0.777374	-1.232943	-0.326904	-0.928223	0.765869	84.370170	6.176615	20.415483
18918		-2.818137	11.015697	0.531598	0.418551	0.443806	0.167917	-0.326660	-0.928711	0.767334	84.638056	6.106883	20.675429
18919		-0.615358	10.313008	0.294487	0.028485	0.262162	-0.274955	-0.331055	-0.920410	0.762695	84.669526	6.273771	20.807642
18920		-1.886212	10.727619	1.144313	0.177690	0.162011	-0.156003	-0.328613	-0.926270	0.766113	84.780668	6.373065	20.888469
18921		-1.237222	10.276812	0.399601	0.026436	0.113635	-0.097483	-0.330078	-0.925049	0.761230	84.803027	6.430648	20.945149
18922		-1.209911	10.006955	0.791635	-0.100575	0.109103	-0.083425	-0.328613	-0.929932	0.764160	84.752008	6.485718	20.999515
18923		-1.154389	9.337274	1.264271	-0.079098	0.080099	-0.079392	-0.327148	-0.927002	0.765625	84.711925	6.531274	21.037845
18924		-1.140658	9.713383	0.873948	-0.065096	0.073613	-0.099604	-0.325928	-0.927490	0.759277	84.678881	6.593727	21.070907
18925		-1.406231	9.710886	0.987794	-0.071255	0.049775	-0.098296	-0.331787	-0.925781	0.759277	84.641236	6.648497	21.090760
18926		-1.353403	9.867513	0.847444	-0.108588	0.007857	-0.095755	-0.326660	-0.925293	0.769531	84.578966	6.705232	21.086188
18927		-1.263793	9.732688	0.928984	-0.148602	-0.030186	-0.112795	-0.329590	-0.929443	0.769775	84.491551	6.763952	21.059205
18928		-1.271136	9.588498	1.082691	-0.136882	-0.079949	-0.129387	-0.325684	-0.931885	0.764160	84.406861	6.834958	21.002184
18929		-1.271053	9.599954	1.079539	-0.099808	-0.104717	-0.137971	-0.327393	-0.923828	0.754883	84.342029	6.903772	20.930799
18930		-1.265987	9.627056	1.015906	-0.070421	-0.112085	-0.147434	-0.323975	-0.926270	0.757813	84.292860	6.983075	20.854117
18931		-1.324725	9.653994	1.016583	-0.057024	-0.116790	-0.153766	-0.315674	-0.925537	0.759766	84.251376	7.060076	20.774740
18932		-1.319745	9.768849	0.881357	-0.066963	-0.118933	-0.160750	-0.322510	-0.937256	0.757568	84.203357	7.146416	20.693206
18933		-1.397440	9.765352	0.956106	-0.071824	-0.114642	-0.167270	-0.316650	-0.929199	0.753418	84.153200	7.231110	20.614116
18934		-1.483668	9.868927	0.935423	-0.078420	-0.110869	-0.167728	-0.317871	-0.941406	0.760254	84.098891	7.321721	20.536628
18935		-1.354330	9.777183	1.007144	-0.092662	-0.107426	-0.135089	-0.316406	-0.929932	0.760986	84.037319	7.388352	20.463413
18936		-1.393014	9.780767	0.964862	-0.090554	-0.102400	-0.112411	-0.305664	-0.931641	0.753174	83.976903	7.447760	20.393926
18937		-1.306159	9.684576	1.072144	-0.092454	-0.094358	-0.093099	-0.311768	-0.928467	0.757324	83.916592	7.491102	20.330617
18938		-1.358384	9.570435	1.170430	-0.062801	-0.067574	-0.076485	-0.312988	-0.937256	0.747803	83.874851	7.531983	20.283231
18939		-1.339837	9.632885	1.102498	-0.038857	-0.045335	-0.069905	-0.317871	-0.936768	0.752441	83.849042	7.565022	20.249451
18940		-1.375418	9.603231	1.095977	-0.030192	-0.035960	-0.063980	-0.317139	-0.932373	0.751709	83.828397	7.600631	20.220964
18941		-1.384202	9.620839	1.114429	-0.026316	-0.031033	-0.059371	-0.318359	-0.935791	0.758057	83.810906	7.628528	20.196029
18942		-1.392322	9.638510	1.133042	-0.034167	-0.029591	-0.049224	-0.311768	-0.935547	0.754883	83.788547	7.656065	20.172099
18943		-1.391966	9.653274	1.079654	-0.041775	-0.026703	-0.051940	-0.314941	-0.935791	0.744629	83.762568	7.679979	20.150093
18944		-1.409536	9.690689	1.073609	-0.056605	-0.024856	-0.046943	-0.310791	-0.934326	0.750000	83.727703	7.706448	20.129004
18945		-1.382682	9.664392	1.116798	-0.059883	-0.023007	-0.047157	-0.311035	-0.936035	0.752441	83.691651	7.727845	20.109396
18946		-1.405016	9.649485	1.096492	-0.053301	-0.021704	-0.046526	-0.313477	-0.940430	0.755371	83.658902	7.754207	20.090118
18947		-1.379477	9.588681	1.179722	-0.024003	-0.013889	-0.042203	-0.306152	-0.932617	0.750244	83.644139	7.773341	20.076042
18948		-1.370508	9.637563	1.122932	0.006990	-0.005514	-0.043942	-0.305176	-0.934814	0.756104	83.647190	7.799206	20.066222
18949		-1.400750	9.626172	1.168338	0.020061	-0.001426	-0.042153	-0.309082	-0.935547	0.757080	83.658636	7.819101	20.059312
18950		-1.427844	9.684366	1.128652	0.024845	0.003028	-0.040836	-0.312012	-0.936523	0.748291	83.672596	7.843693	20.054607
18951		-1.441859	9.703864	1.100386	0.013801	-0.007187	-0.044368	-0.308594	-0.935547	0.758789	83.679980	7.864489	20.044252
18952		-1.398441	9.621047	1.132677	0.002811	-0.012428	-0.047696	-0.312256	-0.933594	0.749512	83.680031	7.891974	20.030230
18953		-1.424252	9.625474	1.121521	0.009740	-0.015584	-0.048652	-0.303711	-0.936035	0.750000	83.684378	7.914681	20.014775
18954		-1.387319	9.580237	1.183793	0.022018	-0.012503	-0.044100	-0.308105	-0.936768	0.751953	83.695439	7.940072	20.000941
18955		-1.443985	9.609827	1.133419	0.031696	-0.005074	-0.042001	-0.312500	-0.934814	0.751953	83.713249	7.959658	19.991959
18956		-1.426409	9.604642	1.140967	0.035460	0.001339	-0.036865	-0.307129	-0.936279	0.758545	83.733155	7.981760	19.986554
18957		-1.412069	9.618271	1.163404	0.039511	0.000536	-0.039417	-0.315186	-0.937988	0.750977	83.755909	8.000231	19.980973
18958		-1.432216	9.639112	1.091373	0.039562	0.003296	-0.033314	-0.309814	-0.935059	0.754395	83.778337	8.020392	19.976930
18959		-1.432160	9.620266	1.072697	0.029698	0.003814	-0.034155	-0.304443	-0.936279	0.755371	83.795776	8.036072	19.973578
18960		-1.440051	9.604184	1.127605	0.022092	0.004453	-0.030961	-0.308594	-0.934570	0.759277	83.808307	8.054925	19.970358
18961		-1.423661	9.652423	1.109294	0.021698	0.003943	-0.029577	-0.303955	-0.927490	0.758057	83.821212	8.068007	19.967373
18962		-1.457203	9.588997	1.138824	0.024779	0.010069	-0.028112	-0.300293	-0.934326	0.760254	83.835751	8.085540	19.967569
18963		-1.458416	9.623488	1.094336	0.019939	0.009852	-0.022793	-0.301270	-0.941650	0.755615	83.848186	8.095122	19.968411
18964		-1.442280	9.637219	1.118790	0.010614	0.004950	-0.013735	-0.302979	-0.937988	0.752441	83.854312	8.104113	19.966558
18965		-1.465243	9.641990	1.107187	0.005200	0.005164	-0.018513	-0.312988	-0.941162	0.754150	83.857959	8.110970	19.964970
18966		-1.421035	9.613151	1.113286	-0.002964	0.004011	-0.019512	-0.307129	-0.919189	0.758057	83.856170	8.123154	19.962220
18967		-1.434313	9.597983	1.129306	-0.004542	0.004181	-0.019883	-0.302979	-0.940674	0.753174	83.854143	8.130731	19.959982
18968		-1.470778	9.641050	1.108038	-0.010998	-0.000847	-0.015132	-0.314453	-0.932373	0.751221	83.847382	8.140076	19.954708
18969		-1.427218	9.577524	1.158031	-0.020686	0.000927	-0.010401	-0.309326	-0.932861	0.752930	83.835922	8.142051	19.951184
18970		-1.426719	9.611823	1.117475	-0.015194	0.010667	-0.005231	-0.302979	-0.938477	0.746582	83.827768	8.146423	19.953151
18971		-1.427358	9.611575	1.118788	-0.015077	0.009180	-0.005757	-0.307373	-0.934570	0.754883	83.820236	8.146260	19.954664
18972		-1.424532	9.592662	1.104281	-0.003758	0.009997	-0.004014	-0.312012	-0.932373	0.748779	83.818583	8.149853	19.956322
18973		-1.405838	9.641066	1.087917	0.005071	0.013665	-0.005253	-0.306396	-0.937988	0.748047	83.822964	8.149680	19.960448
18974		-1.439250	9.631100	1.091956	0.008773	0.017328	-0.006223	-0.303223	-0.938477	0.755615	83.829067	8.154936	19.966190
18975		-1.455960	9.563916	1.091521	0.012475	0.020992	-0.007193	-0.309326	-0.933105	0.760986	83.838272	8.156318	19.974412
18976		-1.417628	9.572957	1.126333	0.022643	0.027470	-0.007005	-0.304199	-0.930420	0.756836	83.853142	8.162601	19.985944
18977		-1.435187	9.630423	1.127532	0.027816	0.030237	-0.001171	-0.303711	-0.936035	0.756836	83.871947	8.161114	19.999859
18978		-1.422252	9.592275	1.135250	0.036365	0.031910	-0.001549	-0.305664	-0.931396	0.746826	83.895081	8.164508	20.014286
18979		-1.432872	9.612437	1.104241	0.047155	0.035928	-0.003795	-0.301758	-0.934082	0.763916	83.925409	8.164851	20.031314
18980		-1.458398	9.636589	1.103213	0.055545	0.034115	-0.003838	-0.306641	-0.929688	0.752930	83.959686	8.169624	20.046871
18981		-1.491798	9.627136	1.102732	0.045172	0.035594	-0.002786	-0.310547	-0.933838	0.754150	83.988860	8.169353	20.063769
18982		-1.459700	9.637504	1.093463	0.034683	0.038561	-0.001211	-0.312012	-0.928711	0.769287	84.011565	8.172845	20.082046
18983		-1.466489	9.638734	1.048343	0.023256	0.037015	0.003463	-0.310303	-0.934814	0.757324	84.028353	8.169085	20.100139
18984		-1.445299	9.634136	1.056607	0.018557	0.042500	0.002529	-0.313965	-0.935059	0.745850	84.042170	8.170633	20.120909
18985		-1.471550	9.623558	1.100895	0.017375	0.040971	0.006679	-0.305908	-0.929688	0.754883	84.055938	8.165266	20.141470
18986		-1.467870	9.605038	1.083603	0.013945	0.039308	0.006789	-0.312500	-0.926270	0.763916	84.066883	8.164151	20.160658
18987		-1.448121	9.653690	1.065745	0.007793	0.041261	0.010861	-0.306885	-0.933838	0.752197	84.075217	8.156409	20.181634
18988		-1.468697	9.658756	1.053981	-0.001185	0.034100	0.012421	-0.307373	-0.930176	0.761719	84.077108	8.151736	20.198160
18989		-1.461466	9.657982	1.096027	-0.014705	0.035913	0.012704	-0.311035	-0.934082	0.756836	84.072126	8.142627	20.216166
18990		-1.443618	9.600801	1.092904	-0.008951	0.031242	0.015928	-0.305908	-0.930420	0.754639	84.069356	8.135753	20.231258
18991		-1.388360	9.606064	1.098878	0.002387	0.037050	0.017892	-0.305664	-0.936035	0.762695	84.074298	8.123755	20.250228
18992		-1.404959	9.592506	1.071113	0.019788	0.047375	0.016505	-0.306641	-0.931396	0.766357	84.089297	8.117460	20.274641
18993		-1.459947	9.641167	1.035019	0.024361	0.045593	0.012063	-0.311279	-0.929443	0.749023	84.107467	8.109279	20.298176
18994		-1.456547	9.659495	1.089218	0.019870	0.043120	0.009884	-0.301514	-0.932373	0.756836	84.122106	8.106456	20.319742
18995		-1.422853	9.632915	1.010323	0.009596	0.040339	0.004286	-0.297119	-0.934082	0.763672	84.131321	8.102388	20.339787
18996		-1.418519	9.685426	1.023727	0.005350	0.034882	0.001059	-0.303955	-0.930908	0.757813	84.136897	8.104068	20.356088
18997		-1.424998	9.598613	1.050668	-0.001075	0.037048	0.000068	-0.302734	-0.935059	0.765381	84.139696	8.102207	20.373988
18998		-1.443662	9.621515	1.095836	0.007582	0.035020	0.005106	-0.321289	-0.939209	0.749268	84.146596	8.101546	20.390610
18999		-1.459647	9.642096	1.026758	-0.005175	0.032876	0.002411	-0.304443	-0.938232	0.755859	84.146725	8.098104	20.406246
19000		-1.463289	9.660852	1.042235	-0.010088	0.024907	0.001423	-0.319580	-0.941650	0.754639	84.142645	8.098919	20.416829
19001		-1.463443	9.660695	1.043468	-0.021575	0.015609	-0.000225	-0.311035	-0.937500	0.752686	84.131955	8.095971	20.422370
19002		-1.438845	9.636733	1.041630	-0.029912	0.005975	-0.001116	-0.309082	-0.932129	0.762695	84.114959	8.097094	20.421906
19003		-1.406364	9.646340	1.039407	-0.022665	0.009815	-0.002697	-0.310303	-0.930908	0.756104	84.103154	8.095217	20.423966
19004		-1.426463	9.597645	1.057504	-0.021109	0.006875	-0.008415	-0.312012	-0.932373	0.747559	84.091213	8.100515	20.423590
19005		-1.419384	9.630947	1.058478	-0.010985	0.008376	-0.008377	-0.310791	-0.927490	0.758057	84.085937	8.101791	20.424483
19006		-1.451737	9.655216	1.021768	-0.009719	0.000663	-0.019335	-0.314453	-0.934082	0.750977	84.079921	8.112907	20.419881
19007		-1.419123	9.611458	1.045275	-0.011081	-0.007133	-0.020952	-0.304932	-0.936035	0.759766	84.073223	8.120433	20.411095
19008		-1.447692	9.600224	1.092583	-0.005654	-0.000141	-0.021863	-0.310547	-0.933105	0.755615	84.069448	8.132906	20.405878
19009		-1.423045	9.610757	1.046386	-0.000117	0.003148	-0.017390	-0.309814	-0.926270	0.754395	84.069896	8.139010	20.403222
19010		-1.460903	9.619380	1.066033	0.002391	0.005282	-0.014200	-0.313232	-0.938232	0.763428	84.071231	8.147402	20.401587
19011		-1.414703	9.625184	1.030063	0.006732	0.006480	-0.017587	-0.313965	-0.935547	0.756348	84.075874	8.153814	20.400838
19012		-1.462437	9.653484	1.022877	-0.000392	0.001146	-0.016532	-0.307129	-0.933105	0.756592	84.075254	8.163256	20.396685
19013		-1.433417	9.628609	1.060837	-0.004794	-0.010576	-0.025532	-0.310791	-0.935303	0.757324	84.071829	8.173187	20.385641
19014		-1.414472	9.623388	1.072052	0.003356	-0.009411	-0.024491	-0.303955	-0.939941	0.762207	84.072423	8.186505	20.374935
19015		-1.438197	9.627932	1.060505	0.009569	-0.001391	-0.028166	-0.300781	-0.936035	0.759033	84.077955	8.198481	20.369022
19016		-1.398582	9.618020	1.080716	0.027454	0.002991	-0.031614	-0.312500	-0.935059	0.767334	84.093304	8.216556	20.365034
19017		-1.432651	9.554740	1.108398	0.055333	0.010382	-0.034501	-0.312012	-0.939453	0.751465	84.125970	8.232838	20.365531
19018		-1.426757	9.622998	1.059203	0.073376	0.023254	-0.038097	-0.305420	-0.928955	0.750732	84.169237	8.255755	20.372847
19019		-1.465342	9.666473	1.028900	0.080205	0.026606	-0.038295	-0.310303	-0.936035	0.747559	84.217469	8.275140	20.382491
19020		-1.448581	9.661847	1.032068	0.074789	0.024034	-0.049198	-0.313965	-0.935547	0.759277	84.261527	8.304382	20.389643
19021		-1.492368	9.652561	0.987754	0.065964	0.020353	-0.047996	-0.309570	-0.930908	0.759521	84.301010	8.328926	20.395156
19022		-1.475761	9.647702	0.992883	0.051485	0.012644	-0.044829	-0.313477	-0.925293	0.750000	84.330814	8.354988	20.396033
19023		-1.481504	9.613244	1.030587	0.042682	0.011734	-0.037535	-0.309082	-0.933350	0.760010	84.356330	8.373074	20.397204
19024		-1.469737	9.609068	0.996159	0.028528	0.018767	-0.028782	-0.312012	-0.937256	0.758789	84.373630	8.390298	20.402543
19025		-1.498727	9.598225	1.040074	0.018689	0.019814	-0.017683	-0.305176	-0.936523	0.756836	84.386246	8.397517	20.409508
19026		-1.453983	9.570007	1.044685	0.024108	0.032391	-0.006426	-0.300049	-0.927490	0.762451	84.402344	8.402722	20.423973
19027		-1.469426	9.574380	1.072216	0.031882	0.043628	0.008359	-0.307129	-0.932129	0.763428	84.424740	8.396416	20.446138
19028		-1.488358	9.613868	1.014761	0.035173	0.049587	0.014870	-0.307129	-0.937988	0.766602	84.448785	8.390387	20.471713
19029		-1.456075	9.590361	1.048239	0.039523	0.061357	0.023839	-0.312500	-0.930908	0.756592	84.477168	8.376213	20.504956
19030		-1.479303	9.614769	1.046859	0.050823	0.072207	0.026005	-0.307373	-0.919434	0.757813	84.512151	8.365019	20.544179
19031		-1.460604	9.645796	0.967146	0.061181	0.075759	0.025195	-0.316406	-0.927002	0.761963	84.554143	8.350818	20.585779
19032		-1.458726	9.646855	0.959383	0.075089	0.087279	0.030033	-0.310547	-0.933105	0.764160	84.604300	8.338053	20.633889
19033		-1.466463	9.667418	0.923845	0.077571	0.091648	0.027305	-0.314941	-0.924316	0.755371	84.657003	8.323431	20.684737
19034		-1.474321	9.687863	0.888760	0.064298	0.090455	0.026468	-0.307617	-0.934570	0.753418	84.701197	8.312752	20.734457
19035		-1.476389	9.707669	0.896870	0.051534	0.078291	0.023395	-0.309814	-0.931641	0.767334	84.737814	8.299579	20.777369
19036		-1.482655	9.674788	0.892240	0.036421	0.070260	0.022862	-0.311279	-0.927002	0.756592	84.764321	8.289807	20.815238
19037		-1.467951	9.637063	0.900246	0.025785	0.061925	0.018437	-0.312256	-0.929932	0.763916	84.784769	8.278567	20.848437
19038		-1.472675	9.622478	0.954229	0.029719	0.062620	0.016449	-0.316650	-0.929199	0.759277	84.806750	8.272001	20.881555
19039		-1.438825	9.632973	0.946177	0.027467	0.060282	0.018311	-0.312012	-0.927490	0.764160	84.828013	8.260724	20.913791
19040		-1.447026	9.652873	0.915569	0.030328	0.057964	0.019958	-0.311035	-0.926514	0.760498	84.849970	8.251860	20.944399
19041		-1.453715	9.619770	0.912894	0.024949	0.048147	0.014797	-0.320557	-0.932373	0.764404	84.868748	8.241942	20.969445
19042		-1.438928	9.668839	0.851362	0.027045	0.046998	0.013290	-0.314453	-0.930664	0.761230	84.887860	8.236271	20.993379
19043		-1.455704	9.639582	0.921713	0.020334	0.037158	0.012791	-0.319336	-0.925049	0.755127	84.903065	8.226921	21.011977
19044		-1.443159	9.654567	0.903728	0.017179	0.032491	0.011850	-0.316895	-0.918945	0.765625	84.915317	8.221291	21.027468
19045		-1.430834	9.669449	0.886402	0.008410	0.025982	0.006934	-0.318115	-0.926758	0.772217	84.922720	8.214710	21.039318
19046		-1.455717	9.621715	0.859918	0.005791	0.020321	0.004096	-0.324707	-0.926514	0.753662	84.927388	8.212852	21.047394
19047		-1.430468	9.669658	0.884708	0.001756	0.023314	0.000670	-0.319824	-0.922852	0.764404	84.930712	8.209708	21.057383
19048		-1.450337	9.621412	0.900882	-0.002431	0.017814	-0.002560	-0.320557	-0.922119	0.764893	84.930420	8.211491	21.063676
19049		-1.429585	9.616663	0.912245	-0.002835	0.017310	-0.001178	-0.318359	-0.931641	0.762695	84.930605	8.209098	21.070108
19050		-1.429817	9.616640	0.912121	0.000304	0.016986	-0.000393	-0.312988	-0.922607	0.756836	84.931827	8.209572	21.076036
19051		-1.403187	9.611588	0.965317	-0.004037	0.020792	0.003128	-0.319580	-0.921387	0.764893	84.931641	8.204898	21.084696
19052		-1.441299	9.602033	0.927885	-0.006677	0.022939	0.006527	-0.318604	-0.927002	0.759033	84.929396	8.201691	21.094412
19053		-1.386916	9.607330	0.935038	-0.002353	0.031939	0.009405	-0.321289	-0.935303	0.763672	84.931136	8.193999	21.109821
19054		-1.428531	9.616847	0.911952	-0.000250	0.030787	0.007902	-0.315674	-0.926514	0.763184	84.933221	8.190371	21.124132
19055		-1.427986	9.616952	0.911699	-0.004059	0.033602	0.009525	-0.319092	-0.926514	0.766357	84.934118	8.182693	21.140505
19056		-1.458365	9.625754	0.972666	-0.004729	0.036094	0.011935	-0.319580	-0.924805	0.765381	84.934098	8.177003	21.158085
19057		-1.405392	9.612473	0.923044	-0.006433	0.037755	0.012055	-0.321777	-0.925293	0.755371	84.933989	8.168091	21.176981
19058		-1.404509	9.612604	0.923015	-0.003439	0.033933	0.013197	-0.315918	-0.924805	0.762451	84.934529	8.161542	21.193379
19059		-1.407387	9.631751	0.937507	0.001672	0.033951	0.012998	-0.312988	-0.924561	0.763184	84.938754	8.151899	21.210129
19060		-1.423779	9.617692	0.910470	0.004041	0.029802	0.010469	-0.320068	-0.926758	0.759033	84.943214	8.146664	21.224007
19061		-1.436102	9.656193	0.897583	0.002064	0.029462	0.011457	-0.321777	-0.929688	0.763916	84.947282	8.137671	21.238088
19062		-1.447114	9.641719	0.912842	-0.002390	0.021960	0.009086	-0.318115	-0.919922	0.768799	84.947404	8.132801	21.247374
19063		-1.422915	9.671035	0.881833	-0.007117	0.012455	0.007582	-0.320068	-0.915039	0.758789	84.944794	8.125161	21.251452
19064		-1.449752	9.660753	0.928954	-0.016683	0.004937	0.005406	-0.320557	-0.932129	0.767334	84.935312	8.121505	21.250739
19065		-1.391508	9.646855	0.923101	-0.020503	0.002757	0.006865	-0.322510	-0.922607	0.759277	84.924237	8.113784	21.249191
19066		-1.417451	9.651896	0.871468	-0.016420	0.001943	0.004378	-0.322754	-0.925293	0.753662	84.914651	8.110534	21.246704
19067		-1.411684	9.651371	0.915294	-0.022708	-0.002400	0.002637	-0.315430	-0.933105	0.764893	84.901864	8.104963	21.241969
19068		-1.423122	9.636570	0.933207	-0.024817	-0.001243	0.004137	-0.325684	-0.931396	0.761475	84.887209	8.101657	21.237638
19069		-1.439935	9.622196	0.909166	-0.023106	0.002094	0.004180	-0.322510	-0.930176	0.768311	84.874571	8.095434	21.235576
19070		-1.393647	9.593605	0.919199	-0.019704	-0.001228	0.003941	-0.318848	-0.934326	0.762939	84.862844	8.092214	21.231247
19071		-1.380294	9.626612	0.961910	-0.010447	0.000157	-0.004661	-0.325195	-0.928467	0.767822	84.857238	8.090936	21.227613
19072		-1.377108	9.607522	0.947473	0.000861	-0.001800	-0.008845	-0.327881	-0.926025	0.758057	84.857149	8.094950	21.222294
19073		-1.395186	9.593249	0.920579	0.011223	-0.003270	-0.009752	-0.316895	-0.923828	0.766602	84.863643	8.096401	21.216420
19074		-1.396151	9.593233	0.919276	0.016612	-0.001253	-0.010814	-0.321289	-0.927002	0.767578	84.872604	8.101536	21.211316
19075		-1.420606	9.635449	0.977884	0.019259	-0.003400	-0.014211	-0.319336	-0.928711	0.761963	84.883658	8.105527	21.205137
19076		-1.394581	9.645791	0.929567	0.027785	-0.001709	-0.014484	-0.323486	-0.930664	0.763916	84.898948	8.112707	21.199583
19077		-1.407645	9.631230	0.942459	0.028946	-0.002376	-0.012707	-0.320801	-0.928711	0.759033	84.915646	8.115895	21.194074
19078		-1.402679	9.646332	0.882019	0.031599	0.000476	-0.015943	-0.322266	-0.922607	0.762939	84.933283	8.123991	21.189707
19079		-1.419681	9.650726	0.909706	0.025547	0.005946	-0.012310	-0.321533	-0.932617	0.763672	84.948714	8.127376	21.189018
19080		-1.420847	9.650762	0.907496	0.018324	0.007085	-0.010613	-0.326904	-0.928223	0.764648	84.959324	8.132737	21.188738
19081		-1.417913	9.631819	0.890862	0.015543	0.010732	-0.006705	-0.318848	-0.933838	0.766846	84.969453	8.133164	21.191094
19082		-1.409281	9.612536	0.916434	0.011467	0.016543	-0.004061	-0.323242	-0.918213	0.759277	84.976953	8.135235	21.196601
19083		-1.401833	9.646208	0.914198	0.014338	0.019215	-0.002243	-0.322021	-0.930176	0.756104	84.987116	8.133539	21.204074
19084		-1.402473	9.646314	0.912096	0.024339	0.014432	-0.007844	-0.322998	-0.925049	0.761475	85.001789	8.137633	21.208175
19085		-1.424419	9.651103	0.898223	0.021066	0.016255	-0.008123	-0.318359	-0.923096	0.766357	85.015524	8.139143	21.213644
19086		-1.430713	9.651477	0.854261	0.015819	0.017736	-0.007416	-0.321289	-0.927979	0.758301	85.025587	8.143127	21.219673
19087		-1.426104	9.651173	0.894798	0.008591	0.013874	-0.005880	-0.320557	-0.922607	0.760742	85.031997	8.143237	21.223883
19088		-1.439808	9.689446	0.881789	0.002804	0.016347	-0.003281	-0.317627	-0.924072	0.766357	85.034523	8.144766	21.229321
19089		-1.415234	9.665741	0.878215	-0.002988	0.013822	-0.000837	-0.319336	-0.926514	0.764160	85.034330	8.141994	21.233753
19090		-1.436474	9.670365	0.867074	-0.007967	0.012305	-0.001157	-0.315918	-0.927002	0.765137	85.030372	8.142086	21.236968
19091		-1.444517	9.636666	0.868694	-0.013487	0.011781	0.000416	-0.319336	-0.927246	0.763428	85.024005	8.138498	21.240287
19092		-1.419657	9.684433	0.895404	-0.012678	0.007792	-0.002503	-0.318604	-0.918213	0.764404	85.016973	8.139113	21.240835
19093		-1.410746	9.593422	0.894698	-0.013358	0.005285	-0.000253	-0.320557	-0.924561	0.765625	85.010145	8.135584	21.240375
19094		-1.406861	9.645890	0.909818	-0.009676	0.008967	-0.001197	-0.321045	-0.929443	0.762939	85.004939	8.135486	21.241669
19095		-1.428156	9.650458	0.899220	-0.010842	0.004635	-0.003132	-0.331299	-0.921143	0.760498	84.999479	8.133568	21.240690
19096		-1.419383	9.630992	0.927165	-0.008460	0.005483	-0.005498	-0.319824	-0.925049	0.760010	84.994652	8.135726	21.239759
19097		-1.404386	9.626488	0.897293	-0.004378	-0.000328	-0.008138	-0.324219	-0.927979	0.769043	84.992455	8.136417	21.235666
19098		-1.409056	9.645316	0.912511	-0.002676	-0.001988	-0.008255	-0.331055	-0.927979	0.764160	84.990308	8.139750	21.230289
19099		-1.419196	9.664468	0.885804	-0.005403	0.003840	-0.010271	-0.319092	-0.926025	0.769043	84.987849	8.141866	21.228491
19100		-1.410655	9.644997	0.913404	-0.005599	-0.001843	-0.003995	-0.321777	-0.924072	0.761475	84.984069	8.142749	21.223415
19101		-1.415007	9.663844	0.928886	-0.006762	-0.001176	-0.005773	-0.322021	-0.927246	0.769775	84.980454	8.142046	21.218952
19102		-1.423520	9.630052	0.930576	-0.013037	-0.000529	-0.007360	-0.322754	-0.921143	0.765381	84.972491	8.144888	21.214464
19103		-1.396724	9.640157	0.885648	-0.009900	-0.000852	-0.006566	-0.318848	-0.919434	0.769043	84.967098	8.144654	21.210149
19104		-1.408958	9.625351	0.902308	-0.012686	0.002793	-0.002660	-0.313721	-0.924805	0.765869	84.959639	8.144955	21.207816
19105		-1.376483	9.635157	0.899299	-0.010711	0.003137	-0.003645	-0.320801	-0.918945	0.771484	84.954129	8.143253	21.205948
19106		-1.404297	9.624710	0.946071	-0.005867	0.006152	-0.002808	-0.320557	-0.917725	0.763916	84.950851	8.143780	21.205547
19107		-1.410065	9.624992	0.904408	-0.001915	0.006840	-0.004777	-0.317383	-0.918213	0.767334	84.950674	8.142911	21.205758
19108		-1.393167	9.639234	0.930772	-0.000402	0.009493	0.001701	-0.310303	-0.922852	0.761719	84.950829	8.141008	21.207513
19109		-1.410505	9.624932	0.904361	-0.002048	0.013338	-0.004103	-0.322510	-0.934326	0.767822	84.951112	8.140082	21.211504
19110		-1.414645	9.643873	0.919086	0.001303	0.012833	0.001744	-0.321045	-0.917480	0.763916	84.952514	8.138297	21.215188
19111		-1.419993	9.644257	0.876988	-0.001565	0.010161	-0.000077	-0.320801	-0.923096	0.763672	84.952843	8.134913	21.217553
19112		-1.414909	9.643852	0.918897	-0.000751	0.011173	-0.002839	-0.327637	-0.930664	0.759033	84.952901	8.135638	21.220048
19113		-1.424465	9.663132	0.891904	-0.004431	0.012489	-0.001739	-0.322998	-0.911133	0.761963	84.951765	8.133319	21.223670
19114		-1.399882	9.639412	0.888764	-0.004024	0.012995	-0.003120	-0.325439	-0.928955	0.766113	84.950094	8.134274	21.227203
19115		-1.404147	9.658300	0.903868	-0.004432	0.012489	-0.001739	-0.324707	-0.925049	0.766357	84.948958	8.131956	21.230825
19116		-1.404296	9.658230	0.904379	-0.010360	0.016457	0.001371	-0.318359	-0.930664	0.758057	84.943973	8.130498	21.236586
19117		-1.408253	9.677110	0.920029	-0.010225	0.014960	0.000857	-0.324951	-0.932617	0.759033	84.939737	8.126823	21.241765
19118		-1.412256	9.624477	0.906469	-0.006817	0.011640	0.000625	-0.321045	-0.930176	0.755615	84.936384	8.125524	21.244712
19119		-1.400636	9.639063	0.891359	-0.006002	0.012653	-0.002136	-0.322021	-0.925049	0.762939	84.934358	8.123441	21.248409
19120		-1.416770	9.643280	0.922032	-0.002050	0.008341	-0.004263	-0.326416	-0.923096	0.762207	84.933434	8.124742	21.249206
19121		-1.417189	9.643209	0.922134	-0.002458	0.007835	-0.002882	-0.322266	-0.927490	0.765381	84.933041	8.122842	21.250087
19122		-1.404476	9.604837	0.934435	-0.002050	0.008341	-0.004263	-0.322266	-0.926514	0.761475	84.932114	8.124122	21.250886
19123		-1.410169	9.676685	0.921563	-0.000753	0.011176	-0.002836	-0.320313	-0.916504	0.764160	84.932971	8.122364	21.253695
19124		-1.423593	9.643429	0.880251	-0.001161	0.005669	-0.001617	-0.323975	-0.926025	0.764648	84.932351	8.121977	21.253089
19125		-1.397596	9.638285	0.933953	-0.006004	0.012654	-0.002137	-0.318359	-0.923584	0.766113	84.930324	8.119895	21.256786
19126		-1.410945	9.676523	0.922070	-0.003138	0.005325	-0.000635	-0.326904	-0.927002	0.757813	84.928551	8.118908	21.256033
19127		-1.415109	9.623897	0.908173	-0.005868	0.011156	-0.002651	-0.316895	-0.927002	0.767578	84.926476	8.117044	21.258841
19128		-1.428478	9.662113	0.896504	-0.008254	0.010305	-0.000288	-0.327393	-0.924316	0.757080	84.922180	8.116090	21.260979
19129		-1.407549	9.657349	0.908720	-0.008526	0.008301	0.000578	-0.321289	-0.927490	0.770508	84.918373	8.112239	21.262306
19130		-1.424641	9.643016	0.883078	-0.010095	0.008463	0.000179	-0.322998	-0.926758	0.763428	84.912876	8.110905	21.263408
19131		-1.411591	9.604614	0.896195	-0.011665	0.008625	-0.000220	-0.329102	-0.926025	0.757813	84.907292	8.107526	21.264882
19132		-1.396018	9.671729	0.895811	-0.009551	0.007472	-0.001715	-0.313232	-0.926025	0.761719	84.902016	8.107204	21.265317
19133		-1.436950	9.628029	0.901262	-0.009415	0.005974	-0.002230	-0.324219	-0.922363	0.769531	84.897490	8.104838	21.265161
19134		-1.387465	9.652124	0.924478	-0.008872	0.009985	-0.003961	-0.324219	-0.931641	0.766846	84.892795	8.105906	21.266931
19135		-1.399715	9.637299	0.940927	-0.012417	0.004801	-0.003542	-0.320801	-0.933350	0.766113	84.886444	8.104228	21.266030
19136		-1.405353	9.637567	0.900064	-0.012282	0.008305	-0.003893	-0.319580	-0.931396	0.763672	84.879656	8.105150	21.266837
19137		-1.412318	9.622307	0.958490	-0.009416	0.005975	-0.002230	-0.317383	-0.921631	0.762939	84.875130	8.102783	21.266681
19138		-1.400766	9.636873	0.943724	-0.007711	0.004315	-0.002346	-0.320557	-0.932129	0.761719	84.870646	8.102597	21.265269
19139		-1.385303	9.632512	0.913966	-0.007439	0.006320	-0.003211	-0.314697	-0.921631	0.764160	84.867273	8.100808	21.265262
19140		-1.401520	9.636647	0.944914	-0.005325	0.005168	-0.004706	-0.315186	-0.926758	0.769531	84.864207	8.101991	21.264221
19141		-1.411074	9.655911	0.918484	-0.009417	0.005976	-0.002230	-0.314697	-0.926514	0.762939	84.859680	8.099624	21.264066
19142		-1.402276	9.636413	0.946175	-0.005462	0.006666	-0.004191	-0.320557	-0.929199	0.762207	84.856659	8.100570	21.263915
19143		-1.402623	9.636315	0.946658	-0.006142	0.004153	-0.001947	-0.316650	-0.927002	0.763672	84.853862	8.097948	21.262725
19144		-1.408222	9.636669	0.905190	-0.005051	0.002173	-0.005736	-0.317627	-0.932617	0.761719	84.850696	8.099524	21.259907
19145		-1.391636	9.650786	0.932148	-0.005868	0.001157	-0.002977	-0.315918	-0.924072	0.760254	84.847806	8.097336	21.256937
19146		-1.409114	9.636430	0.906340	-0.008327	0.003995	-0.006020	-0.328613	-0.924072	0.760742	84.842910	8.099146	21.255155
19147		-1.404321	9.635843	0.948939	-0.006280	0.005651	-0.001431	-0.322998	-0.928955	0.768311	84.840160	8.096307	21.254856
19148		-1.377096	9.646182	0.903768	-0.010031	0.000655	-0.006070	-0.322998	-0.935303	0.758057	84.834016	8.097955	21.251148
19149		-1.393424	9.650253	0.934984	-0.007029	0.001828	-0.004756	-0.321289	-0.926514	0.766602	84.830502	8.096816	21.248472
19150		-1.393766	9.650122	0.935825	-0.011260	0.004132	-0.001765	-0.320313	-0.922363	0.760010	84.823968	8.096164	21.246993
19151		-1.411017	9.635786	0.910215	-0.007713	0.004316	-0.002345	-0.324463	-0.925781	0.756348	84.820282	8.093777	21.245877
19152		-1.402091	9.616262	0.938190	-0.012967	0.005793	-0.001648	-0.318848	-0.926270	0.760986	84.812907	8.093125	21.245365
19153		-1.373524	9.645023	0.950378	-0.014404	0.009460	-0.002396	-0.325928	-0.927246	0.769043	84.805805	8.091034	21.247212
19154		-1.382986	9.664272	0.924517	-0.012835	0.009297	-0.001997	-0.327393	-0.928711	0.750977	84.798785	8.090741	21.248700
19155		-1.403041	9.615784	0.941665	-0.012151	0.006811	-0.004408	-0.318359	-0.926758	0.765381	84.792743	8.089661	21.248916
19156		-1.395589	9.649263	0.941946	-0.007718	0.009319	-0.002177	-0.329102	-0.926270	0.758301	84.788656	8.089453	21.250411
19157		-1.375095	9.644433	0.954085	-0.006488	0.005843	-0.006484	-0.320557	-0.928955	0.764648	84.785766	8.089506	21.249959
19158		-1.408644	9.634295	0.958206	0.000608	0.006210	-0.007644	-0.315918	-0.927979	0.761475	84.786154	8.092234	21.249375
19159		-1.397466	9.648901	0.942873	-0.005327	0.005172	-0.004705	-0.324463	-0.931885	0.758789	84.783887	8.091238	21.248630
19160		-1.377120	9.644084	0.954690	-0.001095	0.002869	-0.007696	-0.321533	-0.927734	0.763916	84.783026	8.093803	21.246118
19161		-1.398787	9.648670	0.943283	-0.003349	0.005518	-0.005684	-0.323730	-0.926758	0.756348	84.781914	8.093384	21.245521
19162		-1.392751	9.663764	0.886339	-0.008191	0.002501	-0.006537	-0.324951	-0.928955	0.757813	84.776963	8.095248	21.242861
19163		-1.404221	9.667244	0.959423	-0.007235	0.002022	-0.009811	-0.323242	-0.928955	0.764160	84.773310	8.097000	21.240032
19164		-1.406226	9.648680	0.903139	-0.006351	0.004346	-0.007000	-0.319580	-0.934082	0.763916	84.769562	8.099206	21.238410
19165		-1.413633	9.633248	0.961386	-0.011193	0.001329	-0.007853	-0.318115	-0.928955	0.764648	84.763600	8.099804	21.235285
19166		-1.402482	9.647752	0.947170	-0.015150	0.000635	-0.005894	-0.322021	-0.930176	0.764160	84.754519	8.101168	21.231579
19167		-1.391214	9.662268	0.933080	-0.013581	0.000473	-0.005494	-0.323730	-0.928223	0.762451	84.747136	8.100375	21.228085
19168		-1.403415	9.647349	0.949894	-0.014537	0.000952	-0.002220	-0.329590	-0.922607	0.755127	84.738459	8.099639	21.224768
19169		-1.382794	9.642466	0.962800	-0.013720	0.001972	-0.004978	-0.328857	-0.921875	0.757080	84.731122	8.098629	21.222165
19170		-1.367571	9.638104	0.933675	-0.013035	-0.000513	-0.007390	-0.325195	-0.931885	0.762451	84.723147	8.100745	21.217729
19171		-1.368307	9.637894	0.934766	-0.009486	-0.000328	-0.007969	-0.322754	-0.936523	0.765381	84.718026	8.101321	21.213642
19172		-1.380830	9.622982	0.950921	-0.004777	-0.000815	-0.006770	-0.325684	-0.933350	0.758545	84.714764	8.103044	21.209060
19173		-1.385701	9.641719	0.966093	-0.000141	0.002397	-0.010969	-0.322021	-0.928223	0.766602	84.715197	8.105474	21.206383
19174		-1.382526	9.622719	0.951118	0.000065	0.002202	-0.005916	-0.314941	-0.924561	0.761963	84.714958	8.106849	21.203590
19175		-1.396300	9.660953	0.939078	-0.001644	0.003862	-0.005798	-0.323486	-0.929199	0.765381	84.714687	8.106407	21.202033
19176		-1.388886	9.623083	0.909364	-0.003214	0.004024	-0.006198	-0.319092	-0.923340	0.756348	84.712716	8.108020	21.200274
19177		-1.388295	9.641307	0.966481	-0.002053	0.003352	-0.004420	-0.319580	-0.921143	0.760986	84.712179	8.106764	21.198496
19178		-1.409671	9.645917	0.955162	-0.004171	0.004502	-0.002924	-0.323975	-0.926514	0.766113	84.709725	8.106516	21.197194
19179		-1.373043	9.637025	0.936781	-0.006697	0.005141	-0.000049	-0.323730	-0.927734	0.764404	84.706706	8.102861	21.196681
19180		-1.402311	9.679378	0.955725	-0.007172	0.003329	-0.004241	-0.314453	-0.921143	0.756592	84.702428	8.103283	21.194628
19181		-1.394693	9.641499	0.926466	-0.007311	0.004826	-0.003724	-0.321289	-0.922852	0.754150	84.699004	8.101708	21.193738
19182		-1.382272	9.674404	0.968773	-0.011752	0.007321	-0.005785	-0.319580	-0.926758	0.757080	84.692417	8.103206	21.193910
19183		-1.407755	9.626382	0.943762	-0.011066	0.004837	-0.008199	-0.319580	-0.926758	0.761963	84.686809	8.104184	21.192787
19184		-1.375724	9.636241	0.940907	-0.011475	0.004327	-0.006820	-0.321533	-0.929199	0.754883	84.680128	8.106096	21.191170
19185		-1.413225	9.644852	0.960639	-0.008195	0.002506	-0.006537	-0.323975	-0.930420	0.760254	84.675988	8.106001	21.188792
19186		-1.396825	9.658873	0.987939	-0.008883	0.004989	-0.004123	-0.315674	-0.927246	0.761230	84.670867	8.106393	21.187715
19187		-1.389139	9.621002	0.958828	-0.009292	0.004479	-0.002745	-0.318848	-0.926025	0.761475	84.666288	8.104240	21.186678
19188		-1.373700	9.616772	0.929174	-0.006895	0.000336	-0.005276	-0.326416	-0.921387	0.759766	84.661918	8.105024	21.182825
19189		-1.394040	9.639602	0.975185	-0.007313	0.004827	-0.003723	-0.327637	-0.922607	0.761719	84.658493	8.103447	21.181937
19190		-1.382805	9.654230	0.960349	-0.006217	0.002855	-0.007515	-0.326416	-0.930420	0.756348	84.654699	8.105624	21.179457
19191		-1.391083	9.620485	0.961189	-0.002742	0.005838	-0.002004	-0.325684	-0.929932	0.763184	84.653988	8.103121	21.179244
19192		-1.391367	9.620425	0.961379	-0.002463	0.002844	-0.003040	-0.324219	-0.922363	0.759766	84.652378	8.102727	21.176983
19193		-1.384050	9.653981	0.961064	-0.001646	0.003866	-0.005797	-0.324707	-0.923096	0.760498	84.652106	8.102282	21.175429
19194		-1.380556	9.635021	0.946301	-0.003625	0.003517	-0.004819	-0.318115	-0.922363	0.763184	84.649872	8.102922	21.173464
19195		-1.359979	9.630269	0.957945	0.000807	0.006025	-0.002582	-0.312256	-0.928955	0.767090	84.651205	8.100758	21.173327
19196		-1.397288	9.638967	0.976813	-0.003216	0.004029	-0.006197	-0.320068	-0.927490	0.754639	84.649237	8.102192	21.171566
19197		-1.386048	9.653666	0.961344	0.003205	0.001883	-0.005113	-0.326660	-0.932129	0.753906	84.651589	8.101251	21.168906
19198		-1.410262	9.624041	0.992023	0.000344	-0.000787	-0.006950	-0.318359	-0.921875	0.757324	84.651262	8.102840	21.164377
19199		-1.357147	9.629377	0.999581	0.003765	-0.004105	-0.007184	-0.323486	-0.926270	0.761963	84.653433	8.102761	21.158155
19200		-1.384001	9.634589	0.945675	0.004302	-0.000088	-0.008906	-0.327148	-0.934326	0.762451	84.655411	8.105486	21.153885
19201		-1.404727	9.657475	0.990401	0.009153	-0.002071	-0.008222	-0.326172	-0.930420	0.765625	84.660826	8.106108	21.148779
19202		-1.389554	9.653378	0.959170	0.008604	-0.001085	-0.006326	-0.320068	-0.931641	0.757324	84.665205	8.107294	21.144081
19203		-1.378269	9.668136	0.943191	0.003076	-0.001622	-0.004770	-0.331543	-0.923340	0.756348	84.667201	8.105971	21.139420
19204		-1.386763	9.634417	0.943372	0.003139	0.000585	-0.010685	-0.322021	-0.927734	0.755371	84.668553	8.109715	21.135463
19205		-1.387651	9.634291	0.943355	-0.002797	-0.000464	-0.007750	-0.319092	-0.928711	0.765869	84.667255	8.110154	21.131308
19206		-1.359625	9.663153	0.954583	0.000344	-0.000787	-0.006949	-0.315918	-0.929443	0.757080	84.666924	8.111678	21.126739
19207		-1.425948	9.642811	0.962331	-0.000819	-0.000114	-0.008728	-0.316895	-0.927979	0.765625	84.666780	8.112694	21.122734
19208		-1.368839	9.629289	0.955179	-0.001648	0.003865	-0.005797	-0.322021	-0.920654	0.764160	84.665694	8.113793	21.120901
19209		-1.390346	9.633872	0.943661	-0.000346	0.001696	-0.004536	-0.317139	-0.923096	0.764160	84.666001	8.112513	21.118164
19210		-1.404183	9.672099	0.931575	0.000471	0.002719	-0.007293	-0.318115	-0.920166	0.762939	84.666027	8.114386	21.115619
19211		-1.382477	9.614258	0.970443	0.002027	0.007560	-0.006718	-0.323242	-0.925049	0.763672	84.668153	8.114664	21.116144
19212		-1.396471	9.652469	0.958275	-0.001100	0.002880	-0.007693	-0.318848	-0.933594	0.754883	84.667290	8.116759	21.113673
19213		-1.372238	9.628836	0.954863	0.000879	0.003231	-0.008671	-0.319336	-0.926025	0.760498	84.668391	8.117921	21.111598
19214		-1.398087	9.652256	0.958066	0.002182	0.001061	-0.007410	-0.326904	-0.931396	0.758545	84.669261	8.119743	21.108096
19215		-1.387077	9.666973	0.942204	0.005857	0.004756	-0.008330	-0.322510	-0.931885	0.762207	84.673340	8.120791	21.106919
19216		-1.416685	9.637906	0.930477	0.006279	0.000265	-0.009883	-0.320801	-0.929443	0.762939	84.676477	8.123966	21.102839
19217		-1.379701	9.647386	0.968086	0.004301	-0.000085	-0.008905	-0.330811	-0.931152	0.759766	84.679266	8.125085	21.098840
19218		-1.401599	9.651934	0.956172	0.003012	-0.002918	-0.010340	-0.328125	-0.928955	0.760498	84.680270	8.128338	21.092889
19219		-1.402503	9.651818	0.956017	0.000893	-0.001772	-0.008845	-0.325195	-0.930908	0.770996	84.680969	8.129333	21.087922
19220		-1.366520	9.642979	0.937223	-0.000537	-0.003108	-0.009763	-0.326904	-0.930420	0.766846	84.679927	8.132233	21.081877
19221		-1.395137	9.632129	0.982939	0.002996	0.002085	-0.010167	-0.318115	-0.923096	0.764404	84.682136	8.134187	21.079062
19222		-1.401316	9.632587	0.940555	0.005115	0.000940	-0.011662	-0.320557	-0.921875	0.751709	84.684647	8.138369	21.075248
19223		-1.381278	9.627843	0.951846	0.000609	0.001222	-0.007811	-0.316895	-0.925781	0.763916	84.685436	8.138933	21.072062
19224		-1.379461	9.661956	0.909387	-0.001103	0.002879	-0.007694	-0.326416	-0.928223	0.760986	84.684574	8.140939	21.069596
19225		-1.419728	9.636299	0.970758	-0.002549	0.006546	-0.008438	-0.312012	-0.923828	0.759766	84.683982	8.142145	21.069444
19226		-1.376066	9.661124	0.951559	-0.000695	0.003392	-0.009072	-0.326660	-0.929688	0.763672	84.683387	8.144951	21.067184
19227		-1.409764	9.650811	0.955504	-0.002266	0.003552	-0.009473	-0.321777	-0.930664	0.758545	84.682706	8.146588	21.065251
19228		-1.364441	9.622596	0.963674	0.001471	0.008548	-0.004823	-0.326172	-0.935059	0.767334	84.683806	8.147229	21.066214
19229		-1.386057	9.627166	0.951737	0.003733	0.005906	-0.006835	-0.328857	-0.918701	0.760742	84.686773	8.147486	21.065779
19230		-1.390817	9.645939	0.966594	-0.003365	0.005522	-0.005682	-0.320801	-0.925049	0.761719	84.684849	8.148439	21.064944
19231		-1.379666	9.660635	0.951309	-0.001529	0.007371	-0.006142	-0.319092	-0.929443	0.759766	84.684926	8.148378	21.065391
19232		-1.388072	9.626876	0.951738	0.000591	0.006226	-0.007637	-0.321533	-0.926514	0.762207	84.685311	8.150469	21.064833
19233		-1.397942	9.646222	0.924514	0.001470	0.008548	-0.004823	-0.314697	-0.928467	0.760010	84.687213	8.149718	21.066030
19234		-1.389392	9.626733	0.951259	0.002162	0.006067	-0.007236	-0.319580	-0.926758	0.765869	84.688491	8.151559	21.065398
19235		-1.399208	9.646089	0.923989	0.001346	0.005043	-0.004479	-0.326172	-0.931885	0.757813	84.690038	8.150425	21.064592
19236		-1.406568	9.630627	0.981366	-0.002693	0.008043	-0.007922	-0.316895	-0.923828	0.760986	84.688693	8.152748	21.065118
19237		-1.395487	9.645360	0.965635	0.006588	0.008582	-0.004997	-0.319580	-0.927734	0.761475	84.693528	8.152098	21.066324
19238		-1.386937	9.625895	0.992205	0.000306	0.009221	-0.006603	-0.319824	-0.927979	0.759033	84.694006	8.153718	21.067534
19239		-1.380979	9.641186	0.934473	0.003854	0.009414	-0.007178	-0.326904	-0.930664	0.757813	84.697327	8.154356	21.069103
19240		-1.381735	9.641099	0.934252	-0.001245	0.004377	-0.007177	-0.322998	-0.933105	0.767334	84.696513	8.156032	21.067632
19241		-1.394253	9.626181	0.949736	-0.001245	0.004377	-0.007177	-0.318848	-0.917236	0.769287	84.696501	8.156403	21.066298
19242		-1.404269	9.645466	0.922816	-0.002408	0.005049	-0.008957	-0.319336	-0.918701	0.758301	84.695067	8.159116	21.064913
19243		-1.367089	9.655009	0.961058	-0.000633	0.004691	-0.003502	-0.320801	-0.932373	0.755615	84.695458	8.157407	21.063956
19244		-1.388823	9.659492	0.949585	-0.003428	0.004224	-0.011254	-0.317383	-0.921143	0.759766	84.693354	8.161372	21.062142
19245		-1.381380	9.621644	0.919906	-0.001775	0.000359	-0.005455	-0.318359	-0.928711	0.763916	84.692723	8.160548	21.058584
19246		-1.381199	9.639799	0.977144	-0.005693	0.006865	-0.009243	-0.324951	-0.926025	0.750977	84.689556	8.163492	21.058277
19247		-1.414719	9.629447	0.981229	-0.001797	0.005363	-0.005282	-0.319580	-0.930420	0.764648	84.689322	8.162833	21.057613
19248		-1.403539	9.644150	0.966058	-0.004938	0.005681	-0.006085	-0.316162	-0.920410	0.759766	84.686511	8.163900	21.056917
19249		-1.388216	9.639997	0.936008	-0.003511	0.007019	-0.005166	-0.317871	-0.935547	0.758545	84.685431	8.163264	21.057214
19250		-1.400621	9.625051	0.951817	-0.006509	0.005841	-0.006487	-0.327637	-0.922119	0.765137	84.681731	8.164557	21.056450
19251		-1.393488	9.658602	0.951798	-0.004183	0.004497	-0.002927	-0.319092	-0.927490	0.759766	84.680077	8.162509	21.055413
19252		-1.380591	9.620243	0.964164	-0.003512	0.007020	-0.005166	-0.312988	-0.925537	0.756104	84.678204	8.163096	21.055504
19253		-1.406265	9.643584	0.967738	-0.003656	0.008517	-0.004648	-0.320313	-0.928711	0.759766	84.677168	8.162244	21.056692
19254		-1.406871	9.643457	0.968127	-0.006510	0.005841	-0.006487	-0.324707	-0.928467	0.764893	84.673467	8.163513	21.055946
19255		-1.370600	9.634709	0.949780	-0.003368	0.005523	-0.005683	-0.325928	-0.930664	0.760254	84.672343	8.163092	21.055353
19256		-1.371213	9.634607	0.949925	-0.001678	0.008871	-0.005624	-0.318115	-0.924316	0.757324	84.671665	8.164014	21.056519
19257		-1.396990	9.657948	0.953301	-0.001534	0.007374	-0.006142	-0.320801	-0.926514	0.763184	84.671740	8.163953	21.056968
19258		-1.388432	9.638429	0.980404	-0.001654	0.003867	-0.005799	-0.319580	-0.931641	0.760010	84.670669	8.164695	21.055133
19259		-1.410210	9.642893	0.968887	-0.002146	0.007063	-0.009817	-0.324219	-0.924805	0.766357	84.670340	8.166715	21.055205
19260		-1.379233	9.634737	0.908156	0.000732	0.004735	-0.008152	-0.320068	-0.927734	0.759521	84.670685	8.168835	21.053746
19261		-1.375029	9.634045	0.950108	-0.000958	0.001387	-0.008212	-0.317627	-0.928223	0.764893	84.670584	8.169636	21.050633
19262		-1.396739	9.638510	0.938650	-0.003081	0.002529	-0.006719	-0.330566	-0.926514	0.757568	84.668578	8.170808	21.047915
19263		-1.401687	9.657214	0.953851	-0.002385	0.000049	-0.009132	-0.317871	-0.925537	0.757568	84.667543	8.172063	21.043981
19264		-1.381596	9.652479	0.965707	-0.002385	0.000049	-0.009132	-0.325439	-0.923828	0.763672	84.665718	8.174463	21.040074
19265		-1.378267	9.633497	0.950973	-0.002674	0.003043	-0.008096	-0.319580	-0.926758	0.769775	84.664770	8.175287	21.037922
19266		-1.378938	9.633375	0.951235	-0.003489	0.002016	-0.005341	-0.319824	-0.926758	0.761719	84.662505	8.175616	21.034971
19267		-1.412380	9.622983	0.955343	-0.004245	0.003202	-0.008499	-0.327393	-0.934326	0.770264	84.660666	8.176678	21.032888
19268		-1.396223	9.637122	0.982183	-0.002208	0.004852	-0.003903	-0.319824	-0.929199	0.760742	84.659375	8.176330	21.031728
19269		-1.380736	9.633054	0.951875	-0.000230	0.005207	-0.004878	-0.322998	-0.925049	0.752686	84.660029	8.175433	21.030996
19270		-1.406443	9.656403	0.955051	0.001604	0.007059	-0.005336	-0.325195	-0.922852	0.760010	84.661092	8.176006	21.031195
19271		-1.381757	9.632918	0.951772	-0.004042	0.002999	-0.003446	-0.324463	-0.931152	0.764160	84.659392	8.174174	21.029268
19272		-1.370558	9.647669	0.936480	0.000585	0.006235	-0.007634	-0.320801	-0.933594	0.762451	84.659789	8.176001	21.028786
19273		-1.420055	9.641280	0.970555	-0.001104	0.002886	-0.007694	-0.326904	-0.934570	0.761963	84.659731	8.176587	21.026564
19274		-1.388079	9.651427	0.966932	-0.002820	0.004541	-0.007579	-0.328369	-0.937500	0.767578	84.658036	8.178284	21.025042
19275		-1.384612	9.632458	0.952280	-0.004798	0.004185	-0.006604	-0.325928	-0.928223	0.760254	84.655975	8.178317	21.023628
19276		-1.394387	9.651776	0.925427	-0.000376	0.006704	-0.004360	-0.322266	-0.930908	0.760986	84.655886	8.178279	21.023578
19277		-1.389958	9.651123	0.967265	0.001893	0.004067	-0.006371	-0.314697	-0.936279	0.761719	84.657651	8.178173	21.022109
19278		-1.386493	9.632179	0.952366	-0.004391	0.004699	-0.007982	-0.315674	-0.928955	0.764648	84.655071	8.180085	21.020584
19279		-1.379649	9.665716	0.952351	-0.004770	-0.000819	-0.006780	-0.321289	-0.936035	0.762939	84.652616	8.179951	21.016276
19280		-1.392152	9.650725	0.968084	-0.002675	0.003045	-0.008097	-0.322510	-0.929932	0.758301	84.650885	8.181825	21.013802
19281		-1.417211	9.602647	0.942147	-0.003228	0.004027	-0.006201	-0.316895	-0.927490	0.762207	84.649714	8.181620	21.012319
19282		-1.393447	9.650479	0.968669	-0.005352	0.005168	-0.004709	-0.324951	-0.927734	0.766113	84.646652	8.181663	21.011404
19283		-1.377981	9.646407	0.938591	-0.001949	0.006863	-0.004763	-0.314209	-0.922607	0.765137	84.646459	8.180788	21.011633
19284		-1.411340	9.636005	0.942515	-0.002937	0.001034	-0.007237	-0.317871	-0.929443	0.762939	84.644428	8.182039	21.008061
19285		-1.358308	9.641641	0.950429	0.001892	0.004068	-0.006370	-0.325928	-0.925781	0.756592	84.646193	8.181932	21.006593
19286		-1.412011	9.654034	0.999402	-0.000667	-0.001603	-0.009248	-0.312256	-0.922119	0.753174	84.645228	8.184177	21.001662
19287		-1.369127	9.660834	0.923375	-0.000989	0.006395	-0.008036	-0.321289	-0.929199	0.760498	84.645520	8.185145	21.001445
19288		-1.393433	9.631006	0.954100	0.000320	0.004227	-0.006773	-0.317871	-0.928223	0.761719	84.645619	8.186281	20.999850
19289		-1.378100	9.626957	0.923660	0.000028	0.007220	-0.005737	-0.313965	-0.929688	0.765381	84.646580	8.185982	21.000232
19290		-1.410721	9.634800	0.984246	0.000174	0.005724	-0.006255	-0.328857	-0.929199	0.767090	84.646724	8.186894	20.999233
19291		-1.374486	9.626193	0.965431	0.000581	0.006238	-0.007633	-0.316650	-0.926025	0.763428	84.647906	8.187624	20.998947
19292		-1.388513	9.664357	0.953257	-0.000673	0.009700	-0.003324	-0.320801	-0.929932	0.755615	84.647916	8.187060	21.000733
19293		-1.413193	9.616346	0.926958	0.001076	0.003041	-0.003615	-0.323242	-0.932617	0.757324	84.649150	8.185326	20.998821
19294		-1.356800	9.674537	0.949427	-0.002561	0.006554	-0.008439	-0.319336	-0.923096	0.763672	84.647774	8.187507	20.998793
19295		-1.397739	9.630437	0.953547	0.001190	0.006549	-0.003956	-0.321289	-0.924561	0.766113	84.649359	8.186156	20.998884
19296		-1.386589	9.645224	0.938067	-0.001137	0.007893	-0.007518	-0.322021	-0.933105	0.761719	84.648934	8.187865	20.999222
19297		-1.415101	9.634196	0.983872	-0.003262	0.009033	-0.006026	-0.323486	-0.921875	0.761963	84.648156	8.187827	21.000633
19298		-1.399777	9.630123	0.953728	-0.003115	0.007536	-0.006544	-0.321045	-0.928711	0.758789	84.646567	8.188954	21.001087
19299		-1.376710	9.659769	0.923244	-0.004485	0.007489	-0.001894	-0.323486	-0.933350	0.764648	84.644993	8.186477	21.001831
19300		-1.425946	9.653277	0.957730	-0.006371	0.004343	-0.007010	-0.323730	-0.929199	0.757080	84.641271	8.187693	21.000335
19301		-1.380512	9.625205	0.966680	-0.008123	0.011002	-0.006719	-0.325439	-0.920898	0.757813	84.637865	8.188156	21.002844
19302		-1.401982	9.629616	0.955605	-0.006023	0.002641	-0.002474	-0.321533	-0.932617	0.759033	84.634246	8.186676	21.000986
19303		-1.390556	9.644394	0.940725	-0.005649	0.008161	-0.003675	-0.316406	-0.929443	0.753906	84.632047	8.185250	21.002022
19304		-1.369989	9.639760	0.952744	-0.004226	0.009501	-0.002753	-0.322998	-0.920166	0.757324	84.630009	8.184300	21.003603
19305		-1.424057	9.633885	0.945053	-0.004079	0.008004	-0.003271	-0.325684	-0.918457	0.773926	84.628700	8.182636	21.004571
19306		-1.394255	9.609840	0.984055	-0.004339	0.005993	-0.002412	-0.321533	-0.926758	0.759766	84.626339	8.181277	21.004206
19307		-1.371006	9.639534	0.953566	-0.002655	0.009344	-0.002349	-0.322266	-0.928711	0.759521	84.625962	8.179159	21.005996
19308		-1.408514	9.647900	0.972561	-0.006371	0.004344	-0.007011	-0.317627	-0.928711	0.760986	84.622247	8.180337	21.004452
19309		-1.395904	9.609517	0.984875	-0.000730	0.008412	-0.008893	-0.326172	-0.927246	0.755371	84.622846	8.181902	21.005350
19310		-1.388979	9.643127	0.984483	-0.001051	0.004182	-0.002122	-0.323730	-0.925293	0.754395	84.622204	8.180274	21.004008
19311		-1.398513	9.662483	0.957624	-0.003785	0.005011	-0.004307	-0.322021	-0.927734	0.763184	84.620809	8.179041	21.003195
19312		-1.399018	9.662366	0.958069	-0.006927	0.005326	-0.005116	-0.325684	-0.923096	0.765869	84.616873	8.179170	21.002363
19313		-1.395246	9.643424	0.943722	-0.007187	0.003314	-0.004257	-0.316895	-0.933105	0.759277	84.613390	8.177817	21.000574
19314		-1.395719	9.643302	0.944268	-0.005356	0.005169	-0.004712	-0.320313	-0.926270	0.760254	84.610347	8.177700	20.999460
19315		-1.386903	9.623783	0.971676	-0.004637	0.008987	-0.001375	-0.322510	-0.932129	0.761230	84.608813	8.175008	21.001098
19316		-1.405052	9.680720	0.975024	-0.006668	0.007339	-0.005975	-0.321289	-0.927002	0.754395	84.605186	8.175720	21.001257
19317		-1.387995	9.623538	0.972543	-0.004985	0.010691	-0.005910	-0.321045	-0.933594	0.757324	84.603557	8.175707	21.003630
19318		-1.409447	9.627969	0.961198	-0.004194	0.004497	-0.002930	-0.320313	-0.931152	0.761475	84.601135	8.174521	21.002497
19319		-1.381446	9.657011	0.973052	-0.008499	0.005484	-0.005521	-0.320313	-0.937500	0.758789	84.597069	8.174005	21.001891
19320		-1.398650	9.642604	0.947058	-0.007225	0.008320	-0.004079	-0.325439	-0.928223	0.763672	84.593212	8.173677	21.002613
19321		-1.389881	9.623056	0.974613	-0.005913	0.006151	-0.002816	-0.318604	-0.923340	0.755615	84.590704	8.171654	21.002538
19322		-1.378481	9.637856	0.959733	-0.005654	0.008164	-0.003674	-0.318359	-0.927002	0.760498	84.587754	8.171067	21.003397
19323		-1.371344	9.671466	0.959759	-0.004343	0.005994	-0.002412	-0.321777	-0.928711	0.760254	84.586135	8.168805	21.003254
19324		-1.411976	9.627289	0.964296	-0.008797	0.008478	-0.004484	-0.319580	-0.927490	0.758789	84.581402	8.168690	21.004037
19325		-1.379669	9.637527	0.961330	-0.007634	0.007805	-0.002702	-0.317871	-0.927490	0.765381	84.578044	8.166692	21.004922
19326		-1.396175	9.641310	0.992071	-0.003675	0.008524	-0.004646	-0.317627	-0.925049	0.758789	84.576252	8.166666	21.005509
19327		-1.401412	9.641861	0.950526	-0.008043	0.007289	-0.001326	-0.322021	-0.927490	0.753418	84.572628	8.163855	21.006172
19328		-1.396793	9.641107	0.993173	-0.007783	0.009302	-0.002184	-0.319824	-0.929688	0.759521	84.568562	8.162455	21.007880
19329		-1.376875	9.618309	0.948462	-0.006818	0.008839	-0.005456	-0.322021	-0.934082	0.755371	84.565735	8.162084	21.009210
19330		-1.409553	9.625923	1.009766	-0.008871	-0.000037	-0.004327	-0.324951	-0.930908	0.770264	84.560255	8.161399	21.005338
19331		-1.382062	9.636825	0.964917	-0.007448	0.001303	-0.003402	-0.318604	-0.929443	0.756836	84.556466	8.159447	21.002439
19332		-1.394271	9.621792	0.980808	-0.005358	0.005172	-0.004712	-0.317383	-0.934814	0.770020	84.553434	8.159252	21.001169
19333		-1.387280	9.655353	0.981169	-0.010481	0.005127	-0.004551	-0.319580	-0.925293	0.756348	84.548211	8.158163	21.000411
19334		-1.396846	9.674686	0.954798	-0.004196	0.004499	-0.002930	-0.331299	-0.926025	0.750977	84.545802	8.156912	20.998526
19335		-1.374673	9.616857	0.994480	-0.010183	0.002134	-0.005590	-0.318115	-0.920654	0.758301	84.540497	8.156252	20.995986
19336		-1.405307	9.640699	0.956540	-0.007079	0.006827	-0.004597	-0.328613	-0.928711	0.760254	84.536624	8.156048	20.996852
19337		-1.373018	9.650961	0.953540	-0.007488	0.006310	-0.003221	-0.319580	-0.928711	0.757324	84.533223	8.154265	20.996849
19338		-1.385158	9.635923	0.969481	-0.007637	0.007807	-0.002702	-0.318359	-0.930664	0.754639	84.529119	8.153038	20.997726
19339		-1.385438	9.635827	0.970027	-0.006365	0.010643	-0.001257	-0.322754	-0.928467	0.763428	84.526731	8.150371	21.000327
19340		-1.385777	9.635708	0.970727	-0.010632	0.006625	-0.004032	-0.320068	-0.927734	0.758545	84.520803	8.149838	21.000036
19341		-1.390408	9.654376	0.986348	-0.004794	0.010486	-0.000851	-0.317627	-0.942871	0.763428	84.519305	8.146932	21.002570
19342		-1.381934	9.616760	0.956771	-0.006625	0.008629	-0.000400	-0.321289	-0.930176	0.758789	84.515856	8.144438	21.003355
19343		-1.381670	9.634735	1.014421	-0.009210	0.007965	-0.003107	-0.326660	-0.928223	0.762207	84.511605	8.142680	21.004312
19344		-1.391766	9.636003	0.931095	-0.007080	0.006829	-0.004598	-0.328613	-0.925781	0.758057	84.507732	8.142456	21.004422
19345		-1.387362	9.635187	0.973635	-0.005918	0.006154	-0.002816	-0.327393	-0.931641	0.760498	84.505222	8.140433	21.004353
19346		-1.392045	9.653866	0.989020	-0.004087	0.008011	-0.003266	-0.327393	-0.933594	0.760010	84.503176	8.139501	21.005627
19347		-1.388234	9.635006	0.974180	-0.001699	0.008889	-0.005612	-0.318359	-0.929443	0.756836	84.503284	8.139223	21.006978
19348		-1.379733	9.615407	1.001475	-0.006672	0.007347	-0.005974	-0.321777	-0.927979	0.756836	84.499673	8.139805	21.007201
19349		-1.380176	9.615324	1.001659	0.000477	0.009036	-0.001528	-0.323486	-0.931396	0.762451	84.501071	8.137206	21.008864
19350		-1.389751	9.634771	0.974343	0.003424	0.008936	-0.005770	-0.318115	-0.931396	0.758057	84.503381	8.137748	21.009919
19351		-1.386001	9.615944	0.959090	-0.000236	0.005222	-0.004870	-0.322021	-0.931152	0.765381	84.504034	8.136846	21.009198
19352		-1.390970	9.634638	0.973920	0.002153	0.006100	-0.007216	-0.318604	-0.936768	0.752197	84.505372	8.138056	21.008154
19353		-1.363264	9.663742	0.985088	0.001744	0.005582	-0.005840	-0.325439	-0.929443	0.764160	84.507181	8.137726	21.007588
19354		-1.359656	9.644883	0.969970	-0.000991	0.006414	-0.008028	-0.319580	-0.928467	0.760010	84.506732	8.139408	21.007174
19355		-1.404964	9.619413	0.988847	-0.001249	0.004400	-0.007172	-0.323975	-0.923096	0.755127	84.506719	8.139773	21.005852
19356		-1.393878	9.634262	0.973477	0.002044	0.002590	-0.006879	-0.320801	-0.933105	0.754883	84.507724	8.140571	21.003376
19357		-1.366233	9.663374	0.984587	0.004024	0.002951	-0.007849	-0.328125	-0.932861	0.763672	84.510609	8.141243	21.001182
19358		-1.390957	9.615345	0.957915	0.000064	0.002229	-0.005910	-0.322998	-0.931641	0.757813	84.510443	8.141467	20.998668
19359		-1.384314	9.648935	0.957701	-0.001961	0.000585	-0.010514	-0.327637	-0.927490	0.761230	84.509685	8.143529	20.994964
19360		-1.397034	9.633849	0.973042	0.000924	-0.001743	-0.008845	-0.316406	-0.927246	0.759033	84.509678	8.145195	20.990109
19361		-1.376921	9.629217	0.984701	0.000773	-0.000246	-0.008325	-0.326660	-0.924561	0.765381	84.510436	8.145963	20.986047
19362		-1.377789	9.629103	0.984607	0.001182	0.000272	-0.009701	-0.316162	-0.924316	0.756836	84.510747	8.148222	20.981647
19363		-1.366800	9.643945	0.969252	0.000364	-0.000764	-0.006949	-0.322266	-0.927734	0.764404	84.511239	8.148178	20.977362
19364		-1.395552	9.632685	1.014893	-0.002113	0.002082	-0.009994	-0.318604	-0.934082	0.758789	84.509804	8.150699	20.973878
19365		-1.389552	9.648185	0.957671	-0.000435	0.005437	-0.009924	-0.317383	-0.927979	0.760986	84.510320	8.152691	20.973002
19366		-1.397702	9.614382	0.957765	0.002903	0.004910	-0.004057	-0.318604	-0.926025	0.750977	84.512020	8.151987	20.971410
19367		-1.374282	9.662268	0.984239	-0.004653	0.002698	-0.007129	-0.317871	-0.929932	0.755859	84.509918	8.152235	20.969110
19368		-1.370647	9.643369	0.969549	-0.002975	0.006053	-0.007059	-0.320068	-0.923340	0.760254	84.508320	8.153291	20.968798
19369		-1.350367	9.638754	0.981433	-0.001812	0.005379	-0.005277	-0.323242	-0.930176	0.760742	84.508079	8.152629	20.968145
19370		-1.404577	9.632714	0.973420	-0.003535	0.007032	-0.005163	-0.324219	-0.931396	0.761963	84.506276	8.152637	20.968205
19371		-1.388766	9.646858	1.000179	0.000985	0.006778	-0.008997	-0.325439	-0.925049	0.758789	84.507723	8.154174	20.968153
19372		-1.377733	9.661706	0.984929	-0.003536	0.007032	-0.005164	-0.323486	-0.931641	0.757324	84.505917	8.154172	20.968682
19373		-1.378278	9.661618	0.985027	-0.000241	0.005223	-0.004870	-0.319824	-0.923584	0.759521	84.506567	8.153269	20.967962
19374		-1.395312	9.647312	0.958093	0.002902	0.004911	-0.004056	-0.323975	-0.935791	0.761230	84.508281	8.152519	20.967041
19375		-1.365913	9.623268	0.996680	-0.000692	0.003423	-0.009068	-0.331055	-0.932129	0.760254	84.508492	8.153912	20.965051
19376		-1.387642	9.627657	0.984907	0.000319	0.004246	-0.006765	-0.327148	-0.928711	0.758545	84.508637	8.154662	20.964256
19377		-1.388335	9.627566	0.984817	0.000319	0.004246	-0.006765	-0.324219	-0.919678	0.756104	84.509513	8.154787	20.962868
19378		-1.398235	9.646939	0.957582	0.002251	0.009617	-0.007550	-0.317139	-0.933350	0.759521	84.511227	8.156256	20.965211
19379		-1.382589	9.661102	0.984054	0.001136	0.005283	-0.009517	-0.318604	-0.919922	0.755615	84.512634	8.158007	20.964268
19380		-1.367207	9.657226	0.953465	0.003262	0.010439	-0.005248	-0.317871	-0.932861	0.758057	84.514999	8.158231	20.965731
19381		-1.396131	9.627921	0.941856	-0.001461	-0.002622	-0.006501	-0.329834	-0.936523	0.760010	84.514295	8.157828	20.960401
19382		-1.392046	9.627115	0.983987	-0.001253	0.004402	-0.007173	-0.331055	-0.927002	0.754395	84.513545	8.158812	20.959224
19383		-1.397209	9.645756	0.999048	-0.000949	0.001409	-0.008212	-0.324707	-0.921875	0.756348	84.513451	8.159607	20.956121
19384		-1.369970	9.656821	0.953603	-0.001510	0.002387	-0.006317	-0.320557	-0.931152	0.760986	84.512431	8.159954	20.954798
19385		-1.394167	9.626774	0.984328	-0.003234	0.004039	-0.006204	-0.313965	-0.929932	0.766357	84.511259	8.159748	20.953322
19386		-1.371243	9.656597	0.954045	-0.003234	0.004039	-0.006204	-0.321289	-0.927246	0.756348	84.509375	8.160155	20.950401
19387		-1.395386	9.626553	0.984757	-0.001968	0.006876	-0.004757	-0.320557	-0.925049	0.762939	84.509171	8.159279	20.950640
19388		-1.370608	9.603206	0.981785	-0.005062	0.002179	-0.005756	-0.324219	-0.931885	0.760254	84.506103	8.159302	20.947772
19389		-1.389190	9.660031	0.985266	-0.006531	0.005846	-0.006499	-0.319824	-0.929199	0.762939	84.503187	8.159363	20.947320
19390		-1.376212	9.621702	0.997635	-0.002071	0.003365	-0.004421	-0.322021	-0.922852	0.753418	84.501930	8.158689	20.945207
19391		-1.390741	9.641764	0.928685	-0.000999	0.006419	-0.008028	-0.319336	-0.927734	0.753662	84.502218	8.159653	20.945001
19392		-1.377510	9.621492	0.997867	-0.003796	0.005017	-0.004309	-0.313232	-0.929443	0.759521	84.500114	8.158992	20.944401
19393		-1.370617	9.655141	0.997726	-0.000397	0.006722	-0.004349	-0.320801	-0.927246	0.767578	84.500800	8.157875	20.944573
19394		-1.371460	9.637013	0.940807	-0.003541	0.007032	-0.005164	-0.321533	-0.930176	0.761475	84.499005	8.157820	20.943646
19395		-1.383812	9.621951	0.956064	0.001583	0.007086	-0.005317	-0.316650	-0.928223	0.760742	84.500848	8.157274	20.943974
19396		-1.379519	9.621188	0.998016	-0.002837	0.010847	-0.001822	-0.329102	-0.920410	0.758301	84.499793	8.155511	20.946030
19397		-1.368169	9.636114	0.982696	0.001583	0.007086	-0.005317	-0.323242	-0.929443	0.767578	84.501636	8.154966	20.946358
19398		-1.389753	9.640490	0.970983	-0.004704	0.007707	-0.006948	-0.323486	-0.927490	0.759277	84.499235	8.155922	20.947153
19399		-1.386051	9.621617	0.956184	-0.001408	0.005901	-0.006652	-0.322754	-0.933350	0.759766	84.499258	8.156073	20.946724
19400		-1.374594	9.654545	0.998020	-0.001970	0.006878	-0.004757	-0.316162	-0.923828	0.757568	84.498348	8.155747	20.947034
19401		-1.386922	9.639472	1.013371	-0.001816	0.005381	-0.005277	-0.321777	-0.926758	0.759277	84.498105	8.155086	20.946383
19402		-1.384802	9.673830	0.971195	-0.002124	0.008374	-0.004237	-0.322510	-0.930420	0.762695	84.497244	8.154540	20.947063
19403		-1.383605	9.620529	0.998714	-0.004806	0.004195	-0.006613	-0.323486	-0.931152	0.756348	84.495180	8.154575	20.945654
19404		-1.372470	9.635416	0.983544	0.001735	0.005591	-0.005836	-0.329346	-0.930908	0.763184	84.496277	8.154783	20.945147
19405		-1.373080	9.635329	0.983547	-0.003389	0.005537	-0.005685	-0.320313	-0.921631	0.763184	84.495142	8.154363	20.944563
19406		-1.394634	9.639680	0.972032	-0.003081	0.002544	-0.006725	-0.317871	-0.932617	0.754883	84.493251	8.154888	20.942164
19407		-1.369959	9.616326	0.969244	-0.006326	-0.000659	-0.007207	-0.323486	-0.934570	0.756836	84.489915	8.154995	20.937926
19408		-1.391320	9.638666	1.015006	-0.004653	0.002699	-0.007133	-0.324463	-0.933350	0.758301	84.487086	8.155783	20.935673
19409		-1.371332	9.616045	0.970091	-0.003236	0.004041	-0.006205	-0.319824	-0.930176	0.759521	84.485913	8.155577	20.934198
19410		-1.392613	9.638433	1.015448	0.000062	0.002235	-0.005909	-0.319824	-0.923584	0.759033	84.485775	8.155626	20.931666
19411		-1.381408	9.653351	1.000164	-0.000092	0.003731	-0.005389	-0.319336	-0.930664	0.760254	84.486384	8.154937	20.930058
19412		-1.365846	9.649511	0.969931	-0.001101	0.002910	-0.007692	-0.326172	-0.935791	0.756592	84.485637	8.156032	20.927284
19413		-1.383000	9.635119	0.943313	-0.003390	0.005537	-0.005685	-0.328613	-0.929688	0.752441	84.484501	8.155611	20.926700
19414		-1.383497	9.653028	1.000395	0.000879	0.003275	-0.008659	-0.325195	-0.930908	0.754395	84.484887	8.157260	20.926123
19415		-1.388936	9.653633	0.958438	-0.003236	0.004041	-0.006205	-0.326416	-0.934814	0.760498	84.483713	8.157053	20.924648
19416		-1.380397	9.634070	0.985634	-0.001819	0.005383	-0.005277	-0.314453	-0.929443	0.761475	84.482760	8.156888	20.924780
19417		-1.406349	9.657170	0.988963	-0.001665	0.003886	-0.005797	-0.322021	-0.920898	0.764404	84.482477	8.156441	20.923239
19418		-1.369847	9.648879	0.970580	-0.001411	0.005903	-0.006652	-0.326172	-0.925781	0.761719	84.481832	8.157090	20.921455
19419		-1.377921	9.615009	0.971022	-0.004400	0.004716	-0.007989	-0.317139	-0.926514	0.761719	84.480032	8.157938	20.920269
19420		-1.371214	9.648663	0.970791	0.002741	0.006416	-0.003531	-0.320801	-0.934326	0.761963	84.481829	8.156821	20.919839
19421		-1.404332	9.638069	0.974039	-0.000557	0.008222	-0.003828	-0.325684	-0.926270	0.761719	84.482550	8.155489	20.920905
19422		-1.358590	9.610367	0.982455	0.001887	0.004098	-0.006355	-0.320801	-0.924072	0.764893	84.483630	8.155854	20.919306
19423		-1.384617	9.633496	0.985327	0.003403	0.008954	-0.005760	-0.319824	-0.929443	0.756104	84.486665	8.155665	20.920686
19424		-1.369032	9.629710	0.954715	0.001831	0.009108	-0.006169	-0.312744	-0.923584	0.764404	84.488133	8.156196	20.921532
19425		-1.385921	9.633357	0.984852	-0.001665	0.003887	-0.005797	-0.315430	-0.932129	0.755859	84.487851	8.155748	20.919991
19426		-1.395661	9.652730	0.957760	0.001732	0.005595	-0.005834	-0.323242	-0.924561	0.764648	84.488966	8.155914	20.917619
19427		-1.361717	9.610055	0.981182	0.004876	0.005287	-0.005017	-0.329102	-0.923828	0.758545	84.492551	8.155099	20.916928
19428		-1.383309	9.614434	0.969052	0.000724	0.004774	-0.008139	-0.333008	-0.927734	0.763916	84.493041	8.156473	20.916345
19429		-1.376721	9.648086	0.968731	0.000062	0.002236	-0.005909	-0.323486	-0.925537	0.764893	84.493611	8.155999	20.913846
19430		-1.382035	9.648704	0.926719	-0.001257	0.004407	-0.007173	-0.324951	-0.930176	0.764648	84.492943	8.156798	20.913141
19431		-1.369031	9.628442	0.995660	0.002451	0.003124	-0.008250	-0.316650	-0.933594	0.760254	84.494936	8.157708	20.911024
19432		-1.378940	9.647805	0.968380	0.002198	0.001107	-0.007395	-0.318115	-0.930908	0.766357	84.495937	8.158489	20.907119
19433		-1.407814	9.636397	1.013811	-0.002265	0.003585	-0.009477	-0.320801	-0.930908	0.757813	84.495257	8.160123	20.905200
19434		-1.376108	9.628832	0.953394	0.000314	0.004254	-0.006764	-0.324707	-0.928467	0.764893	84.495444	8.160714	20.902985
19435		-1.367773	9.609268	0.980459	-0.002421	0.005082	-0.008957	-0.322754	-0.936279	0.761963	84.494800	8.162134	20.901957
19436		-1.389517	9.613577	0.968669	0.000410	0.007768	-0.007098	-0.318604	-0.930176	0.753906	84.495333	8.163090	20.902497
19437		-1.371074	9.662257	0.953211	-0.002075	0.003366	-0.004423	-0.314209	-0.926514	0.763916	84.494783	8.161830	20.900732
19438		-1.378878	9.646416	1.010620	-0.002578	0.006579	-0.008437	-0.326416	-0.928955	0.757324	84.493496	8.163494	20.899635
